dataset_row,true_project_label,predicted_project_label,confidence,p_1_native_advertising,p_2_news_satire,p_3_propaganda,p_4_manipulation,p_5_news_parody,p_6_fabrication
0,1,1,0.9979693734180048,0.9979693734180048,0.0003620704679418384,0.0003625474797440846,0.00040312450761964655,0.00032940196978460267,0.0005734821569050089
1,1,1,0.9978628847839424,0.9978628847839424,0.0003825782659349388,0.00038657483307442513,0.00042934902413460185,0.000342431772439758,0.0005961813204739652
2,1,1,0.9978493508121734,0.9978493508121734,0.00032186616043677115,0.0003419391015193613,0.00040856839270720085,0.00030778217651537734,0.0007704933566479367
3,5,5,0.996265671967442,0.00030293721964431606,0.0020569212893173858,0.0004919456948089096,0.0003221786634550472,0.996265671967442,0.0005603451653323833
4,6,6,0.9976962863236966,0.0005598126812202909,0.000494508861873269,0.0003975239202851347,0.0004530990269641976,0.00039876918596057646,0.9976962863236966
5,5,5,0.9964425288219061,0.00040071796517566983,0.0016634519514078974,0.000615220187459441,0.00034292686552898335,0.9964425288219061,0.0005351542085218651
7,1,1,0.9979032127504891,0.9979032127504891,0.0003601216983270537,0.0003852099826086269,0.0004482588535087218,0.0003280881641912395,0.0005751085508752489
8,2,2,0.9971715153769882,0.0003519841471753238,0.9971715153769882,0.0005589684221219847,0.0006008032548063628,0.0006968611394193428,0.0006198676594887597
9,4,4,0.9976091494346809,0.00045434819683692397,0.0004352293665311728,0.0005630055154980243,0.9976091494346809,0.0003110639843295539,0.0006272035021234689
10,4,4,0.9976657553229376,0.0004907281217141997,0.0004150904974568804,0.0005155743526246833,0.9976657553229376,0.0003169214445307008,0.0005959302607359772
11,4,4,0.9976670644183817,0.000482261961951087,0.0004460657611977029,0.0005100553339612482,0.9976670644183817,0.0003124306355227855,0.0005821218889854186
12,6,6,0.9976502090796704,0.0005235958976534421,0.0004918181817820666,0.00041496765458553766,0.0003898332663856222,0.0005295759199229744,0.9976502090796704
13,1,1,0.9979369478731035,0.9979369478731035,0.00031058449827698644,0.00032190117467268623,0.0003627930502171437,0.0003179801316056839,0.0007497932721239785
15,2,2,0.996987814813245,0.0003347072599369289,0.996987814813245,0.000560896542433326,0.0005993575383346408,0.0009483498869506066,0.0005688739590995201
16,2,2,0.9961145436140443,0.0005389619313589872,0.9961145436140443,0.0007342075491501756,0.0010153925335379091,0.0005956541005267396,0.001001240271381985
19,4,4,0.9976173982743891,0.0004671759843348087,0.00041942536001733784,0.0005391884924292684,0.9976173982743891,0.0003088884617687156,0.0006479234270607883
20,1,1,0.9980240562402983,0.9980240562402983,0.0003170388650788048,0.0003408500463638635,0.00039155534843664306,0.0002929394103674524,0.0006335600894549282
21,3,3,0.9978365211512988,0.00040385754347754593,0.000498059668145734,0.9978365211512988,0.0004042621449732197,0.0005379598599533128,0.000319339632151393
22,1,1,0.9971944620166543,0.9971944620166543,0.0003927940768343529,0.000361237897749686,0.00047390471036962535,0.0002749516133557256,0.0013026496850363483
24,5,5,0.9965886484390389,0.0003938548093778371,0.0010731356985172072,0.0008424299972823434,0.00031402876968175246,0.9965886484390389,0.0007879022861019822
25,4,4,0.99769710284403,0.0004732464083421255,0.00040074145816071616,0.0004920859589780632,0.99769710284403,0.00028778937036472515,0.0006490339601243484
26,4,4,0.997489596644978,0.00047835179073178443,0.0004804065214592385,0.000543977794690571,0.997489596644978,0.0003057911968726621,0.0007018760512677247
27,4,4,0.9975895325978129,0.00045985096972416293,0.0004417184381817589,0.0005772074587072349,0.9975895325978129,0.0002928657818690931,0.0006388247537049425
28,6,6,0.9976604445920322,0.0004715322501955441,0.0005224849106076301,0.0004684853700442114,0.00036173047772690187,0.0005153223993935381,0.9976604445920322
29,4,4,0.9976472870342794,0.0004977591175346886,0.00039643077864543456,0.0005059587730227253,0.9976472870342794,0.00028860693006120867,0.0006639573664566903
30,1,1,0.9979906984373602,0.9979906984373602,0.0003556012712974896,0.00035057279892872163,0.0003939068878209488,0.00029886585839942196,0.0006103547461932165
31,1,1,0.9979668974700181,0.9979668974700181,0.00036530103241591544,0.00038562749830932884,0.0004205301239663143,0.0003371017178853633,0.0005245421574050209
32,5,5,0.9966238894896639,0.000405822683264488,0.0012660238626621715,0.0006333579176730332,0.00036292811848202534,0.9966238894896639,0.0007079779282544039
34,5,5,0.9963698245634885,0.00038672575643512627,0.0014216375800967468,0.0007635195980373082,0.0003999292328032471,0.9963698245634885,0.0006583632691390441
38,6,6,0.9977378416323688,0.0005942086317330206,0.0004564524955878635,0.0003886332393737017,0.0004368989715207199,0.0003859650294159554,0.9977378416323688
40,4,4,0.997556928913561,0.0005156715072432325,0.00044355754107649017,0.0004910357549447812,0.997556928913561,0.0003098906030556704,0.0006829156801189271
41,2,2,0.9953950165125096,0.0004622985460461271,0.9953950165125096,0.0009054456631862513,0.0007396741230060204,0.0016306689757694967,0.0008668961794825046
43,4,4,0.9975944723219524,0.0005346510161922114,0.00040275486475237015,0.0005258429742390917,0.9975944723219524,0.0002927376355058317,0.0006495411873580363
44,5,5,0.9958698292910703,0.00039439659483783056,0.0016545975697582248,0.0004935588299823362,0.00033295432599238624,0.9958698292910703,0.0012546633883589997
46,5,5,0.9965052852749154,0.0004147395564366232,0.001181553471660109,0.0008821846896459126,0.00037747486993086344,0.9965052852749154,0.000638762137411082
48,1,1,0.9979422926354088,0.9979422926354088,0.0003664488991525038,0.00033161417440255196,0.00039826901996806055,0.00028834254004039513,0.0006730327310277443
49,1,1,0.9977379385321566,0.9977379385321566,0.0003372219690131275,0.00033790541430074003,0.0003864954551356364,0.00026927415458630796,0.0009311644748076193
50,2,2,0.9969597338934815,0.00030234905705306457,0.9969597338934815,0.0004589290984761509,0.000543505270380182,0.0010119301051767925,0.000723552575432398
51,4,4,0.9976509903807627,0.00047197923950210313,0.00043049941468334906,0.0005286363036871325,0.9976509903807627,0.0002962565482614063,0.0006216381131033804
52,6,6,0.996412392874883,0.0005592563184309907,0.0015035392927614571,0.000497831873238383,0.0005004184469024366,0.0005265611937837012,0.996412392874883
54,6,6,0.9893266426171146,0.000772652019629306,0.004477856424909226,0.0027544357707561455,0.0007558887363696956,0.0019125244312210804,0.9893266426171146
56,4,4,0.997604315767716,0.0005074985119239786,0.00043560931455708594,0.0005325810080509738,0.997604315767716,0.0003008561632146292,0.0006191392345372646
57,2,2,0.9970366994557561,0.00040887287631676255,0.9970366994557561,0.0006095482992098002,0.0006644777630872982,0.0006573930758186282,0.0006230085298114039
58,4,4,0.9974899221737705,0.0004875424167262022,0.00044535667671076034,0.0005283150784714308,0.9974899221737705,0.0003610789692209477,0.0006877846851000826
59,3,3,0.9977473182115575,0.00042244838848034405,0.0005360208276682051,0.9977473182115575,0.0004641668117550206,0.00047194222079407355,0.0003581035397449781
60,2,2,0.9970503755852891,0.0004253744067075431,0.9970503755852891,0.000570471391959757,0.0006451730152617697,0.0006397824032966534,0.0006688231974851848
62,2,2,0.9970905334491594,0.00028719859948906815,0.9970905334491594,0.00041977552111560623,0.0005247627078974666,0.0009773979694557137,0.0007003317528827059
63,4,4,0.9973871582990791,0.00047338826023941936,0.0004878493430960075,0.0006135787406190734,0.9973871582990791,0.0003545248932028743,0.0006835004637635212
66,2,2,0.9972061483662282,0.00037695116793633995,0.9972061483662282,0.0005044869036049237,0.0006206507818599677,0.0006562800444988586,0.0006354827358716559
67,6,6,0.997784492146228,0.0005625824788333295,0.0005087994184422673,0.0003642260915419018,0.0004167714825168742,0.00036312838243766774,0.997784492146228
68,4,4,0.9975979984592526,0.0004884257243711196,0.00039105132109656335,0.0005496742120691411,0.9975979984592526,0.00029916336824611006,0.0006736869149645463
69,5,5,0.9965606227121786,0.0003985162724314614,0.0011687425308070363,0.0006927265130776717,0.0003530594366761374,0.9965606227121786,0.0008263325348290951
70,3,3,0.997875170815154,0.0003822729758839598,0.00046692652720231267,0.997875170815154,0.00041827892370803943,0.0005303572752237488,0.0003269934828280124
71,2,2,0.9972049564763514,0.000395250872935001,0.9972049564763514,0.000519612631821301,0.0006040827260748333,0.000676253831181358,0.0005998434616361264
72,4,4,0.9975768010676637,0.0004479910837986807,0.0004294986258245824,0.0005400277592406688,0.9975768010676637,0.0003096314990414502,0.0006960499644309753
74,1,1,0.9848898946582552,0.9848898946582552,0.0006379411595194051,0.0005504402630741605,0.0007019126574918339,0.0005926049018309479,0.012627206359828443
76,2,2,0.9972286269663047,0.00034894922004779616,0.9972286269663047,0.0004785218080062345,0.000551388502613177,0.0007099820573510878,0.0006825314456771208
77,4,4,0.9976863484190288,0.0004635664924947397,0.0004211838081625586,0.0005201116822687628,0.9976863484190288,0.00029015959075689464,0.0006186300072882514
78,5,5,0.9965502611886456,0.00045067377254501945,0.0010818037610122128,0.0008569618727173272,0.00035584685164670855,0.9965502611886456,0.0007044525534330686
79,5,5,0.9965443240743912,0.0004188110273632622,0.0012053213122341544,0.0006962737691850923,0.0003922118719533562,0.9965443240743912,0.0007430579448729718
80,1,1,0.9977595231214452,0.9977595231214452,0.0003917128085283202,0.00044163762686759704,0.0004918854394600816,0.0004206352296877486,0.0004946057740111098
82,6,6,0.9972285714517606,0.0006540842061589649,0.0006622324638500298,0.0003711798667861271,0.00046694005544650123,0.0006169919559978476,0.9972285714517606
85,6,6,0.9970837369518322,0.0007723191041968363,0.0006068928714487849,0.00047435556826974125,0.000636775695433327,0.00042591980881916103,0.9970837369518322
86,1,1,0.9979068739039394,0.9979068739039394,0.000378342109893403,0.0003909709904079285,0.00042641494729036736,0.00035392769061850176,0.0005434703578503902
88,6,6,0.9973006665434656,0.0006775221432899368,0.0005596438322303512,0.00043370739825775775,0.0005314595669068351,0.000497000515849524,0.9973006665434656
89,4,4,0.9975557932892519,0.0005253669542701527,0.00041969871018930307,0.00054938809323426,0.9975557932892519,0.0003002654303084619,0.0006494875227459407
90,1,1,0.9979971423225539,0.9979971423225539,0.00032452033330750406,0.00035820464629598487,0.00040947582470914686,0.0003178768299917786,0.0005927800431416991
95,5,5,0.9965742570065299,0.0004070695617745662,0.0014109492404596202,0.0006008314512688956,0.0003741341546778977,0.9965742570065299,0.0006327585852891617
96,4,4,0.9975531968741798,0.0004887282979395988,0.0003916939824685216,0.000494262507205526,0.9975531968741798,0.0003080490284825364,0.0007640693097240355
97,6,6,0.9974371605893545,0.0008126304354135848,0.0005190136939905174,0.0003497947617232969,0.0004434311304910365,0.00043796938902712006,0.9974371605893545
98,4,4,0.9976338128953989,0.0005083917630384136,0.00040361957430609934,0.0005158470584415509,0.9976338128953989,0.00028364107074680767,0.0006546876380682985
99,6,6,0.9977234013187433,0.0005894179343809213,0.0005109244379207117,0.0003664223188872146,0.0004123159454410168,0.0003975180446268627,0.9977234013187433
101,6,6,0.9977252702505968,0.0005813502719802592,0.0005117077769188706,0.0004420149613365234,0.00036233574878681096,0.0003773209903807541,0.9977252702505968
102,5,5,0.9965237880198253,0.0003117894282185998,0.0015373137376637276,0.0005599641042745267,0.00032496220168343307,0.9965237880198253,0.0007421825083344136
105,2,2,0.9963654634355033,0.0004589104082332758,0.9963654634355033,0.0007170260324178624,0.0008209802618965873,0.0008835844078748409,0.0007540354540741933
106,2,2,0.997207722638477,0.0003781419284071262,0.997207722638477,0.0005327326421749233,0.0005979429693406604,0.0006822805648377625,0.0006011792567624677
107,4,4,0.9975341485259301,0.00048938055656829,0.0003944428032317247,0.0006620172804516799,0.9975341485259301,0.0003013288707391321,0.0006186819630791517
109,5,5,0.9965672215123371,0.0003924324882696871,0.0012016367065031093,0.0006690134573461579,0.0003516001063156611,0.9965672215123371,0.0008180957292283506
112,5,5,0.9967136882143968,0.0003712398498641559,0.0013077846051805704,0.0006486917394875617,0.0003306343921609932,0.9967136882143968,0.000627961198909927
113,6,6,0.9974536697412704,0.0006137136032568418,0.0005480501786464809,0.00041335811158352915,0.0005383522580826711,0.00043285610716012503,0.9974536697412704
115,4,4,0.9976152188303284,0.0004973336475505109,0.00042986552609034433,0.0005073032810954603,0.9976152188303284,0.0003015408294431237,0.0006487378854921837
116,5,5,0.9958328336319769,0.00043171835132609147,0.0015376035175338372,0.0007896154207647814,0.0003944979874270172,0.9958328336319769,0.0010137310909714148
117,2,2,0.9962414206774343,0.00032083828910554494,0.9962414206774343,0.0005122982977316464,0.0006391093294028619,0.0012167582392131758,0.001069575167112465
119,3,3,0.9973593232647162,0.0004939982848552077,0.0005664374355989643,0.9973593232647162,0.0004385661338872713,0.0006048802237142304,0.0005367946572281273
120,5,5,0.996327408832684,0.0003644914208459759,0.0015737330454574506,0.000483015934486655,0.0003184151355302547,0.996327408832684,0.0009329356309957087
123,6,6,0.9972008471073935,0.0008434883206108447,0.0005434640918436914,0.0004463384686589438,0.0005698551542750742,0.00039600685721787455,0.9972008471073935
125,4,4,0.9976820602239495,0.0004728222394085981,0.000403823317094852,0.0005411841953108989,0.9976820602239495,0.0002736730290415233,0.0006264369951946729
126,1,1,0.9978976674007861,0.9978976674007861,0.0003404700109219029,0.0003995762551139606,0.0004235060658172693,0.0003455291590891459,0.0005932511082716481
127,1,1,0.9971138237455869,0.9971138237455869,0.00039851773175199665,0.000508767086938494,0.0005030496976537616,0.00037512113334740263,0.0011007206047214683
128,5,5,0.9962768976672142,0.0004572251813171202,0.0011633939600047944,0.0010388196576181746,0.0003615451938642997,0.9962768976672142,0.0007021183399814616
129,2,2,0.9957202220069532,0.0004175304844469082,0.9957202220069532,0.0010092579904761353,0.000776350742191928,0.0009205428782951839,0.001156095897636591
130,2,2,0.9965601264490114,0.00023920325387012545,0.9965601264490114,0.00042076595200623884,0.000459477459761931,0.0017937114722994339,0.000526715413050856
132,1,1,0.9978957564798336,0.9978957564798336,0.0003531843095715335,0.00038077779782123096,0.0004392839207943147,0.0003606771783258902,0.00057032031365346
133,5,5,0.9961560036580013,0.0002765419102320306,0.001935780216693286,0.000514634111044694,0.00031891216741774603,0.9961560036580013,0.0007981279366109378
134,2,2,0.9971703248622646,0.00037399413743931844,0.9971703248622646,0.0005412957698803025,0.0005963936895690614,0.000690377472121042,0.0006276140687256017
135,3,3,0.9977251938137316,0.0004372043499173236,0.0005005564915364778,0.9977251938137316,0.0005078405982602884,0.00046632506074403894,0.00036287968581029986
136,3,3,0.9977021263142369,0.00047619923418394905,0.0005177747521903611,0.9977021263142369,0.00046255634874849697,0.0004489421305844637,0.0003924012200557536
137,3,3,0.9976215744968709,0.0004671383234164721,0.0005372585091553971,0.9976215744968709,0.0005552809415180462,0.0004203938127241315,0.0003983539163150329
138,6,6,0.9978221039815336,0.000599692073006072,0.0004193886157513745,0.00035691264912192155,0.000363584760050507,0.0004383179205365783,0.9978221039815336
141,3,3,0.9978209586728124,0.00043040260153897925,0.000467248166768846,0.9978209586728124,0.0003903330886416697,0.0005629782016205733,0.00032807926861754997
142,6,6,0.9976876830665361,0.0005622200470610782,0.0004769520532684891,0.00042991458867973977,0.00047120032154568007,0.00037202992290890594,0.9976876830665361
143,2,2,0.9969767257506315,0.0003554793921253236,0.9969767257506315,0.0005502764792932125,0.000603605639331315,0.0009704924814456444,0.0005434202571731584
146,3,3,0.9978187087379107,0.00044670663690145096,0.0004760385505825448,0.9978187087379107,0.000424345351718661,0.0005083650443340159,0.00032583567855264795
147,4,4,0.997506724757646,0.0005340276652185263,0.00045399166205794904,0.0004912109809629633,0.997506724757646,0.00030354548617608367,0.0007104994479384219
148,1,1,0.9976447432994496,0.9976447432994496,0.00035444317615901004,0.00045418894911440557,0.00046208598169185844,0.0004956064606343079,0.0005889321329508074
149,3,3,0.9978313222272024,0.0004035886045507321,0.0004781233336036626,0.9978313222272024,0.0004705352380312695,0.00048081933761268765,0.0003356112589992529
150,3,3,0.9971493448302972,0.00048378313510978566,0.0005632542532581068,0.9971493448302972,0.0009050946692625985,0.00045587387313839126,0.00044264923893397946
151,6,6,0.9973113763524506,0.0005813471639421808,0.0007898969522476405,0.00046616165095684847,0.0004819900314449977,0.0003692278489577278,0.9973113763524506
152,6,6,0.9970422167748936,0.0006419119167466005,0.0006401424038937648,0.0005768257997673848,0.0005520606524847141,0.000546842452213957,0.9970422167748936
153,4,4,0.9976178966615115,0.0005112112858797916,0.0004203449839298947,0.0005269069834622781,0.9976178966615115,0.0003072940518152824,0.0006163460334013367
154,3,3,0.9977678934068135,0.0004370606772294396,0.0004920537892093706,0.9977678934068135,0.0004706978647633352,0.0004811871759633554,0.0003511070860210902
159,3,3,0.9977887002030428,0.0004225934527728434,0.000509001971515891,0.9977887002030428,0.0004880209030404049,0.00045220203192631805,0.00033948143770159246
160,1,1,0.9968322493291398,0.9968322493291398,0.00040228847634648574,0.0003192473852387434,0.00040640719246216547,0.00025937800857499536,0.0017804296082377482
162,2,2,0.9970578066120684,0.0004142004896621504,0.9970578066120684,0.0005426259588617738,0.0006510067490845934,0.000668842855022857,0.0006655173353001711
163,6,6,0.9976427042659226,0.0006188563472309216,0.0005210147399354099,0.0003703414726379078,0.00044924646876120774,0.0003978367055119298,0.9976427042659226
164,1,1,0.9979529641034854,0.9979529641034854,0.0003304064534617408,0.00035126799236564316,0.00040710279033414845,0.0003347848629336582,0.0006234737974193565
166,3,3,0.9978399437620342,0.0004287166299039094,0.0004894629316160707,0.9978399437620342,0.0004115545955719789,0.0005148179562881458,0.0003155041245856929
167,6,6,0.9970715322186035,0.0007759163487549046,0.000691651385814537,0.000470035518737097,0.0005280628248209776,0.00046280170326898866,0.9970715322186035
168,1,1,0.9979512850428965,0.9979512850428965,0.00037565252378824376,0.00034667611117045313,0.00037974562811673475,0.00030517419627613956,0.0006414664977519109
169,3,3,0.9977957128170255,0.00043893504125903205,0.0005116994786003485,0.9977957128170255,0.00042679542597845845,0.00048835878837486,0.0003384984487618311
171,2,2,0.9972355603070711,0.0003599660574424183,0.9972355603070711,0.000518428957998456,0.0005646373407830323,0.0007003418034401702,0.0006210655332648603
172,6,6,0.9973051235981109,0.0007140211304774067,0.0005139827101802391,0.00046646712867507703,0.0005212258384470544,0.00047917959410935686,0.9973051235981109
173,2,2,0.9962759472302979,0.00033227789450551677,0.9962759472302979,0.0006519187888350787,0.0006242242227936908,0.0007896568637047983,0.001325974999863038
174,1,1,0.9980113511254951,0.9980113511254951,0.00034181706740669005,0.00035219578439100085,0.00040248612660339175,0.00030146268560565266,0.0005906872104981939
175,2,2,0.9971501020126528,0.00036338755287640916,0.9971501020126528,0.0004934758068424555,0.0006028426894119359,0.0007145293215653723,0.0006756626166511342
177,6,6,0.9953875841084843,0.0009549857065458385,0.0007189308311736336,0.0007096336710189679,0.001581310014611184,0.0006475556681661108,0.9953875841084843
178,1,1,0.9979460089896048,0.9979460089896048,0.00034108857287867096,0.00033332119766752257,0.0004026175583270591,0.00028068596379246833,0.0006962777177295386
179,3,3,0.9977942044196417,0.00042639852559318836,0.00045256304518953577,0.9977942044196417,0.0004348379383829477,0.0005615860871953468,0.00033040998399722917
180,3,3,0.9978422846767241,0.0004199848512331424,0.0004728636575571614,0.9978422846767241,0.00042529531061659756,0.0004798992464439449,0.00035967225742487835
181,1,1,0.9979751959104439,0.9979751959104439,0.00034507405654758634,0.0003423217363353537,0.0003906216978861339,0.00031368513804685077,0.0006331014607401848
185,2,2,0.9950424773897987,0.00031443930843407013,0.9950424773897987,0.0005192144486248324,0.0005907151119277813,0.0029450630381844317,0.0005880907030301998
186,1,1,0.9978607097491595,0.9978607097491595,0.00037025340907060754,0.0004135543833698869,0.00043542920286700296,0.00041667672992337797,0.0005033765256096657
187,3,3,0.9978471896531264,0.00041170225773403475,0.000498768461167202,0.9978471896531264,0.0004241958335346427,0.0004954555721788048,0.00032268822225899404
191,6,6,0.9975328133630612,0.0005285341010997763,0.0004305060876544001,0.0005009309814195185,0.0004036114133929759,0.0006036040533720879,0.9975328133630612
194,3,3,0.9977878001669155,0.0004556524649223864,0.00048261387421474244,0.9977878001669155,0.00046293587287593916,0.000466411714128436,0.0003445859069429931
195,1,1,0.99799825854859,0.99799825854859,0.0003231959969335731,0.00035187977412024673,0.0003684193658883131,0.00029425930743981916,0.0006639870070280732
197,3,3,0.9977035534863785,0.00047557157941922564,0.0004954581673993114,0.9977035534863785,0.0005185333126500495,0.00043297117022238527,0.00037391228393058733
198,1,1,0.9979423435042976,0.9979423435042976,0.00039000341790189146,0.0003328857270928943,0.00040793248260834875,0.00028074220082901493,0.0006460926672703892
199,3,3,0.9975829091352513,0.00047900873892338147,0.0005330441618347822,0.9975829091352513,0.0006050412173797756,0.0004151583693651467,0.0003848383772457143
200,5,5,0.9959781802249529,0.0004464979614658641,0.0016491508814357701,0.0005580314587115209,0.0003473787897153396,0.9959781802249529,0.0010207606837185775
202,1,1,0.9974785688653988,0.9974785688653988,0.0003375111636941231,0.00030804653233774926,0.00040720683577226267,0.00025838937188323935,0.0012102772309139447
204,1,1,0.9979326625236868,0.9979326625236868,0.0003805780232415113,0.0003750175043219392,0.0004213028333046531,0.00035701125778764037,0.0005334278576574547
209,5,5,0.9964235758782463,0.0004197164521056005,0.0014708289437963427,0.00069020341599896,0.0003593175908776043,0.9964235758782463,0.0006363577189752755
210,5,5,0.996583597416259,0.0003885232791156944,0.0013831316256032917,0.000655157385960752,0.0003549256711628653,0.996583597416259,0.000634664621898405
211,2,2,0.9971454710549865,0.00035872129851858685,0.9971454710549865,0.0005877093045631502,0.0005849620775990128,0.0007443078189846483,0.0005788284453481073
212,4,4,0.9975348577721053,0.0005478786769705341,0.00042510144850079043,0.0004859345724166891,0.9975348577721053,0.0002985479103169704,0.0007076796196898089
214,5,5,0.9964413131227606,0.0003557596385806698,0.0013856762206191132,0.0005864799654421417,0.0003368485805701621,0.9964413131227606,0.0008939224720272306
215,1,1,0.9979447834544897,0.9979447834544897,0.00036128514735773396,0.00035909447291081496,0.00040461344633311924,0.00028697765405445166,0.0006432458248540318
216,3,3,0.9978306194880616,0.0004274939413134268,0.00048225317285542873,0.9978306194880616,0.00040432953487743367,0.0005569523976815941,0.0002983514652105309
218,1,1,0.9978351104131771,0.9978351104131771,0.0003824162454435018,0.0004395627231045697,0.00045234492185162604,0.00038291054490528743,0.0005076551515179672
219,1,1,0.9965317123752638,0.9965317123752638,0.0004181298706591152,0.00035470928174569577,0.0004571282439476614,0.00030331820730772737,0.0019350020210757782
221,1,1,0.9977685455563692,0.9977685455563692,0.0003821165684804825,0.00045423923814930496,0.0004681997638820555,0.0004254890476377726,0.0005014098254811602
222,5,5,0.9966991906947045,0.0004207397731593285,0.0011599207486788735,0.0006768093691022755,0.0003489154750959184,0.9966991906947045,0.0006944239392591051
223,4,4,0.9976646509815372,0.0004759976991281303,0.000406755884852622,0.0005626635082730756,0.9976646509815372,0.0002829813589851719,0.0006069505672238129
224,3,3,0.9977992570498605,0.0004415154281960975,0.0004947367901438948,0.9977992570498605,0.00044022988285029676,0.0004981224970821052,0.0003261383518669016
225,4,4,0.9976529800740391,0.0004841029450875376,0.00043038082299934327,0.000507164762877468,0.9976529800740391,0.00030416379266574173,0.0006212076023307752
227,3,3,0.9978155732016353,0.0004243355133546263,0.0004931301058026379,0.9978155732016353,0.0004612488068281621,0.0004766923774015508,0.0003290199949777
228,6,6,0.9971833503964367,0.0008215605183941986,0.0006884410414498872,0.0003966689165216934,0.0004810137454048454,0.0004289653817926624,0.9971833503964367
229,5,5,0.9959092478739913,0.0004646229948464216,0.001962124902398846,0.000652252369380753,0.00039086841444177284,0.9959092478739913,0.0006208834449409002
231,5,5,0.996444700631509,0.0004663943817777311,0.0011819245517077762,0.0007342632007415287,0.00039207992916158685,0.996444700631509,0.0007806373051023263
232,5,5,0.9961486882034044,0.0003932190234086436,0.0017067229777688949,0.0005553048007725255,0.00033988008500983324,0.9961486882034044,0.0008561849096357414
233,1,1,0.9979556072422664,0.9979556072422664,0.0003502339695529387,0.00037862047922473366,0.0004445870788963828,0.00033194861410050736,0.000539002615959069
234,6,6,0.9970604139202137,0.0008645159439870895,0.0007353112859333995,0.0003880713408821085,0.0005124945594682392,0.00043919294951539896,0.9970604139202137
235,2,2,0.996963383211142,0.0003520533425244571,0.996963383211142,0.0005574812871910582,0.0006079839449142521,0.0008284418652486547,0.0006906563489797107
236,3,3,0.9967342066281383,0.0005325012314281098,0.0006956733030903301,0.9967342066281383,0.000543779139732065,0.0005435458434399702,0.0009502938541712946
239,5,5,0.996466279493862,0.00046853526167969,0.0012547207303600016,0.0006604047960883029,0.00039218811452956315,0.996466279493862,0.0007578716034804805
243,3,3,0.997818289372907,0.0004411799564826102,0.000479100736364794,0.997818289372907,0.00043242956920686536,0.0004983434625814987,0.00033065690245733236
244,2,2,0.9964547433373785,0.0004784679172881139,0.9964547433373785,0.0006221635439520379,0.0007622870827820531,0.0006076845043139663,0.0010746536142853507
246,3,3,0.9978738424073167,0.000402579030763575,0.00046702812066420994,0.9978738424073167,0.0004427744450093107,0.0004883213839666274,0.0003254546122796349
248,4,4,0.9975211225183628,0.00044822076772598,0.00044477827927873496,0.000631363609482756,0.9975211225183628,0.00030706593570327466,0.0006474488894465214
249,3,3,0.99783950174497,0.0004203048516296085,0.00047436006808284443,0.99783950174497,0.0004212735726757841,0.0005136096995660863,0.0003309500630757382
250,3,3,0.9978326602467699,0.0004367444538766083,0.0004713694827801046,0.9978326602467699,0.0003959921958864099,0.0005416759804703356,0.000321557640216657
251,1,1,0.9971910697042388,0.9971910697042388,0.0003624215964552685,0.0003677373234493374,0.00045109240587010483,0.0002633592359119752,0.0013643197340745083
252,4,4,0.9976726536144307,0.0004806282696914517,0.00042488596313073967,0.0005112393595337705,0.9976726536144307,0.00030825873208495267,0.0006023340611284436
253,2,2,0.9972147053573864,0.0003727482871913591,0.9972147053573864,0.0004610620536891387,0.0005706092175668783,0.0006881010284347682,0.0006927740557314043
254,3,3,0.9978187887150219,0.0004307903414225713,0.0004881442683366675,0.9978187887150219,0.00039273350481342943,0.0005524851515560264,0.00031705801884941335
258,3,3,0.997621744480881,0.00044030188134713686,0.0004699149423984296,0.997621744480881,0.0004029066595290916,0.0006957228966280611,0.00036940913921604674
259,3,3,0.9977250736171623,0.0004452420998940692,0.00044120225537945285,0.9977250736171623,0.00040642745610402993,0.0006507944808039472,0.00033126009065621983
260,2,2,0.9967677498451162,0.0002919491003533416,0.9967677498451162,0.0007429024758889753,0.0005428251924466881,0.0011396961910739689,0.0005148771951209278
261,6,6,0.9975824091584197,0.0005638348371240562,0.0005178274449502118,0.00048347957081714733,0.0004805156076981884,0.0003719333809907749,0.9975824091584197
262,3,3,0.9979129207386238,0.0004003505946639601,0.0004616949486179404,0.9979129207386238,0.00038931782755306375,0.0005385466962026002,0.00029716919433864523
266,5,5,0.9963958474627786,0.0004398581343792686,0.0015031438671671811,0.0006168927991932507,0.00039403424240638736,0.9963958474627786,0.0006502234940752802
267,1,1,0.9979646949255998,0.9979646949255998,0.00038849330739402913,0.0003584778590055563,0.0004111329141538488,0.00034800443863301604,0.0005291965552137502
269,3,3,0.9977888221420473,0.00043450704913969263,0.0004650362116678723,0.9977888221420473,0.0004736229187977216,0.0004921194805482242,0.0003458921977992032
270,4,4,0.9976812737269943,0.00046941530949423844,0.0004169817896200245,0.0005460899048518671,0.9976812737269943,0.00027102357495780035,0.0006152156940817414
272,6,6,0.9973879608916084,0.0006629693190351505,0.000695519450968938,0.0003792666014957639,0.00044011956869690835,0.00043416416819487314,0.9973879608916084
273,3,3,0.9973559795491779,0.0004874408971687965,0.0006032887143899564,0.9973559795491779,0.00040309829410733545,0.0007740244016243014,0.00037616814353172624
274,6,6,0.9971767304667507,0.0006495445034194245,0.0006692256770183627,0.00046284611531872386,0.0006022384988152404,0.0004394147386775746,0.9971767304667507
275,4,4,0.997674229380671,0.0004944733536003739,0.0003825562837247887,0.0005559592738113344,0.997674229380671,0.0002807690355021053,0.0006120126726904174
277,5,5,0.9965169123131239,0.00045049648543836577,0.0012775495386554028,0.0006927271057763094,0.00035492616250382196,0.9965169123131239,0.0007073883945022467
278,6,6,0.997853879620835,0.0005451687961654494,0.00047119340275683923,0.0003617764391842888,0.00039848769313725207,0.00036949404792114714,0.997853879620835
279,1,1,0.9977380523486877,0.9977380523486877,0.0003319566659924268,0.00033779864836284794,0.000445429233285876,0.0002638655819040366,0.000882897521767187
282,1,1,0.9977978717683049,0.9977978717683049,0.000323014050890694,0.00033471623574895675,0.0003761568317275633,0.0002765089226245669,0.0008917321907033237
284,3,3,0.9977738836236094,0.00042001635614623213,0.00043048634209019726,0.9977738836236094,0.0003718979775939602,0.0006431666736395221,0.0003605490269207314
285,3,3,0.9978046831783162,0.0004295016910054675,0.0004982335285925087,0.9978046831783162,0.0004334848120654931,0.0005055096606973227,0.0003285871293230752
286,4,4,0.9976292031875872,0.0004870300364522605,0.0004292986318973428,0.0005220036139734222,0.9976292031875872,0.00030005594517446243,0.0006324085849153773
287,5,5,0.9963783633387395,0.000460371899488815,0.0014791378070124633,0.0006487271173958749,0.00040284550097170925,0.9963783633387395,0.0006305543363915691
288,2,2,0.9967499832912563,0.00028741639235220896,0.9967499832912563,0.0004423702661497753,0.0005208951738864204,0.0014924972033113545,0.0005068376730439028
289,4,4,0.9976573792962881,0.000489041423183822,0.00041840979702784326,0.0005086069986512228,0.9976573792962881,0.0002881096092848736,0.0006384528755642168
290,5,5,0.9962650089319549,0.0003573848860765077,0.0019096170137026544,0.0005854591814156209,0.00035096394069817645,0.9962650089319549,0.0005315660461521092
291,2,2,0.9968263606549619,0.0003005224130409232,0.9968263606549619,0.00040990644770936543,0.000484868248761353,0.0015044839070710598,0.00047385832845548873
292,3,3,0.997779197074133,0.00047044066321829883,0.0004685243796969876,0.997779197074133,0.0004589319899462774,0.00048003916477344497,0.00034286672823203885
293,5,5,0.9964791668065839,0.00041944453051748296,0.001341568476408396,0.0006952250518063285,0.00037121282092086833,0.9964791668065839,0.0006933823137629927
294,2,2,0.9973722844343826,0.00030932779650195665,0.9973722844343826,0.0004627230296606648,0.0005178351497771197,0.0008418912309386223,0.0004959383587390348
295,2,2,0.9969859906609462,0.0003523498213346772,0.9969859906609462,0.000540717230486035,0.0006407616033154966,0.0008036093151999722,0.0006765713687177133
299,2,2,0.9972039847415806,0.0003699700305333335,0.9972039847415806,0.0005353402903628723,0.0006021627881189159,0.0007377395790943626,0.0005508025703100461
301,5,5,0.9957177785698053,0.0003981552733012931,0.0018373084228084622,0.0006617584642979474,0.00047913514508468146,0.9957177785698053,0.0009058641247023407
304,1,1,0.9978891111183125,0.9978891111183125,0.00035252544670033744,0.0003491981512513183,0.00040989855582815424,0.0003392235117581144,0.0006600432161496226
305,1,1,0.9979378043892136,0.9979378043892136,0.00036186762200701885,0.00038869090717338233,0.0004306026376728243,0.0003229853967301334,0.0005580490472028206
306,6,6,0.9972711456833876,0.0005723588545708558,0.0005526278540077538,0.00039793854650967933,0.0005163365988744043,0.0006895924626496583,0.9972711456833876
307,6,6,0.9974967226150603,0.0006452575119666372,0.0004831824325621142,0.000431725373022563,0.00047082154028216326,0.00047229052710618546,0.9974967226150603
308,3,3,0.9977861569948633,0.0004347805193063713,0.0005028025443257228,0.9977861569948633,0.00046974816016425645,0.0004573146837418321,0.0003491970975985613
309,5,5,0.994798817386375,0.0003542194743545637,0.0017907615501930377,0.0005617676283976129,0.00036207235749906156,0.994798817386375,0.002132361603180801
310,1,1,0.9977259503417181,0.9977259503417181,0.00042618420937517136,0.00039457736449564673,0.0004270850019658605,0.0004079257189445888,0.0006182773635007353
311,5,5,0.9954210669980087,0.0003007806528213718,0.0027411434502975385,0.00044046206522409574,0.0003197417684108199,0.9954210669980087,0.0007768050652374806
312,2,2,0.9969436719085831,0.0004433385654135774,0.9969436719085831,0.000592057442580413,0.0006754576817608763,0.0006379075652434493,0.0007075668364185988
313,4,4,0.9976537604274955,0.0004786306120051464,0.0004100990008397392,0.0004967458564816805,0.9976537604274955,0.0002883900587361625,0.0006723740444417649
314,6,6,0.9966977650212421,0.001302433641733724,0.000663332046769816,0.00039943257422305416,0.0005695948388234737,0.00036744187720780513,0.9966977650212421
315,6,6,0.9976901336730345,0.0005332303340305652,0.00044511782386362297,0.0004334358963503097,0.0004129625462586582,0.0004851197264623826,0.9976901336730345
317,5,5,0.9966555497921327,0.00039117531696738973,0.001365026645924056,0.0005918171755816936,0.00032712029122033574,0.9966555497921327,0.0006693107781739126
320,3,3,0.9978289381893656,0.00042505808369750603,0.0004918581873941436,0.9978289381893656,0.00040868336585046176,0.0005243463870962674,0.00032111578659608543
321,2,2,0.9968725896770029,0.00039959733270217285,0.9968725896770029,0.0005664566916656978,0.0006836920413477027,0.0008053837112780307,0.0006722805460036772
322,2,2,0.996647091737304,0.0003169489019693849,0.996647091737304,0.0004882988443034652,0.0005830354825474183,0.001318070613951523,0.0006465544199242198
323,2,2,0.9970431093334836,0.00042049157561072217,0.9970431093334836,0.0005501468166907706,0.0006514570795615297,0.0006372308938877452,0.0006975643007656652
327,2,2,0.9970520265275211,0.0003377962989454853,0.9970520265275211,0.0004786636629584884,0.00056320676489068,0.0009153115248489762,0.0006529952208352547
328,3,3,0.9977560859264522,0.0004430545818949252,0.0005014408473267699,0.9977560859264522,0.00044331305298802616,0.0005219592786301025,0.0003341463127079811
329,2,2,0.9969626835505404,0.0004404581371301295,0.9969626835505404,0.0005730999156152371,0.0006604414966170539,0.0006202758839952085,0.000743041016102036
330,3,3,0.9978170198004245,0.0004139079747072652,0.0005067564679897365,0.9978170198004245,0.0004290687708734585,0.00050097964879637,0.00033226733720869366
332,1,1,0.9978305881821975,0.9978305881821975,0.0003851869161997864,0.0004225271560086045,0.00045486421503653906,0.00039802301380725526,0.0005088105167503093
333,1,1,0.9979676981270917,0.9979676981270917,0.0003603483628170849,0.0003575759900307061,0.0003847595798846432,0.00035205845654045343,0.0005775594836354783
334,2,2,0.9972450350454438,0.0003023213753361551,0.9972450350454438,0.00046910090763874104,0.0005390640893903983,0.0008488663994372739,0.0005956121827536348
336,4,4,0.9976513088687956,0.0005052751059927329,0.0004192364492461982,0.0005407512169520271,0.9976513088687956,0.0002935424300685841,0.0005898859289448848
337,5,5,0.9956814765855054,0.0005154909237821005,0.00105569519234867,0.0015855693465909324,0.0003842106947044375,0.9956814765855054,0.0007775572570684398
338,3,3,0.9977974469424956,0.0004405978647808866,0.0005109677224260793,0.9977974469424956,0.00044334413121040076,0.00048342237415210893,0.00032422096493487236
339,4,4,0.9976664205497894,0.0004680520817458359,0.0004173730317250565,0.0005203230820968458,0.9976664205497894,0.0002846584083523403,0.000643172846290547
340,2,2,0.997053312984066,0.0003755357511203702,0.997053312984066,0.0005649968296118254,0.0005978646639542101,0.0008416131846764738,0.0005666765865711775
341,1,1,0.9978832969394728,0.9978832969394728,0.00037526706042797245,0.0003777935934484706,0.00043223470333718833,0.0003205736202897735,0.0006108340830238699
342,4,4,0.9974945616687365,0.00044433125715323047,0.0004311560115336118,0.0005157853506803344,0.9974945616687365,0.00032411541363787946,0.0007900502982584608
343,3,3,0.9949406021967031,0.0006728907577120364,0.0008570386386705922,0.9949406021967031,0.002327194539198854,0.0005144382371927434,0.0006878356305226623
344,1,1,0.9978935953191005,0.9978935953191005,0.0003448986144252504,0.00041615828446721825,0.0004719105920448854,0.0003447782410012206,0.0005286589489610426
345,2,2,0.9972105860700253,0.0003735529250845164,0.9972105860700253,0.0005283119466611808,0.0006163803038238059,0.0006501401036407222,0.0006210286507644881
346,6,6,0.9976209852667492,0.0006609232999872599,0.0005313689975820054,0.0003692289120231381,0.0004176617888370367,0.00039983173482132555,0.9976209852667492
348,3,3,0.9978017364000411,0.00043339940685550355,0.0004891709615998289,0.9978017364000411,0.0005096801984066105,0.0004578258446788596,0.00030818718841807706
349,4,4,0.9975719986690764,0.00044842320218981197,0.00044820943455642,0.000542035323033067,0.9975719986690764,0.00030769896504572586,0.0006816344060986052
351,4,4,0.9976382238713845,0.0005038148365792219,0.00042438474994227536,0.0005050222962951726,0.9976382238713845,0.0002989991621189416,0.0006295550836799027
352,3,3,0.9978562065138313,0.00041432055287652644,0.0004626855663702005,0.9978562065138313,0.0004129841921247258,0.0005370201056821161,0.00031678306911504345
353,2,2,0.9953500803566396,0.0003619766492507723,0.9953500803566396,0.00043415333946806466,0.000587030534011873,0.0016837010766033859,0.0015830580440262714
355,2,2,0.9969022269665283,0.0004275471144817651,0.9969022269665283,0.0005401512023497411,0.0006563237981799507,0.0006380912379370022,0.0008356596805232433
356,5,5,0.9966244921747149,0.00044444312565300177,0.0012033698144472125,0.0006817430177768561,0.0003819143960005505,0.9966244921747149,0.000664037471407412
357,5,5,0.9949158941460037,0.0004644978855591985,0.0014631318214783327,0.0006620941325457021,0.00034117877956368393,0.9949158941460037,0.002153203234849408
358,3,3,0.9978522910254843,0.00042373906756603406,0.0004870753159867527,0.9978522910254843,0.00041020235261851373,0.0005106105060237038,0.00031608173232069086
360,5,5,0.9963323115236397,0.00041556703176883695,0.0011181641200333537,0.0008003914557023605,0.00037879850515822906,0.9963323115236397,0.0009547673636975457
361,3,3,0.9978272171627707,0.00041290132461636566,0.0004713277942453686,0.9978272171627707,0.00039880817159171556,0.0005588390052639512,0.00033090654151169974
362,6,6,0.9970741147772723,0.0006119715904955565,0.0005651136673443063,0.0004400460984226162,0.0004647093243287064,0.0008440445421365129,0.9970741147772723
363,2,2,0.9969857713750806,0.00028537718382481324,0.9969857713750806,0.0004191566126828367,0.0004743591596791143,0.0013563912877024452,0.00047894438103023034
364,2,2,0.9972296483515743,0.00035215677655302914,0.9972296483515743,0.0004588997199584332,0.0005455908248140039,0.0007029594102272836,0.0007107449168730722
366,4,4,0.9976855993793324,0.0004928721700062116,0.0004158152931952017,0.0005095994809462441,0.9976855993793324,0.0002875512137757089,0.0006085624627442067
369,4,4,0.9976509095853946,0.000488571816884459,0.0003827635619376308,0.0005102555090953398,0.9976509095853946,0.0002971688192234907,0.0006703307074644854
373,4,4,0.9976266953502441,0.0005012486229639037,0.0004103783758276999,0.0005170394296275626,0.9976266953502441,0.00030059305501515453,0.0006440451663216449
374,3,3,0.9976426253865556,0.0004593685086106704,0.0005425493264877942,0.9976426253865556,0.0004715741900386614,0.0004606936642837034,0.00042318892402364364
376,2,2,0.9968905611790947,0.00030264137743961833,0.9968905611790947,0.0004980879386524527,0.0005396063554324125,0.0013105878036961777,0.00045851534568461906
377,6,6,0.9973043244279662,0.0008145401986214032,0.000524193632704884,0.00041795891764725697,0.0005472842044303855,0.0003916986186298747,0.9973043244279662
378,1,1,0.997952110852707,0.997952110852707,0.00035987775048533266,0.00038274203863449235,0.00042854264690941223,0.0003548590280170661,0.0005218676832467482
380,3,3,0.9978376656426907,0.00042258395625798445,0.000489341183719672,0.9978376656426907,0.0004275207805303786,0.0004711511743017489,0.0003517372624995362
381,3,3,0.9975257615486433,0.0004824064138073416,0.0005437205599881753,0.9975257615486433,0.000627346983388416,0.0004289680552650256,0.00039179643890780217
382,2,2,0.9969074760153371,0.00047300651447691435,0.9969074760153371,0.0005903971863561499,0.0006771735698076313,0.0006540238604984416,0.0006979228535237324
383,2,2,0.9970930150800061,0.00038603020082737105,0.9970930150800061,0.0005652041590269531,0.0006673271189948823,0.0006496535259755742,0.0006387699151691413
384,4,4,0.9976752005506344,0.000496002709418428,0.00041095701282315605,0.0005204208804127878,0.9976752005506344,0.0002952173701052198,0.0006022014766060163
385,2,2,0.9967406339301147,0.00043120543476894414,0.9967406339301147,0.000643749368692446,0.00073583685636048,0.0007048539081505904,0.0007437205019128413
386,1,1,0.9979338692695411,0.9979338692695411,0.0003671131870681775,0.0003556795143890311,0.0004023103993610703,0.0003486522198693421,0.000592375409771119
387,4,4,0.9976656937958803,0.00048228018137664674,0.00042122448205149653,0.0005563210194219129,0.9976656937958803,0.000281078488654259,0.0005934020326153597
388,4,4,0.997667733977689,0.0005113460377502237,0.000420319849499659,0.0004984467543772026,0.997667733977689,0.0002819053491120739,0.000620248031571834
390,3,3,0.9978467098874938,0.00042540086898792615,0.0004798356897534533,0.9978467098874938,0.0003912243536504598,0.0005439188096948863,0.00031291039041948977
391,2,2,0.9971545284987025,0.0003751235694247866,0.9971545284987025,0.0004948822002897165,0.0005720660285206806,0.000722098960238595,0.000681300742823837
392,5,5,0.9963956565444546,0.00032739356107251363,0.0017714534348028835,0.0005430082141210894,0.0003130002324860273,0.9963956565444546,0.0006494880130628232
393,4,4,0.9975342900645112,0.00045070768779306307,0.0004521410805684555,0.0005707615723101111,0.9975342900645112,0.0003220475676498199,0.0006700520271673129
394,5,5,0.993708602697151,0.0005769285444301892,0.0037158052143936742,0.000982564749828451,0.00032791678418680537,0.993708602697151,0.0006881820100098463
396,5,5,0.9966829974808935,0.00037500338446239985,0.001218366591693592,0.0007780335812420329,0.00033008418615777324,0.9966829974808935,0.0006155147755507083
397,6,6,0.9975677655201283,0.0006360518497209219,0.0005135221559420426,0.0003629861356857886,0.000429089203603815,0.0004905851349191869,0.9975677655201283
398,5,5,0.9932860880378798,0.0003564540873881472,0.004913939236455214,0.0005329843340855139,0.00039892306681278667,0.9932860880378798,0.0005116112373785746
402,4,4,0.9975387157889053,0.0004531143194782517,0.000449473022725015,0.0005677452015946851,0.9975387157889053,0.0003166276532887821,0.0006743240140080659
403,4,4,0.9976891770951247,0.00048424218641616887,0.0004041111104098382,0.0005241557005716154,0.9976891770951247,0.0002878743778462231,0.000610439529631399
404,1,1,0.9975706977897925,0.9975706977897925,0.0003804513851735626,0.00032673601667504204,0.00036216029704081956,0.0002948887717107875,0.0010650657396073723
405,4,4,0.9975437203449703,0.00048500827594968497,0.00044113300147225084,0.0004997881319063139,0.9975437203449703,0.0003151536702142453,0.0007151965754871885
406,6,6,0.997714653402905,0.0005259782851832282,0.000487789024098929,0.0004646447555601552,0.0004078209518442571,0.00039911358040849073,0.997714653402905
407,5,5,0.995299550310203,0.00034403666139525945,0.0029115429277788035,0.0004927603741481635,0.00036503920723547086,0.995299550310203,0.0005870705192393883
408,1,1,0.9969154502323186,0.9969154502323186,0.00036510396986577876,0.0003370270392276358,0.0004024868793085407,0.0003155230631170133,0.001664408816162367
409,1,1,0.9979112102770635,0.9979112102770635,0.0003650046766766076,0.00036507551539538503,0.0004071335453959763,0.0003529823507491379,0.0005985936347193394
412,4,4,0.9976227445746662,0.00047780350101417774,0.00045470117244044225,0.0005022328477837181,0.9976227445746662,0.0003223484241872634,0.0006201694799082702
413,3,3,0.9976859127846546,0.0004575265645794779,0.000507855964284698,0.9976859127846546,0.0004848859697426438,0.0004956834035686245,0.0003681353131700416
414,5,5,0.9959731298727714,0.0006876494118688029,0.0012832436335061018,0.0008705164183880669,0.00036411813913911784,0.9959731298727714,0.0008213425243265172
415,3,3,0.997706261654379,0.00046336003238364954,0.0004995431355931174,0.997706261654379,0.0005238091519401929,0.00042484274383970477,0.0003821832818643731
417,1,1,0.9979838098004095,0.9979838098004095,0.0003348357556335311,0.00036935455735299775,0.0004053426077402804,0.00029092837838364633,0.0006157289004800996
418,1,1,0.9979356455590429,0.9979356455590429,0.000368200065249536,0.0003647136883203557,0.0004435349514954394,0.0003198691096911303,0.0005680366262006269
420,1,1,0.997709289855911,0.997709289855911,0.00036533791559693413,0.0003426594829555101,0.00038580308920908884,0.00031509867895199254,0.0008818109773754458
421,2,2,0.9972072199132537,0.00038145754296010735,0.9972072199132537,0.0005165595735580328,0.000593571267986927,0.0007218596561624438,0.0005793320460788135
422,6,6,0.9972956293931163,0.0005598016743620921,0.0007313246251959106,0.0005534022080156757,0.0004909665784659615,0.00036887552084401273,0.9972956293931163
423,2,2,0.9954485505138662,0.00031294108883416985,0.9954485505138662,0.0005162164524201277,0.000551824461594582,0.001974043008352627,0.0011964244749323133
424,5,5,0.9953303989227901,0.00036169950401503955,0.002969539796024847,0.0005326214306753145,0.00031215640536219754,0.9953303989227901,0.0004935839411325151
425,1,1,0.9979459474202486,0.9979459474202486,0.00037605089381253484,0.00038444202375845075,0.00042465007560145944,0.0003298537969165794,0.0005390557896623648
426,1,1,0.9974978545768344,0.9974978545768344,0.00039811157641170784,0.0003188189668218067,0.0003923781211382621,0.000250014884195409,0.001142821874598422
427,4,4,0.9976616400705651,0.0004996506264531882,0.0004053045130236966,0.0005234249036077179,0.9976616400705651,0.0002863967765693477,0.000623583109780941
429,1,1,0.9978514856836608,0.9978514856836608,0.00034973271251353033,0.00031930634958942186,0.00039611280377326795,0.00028478778488685977,0.0007985746655761732
430,5,5,0.9961409460667409,0.0003636445213346082,0.0020726608196357317,0.0005880090463213631,0.00035350474630681825,0.9961409460667409,0.000481234799660689
431,1,1,0.9978982418104756,0.9978982418104756,0.00037406304233675877,0.0004021448923721835,0.00043208845627305955,0.0003651057853542659,0.0005283560131881068
432,4,4,0.9975757709196692,0.00048176461696880274,0.00044676932892048825,0.0005196430467371009,0.9975757709196692,0.0002872224873710883,0.0006888296003333548
433,3,3,0.9977309428449208,0.0004612525696802488,0.0005117243407385905,0.9977309428449208,0.0005121759739401721,0.0004562419964587831,0.0003276622742613986
434,2,2,0.9954700619385605,0.00024962088159910084,0.9954700619385605,0.00043118939417039663,0.0004656019175800253,0.0028713834795125446,0.0005121423885774912
436,3,3,0.9978428770059015,0.00042661132599708943,0.0004921998909063205,0.9978428770059015,0.000454305569775719,0.0004553062176434959,0.00032869998977587124
437,6,6,0.9958855061664074,0.0006389864432895253,0.0011348643528035524,0.0005976178530860576,0.0006280512033563818,0.0011149739810571257,0.9958855061664074
438,2,2,0.9972274159280086,0.00031091530353573413,0.9972274159280086,0.0004873899672781752,0.0005229210019515595,0.0009509749210168362,0.0005003828782092356
439,5,5,0.9965480886829279,0.00043247179097915856,0.0012973193885072803,0.0006791972949705601,0.00039005566591621534,0.9965480886829279,0.0006528671766989005
440,5,5,0.9940098930461428,0.00036759692016077357,0.003959131579817,0.0006205186455822363,0.00045815872015783437,0.9940098930461428,0.0005847010881393171
441,5,5,0.9963720316594663,0.0005065034126701509,0.0011872273477180647,0.0007149283839423993,0.0003896328571762419,0.9963720316594663,0.000829676339026889
442,5,5,0.9964807176003279,0.00044417545156639517,0.0012428853095080522,0.0006911552312968188,0.0003721172810185402,0.9964807176003279,0.000768949126282345
444,4,4,0.9975461459040718,0.0005080984579516815,0.00044438686225058144,0.000574576081395253,0.9975461459040718,0.0003112636280725132,0.0006155290662582029
445,1,1,0.9975758858900944,0.9975758858900944,0.0003989486802111017,0.00034896521145804673,0.0004206235821733049,0.0002760975184436717,0.0009794791176195574
446,1,1,0.9979220280004563,0.9979220280004563,0.0003738035967112781,0.00036533930139707094,0.00041838172587462024,0.0003169653637134375,0.0006034820118474605
447,6,6,0.9978096232926064,0.0005676172636466462,0.0005024138545517928,0.0003692457230408599,0.0004125852279976508,0.00033851463815666883,0.9978096232926064
451,3,3,0.9975712997590046,0.0004643295298867159,0.0005449102083165315,0.9975712997590046,0.0005762577115919767,0.0004293040008957908,0.0004138987903044436
453,1,1,0.9976914258109488,0.9976914258109488,0.0003371107449669759,0.00033371610357995783,0.0003810897430929263,0.0002653779581682963,0.0009912796392430583
456,1,1,0.9977784512691789,0.9977784512691789,0.0004264342903432798,0.00040847623785346957,0.00040326752544199575,0.0004154381940732889,0.0005679324831091752
457,6,6,0.9977202297667164,0.0006084239867653903,0.0005391998824215903,0.00035045338378976806,0.0003835165882381791,0.0003981763920687523,0.9977202297667164
458,4,4,0.9975941315882061,0.0004961440343068426,0.00039838607676107566,0.0005401744024613544,0.9975941315882061,0.0003094615097002144,0.000661702388564442
459,3,3,0.9977846147794133,0.0004021293957597388,0.0005071944628382507,0.9977846147794133,0.0004544562816206581,0.0005334690533038884,0.0003181360270641807
461,3,3,0.997869804887179,0.0004200008511275141,0.00047534972762852895,0.997869804887179,0.00043859918749360486,0.00048262775129144,0.0003136175952799254
462,5,5,0.9962607869093194,0.00037118779591662735,0.0014966787478769776,0.0010643063205810958,0.0003218447851395141,0.9962607869093194,0.0004851954411664247
463,3,3,0.9978422646674537,0.0004186474054498239,0.00047352837953123914,0.9978422646674537,0.00040732348390445515,0.0005304234550003278,0.00032781260866044645
466,1,1,0.9979176177640449,0.9979176177640449,0.0003704216017474063,0.00039441800160418624,0.000446758127894509,0.00034032474783430243,0.0005304597568747567
467,5,5,0.9966661252528667,0.0003957016710427075,0.0011879267306705178,0.0006717962623581188,0.0003425345320646825,0.9966661252528667,0.0007359155509972401
469,1,1,0.9977983100557543,0.9977983100557543,0.00037481379856673383,0.00042187209872302807,0.0004588129768320155,0.00040708630619752537,0.0005391047639264723
470,1,1,0.9979172009301543,0.9979172009301543,0.0003277193743810164,0.0003228029220896592,0.0003751055948941189,0.00030650311672322713,0.0007506680617577735
471,1,1,0.9977317172796569,0.9977317172796569,0.0003469417763959811,0.00034077295776909573,0.00043324403181864174,0.00028285686065235765,0.0008644670937070095
472,1,1,0.9979962754458463,0.9979962754458463,0.00034838966595648934,0.00033217335982563495,0.0003914946244314657,0.00029308580705463054,0.0006385810968854433
473,3,3,0.9978445188115191,0.00043288039553168256,0.0004618189727563205,0.9978445188115191,0.00043567677871084875,0.00047165769669308566,0.00035344734478893824
474,3,3,0.9976656191857244,0.0005021797136915941,0.0004899735092902078,0.9976656191857244,0.000504151672779582,0.0004413432507864867,0.0003967326677275596
476,5,5,0.996421730686169,0.0004680500883816875,0.0011425430832783133,0.0008892352664192002,0.00033941473289552537,0.996421730686169,0.0007390261428562631
479,1,1,0.997825238997526,0.997825238997526,0.00035469040982604095,0.000438641512542181,0.0004670445802309897,0.0003773272812554711,0.0005370572186193867
480,4,4,0.9976263456414851,0.0004979537810638826,0.0004222807764266454,0.0004987070462997177,0.9976263456414851,0.0002950959489527923,0.0006596168057719083
482,6,6,0.996277090678892,0.0009902193538721372,0.001173509467698049,0.0005009124571886708,0.0006086638076187549,0.00044960423473036604,0.996277090678892
483,6,6,0.9968161996512968,0.001153000260085183,0.0006088448460515528,0.00044385083953436176,0.0005185770474436879,0.0004595273555884281,0.9968161996512968
484,2,2,0.9969597753996703,0.00041630947288029933,0.9969597753996703,0.0005428533604444547,0.0006139012799651936,0.0007684601355316944,0.0006987003515080937
485,4,4,0.997647767519978,0.00046778231986809157,0.0004493387578517579,0.0005070682687877308,0.997647767519978,0.00029802585607969584,0.0006300172774347489
486,2,2,0.9962907950107568,0.0004065534416762052,0.9962907950107568,0.0007364403514137766,0.0007611066042287505,0.0007517431453458958,0.0010533614465786075
487,3,3,0.9962949830338256,0.0005977102377359081,0.0008171401539065578,0.9962949830338256,0.0006462350575370959,0.000477635828706786,0.0011662956882880792
488,3,3,0.9977815146117175,0.00043850222987681735,0.0004799519658758727,0.9977815146117175,0.00048601833955173266,0.0004795443084985212,0.00033446854447956103
489,1,1,0.9978485771255055,0.9978485771255055,0.00038200949508244894,0.0004034541566540979,0.00046629354333889336,0.00033510838374605666,0.0005645572956730111
490,4,4,0.9976179245863269,0.0005247166391233238,0.0004158836482921313,0.000505048852099884,0.9976179245863269,0.00029652231743383493,0.0006399039567238622
491,5,5,0.9953590840798461,0.000519512899524133,0.0010964942204352765,0.0018469270299640607,0.00041954383603032275,0.9953590840798461,0.0007584379342002026
492,3,3,0.9978099289384387,0.00043552543351658626,0.0004967040050549966,0.9978099289384387,0.00042788436939697526,0.00047877174058540053,0.0003511855130073687
493,1,1,0.9978267370416848,0.9978267370416848,0.0004120504525643983,0.000374947464079962,0.00044519319559855556,0.00039031149231615926,0.0005507603537561541
494,2,2,0.9970612255209742,0.00031745940364631713,0.9970612255209742,0.0004941261875223449,0.0005457400801205769,0.0007192359728401687,0.0008622128348963528
495,3,3,0.9970774129396587,0.0005870597362995822,0.0005980045222090523,0.9970774129396587,0.0005978619716549264,0.0005336234765596525,0.0006060373536182136
497,4,4,0.9974918632358729,0.0004997648184434955,0.00046958496396641477,0.0005119487866881308,0.9974918632358729,0.0002914696254035896,0.0007353685696254359
500,6,6,0.997830101561074,0.0005040528529267686,0.0004983911683235948,0.0003792245730585687,0.000404070280504324,0.00038415956411276563,0.997830101561074
501,5,5,0.9963187718709485,0.0004643692281138365,0.0011810641448162954,0.001029705938002739,0.0003831745991802084,0.9963187718709485,0.0006229142189384222
502,4,4,0.9969438216286827,0.0004892365785644497,0.0004996495803759515,0.0006382529709733236,0.9969438216286827,0.00037277142516325013,0.0010562678162403048
505,4,4,0.9974289689168695,0.00048270219861009853,0.0005264405707394397,0.0005654498904893013,0.9974289689168695,0.0003324531477081577,0.0006639852755835821
508,5,5,0.9963822041220469,0.000488311327717163,0.0011994993428379687,0.0007354315662121384,0.000402564596317271,0.9963822041220469,0.0007919890448685967
511,5,5,0.9965915007314269,0.00042934643000904556,0.0013874977821947728,0.000578946744133209,0.0003721959113864485,0.9965915007314269,0.0006405124008495984
512,5,5,0.9966601279830026,0.00033157301855519107,0.0014345151350260172,0.000593704063789353,0.0003170080354928813,0.9966601279830026,0.000663071764133965
513,3,3,0.9954295436851787,0.0006473634649887957,0.000748309941217922,0.9954295436851787,0.0018131714664533026,0.0005272897157271683,0.0008343217264341971
514,4,4,0.997547998872712,0.0004915490641886338,0.0004503186007570988,0.0005225277038027619,0.997547998872712,0.0002960915020241702,0.0006915142565153793
515,5,5,0.9959581847093392,0.000356225076641594,0.0012778590187417119,0.0012589975240465715,0.0003630448901625825,0.9959581847093392,0.0007856887810684056
517,1,1,0.9979889557903823,0.9979889557903823,0.00036027150711975847,0.00034973516487913606,0.00039384815630482393,0.00029339350185358714,0.000613795879460457
518,5,5,0.9966317298321289,0.00037568944612737225,0.0012768440897785252,0.0006154811267958544,0.00035388660413872937,0.9966317298321289,0.0007463689010306623
519,4,4,0.9976545569904254,0.0005007141435061393,0.0004126653118727494,0.0004965716791503881,0.9976545569904254,0.00031588079142878095,0.0006196110836166644
521,1,1,0.9979063745004145,0.9979063745004145,0.00032377244575117274,0.00034380926981619796,0.00038141677565189003,0.0003016596162575354,0.0007429673921086344
522,3,3,0.9977463370669912,0.0004333753523155817,0.0005029239935207472,0.9977463370669912,0.0004749660377236002,0.000505716622603555,0.00033668092684530364
523,4,4,0.9976349323221043,0.0004911220968600439,0.00041950353318758225,0.0005181352839681183,0.9976349323221043,0.0003091818209275504,0.0006271249429523897
524,4,4,0.9974672218268227,0.0004907757696179377,0.0004858492475169508,0.0005422423462918453,0.9974672218268227,0.00030187298079761864,0.0007120378289530133
525,1,1,0.9979202967705774,0.9979202967705774,0.0003427911422793375,0.0003519873422755749,0.0004145817413631965,0.0002894200097524924,0.0006809229937520151
526,6,6,0.9978309563255596,0.0005568952344830773,0.00046323677704922933,0.0003541531435065753,0.0003855121142800076,0.00040924640512148225,0.9978309563255596
527,6,6,0.997172672138389,0.0007661597937394936,0.0005618108992718428,0.0004314480803614522,0.0005146903388818321,0.0005532187493564105,0.997172672138389
529,2,2,0.9969492067792229,0.0004075566340505602,0.9969492067792229,0.0006675092992349352,0.0006940706759734722,0.0006251168364849275,0.0006565397750331979
535,2,2,0.9970143244964689,0.00045344401240408834,0.9970143244964689,0.0005240164676479444,0.0006304749659318092,0.0007032313435977208,0.0006745087139495188
537,4,4,0.9974761627906451,0.00044917620936861915,0.000404810475638812,0.0005735101889799639,0.9974761627906451,0.0003179381899768248,0.0007784021453907296
539,3,3,0.9977149927953367,0.0004644484708358443,0.0004941982316001033,0.9977149927953367,0.0005530586330140606,0.000421889794190922,0.00035141207502246047
540,5,5,0.996453929595492,0.00037721035414427445,0.001244412646589786,0.000773652634501718,0.00035919048596809303,0.996453929595492,0.0007916042833041613
541,1,1,0.9978469888138226,0.9978469888138226,0.00034758644564543585,0.0003520727721314657,0.00041678781850688223,0.0002950061544054447,0.0007415579954881396
543,2,2,0.997028735505119,0.0004038408965247949,0.997028735505119,0.0005478440837852814,0.0006026627182673089,0.0006508924785797321,0.0007660243177239525
544,4,4,0.9974785938315845,0.0005051259898660116,0.0004298462220263845,0.0005220445712125924,0.9974785938315845,0.00032388405955896684,0.0007405053257515833
545,3,3,0.9977934264109518,0.00044857236235648244,0.0005019457246196345,0.9977934264109518,0.0004535599142416223,0.0004331361292330256,0.00036935945859737935
546,4,4,0.9976366539131946,0.0004969145993477863,0.0004200929741733069,0.000525286293222128,0.9976366539131946,0.0003052694888762646,0.0006157827311860177
548,1,1,0.997928138975253,0.997928138975253,0.00038400568745469504,0.0003618699834766446,0.000433637089639164,0.0003407929022238378,0.0005515553619525945
549,2,2,0.9962406727897668,0.00048560250299410304,0.9962406727897668,0.000692931509137779,0.0008565052902028079,0.0008829860521417755,0.0008413018557568095
550,4,4,0.9976361472656254,0.0004531375904652454,0.00043762647014355515,0.000530361699422373,0.9976361472656254,0.00029682480642283487,0.000645902167920624
551,3,3,0.9977315159332814,0.00047037782725527704,0.0004890617030080078,0.9977315159332814,0.0004702585306388922,0.00045584017103414854,0.00038294583478237163
552,3,3,0.997371868896961,0.0004448570060598241,0.0008139403301552697,0.997371868896961,0.0004099340699394206,0.0005925035546572245,0.0003668961422273199
554,5,5,0.9965512949466452,0.00046644514999108673,0.0011625270356120268,0.0006640690975736046,0.00035705383175633473,0.9965512949466452,0.0007986099384217566
555,6,6,0.9973671826843649,0.000678184020794163,0.0005966821213238017,0.0004215883004221682,0.0005300632219504111,0.00040629965114465,0.9973671826843649
556,6,6,0.997778326426293,0.0006119119752907973,0.00044102767568869584,0.0003780901203272511,0.00042228649745362014,0.0003683573049466123,0.997778326426293
557,5,5,0.9967707117349167,0.0003516828193892776,0.0012593315562786603,0.00061243124692347,0.00030630107230557107,0.9967707117349167,0.0006995415701862551
560,3,3,0.997780383768985,0.00046829218906129123,0.000480567426595745,0.997780383768985,0.0004493015926895816,0.0004870174458421262,0.0003344375768262198
561,5,5,0.9962723096842913,0.0004142038749369293,0.0019066957453889807,0.0004984953477926768,0.00031787718257514813,0.9962723096842913,0.0005904181650150475
562,2,2,0.9970050221337763,0.00041810473724775545,0.9970050221337763,0.0005591735781818818,0.0006327188484070507,0.0006420321332569651,0.0007429485691300352
563,4,4,0.9975491770589859,0.00047012121790538817,0.0004316910672425665,0.0005684055751639859,0.9975491770589859,0.00031146649764826894,0.0006691385830538204
564,2,2,0.9959992498471154,0.0005012410275930552,0.9959992498471154,0.0007619273052114793,0.0007888832738685848,0.0008537935490747418,0.00109490499713669
565,1,1,0.9979086018494144,0.9979086018494144,0.00037053220566830327,0.0003959611569439205,0.0004486675604214339,0.000341736581058459,0.0005345006464935394
566,6,6,0.9977672082934218,0.0006259708305316663,0.0004314639365342337,0.00035220585353730287,0.00041796831575163725,0.00040518277022330487,0.9977672082934218
567,4,4,0.9976155163859557,0.00047721987426071826,0.00038351453885346576,0.0005616681548658222,0.9976155163859557,0.00031497953330259404,0.0006471015127617372
568,6,6,0.9976046857955536,0.0005772002488354297,0.0005287743233804497,0.0004229547376011777,0.00040258196739219754,0.0004638029272371085,0.9976046857955536
569,1,1,0.9979790749134684,0.9979790749134684,0.0003280570966906422,0.00031267027849645265,0.0003919464422260287,0.00027197718268288327,0.0007162740864356036
570,2,2,0.9971475059708969,0.0003731795024987586,0.9971475059708969,0.0005487065093812075,0.0006053691646610796,0.0006897825552639297,0.0006354562972982468
573,6,6,0.9976775974832397,0.0006699204498146214,0.0004630467904945226,0.00038640464900880234,0.00045004907836860506,0.00035298154907370896,0.9976775974832397
574,4,4,0.9976571898787919,0.0005041510499558721,0.0004036405630077828,0.0005186387622801415,0.9976571898787919,0.00028869929082837056,0.0006276804551359218
575,2,2,0.9970341250838306,0.0003837965229122733,0.9970341250838306,0.0005939781150228965,0.0006821539842321785,0.0006303874119311649,0.0006755588820708956
576,3,3,0.997317834886811,0.0005268314188283461,0.0005729023160546741,0.997317834886811,0.0007303121268313011,0.0004145766950594846,0.00043754255641512217
577,6,6,0.9978203163069468,0.0005935984300524025,0.0004165227910407439,0.0003500103852792576,0.00040191816966887587,0.0004176339170119465,0.9978203163069468
578,5,5,0.9965373081313517,0.000489084855329989,0.0011590750426783399,0.0006444134506086148,0.0003811767307908552,0.9965373081313517,0.0007889417892405301
580,4,4,0.9975819183582593,0.000516175216788529,0.0004427548905845258,0.0005300211905990003,0.9975819183582593,0.00030574306815940323,0.0006233872756092188
581,1,1,0.9976692482455075,0.9976692482455075,0.000383273046069324,0.0004679179545234809,0.00047120689098862246,0.00047399561993541215,0.0005343582429756485
582,4,4,0.9975971995858791,0.0004975241804092479,0.00046176090156004274,0.0005032860398996767,0.9975971995858791,0.00029336923663846097,0.0006468600556135041
583,6,6,0.9971883751095414,0.0005098108013248571,0.0007323911891394734,0.0004897470865548144,0.00040313743528868636,0.0006765383781508058,0.9971883751095414
585,3,3,0.9975031997551604,0.00042914656472379484,0.0004458262315371939,0.9975031997551604,0.00042670367655886233,0.0008372003616046898,0.00035792341041501324
586,2,5,0.5071546138645371,0.0015037136341425142,0.21147717293572227,0.006128090795472036,0.002559190301400317,0.5071546138645371,0.27117721846872594
587,4,4,0.9976305992464793,0.0004929284354501455,0.0004334654026244615,0.0005017595282235164,0.9976305992464793,0.00029372928073826863,0.000647518106484386
588,5,5,0.9965022677824846,0.0003468740113557792,0.0016573845088956988,0.0005370232968353304,0.00034009476808973243,0.9965022677824846,0.0006163556323388208
589,4,4,0.9975986171231441,0.0005390873566525762,0.00041643304316732726,0.0005283747020150138,0.9975986171231441,0.0002986820558667879,0.0006188057191542247
590,4,4,0.9976471782387999,0.0005124563805168592,0.0004067673677608114,0.0005287477144987132,0.9976471782387999,0.0002984426249329145,0.0006064076734907988
591,4,4,0.9960136575326214,0.0007045198695595054,0.0004784235575632293,0.0006621963219223995,0.9960136575326214,0.00035853358567872033,0.0017826691326548283
592,5,5,0.9965979507079885,0.00039911957192955555,0.0013763126986480229,0.0006232750633448184,0.00036742681007497126,0.9965979507079885,0.0006359151480141247
593,2,2,0.9966444753951451,0.00045775103092742897,0.9966444753951451,0.0006352526114974916,0.000744756586133462,0.0007031558628152808,0.0008146085134812306
594,6,6,0.9953535242201214,0.0018470673959803635,0.0009169795739431281,0.00042508831214236594,0.0004359072821637673,0.0010214332156489835,0.9953535242201214
598,5,5,0.9966614901629016,0.0004115188182803398,0.0012918295955239754,0.000544507208688935,0.00031094875019140386,0.9966614901629016,0.0007797054644136993
599,1,1,0.9979824927101067,0.9979824927101067,0.00037312473904682375,0.0003566127663297614,0.0004086447456712009,0.0003186743766471777,0.0005604506621982948
600,2,2,0.9971673785743072,0.0003543272508262579,0.9971673785743072,0.0005888920100825267,0.0006024281430145207,0.0006868587600921595,0.0006001152616774572
601,2,2,0.9959411578685572,0.00037296766565212493,0.9959411578685572,0.000995746457457887,0.0007308357420659908,0.0011862386875963254,0.0007730535786705094
602,3,3,0.9977269830855533,0.0004338731259587468,0.00043242177613249107,0.9977269830855533,0.00044583884578342295,0.000606231278790321,0.00035465188778167076
603,5,5,0.9966833772230336,0.00040686826365980114,0.0011140276614857744,0.0007160191283764791,0.00033691068244652144,0.9966833772230336,0.0007427970409978436
604,3,3,0.9977547998007603,0.00042556391982873657,0.0004940214210170337,0.9977547998007603,0.000493381602454472,0.00047880602686439664,0.0003534272290750827
605,6,6,0.9970991319835701,0.000604193523549053,0.0007875541111136588,0.0006171810493028328,0.0005226236964448816,0.00036931563601939085,0.9970991319835701
606,3,3,0.9976567267174118,0.0004573029109048796,0.0004649008152722371,0.9976567267174118,0.0004672501347302273,0.0006133619608915388,0.00034045746078929356
607,3,3,0.9978197172984173,0.00043050304669803253,0.0005028433775218784,0.9978197172984173,0.0004448823461856026,0.0004915533039199805,0.00031050062725718067
608,2,2,0.9970738744138481,0.0003981587488247186,0.9970738744138481,0.00053008377770872,0.0006026647221712524,0.0006625962092645962,0.0007326221281826656
609,3,3,0.9978170754706766,0.00042483217916355556,0.00045832742959807176,0.9978170754706766,0.00037706810594499647,0.0005972687719627286,0.0003254280426541036
611,6,6,0.9961656860186654,0.0008782880610297533,0.00101619404952844,0.0006086758979983917,0.000633334291332415,0.0006978216814455911,0.9961656860186654
613,3,3,0.997728904140008,0.0004628966363829995,0.0004982462950806645,0.997728904140008,0.0004503783801616975,0.000504514328963613,0.000355060219402987
619,5,5,0.9964634596755583,0.00038196231453039843,0.0014026370297340177,0.0005594913776197143,0.0003705021298925691,0.9964634596755583,0.0008219474726650632
620,6,6,0.9976720456631688,0.0005802572263956257,0.0005013417225308274,0.00036189528480592585,0.00039414104916801203,0.0004903190539307756,0.9976720456631688
621,3,3,0.9978565730516143,0.00042463796065725904,0.000434807042905473,0.9978565730516143,0.00038880797248439354,0.000563657211150709,0.0003315167611877856
622,2,2,0.9972859472398117,0.0002959801368429498,0.9972859472398117,0.0004398930637810718,0.0004779953369403152,0.0010125252779115798,0.0004876589447124252
623,6,6,0.9970013528566672,0.0009086717063263013,0.000639264473708047,0.0004643787992798682,0.0005700347263358274,0.0004162974376826908,0.9970013528566672
624,2,2,0.9962287080500858,0.0004680424233672447,0.9962287080500858,0.0005671856417592818,0.0007530351967179724,0.0006452043975085717,0.0013378242905610941
625,5,5,0.9965757763878201,0.00040029370720837945,0.0014494331606308448,0.0006091154668287908,0.00037679821389901267,0.9965757763878201,0.0005885830636128341
626,1,1,0.9979499532646326,0.9979499532646326,0.00035523443409858456,0.0003957804910991433,0.0004276692068335558,0.00032649166761121646,0.0005448709357249095
628,5,5,0.9959856458346256,0.0004846658647467218,0.0011058629893764757,0.0013099314975789469,0.0003477383852847165,0.9959856458346256,0.000766155428387564
629,1,1,0.997949464228962,0.997949464228962,0.0003390894302922184,0.00036076968684721863,0.0004172685411346534,0.000339575173185361,0.0005938329395785511
630,1,1,0.9979362364493656,0.9979362364493656,0.0003731273554179994,0.000374200879166724,0.00042010791650191084,0.0003129098210143688,0.0005834175785334602
631,2,2,0.9972083180328237,0.0003796147727350524,0.9972083180328237,0.000511347559691781,0.0005935820641754184,0.0006896121920366519,0.0006175253785374858
632,4,4,0.9976369045264913,0.00046557906444740405,0.0004375971869275947,0.0005189513271369303,0.9976369045264913,0.00028291306531825464,0.0006580548296784875
633,4,4,0.9976999826958732,0.00046232028858837304,0.0004156456632513217,0.0005118451392024872,0.9976999826958732,0.0002938752430739458,0.0006163309700106417
634,2,2,0.996192162811168,0.0003950931681254398,0.996192162811168,0.0004330792863949073,0.0005556673640555402,0.001603751082544584,0.0008202462877115878
638,6,6,0.9978646742301781,0.0005066532812033286,0.0004680292381468084,0.0003709691849005968,0.0003642491103765547,0.0004254249551946278,0.9978646742301781
640,4,4,0.9976963328987026,0.00046520755261796114,0.0004237833675857468,0.0005368948352796804,0.9976963328987026,0.00027745307511690666,0.0006003282706971068
642,1,1,0.9979293402168676,0.9979293402168676,0.000375942067248423,0.00035112875244279625,0.000400788473109464,0.0003040548780228284,0.0006387456123088241
643,2,2,0.9970772063546766,0.0002986731936464621,0.9970772063546766,0.0005016801194673636,0.0005420530686709361,0.0009443040279418778,0.0006360832355968252
644,2,2,0.9973316419031087,0.0003223868334742068,0.9973316419031087,0.00044256551613801575,0.0005346475639678858,0.0008658667990057759,0.0005028913843054115
645,4,4,0.9976751925366519,0.0004485281902076642,0.0004089441595997008,0.0005478650885544692,0.9976751925366519,0.0002826625870530263,0.0006368074379332547
648,2,2,0.9969103662059711,0.00025723786725559926,0.9969103662059711,0.00044632357946742596,0.0005017621906619309,0.0010952227597451625,0.00078908739689885
649,1,1,0.9937541645676435,0.9937541645676435,0.0004419488586887066,0.0004329719852274192,0.0005905247393938259,0.0003533606919443971,0.004427029157102088
651,1,1,0.9979549047483884,0.9979549047483884,0.0003249435490569566,0.00038582244318776423,0.00042985219955574616,0.00031217019877818674,0.0005923068610329429
652,5,5,0.9965056123055056,0.00040239661075380307,0.00147111206488646,0.0006400938507051762,0.0003644436489921027,0.9965056123055056,0.0006163415191569382
653,3,3,0.9976954783691786,0.00039609373938376296,0.0004575942133437165,0.9976954783691786,0.00041281118486580156,0.0007238313640809481,0.0003141911291471713
654,5,5,0.9965418430407099,0.0004202359021567219,0.0013398865143385544,0.0006666860145253781,0.00037108380856250934,0.9965418430407099,0.0006602647197069033
656,6,6,0.9967894691474438,0.0008102816660071272,0.000898201550317856,0.0004516901722490076,0.0006025316404178735,0.00044782582356430595,0.9967894691474438
657,2,2,0.9959797657288983,0.00035016667086658267,0.9959797657288983,0.0007683174517172277,0.0006275505334986555,0.0009616799444512781,0.0013125196705679174
658,5,5,0.9963956785256445,0.0004073128929424997,0.0012949784689213844,0.0005705022663421382,0.0003499853009746377,0.9963956785256445,0.0009815425451748592
660,5,5,0.9958238403394337,0.00036132842765059257,0.0023174139189770307,0.0006181329407140687,0.0003697126308614566,0.9958238403394337,0.0005095717423630851
661,6,6,0.9974230957092981,0.0006078989362123421,0.0005689080136627232,0.0004492718091733313,0.0005274835454117635,0.0004233419862417871,0.9974230957092981
663,4,4,0.9976533423476048,0.0004850870351973677,0.0004003605720254478,0.0005457133139706124,0.9976533423476048,0.00027886747131135645,0.00063662925989035
664,6,6,0.9978100817473999,0.0005301727881924368,0.0004687268012863487,0.00040837232445521367,0.00040738355090342047,0.00037526278776261595,0.9978100817473999
665,1,1,0.9979287981623773,0.9979287981623773,0.00036093551142486784,0.0003756354496124057,0.00044225441254278997,0.00034194412586882833,0.0005504323381737552
666,5,5,0.9966000015132419,0.00047011733236042064,0.0012276187828146549,0.0005946751962157495,0.00036540132327035813,0.9966000015132419,0.0007421858520969304
667,1,1,0.9979901826504199,0.9979901826504199,0.0003293105176924349,0.00035450520723861176,0.00039776903779764605,0.00031894469441579303,0.0006092878924355499
668,2,2,0.99699734544658,0.0003747866098515999,0.99699734544658,0.0005493547590549541,0.0006251035305820076,0.0006548205202118798,0.0007985891337196026
669,1,1,0.9978829512388928,0.9978829512388928,0.00037435493509605763,0.0004299466591250008,0.00043576253605617923,0.0003650524773139578,0.0005119321535159376
670,4,4,0.9976368707296884,0.00048784240116144764,0.0004239385995465575,0.0005190606817465752,0.9976368707296884,0.00029092598019348094,0.0006413616076635357
671,2,2,0.9433661304511842,0.0010481734947503962,0.9433661304511842,0.0036287785780724662,0.001883997391883995,0.0030289667424547788,0.04704395334165429
672,6,6,0.9977977867689908,0.0005410158448421934,0.0004905598175832087,0.0003929983704488366,0.0004048952298204403,0.00037274396831455574,0.9977977867689908
674,5,5,0.9944815350300984,0.00040774162619976434,0.001524604580386655,0.0012582776474108174,0.0003342017784737122,0.9944815350300984,0.001993639337430697
675,2,2,0.9972867434791756,0.0003074326581650994,0.9972867434791756,0.00048154557871634687,0.0005336387902390318,0.0007871023202611566,0.0006035371734428244
676,5,5,0.9963967316319915,0.0004526812750609724,0.0012546437933792813,0.0006629859637636567,0.0003728522902905778,0.9963967316319915,0.0008601050455140839
677,6,6,0.9973475732210639,0.0006007926883249154,0.0005001523431243427,0.0006550112025210473,0.0004528216577207033,0.00044364888724507097,0.9973475732210639
678,2,2,0.9970781298204108,0.0004040454309713372,0.9970781298204108,0.0005263984518843555,0.0006107033968837958,0.000651727630349165,0.0007289952695005408
679,4,4,0.9976441633385967,0.0005014864314227439,0.0004289995350471965,0.0004808781853990869,0.9976441633385967,0.00029332511385194457,0.0006511473956822965
681,4,4,0.9976186045941702,0.0004908977953443198,0.0004392377401553577,0.0005068738190279094,0.9976186045941702,0.00029318366108317304,0.0006512023902190585
683,4,4,0.9976266682027466,0.0004981263505604149,0.0004297260080308868,0.0005179442535980785,0.9976266682027466,0.0002888699954541007,0.0006386651896099423
684,3,3,0.9978380719721425,0.00042800377945901604,0.0004465696366282622,0.9978380719721425,0.0003903911534298917,0.0005827427329591153,0.0003142207253812673
685,5,5,0.9962624358221022,0.0004321833245383584,0.0017375323179908198,0.0005296127397494694,0.00035086596553067924,0.9962624358221022,0.0006873698300885419
687,4,4,0.9975714793854543,0.000560333692194013,0.00043996991775727156,0.0005355467759081583,0.9975714793854543,0.000315175347283705,0.0005774948814025575
689,6,6,0.9978691739398594,0.0005417716673697458,0.00046103257438056915,0.0003424059969691169,0.00038696122742390757,0.0003986545939972675,0.9978691739398594
690,3,3,0.9979067522722282,0.00040169451046318845,0.00047973005404234817,0.9979067522722282,0.00040384301332361253,0.0005084329486404202,0.0002995472013021293
691,1,1,0.9978426856670587,0.9978426856670587,0.000343860959490988,0.00033778637807001634,0.0003564759292025929,0.0002774736580200899,0.0008417174081576102
692,1,1,0.9979455255885302,0.9979455255885302,0.0003376548136855157,0.0003970389339103788,0.00043877324131626915,0.0003366232284988312,0.0005443841940588011
693,4,4,0.9976312427861158,0.0004893196994786534,0.00041431464259908846,0.0005377550532799593,0.9976312427861158,0.0002988231869108856,0.0006285446316156521
694,2,2,0.9971902655092664,0.0003228727627300403,0.9971902655092664,0.0004863999341059497,0.0005441252554345877,0.0009211952859639848,0.0005351412524991155
695,2,2,0.9970402690580805,0.000381054116507501,0.9970402690580805,0.0005396972136323526,0.0006525607686394265,0.0006799466597549443,0.0007064721833853969
696,2,2,0.9972352997333515,0.00038501640117071147,0.9972352997333515,0.0005124730256005755,0.0005698069348335563,0.0007344456840135246,0.0005629582210303032
698,1,1,0.997982348667233,0.997982348667233,0.00035963131969677536,0.0003758007107854379,0.0004087210748563739,0.0003032445351274942,0.000570253692300854
700,4,4,0.9976525191958829,0.00048296671062991644,0.00038398881035377837,0.0005577243467179011,0.9976525191958829,0.0003009849537393554,0.0006218159826761833
702,6,6,0.9978049176474584,0.0005204091897458014,0.0004968498141358517,0.0004132464436557917,0.00040588221428693606,0.00035869469071719037,0.9978049176474584
703,5,5,0.9965224921016589,0.0003827948615381004,0.0015845924227421298,0.0005944455304150143,0.0003680381143463721,0.9965224921016589,0.0005476369692995309
704,3,3,0.9978100037166684,0.0004489572905302987,0.0004880196344337327,0.9978100037166684,0.00043485392441367784,0.0004997268823378073,0.00031843855161613476
705,5,5,0.9966077629084554,0.00030355838873502724,0.0015041697505505669,0.0006028953833519566,0.0003056831720477692,0.9966077629084554,0.0006759303968592462
706,4,4,0.9976361222083906,0.0005088186224277599,0.00042642838155768884,0.0005016223507953765,0.9976361222083906,0.00031789550745293195,0.0006091129293756673
707,2,2,0.9968986037513515,0.000413453643667489,0.9968986037513515,0.0005557082877475105,0.000659645291548273,0.000892086484492935,0.0005805025411922337
708,4,4,0.9976155970726462,0.0005243320013494044,0.0004205117964952703,0.000518853379772031,0.9976155970726462,0.0002972064603193528,0.0006234992894176679
711,4,4,0.9975632571963319,0.0005465679136430631,0.00042928272083640187,0.0005032118151944574,0.9975632571963319,0.0003467142114588043,0.0006109661425353936
712,5,5,0.9963104378207056,0.000329773648514102,0.0018615765031705317,0.0004635286284213251,0.0003311069532283576,0.9963104378207056,0.000703576445960083
713,2,2,0.9962304047202679,0.0004481273269778393,0.9962304047202679,0.0007759511790568806,0.0008063615380987305,0.0008380032801840536,0.0009011519554145587
714,5,5,0.9962102238544686,0.00042289131941029606,0.0013225730593248177,0.0007220804155471763,0.0003935192678640085,0.9962102238544686,0.0009287120833852288
715,3,3,0.9978351189188451,0.00044290466685427914,0.0004833896916734896,0.9978351189188451,0.00042679479609201423,0.0004903720782501895,0.0003214198482849013
716,5,5,0.9957421241459861,0.0003328405376710098,0.0023748778773137334,0.0004456541420181011,0.0003189344657964489,0.9957421241459861,0.000785568831214641
717,5,5,0.9965653388477437,0.000409465897675101,0.0010684015488402177,0.0007752598706833134,0.0003178121205678383,0.9965653388477437,0.0008637217144899086
718,2,2,0.9967467738359995,0.0003184057788860641,0.9967467738359995,0.00043382340556617793,0.0005412165231904961,0.0014228551188383387,0.0005369253375194431
719,2,2,0.9973927599645708,0.00030186999640425513,0.9973927599645708,0.0004549802005729874,0.0004886558098006215,0.000800334525702531,0.0005613995029488751
721,6,6,0.9978113870963786,0.0005305102730506494,0.00044325751233168116,0.0003975823095989029,0.0004336473401066026,0.0003836154685335627,0.9978113870963786
723,1,1,0.9979486586048165,0.9979486586048165,0.0003358724483456696,0.00036451902715728944,0.0004238048657493036,0.0003062971081407634,0.0006208479457905024
724,4,4,0.9976014079128737,0.0004460309096985653,0.00043330435814301483,0.0005255247596490821,0.9976014079128737,0.00030175068438673103,0.0006919813752489476
725,2,2,0.9970918310528337,0.0003719472807245902,0.9970918310528337,0.0005366381642338032,0.0005951928557962634,0.0007135913639120222,0.0006907992824997475
726,3,3,0.997814603612351,0.0004205770456282439,0.00047526066639798267,0.997814603612351,0.0004196307055261377,0.0005522123251885077,0.00031771564490820024
727,2,2,0.997188774471059,0.0003947351760755899,0.997188774471059,0.000495953790106,0.0005639390011544489,0.0007083339346633556,0.0006482636269415432
728,5,5,0.9962362921632526,0.00039062015624708986,0.0013018878302795281,0.000697932050707216,0.0003720478082637208,0.9962362921632526,0.0010012199912498277
730,3,3,0.9978241308317167,0.0004340968696310723,0.00048307629083001966,0.9978241308317167,0.00043960607953757693,0.0004985985868756361,0.0003204913414089594
731,1,1,0.9978735475179462,0.9978735475179462,0.00038799927658322733,0.0003751488861271535,0.00042737883037904527,0.0003148474591722777,0.0006210780297921121
732,3,3,0.9977438605504201,0.00047407334944301157,0.0004944008037272966,0.9977438605504201,0.0004782759426265229,0.00046117560842511376,0.0003482137453580091
734,1,1,0.997967610266931,0.997967610266931,0.0003245890384841109,0.00036678298395609565,0.00039878613639437663,0.0002969344928626126,0.0006452970813718841
735,6,6,0.9954797797550242,0.0021483031362048237,0.0006695442651096338,0.0005368860852696529,0.0007220489762884051,0.0004434377821032412,0.9954797797550242
737,6,6,0.9978738717106445,0.0005789527608368019,0.0004532950849454786,0.00033924710129019676,0.00038237766703165657,0.00037225567525143614,0.9978738717106445
739,5,5,0.9940677033846644,0.0004662886097282364,0.0023283081007069435,0.0006750353502232308,0.0003235352939333861,0.9940677033846644,0.002139129260743805
740,3,3,0.9975673880334757,0.00046854130228098946,0.0004946185373859023,0.9975673880334757,0.0004909912688873353,0.0005549465853259622,0.0004235142726441591
741,4,4,0.9976136235314557,0.000477480504832714,0.00040876609407226893,0.0005977600676027365,0.9976136235314557,0.00030107827538331357,0.0006012915266533679
743,3,3,0.9978309493295454,0.0004313460404743994,0.00047467032876367645,0.9978309493295454,0.0004378206832406094,0.0004948109971963643,0.00033040262077955817
745,1,1,0.9979366539227883,0.9979366539227883,0.000382787013258772,0.0003687460151055269,0.00041079351422546284,0.0003664363350105077,0.0005345831996114609
747,3,3,0.9973993557036644,0.0005415483684327035,0.0005388139474027035,0.9973993557036644,0.0005274450609711416,0.0004994713930851223,0.0004933655264438948
750,3,3,0.997836733894285,0.0004106607378009287,0.00047958247673288455,0.997836733894285,0.0004743560692490469,0.0004953320431401627,0.00030333477879209694
751,3,3,0.9978725719168653,0.0004192798644437482,0.0004877055087453013,0.9978725719168653,0.0004045139181648694,0.0005114739691795191,0.00030445482260127823
752,2,2,0.9968588393400992,0.0003743452268290864,0.9968588393400992,0.0005793417245809258,0.0006938483012644126,0.0007844506213264536,0.0007091747858998953
753,4,4,0.9975459274575889,0.0004944906250574415,0.000479956695566536,0.00048239844880639644,0.9975459274575889,0.0002948687848281897,0.0007023579881525283
755,6,6,0.9973148646684796,0.0005500664088230983,0.0006255519075025754,0.000376923589679732,0.000450561926458318,0.0006820314990566643,0.9973148646684796
756,4,4,0.9976399052194702,0.0004834915218431175,0.0003912369004200137,0.0005266340458909749,0.9976399052194702,0.00029439443897404636,0.0006643378734016356
757,1,1,0.9979670948294387,0.9979670948294387,0.000382234919580226,0.00032898492629820437,0.00038214926701480987,0.00031233692557720806,0.0006271991320908842
758,1,1,0.9978954878279171,0.9978954878279171,0.00032296925480250125,0.00034091112614989414,0.0004422253152396565,0.00026380174904913644,0.0007346047268417201
759,4,4,0.9975893453916536,0.0004848394871012447,0.0004338718116900194,0.0005417261831095989,0.9975893453916536,0.00032047368446158213,0.0006297434419841298
760,1,1,0.9979076233193516,0.9979076233193516,0.0003716317377902069,0.0003377642260308319,0.00040208155809565415,0.0002974381095019342,0.0006834610492299196
763,2,2,0.9950331781252922,0.0002791671859152188,0.9950331781252922,0.0005996749723414456,0.0005484589167751494,0.0029855989766720977,0.0005539218230038134
764,5,5,0.9945527079587939,0.0003645936362597417,0.0032044292542173862,0.0006005629627785706,0.00040554065591660605,0.9945527079587939,0.0008721655320337864
765,3,3,0.9971409471055545,0.000514405575768683,0.0006046811707400997,0.9971409471055545,0.0009123880364810029,0.00042404135963854713,0.00040353675181727
766,2,2,0.9970546204299604,0.0002981601413205025,0.9970546204299604,0.00046983372027812334,0.0005142002125449513,0.0011484989001152818,0.0005146865957807919
767,4,4,0.9976544759048397,0.00048416578321030813,0.0004257929302259258,0.0005210243866975,0.9976544759048397,0.00030192848569007743,0.0006126125093364926
770,4,4,0.9976887525238122,0.0004835762870512936,0.0004300236974617437,0.0005020616137404663,0.9976887525238122,0.000294635794698345,0.0006009500832360516
771,2,2,0.997160115161105,0.00035870433194395995,0.997160115161105,0.0004911052129135299,0.0005667494963670734,0.0006658249807763308,0.0007575008168941048
772,4,4,0.9975910604240793,0.0004400587007963152,0.00041804439052524865,0.0005917268112905109,0.9975910604240793,0.0002791999506034926,0.000679909722704931
773,6,6,0.9965212384856833,0.0005855561490235033,0.0013031371688275188,0.00041150037014087284,0.00042969011872970574,0.0007488777075951292,0.9965212384856833
774,4,4,0.9975493421105942,0.0004485864716226648,0.00044330130339166265,0.0005525917441728722,0.9975493421105942,0.00031777750289152057,0.000688400867327047
775,3,3,0.9978922977933815,0.00041261017562036184,0.00047775281221053837,0.9978922977933815,0.00042484071084975303,0.0004912947660109211,0.0003012037419269653
777,2,2,0.8006715098328714,0.0018784019442342028,0.8006715098328714,0.009040255940349073,0.009689811520124344,0.013354773499477827,0.16536524726294316
778,3,3,0.9977688812889182,0.00044928741514427473,0.0004920831427402659,0.9977688812889182,0.0004760310996369959,0.0004523000399534446,0.0003614170136068359
780,3,3,0.9976210397646806,0.0005132450811281227,0.0005146257669002823,0.9976210397646806,0.0004806955595686185,0.0004708041276266589,0.00039958970009568807
781,3,3,0.9978292680860166,0.00042801900123945404,0.0004934506778791738,0.9978292680860166,0.00044082500843623895,0.00046719188897784364,0.00034124533745068947
782,1,1,0.9977461816470143,0.9977461816470143,0.0003578225194026649,0.0003175133353822617,0.0003944036482155765,0.00027854388800549376,0.0009055349619797939
784,1,1,0.997814037679856,0.997814037679856,0.00037141069186039284,0.0003858042220125537,0.0003944718653685529,0.00039126881465574223,0.0006430067262467751
789,6,6,0.997117862032237,0.0008978998968576678,0.0006117239153347461,0.0004310577286399846,0.0005476302967122398,0.00039382613021838816,0.997117862032237
790,5,5,0.9964521830841745,0.0005074086824310283,0.0011705979597520454,0.0007164031913935527,0.00041425755727765335,0.9964521830841745,0.0007391495249711974
791,4,4,0.9976089291571955,0.0004909210976964361,0.0004097797421285557,0.0004907654504252144,0.9976089291571955,0.00030267264986480865,0.0006969319026894918
792,3,3,0.9976832678512799,0.00048391755805413187,0.0004919608962142765,0.9976832678512799,0.0004962837462781501,0.0004791199663168012,0.00036544998185675395
793,4,4,0.9976669201969244,0.0004663214066133153,0.00039260505342456737,0.0005397626995428768,0.9976669201969244,0.0003059374103703296,0.0006284532331245733
794,3,3,0.9978169933156745,0.0003938582194318713,0.000493792212069686,0.9978169933156745,0.0004953257510331476,0.0004937656111698795,0.00030626489062091637
796,2,2,0.9973188381662011,0.00034583035169430805,0.9973188381662011,0.0005023145520449441,0.0005636783508344179,0.0007011785875940867,0.0005681599916311351
797,3,3,0.9978619628520919,0.0003859769362540505,0.0004945145541349071,0.9978619628520919,0.0004275118293153857,0.0005268481544033651,0.0003031856738003129
799,1,1,0.9979376461808303,0.9979376461808303,0.0004003736697944701,0.00037269368695354776,0.0004199450929085315,0.00034109807489289074,0.0005282432946202649
803,4,4,0.9976335543555944,0.00044582346633600505,0.00041503138156232834,0.0006015707489396388,0.9976335543555944,0.0002928418333680907,0.0006111782141994841
804,1,1,0.9979224632168433,0.9979224632168433,0.0003647314816756701,0.00039727879337771995,0.0004372828855571455,0.00035411908895363885,0.00052412453359257
805,3,3,0.9977432204163657,0.0004492321867423633,0.0005048969637367764,0.9977432204163657,0.0005029636543114756,0.00046131411918567017,0.00033837265965813474
806,5,5,0.996607460156582,0.0003395447286737975,0.0015597636694084842,0.0005312383436922146,0.00032992576797898966,0.996607460156582,0.000632067333664568
807,1,1,0.9978409790375687,0.9978409790375687,0.00034892063533915814,0.0003667511548916051,0.00044255851162784216,0.00032111966755620457,0.0006796709930164446
808,3,3,0.9977707626476943,0.0004528151077511867,0.0004904466215747075,0.9977707626476943,0.00048239327173598225,0.0004502168924525453,0.0003533654587913921
810,6,6,0.9975931496094166,0.0007464806884257478,0.0004702953367143465,0.0003739802218239493,0.0004462320557821609,0.00036986208783716836,0.9975931496094166
811,2,2,0.9972916293061522,0.0003309305191002963,0.9972916293061522,0.0004780206386464237,0.0005472769288390822,0.0007445014233845937,0.0006076411838775139
812,1,1,0.9950194567329602,0.9950194567329602,0.0004153977875564715,0.00040265901159479076,0.00048042948316751364,0.00031733001315959293,0.0033647269715614213
813,6,6,0.9971027514446085,0.0011872163453362844,0.0005230606570550266,0.00033624562938508934,0.00045567154756394205,0.0003950543760512068,0.9971027514446085
814,1,1,0.9978854910821713,0.9978854910821713,0.0003725597952500579,0.0004055282679558818,0.0004417837566575217,0.00035505058010874634,0.0005395865178564828
815,2,2,0.9944106264730489,0.00029539457506003067,0.9944106264730489,0.0005314560480907825,0.0005343982123205714,0.0037157309525584705,0.0005123937389212116
817,4,4,0.9976675839445357,0.0004980579713246755,0.0004065891348114523,0.0005346049933942124,0.9976675839445357,0.0002968474857554564,0.0005963164701785507
820,4,4,0.9975904733200581,0.0004492923599804644,0.00042964564595709894,0.000515521177538031,0.9975904733200581,0.0003145849698217199,0.0007004825266445182
821,5,5,0.9963475793883797,0.00041511845822767777,0.0011042969702868023,0.0009418859009659333,0.0004110053303951594,0.9963475793883797,0.000780113951744707
822,4,4,0.9976550810920735,0.0004711610913711346,0.0003792466321375941,0.0005509689982948787,0.9976550810920735,0.00029985688901959723,0.0006436852971033179
825,2,2,0.9972624530591013,0.0003596170192039411,0.9972624530591013,0.0004934606135965783,0.0005633245897001317,0.0007010667293969293,0.0006200779890010983
826,2,2,0.9967435249394487,0.00043027418672515066,0.9967435249394487,0.0005813745461813647,0.0007036533542415424,0.0008136171679134291,0.0007275558054898391
827,3,3,0.9978741474481336,0.0004155322995498998,0.0004413348826913966,0.9978741474481336,0.000394048550254235,0.0005553685515272121,0.0003195682678435775
828,2,2,0.9968201179922641,0.00039439058602476815,0.9968201179922641,0.0005747876860837642,0.0006427191713410821,0.000928090327217718,0.0006398942370685393
829,2,2,0.9971299448851298,0.00033166828902403997,0.9971299448851298,0.0004773445973369419,0.0005603501161308835,0.0009546650384953765,0.0005460270738829356
833,4,4,0.9976189416946206,0.0005254142285812045,0.000417773307588662,0.0005153372604349977,0.9976189416946206,0.00030303352601484385,0.0006194999827596917
834,1,1,0.9979256071466363,0.9979256071466363,0.00037977098200622637,0.00039534118155523944,0.0004283412571521456,0.0003624047269296713,0.0005085347057202234
835,5,5,0.9962259004920166,0.0005214771720881418,0.0012129427279034119,0.0008254080864124226,0.0004181454994389849,0.9962259004920166,0.000796126022140422
836,4,4,0.9975103979819655,0.0004325891634003884,0.0004304894676262128,0.0005939267366067178,0.9975103979819655,0.0003329791243914609,0.0006996175260097937
838,5,5,0.996565274745805,0.0004328689504935271,0.0010481841083783588,0.0008338430134327247,0.00036733224707885385,0.996565274745805,0.0007524969348115207
840,5,5,0.9955147247879257,0.0004285452229192848,0.001764115726297119,0.0013740316485884492,0.00036409514514100424,0.9955147247879257,0.0005544874691284754
841,2,2,0.9967077947878511,0.00040795351286010206,0.9967077947878511,0.0005802082583175436,0.0007070281410372062,0.0007998936325779739,0.0007971216673562454
842,5,5,0.9961969474192253,0.0003764090086502281,0.001303885820671203,0.001265028245716073,0.00030687014401728794,0.9961969474192253,0.000550859361719987
843,1,1,0.9979963586419447,0.9979963586419447,0.0003521792131187204,0.00035074130931616216,0.0003895052528614718,0.00032341863413821466,0.0005877969486207666
844,1,1,0.9979120416178697,0.9979120416178697,0.0003372240346785569,0.00042256045724317946,0.0004329994779022837,0.0003411010143431082,0.0005540733979631691
845,1,1,0.9978981314011093,0.9978981314011093,0.0003773084429697281,0.0003783470713980399,0.00042774919524894885,0.0003733236919045694,0.0005451401973695572
846,6,6,0.9969567744506258,0.0008645200428502111,0.0007179302845296936,0.00043452977083909705,0.00047747907705879,0.0005487663740964513,0.9969567744506258
847,4,4,0.9976770709204908,0.00045887909583601955,0.00042323094743175764,0.0005108551341102796,0.9976770709204908,0.0002992983628229468,0.0006306655393080924
849,4,4,0.9976639439549342,0.0004468955310831033,0.00041577576656307534,0.0005758193260133178,0.9976639439549342,0.00028612143640712476,0.0006114439849991448
851,1,1,0.99786712182511,0.99786712182511,0.0003781405448662074,0.00041065776034074683,0.00045905294910042184,0.00036777262525816316,0.0005172542953245395
854,6,6,0.997764934053553,0.0006063774859878849,0.00041352753305361233,0.0003733389853406076,0.0003406845461350529,0.0005011373959298381,0.997764934053553
856,2,2,0.9962938388711862,0.0004835681734451517,0.9962938388711862,0.0005696105731410103,0.0007292144844354127,0.0006483532656523336,0.0012754146321399772
857,4,4,0.9975961951389669,0.000533227169113938,0.00041274844449739186,0.000521133827732944,0.9975961951389669,0.00029611090205599406,0.0006405845176328412
859,1,1,0.9979098045515726,0.9979098045515726,0.00038569778728657453,0.0003605567323733836,0.0004163609743286017,0.0003164033658625806,0.0006111765885761835
860,4,4,0.997341637154642,0.0005549504195223802,0.0004968273306153069,0.0005792780801295982,0.997341637154642,0.00036381850953703856,0.0006634885055537362
862,1,1,0.9978486736826395,0.9978486736826395,0.0003925891354348522,0.000428844065330756,0.00045651129951954165,0.0003772588103166884,0.0004961230067587548
865,6,6,0.9977578713590985,0.0006207011294360724,0.00047497516251703226,0.0003607398317990373,0.0003861476217979222,0.0003995648953513909,0.9977578713590985
866,3,3,0.9977490329711995,0.000447259198311811,0.0005069340707725086,0.9977490329711995,0.0005191583780854412,0.0004395497391245758,0.00033806564250615724
867,2,2,0.9971365016826054,0.0003836070476887589,0.9971365016826054,0.0004880729674616228,0.0005917561397859306,0.0007385346595990734,0.0006615275028592611
868,2,2,0.9967732796157631,0.0003973779982435461,0.9967732796157631,0.0006916084853908519,0.0006851727562797458,0.0007769310088198998,0.0006756301355027925
870,4,4,0.997642611246402,0.0005074435205855928,0.0004148317528204581,0.0005139892051126562,0.997642611246402,0.0002999166130583259,0.0006212076620209589
871,4,4,0.9976379785424553,0.0005105007977950087,0.00041716458149368657,0.0005108697179467,0.9976379785424553,0.00029942311554247164,0.0006240632447669423
872,1,1,0.9977984292929849,0.9977984292929849,0.0004135764802320714,0.00040571646658547444,0.00046751039165163764,0.00036036096779665954,0.000554406400749243
876,4,4,0.9974823338624423,0.0005505125013747311,0.00040465510810910215,0.0005488389147510099,0.9974823338624423,0.0003252130616983779,0.0006884465516244246
877,5,5,0.9957728053024536,0.00028890296416135655,0.0023943829051597185,0.000495111408223199,0.0003077239461538074,0.9957728053024536,0.000741073473848365
878,2,2,0.9965969731337208,0.0002601937690812005,0.9965969731337208,0.0003702368633523526,0.00047126280531543057,0.0018246521594745412,0.00047668126905571245
879,5,5,0.9963506539063347,0.00042377782273302924,0.0012800624928255857,0.0006497306800658915,0.00037496953451749034,0.9963506539063347,0.0009208055635232918
880,4,4,0.9976594034734451,0.0005067763663588039,0.0004057297799784944,0.0005171202759641626,0.9976594034734451,0.0002945431272372565,0.0006164269770162983
881,5,5,0.9963206341587749,0.0004518610789106936,0.001241394587455696,0.0008108766286061471,0.00042654650823796173,0.9963206341587749,0.0007486870380145349
882,1,1,0.9970240184426904,0.9970240184426904,0.00035550101221467766,0.0003472684998343598,0.0004705952995805731,0.000271117927663428,0.0015314988180165847
884,1,1,0.9979273313754738,0.9979273313754738,0.0003580821004923737,0.0004010466894146359,0.00044034666943940185,0.00033571624282178314,0.0005374769223579349
885,6,6,0.997853816223524,0.0005719084878555119,0.00042531322134257656,0.000370232097586714,0.00037543891837806134,0.0004032910513131557,0.997853816223524
888,4,4,0.9976466098340209,0.0005029981738753052,0.000422934178176257,0.0005344668645495199,0.9976466098340209,0.0003061576801516208,0.0005868332692264437
889,4,4,0.9976249943368825,0.00048008540852425056,0.000427471652433806,0.0005253618274530114,0.9976249943368825,0.00030054898215143926,0.0006415377925550778
890,6,6,0.9977495010387825,0.0006621879832329765,0.0004417835706497896,0.0003758357755524377,0.0004319286935781038,0.0003387629382042259,0.9977495010387825
891,2,2,0.9969315406252182,0.00039557820005869856,0.9969315406252182,0.0005742719547347639,0.0006562307948149598,0.0006411254977338419,0.0008012529274395868
893,5,5,0.9959821620176366,0.0004405054751870622,0.0012552525047732214,0.0007453111405501316,0.00037544296051059546,0.9959821620176366,0.0012013259013425
894,3,3,0.9977936354961658,0.00046011285365360715,0.00047159609102585815,0.9977936354961658,0.00044391334017658833,0.0004838233969873995,0.0003469188219907433
895,6,6,0.9977887371702948,0.0006136168803898965,0.0004551588816450444,0.0003497845853281473,0.00040909682804976793,0.0003836056542922839,0.9977887371702948
896,2,2,0.9971245865270159,0.0003938338786832787,0.9971245865270159,0.0005470253895768584,0.0006244286452341493,0.0006626200829890861,0.0006475054765008138
899,2,2,0.9969964160299964,0.0004170485827783196,0.9969964160299964,0.0005594384349016124,0.0006303659840692889,0.0006554569205094382,0.000741274047744912
900,1,1,0.997927171331015,0.997927171331015,0.0003754196156877603,0.00036713698582750687,0.0003943967680034796,0.0003798304466350938,0.0005560448528310781
901,4,4,0.9975757501028117,0.0005148237911510265,0.0004507732787941311,0.0005008551176566477,0.9975757501028117,0.0002886955134459342,0.0006691021961406151
903,5,5,0.9959676865156849,0.00046121684001399046,0.001510500300318079,0.0006234481491058474,0.00039024435120592007,0.9959676865156849,0.0010469038436712332
904,6,6,0.9976184490981768,0.0006126859666840888,0.00047705951674141,0.00046483971967079983,0.00044221343981685574,0.0003847522589100581,0.9976184490981768
907,1,1,0.9979569021925324,0.9979569021925324,0.000364018469658308,0.00038212457431391686,0.00042528575991446823,0.0003222399488769456,0.0005494290547039772
908,4,4,0.997666671192477,0.000461179974930585,0.0004212222801762859,0.0005317918015879525,0.997666671192477,0.00030059421348185405,0.0006185405373463041
909,4,4,0.9976420762807432,0.0004692794062123029,0.00042983917667794127,0.0005519028506199505,0.9976420762807432,0.0002716484531824668,0.000635253832564162
910,6,6,0.9974903269476383,0.0004808512651517652,0.0006145072067519929,0.0005819815794325708,0.0004624285979393265,0.00036990440308604984,0.9974903269476383
911,2,2,0.9972941643676073,0.00031962814394889054,0.9972941643676073,0.00042933291228292524,0.0005150024850831867,0.0009411884000638803,0.00050068369101378
912,1,1,0.9979833679045547,0.9979833679045547,0.0003305120148563441,0.00032415518511145103,0.00038715039901679503,0.00030197704697031125,0.0006728374494904116
914,3,3,0.9972237447525053,0.0004937549287095442,0.0005742365085698737,0.9972237447525053,0.0007577262079105898,0.0005042233437980804,0.0004463142585065554
915,2,2,0.9969291118998198,0.0004151451382331348,0.9969291118998198,0.0005658559888189709,0.0006714248245769297,0.0005988606600257053,0.0008196014885254795
916,1,1,0.997908842463189,0.997908842463189,0.00034243642990976886,0.0003236698141476843,0.000427518889016943,0.0002611706180700696,0.000736361785666646
918,2,2,0.9971546046698255,0.00038142921831551,0.9971546046698255,0.0005739355175039705,0.0005900655590162294,0.0006496220667251071,0.000650342968613619
919,1,1,0.9978486266747267,0.9978486266747267,0.0004076141813768718,0.00038215403111997563,0.0004293971495398268,0.00031256143841151097,0.000619646524825044
920,5,5,0.9965698417064514,0.000449650146182868,0.0013058363695050304,0.0006311700544628808,0.00037670345499945406,0.9965698417064514,0.0006667982683983831
921,3,3,0.9977738615208753,0.0004420088819114266,0.000470064800844091,0.9977738615208753,0.00046419089094993824,0.0005262170057236953,0.0003236568996955687
922,2,2,0.9953846882063346,0.0006029182304831391,0.9953846882063346,0.0008256361517264348,0.001062803134324338,0.0008616246073594193,0.0012623296697719924
923,5,5,0.9965476242012109,0.0004032078079507429,0.001457840182048664,0.0004985781776265827,0.0003507231541610029,0.9965476242012109,0.0007420264770020775
924,5,5,0.9963098752361282,0.00048042333124824184,0.001205856284027528,0.0009274095607631274,0.0004133714779900083,0.9963098752361282,0.0006630641098428493
925,3,3,0.9977475336099711,0.00042404022036853525,0.0005167000582812345,0.9977475336099711,0.0005097135096225474,0.0004661074179771857,0.0003359051837793387
926,5,5,0.9914120426481478,0.0006199288758263655,0.0024708092655327087,0.0008677397264468114,0.0005086648738862342,0.9914120426481478,0.004120814610160129
927,5,5,0.9962141252944575,0.0003611640544115114,0.0020120822104499397,0.00053946652402005,0.00034808909993126877,0.9962141252944575,0.0005250728167297836
929,6,6,0.9977911555667968,0.000526562208508135,0.0004952241356819376,0.00039752173434603593,0.0004084962647717619,0.0003810400898953839,0.9977911555667968
930,6,6,0.9972509408589662,0.0008041576097261587,0.0006419550412985151,0.00034161283424556215,0.0004412887936167089,0.000520044862146853,0.9972509408589662
932,2,2,0.9941488802425257,0.0006107808041009187,0.9941488802425257,0.0006903293749503575,0.0009017303507071414,0.001159913057773096,0.0024883661699428095
933,4,4,0.9976413943528234,0.000497940670030537,0.0004109381783759206,0.0005467313767079679,0.9976413943528234,0.00030020011718607273,0.0006027953048760671
934,3,3,0.9978006511744946,0.0004238895211379489,0.00048174595719721657,0.9978006511744946,0.00048388450666552585,0.0004412712600608842,0.00036855758044382304
935,1,1,0.9978872467232843,0.9978872467232843,0.000365117758654033,0.00041441737994596644,0.00042335502123089355,0.000354264852393517,0.0005555982644912105
936,5,5,0.9960706397814629,0.0003987094848934054,0.0011075205423294286,0.0012574357545199857,0.00044310012681886583,0.9960706397814629,0.0007225943099753344
939,5,5,0.9964762867158885,0.0004906974764532563,0.0011711930323231934,0.0007486537036749842,0.0003915292538327682,0.9964762867158885,0.0007216398178272923
940,4,4,0.9976472252470386,0.0004990157901053513,0.00042496772922679315,0.0005166259358273487,0.9976472252470386,0.0003035011175561952,0.000608664180245776
941,5,5,0.9955540913758201,0.00037001525232887325,0.002364972934716031,0.000738731950025787,0.0003496900114323396,0.9955540913758201,0.0006224984756769275
942,4,4,0.9975775594944253,0.0005093978006456294,0.0004374280186237402,0.0005612267143292733,0.9975775594944253,0.00030399813828905717,0.0006103898336870379
943,4,4,0.9975812261530206,0.0005249493314791558,0.00040030589329012074,0.0005272714096555631,0.9975812261530206,0.0002995983179670353,0.0006666488945875305
945,3,3,0.9977573187603271,0.00045608153196870764,0.0005025540892538934,0.9977573187603271,0.0004779488392636852,0.00044531553092707455,0.00036078124825960473
946,5,5,0.9966186164356378,0.00039537992664618514,0.0013302054560811532,0.0006586639712912668,0.0003664741190018472,0.9966186164356378,0.0006306600913418633
947,1,1,0.9979179549005881,0.9979179549005881,0.00036150585344605447,0.0003948415305111456,0.0004619954844179076,0.0003449288916353983,0.0005187733394013663
949,4,4,0.9976188093617283,0.00047435492946439664,0.00040031312918052117,0.0005422624283661753,0.9976188093617283,0.0003025919296287181,0.00066166822163192
950,6,6,0.9977162741890309,0.0005899598274952231,0.0005196041719003113,0.000390497634366234,0.0004324620677450351,0.00035120210946232457,0.9977162741890309
951,4,4,0.9976500478851372,0.00047935034253845487,0.0003971866525994359,0.0005366217018837649,0.9976500478851372,0.0002978747826987577,0.0006389186351423929
953,3,3,0.9978822908058622,0.00042071646811530684,0.00048043022220740065,0.9978822908058622,0.00041824319553834924,0.0004778945510189299,0.0003204247572578419
955,6,6,0.9976859981374039,0.0005263126644423251,0.00047442871449229984,0.00047322017796933984,0.0004572810000431885,0.00038275930564898663,0.9976859981374039
956,5,5,0.9965052785358506,0.00034258884882533614,0.0012831158470182325,0.0007202001419117643,0.0003257026605690119,0.9965052785358506,0.0008231139658251779
957,5,5,0.9966473931510567,0.0004566022141370206,0.0011490024345021507,0.0008005372751139847,0.00034861911864751373,0.9966473931510567,0.0005978458065426581
958,4,4,0.9976391348931077,0.0005130625567560048,0.000427951318750808,0.000490659069350327,0.9976391348931077,0.0002998603898482742,0.0006293317721868627
959,5,5,0.9965512856365345,0.0003554322502821668,0.0014119174012875426,0.0005553168651765281,0.0003366603376496467,0.9965512856365345,0.0007893875090696595
960,1,1,0.9977608250617855,0.9977608250617855,0.0003795294523091173,0.00029667427690303075,0.0003773297555839395,0.00031074149767713736,0.0008748999557412643
961,5,5,0.9943829412812758,0.0002892725064337747,0.0038453038778832665,0.00048817229658878813,0.00040442314621953545,0.9943829412812758,0.0005898868915989152
962,2,2,0.9964714732689716,0.0003126621518660698,0.9964714732689716,0.0005560102671237009,0.0006011538037132383,0.0012175524276943428,0.0008411480806308515
963,4,4,0.9975900203516699,0.0005188506717214048,0.0004328764658312652,0.0005367952218072644,0.9975900203516699,0.00030333874103886444,0.000618118547931326
964,4,4,0.9976354699791639,0.0004931245862465278,0.0004028991333041867,0.0005071157286766435,0.9976354699791639,0.0002903634700449101,0.000671027102563913
967,1,1,0.9980101720475899,0.9980101720475899,0.0003439834531774471,0.00035027084069210617,0.0003971070799100872,0.0002961456638882179,0.0006023209147422082
968,6,6,0.9950593830998644,0.0007579461181542568,0.0006366471721010317,0.0023643758901252037,0.0005715943476804077,0.0006100533720746843,0.9950593830998644
969,3,3,0.9978433231756835,0.0004234117252742622,0.0004812327091287198,0.9978433231756835,0.00042281349607613483,0.0005052297180784225,0.00032398917575899243
970,5,5,0.9966087306792487,0.0003982395269154075,0.001287402580690078,0.0005667827770973337,0.0003058957798522432,0.9966087306792487,0.0008329486561962145
972,1,1,0.9979991869823557,0.9979991869823557,0.0003578562662400751,0.00034954752963788625,0.0003689947684343799,0.0003505811231300019,0.0005738333302019938
973,3,3,0.9977998488855612,0.00043698215533363423,0.0004868395506950286,0.9977998488855612,0.00043868304145308444,0.0004975177173618122,0.0003401286495953003
974,2,2,0.9972072906121814,0.00036844012582432393,0.9972072906121814,0.0004938739904516833,0.0005875462354081718,0.0007275681323426589,0.0006152809037917862
975,5,5,0.9963998411478187,0.000405640704095964,0.001107667995872051,0.001058663666524962,0.00038055067117362526,0.9963998411478187,0.0006476358145147414
976,1,1,0.99796443553684,0.99796443553684,0.0003838052836338006,0.0003664169975478629,0.0004158234240408142,0.0003208511122685894,0.000548667645668915
977,6,6,0.9976794328065101,0.0005068259883207937,0.0005707363132910792,0.00036493695390281546,0.00039296336113027664,0.0004851045768450021,0.9976794328065101
979,3,3,0.9978912908942648,0.00040064020436727404,0.00047902133430732774,0.9978912908942648,0.00042961394196842277,0.0005044607898948047,0.00029497283519738115
983,5,5,0.9965721629536237,0.00039478785343567956,0.0013075054499625518,0.0005890759211493206,0.0003419816583465293,0.9965721629536237,0.0007944861634821591
985,6,6,0.9977027116750473,0.0005930336383743234,0.0005299435812263306,0.00037535591838443525,0.00041558119292428483,0.00038337399404334867,0.9977027116750473
986,4,4,0.9973831655822748,0.00045670233713314396,0.0004901789304118688,0.00056831450699157,0.9973831655822748,0.00034307728817627804,0.000758561355012346
989,6,6,0.9978205895739907,0.0005273277500047806,0.00044880282352619845,0.00037190421905084495,0.0003766165947393698,0.0004547590386881303,0.9978205895739907
991,3,3,0.9975220554009147,0.00046414235532950536,0.0006026996549981411,0.9975220554009147,0.0005750662631885058,0.0004486047788291677,0.00038743154673998866
992,5,5,0.9966698461798726,0.000415112946863732,0.0012181670383441831,0.0006903159784685216,0.00037344848453577426,0.9966698461798726,0.0006331093719151449
994,1,1,0.9978319772843651,0.9978319772843651,0.00038808859806222374,0.0003529158339615555,0.00039886274853778204,0.00031039048203037613,0.0007177650530429046
997,3,3,0.9978178269978017,0.0004165920555964413,0.00047774016824019894,0.9978178269978017,0.00046024143070333754,0.0004681668699718771,0.0003594324776864379
998,4,4,0.9976803225636245,0.00045547890834822297,0.0004094596343490806,0.0005504333113078513,0.9976803225636245,0.0002760416329439628,0.0006282639494264227
999,2,2,0.9972673918161779,0.000349767735492584,0.9972673918161779,0.0004998992197454906,0.0005745911086526189,0.0006800182112673571,0.0006283319086641488
1000,4,4,0.9976509965466126,0.0004964181945462223,0.0004123031414307519,0.0005275454420579683,0.9976509965466126,0.0002901811313224354,0.0006225555440300045
1001,6,6,0.997815113613439,0.0005664480162844459,0.0004620353198034417,0.0003659056315242839,0.0003981436237804699,0.0003923537951684056,0.997815113613439
1003,6,6,0.9977839263297628,0.0005356439330791911,0.0005143484281987494,0.0003629668089779804,0.0004006408140552523,0.00040247368592607455,0.9977839263297628
1004,1,1,0.9980304594422205,0.9980304594422205,0.0003315122263252736,0.0003537477824279909,0.0003853980188762591,0.0003012296368811976,0.0005976528932688149
1006,2,2,0.9972472156709586,0.0003585595315721367,0.9972472156709586,0.0004868941597706607,0.0005593041738848225,0.000763391478625298,0.0005846349851884102
1007,3,3,0.9978234613109027,0.000433949636858352,0.00047702196134406094,0.9978234613109027,0.00040291244313388853,0.0005381224183420483,0.0003245322294189688
1008,1,1,0.9978724968725572,0.9978724968725572,0.00037820841902849105,0.0003814129254652465,0.00041706450748975245,0.00041188626653333916,0.0005389310089259368
1009,4,4,0.9976083433018134,0.0005061474688868044,0.00043199402893429035,0.000516798946111594,0.9976083433018134,0.0002990013214541064,0.0006377149327998861
1011,3,3,0.9977956817155317,0.00041026123587438717,0.0004980100688065666,0.9977956817155317,0.0004897860249705931,0.0004704881484831387,0.00033577280633358413
1014,4,4,0.997623973222169,0.0005145095020733503,0.00039498862773115024,0.0005325607453370532,0.997623973222169,0.0002986722663572296,0.0006352956363321726
1015,4,4,0.9975514547516182,0.0004722421363410532,0.0004249240832307377,0.0004916342214060751,0.9975514547516182,0.00030542454669475175,0.0007543202607091535
1017,6,6,0.9973797746086988,0.0010282565469083135,0.0004282178066927058,0.0003693919190042785,0.00042407537096637664,0.000370283747729605,0.9973797746086988
1018,6,6,0.9973215458455212,0.0006799344553891722,0.0005461252293209254,0.0004462178038791246,0.0005371086880245459,0.0004690679778649779,0.9973215458455212
1019,2,5,0.9794227240876663,0.0004935752246648091,0.017902001299852123,0.0009498816565668573,0.0006019377467795397,0.9794227240876663,0.0006298799844703478
1020,5,5,0.9962895861508954,0.0004930203898912718,0.00112529028170163,0.000707471228252652,0.00039251009814878955,0.9962895861508954,0.0009921218511102813
1021,1,1,0.997985056962977,0.997985056962977,0.00034741119065445023,0.00036202902681437417,0.00042705071270588286,0.00031873873569071283,0.000559713371157732
1022,5,5,0.9965579460117492,0.0003980787514586807,0.0013853996820425672,0.0006635278477940727,0.00034190468851443245,0.9965579460117492,0.0006531430184410841
1023,5,5,0.996592815427018,0.00040236793402733496,0.001422944006941608,0.0006397492224920094,0.00036899949033270457,0.996592815427018,0.0005731239191882424
1024,6,6,0.9978021122068701,0.0005519440350003853,0.00047558000510161935,0.00036954394966841716,0.0003731839658657878,0.0004276358374937007,0.9978021122068701
1025,1,1,0.9979500086398324,0.9979500086398324,0.00038040646019871796,0.0003654128053730259,0.0003832538628702731,0.0003342842470916926,0.0005866339846338313
1026,4,4,0.9975939685413943,0.0005338047787530061,0.00040367756174246625,0.0005282531065153564,0.9975939685413943,0.0003004178376437853,0.0006398781739512145
1027,4,4,0.9975821498378594,0.0004860220419622654,0.00045271267650136363,0.0005259854166597917,0.9975821498378594,0.00029860735926349926,0.0006545226677537316
1028,5,5,0.9964651309313952,0.00041620310021622873,0.0016048064698258944,0.0005751987009011334,0.0003746496096819016,0.9964651309313952,0.0005640111879796306
1031,3,3,0.9977844647012859,0.00041283970965308816,0.00048416673912184317,0.9977844647012859,0.0004153040183608568,0.0006013497069811466,0.0003018751245972672
1034,6,6,0.9970191354434379,0.0007158663678322639,0.00057976161116088,0.0006188816980691008,0.0005639987443283192,0.0005023561351715712,0.9970191354434379
1035,6,6,0.996452753221001,0.0006186339545342553,0.0007236320124837777,0.0011346734199280371,0.0005348130066060013,0.0005354943854469364,0.996452753221001
1036,2,2,0.996557246739154,0.0003384468765175498,0.996557246739154,0.0005284224811708712,0.0005923276832642884,0.0011223978487108596,0.0008611583711823967
1037,3,3,0.9977271613090185,0.0004760304906830226,0.00048348191488787766,0.9977271613090185,0.0004964393178559639,0.0004391494202317329,0.00037773754732293015
1038,3,3,0.9978111866913245,0.0004516299740483404,0.0004958947777255047,0.9978111866913245,0.00043177068334132433,0.0004795686048946239,0.00032994926866568975
1039,1,1,0.9979217662310518,0.9979217662310518,0.00038941520092026713,0.00035162719937066004,0.00039577837434850917,0.0003059910598267531,0.0006354219344820948
1042,3,3,0.9977723848041006,0.0004378812048412667,0.00046842512525126207,0.9977723848041006,0.0004612671246842417,0.00046734484915500284,0.0003926968919677165
1045,4,4,0.997548848926274,0.0004470816168776611,0.0004418057613282653,0.0005705454319118798,0.997548848926274,0.0003137066370069271,0.0006780116266012198
1046,3,3,0.9977206241954915,0.0004426855731511454,0.0004967983523474879,0.9977206241954915,0.0005713982193109323,0.00045075490090387503,0.0003177387587951129
1048,4,4,0.9976245541196733,0.0005022002640724148,0.0004120115592326827,0.0005037361315629766,0.9976245541196733,0.0003029736694489495,0.000654524256009659
1050,6,6,0.9966176980304529,0.0005115052149066747,0.001061316307984759,0.0005142430703453995,0.00042830420606997273,0.0008669331702403396,0.9966176980304529
1051,5,5,0.9964602079613369,0.00048768188999464635,0.0011689351740449064,0.0007783775750647782,0.00040434609257563746,0.9964602079613369,0.0007004513069830565
1052,6,6,0.9978278091992561,0.0005307639267312265,0.000490883879927566,0.00033711231030065565,0.0003645724141053737,0.00044885826967908115,0.9978278091992561
1054,4,4,0.9976075760800592,0.0004835276861179853,0.00045182319598252834,0.0005247302403060278,0.9976075760800592,0.00030167397542881294,0.0006306688221054421
1056,2,2,0.9972617689971718,0.0003476873536257533,0.9972617689971718,0.0005049152586367075,0.0005495731130359595,0.0008369139285445728,0.0004991413489852746
1058,3,3,0.9977059544433147,0.000463257637989232,0.0005326583464570507,0.9977059544433147,0.00047885403269834443,0.0004544148167668262,0.000364860722773962
1060,3,3,0.9978202145524508,0.0004088737496846368,0.0005072294536752597,0.9978202145524508,0.000428876610146681,0.0004955780253071913,0.0003392276087353441
1061,6,6,0.9970047765569177,0.0006695284187346897,0.0008633846619140092,0.0004824686182514537,0.0005138513940901579,0.0004659903500920663,0.9970047765569177
1063,4,4,0.9976432724479527,0.0004917266105938814,0.0004340020674968575,0.0004942548023906709,0.9976432724479527,0.00030457766976672336,0.0006321664017991693
1065,4,4,0.99738794343797,0.0005471573010797441,0.0003867779562164741,0.0006407568382481737,0.99738794343797,0.0002963507652854532,0.0007410137012001269
1066,1,1,0.9977807127867497,0.9977807127867497,0.00039270037786745505,0.00040049933203197403,0.00044813799950259097,0.00038228635698448057,0.0005956631468638045
1067,3,3,0.9977355827539292,0.0004439878812253986,0.0005252870420943165,0.9977355827539292,0.0005006269017963703,0.0004360610749430087,0.0003584543460118102
1068,4,4,0.9976475559881587,0.0004637268593316742,0.0003913018337170699,0.0005788965340408317,0.9976475559881587,0.0002951208071469037,0.0006233979776048251
1069,1,1,0.9979319353169235,0.9979319353169235,0.00034291692255931336,0.0003832036079455073,0.0004177071295163803,0.0003133067734147593,0.0006109302496405918
1070,4,4,0.9975206495714392,0.00047956157930072706,0.00044206888895565946,0.000540693536360424,0.9975206495714392,0.0002945417434469413,0.0007224846804972142
1071,2,2,0.9969279047595461,0.00030244956352882684,0.9969279047595461,0.0005037988823430168,0.0005796814149762051,0.0010427053656888409,0.0006434600139170615
1075,4,4,0.9976954676099307,0.0004826359616193667,0.00040294184793453674,0.0004937473962108099,0.9976954676099307,0.0003037906019697578,0.0006214165823349525
1076,2,2,0.9970137781057314,0.0003116783827558261,0.9970137781057314,0.0005110421184768094,0.0005060897526236283,0.0012152322677859437,0.0004421793726263437
1077,5,5,0.9965948099057046,0.00037062414152338026,0.0015091834970806107,0.0005598258954280217,0.0003566431566469291,0.9965948099057046,0.0006089134036165052
1078,3,3,0.9978556271661275,0.0004271629178736887,0.0004544782345431032,0.9978556271661275,0.0004266753704361645,0.0005189475646937902,0.00031710874632569235
1079,2,2,0.9970336655411326,0.000397744015751654,0.9970336655411326,0.0005346116692587446,0.000629566462057196,0.0006621428435246144,0.0007422694682752599
1082,1,1,0.99781154289529,0.99781154289529,0.000378750715717041,0.0004001332085323605,0.00042220290086034346,0.00039185520762659754,0.000595515071973742
1083,3,3,0.9977758362693264,0.00044316523617613527,0.0004925417522782751,0.9977758362693264,0.0004889278710704723,0.0004735399758306889,0.0003259888953180253
1084,3,3,0.99779738375084,0.00039758108873068755,0.00043445712672450856,0.99779738375084,0.00040997914605366806,0.0006281872133954,0.0003324116742557248
1085,2,2,0.9969371945452284,0.0003404510922125646,0.9969371945452284,0.0005036503039848788,0.000606809766378471,0.000870182736669216,0.000741711555526419
1086,2,2,0.9960801532431541,0.00030523591848872605,0.9960801532431541,0.00039178459268430425,0.0005442420588663288,0.00186005932433251,0.0008185248624738294
1088,3,3,0.9977223542102954,0.00045645630716165033,0.0005062989815082486,0.9977223542102954,0.0004757483951778107,0.0004796178373136298,0.000359524268543254
1089,5,5,0.9952150486525548,0.00045354885073945286,0.0013956418125266102,0.0012173509339745152,0.0003211025001001476,0.9952150486525548,0.0013973072501044773
1090,5,5,0.9964678757902844,0.0004538111020834653,0.0012814475362686178,0.0007058952802606551,0.0003911969436600759,0.9964678757902844,0.0006997733474427476
1094,2,2,0.9971906309150376,0.0003371592823121108,0.9971906309150376,0.000542275071012222,0.0005752686858441654,0.0007779429833682923,0.0005767230624256753
1095,3,3,0.9967918962451869,0.0005196163531800014,0.0007860723393917032,0.9967918962451869,0.0006346323042894802,0.0005509880704281158,0.0007167946875237086
1096,4,4,0.9976940647859809,0.000484096346637272,0.00039550526658843594,0.0005282906926321478,0.9976940647859809,0.0002865965092419912,0.0006114463989193318
1097,3,3,0.9945495266056532,0.0007803591427343801,0.0011191301407489163,0.9945495266056532,0.0008591468846739213,0.0013566467514536014,0.0013351904747359415
1098,2,2,0.9973078946693675,0.00034642350443143006,0.9973078946693675,0.0004777258136307463,0.0005492055195850329,0.0007182013345847521,0.0006005491584004836
1099,5,5,0.9965549900866515,0.0004501909512408708,0.0011854239503933867,0.0007060464841468785,0.00037954154695483776,0.9965549900866515,0.0007238069806125497
1100,3,3,0.997837335280677,0.0004052916170948533,0.0004953188898930454,0.997837335280677,0.00042574529132867884,0.0005185336150072833,0.0003177753059992031
1102,2,2,0.9972655743915373,0.00036211458722309374,0.9972655743915373,0.0005022704684654562,0.0005685217797191682,0.00069338476408264,0.0006081340089723261
1104,5,5,0.996528320707407,0.00039086342174934755,0.0013510229672890753,0.0005983355763772214,0.0003765855773892126,0.996528320707407,0.0007548717497881409
1105,4,4,0.9975967316950412,0.0005065389816413781,0.00039049254498205887,0.0005500507819870389,0.9975967316950412,0.000302508750667628,0.0006536772456807597
1106,4,4,0.9976465177147008,0.00046471608551962534,0.00039232994011023653,0.0005206536771601575,0.9976465177147008,0.00030006945812833196,0.0006757131243808461
1109,2,2,0.9968211497360525,0.00043313396019568836,0.9968211497360525,0.0005926806515139973,0.0007034737069170186,0.0006460395616252683,0.0008035223836955304
1113,1,1,0.997978614698617,0.997978614698617,0.0003462170962372608,0.00034642268569293254,0.00041325942774050157,0.0002906855914643832,0.0006248005002479237
1114,4,4,0.9976123094942363,0.00046770543071020476,0.00042052364180332236,0.0005177614846718906,0.9976123094942363,0.00029282971865807287,0.0006888702299202546
1115,1,1,0.9978904633604382,0.9978904633604382,0.0003744839665805893,0.00041294223116141994,0.00046311842467368244,0.00034579879669855714,0.0005131932204476099
1117,2,2,0.997006249867981,0.0003312851226983901,0.997006249867981,0.0005633168108753441,0.0005707067973888798,0.0010174036850632974,0.0005110377159930669
1120,2,2,0.9965669128720885,0.0003861640953192823,0.9965669128720885,0.0007073476595417346,0.0007558277736100747,0.0008367005098735702,0.0007470470895668091
1121,5,5,0.9965744813000895,0.0004635608453669725,0.0012447139682916794,0.0006445613432531943,0.0003955440030465011,0.9965744813000895,0.0006771385399520823
1122,3,3,0.9971927484146466,0.0004840792429989387,0.0006492526982031836,0.9971927484146466,0.000526183373990928,0.0006230796248285726,0.0005246566453318761
1124,3,3,0.9974576522439338,0.00043050628476954094,0.0006873240954072257,0.9974576522439338,0.00042151855546697283,0.0006012556792185143,0.00040174314120394766
1126,1,1,0.9978825150898406,0.9978825150898406,0.00037598557991894366,0.0003927638523673186,0.00044910232481167327,0.0003173917059314989,0.0005822414471299984
1127,2,2,0.9964310228436418,0.0004633310419778445,0.9964310228436418,0.0005436731383917187,0.0006766766739336329,0.0007254912554882636,0.001159805046566719
1129,1,1,0.9979868307250183,0.9979868307250183,0.00034520313615809476,0.0003454504896223684,0.00040529937597423853,0.0003111283410851438,0.0006060879321419238
1131,4,4,0.9976688718147997,0.0004762648934566585,0.00042347860311436224,0.0004985271716140019,0.9976688718147997,0.000290897054715434,0.0006419604622998723
1132,6,6,0.9977066169762476,0.0006355828328973743,0.0005029897864355089,0.00036538377937589536,0.0004172161342022868,0.00037221049084131745,0.9977066169762476
1133,2,2,0.9973499507887186,0.00029597995243088934,0.9973499507887186,0.0004354701842928605,0.000498217109754922,0.0009224756839487926,0.0004979062808539666
1134,4,4,0.9975285294953449,0.0005128124767162918,0.00038762273878779083,0.0005828829112930172,0.9975285294953449,0.00028675617589082886,0.0007013962019672232
1135,2,2,0.9972307977112843,0.0003009248666913747,0.9972307977112843,0.0004766854255482675,0.0005391258001597175,0.0008504095347052589,0.0006020566616110515
1136,5,5,0.9965552975673425,0.000386154616423411,0.0011353325911994555,0.0006999041435978667,0.0003347776261061128,0.9965552975673425,0.0008885334553306885
1137,1,1,0.9979424865166956,0.9979424865166956,0.0003796845059588806,0.00037496450447738373,0.000411084951878816,0.00032559837865929887,0.0005661811423299972
1138,1,1,0.9979181324894333,0.9979181324894333,0.00034746525719076715,0.00036167656949263026,0.00042654830544299984,0.0003777361786514358,0.0005684411997889415
1139,5,5,0.9966236676622652,0.0004475291207037662,0.0011337127439102455,0.0007445838078552487,0.00037959920660455,0.9966236676622652,0.0006709074586610287
1140,3,3,0.9979033809083411,0.0004105787223421901,0.0004780518810115331,0.9979033809083411,0.00040683401966162786,0.0005019694387970473,0.0002991850298465267
1141,4,4,0.9975845570159889,0.0005177667936541158,0.0004224135088034401,0.0005400907116378626,0.9975845570159889,0.00030955831579283614,0.0006256136541228667
1142,4,4,0.997619241208402,0.00045904617150353556,0.000396165444677334,0.0005645901224458125,0.997619241208402,0.00028298712131052234,0.0006779699316609174
1146,2,2,0.9972587406211728,0.00033908376679925886,0.9972587406211728,0.00047557609841594224,0.0005856403486472421,0.0008183847188002077,0.0005225744461645189
1147,2,2,0.9970997012160567,0.0003553829247384082,0.9970997012160567,0.0005339301706422325,0.0005812761629558601,0.0007860272448671007,0.000643682280739795
1150,4,4,0.9976289762958385,0.0005130404552260389,0.0004185769022458869,0.0005085471730969548,0.9976289762958385,0.0003295374882983129,0.0006013216852943945
1152,3,3,0.9978392101069564,0.0004037631192237904,0.0005089512826792159,0.9978392101069564,0.00043385345125059954,0.0004946570536526608,0.00031956498623730877
1153,1,1,0.9976425350870194,0.9976425350870194,0.0003558630557395588,0.00031098716293797467,0.00038466999682038717,0.000282174197364493,0.001023770500118171
1155,4,4,0.9975670169633284,0.00045508615913799087,0.0004325926826094,0.000553874916646604,0.9975670169633284,0.00031675228256926655,0.0006746769957084968
1160,6,6,0.9974146279426426,0.0008709432781484142,0.0004536418305271835,0.0003700656379039928,0.00044543731488135387,0.00044528399589651064,0.9974146279426426
1163,5,5,0.9966502882563857,0.0003289885385276916,0.0015284527474578708,0.0005729263122006491,0.00032706652154564564,0.9966502882563857,0.000592277623882422
1164,4,4,0.9976117569065546,0.0005352452200956123,0.0004126578641067049,0.0005247424638901292,0.9976117569065546,0.00029808244240556435,0.0006175151029473873
1165,1,1,0.9978938296051763,0.9978938296051763,0.00036504134163791216,0.0003829613863749269,0.0004262357879927403,0.00033326534047417795,0.0005986665383439875
1166,4,4,0.9976065215170287,0.0005202275380994003,0.0004098667146030972,0.0005025258316160767,0.9976065215170287,0.0002886581658385603,0.0006722002328142654
1167,5,5,0.9966458123129037,0.0004462230129838495,0.0012860601658521954,0.0006478957780281526,0.0003653872933468809,0.9966458123129037,0.0006086214368852285
1168,3,3,0.9978483877333779,0.0004283573275400563,0.00047431635568306066,0.9978483877333779,0.00041844520202434006,0.0005062122949075319,0.00032428108646688736
1169,3,3,0.9978118864248775,0.0004174044475360731,0.0004966420103193275,0.9978118864248775,0.00046031877197624723,0.000489044630207657,0.0003247037150831933
1170,4,4,0.9976371643439093,0.0005341517452246335,0.0004140741705911297,0.0004987595661223559,0.9976371643439093,0.00030944624812101804,0.0006064039260316168
1172,6,6,0.9968514079655443,0.0005657714341906899,0.0006573937870720577,0.0005037904020005221,0.0004995910684133187,0.0009220453427791495,0.9968514079655443
1173,4,4,0.9976233757820616,0.0004769597396085852,0.00043273801209681964,0.0005039807833199575,0.9976233757820616,0.00031218555265954604,0.0006507601302534715
1174,4,4,0.9976657206540804,0.0004748108130050319,0.00040495030147714165,0.0005705309208097609,0.9976657206540804,0.0002873656218255352,0.0005966216888021283
1177,4,4,0.9976968561367262,0.0004762964264569252,0.00041182261329680267,0.0005092041909874552,0.9976968561367262,0.0003109548909289845,0.0005948657416036436
1178,5,5,0.9963812618694713,0.00040507088728303843,0.0013676423990564126,0.0009461653918513501,0.0003169755734021204,0.9963812618694713,0.0005828838789357641
1181,4,4,0.9976005751608874,0.0005210345053527162,0.0004388240747355898,0.0004877127453909023,0.9976005751608874,0.0003357332473108036,0.0006161202663225959
1182,5,5,0.9963679578992504,0.0004090591209908335,0.001132373844626187,0.0008070391119236821,0.00037765797884078495,0.9963679578992504,0.0009059120443681465
1183,3,3,0.9978484584389641,0.00040581284757735734,0.00047829735961819696,0.9978484584389641,0.0004074730463949103,0.0005398583897539367,0.0003200999176915516
1185,4,4,0.9976647848078258,0.0004759355680940844,0.00039875334666135127,0.0005247152747677887,0.9976647848078258,0.0003049757722624163,0.0006308352303885498
1186,5,5,0.9961710622689502,0.00042827011419340854,0.0012337496799496135,0.0008699694343194915,0.00033755097127094257,0.9961710622689502,0.0009593975313163588
1187,4,4,0.9976020147599589,0.0005118429386477942,0.0003921091435583165,0.0005559190587002609,0.9976020147599589,0.00030686396857270137,0.0006312501305619621
1191,4,4,0.997601422483545,0.0004865239185125552,0.0004318510131327872,0.0005465609500976005,0.997601422483545,0.0003002006993684126,0.0006334409353437209
1192,2,2,0.9970334542593494,0.00031799475098604006,0.9970334542593494,0.0005371919651306252,0.0005754331123442917,0.0009599245185326087,0.0005760013936569795
1193,3,3,0.9977532647154816,0.00046271307176259165,0.0004896862965510864,0.9977532647154816,0.0004804338401352957,0.000493689819238359,0.00032021225683101127
1196,1,1,0.9978910273249114,0.9978910273249114,0.0003622499710877595,0.00030202771281153036,0.0003548100714589005,0.0003013858278189258,0.0007884990919115203
1197,3,3,0.9928881125483043,0.000974383340493796,0.0009752608791543293,0.9928881125483043,0.0008798862336109649,0.0010226955224801788,0.003259661475956358
1198,1,1,0.9978451814492096,0.9978451814492096,0.0003749299244548988,0.00033185017230850065,0.00039839017314152736,0.0003187788561347337,0.0007308694247507514
1200,2,2,0.9972448195846012,0.00035454086484105476,0.9972448195846012,0.000467954256776488,0.0005833128611657561,0.0007424695230628643,0.0006069029095525915
1201,3,3,0.9978121313484447,0.00042998298000230135,0.00045365731577652683,0.9978121313484447,0.00039490980912243993,0.0005830160687684729,0.000326302477885557
1202,1,1,0.9979145658532684,0.9979145658532684,0.0003734067257878675,0.00035452328835140393,0.0004203184312183535,0.0003189880659902143,0.0006181976353837521
1203,6,6,0.9968882842782392,0.001063772883923271,0.0005752741971716147,0.00045269990043188995,0.0006026671865408331,0.00041730155369318795,0.9968882842782392
1204,4,4,0.9976818922035477,0.00047692084772558226,0.00040746370152070925,0.0005224338614339318,0.9976818922035477,0.0002814730834517564,0.0006298163023203313
1205,3,3,0.9978488942457877,0.00041325871623742615,0.0004939634364599311,0.9978488942457877,0.0004175114553655354,0.0004973668966894593,0.00032900524945998554
1206,5,5,0.9967045433937296,0.0004092948612257036,0.0011589102500221893,0.0007199160350279649,0.00034792518403382725,0.9967045433937296,0.0006594102759606878
1208,4,4,0.9976707657489128,0.000482153610916822,0.0004058779676581053,0.0005467404567200415,0.9976707657489128,0.0002818758523893778,0.0006125863634028955
1210,2,2,0.9970382807815816,0.00036594274411190443,0.9970382807815816,0.0005287211526949434,0.0006097281073093062,0.0006873569223982441,0.000769970291903755
1214,1,1,0.9979299954976049,0.9979299954976049,0.0003572953961203377,0.00037156282062825164,0.00044231251148590435,0.00033566735135667997,0.0005631664228040403
1215,5,5,0.9963714538843595,0.0004514333564696451,0.0010653705803136517,0.0009236022039715367,0.00035969909547830636,0.9963714538843595,0.0008284408794073116
1216,2,2,0.9970938997774045,0.0003615750548183283,0.9970938997774045,0.0005179553362325356,0.0006039828919090577,0.0007246630433154777,0.0006979238963199241
1217,3,3,0.9976900138109054,0.0004193986749379853,0.0004996929458853616,0.9976900138109054,0.0005487347071702,0.00045510645740413853,0.0003870534036969643
1218,6,6,0.9974544098015992,0.0006916699552174293,0.0005609276397250995,0.00039309962478543476,0.00048689707425829566,0.000412995904414615,0.9974544098015992
1220,1,1,0.997925437183481,0.997925437183481,0.00036492636596034835,0.00031693865887814953,0.000387107822049302,0.000280042742130278,0.0007255472275009895
1223,4,4,0.9976136429495883,0.00048473016284426314,0.0004251788087041643,0.0005527686302861299,0.9976136429495883,0.0003050526351482778,0.0006186268134288739
1225,1,1,0.9979095138096852,0.9979095138096852,0.00037056646752467475,0.00040322472449308574,0.0004301444910551063,0.00035304269938414557,0.0005335078078578647
1226,4,4,0.9975904630421278,0.0004774942558747888,0.00040353505478723275,0.0005460890975639397,0.9975904630421278,0.00028500561097446987,0.0006974129386718061
1227,2,2,0.9969430918944925,0.0004534803316895141,0.9969430918944925,0.0005531965485203604,0.000645606102937094,0.0006283369370703018,0.0007762881852902565
1229,3,3,0.9978196503342103,0.0004315841243620165,0.0004747552668150307,0.9978196503342103,0.00041963641859633937,0.0005278522717141723,0.0003265215843022412
1230,2,2,0.997106501312323,0.00037941403905169727,0.997106501312323,0.00047892221904806306,0.0005920375167446726,0.0007904448499758957,0.0006526800628565851
1231,6,6,0.9966511016337933,0.0006273591353513725,0.0005433691486965378,0.0010350447728190164,0.0004722367976329679,0.0006708885117067494,0.9966511016337933
1234,1,1,0.9978746800879326,0.9978746800879326,0.00036430137096399545,0.0004217555235788108,0.00044110159297263167,0.0003878238101883088,0.0005103376143636726
1235,1,1,0.9979445033160304,0.9979445033160304,0.0003460390451597994,0.00033357256379475033,0.00040531231899000185,0.00028823432164114254,0.0006823384343839011
1236,3,3,0.9978011827807859,0.000406312721541317,0.0004988967264014847,0.9978011827807859,0.00046494128544300546,0.0005062250713344967,0.0003224414144937628
1237,2,2,0.996940707091047,0.0003768264206791607,0.996940707091047,0.0005546857661896135,0.0006746232449230024,0.0006399301369608422,0.0008132273402003588
1238,3,3,0.9976259665426445,0.0004276784359783463,0.00048645793361601906,0.9976259665426445,0.0004412779585377929,0.0006703791391178248,0.00034823999010556765
1239,4,4,0.9975737195384468,0.0004829516046185263,0.00043588972470230594,0.0005660142798767164,0.9975737195384468,0.00031266283504631005,0.0006287620173094801
1240,3,3,0.9975454602591717,0.000479631144743843,0.0005110469265169015,0.9975454602591717,0.0006053872876818659,0.00043022156983901153,0.0004282528120466971
1241,3,3,0.9978237967827696,0.0004029736876763084,0.000489740963248062,0.9978237967827696,0.00042212837296892047,0.0005214083743122974,0.0003399518190249348
1242,3,3,0.9978511829729124,0.0004037883782445874,0.0005039433248036015,0.9978511829729124,0.0004148448935602685,0.0005124282549432799,0.00031381217553588873
1243,3,3,0.9978390563970412,0.0003718007869791876,0.0004540017541938629,0.9978390563970412,0.00041065035145266545,0.0006157062585656304,0.0003087844517674419
1244,1,1,0.9977900077591737,0.9977900077591737,0.0003449139575767835,0.0003298437900048214,0.0003989835210200594,0.00026651155390174097,0.000869739418322912
1245,6,6,0.9973786322151835,0.0006561883000823237,0.0005823710962715791,0.0004033462598974213,0.00048045365149482097,0.0004990084770703741,0.9973786322151835
1246,2,2,0.9972748843018934,0.0003529336195817413,0.9972748843018934,0.0004899804233699674,0.0005665442246394237,0.0007545081832970972,0.0005611492472183608
1247,1,1,0.9977178737196167,0.9977178737196167,0.00035790862551330504,0.0004091838360377254,0.00040945805230002094,0.000332212157760064,0.0007733636087722291
1248,5,5,0.9966569001950792,0.00040051358740595116,0.0011295857901749346,0.0007141343706661582,0.00033187028204135577,0.9966569001950792,0.0007669957746323546
1249,5,5,0.996696127117176,0.0003985303493391966,0.0012131981650682733,0.0006702108522965836,0.0003665103184963829,0.996696127117176,0.0006554231976235846
1250,4,4,0.9975737660206249,0.000476204951950291,0.000451837595934821,0.0005258483437512357,0.9975737660206249,0.00029973437550204787,0.0006726087122367382
1252,1,1,0.9979116058641734,0.9979116058641734,0.0003762624884434986,0.00037437781174408776,0.00044125486171071285,0.0003268040223403011,0.0005696949515880305
1253,3,3,0.9978874685586946,0.0004042600485518982,0.0004886664859210658,0.9978874685586946,0.0003949297967284807,0.0005264636318981776,0.0002982114782057476
1254,1,1,0.9979022763857948,0.9979022763857948,0.0003797678937749789,0.00039521090827433135,0.0004457915552425375,0.000346723204820465,0.0005302300520929153
1258,4,4,0.9976346109215135,0.0004630590960237586,0.0004243650019463918,0.0005070035500174945,0.9976346109215135,0.00029142100873382436,0.0006795404217650388
1259,2,2,0.9965250425720821,0.00042897687003181864,0.9965250425720821,0.0005883219027971142,0.000708510179007506,0.0006587290698506056,0.0010904194062308548
1260,1,1,0.9979402422482617,0.9979402422482617,0.0003649724966812109,0.0003934439625096443,0.00041846100697717374,0.00034212045731605716,0.0005407598282541607
1262,1,1,0.9979380782993595,0.9979380782993595,0.00033374925727391863,0.00036197022588954056,0.0003734931611291749,0.0002991460799277678,0.000693562976419881
1263,3,3,0.997846351412758,0.0004165757798315931,0.0004986320205247858,0.997846351412758,0.00039549814581703297,0.0005216126375717256,0.00032133000349680917
1264,5,5,0.9962306805412681,0.00040722601296885267,0.00138388192546612,0.0008166359774161121,0.0003688274078747738,0.9962306805412681,0.0007927481350061076
1265,2,2,0.997256185167788,0.0003184643173744719,0.997256185167788,0.0004830428931889016,0.0005288979555605128,0.0007948532893458606,0.0006185563767422582
1266,3,3,0.997802548997456,0.00040464681135563246,0.00048336630788916695,0.997802548997456,0.0005013039901549398,0.00045538681345192746,0.0003527470796923713
1267,3,3,0.997675436152695,0.0004683907701853502,0.0005023163763144123,0.997675436152695,0.000511748636327167,0.0004526658548410589,0.00038944220963698755
1268,3,3,0.9976630272432394,0.0004739513417146426,0.0005209883707124255,0.9976630272432394,0.0004915689381367008,0.00047118912625278156,0.00037927497994405844
1269,6,6,0.9978679767936461,0.0004838670889757372,0.0004592799684182334,0.0003583737250628064,0.00038332470172141957,0.0004471777221756871,0.9978679767936461
1270,6,6,0.9978199400076153,0.0005454102863370787,0.0004559327388435056,0.00036817531510950147,0.00043739956439424444,0.0003731420877003472,0.9978199400076153
1271,3,3,0.9977850943648451,0.00040933124143185094,0.0004968430151679032,0.9977850943648451,0.0005240928702422022,0.00046962316613930935,0.00031501534217367837
1272,6,6,0.9971437742650625,0.0007767099647517152,0.0006025348371276944,0.00046803760062554337,0.0006053115170905889,0.00040363181534194955,0.9971437742650625
1275,3,3,0.9977788263205499,0.00045917409867302864,0.0004814283715885761,0.9977788263205499,0.0003960733566809023,0.0005444503004083462,0.0003400475520992537
1276,5,5,0.9965178760803914,0.0003690621598850821,0.0013445088573694993,0.0006280851706431034,0.0003596651432809057,0.9965178760803914,0.0007808025884299307
1278,2,2,0.995009635903312,0.0002984850651176617,0.995009635903312,0.0005313637533871592,0.0005352068558954554,0.0021477811434117483,0.0014775272788759065
1279,6,6,0.9969542899735748,0.0006344578957281417,0.0007160519369953231,0.00038373672805823547,0.00047199790369702687,0.0008394655619464857,0.9969542899735748
1283,4,4,0.9967399722249047,0.0005193217909007641,0.00043187825121699747,0.0012039953727347398,0.9967399722249047,0.0003210315927338254,0.0007838007675089314
1285,5,5,0.9964389443453047,0.00035017811950035333,0.0014362580326005654,0.0005380444151987099,0.0003345448520123667,0.9964389443453047,0.0009020302353833313
1286,1,1,0.9979292723420574,0.9979292723420574,0.0003350362903830583,0.0003268225787604917,0.00036510881085535514,0.0003106858154519847,0.0007330741624917114
1287,4,4,0.9976541759018487,0.0004658087466259809,0.00039071749427331114,0.000589349548948118,0.9976541759018487,0.000282159488138406,0.0006177888201655551
1288,3,3,0.99779121988744,0.0004362340994426777,0.0004913745460535028,0.99779121988744,0.00048132670883078646,0.00047755045708929375,0.0003222943011436968
1289,5,5,0.9966294077767847,0.0003933686494040159,0.0012194799379982386,0.0007034983071991747,0.000357215173051227,0.9966294077767847,0.0006970301555626348
1291,1,1,0.9979891190904296,0.9979891190904296,0.0003497757801714026,0.0003756728617559468,0.0004097532123885472,0.0003275589650434561,0.000548120090210975
1292,2,2,0.9972281645202162,0.0003543218310804408,0.9972281645202162,0.0005075665964410648,0.000572490328351752,0.0007257354720622469,0.0006117212518484125
1293,2,2,0.9971417294822389,0.000295307792883845,0.9971417294822389,0.00044637715462930976,0.000516083822843226,0.0010675967844987937,0.0005329049629059278
1294,1,1,0.9979161906505866,0.9979161906505866,0.0003674650320992957,0.0003576566043964532,0.0004345809699879271,0.0002884692304194515,0.000635637512510252
1297,3,3,0.9978387452384168,0.00042762648139292017,0.0004687132348155447,0.9978387452384168,0.00041581329399820844,0.0005095535660885873,0.00033954818528792884
1300,3,3,0.9978528077944657,0.0003999454515284636,0.0004798379695034008,0.9978528077944657,0.0004208448831911818,0.0005078340792239316,0.00033872982208729566
1301,5,5,0.995299810830624,0.0003219049814241993,0.0028064509238587775,0.0005164888543508289,0.00035704561551860105,0.995299810830624,0.000698298794223558
1305,3,3,0.9978010261101041,0.00043090695692147874,0.0004911343666844707,0.9978010261101041,0.0004919363518528283,0.00045347104071764003,0.0003315251737194069
1306,3,3,0.9976484016608228,0.000514331265336955,0.0005131059940947318,0.9976484016608228,0.0004962119774900226,0.0004552267999568071,0.00037272230229872476
1307,4,4,0.9976400114009867,0.0004788176145571461,0.0004212150515151446,0.0005198326531952835,0.9976400114009867,0.0002975640229558468,0.0006425592567899096
1308,5,5,0.9963417742350636,0.0005164631341404941,0.001374138764836201,0.0006220336712335937,0.000398815525929088,0.9963417742350636,0.0007467746687969969
1309,1,1,0.9977996514430653,0.9977996514430653,0.00037841040287280226,0.0004409222847802835,0.0004737531794511679,0.0003978744326611731,0.000509388257169276
1310,2,2,0.9968969432278363,0.00035783999248584995,0.9968969432278363,0.0006043046360258849,0.0006438767052975478,0.0008577220388711227,0.0006393133994832781
1311,3,3,0.9978332232157506,0.0004352470183505959,0.00048302863522627423,0.9978332232157506,0.00042516044651454783,0.0005046349386946681,0.0003187057454632922
1312,2,2,0.997191269463242,0.000340521644779559,0.997191269463242,0.0005135313388892651,0.0005743530560849764,0.0006647195890754893,0.0007156049079287505
1313,1,1,0.9978642771278949,0.9978642771278949,0.0003826884508905431,0.00041947472670342083,0.0004467308673357486,0.000373028076088023,0.0005138007510873655
1314,3,3,0.9977729284351868,0.00041590307378970104,0.00049247595450997,0.9977729284351868,0.00047747706181182803,0.0004925027300354927,0.00034871274466621025
1315,5,5,0.9965960187052987,0.0003586636960152734,0.001322242638120711,0.000672898649483908,0.00033652775956348946,0.9965960187052987,0.0007136485515179791
1319,2,2,0.997136798606486,0.0003864755727359008,0.997136798606486,0.0005409485716050232,0.0006038151716378086,0.0006684204344451017,0.0006635416430902
1320,2,2,0.9968212524977255,0.00043503414848826877,0.9968212524977255,0.0005521313111200022,0.0006661095909641559,0.0008127275245860988,0.0007127449271161914
1321,1,1,0.9979011327363326,0.9979011327363326,0.0003929791294784004,0.00039030579731533726,0.00044431909778653786,0.00033430423969916005,0.00053695899938797
1323,6,6,0.9977462581700949,0.0005540645627775215,0.0004818782178947108,0.0003681460107901979,0.0004187391185739825,0.0004309139198686674,0.9977462581700949
1324,6,6,0.9978102314484766,0.000558297574811815,0.000489222257601431,0.0003848647476493693,0.00038164088748078844,0.000375743083980031,0.9978102314484766
1325,6,6,0.997608592555405,0.0005321486654717183,0.0005245126348835419,0.00045362146288827776,0.00041602280450913124,0.0004651018768422608,0.997608592555405
1326,1,1,0.9977675868873458,0.9977675868873458,0.00039665459954942343,0.00040878551287532305,0.00043235976151931457,0.0004067705091347699,0.0005878427295753421
1327,1,1,0.9979703246622014,0.9979703246622014,0.00037239800455645094,0.0003477562588855808,0.0003977339929450682,0.00031554353065972764,0.000596243550751634
1332,6,6,0.997843615058857,0.0005321707533301192,0.0004652134628909827,0.00035565584842034203,0.0003801243989130393,0.000423220477588518,0.997843615058857
1334,3,3,0.9976173643684221,0.00042265769659006374,0.0005215242586131256,0.9976173643684221,0.0003939803810426799,0.0007034547584697266,0.0003410185368622867
1335,4,4,0.9976403273634074,0.00047393600929240007,0.00042588616940217154,0.0005124971277569232,0.9976403273634074,0.0003076513977202059,0.0006397019324210496
1336,6,6,0.9973928888897228,0.0008468997514812984,0.0004913571154807995,0.0003930652440334416,0.0004608709696133606,0.0004149180296683669,0.9973928888897228
1338,5,5,0.9918869414316633,0.00027449051450710723,0.005757084276855654,0.0005117487887111301,0.0003564601747053922,0.9918869414316633,0.0012132748135574298
1341,2,2,0.9970667405748078,0.0003244411020500161,0.9970667405748078,0.0005073363145938974,0.0005590218624455847,0.0010349195808379771,0.0005075405652647246
1342,4,4,0.9976771449069227,0.00047139759479243896,0.00041859489998514695,0.0005056967458403944,0.9976771449069227,0.00028632065514190287,0.0006408451973174752
1343,3,3,0.9976987267089629,0.0004804887005698708,0.0005088097544718774,0.9976987267089629,0.0004560501849717757,0.0005115093093763218,0.000344415341647426
1344,3,3,0.9977289040913287,0.00047643349884662895,0.0004997253502497792,0.9977289040913287,0.0004897283018985612,0.00043403847711027976,0.00037117028056604526
1345,4,4,0.9975406723210883,0.00047044550159642396,0.00044793383516078,0.0005236872610937358,0.9975406723210883,0.0003096698659054602,0.0007075912151553119
1347,5,5,0.9958177362564326,0.0003605651060379816,0.0015130408160264708,0.0010571125956591442,0.00034822278400876576,0.9958177362564326,0.0009033224418350638
1348,3,3,0.9976685931938067,0.0004367726280918695,0.0005216447945098757,0.9976685931938067,0.00057462576458322,0.0004533903065687792,0.0003449733124395103
1349,5,5,0.9964832444798871,0.0004073496538319712,0.0012235929488639355,0.0008981898185024316,0.0003486566261156192,0.9964832444798871,0.0006389664727989404
1350,5,5,0.9965714816932668,0.00045139869557455124,0.0013084644839412335,0.0006326271311284881,0.0003862763467588965,0.9965714816932668,0.0006497516493300322
1351,2,2,0.9972927512130546,0.0003392805120874776,0.9972927512130546,0.0005038325597299768,0.0005377338674274756,0.0006997287068689853,0.0006266731408315633
1352,2,2,0.9972666879604792,0.00035584466133016117,0.9972666879604792,0.000522354928531677,0.0005673993360887554,0.0007097427419903487,0.0005779703715798519
1353,2,2,0.9968786089046626,0.0002925264663115017,0.9968786089046626,0.0004884679727979564,0.0005212484314534832,0.001279377242783178,0.0005397709819912811
1354,2,2,0.9971808523228568,0.0003738458002644199,0.9971808523228568,0.0005091330526719949,0.0005889471575706357,0.0007466152827641434,0.0006006063838720671
1355,6,6,0.9970504334505599,0.0009432755451271789,0.000491489728724228,0.000438111381266468,0.0005571711969952597,0.000519518697327021,0.9970504334505599
1356,2,2,0.9971072743461725,0.0003319942846892777,0.9971072743461725,0.0005352516084637956,0.0005391178779751183,0.000916323452898243,0.0005700384298010076
1360,5,5,0.9960339836734372,0.0003710924711577725,0.0014724497703782345,0.0006309318231907879,0.00035932873178865063,0.9960339836734372,0.0011322135300473948
1362,1,1,0.997893313317992,0.997893313317992,0.0004025609492955902,0.0003655199542597322,0.00039232166958614884,0.00032884202947981625,0.0006174420793867173
1364,5,5,0.9963125080230635,0.0004221527564491054,0.0013254521672427804,0.0006773941805955768,0.0003844237749230841,0.9963125080230635,0.000878069097726005
1365,1,1,0.9979617502730177,0.9979617502730177,0.00032564782001406125,0.00036603689318488454,0.00040288836669280785,0.0003069544007819667,0.0006367222463086039
1367,3,3,0.9977943051887674,0.00040995342684573227,0.0004958537928774436,0.9977943051887674,0.0005057372794210186,0.0004370118119344144,0.00035713850015376715
1368,4,4,0.9976269055179919,0.00048097834494182734,0.00045458772052799936,0.000502909738905502,0.9976269055179919,0.00032031892321184605,0.0006142997544209551
1369,5,5,0.9961134405800363,0.0003275587583719654,0.002162795326736215,0.0005278271385236442,0.00032938630434028044,0.9961134405800363,0.0005389918919916997
1371,5,5,0.9965360347071304,0.000399183081785629,0.0013453812817532111,0.0005929240250537758,0.0003638175324548859,0.9965360347071304,0.0007626593718221627
1374,2,2,0.9964751592808817,0.00044756891983038815,0.9964751592808817,0.0005508715398616835,0.0007191242178420478,0.0007455218577053128,0.0010617541838789223
1375,3,3,0.9978919140954559,0.00040517427223413547,0.00046080965324634234,0.9978919140954559,0.0004167127776753925,0.0005104221416375006,0.00031496705975077126
1377,3,3,0.9974302087786068,0.000519126682643833,0.0005478820804229522,0.9974302087786068,0.0006122541036249694,0.00045910256774038224,0.00043142578696107675
1378,1,1,0.9979345800954604,0.9979345800954604,0.0003691900197823322,0.00032738801845752974,0.00037376924502433896,0.00029409746043898636,0.0007009751608364092
1379,2,2,0.997262333530549,0.00035001068890824517,0.997262333530549,0.0005485311128714836,0.0005754406302488763,0.0007411044602690829,0.0005225795771532601
1380,2,2,0.996482888317828,0.000259637233630596,0.996482888317828,0.0004132406395254765,0.0005418880889131903,0.001485482327224002,0.0008168633928786688
1381,1,1,0.9979305201548536,0.9979305201548536,0.0003757321209618876,0.00037762308389979954,0.0004043171720376218,0.0003508491348612704,0.000560958333385918
1382,1,1,0.9977808964922216,0.9977808964922216,0.00039640957060862244,0.0004334050560055534,0.0004854753675130626,0.00037476469926286027,0.0005290488143883011
1383,2,2,0.9969007972751595,0.0004314799961447874,0.9969007972751595,0.0006184100216803522,0.0006762600616652046,0.0006243578558090109,0.0007486947895411845
1384,5,5,0.9964826509565441,0.0003582132193609126,0.001281168363588562,0.0007434329900391455,0.00034491073103668445,0.9964826509565441,0.0007896237394306154
1385,6,6,0.997552289826291,0.0005459992432009657,0.0006344260475343104,0.00044905863752423415,0.00044197689009324435,0.00037624935535626015,0.997552289826291
1386,6,6,0.8016246457104588,0.0015714465207072087,0.11843691482744896,0.0036552403207391875,0.003957580896984396,0.07075417172366147,0.8016246457104588
1388,1,1,0.997830072779072,0.997830072779072,0.0003337579953550925,0.00037427136570465484,0.0004272882637413833,0.0002875495300493597,0.0007470600660775614
1389,5,5,0.9958179229881865,0.00039946131124333914,0.00150961650993859,0.0013324777773490188,0.0003420293208387406,0.9958179229881865,0.0005984920924438451
1390,4,4,0.9976329614531099,0.0005139001812647659,0.00039138605213487787,0.0005469286083720609,0.9976329614531099,0.0002865740386220075,0.0006282496664964885
1393,1,1,0.9979346119854609,0.9979346119854609,0.0003712772417030888,0.00039744146658545604,0.00041995403417903596,0.00034098888798952433,0.0005357263840820029
1396,2,2,0.9910064453852409,0.00028495956540701417,0.9910064453852409,0.0005572973232684233,0.0005649651349442487,0.006802190639243564,0.0007841419518960237
1397,1,1,0.9980679696403643,0.9980679696403643,0.0003290169192379147,0.0003327800442708616,0.0003799606682048186,0.00028870247053808625,0.0006015702573840321
1398,4,4,0.9976155074784762,0.0005019277706707183,0.0004432047070276997,0.0005322457562732398,0.9976155074784762,0.0003151432771831217,0.0005919710103691667
1399,3,3,0.9977914527633502,0.00041082544850917324,0.0004671113792138564,0.9977914527633502,0.00047471827590522895,0.0004629603292955649,0.00039293180372575675
1400,6,6,0.9973464281512857,0.0005654275453625236,0.0005874069333400587,0.0006202180106065444,0.00047097536843110403,0.0004095439909741057,0.9973464281512857
1401,3,3,0.997860605628797,0.00038910273979863544,0.0004888337545475865,0.997860605628797,0.0004269487741425062,0.0005321216806413192,0.00030238742207296115
1402,5,5,0.9955211411060138,0.00031502770412743464,0.0024332882626905516,0.0008870740005200434,0.0003259080251143946,0.9955211411060138,0.0005175609015338527
1403,2,2,0.9880002105343149,0.0003030493960955028,0.9880002105343149,0.0005592314389841429,0.0005796817110420517,0.009853353688324108,0.0007044732312393992
1404,2,2,0.9966476461307742,0.00031127078966468113,0.9966476461307742,0.0005229001347539264,0.0005550716250387113,0.0014728470560135566,0.0004902642637549555
1405,5,5,0.9965994783270553,0.0004265991664937782,0.0011186922010118809,0.0007107409643176237,0.0003753594582351297,0.9965994783270553,0.0007691298828862637
1406,4,4,0.9976004856576743,0.0005004855885584802,0.00040289865903577783,0.0005345841639179888,0.9976004856576743,0.0003072409353334502,0.0006543049954800391
1407,1,1,0.9978255134285191,0.9978255134285191,0.0003685903107096692,0.0004179873463255256,0.0004606471935636744,0.0003802614430001688,0.0005470002778818958
1409,4,4,0.9975759277547219,0.0005191260038630025,0.000421688196644298,0.0005405165597582312,0.9975759277547219,0.00030565027932664957,0.0006370912056858687
1411,4,4,0.9976353713641626,0.0004862909004729241,0.0004249171134016124,0.0005187323040974132,0.9976353713641626,0.0002881186446967487,0.0006465696731686753
1412,4,4,0.997567939165986,0.0004834458171283725,0.00043780487063649635,0.0005631506139552828,0.997567939165986,0.00031016987825036,0.0006374896540435136
1413,2,2,0.9973434657544564,0.00034297821766051144,0.9973434657544564,0.0004658004840014023,0.0005335870003134782,0.0007207375494676849,0.0005934309941005416
1415,3,3,0.997742796436315,0.0004054277477479905,0.0005080782699448055,0.997742796436315,0.0005328020327284498,0.0004774444212700015,0.00033345109199383347
1416,3,3,0.9977825445462687,0.0004367775179809047,0.0004929209906277269,0.9977825445462687,0.0004595523425235618,0.0004994448471608146,0.0003287597554383807
1418,3,3,0.9977804193420402,0.0004461249549803034,0.0004903248804326581,0.9977804193420402,0.00048556864554119176,0.0004534067618623198,0.00034415541514330733
1419,6,6,0.9976527939669106,0.0006029663281181208,0.00047567031087523525,0.00035656105533571033,0.0004679707181729324,0.0004440376205873619,0.9976527939669106
1420,1,1,0.9977935134152989,0.9977935134152989,0.00039115256602724154,0.000321056001686474,0.0003783083201241113,0.0003192792422277073,0.0007966904546353829
1421,4,4,0.9975289054090285,0.0005512285579592889,0.0003886106053794404,0.0005440923565499538,0.9975289054090285,0.00028609360847195285,0.0007010694626108482
1422,2,2,0.9972464710622077,0.00027916396167198805,0.9972464710622077,0.000465182077454212,0.0004670383779074087,0.0010247263953521589,0.0005174181254066917
1423,2,2,0.9967238323243957,0.0003759236430356897,0.9967238323243957,0.0005425355056761179,0.0006120063490895657,0.0009541979540789933,0.0007915042237240192
1424,3,3,0.9978106419873989,0.00043939897151227056,0.0004941798881327651,0.9978106419873989,0.00044623208510659513,0.00047778779623764344,0.0003317592716118139
1425,1,1,0.9978265801980855,0.9978265801980855,0.00038957735095128946,0.0004172066084943149,0.0004533987664760178,0.00038642587157333713,0.000526811204419638
1427,1,1,0.9979191532088924,0.9979191532088924,0.000400043173954866,0.00036773497844662563,0.0004152412835133563,0.00033898827734360997,0.0005588390778493122
1428,5,5,0.9963258164863712,0.0003954072118837086,0.0016224028493912691,0.000544244437495009,0.00033868870520563,0.9963258164863712,0.000773440309653169
1429,6,6,0.9968581782795063,0.0007292442450352517,0.0007439149629577609,0.0005122907177342668,0.0005008689188033612,0.0006555028759630159,0.9968581782795063
1431,3,3,0.9978340156940454,0.00039872001751896184,0.00047339285846008627,0.9978340156940454,0.0004396033367434173,0.0005160252889806325,0.0003382428042514866
1432,1,1,0.9978420964078771,0.9978420964078771,0.00037430924594923735,0.000407327480210129,0.00042494859638741333,0.0003438902454319098,0.000607428024144131
1433,5,5,0.9963432528242497,0.0003998213154044463,0.001286598229378517,0.0006314551937874008,0.00036053408151192555,0.9963432528242497,0.000978338355667994
1434,1,1,0.9978682943220714,0.9978682943220714,0.0004183883325607452,0.00037447440177670725,0.00042225690145868724,0.00033920270891537186,0.00057738333321713
1436,4,4,0.9976530071061128,0.0004987822326661837,0.0004381326985706276,0.0005002489493929201,0.9976530071061128,0.0003109489228234409,0.0005988800904340025
1437,2,2,0.9968993549764434,0.00041880664751541886,0.9968993549764434,0.0005748341725583355,0.0006729487718412168,0.0006212956433833698,0.000812759788258275
1439,5,5,0.9963909871119626,0.00037664843996347645,0.0012804964645523394,0.0005997469930239652,0.0003293080916694732,0.9963909871119626,0.0010228128988280833
1440,4,4,0.9976207469352774,0.0005295572842087268,0.00039627713857492156,0.0005178360077004667,0.9976207469352774,0.0002905073591777861,0.0006450752750607356
1444,2,2,0.9966077278412874,0.00041327780491888006,0.9966077278412874,0.0006157942373232582,0.0007184448971163061,0.0008298480677958463,0.0008149071515583906
1445,1,1,0.9979893610815681,0.9979893610815681,0.00034176943452175827,0.00032996003209629965,0.00037045073398609703,0.00027825937934390025,0.0006901993384838644
1447,4,4,0.9976349890564961,0.0005211193294738064,0.00039083872585376936,0.0005265292082364166,0.9976349890564961,0.0002877593798495362,0.0006387643000904405
1448,1,1,0.9978828563579769,0.9978828563579769,0.0003872593044971561,0.0003343536072461489,0.00042667176808206935,0.00032156739290056124,0.0006472915692972175
1449,2,2,0.9968223258164672,0.00038070477860916097,0.9968223258164672,0.0005975101187968266,0.0006492721527505434,0.0009163223733617782,0.000633864760014467
1450,3,3,0.9977957848092031,0.0004428886936982659,0.0005061225763317571,0.9977957848092031,0.000452141643977542,0.0004617561510865488,0.00034130612570282775
1451,2,2,0.9970731690533958,0.0003421486865512534,0.9970731690533958,0.0006283893158150417,0.0006124947808509567,0.0007268329754558389,0.0006169651879312109
1453,1,1,0.9978621504769014,0.9978621504769014,0.0003888010358714863,0.0003885048752956461,0.0004158375336757869,0.00038511736408649254,0.0005595887141691574
1454,2,2,0.9968498464077868,0.00027908911900942015,0.9968498464077868,0.0004217815051968639,0.0004695123988764509,0.0015036479044776808,0.00047612266465278154
1457,2,2,0.9972974982513872,0.00035034266741955367,0.9972974982513872,0.0005176360887334783,0.0005507630591674562,0.0007003442379350558,0.0005834156953572164
1458,2,2,0.9969687588875574,0.00040738607684633765,0.9969687588875574,0.0005295640823802007,0.0006615439676844855,0.0007031881178363922,0.0007295588676951796
1461,6,6,0.996792019806046,0.0009925162899203361,0.0007796343426866937,0.00047572926335371463,0.0005382817478919613,0.0004218185501012279,0.996792019806046
1462,3,3,0.9978100842738883,0.000442949713981999,0.0004774748028904701,0.9978100842738883,0.0004984617209416633,0.0004492922827673749,0.00032173720553017735
1463,5,5,0.9942449067631498,0.0004770714027871396,0.0014959503767177063,0.001554849772380587,0.000388883166149844,0.9942449067631498,0.0018383385188148898
1464,2,2,0.9967928254056372,0.00042783220399994476,0.9967928254056372,0.0005459236994796159,0.0006220212500468444,0.0006461619454227808,0.0009652354954137114
1469,1,1,0.9978863300684591,0.9978863300684591,0.00033911293297146937,0.0003761808509093107,0.0003970038551795316,0.00029507828582486106,0.0007062940066558109
1471,4,4,0.9976546637488329,0.0005168167924901663,0.00040929860031280294,0.0005162205132193525,0.9976546637488329,0.000301754680349643,0.0006012456647951518
1473,4,4,0.9976627098009249,0.0004904407770007233,0.000422392409357076,0.0004787447036964746,0.9976627098009249,0.00032042358394817103,0.0006252887250727744
1474,5,5,0.996527600347187,0.00043481410312702157,0.0012116433209867065,0.0007937996903008294,0.0003666183867623645,0.996527600347187,0.0006655241516360729
1475,2,2,0.9966681230738799,0.0003921485946315141,0.9966681230738799,0.0005737200736830004,0.0006518645051980703,0.0006638382294905866,0.001050305523117046
1476,1,1,0.997936630339239,0.997936630339239,0.00035118169877019595,0.00038943234018784273,0.00042533389497766995,0.0003285475328658698,0.0005688741939594136
1477,4,4,0.9975994506881419,0.0004668767635691383,0.00043318162829736356,0.0005309464324843368,0.9975994506881419,0.0003081244153019198,0.0006614200722052945
1479,4,4,0.9976439104409289,0.0004877004940351612,0.0004350720944439157,0.0005069974109038303,0.9976439104409289,0.00030897503133274436,0.0006173445283553831
1480,2,2,0.9973133680946589,0.0003499535417334074,0.9973133680946589,0.00048473168285980594,0.0005428721970535097,0.000775563358410942,0.0005335111252835632
1481,6,6,0.9964916925109224,0.0006789471115151174,0.0009463550746946829,0.000416743844346871,0.0004603357927863099,0.001005925665734587,0.9964916925109224
1482,2,2,0.9972422371977545,0.0002847607900715887,0.9972422371977545,0.00043306203941952066,0.0005129266774774032,0.0009393814487263237,0.0005876318465507394
1483,1,1,0.9979727915674793,0.9979727915674793,0.00036725358411797453,0.00032810354774335653,0.0003918949825853753,0.0003078998140553672,0.000632056504018663
1484,3,3,0.9977353338440422,0.0004715728040343918,0.0004880252878891374,0.9977353338440422,0.0004940492573590022,0.0004489750750395255,0.00036204373163585334
1487,3,3,0.99704388492143,0.0005028640038292355,0.0005825096608574658,0.99704388492143,0.0009237902494110235,0.00045853383609117027,0.0004884173283810154
1489,2,2,0.9962608182239248,0.00048226886254847817,0.9962608182239248,0.0008622637220273989,0.0008075617341051795,0.0006378181837764146,0.0009492692736178466
1490,3,3,0.9978880382250804,0.0004135465842926407,0.00045473274902436554,0.9978880382250804,0.0004490018270871109,0.0004792729215470607,0.00031540769296847776
1491,2,2,0.9970653370521603,0.0004223442477420478,0.9970653370521603,0.0005221802667446868,0.0006342055502163537,0.0007196293545084664,0.0006363035286283549
1492,3,3,0.9963205857922022,0.0006522467465166173,0.0006616291809880987,0.9963205857922022,0.000505693945456694,0.0008528725426547943,0.0010069717921815742
1495,6,6,0.9969291740487808,0.0007509643501746662,0.0006844344525629298,0.0005892074229830795,0.0005868006527506158,0.00045941907274788056,0.9969291740487808
1497,4,4,0.9976462638202902,0.0005087446727988291,0.00041418615381449893,0.0004960173932237955,0.9976462638202902,0.00029649142858719185,0.0006382965312854678
1498,2,2,0.9968066970994091,0.00037585037161902267,0.9968066970994091,0.0005185483378470163,0.0006554787109345354,0.0008670066219974261,0.0007764188581929082
1500,3,3,0.9978417478408396,0.0004084955369383213,0.0004939010400938883,0.9978417478408396,0.0004414754708614968,0.0004832935388302663,0.00033108657243656085
1501,4,4,0.9975858780734214,0.0004812781337508088,0.0004266263505387745,0.0005834667159511081,0.9975858780734214,0.00031275936177355596,0.0006099913645644657
1502,1,1,0.9979595693620463,0.9979595693620463,0.0003613194406259938,0.0003787236177756237,0.0004255359919313904,0.0003391473577679293,0.0005357042298527821
1503,4,4,0.997646949208497,0.0004570006647430958,0.00040353692385439296,0.0005568087087286255,0.997646949208497,0.00030206905917935675,0.0006336354349975366
1505,3,3,0.9978104012749968,0.000389898495743417,0.000506830916706315,0.9978104012749968,0.0005013180103970059,0.0004556534556818997,0.0003358978464746149
1506,5,5,0.9961276009145003,0.000474515282268758,0.0011043854045303155,0.0013039735237721634,0.0003950176506251142,0.9961276009145003,0.0005945072243033798
1507,1,1,0.9979405517926354,0.9979405517926354,0.00037465172875678646,0.00037510039338547064,0.0004168980612070274,0.00031699180471316733,0.0005758062193021497
1508,4,4,0.9969984012975049,0.00048232796062230827,0.0006509769990751286,0.000675942613385716,0.9969984012975049,0.0003793904218440946,0.0008129607075677753
1509,1,1,0.9979425413065083,0.9979425413065083,0.0003920221776774267,0.00036269817574305526,0.00040874314375242,0.0003366896531835744,0.0005573055431352141
1511,2,2,0.9968599423067752,0.0003955012897838961,0.9968599423067752,0.0005754474059777306,0.0006604511891747248,0.0008082041642617493,0.0007004536440267351
1513,2,2,0.9970363473992608,0.00039291443330203326,0.9970363473992608,0.0005509069358594827,0.0006242956793108395,0.0007414146746719904,0.000654120877594855
1514,5,5,0.996107692674371,0.0004243196396263118,0.0013605447768766207,0.0006045297237160027,0.0003579049859091297,0.996107692674371,0.0011450081995008948
1516,4,4,0.9976276280614207,0.0004962714502062933,0.00039091078683445416,0.0005411805211091952,0.9976276280614207,0.0002999330029592832,0.0006440761774701372
1517,3,3,0.9975859077192505,0.0004490105806682528,0.0005376257027377505,0.9975859077192505,0.0005495153175713154,0.00047768653046870944,0.00040025414930351503
1518,5,5,0.9966355451962575,0.0004108391585645338,0.0012120356855650056,0.0007083590106091523,0.00037318535298381655,0.9966355451962575,0.0006600355960199762
1519,4,4,0.9976707718628229,0.0004773862908981367,0.0004007386802503283,0.0005364189546952056,0.9976707718628229,0.0002770406267376861,0.0006376435845956727
1520,6,6,0.9970469442601713,0.0006017844046331233,0.0007972936807741405,0.0006108106660422318,0.0005017654304880952,0.00044140155789109493,0.9970469442601713
1521,2,2,0.99568094845702,0.0003556052760748566,0.99568094845702,0.000641850593034519,0.0006885999022238752,0.0015133625436669405,0.001119633227979764
1522,6,6,0.9978358119906843,0.0005354823063063902,0.0004314497624288815,0.00038755251328896395,0.0003966089268082837,0.000413094500483257,0.9978358119906843
1525,1,1,0.9980367504604808,0.9980367504604808,0.00033361294220004694,0.0003392322803916563,0.0003881857938158651,0.00029884201566593595,0.0006033765074456557
1531,5,5,0.9963399030322363,0.0005394476971341507,0.0012333874881182245,0.000656365989698487,0.0003890024908517599,0.9963399030322363,0.0008418933019611306
1532,3,3,0.9978888011102478,0.00041129693628441134,0.0004774678376585838,0.9978888011102478,0.0004186148320637862,0.000490607314074994,0.0003132119696705386
1533,1,1,0.9979097343836895,0.9979097343836895,0.00036627828731349065,0.00040521668080872495,0.0004376872135835538,0.00035708205887664596,0.0005240013757281839
1534,3,3,0.9975861760398664,0.00042325981936901225,0.0005247314929812084,0.9975861760398664,0.0006605067471526692,0.0004640066681395495,0.00034131923249114106
1536,3,3,0.9977918132642282,0.00043078752596983043,0.0005127529385140054,0.9977918132642282,0.0004338096678642196,0.0004905336763319214,0.00034030292709187344
1538,6,6,0.9962590340479158,0.001764226134275261,0.0006637468073739808,0.0003430609445531879,0.00047105379162929904,0.0004988782742523962,0.9962590340479158
1539,2,2,0.996727227120364,0.00045545125565269715,0.996727227120364,0.0006451321526190512,0.0007913300060757937,0.0006132841802295812,0.0007675752850589136
1540,5,5,0.9966428677781901,0.0003696267955226892,0.0014829349220882922,0.0006099043626478481,0.00033609423785743936,0.9966428677781901,0.0005585719036936681
1542,6,6,0.9971905009385655,0.0008771673592404459,0.0006247364585669108,0.0003795753743505152,0.0005084799894256148,0.0004195398798509589,0.9971905009385655
1543,1,1,0.9979837459591706,0.9979837459591706,0.0003629912144558727,0.0003593789345747684,0.00040355324933082944,0.00030447971349977963,0.000585850928968213
1544,3,3,0.9978219387448748,0.00038599424166516647,0.0004995720286628917,0.9978219387448748,0.0004960472637150379,0.0004912734787646896,0.00030517424231744504
1545,4,4,0.997603223024797,0.0004742072709333659,0.0004251709262066004,0.0005537609023000774,0.997603223024797,0.0003050345941029838,0.0006386032816599632
1546,1,1,0.9978511075630964,0.9978511075630964,0.0003837075851155475,0.00042284342228339787,0.00044592261647727165,0.0004008705812040909,0.0004955482318234474
1548,2,2,0.9970621828785401,0.00042069635019372935,0.9970621828785401,0.0005549176914075297,0.0006453058683936754,0.0006533292126654083,0.0006635679987996371
1550,5,5,0.995685349319237,0.000363956878716493,0.002632912974221106,0.0004923354769056827,0.0003428430972386555,0.995685349319237,0.000482602253681078
1551,5,5,0.9966493420946954,0.0003227416365228649,0.0014700332211717527,0.0004967102517417276,0.0003146276921783056,0.9966493420946954,0.0007465451036900412
1552,4,4,0.9976148321970809,0.00045391985788517105,0.0003957800396519795,0.0005737034208160319,0.9976148321970809,0.00031705278351892727,0.0006447117010469484
1553,2,2,0.997067920262231,0.00024249657681849876,0.997067920262231,0.0004623030813568145,0.000468860639575037,0.0012748794696415577,0.00048353997037706896
1554,3,3,0.9978721765344836,0.00041529538842265026,0.0004893410092515157,0.9978721765344836,0.000418742620940332,0.0004912597667057625,0.00031318468019620946
1556,1,1,0.9979658638408286,0.9979658638408286,0.0003608311862502169,0.0003461042124858892,0.0004043978421394672,0.00029602071463664373,0.0006267822036592202
1557,3,3,0.9977554885961484,0.0004570000259508676,0.0004954931894691733,0.9977554885961484,0.0004616498868317684,0.0004907106733262979,0.0003396576282735882
1561,3,3,0.9957362811008403,0.0005910460840362132,0.0007439594197992795,0.9957362811008403,0.001567984411704663,0.0005086610529654125,0.0008520679306540755
1563,4,4,0.9976460086773689,0.0004661213198348176,0.0003796341675332538,0.0005489397306727501,0.9976460086773689,0.0003005432587911674,0.0006587528457992461
1564,1,1,0.9978413249368989,0.9978413249368989,0.00035902968557574404,0.00032514493686697135,0.00039451913232265015,0.0002891217840311723,0.0007908595243045185
1565,3,3,0.9971165440309765,0.0005522954119446477,0.0005895118805739747,0.9971165440309765,0.0008097756281977021,0.00043052657411316806,0.0005013464741940115
1566,3,3,0.9978021647399877,0.0004245261445596826,0.0004863545892463966,0.9978021647399877,0.0004744830484682109,0.00048647959020898406,0.00032599188752903055
1567,1,1,0.9978871271269313,0.9978871271269313,0.0003510613224280087,0.0003439170892303623,0.00039079477131732476,0.00028802595145639806,0.0007390737386367346
1570,2,2,0.9966573597809625,0.0002809810987974916,0.9966573597809625,0.0004364662051988792,0.0004975640867916792,0.0016376820296169002,0.0004899467986325294
1571,2,2,0.9958027439127916,0.00047897246977686935,0.9958027439127916,0.0009733255560795179,0.0009736462802667326,0.0006007111057563378,0.0011706006753290023
1572,4,4,0.9976290822652454,0.000498144235229698,0.00042766546975303154,0.0005261880453050833,0.9976290822652454,0.00030405850705504656,0.0006148614774117144
1573,3,3,0.9978204967639724,0.0004075786179153737,0.0004979552482136054,0.9978204967639724,0.00046279147217860833,0.0004897872572184192,0.00032139064050158234
1574,4,4,0.9975948297720186,0.0004560090021483019,0.00041194269151894724,0.0005192106144292773,0.9975948297720186,0.0003231491805200999,0.0006948587393647911
1575,3,3,0.9977320575238683,0.0004649909163217101,0.0004927714542122204,0.9977320575238683,0.0004895217786646446,0.0004526179464951685,0.0003680403804379698
1576,3,3,0.9977922997116869,0.0004504688466571621,0.0004968993887834605,0.9977922997116869,0.00045514897624591196,0.0004432581094626253,0.00036192496716388057
1578,4,4,0.997628321221638,0.00046303606040792075,0.00043466241793208894,0.0005074507435826824,0.997628321221638,0.0002929162670093538,0.0006736132894299972
1579,1,1,0.9978600283495312,0.9978600283495312,0.0003526747217672875,0.00043698185499857386,0.00044408307331369123,0.0003944418913724852,0.0005117901090168006
1581,5,5,0.9952125417903394,0.0005261230377556804,0.0012832362175456665,0.0017364884947607313,0.00040525860048530723,0.9952125417903394,0.0008363518591132163
1582,2,2,0.9971883530528213,0.0003702379337504048,0.9971883530528213,0.0005387752121043672,0.0006116516665802067,0.0006814954438250335,0.0006094866909188896
1584,2,2,0.9970336224447411,0.0004205728293955697,0.9970336224447411,0.0005843409026201762,0.000652390898719771,0.0006492561832659158,0.0006598167412574762
1585,6,6,0.9961838830416863,0.0012928425317023215,0.0008695314787355008,0.00056019766956801,0.0006165962985749476,0.0004769489797329609,0.9961838830416863
1586,4,4,0.9976419898185374,0.00048640452311127865,0.0004170289983629665,0.0005303182720333908,0.9976419898185374,0.0002862895344941376,0.0006379688534608606
1587,3,3,0.9978298598054809,0.00041042162803606896,0.00047091412181266804,0.9978298598054809,0.0004493491702832178,0.0004830104319596644,0.00035644484242760476
1588,5,5,0.9964948553041205,0.00043598008323252003,0.0010559838437881588,0.0008044680407266744,0.00035099149296588273,0.9964948553041205,0.0008577212351662833
1590,3,3,0.9978326038816685,0.00041535616352944517,0.0005003662119443639,0.9978326038816685,0.000403065644938037,0.0005319817032096682,0.000316626394710023
1591,2,2,0.997307119447037,0.0003061191920146743,0.997307119447037,0.00046049087592903994,0.0005551132727397894,0.000822666573956731,0.0005484906383228217
1594,6,6,0.9964001397104383,0.0007152499904210924,0.0010429448676684838,0.0004162883069792616,0.0005206596802470956,0.0009047174442458267,0.9964001397104383
1595,4,4,0.9976921879027597,0.000472665862111814,0.0004029547403445615,0.0005501372871327746,0.9976921879027597,0.0002775056236094637,0.0006045485840417234
1596,6,6,0.9977205454354277,0.0005424064033887725,0.0004839312488258034,0.00045131769995106663,0.00040712426073846584,0.00039467495166825654,0.9977205454354277
1598,1,1,0.9977276796990934,0.9977276796990934,0.000327389479494808,0.0003161845631161998,0.0004027147319761016,0.00026585397095810914,0.0009601775553614135
1599,3,3,0.9977676603894698,0.0004139389965829199,0.00044776175031697627,0.9977676603894698,0.0004184993629677652,0.0006156557192774967,0.00033648378138498156
1600,4,4,0.9976430619902834,0.0004999888536535142,0.00039827604636141843,0.0005155208132562989,0.9976430619902834,0.00030322615445141566,0.0006399261419939357
1601,2,2,0.9971997695076014,0.000357955153376749,0.9971997695076014,0.0005008939765259899,0.0005762799492242222,0.0006879181811864254,0.0006771832320852437
1605,3,3,0.9978166818328371,0.0004284597525714064,0.0004789519298216633,0.9978166818328371,0.0004404381033836271,0.0004938087658812929,0.00034165961550485635
1606,3,3,0.9977483739406785,0.00046288425900160076,0.000487463664690246,0.9977483739406785,0.0004860411277515862,0.0004409002745477811,0.0003743367333302518
1608,6,6,0.9979183581422093,0.0004709812584531465,0.0004520139710451542,0.00037118023155567126,0.0003597876529637663,0.0004276787437729928,0.9979183581422093
1612,2,2,0.9971745698115361,0.0003693543360935454,0.9971745698115361,0.0005465490697822703,0.0005792848819887782,0.0007063662273329898,0.00062387567326641
1613,5,5,0.9965025135785126,0.00041537964504993757,0.001388984958086152,0.0006800414959723344,0.0003932872476048864,0.9965025135785126,0.0006197930747740964
1615,5,5,0.9960750842625332,0.0006543788615621158,0.0010694154784938316,0.000966457058036466,0.00039566391198860674,0.9960750842625332,0.0008390004273858101
1616,1,1,0.9979820902283641,0.9979820902283641,0.0003438957263138839,0.00036066812138420154,0.00039426331936849633,0.0003131134431665064,0.0006059691614027347
1617,1,1,0.9979028035830961,0.9979028035830961,0.0003629330361667831,0.00037131447311769924,0.00043841652207515775,0.0003110929475708362,0.0006134394379735276
1619,2,2,0.9963735140066013,0.00023813340008559434,0.9963735140066013,0.00042881428330317754,0.000476416917734622,0.0018537272268212197,0.0006293941654540445
1620,2,2,0.997201663854083,0.0003674344995511797,0.997201663854083,0.0005423549868080444,0.0005816689012691832,0.0007362232001481546,0.000570654558140424
1621,3,3,0.9977543993057815,0.00047691160785566663,0.0004755915454119545,0.9977543993057815,0.00046471780133370297,0.00045838341081517125,0.000369996328802065
1623,4,4,0.9976154259207575,0.000498659020330992,0.0004176551173137326,0.000491513331681546,0.9976154259207575,0.00029552671732159183,0.0006812198925947245
1624,4,4,0.9976548883282349,0.0004996191592300416,0.0004386132466622362,0.0005079409346609454,0.9976548883282349,0.0003102602201499576,0.0005886781110620514
1627,3,3,0.9977776032138501,0.0004084957609592818,0.000513493529725409,0.9977776032138501,0.0004916845169869646,0.000475566990910469,0.0003331559875678212
1628,4,4,0.9975525265305004,0.0005535120544319775,0.00042547806678446253,0.0005465880780431795,0.9975525265305004,0.0003285347721371598,0.0005933604981028696
1632,5,5,0.9961478261382775,0.0003575417343097912,0.0019077796327985454,0.0006359896219652165,0.00032596640799322635,0.9961478261382775,0.0006248964646557658
1633,3,3,0.9978088586687411,0.000409646943113248,0.0004910410424526439,0.9978088586687411,0.0004627653328123587,0.0004951386870964326,0.0003325493257843351
1634,3,3,0.9978550756924799,0.00042353683943938277,0.0004743446511970111,0.9978550756924799,0.0004338911681147004,0.0004918307867005799,0.00032132086206852637
1637,3,3,0.9973635381390231,0.0005027559389821681,0.000545217730420495,0.9973635381390231,0.0004555834014025698,0.0006518479402434545,0.0004810568499281805
1638,6,6,0.9975971386476276,0.0006017826264670163,0.0005220349311376565,0.0003753432465716248,0.0004389567099306089,0.00046474383826557744,0.9975971386476276
1639,3,3,0.9946960681518484,0.0007987482618413828,0.0008356368448220167,0.9946960681518484,0.0008582280539988661,0.000675379621626555,0.002135939065862823
1640,5,5,0.996489224127178,0.0004600377291161264,0.0013482786337815197,0.0006977039302388428,0.0003755334820992454,0.996489224127178,0.0006292220975863439
1641,3,3,0.9968527156702429,0.0006027313184999305,0.0006034963418024566,0.9968527156702429,0.0005410345727549722,0.0005918992800431881,0.0008081228166563526
1642,1,1,0.9979509927763899,0.9979509927763899,0.0003521904528895471,0.0003698069415351633,0.0004236704721374811,0.00030540762161067103,0.0005979317354372266
1643,1,1,0.9977991055473252,0.9977991055473252,0.0003373090429993963,0.0003321910464544393,0.0004096779093751553,0.0002837616552655724,0.0008379547985802482
1644,5,5,0.9966720973247761,0.000381517277256893,0.0012024183121410144,0.0007154806969761568,0.0003442232190963486,0.9966720973247761,0.0006842631697534854
1646,5,5,0.9965230211435352,0.0003857666446111437,0.0011721536266573243,0.0007290755736783633,0.00034766711125619796,0.9965230211435352,0.0008423159002617342
1647,6,6,0.9978409528756242,0.000521555580332392,0.0004979687867015927,0.0003539306307133271,0.000404018821284942,0.000381573305343483,0.9978409528756242
1649,6,6,0.9974434578678623,0.0005799685140780055,0.0005652927908563189,0.0004614491575209238,0.0005528643490528973,0.00039696732062963295,0.9974434578678623
1650,6,6,0.9974251710936598,0.0007219778291476242,0.0005224195048734298,0.00039107604621799137,0.00047647334720404507,0.00046288217889708054,0.9974251710936598
1651,1,1,0.9978747104528396,0.9978747104528396,0.00033889513240971815,0.00035102613394211445,0.00040907899698459753,0.00035268246219139876,0.0006736068216325545
1656,5,5,0.9965793449223779,0.0004215295176296148,0.0012255065325291964,0.0006447568858404563,0.0003831770720888411,0.9965793449223779,0.0007456850695340173
1657,6,6,0.9975380237588891,0.0005802721443946601,0.0006275959065644797,0.00043749517650368676,0.0004607477412952171,0.0003558652723528516,0.9975380237588891
1659,6,6,0.9976495582433763,0.0005843749664920341,0.0005339971699096801,0.0003684095381397458,0.0004404874115184199,0.00042317267056379804,0.9976495582433763
1661,2,2,0.9973277837247196,0.0003115120278768697,0.9973277837247196,0.0005195457961807878,0.0005282339878825005,0.0007830317317794315,0.0005298927315608896
1663,3,3,0.9977891867952907,0.0003897478212424215,0.0005018184540855123,0.9977891867952907,0.0005381742082765201,0.0004568448796785197,0.0003242278414263572
1665,6,6,0.9977257576284003,0.000566865534928532,0.0005044841535944525,0.00038123647809098165,0.00041524651494530577,0.00040640969004036566,0.9977257576284003
1666,5,5,0.9963174217711411,0.0003109531936024802,0.0015893654759947373,0.0005392285137654096,0.0002904802779685152,0.9963174217711411,0.0009525507675277631
1667,2,2,0.9970476686565035,0.00028304815281767273,0.9970476686565035,0.00044494256659108946,0.0005221401525789615,0.0012029711440701323,0.0004992293274386828
1668,5,5,0.9964234873216792,0.00041658439789370026,0.0014339399979839658,0.0006634946174743851,0.00037751983716047255,0.9964234873216792,0.0006849738278083448
1669,5,5,0.9966884465889975,0.00042305678852064965,0.0012059832201034525,0.0007420329926814986,0.0003434031048651055,0.9966884465889975,0.0005970773048317758
1671,3,3,0.997893761025456,0.0004123230306028063,0.00046884571908642085,0.997893761025456,0.00040684307096386824,0.0004897739320390189,0.00032845322185188195
1672,5,5,0.9965915305191809,0.00042933005738612164,0.0010940067757195574,0.0008110498588102515,0.0003833478696386607,0.9965915305191809,0.0006907349192645192
1673,5,5,0.9956377620081952,0.0003071536048006649,0.002629920033472587,0.00048761505730653,0.0003491393746822654,0.9956377620081952,0.0005884099215427105
1674,6,6,0.9977497517405777,0.0005791035398595855,0.0005160629546956852,0.000345579263234761,0.00041718880193917216,0.0003923136996931769,0.9977497517405777
1675,1,1,0.9979656516103578,0.9979656516103578,0.0003610462870409905,0.00036616437064645926,0.0004197462728999184,0.0003240230395130742,0.0005633684195418057
1676,6,6,0.9971104334796158,0.0008440607325991005,0.0006225705562987298,0.0005000765420460322,0.0004451919237211652,0.00047766676571920285,0.9971104334796158
1677,4,4,0.9976197723270597,0.00046341509543990826,0.00042710757346811786,0.0005011053694514719,0.9976197723270597,0.0003073547159244365,0.0006812449186563737
1678,3,3,0.997835007147297,0.00040257720304553724,0.0005073115015900682,0.997835007147297,0.0004441111059770336,0.0004941097127038729,0.0003168833293864415
1679,5,5,0.9910354925487658,0.00045648640970147986,0.004475148462600092,0.003049230164838113,0.0004337590558949114,0.9910354925487658,0.0005498833581996216
1680,6,6,0.9973614316405739,0.0006799237697667595,0.0005735443270811763,0.00040264600284523543,0.0004856798381935955,0.0004967744215393341,0.9973614316405739
1681,5,5,0.9953026576886365,0.00044144596041146184,0.0017277400137087886,0.0005889800844075328,0.0003269305970840691,0.9953026576886365,0.0016122456557516392
1683,6,6,0.9973425497275091,0.0007525216960197447,0.0004515752474235529,0.0004207932020870345,0.0005850367149058398,0.00044752341205467827,0.9973425497275091
1684,3,3,0.9966957364038131,0.000483757922716414,0.0006953443373900242,0.9966957364038131,0.00036742971104765295,0.0013558763033185229,0.0004018553217141973
1685,3,3,0.997794454570249,0.00044058373849325253,0.000491346613771078,0.997794454570249,0.0004576570651828144,0.00048099560296579677,0.0003349624093380716
1687,4,4,0.9974742951082132,0.0005461794366731291,0.00043044145725914395,0.0005638586735297056,0.9974742951082132,0.0003440409806837243,0.0006411843436411372
1688,2,2,0.9964634055867198,0.0004327580595883006,0.9964634055867198,0.0006457731666355668,0.0007477260432366244,0.0008008079400435823,0.0009095292037761541
1689,4,4,0.9976048167927067,0.0005154410487988993,0.0004220057248106331,0.0005255766332831565,0.9976048167927067,0.00030902420833524226,0.0006231355920654274
1691,4,4,0.997627730314389,0.00048812856888522826,0.0004361742767542974,0.0005150659375669402,0.997627730314389,0.0003041213007281428,0.0006287796016764498
1692,4,4,0.9976584892651328,0.000498594713888016,0.00039118116164971596,0.0005379156720851213,0.9976584892651328,0.000294166406771578,0.0006196527804727638
1693,3,3,0.9977405994168501,0.00038886898661493467,0.0005169359944062405,0.9977405994168501,0.0005296622842143715,0.00048390335145585687,0.00034002996645845183
1694,1,1,0.9978696325097258,0.9978696325097258,0.00040708902246850163,0.0003795778985346047,0.00045372133432490394,0.00033059097032767153,0.0005593882646185353
1695,4,4,0.9976307329943479,0.000465824655337363,0.00041965203868250795,0.0005746429189110715,0.9976307329943479,0.0002881159358333789,0.0006210314568878994
1696,3,3,0.9977001172656732,0.00045944207250143065,0.000538421017826769,0.9977001172656732,0.0004941701586804166,0.00043007948099220265,0.00037777000432604564
1697,5,5,0.9965634506127429,0.0005049511452979183,0.001114175839040944,0.0007358070839569541,0.0003858167451142052,0.9965634506127429,0.0006957985738471251
1698,2,2,0.9972198633024902,0.0003469230816809485,0.9972198633024902,0.000597522152513676,0.0005675425895077662,0.000760184848646106,0.0005079640251613011
1699,6,6,0.997711130186679,0.0005246085659133277,0.0005406093854119585,0.0003835838672323556,0.00045318206530534024,0.0003868859294580218,0.997711130186679
1700,6,6,0.9968277160395529,0.001337667766844244,0.0005335269668710167,0.0004056868421552524,0.000497446538843881,0.0003979558457327,0.9968277160395529
1701,1,1,0.9978875513874801,0.9978875513874801,0.00038054523048953087,0.000374587879412546,0.0004384581055996273,0.0003367378777357126,0.0005821195192824512
1702,3,3,0.997826317007885,0.0004187521280095925,0.0004956692184267471,0.997826317007885,0.000422852275803762,0.000530967684153375,0.0003054416857214555
1703,4,4,0.9975616854974777,0.0005589319668610605,0.000446936252896038,0.0005395601641052225,0.9975616854974777,0.0003088005232305385,0.0005840855954294318
1704,1,1,0.9972074604368012,0.9972074604368012,0.0003713915348610983,0.0003136806473657451,0.0003955335405178422,0.00026809502679052253,0.001443838813663724
1705,5,5,0.9935756273093062,0.0004073535070597911,0.0019464315743461908,0.0006253686118342131,0.00036975811039749603,0.9935756273093062,0.0030754608870561385
1708,2,2,0.9967188093185669,0.0002724621114015916,0.9967188093185669,0.000658488706359063,0.0005254275088579732,0.0013462146547056626,0.0004785977001088135
1709,3,3,0.9977938188282373,0.00041228683154922194,0.00048081342371428975,0.9977938188282373,0.00046402403668692997,0.0005029200800648502,0.0003461367997475582
1711,1,1,0.9979340291690592,0.9979340291690592,0.000357491475250621,0.0003772998924059337,0.0004302672946382522,0.0003389789353091356,0.0005619332333368863
1712,1,1,0.997855214649937,0.997855214649937,0.0003209028791778664,0.0003619665831276501,0.000421658224503999,0.0002956160720684387,0.0007446415911851081
1714,4,4,0.9976703643346898,0.0004814538754556164,0.00039933267292005075,0.0005058437878874279,0.9976703643346898,0.0003125425465355482,0.000630462782511583
1715,3,3,0.9977725404366824,0.0004398156767266941,0.0004866524084796922,0.9977725404366824,0.00048712694639077683,0.0004919995092287888,0.00032186502249181024
1716,4,4,0.9975644414214692,0.0005298077046489198,0.00042602196027730977,0.0005454092205192264,0.9975644414214692,0.00031106488513601185,0.0006232548079493954
1717,6,6,0.9977595297017372,0.0005742311288658417,0.00048702306653949934,0.0004240206616609531,0.00038124862175600014,0.00037394681944054667,0.9977595297017372
1719,4,4,0.9976197152226854,0.0004610595183963526,0.0004300952538524182,0.0005603893227979476,0.9976197152226854,0.0003080986289846111,0.0006206420532832472
1720,4,4,0.9971790649382334,0.0005241208259633114,0.00046001347487618433,0.0005750602082988866,0.9971790649382334,0.0003753922615496394,0.0008863482910786462
1721,5,5,0.993461767013637,0.0002938506192156036,0.0038548823559153723,0.00048548052010175246,0.0003105499030207333,0.993461767013637,0.001593469588109585
1723,4,4,0.9976366357082201,0.0004890559742961964,0.0004018915189833474,0.000503303812130882,0.9976366357082201,0.0003091401761854148,0.0006599728101840469
1724,1,1,0.9979126096542669,0.9979126096542669,0.0003536055108945676,0.00036716140443876586,0.0004075902008537828,0.00032836201492010813,0.0006306712146256975
1726,6,6,0.9973740973341306,0.0006616125727822637,0.0006349724387245786,0.0003641974616446864,0.0004483509288141014,0.0005167692639037416,0.9973740973341306
1727,1,1,0.9978080545215243,0.9978080545215243,0.00043101993586107065,0.00041501431315926486,0.0004454591903836249,0.00038877624917291865,0.0005116757898988674
1728,4,4,0.9976507261599744,0.0004826202848525021,0.00040645782734545955,0.0005241402186349963,0.9976507261599744,0.000277226424449768,0.0006588290847429456
1731,2,2,0.9970571888865125,0.0003481312559723182,0.9970571888865125,0.0005968731066136771,0.0006025698903267618,0.0007079737185730363,0.0006872631420017265
1732,5,5,0.9964460964585887,0.00043917215529398323,0.0011976033264790278,0.0007642005982549711,0.0003867496652559779,0.9964460964585887,0.0007661777961273178
1734,3,3,0.9978164108590462,0.00043822995821747487,0.00048401973530501255,0.9978164108590462,0.00043826735663392253,0.0004815606075246674,0.0003415114832727552
1735,4,4,0.9976329147649229,0.0004654337785805165,0.0004392783975737169,0.0005028255088463983,0.9976329147649229,0.00028468795137650584,0.000674859598700006
1736,2,2,0.997264220265082,0.000371920234213179,0.997264220265082,0.0005153383624367823,0.0005710556708899648,0.0006950889876831273,0.0005823764796949361
1737,1,1,0.9979524458028743,0.9979524458028743,0.0003764252543592744,0.00033252262680398716,0.0003827673565098822,0.0002951791868413941,0.0006606597726111444
1738,1,1,0.9979135079559542,0.9979135079559542,0.00035402928527288274,0.00039367644272419897,0.0004532305322689742,0.0003208206516152491,0.0005647351321645505
1739,2,2,0.9961248642053461,0.00033640234901020525,0.9961248642053461,0.0011106174877391285,0.0005809842610651198,0.0013451443168020225,0.0005019873800374859
1740,6,6,0.9976184749614898,0.0005232068830329841,0.0005482704027913328,0.0003887097907934648,0.0004365666151680422,0.0004847713467244168,0.9976184749614898
1742,1,1,0.9979143215679886,0.9979143215679886,0.00037477981313776567,0.00039936329356705274,0.0004501215062724417,0.0003309426946790251,0.0005304711243551431
1743,4,4,0.9976890131553641,0.0004770145481738502,0.0004132979393248267,0.00048204933624230176,0.9976890131553641,0.0003040860187764385,0.0006345390021185294
1744,4,4,0.9976501207060178,0.0004824253428385571,0.0004116760822828695,0.0005438674309292563,0.9976501207060178,0.0002897133043011417,0.0006221971336303879
1745,6,6,0.9977806567990917,0.000633966375037929,0.0004430697458277822,0.000340449082987989,0.00040864197953599144,0.0003932160175186849,0.9977806567990917
1746,2,2,0.9970109730273287,0.0003874881180604002,0.9970109730273287,0.0005715300365977075,0.0006420117742363031,0.0006554130407833385,0.0007325840029936065
1747,2,2,0.9971135363705659,0.0003906120935886964,0.9971135363705659,0.000587962422437488,0.0006278713972319847,0.0006378936500021938,0.0006421240661737416
1748,1,1,0.9980041275138903,0.9980041275138903,0.0003491509793467616,0.00036138294226473156,0.00040037896519679354,0.0003288264917656877,0.0005561331075356602
1749,2,2,0.9966030756917289,0.00048817228712647124,0.9966030756917289,0.0007506296551158579,0.0008190631176652387,0.0005974350745881954,0.0007416241737753868
1750,3,3,0.9977956981519883,0.00044130312617376294,0.0004900313201211072,0.9977956981519883,0.00043584577962905356,0.0005002840174848644,0.0003368376046027137
1751,4,4,0.9976518514422553,0.0004983604185787071,0.00040900694636762956,0.0005087635243219562,0.9976518514422553,0.0002942985669078062,0.0006377191015685702
1752,5,5,0.9964307419015814,0.0004794798380761894,0.0011169193169496576,0.0007785350217438707,0.00039450544358748024,0.9964307419015814,0.0007998184780613481
1753,5,5,0.9964190435865674,0.00042730097132468787,0.0011867365925300535,0.0008661344515525726,0.00034919685730830233,0.9964190435865674,0.0007515875407170468
1754,3,3,0.9977884594926192,0.0004524333813968149,0.0004972815070164349,0.9977884594926192,0.00045252398161294753,0.00045784724635176933,0.0003514543910028805
1756,5,5,0.9957352938100196,0.0004292079274016456,0.002469572719522677,0.0005420265985568298,0.0003486019871751668,0.9957352938100196,0.0004752969573241122
1757,6,6,0.9972373141501337,0.0007079017739255142,0.0006073366320613267,0.00045647593895679916,0.0005763442543745824,0.0004146272505480936,0.9972373141501337
1758,2,2,0.9967030517757055,0.00023896758448380812,0.9967030517757055,0.00042710331669285534,0.0004634517920582165,0.0014864631299251452,0.000680962401134422
1759,5,5,0.9964864623477844,0.0003567326189506961,0.0015878010897099329,0.0007699673582374356,0.0003063101143995034,0.9964864623477844,0.0004927264709180898
1760,6,6,0.9977729972617871,0.0005357392395205585,0.0004833529264807909,0.000381788473858183,0.0003880624739364738,0.00043805962441679754,0.9977729972617871
1761,2,2,0.9971878808141872,0.0003410747748864406,0.9971878808141872,0.0005195816503714841,0.0005490563826316243,0.000873203058565665,0.0005292033193576621
1763,1,1,0.9979630056830121,0.9979630056830121,0.00033448760578603685,0.0003622793497587436,0.0004207173997575407,0.0002967638007825203,0.0006227461609031266
1766,3,3,0.9976832053791227,0.0004545433794158061,0.0005044089239893381,0.9976832053791227,0.0005588377456251211,0.0004210433267837677,0.000377961245063267
1767,2,2,0.9973167656604649,0.00033376612879472834,0.9973167656604649,0.00048736924648231836,0.0005387747013128973,0.0007577759587882022,0.0005655483041569082
1768,5,5,0.9965567674701011,0.00039688534121609144,0.0014222549092816124,0.0007286539540193573,0.000347376820721687,0.9965567674701011,0.0005480615046600992
1770,6,6,0.9975892838402746,0.0005135009657345016,0.0004624433917416464,0.0004222678847567848,0.00039202694053816505,0.0006204769769542985,0.9975892838402746
1772,3,3,0.9978291372843331,0.0004314678430067189,0.0005162639964298172,0.9978291372843331,0.000418439136534927,0.00047085830114022733,0.0003338334385552122
1773,3,3,0.9978172629246883,0.0004029302929445642,0.0004887845062839215,0.9978172629246883,0.0004507293522377628,0.00050750857397938,0.0003327843498660668
1775,4,4,0.9976959847210757,0.00046372044121876225,0.00039975886556730815,0.000539238973347838,0.9976959847210757,0.00026769991442795706,0.0006335970843624257
1776,2,2,0.9972719000700249,0.0003488076134732456,0.9972719000700249,0.000483303711665389,0.000541388551214229,0.0008776577986600399,0.00047694225496229233
1777,6,6,0.9972955699465542,0.0009084796870522538,0.0004728940311838534,0.0003838565361222482,0.000468980409953401,0.000470219389134054,0.9972955699465542
1780,6,6,0.996723884001937,0.000718706821996547,0.0007968928603647341,0.0004685647708660935,0.0005726817965876241,0.0007192697482480183,0.996723884001937
1781,2,2,0.9971983599357733,0.0003483765234695784,0.9971983599357733,0.00047772436735143975,0.0005678988040300877,0.0007342259173003748,0.0006734144520753732
1782,5,5,0.9964430679807481,0.0003258876985765112,0.0015729365730173773,0.000569399325550342,0.0002900545934633598,0.9964430679807481,0.0007986538286442972
1783,2,2,0.9970964943493728,0.0003579788586757888,0.9970964943493728,0.0005066772372741444,0.0006153384337274431,0.0006780083568490693,0.0007455027641008097
1784,6,6,0.9977615617481098,0.00054898082147586,0.0005365265930104673,0.0003345448014465609,0.0003890056974622269,0.0004293803384951153,0.9977615617481098
1785,3,3,0.997814418337387,0.0004134780034851836,0.000485998433557686,0.997814418337387,0.0004689470522410514,0.0004806764198011317,0.00033648175352788784
1786,4,4,0.997542470824893,0.0004926668333499255,0.00045390533446650804,0.0005577183744757151,0.997542470824893,0.0003121808020209201,0.0006410578307939838
1787,5,5,0.9959338519844317,0.00045206165905579683,0.002133400457788449,0.0006155418363397524,0.00034126270475522504,0.9959338519844317,0.0005238813576289987
1789,5,5,0.996214761091242,0.00041908875745247614,0.0013189767293240349,0.0006842545620489189,0.0003664557858729319,0.996214761091242,0.0009964630740596386
1792,4,4,0.9974968017906362,0.000537837166762175,0.00045612466881603307,0.0004890792858847218,0.9974968017906362,0.00030547479953399524,0.0007146822883669631
1794,3,3,0.997770168140324,0.0004539658447765976,0.0004960402037981375,0.997770168140324,0.00044520320548909837,0.0004806276013330322,0.0003539950042791258
1795,3,3,0.9978832727092064,0.0004082817518837073,0.0004788487045276589,0.9978832727092064,0.00040349012628131505,0.0005204849941448794,0.00030562171395611125
1796,5,5,0.9963650982101349,0.000335031664056163,0.0013931651290864592,0.0005489359763313397,0.0003275024738025932,0.9963650982101349,0.0010302665465885701
1798,2,2,0.9972328768303341,0.0002964347143843907,0.9972328768303341,0.00040718244607441636,0.00048565659019799795,0.0010398383253729807,0.000538011093636177
1799,6,6,0.997835147324066,0.0005342604963861875,0.0004875967220769562,0.00035505708604741435,0.0004047341255868077,0.00038320424583667664,0.997835147324066
1800,3,3,0.9976613491088373,0.0004869050156812583,0.0005075909414649635,0.9976613491088373,0.0005040771778169989,0.0004862585905049592,0.00035381916569455607
1803,2,2,0.9957121585035205,0.0005617835453998281,0.9957121585035205,0.0007142637914123348,0.0008695043607831081,0.0008217955050878019,0.0013204942937964509
1804,4,4,0.99761997997562,0.0005369500426170337,0.00041018253976372946,0.000507302027161955,0.99761997997562,0.00030468327332801244,0.0006209021415092346
1806,5,5,0.9965725163179023,0.00034623212589552163,0.0012719828215349434,0.000749565793773901,0.00032150120363131013,0.9965725163179023,0.0007382017372620673
1807,5,5,0.9958949468455535,0.00036139161887874444,0.001281430877203617,0.0013419095705193358,0.00033191715001825795,0.9958949468455535,0.0007884039378265372
1809,4,4,0.9976747684291756,0.0004701362365340035,0.00039975738245866753,0.0005501337028988656,0.9976747684291756,0.0002748700513468534,0.0006303341975860576
1810,3,3,0.9977634987216635,0.00045394009075408665,0.0004834041097500643,0.9977634987216635,0.00046142865173119397,0.0004898143738258218,0.00034791405227543897
1811,1,1,0.997877184718976,0.997877184718976,0.0003736565070045191,0.0004091543348649798,0.00044414386429404213,0.0003698871532659484,0.0005259734215945839
1813,2,2,0.9971796797907212,0.00041690570767579353,0.9971796797907212,0.000487718843994182,0.0005890388461832055,0.0006766766438264659,0.0006499801675991526
1814,6,6,0.997712936735557,0.0005324493218816546,0.0005532150206400927,0.0004182344280430471,0.000420501674568196,0.0003626628193099084,0.997712936735557
1815,3,3,0.9978217138591353,0.0004381209256910068,0.00048623776593171,0.9978217138591353,0.00041913917415696203,0.0005144343142900903,0.0003203539607949566
1817,2,2,0.9958915256295535,0.00027317640183921666,0.9958915256295535,0.0004855499205939151,0.0006551765158097088,0.00206920543185543,0.0006253661003482438
1819,3,3,0.9964812502004712,0.0006110934620717196,0.0005899286894153296,0.9964812502004712,0.0006869496328958896,0.0005095710288181571,0.001121206986327704
1820,3,3,0.997097197850136,0.0004982155817397975,0.0006604969014460796,0.997097197850136,0.0005137026021717286,0.0007646820893771054,0.0004657049751293615
1821,5,5,0.9965727758829649,0.0004350563644034793,0.0012242334423787624,0.0007706335156109559,0.0003589624555399555,0.9965727758829649,0.0006383383391020035
1822,5,5,0.9961516070044626,0.0005305117127250642,0.001230903761136416,0.0006819376591186471,0.00038765402116510084,0.9961516070044626,0.0010173858413921766
1825,4,4,0.9975924422798645,0.0005000178034979709,0.00041528589656064007,0.0005672480628579866,0.9975924422798645,0.0002980076108617887,0.0006269983463571989
1826,2,2,0.9963260528171792,0.00032219445744121055,0.9963260528171792,0.000406731860999121,0.0005017006306117171,0.001940104923368929,0.0005032153103997586
1827,2,2,0.9969428390682724,0.00038515575171672753,0.9969428390682724,0.0006006047158828055,0.0006878674997049429,0.0007446695117981019,0.000638863452624984
1828,2,2,0.9971105500771369,0.0003792795421634204,0.9971105500771369,0.0005433856043746936,0.0006293373120991586,0.0006398465895367968,0.0006976008746890913
1830,3,3,0.9978427177532168,0.0004311344154570659,0.0004896582923192787,0.9978427177532168,0.0004260891788918588,0.0004847929174349943,0.0003256074426800353
1831,3,3,0.9978067928777193,0.00041055853708036027,0.0004857794872710508,0.9978067928777193,0.00046326048429988335,0.0004992036590474247,0.0003344049545819373
1833,1,1,0.9979254369801768,0.9979254369801768,0.0003608754035775929,0.00035939343647690866,0.0004323040641470426,0.00034587459032340813,0.0005761155252982914
1837,2,2,0.9970643235113137,0.0002863557930784724,0.9970643235113137,0.0004482401022307694,0.0004907411205820744,0.0011942130622097445,0.0005161264105852487
1838,2,2,0.9965712702484586,0.0003989346022013786,0.9965712702484586,0.000608560260301068,0.0006980029640810888,0.0007059429544347007,0.0010172889705231218
1840,2,2,0.9961974617629844,0.000472067767835899,0.9961974617629844,0.0007612000333502306,0.0008152190709670711,0.0007988636495781975,0.0009551877152842043
1841,4,4,0.9976723762165253,0.0004800344754154542,0.00041481704849687996,0.0005292610665796382,0.9976723762165253,0.0002850148827526562,0.0006184963102300682
1842,5,5,0.9965211217416127,0.000422682353930882,0.0012551480985317286,0.0006190183961712198,0.00035227087437536493,0.9965211217416127,0.0008297585353781002
1843,3,3,0.9978655167038004,0.00041056903364950083,0.000489793493873589,0.9978655167038004,0.00043266000289290707,0.00047642421414327536,0.00032503655164032306
1846,5,5,0.9951651942327616,0.00044075258405939274,0.001388151848838855,0.0007801343764801108,0.00034841768745219056,0.9951651942327616,0.0018773492704077979
1847,1,1,0.998004482417015,0.998004482417015,0.00033881005483040545,0.00034038160344586555,0.0003812478628368192,0.00030448083581256004,0.0006305972260594342
1848,2,2,0.9963659282384811,0.00040982181471586307,0.9963659282384811,0.0007210419450013984,0.0007874964106681612,0.0007886530551253723,0.0009270585360082129
1849,2,2,0.9970042981729761,0.0003545087839492307,0.9970042981729761,0.00045363905850212934,0.0005646183765855048,0.0008871518851600869,0.0007357837228269162
1852,1,1,0.9979608804608616,0.9979608804608616,0.0003526042698081361,0.0003570215325819417,0.00041542500145418375,0.0002989652432876878,0.000615103492006483
1854,1,1,0.9979104742969556,0.9979104742969556,0.0003641881756039343,0.00040430408197825965,0.00042419500827668526,0.0003605463258621096,0.000536292111323485
1855,5,5,0.9966033723534425,0.0004056773237025609,0.0013463912082425514,0.0005898417578406291,0.0003550146791215715,0.9966033723534425,0.0006997026776502303
1856,3,3,0.9978637521531752,0.0003850603115243632,0.0004800468944591757,0.9978637521531752,0.000438832696470861,0.0005258043169893638,0.0003065036273810627
1858,4,4,0.9976330231151498,0.0004932338699737299,0.0004315451845662336,0.0005181269010994852,0.9976330231151498,0.00030562085012729255,0.0006184500790834708
1859,4,4,0.9975404892670159,0.0005271448252702967,0.0004101895382796669,0.0005290999624227633,0.9975404892670159,0.00028941527570164956,0.000703661131309726
1861,1,1,0.9980088551396108,0.9980088551396108,0.00035710459238482366,0.0003550149083624554,0.0004015877285615379,0.0003161382755868215,0.0005612993554936008
1862,1,1,0.997739246416085,0.997739246416085,0.0003238692074867741,0.00035544811282528423,0.000401214756185932,0.0003036538919685948,0.0008765676154484602
1863,2,2,0.9971480936303282,0.0003889324423134625,0.9971480936303282,0.0004957146578798077,0.0005853903113420697,0.0007491480187843568,0.0006327209393521534
1864,5,5,0.9962302051538067,0.0004137892185003065,0.0017209544659808277,0.0007089824209698069,0.00035606281736131045,0.9962302051538067,0.0005700059233810785
1865,5,5,0.8382366522119796,0.06364233960752066,0.011053080032591504,0.02650497365313745,0.007610469792874892,0.8382366522119796,0.05295248470189591
1867,5,5,0.9967172819922256,0.0003749524505361394,0.0014193821809549646,0.0005915745324203033,0.0003442721526548619,0.9967172819922256,0.0005525366912081481
1868,4,4,0.9976448990833573,0.0005049594058558597,0.0004221140572254025,0.0004956221386926909,0.9976448990833573,0.0002909635883386802,0.0006414417265300296
1869,2,2,0.9969570551588889,0.000289404913319733,0.9969570551588889,0.0003957324227585688,0.0004885331687911541,0.0012562002751628184,0.0006130740610788793
1870,5,5,0.9966750051265691,0.0003569648509350475,0.0013311335226184418,0.0006834656168718533,0.00035845138726931186,0.9966750051265691,0.0005949794957362355
1871,5,5,0.9966508682623232,0.00041728748790378564,0.001294216714932308,0.0005771795949432321,0.0003615029831658713,0.9966508682623232,0.0006989449567316058
1872,3,3,0.9978181768996982,0.00045153988029779884,0.0004589897328906906,0.9978181768996982,0.00042600578156506855,0.0005008032038163967,0.0003444845017318056
1873,5,5,0.9964562597281686,0.00039196578227776403,0.0012817190256154266,0.0006861134104779548,0.0003696582188953462,0.9964562597281686,0.0008142838345648303
1875,3,3,0.997701927763398,0.0004516210105576853,0.0005268596498347837,0.997701927763398,0.0005242201652831012,0.0004386640436428532,0.00035670736728348867
1876,5,5,0.9959570915933504,0.00032169267555461555,0.0022467077117774552,0.0006713701397076105,0.0003017846947950968,0.9959570915933504,0.0005013531848148649
1878,5,5,0.9963554661510624,0.00040633755430051965,0.00131332970181233,0.000609620316595047,0.0003539996156642707,0.9963554661510624,0.0009612466605653831
1879,5,5,0.9966410444892991,0.00039231189476471344,0.0014594806193349913,0.0005428739266603903,0.00034569105061558564,0.9966410444892991,0.0006185980193251652
1881,3,3,0.9978307458441248,0.00040482615566155987,0.0004913766450076028,0.9978307458441248,0.00044107122416778375,0.0005137080153902643,0.0003182721156479987
1882,5,5,0.9967704162171178,0.0003534545079392622,0.0012249306731353298,0.0006436028273525456,0.0003220220207187239,0.9967704162171178,0.0006855737537363362
1883,3,3,0.9978841424223862,0.0004051688011524504,0.0004323364682375574,0.9978841424223862,0.00039408594689333107,0.0005622449859439176,0.00032202137538649183
1884,6,6,0.9977695363179464,0.0005301701295937799,0.0005160451683775167,0.00038037339230987213,0.0004155967376344983,0.000388278254137882,0.9977695363179464
1885,3,3,0.9977616558389428,0.000394956111615362,0.0005174376672141234,0.9977616558389428,0.0005256001861098313,0.0004702426606127614,0.00033010753550509193
1887,2,2,0.9944553520992943,0.0003085425644762172,0.9944553520992943,0.0004470612372335149,0.0005944738957226683,0.0022829605106738106,0.0019116096925996143
1889,6,6,0.9959915660653769,0.0013494687670173304,0.000609404314295926,0.0007621492550225178,0.0008730188461893915,0.00041439275209801535,0.9959915660653769
1890,2,2,0.9969359626151634,0.0004395701394129732,0.9969359626151634,0.000559155945096559,0.0006701915401657838,0.0006305405397995806,0.0007645792203617669
1891,2,2,0.9967328088219595,0.0003706353074383081,0.9967328088219595,0.0006770043022779582,0.0006702019813655509,0.0008629001617147765,0.0006864494252439326
1893,3,3,0.997782857572723,0.00043411884085815675,0.00048466074907628617,0.997782857572723,0.0004721226752519199,0.0005005460539461148,0.0003256941081445391
1894,2,2,0.996942899290366,0.00033880121037620654,0.996942899290366,0.0004704506519302965,0.0005929837253056028,0.0008155416080336533,0.0008393235139883049
1897,5,5,0.9966065423326048,0.000405463371324866,0.001442868195886496,0.0006103453060897882,0.00036339265129342276,0.9966065423326048,0.0005713881428006285
1898,1,1,0.9979768211481147,0.9979768211481147,0.0003416929739182906,0.00033736622342252416,0.00042501975186295927,0.00029766757603514005,0.0006214323266465103
1901,1,1,0.997963876076221,0.997963876076221,0.0003696132085953172,0.00033000571484525284,0.00037957047390314283,0.0003316270311784732,0.0006253074952569242
1902,3,3,0.9978283284913181,0.0004337924350312233,0.0004866615170571292,0.9978283284913181,0.0004633341006864058,0.00045337145302079904,0.00033451200288617207
1903,2,2,0.9970163473112809,0.0002949655862829697,0.9970163473112809,0.00047408721288369455,0.0005136986335357557,0.0012106171788123575,0.0004902840772043712
1905,1,1,0.9979413023236278,0.9979413023236278,0.0003492623590572841,0.00034752037820346955,0.00039017786705026363,0.0003129454313895598,0.0006587916406714062
1907,4,4,0.9976079129826797,0.0005113280934448854,0.00041319220969986,0.0005131115763286569,0.9976079129826797,0.0002904235984373877,0.0006640315394095728
1909,3,3,0.9977677883684931,0.0004403153065314976,0.00047471178436245894,0.9977677883684931,0.00042283836934050293,0.0005543669005387508,0.0003399792707336782
1910,4,4,0.9975567759972791,0.0005311731789902365,0.00047296668395789993,0.0005153346420952198,0.9975567759972791,0.00030268710372210355,0.0006210623939555477
1911,3,3,0.9978367282603562,0.00043146025273804115,0.000490987769954576,0.9978367282603562,0.0004296929227050522,0.00048595510669176013,0.0003251756875544611
1912,3,3,0.9978242515781651,0.0004042519771395655,0.00046910083724645025,0.9978242515781651,0.0004707799244365671,0.0004843682692334756,0.00034724741377886866
1914,2,2,0.9971269729760363,0.00031408275986983506,0.9971269729760363,0.0004922735265719972,0.0005710927999693235,0.0007672353014923151,0.0007283426360600445
1915,6,6,0.997569811356138,0.0005983959846910935,0.0005662120935491576,0.00037646430217451536,0.0004488744629205518,0.0004402418005267332,0.997569811356138
1916,6,6,0.997405804345287,0.0005473988588181701,0.0006929160869371734,0.0004944289572698925,0.00047143975480384284,0.0003880119968838588,0.997405804345287
1917,5,5,0.9957948801099077,0.0005382951283064249,0.0013509418184186068,0.000743996110010707,0.0004556296861317213,0.9957948801099077,0.0011162571472248452
1918,5,5,0.9965972078686863,0.00045553040823425814,0.0011931847277942078,0.0007201302633544737,0.0003528566369052725,0.9965972078686863,0.0006810900950254845
1921,6,6,0.9963538512148608,0.001374819995896062,0.0008504638566340078,0.0003896038344602514,0.0005681940743338186,0.0004630670238151477,0.9963538512148608
1924,2,2,0.9961301584347235,0.0004283415611004431,0.9961301584347235,0.000535967955166152,0.0006792923193721549,0.0007278057238010939,0.0014984340058366056
1927,6,6,0.9971722929999497,0.000839701152634556,0.0005369149132056608,0.0003967878571227564,0.0005101090048683852,0.0005441940722189501,0.9971722929999497
1928,2,2,0.997269088359602,0.00036485801477734777,0.997269088359602,0.0005001928629051716,0.0005688358764643154,0.0006748203848571531,0.0006222045013940757
1929,1,1,0.9979660824989357,0.9979660824989357,0.00036887205784298405,0.0003462371641735772,0.00039599188103070553,0.00029994865542523613,0.0006228677425917712
1931,5,5,0.996067334822147,0.000513626315431583,0.001216546270498934,0.0008305339056628852,0.0004171893772285135,0.996067334822147,0.000954769309031024
1932,1,1,0.9978059687220193,0.9978059687220193,0.00040722572548183096,0.0003610645785831834,0.000423365777820318,0.0003700489888574791,0.0006323262072378646
1933,4,4,0.9976538758224638,0.0005123835739655121,0.0004131316857398545,0.0004977220540901338,0.9976538758224638,0.0003057327624647599,0.0006171541012760809
1934,5,5,0.9963449384859315,0.0003676264878494346,0.0014767922628287058,0.0006052350959211153,0.0003621521151409486,0.9963449384859315,0.0008432555523282263
1935,4,4,0.9976534468649166,0.0005094783377199927,0.0003977956454944879,0.0005018001649986175,0.9976534468649166,0.0002920561302030334,0.0006454228566672018
1936,1,1,0.9977607438116121,0.9977607438116121,0.00039589191455415994,0.0003819365409427888,0.0004242199815897364,0.0003359833402121608,0.000701224411089256
1938,1,1,0.9976711037030923,0.9976711037030923,0.00037626834851556696,0.00032385542671566525,0.000375670643056498,0.0002811078885139916,0.0009719939901059225
1940,2,2,0.9960947841212009,0.0002864041419123069,0.9960947841212009,0.0005149517815947782,0.0005080523101613132,0.002115880669496823,0.00047992697563392634
1941,3,3,0.9978329837547637,0.0004078862088179197,0.000469371661370524,0.9978329837547637,0.000409962476144762,0.0005428599123120404,0.000336935986591074
1942,1,1,0.9979199213838017,0.9979199213838017,0.00037470452039816565,0.00036310632446205865,0.00045633121424730163,0.000327712779856146,0.0005582237772347787
1943,3,3,0.9977465845745538,0.0004417300478339479,0.0004806574710464094,0.9977465845745538,0.0005251866252443512,0.00046849431021094663,0.0003373469711106042
1944,5,5,0.9964836582098155,0.00037824486699641397,0.0013360250401013207,0.0005385043777295117,0.0003259581779940809,0.9964836582098155,0.0009376093273630784
1945,2,2,0.9971593907733888,0.0003744294917358261,0.9971593907733888,0.000607684330486846,0.0006189053126450336,0.0006464504591570907,0.000593139632586396
1946,5,5,0.9964179467783402,0.00036995011994121253,0.0016867127545134256,0.0005226061636955374,0.0003415959474430226,0.9964179467783402,0.0006611882360666435
1949,4,4,0.9975257062430275,0.0004718686763354673,0.0004564877974034189,0.0005173493174341382,0.9975257062430275,0.00029091160236846417,0.000737676363431078
1951,4,4,0.997665843156527,0.000490553891166665,0.0004005023251226063,0.0005380250946357078,0.997665843156527,0.000273491452562459,0.0006315840799855766
1953,2,2,0.9415601720469184,0.000512115087683312,0.9415601720469184,0.0009999277778534384,0.000986218709222344,0.05499435349673996,0.000947212881582543
1954,3,3,0.9977882367553682,0.0004464376797314995,0.0005009699594099024,0.9977882367553682,0.00044918819523442644,0.0004859282278198852,0.00032923918243614914
1955,5,5,0.9964116279504541,0.0004306501387252656,0.0010408588053247932,0.0011108297692955982,0.00032858178229909366,0.9964116279504541,0.0006774515539011727
1956,2,2,0.997066203842093,0.0002777343627205937,0.997066203842093,0.0004254852264295313,0.00045205306562383867,0.0010974052174027526,0.0006811182857303812
1959,1,1,0.9978037399583848,0.9978037399583848,0.0004459911690155376,0.00040475770635353426,0.00045495543976537906,0.00037266302100744504,0.0005178927054733047
1960,4,4,0.9974757075520765,0.0004678129155812266,0.00044832155598910524,0.0006059462465953494,0.9974757075520765,0.00033909397545315,0.00066311775430463
1961,2,2,0.9971791598102708,0.00039901410133131085,0.9971791598102708,0.0005234362955220492,0.0005930097013647052,0.0007212358826466663,0.0005841442088642464
1966,3,3,0.9977813424089014,0.0004313393821920358,0.0004950313616966844,0.9977813424089014,0.0004962924887350748,0.00043234922678674813,0.0003636451316881638
1967,6,6,0.9977598685125941,0.0005479209629602649,0.0004975874572960028,0.00037096628896329077,0.00040701083179873115,0.00041664594638757095,0.9977598685125941
1968,2,2,0.9971196830173159,0.00037460031138895173,0.9971196830173159,0.000529852118044987,0.0005962835251638296,0.0006855174318821265,0.000694063596204212
1969,5,5,0.996381750277031,0.00041831002061039514,0.001587734892008641,0.00045806701679377453,0.00034489520151979674,0.996381750277031,0.0008092425920364518
1970,1,1,0.9979052042941163,0.9979052042941163,0.00037843944585097474,0.0003937796084537391,0.0004243724475493044,0.0003363609552649348,0.0005618432487647003
1972,5,5,0.9955805559761556,0.00031978260607976814,0.0020601373508628423,0.0005110874506080534,0.0003099229553070118,0.9955805559761556,0.001218513660986836
1973,4,4,0.9976367234231028,0.0005074910828779069,0.0004130975773170046,0.0005128120782464683,0.9976367234231028,0.0002909154129683262,0.0006389604254874907
1975,5,5,0.9966047861858761,0.00040656542996940937,0.0012715018640910595,0.0007380883803930257,0.0003664945782690956,0.9966047861858761,0.0006125635614013077
1976,5,5,0.9879781518966116,0.000497928960857221,0.009735476485988817,0.000562488295487935,0.000499232754164167,0.9879781518966116,0.0007267216068902996
1977,5,5,0.9965882733214569,0.00038591612213389727,0.0014194110489835626,0.0006835361770485668,0.00033929007217290113,0.9965882733214569,0.0005835732582041089
1978,2,2,0.9971754594466277,0.0004037066264007006,0.9971754594466277,0.0005196547158396631,0.0006019750170612316,0.0006746260944402868,0.0006245780996305028
1983,2,2,0.9972507119311824,0.00035211050158009396,0.9972507119311824,0.0005126581404796938,0.0005900065739291197,0.0006740772353538367,0.0006204356174747913
1984,6,6,0.9977474844410009,0.000638381114652173,0.00046590782752338163,0.00037072791152166707,0.0004304531918881037,0.0003470455134138057,0.9977474844410009
1985,2,2,0.9971819736604699,0.00038580075229078435,0.9971819736604699,0.0005490953634332577,0.0005958077606541621,0.0006762076616966954,0.000611114801455212
1986,5,5,0.9962461384615452,0.0005011403596636724,0.0014337482565491516,0.0007543651580241966,0.00031876164643793804,0.9962461384615452,0.0007458461177798282
1987,3,3,0.9978493431162452,0.000403321580116196,0.00045303435668411914,0.9978493431162452,0.00040167540926135174,0.0005753018764830854,0.00031732366121003567
1988,5,5,0.9964576106454286,0.0003187143892147343,0.001689905924962854,0.0005765475757300558,0.00030168567820902176,0.9964576106454286,0.0006555357864547805
1989,3,3,0.9977859282438202,0.00043440531062820915,0.0004996523520689341,0.9977859282438202,0.0004636293434659037,0.0004793145928674552,0.0003370701571493627
1990,1,1,0.9978460964070844,0.9978460964070844,0.0003446778348682534,0.00038449684572792385,0.00043482818767890075,0.0003259804601397625,0.0006639202645007195
1991,5,5,0.9966126291715199,0.0003852584712282931,0.0011720404971277154,0.0007363232005873896,0.00035279597074984107,0.9966126291715199,0.0007409526887868174
1992,4,4,0.9976183190009348,0.000511849097540688,0.00039624390286941883,0.0004948869766596919,0.9976183190009348,0.00028072762040563185,0.0006979734015896134
1993,4,4,0.997560462136087,0.0005676969178345253,0.000401863889732392,0.0005191288491149939,0.997560462136087,0.0002855444265658966,0.0006653037806652617
1995,3,3,0.9978559149203583,0.00042638788200432957,0.0004613228711688553,0.9978559149203583,0.0003820241533026144,0.0005449658890205168,0.000329384284145385
1996,3,3,0.9978357717400758,0.0004373481016730082,0.0004760775567147821,0.9978357717400758,0.0004351493655848824,0.00048306925691410856,0.00033258397903744596
1997,3,3,0.9978000702868228,0.00043795223677537277,0.000502650635132275,0.9978000702868228,0.00044745210555877167,0.00047298056001134303,0.0003388941756993871
1998,4,4,0.9976245209548807,0.0005151247320981386,0.000422897579757191,0.0005553672947384623,0.9976245209548807,0.00030458123136778133,0.0005775082071577174
2001,3,3,0.9977476020241474,0.00042793739786929814,0.00050132948770156,0.9977476020241474,0.0005093456721552112,0.0004548348378877253,0.00035895058023887943
2004,2,2,0.9970039456229877,0.00034676294608079283,0.9970039456229877,0.0004937584037731135,0.0006161944463416742,0.0008086478504209318,0.0007306907303959369
2005,5,5,0.9965272418782426,0.000449991895668894,0.00118080047782305,0.0006598987299647519,0.000366921008078166,0.9965272418782426,0.0008151460102225551
2006,5,5,0.9966203395446978,0.00040878655020628793,0.0012682343550559914,0.0006419447685391295,0.0003653901230076169,0.9966203395446978,0.0006953046584932663
2007,5,5,0.9965672435843227,0.00041133005052595344,0.0013843909757932117,0.0006192029069066347,0.00034520000719918167,0.9965672435843227,0.0006726324752523623
2008,4,4,0.9968833658043015,0.00048399855009508165,0.0005063981684301373,0.0007389617630518161,0.9968833658043015,0.0004037868190881847,0.0009834888950332923
2011,1,1,0.9978849241848742,0.9978849241848742,0.0003558795706714944,0.00041188020052960507,0.00044636003216804457,0.0003557938889950587,0.0005451621227616012
2012,4,4,0.997556496409357,0.0005129946179127735,0.00044574270558947563,0.0005103167161347892,0.997556496409357,0.00032707864143790134,0.0006473709095681167
2014,5,5,0.9951660563285981,0.0004129740671625259,0.0014959375734755025,0.0006512950012413175,0.00038688030055380215,0.9951660563285981,0.001886856728968779
2015,1,1,0.9978149181163326,0.9978149181163326,0.0003161558201993725,0.00032739496309693695,0.00042547999640819606,0.0002712828348122299,0.0008447682691506735
2018,3,3,0.9977996826037018,0.0004397735469387455,0.0004850857893864326,0.9977996826037018,0.0004090835617557935,0.0005423349081193899,0.00032403959009788265
2019,3,3,0.9977856838747499,0.0004350905640308006,0.00048350979168108594,0.9977856838747499,0.00042123015586370283,0.000548452486183388,0.0003260331274911856
2020,1,1,0.997937570754069,0.997937570754069,0.00036973461445600684,0.0003966363297592044,0.00041268496593100377,0.0003544432307665017,0.0005289301050183187
2023,2,2,0.996760412788885,0.0004029574959277199,0.996760412788885,0.0005256924651619194,0.0006813868194532189,0.0008114697481875811,0.0008180806823846152
2024,5,5,0.9963448640784642,0.0004961831144475777,0.0011217230927659772,0.0008363346566806039,0.0004021063212997669,0.9963448640784642,0.0007987887363418737
2025,1,1,0.9978387693349315,0.9978387693349315,0.00037625982427801297,0.00041325628803416746,0.0004404182196627078,0.0003864681659496713,0.0005448281671439563
2026,5,5,0.9955198844767725,0.00026558462045217615,0.0026206274261725243,0.0006389800743304223,0.0002685556559043867,0.9955198844767725,0.0006863677463679777
2027,1,1,0.9979152076426555,0.9979152076426555,0.0003795061781679936,0.00039136261302649797,0.0004375400018616068,0.0003321970577825348,0.0005441865065059254
2028,5,5,0.9964992592440247,0.00037187107972309663,0.0014016719008656945,0.0005601991874671891,0.00033393682397724793,0.9964992592440247,0.000833061763942011
2029,3,3,0.9977751909183203,0.00044875350386343245,0.0004989826955949584,0.9977751909183203,0.0004911574910077788,0.00044288439669624806,0.00034303099451705516
2030,4,4,0.9975777432738396,0.0004994254641547686,0.0004574834968352126,0.0005102205407102832,0.9975777432738396,0.00029146080967524374,0.0006636664147848261
2032,5,5,0.9957783250204156,0.0004876587206102912,0.001078863294737369,0.001536102105950409,0.00041909358011279173,0.9957783250204156,0.0006999572781735373
2034,2,2,0.997042344423979,0.00026357572526340277,0.997042344423979,0.00043722546522075923,0.0004610597295582002,0.001113172389313317,0.0006826222666653606
2035,1,1,0.9978959521662023,0.9978959521662023,0.00035037555834011827,0.0003741836528704059,0.0004510792521854784,0.0003299036645874227,0.0005985057058142504
2036,5,5,0.9959070880781058,0.00031052111334855555,0.0019506538907952857,0.0005039594352917121,0.00032089948128836824,0.9959070880781058,0.001006878001170249
2039,2,2,0.9971362427824475,0.0003832412796223866,0.9971362427824475,0.0005589377293748493,0.0006200482650081554,0.0006674005467655411,0.000634129396781606
2040,3,3,0.9977397023667499,0.0004282095888064479,0.0004885843518371053,0.9977397023667499,0.0004939360225484868,0.0004379667064652296,0.00041160096359287235
2042,3,3,0.9978665406299791,0.00041183746565487476,0.0004918455229639446,0.9978665406299791,0.00043109823454676193,0.00048227583455457426,0.00031640231230051674
2043,2,2,0.9970592288508413,0.00039680607845337914,0.9970592288508413,0.0005500245622054319,0.0006442819740185325,0.0006413824757972645,0.0007082760586840676
2044,2,2,0.9972809682016015,0.0003537819766520755,0.9972809682016015,0.0004893590293730206,0.0005641325915486923,0.0007287239517188119,0.0005830342491060499
2045,3,3,0.9978561483089802,0.00043257509922578176,0.0004790891879102288,0.9978561483089802,0.00042683145858118916,0.0004765133244245926,0.000328842620878123
2046,6,6,0.9978699583658307,0.00046683349758606664,0.0004861722069264045,0.00036155877387211266,0.00037302396583061513,0.00044245318995413823,0.9978699583658307
2047,3,3,0.9978053166865636,0.00042115950931362133,0.0004670036256286411,0.9978053166865636,0.0005231796007214048,0.0004328885555402192,0.0003504520222324949
2048,3,3,0.9968524763812925,0.0004863870654997763,0.0006312040033017576,0.9968524763812925,0.0010188647040125815,0.0005078940981222306,0.0005031737477711557
2049,5,5,0.9966595466060117,0.000423202922349276,0.0011046738531619697,0.0007501793930770964,0.00037135000018130376,0.9966595466060117,0.0006910472252186344
2053,5,5,0.9948881891916854,0.00044327337322206864,0.0026921141750845057,0.0009584741235465283,0.00041038098261958657,0.9948881891916854,0.0006075681538418909
2057,3,3,0.9976596128563243,0.0004359586377768553,0.0005097806237594636,0.9976596128563243,0.0005602484726794627,0.0004621074120882162,0.00037229199737179856
2058,5,5,0.9963375360708386,0.00044682412546137807,0.001228839162802817,0.0006870729869938729,0.0003682099061270201,0.9963375360708386,0.0009315177477762592
2059,2,2,0.9964505707392408,0.0004034487275020927,0.9964505707392408,0.0004847510852940777,0.000652110784259655,0.0011268473588322396,0.0008822713048710868
2060,4,4,0.9975011284313203,0.00046004203478236365,0.0004577405331260608,0.0005593406597472494,0.9975011284313203,0.0003070486506174877,0.0007146996904065077
2062,1,1,0.9979507839128848,0.9979507839128848,0.00034987276352551065,0.00035755748483276236,0.0004313131142525531,0.000324655369982572,0.0005858173545215975
2063,1,1,0.9978241509838452,0.9978241509838452,0.0003941904125564836,0.0004025321229948773,0.00043640767058007057,0.0003931797238778053,0.000549539086145574
2065,4,4,0.9975226922420214,0.0005243199040439733,0.0004394560996119653,0.0004719799807005432,0.9975226922420214,0.0003048386838340149,0.0007367130897881224
2066,3,3,0.9977905483982196,0.00045492903395876274,0.0004839481423905688,0.9977905483982196,0.0004395556635260424,0.0004989775346603012,0.00033204122724471945
2067,3,3,0.9973755368377298,0.0004947604261034029,0.000546155051289202,0.9973755368377298,0.0007033281228533989,0.00043337524243294785,0.00044684431959120924
2069,6,6,0.996788385315207,0.00047189573656365946,0.0009050475225924911,0.0005563746687668599,0.0004089683654968674,0.0008693283913731437,0.996788385315207
2071,3,3,0.9978333990254933,0.00040848158979583596,0.0005001991362451327,0.9978333990254933,0.00041977829943592424,0.0005249676593291325,0.0003131742897007062
2072,3,3,0.9975628759067968,0.00040338749734527196,0.0005469136470738708,0.9975628759067968,0.0003781725500550315,0.000707522610070597,0.00040112778865836223
2073,4,4,0.9976137861412742,0.0005081474656930756,0.00042015526496548924,0.0005295010624821863,0.9976137861412742,0.00030451695737909523,0.0006238931082060315
2074,2,2,0.9966600346027387,0.0003307849908807322,0.9966600346027387,0.0005812803293037879,0.0006071744677797377,0.0009240182027715429,0.0008967074065256358
2075,5,5,0.9964198593758061,0.0004014610413584149,0.0014434471274907884,0.0005907184979214672,0.0003994084356051072,0.9964198593758061,0.0007451055218181313
2076,4,4,0.9976625907658445,0.00046827797632959314,0.00041331140272449896,0.00053031611167728,0.9976625907658445,0.0003022844753070889,0.0006232192681170205
2078,5,5,0.9964444144961923,0.00038903027714606636,0.0014476343805153206,0.0006078227806964745,0.0003413236618220194,0.9964444144961923,0.0007697744036278647
2079,4,4,0.9976115404145284,0.0004849695628601011,0.0004315945338371752,0.0005608309392895231,0.9976115404145284,0.00027489589899666014,0.0006361686504882251
2081,5,5,0.9909492372692962,0.00038938079730286776,0.007036169228312892,0.0006541948689571749,0.0004637419008103702,0.9909492372692962,0.0005072759353205146
2082,1,1,0.9979400020579775,0.9979400020579775,0.00037958887796552866,0.00033687265711019514,0.0003850159280768823,0.00027976441577798013,0.0006787560630919181
2083,4,4,0.997510410981552,0.00047020158878712415,0.0004588367747193454,0.0005448909889813744,0.997510410981552,0.00031435641140749126,0.000701303254552598
2085,5,5,0.9964751776386694,0.0003889154536563709,0.0012455368633470575,0.0007552459270276752,0.000336658186376489,0.9964751776386694,0.0007984659309229296
2086,3,3,0.9976910141459472,0.0004682670037979718,0.0005115321699927161,0.9976910141459472,0.0005062951110616481,0.0004385684698470457,0.0003843230993535388
2091,1,1,0.9978342425544113,0.9978342425544113,0.00042141882006533444,0.00038011937470631686,0.0004272863856836905,0.00039917895124732855,0.0005377539138860888
2092,3,3,0.9965832888076696,0.0005357990130461245,0.0011465871799486136,0.9965832888076696,0.0005743136209081384,0.0006264429991092987,0.0005335683793183059
2093,3,3,0.9978369470182524,0.00039520371306902744,0.0004946604306325576,0.9978369470182524,0.00043225809659699774,0.0005139949771567592,0.0003269357642922485
2094,5,5,0.9642800440655684,0.0005211183317975198,0.032487086115911834,0.0007150693379772916,0.0005668204248338805,0.9642800440655684,0.0014298617239110823
2095,4,4,0.9976499146807737,0.0004621480811788861,0.000406128507422268,0.0005923692637276281,0.9976499146807737,0.00028856006897339464,0.0006008793979241483
2097,5,5,0.9967256512496901,0.0004167212558048726,0.0012422437995089372,0.0006049846973913797,0.00033969865988253586,0.9967256512496901,0.0006707003377221254
2098,4,4,0.9975755659474272,0.0005276167568841388,0.00040619470494486623,0.0005540019399301669,0.9975755659474272,0.00030445013082881577,0.0006321705199847684
2099,2,2,0.9960416227833184,0.0005856232990698678,0.9960416227833184,0.000928736435905094,0.0007742548805280818,0.000991962002563609,0.0006778005986150042
2101,2,2,0.9971135473151848,0.0004171886878672523,0.9971135473151848,0.0005758483198105927,0.0006343048814338846,0.0006620840824092983,0.0005970267132941986
2103,6,6,0.9972175036991869,0.0007574386300323602,0.000628201328841973,0.0004336981078879822,0.0005270608064575466,0.000436097427593185,0.9972175036991869
2105,6,6,0.9749055117784557,0.0013900333463678404,0.018459852052059775,0.0015022141728253298,0.0013214222329430072,0.002420966417348298,0.9749055117784557
2106,1,1,0.9979269832738643,0.9979269832738643,0.0003514942770471253,0.00037725029473346754,0.0004283651210150154,0.00033008573148972576,0.0005858213018503177
2108,5,5,0.996616492481845,0.00036749426737307784,0.0015565421118427822,0.000546846460420344,0.00032136489661595166,0.996616492481845,0.0005912597819028346
2109,3,3,0.9978299583641866,0.00039474854686916713,0.0005219969236171346,0.9978299583641866,0.00042038200708450466,0.0005276405637095969,0.00030527359453308
2112,3,3,0.997810265077235,0.0004509121425236401,0.0004806702876862058,0.997810265077235,0.00044397579695008534,0.00047318705199062466,0.00034098964361446054
2113,4,4,0.9976400650779487,0.0005181913377456668,0.0004116387874357109,0.0005081235667755637,0.9976400650779487,0.0003055247736132625,0.0006164564564811798
2114,6,6,0.9975737934570157,0.000624362728885565,0.0005081578276919562,0.00038206513292613593,0.0004857779133815785,0.00042584294009910583,0.9975737934570157
2115,3,3,0.9978065532104049,0.00044536296562209344,0.0004754787381876909,0.9978065532104049,0.00041120891990732575,0.0005283452093053416,0.00033305095657260535
2118,2,2,0.9970053277637946,0.0003111129763718068,0.9970053277637946,0.0005132307058966047,0.0005609981846457597,0.0010682526515253855,0.0005410777177659232
2120,2,2,0.9968866850960574,0.0004328356071031245,0.9968866850960574,0.0006145908353878015,0.0007000183206403499,0.0006218019497726628,0.0007440681910385054
2121,3,3,0.9978416646383398,0.00039399719937990976,0.00046631522896142417,0.9978416646383398,0.0004770452273420422,0.0004923972042482813,0.00032858050172852226
2122,2,2,0.9973218945043907,0.00033970761847195347,0.9973218945043907,0.0004903365579830515,0.0005532766757710864,0.0007318601643201059,0.000562924479063162
2123,3,3,0.9977279186113105,0.0004658596243398408,0.0004979080344596819,0.9977279186113105,0.0004568347012461436,0.0005032298444180206,0.00034824918422584846
2124,1,1,0.9978879867620192,0.9978879867620192,0.00036876794052115297,0.0004098642887225332,0.00044007761052721096,0.0003729601137911438,0.0005203432844188106
2125,5,5,0.9901987419568626,0.00033245197108258776,0.006769713202707106,0.0006033509191115062,0.0003978105814852838,0.9901987419568626,0.0016979313687508928
2126,4,4,0.9976865261368582,0.0004819605774701845,0.00040986165677519773,0.0005223864682062732,0.9976865261368582,0.00028531373258941885,0.000613951428100792
2127,4,4,0.9976545169503795,0.0004899351134262749,0.00040833514053744487,0.0005146715041928117,0.9976545169503795,0.0002992039945307845,0.0006333372969331598
2128,4,4,0.9976583632727215,0.0005124002883474085,0.00039915006727251696,0.0005273652450078272,0.9976583632727215,0.0002822201325295727,0.000620500994121269
2129,1,1,0.9979110186010983,0.9979110186010983,0.0003531954495105325,0.000390404613233642,0.00042728257533236836,0.00030749695951168087,0.0006106018013134399
2130,3,3,0.9978208076642787,0.00042406103808474195,0.0004920887647800206,0.9978208076642787,0.0004465531466011266,0.0004744819668086679,0.0003420074194467194
2131,2,2,0.9963760699178134,0.0005079627622105751,0.9963760699178134,0.0007250417925645156,0.0008365151778490141,0.0006846153459695239,0.0008697950035930309
2133,1,1,0.9979791107054785,0.9979791107054785,0.00033695719530142036,0.00034214699038063724,0.00040578606673610725,0.00029273744621177543,0.0006432615958915185
2135,2,2,0.9969579587383465,0.00044591029579929315,0.9969579587383465,0.0005199818100558111,0.0006522614474650437,0.0007085976123528329,0.0007152900959805703
2136,4,4,0.9975472040079754,0.00046021028295805267,0.00044726126126030317,0.0005570156470401028,0.9975472040079754,0.0003149147361691701,0.000673394064596961
2139,3,3,0.9976240025181609,0.0005208396004492491,0.000498235760769879,0.9976240025181609,0.0005027129195252143,0.00047719412743312586,0.000377015073661741
2142,3,3,0.9978434849344201,0.0004026990613583406,0.000489553369376783,0.9978434849344201,0.00044281205999727847,0.0005080290066747714,0.00031342156817276294
2143,2,2,0.9971933221140127,0.00033977607771261767,0.9971933221140127,0.0004861486889656806,0.0005689776895357026,0.0006720211323996231,0.0007397542973737669
2144,3,3,0.996912265992094,0.0005751210409145086,0.0006520857150345658,0.996912265992094,0.0004977955374953964,0.0007237175195432647,0.0006390141949182795
2146,6,6,0.9974224949432537,0.0005364363520042458,0.0007105380918093762,0.000538221464617511,0.0004294528790388719,0.0003628562692762018,0.9974224949432537
2152,6,6,0.9977814524386533,0.0005086033472933354,0.0005244126643639831,0.0003732666652775874,0.0003837567043758984,0.00042850818003580595,0.9977814524386533
2153,2,2,0.9964145096317663,0.00040446310728404003,0.9964145096317663,0.0006094680667030439,0.0006792588170266346,0.0008154958220023601,0.0010768045552176332
2154,3,3,0.9977781728020855,0.0004565208180264172,0.0004625176917272939,0.9977781728020855,0.00046519800914134306,0.00047902940160352833,0.00035856127741594874
2155,5,5,0.9963516810027101,0.00043113748568894544,0.0012462765296967523,0.0007744242952754059,0.00036700719004404266,0.9963516810027101,0.0008294734965847946
2156,5,5,0.9956785439253587,0.0004957066551534396,0.0012608498044250462,0.0016049510069481323,0.00035185693631713667,0.9956785439253587,0.0006080916717975361
2157,2,2,0.9971831873060951,0.00038562574115921534,0.9971831873060951,0.0004923541195782392,0.0005570163726049179,0.0007232486700207597,0.0006585677905417815
2158,3,3,0.9978222305961298,0.000421671843343221,0.00048189741507594926,0.9978222305961298,0.0004446336583830269,0.0004844926908085506,0.0003450737962594581
2160,3,3,0.9977941789809223,0.0004435545538641597,0.0004754057285917707,0.9977941789809223,0.000406811403450884,0.0005384741383944013,0.0003415751947765576
2161,1,1,0.9979472513867672,0.9979472513867672,0.00036838454812529095,0.0003787993244973059,0.0004296927550227425,0.0003432143337971074,0.0005326576517903845
2162,4,4,0.9976311405331953,0.0004642256558811314,0.00041541844158966834,0.0005105635264064989,0.9976311405331953,0.000301894082868403,0.0006767577600589298
2163,2,2,0.9973346811152177,0.00034743665455810066,0.9973346811152177,0.00044463643059704407,0.0005386649660774527,0.0007481692891777718,0.0005864115443720091
2165,3,3,0.9978131893634536,0.00043293366534114257,0.0004910899850327469,0.9978131893634536,0.0004087946290752895,0.0005217139074668822,0.00033227844963025683
2166,6,6,0.8705269856628088,0.003934680753848124,0.011779397139141572,0.009438421106938712,0.08661865756465291,0.017701857772609787,0.8705269856628088
2167,3,3,0.9978130825833662,0.00042882508308308124,0.0005144534397565548,0.9978130825833662,0.0004306139208770408,0.0005052076186948562,0.00030781735422231305
2170,2,2,0.9970964464384621,0.00039188297133714356,0.9970964464384621,0.0005088934114699499,0.000622268899495223,0.0007374876495687484,0.000643020629666899
2171,6,6,0.9977270842624443,0.0005272064528377661,0.0004599220647014363,0.00039579023254666755,0.00037316215015374487,0.0005168348373160762,0.9977270842624443
2174,2,2,0.996025082560441,0.0006296341117698793,0.996025082560441,0.0006190262907377113,0.0007120863010842732,0.0007525668721118806,0.001261603863855257
2175,1,1,0.997994592719088,0.997994592719088,0.0003504397932692117,0.0003748356729327859,0.0004079923589807786,0.00031858829766805326,0.0005535511580611963
2176,3,3,0.9978206596469161,0.00042719518800311737,0.00048412288725915224,0.9978206596469161,0.00041519099389536316,0.0005538319401489556,0.00029899934377741603
2177,4,4,0.9976451888751873,0.000466224092309874,0.00038401124364870957,0.0005444581563508697,0.9976451888751873,0.0003016338710356923,0.0006584837614676312
2178,2,2,0.9970691960891731,0.000330080826152487,0.9970691960891731,0.000488668513230284,0.0005943046966521392,0.0007023993385860449,0.0008153505362059279
2179,1,1,0.9979689495972026,0.9979689495972026,0.00032666607151857034,0.0003774668064541851,0.0004070452615220423,0.0003154829249135804,0.0006043893383890194
2180,4,4,0.9975791439372834,0.0004964208268895065,0.0004177442778525914,0.0005759501762530882,0.9975791439372834,0.00029556641383831803,0.0006351743678831113
2181,3,3,0.9978028949513295,0.00040363617600648973,0.00048358041913624383,0.9978028949513295,0.0005046417283196728,0.00047296316608824214,0.0003322835591199673
2185,1,1,0.9979008543661131,0.9979008543661131,0.0003714743692382913,0.0003355015396412802,0.00040092881385771505,0.0002839218972091069,0.0007073190139405207
2186,3,3,0.9978766574938568,0.0003903169178970212,0.0004924879242475275,0.9978766574938568,0.0004407414876256687,0.0004940047577035786,0.00030579141866951407
2187,4,4,0.9976534280973375,0.00046294174252725336,0.00043255918059989534,0.0004904200917582444,0.9976534280973375,0.00031174899067617736,0.0006489018971007732
2188,2,2,0.9970685447903078,0.00041548719859834185,0.9970685447903078,0.0005825868928079637,0.0006198843813954179,0.0006480420452176837,0.000665454691672819
2189,6,6,0.997791229356284,0.0005853381349813902,0.0004694809305437441,0.0003480541257462648,0.0003956022495978312,0.0004102952028468272,0.997791229356284
2191,5,5,0.9965897288927764,0.00045835119656627494,0.0011150640796646597,0.0006520612763220077,0.00035680651120756986,0.9965897288927764,0.0008279880434631198
2192,3,3,0.9978061089270358,0.0004142286306474748,0.0004914411585085003,0.9978061089270358,0.00046516380221825005,0.0004982658327862592,0.00032479164880377676
2193,2,2,0.9969258470982542,0.0003719023499980653,0.9969258470982542,0.0005308686291939308,0.0005833776996131554,0.0009548319670569921,0.0006331722558837107
2194,5,5,0.9959948437548749,0.0003782354741524894,0.001633358752411101,0.0006088602904641879,0.000329127886561309,0.9959948437548749,0.0010555738415360034
2195,3,3,0.9978690415819702,0.00042831185139891167,0.00045205499259127997,0.9978690415819702,0.0004017869947881786,0.0005210206908003035,0.00032778388845109075
2196,1,1,0.9978770178516823,0.9978770178516823,0.0004012671189354146,0.0003891948789711449,0.00044595267527788477,0.00036038540419114037,0.0005261820709421552
2199,3,3,0.9978899047398676,0.0004209703131163777,0.00045967764508880786,0.9978899047398676,0.00039498918206535855,0.0005135841591875668,0.0003208739606743004
2200,4,4,0.9976299851324563,0.0004614661378402808,0.0004295196785349354,0.0005085210355930946,0.9976299851324563,0.00029234744867859166,0.0006781605668968156
2201,6,6,0.9970873436425431,0.0007921207345819075,0.0006195813456890125,0.00042993728563903426,0.0005588244775957707,0.0005121925139511789,0.9970873436425431
2202,4,4,0.9976425109587539,0.00048450199837934564,0.00039217985212176615,0.0005602570812793555,0.9976425109587539,0.00030140015056909935,0.0006191499588965814
2203,5,5,0.9966094374635935,0.0003588643849819816,0.0014936500591926766,0.0006117573134323228,0.0003428993935740972,0.9966094374635935,0.0005833913852253331
2205,2,2,0.9968381174642192,0.00041769680891181563,0.9968381174642192,0.000639386043497227,0.0006954715193960368,0.000620606095692656,0.0007887220682830299
2206,5,5,0.9960166898037119,0.00044392561923729687,0.001512327477369727,0.0006452220897082868,0.00035546443848791937,0.9960166898037119,0.0010263705714847909
2207,3,3,0.9974777552151658,0.0004769751609662351,0.00043214824601884563,0.9974777552151658,0.00039592893483623396,0.0008401166793582011,0.0003770757636547309
2208,5,5,0.9965283172850776,0.00047096839508420363,0.0011640450565441334,0.0007588329531033999,0.0003835085623836056,0.9965283172850776,0.0006943277478069929
2210,1,1,0.9978999686406909,0.9978999686406909,0.00034818255558741906,0.0004168310382671393,0.00044542758779799667,0.0003490767125342386,0.0005405134651223115
2211,4,4,0.9973401606071722,0.0004509668878103724,0.0005975110214223034,0.0005471624415674032,0.9973401606071722,0.0003596011730118865,0.0007045978690157728
2213,1,1,0.9979618518416771,0.9979618518416771,0.0003453300188153944,0.0003897476195773397,0.0003984202417132069,0.00033793304679022665,0.000566717231426756
2216,1,1,0.99789081192704,0.99789081192704,0.0003773017376178337,0.00041363906037009655,0.00045491099539964275,0.00036177464155163206,0.0005015616380208246
2217,3,3,0.9978837416087366,0.0003982621835097274,0.00048451029831394647,0.9978837416087366,0.0004434086513059224,0.0004914428590358045,0.00029863439909801694
2218,4,4,0.9974431032445278,0.0004687052409687861,0.0005373827363506262,0.0005245751895360757,0.9974431032445278,0.00032751774176377165,0.0006987158468529478
2219,2,2,0.9970293777732638,0.0004211971554766298,0.9970293777732638,0.0005514497575469617,0.0006335186073450163,0.0006415364221867484,0.0007229202841808355
2220,4,4,0.9975727033567293,0.0005173286103683073,0.0004247516264372917,0.0005408328634518287,0.9975727033567293,0.00030930351413991535,0.0006350800288733149
2221,3,3,0.9976211111762681,0.00047504072197543563,0.0005147163682734003,0.9976211111762681,0.0005625522910346967,0.0004155382974307404,0.0004110411450174854
2222,1,1,0.9979824517274493,0.9979824517274493,0.00033696813043097336,0.0003590386434329482,0.00040230349856046116,0.00030787754020715605,0.000611360459919371
2223,3,3,0.9978841349967201,0.00040339234865693105,0.0004909776232957946,0.9978841349967201,0.00041060643181877447,0.0004983181335022455,0.0003125704660061525
2224,4,4,0.997585487378838,0.0005380158349193812,0.0004092614692758146,0.0005167476854189968,0.997585487378838,0.0002951570416121671,0.0006553305899356077
2229,5,5,0.9966287240212585,0.0004157631867605277,0.0012000182446794947,0.0005790655398124499,0.0003527713785772783,0.9966287240212585,0.0008236576289117911
2230,3,3,0.9978239449144318,0.00042870687645470634,0.0004903514008038351,0.9978239449144318,0.00040163894972008497,0.0005218917416951991,0.00033346611689432043
2231,5,5,0.9964820476017079,0.00045510129761518544,0.0011017639554223237,0.000761240338463366,0.00036990990106184176,0.9964820476017079,0.0008299369057293611
2232,4,4,0.9976278400583294,0.0004692115997271752,0.000392435235007792,0.0005634777063372673,0.9976278400583294,0.0002759986760089922,0.0006710367245894023
2233,5,5,0.995902140486707,0.0002947360101817504,0.002210543301220285,0.0005287297056711076,0.000367834239920163,0.995902140486707,0.0006960162562996525
2234,5,5,0.9965922370444056,0.0003927793057363026,0.0013831601431308078,0.0007097015136352886,0.0003540349473351422,0.9965922370444056,0.0005680870457568734
2235,4,4,0.997630049415626,0.00048496885060673545,0.00042331735949244106,0.000537834913506047,0.997630049415626,0.00030105740039130515,0.0006227720603773766
2237,5,5,0.9965655864281722,0.00044311551037283834,0.0011815145458953027,0.0006539333111287856,0.0003770487049372828,0.9965655864281722,0.000778801499493612
2238,6,6,0.9971308674786458,0.0006288734915425709,0.0007482743349680958,0.00045986514313124655,0.000454677938652561,0.000577441613059757,0.9971308674786458
2239,2,2,0.9970314783081149,0.0003023039331357298,0.9970314783081149,0.00048254481178720604,0.0005509360422426531,0.001045805539297842,0.0005869313654216719
2241,3,3,0.9977715702763906,0.00046651243186308206,0.0004886931610740929,0.9977715702763906,0.00045949363521129806,0.00044588450852923073,0.0003678459869316852
2242,2,2,0.9972314003750157,0.0003455378092027942,0.9972314003750157,0.0005586435304738519,0.0005935451341741132,0.0007253981723087164,0.000545474978824808
2243,5,5,0.996642440164439,0.00036355304827277073,0.0014520682885892722,0.0007240290068522388,0.000342025673131903,0.996642440164439,0.00047588381871479054
2244,2,2,0.9952105664867487,0.0003491277381820609,0.9952105664867487,0.0007282337598633762,0.000695074020310278,0.0010111937081003055,0.0020058042867951214
2245,6,6,0.9973925069074119,0.0007204070366454293,0.0005803566144940065,0.000409014715149843,0.0004507321736465712,0.0004469825526522476,0.9973925069074119
2247,2,2,0.997050637798646,0.00040409305331080977,0.997050637798646,0.0005176222776719239,0.0005979449007987121,0.0006520406623172982,0.0007776613072552991
2248,1,1,0.9979181965878645,0.9979181965878645,0.00039331015748186036,0.0003928527907825589,0.0004343920771466862,0.00035600705009006034,0.0005052413366341092
2249,2,2,0.9966674528858922,0.0005159216858880221,0.9966674528858922,0.0005839472335260687,0.0007555753753134124,0.0006336909770820306,0.0008434118422982905
2250,1,1,0.9978771836651431,0.9978771836651431,0.0003807443502321692,0.0004017774253775462,0.0004372069422736325,0.00034014529484781834,0.0005629423221257236
2253,5,5,0.9965145061770453,0.00039882859262048995,0.0014941053336974986,0.0006848221576377441,0.00035266214646956587,0.9965145061770453,0.0005550755925294134
2254,4,4,0.9975782984703736,0.00047849036047670543,0.00043130635858022585,0.000518544855408364,0.9975782984703736,0.00030323597442412706,0.0006901239807369924
2255,5,5,0.9965597762355713,0.00040453228136510465,0.0012968602917689444,0.0006444031066809653,0.00038155541616978917,0.9965597762355713,0.0007128726684438981
2256,2,2,0.9973519270432105,0.0002973754078575597,0.9973519270432105,0.00043219985246465635,0.00048886323065514,0.0009318100500359415,0.000497824415776175
2260,3,3,0.9978319358461555,0.0004145665671177881,0.0005022921526055227,0.9978319358461555,0.00041074357505052833,0.0005251777181113824,0.00031528414095929983
2261,4,4,0.9976467603143709,0.000502701155944691,0.00041341386272158683,0.0005118905741001197,0.9976467603143709,0.0002956405839360141,0.0006295935089266823
2262,4,4,0.9976969876998876,0.0004699900698237576,0.0004111010269877566,0.0004969554977314828,0.9976969876998876,0.00029023464639487014,0.0006347310591745878
2263,1,1,0.9979229554194687,0.9979229554194687,0.0003868702738481886,0.00035495894624722597,0.0004048367356035652,0.0002985142857964417,0.0006318643390358176
2264,4,4,0.9976211319427647,0.0004848304442057138,0.0004073071811945322,0.0005516108429719119,0.9976211319427647,0.0003058609475878801,0.0006292586412752308
2265,2,2,0.996813371529704,0.0004133386685957503,0.996813371529704,0.0005617166163741296,0.0007060625781116096,0.0007603200868414251,0.0007451905203730964
2266,4,4,0.9976412334872217,0.0005201156744788853,0.0004063260388687207,0.0005319268241134179,0.9976412334872217,0.0002870014366286158,0.0006133965386886935
2267,2,2,0.997048418414517,0.00031587920358881375,0.997048418414517,0.0005250841976643815,0.0005628439140261666,0.0009924762225702061,0.0005552980476334921
2269,1,1,0.9980028015258731,0.9980028015258731,0.00034582257723036477,0.0003595786753221516,0.0003905014033827902,0.00031913739537301616,0.0005821584228186387
2270,6,6,0.9976700065326007,0.0005009648216041044,0.00048611304943634774,0.0003704527960302214,0.00036885458826577523,0.0006036082120628012,0.9976700065326007
2272,6,6,0.997188026304363,0.0005550586472182229,0.0006320099312310969,0.0005653561062473199,0.00041711880251628526,0.00064243020842406,0.997188026304363
2273,3,3,0.9977372744412979,0.000450418436417111,0.0004962902690040459,0.9977372744412979,0.0005272080280569929,0.00043427398698812995,0.0003545348382358551
2274,6,6,0.9975295442817909,0.0006357504031068294,0.0004790032002177198,0.00047090348796497436,0.0004355122704839363,0.00044928635643565044,0.9975295442817909
2275,5,5,0.9957536424192822,0.00027007670629509945,0.002559381761031522,0.0005287491930808783,0.0003031039076050374,0.9957536424192822,0.0005850460127052641
2279,4,4,0.9976405333787377,0.0005068397925646087,0.0004241443787614199,0.000521389378372869,0.9976405333787377,0.0002932636483082491,0.0006138294232551887
2281,5,5,0.994779550052037,0.0002815539378995324,0.0033454446749130356,0.0005804486940443343,0.0003485527866777997,0.994779550052037,0.0006644498544283308
2282,5,5,0.996399518608804,0.00046576384770160694,0.0011961247034845337,0.0006502218872723568,0.0003555657738043286,0.996399518608804,0.0009328051789331548
2283,1,1,0.9978837128369807,0.9978837128369807,0.0003791859688755275,0.0003642685390029734,0.00039707964368975075,0.000333245107954727,0.0006425079034963245
2284,5,5,0.996296913295975,0.000603173376236605,0.0013736384754624686,0.0006591732771527335,0.000371936697885603,0.996296913295975,0.0006951648772876202
2285,2,2,0.9963078516580048,0.0004476530066169019,0.9963078516580048,0.0006002948959592518,0.0007722857080005017,0.000639240065679121,0.001232674665739399
2287,2,2,0.9963101185841166,0.0004903581887175761,0.9963101185841166,0.000673835907121469,0.0008578508822697427,0.0008043153722719514,0.0008635210655027187
2288,1,1,0.9976881631119711,0.9976881631119711,0.00033779755128858355,0.00031985349965333123,0.00038632914266108063,0.00026110538828355237,0.001006751306142349
2291,1,1,0.9979765167595891,0.9979765167595891,0.0003544766770252113,0.00037293147697429395,0.0004273945892608289,0.00030250333961092735,0.0005661771575397476
2292,5,5,0.9960373615087477,0.00038376403262417136,0.0017899534294325934,0.0008006690063431726,0.00035175651116763263,0.9960373615087477,0.0006364955116848042
2293,6,6,0.9977673511984142,0.0005658796414608045,0.00047268297516918427,0.0003767437966655432,0.0004160072513308111,0.0004013351369594078,0.9977673511984142
2295,4,4,0.9976112036567443,0.0005275113081917111,0.00041813434914391974,0.0005287553804279033,0.9976112036567443,0.000297359690725847,0.0006170356147663299
2297,3,3,0.997841640160842,0.00043727727784113646,0.0004799895614160689,0.997841640160842,0.00044974591083626447,0.00046381688419953627,0.00032753020486514484
2298,3,3,0.9975171056947322,0.0005296280124810085,0.0005323396745635632,0.9975171056947322,0.0005757913440491294,0.00045579980213096777,0.0003893354720431311
2299,2,2,0.9970745083598114,0.000400478534855131,0.9970745083598114,0.0005471179086060803,0.0006160584735001674,0.0006454348294064801,0.0007164018938208161
2300,3,3,0.9976555586260515,0.00048146806699880454,0.0004915531256060408,0.9976555586260515,0.0005436530529267092,0.000468039415069127,0.00035972771334783084
2301,4,4,0.9976322935161301,0.0005035882493543001,0.0004173050229595281,0.0005336511682964772,0.9976322935161301,0.0003076007793756773,0.0006055612638838496
2303,5,5,0.9961655548066,0.00038645608452564183,0.0013787673166898654,0.0006431675359162904,0.00037056574359274906,0.9961655548066,0.0010554885126754835
2304,3,3,0.9978481922328215,0.00041072383619743073,0.00045824599851788256,0.9978481922328215,0.00039704506445034936,0.0005367825134612517,0.00034901035455163064
2306,4,4,0.9976433777980204,0.0005158214308123913,0.0004161094991109039,0.0005112492774081935,0.9976433777980204,0.0002980660256441373,0.0006153759690040319
2307,5,5,0.9966859113260916,0.0003931559579607806,0.001382925416231412,0.000607443850412483,0.0003506979226713789,0.9966859113260916,0.0005798655266323522
2309,3,3,0.997836492949159,0.00042750868164894524,0.0004811624351035744,0.997836492949159,0.00042372247717471507,0.0004929396489040935,0.000338173808009684
2310,2,2,0.997263179111815,0.0003316581959314962,0.997263179111815,0.0004992044344219687,0.0005492348495963835,0.0007919816305358217,0.0005647417776993744
2311,1,1,0.9979352357976677,0.9979352357976677,0.00037346146527537173,0.00038119650625148603,0.00043011518200233113,0.0003219083109481502,0.0005580827378550036
2312,3,3,0.9978467600031778,0.0004300581870055201,0.0005045358725684476,0.9978467600031778,0.00042407086018334336,0.0004608617659469719,0.00033371331111788755
2314,2,2,0.9973071621144585,0.00028053621103767346,0.9973071621144585,0.00044881964866166744,0.0004957722171472567,0.001017371522189429,0.0004503382865055964
2316,4,4,0.9976125287501366,0.0005070595895305708,0.00041462367650677104,0.0005139967780936688,0.9976125287501366,0.0002882813667140603,0.0006635098390183371
2318,3,3,0.9977992820541013,0.0004267810783875915,0.00046762629402376276,0.9977992820541013,0.000497996197643375,0.00043275097217799086,0.0003755634036660407
2319,2,2,0.9971116568519838,0.00039536280994650034,0.9971116568519838,0.000559283524927601,0.0006277917284701445,0.0006503677438967991,0.0006555373407752232
2320,1,1,0.997687433977205,0.997687433977205,0.0003123929495167316,0.00031739653872891717,0.0004053551911775792,0.0002860223154961246,0.0009913990278756961
2321,2,2,0.9968696197483186,0.0003275074501729864,0.9968696197483186,0.0004744645233010529,0.00063490188107535,0.0008825573461154388,0.0008109490510166953
2323,6,6,0.9978242314821353,0.000546685085231906,0.00047055633934743634,0.0003644219541145981,0.0003716804197463756,0.00042242471942443216,0.9978242314821353
2325,5,5,0.996584693126371,0.00039330242820233947,0.001326317601948803,0.0006167917988244472,0.000346719941283192,0.996584693126371,0.0007321751033702484
2326,5,5,0.9963968754559459,0.0004204300869973231,0.0013047141328263931,0.0005877970342432244,0.0003524897325141361,0.9963968754559459,0.0009376935574729876
2328,3,3,0.9978220267339597,0.0004261079874138824,0.00047066638220439276,0.9978220267339597,0.00047916237120988633,0.00045087723543717786,0.00035115928977497716
2330,1,1,0.9978470210448074,0.9978470210448074,0.00038208434769511514,0.00040529380709664026,0.0004436558547845741,0.0003171652891212475,0.0006047796564950567
2332,1,1,0.9979279386473974,0.9979279386473974,0.00037829685306893594,0.0003887569725741827,0.00042531519312705195,0.00035765435188892035,0.0005220379819434964
2334,3,3,0.9977509012564569,0.0004608252001246792,0.0005081547844507702,0.9977509012564569,0.0004567212686525264,0.00044907266496053527,0.00037432482535459434
2336,2,2,0.9970082969697952,0.00033855648897364326,0.9970082969697952,0.0005328735163283583,0.0006072985325205529,0.000939552062931821,0.0005734224294504684
2339,4,4,0.9976260728895526,0.0004859801588315954,0.00041803554498983866,0.0005308367897494577,0.9976260728895526,0.0002823008877601511,0.0006567737291163772
2340,4,4,0.9976471477905873,0.0004975094548709137,0.00042359116487870576,0.0005047126532060161,0.9976471477905873,0.00030026743262653914,0.0006267715038305387
2341,6,6,0.9974637957152513,0.0005480387334508252,0.0006717871695087343,0.00042353592612763227,0.00045758353604289916,0.0004352589196185672,0.9974637957152513
2342,3,3,0.9975983168372831,0.0005201210599799693,0.0005004386616142966,0.9975983168372831,0.0005452184010918981,0.00047133427567582474,0.0003645707643549716
2343,6,6,0.997789768208047,0.0006358934509733973,0.00044721881351876975,0.0003438137159482185,0.0004044335040095232,0.0003788723075030848,0.997789768208047
2344,1,1,0.9978858234629585,0.9978858234629585,0.00038051006331390585,0.00040245106143957176,0.0004430165017847686,0.0003390593718103944,0.000549139538692824
2347,5,5,0.9926183099568168,0.00037990210848231926,0.005526744825236533,0.000621622092157373,0.0003847829951187594,0.9926183099568168,0.0004686380221882547
2348,5,5,0.9786568857199334,0.00038834632595894606,0.018157173662459874,0.0008397941179319571,0.000543556432788373,0.9786568857199334,0.0014142437409274383
2350,6,6,0.9960735808732639,0.0018780497637848293,0.0005702265058752438,0.0004990261399729783,0.000548043450392605,0.00043107326671037256,0.9960735808732639
2351,2,2,0.9957101135689138,0.00024194195648879213,0.9957101135689138,0.00039034423296037987,0.0005353055199736777,0.0024940929782465635,0.0006282017434168445
2353,6,6,0.9977986624844174,0.0005296986999675972,0.00045421808721237555,0.00040159661336350365,0.00039856373217133246,0.00041726038286777034,0.9977986624844174
2354,4,4,0.9975664874605517,0.00045023376592459737,0.0004324587756346803,0.0005593095119956439,0.9975664874605517,0.0003084814605293057,0.0006830290253641401
2355,4,4,0.9976701080134978,0.0004797738764364788,0.00039617622807549017,0.000585665468910127,0.9976701080134978,0.00028432818677716636,0.0005839482263030423
2357,5,5,0.9961959553475269,0.0005635610583237717,0.0010692876876809948,0.0008152815820831085,0.00040228536650514503,0.9961959553475269,0.0009536289578801217
2358,5,5,0.9961332728094615,0.00040294101627504867,0.0015409010063753708,0.0005239397626803813,0.00031397211420413593,0.9961332728094615,0.0010849732910035686
2359,5,5,0.9967034915566895,0.000386832980991794,0.001284532503411918,0.0006336897609569937,0.00034852722066381736,0.9967034915566895,0.0006429259772860597
2360,3,3,0.9978379083883508,0.0004217898892219708,0.0004830051076605682,0.9978379083883508,0.00047148706363456765,0.0004466392040239925,0.0003391703471080119
2365,4,4,0.9976492880891018,0.0005335742743018436,0.0004159167817388492,0.000484236679239288,0.9976492880891018,0.00031281088304365665,0.0006041732925745146
2366,4,4,0.997612085128285,0.0005158657849284147,0.0003851038506963187,0.0005454498275914971,0.997612085128285,0.00028364705712942976,0.0006578483513693051
2367,2,2,0.9955852229077113,0.00036854272867764835,0.9955852229077113,0.0006536926304651772,0.000659096396333831,0.0007942596355367762,0.0019391857012749961
2368,2,2,0.9971872385517531,0.00037912698412553587,0.9971872385517531,0.0005110720704773451,0.0005921227395108054,0.0006614595833613985,0.0006689800707718378
2369,4,4,0.9976780404931519,0.0004979605717018202,0.00041937287097063936,0.0004952445442008285,0.9976780404931519,0.0003005600992191942,0.0006088214207556599
2370,5,5,0.9961462737258245,0.0005046172663252005,0.0011826951208768774,0.0007404191369882228,0.0003582043539826688,0.9961462737258245,0.0010677903960025308
2371,5,5,0.996099901107005,0.0004994859097306389,0.0013610474345330682,0.0007503712189904249,0.0004401294070606451,0.996099901107005,0.0008490649226802927
2372,4,4,0.997621889988686,0.0005240369021756137,0.00043351866921569076,0.0004933667055158589,0.997621889988686,0.00032731230848492067,0.0005998754259219988
2373,2,2,0.9967612006174871,0.00041751044995189823,0.9967612006174871,0.0006219105338317152,0.0007192246680888818,0.0007458709726365823,0.0007342827580038452
2374,2,2,0.9973230708073444,0.00031550973724063394,0.9973230708073444,0.0004472190179999724,0.0005275898645793991,0.0007715756220432951,0.0006150349507924244
2375,6,6,0.9975317198918837,0.0006524261993934068,0.0005821639599851007,0.0004035162837642806,0.00047105836257887356,0.0003591153023946346,0.9975317198918837
2376,5,5,0.9964890944192993,0.00035155850106350153,0.0015063491946512228,0.0005710020942725457,0.00031549914880007085,0.9964890944192993,0.000766496641913354
2377,6,6,0.9973516036959609,0.0006030525288168189,0.0006123188387913009,0.00039597307963784627,0.0005617509355390975,0.0004753009212540068,0.9973516036959609
2378,4,4,0.99757813115446,0.000490321567876878,0.00044757895287204756,0.0004911421795188399,0.99757813115446,0.00031680839338304637,0.0006760177518892028
2379,5,5,0.9965902905107413,0.0003905810255711392,0.001087896549062354,0.0006838384429801844,0.00033600744822743795,0.9965902905107413,0.0009113860234175677
2380,1,1,0.997813769264271,0.997813769264271,0.0004169329759617366,0.00039546953982931327,0.00043425592626974844,0.00037277055869876154,0.0005668017349695218
2381,2,2,0.996909089827656,0.0003651817125305948,0.996909089827656,0.0005704610420846556,0.0006850740810140312,0.000822778681287187,0.0006474146554274713
2382,1,1,0.997959956132325,0.997959956132325,0.00036193224729189424,0.0003409832256411517,0.000390944047526518,0.00035264178199332405,0.0005935425652221422
2383,3,3,0.9978450241960615,0.00041087549712280077,0.00047257171595526477,0.9978450241960615,0.00039424358983066506,0.0005510436441019032,0.0003262413569279313
2384,2,2,0.9971769180510832,0.0003935978875973506,0.9971769180510832,0.0005205585208600511,0.0006123166730560491,0.0006362008487128347,0.0006604080186905387
2385,3,3,0.9977033781361518,0.00046733682613437315,0.000505854960122044,0.9977033781361518,0.00040939630900748894,0.0005415556395814059,0.0003724781290028901
2387,5,5,0.9964781231715472,0.000488927579719085,0.0011668572000054303,0.000709204192243643,0.00040322296026099866,0.9964781231715472,0.0007536648962237262
2388,4,4,0.9976715120024232,0.0005047300200151992,0.0003959529729366977,0.0005226188052371237,0.9976715120024232,0.0002960934556345233,0.0006090927437531947
2390,3,3,0.9977688128732829,0.00039567542552943364,0.0005550017445747226,0.9977688128732829,0.0004974519504553409,0.0004642445694144002,0.0003188134367432047
2391,3,3,0.9966659998447748,0.0005199244443655149,0.000679255883893639,0.9966659998447748,0.0011873529377707998,0.0005221333671219217,0.0004253335220733623
2392,1,1,0.9980199760499272,0.9980199760499272,0.0003502298353308317,0.0003599032504931948,0.00038703486103031396,0.0003349037866658101,0.0005479522165526383
2394,5,5,0.9967011046281822,0.00037201449013691835,0.0013879197082928513,0.0006252670696927816,0.00033055360804104674,0.9967011046281822,0.0005831404956542186
2395,5,5,0.9966720764687597,0.0003923315837409596,0.0013863804638730238,0.0005653778446903675,0.0003607588449057692,0.9966720764687597,0.0006230747940302193
2396,1,1,0.9959453126759474,0.9959453126759474,0.00039271305715823685,0.0003766519641136383,0.0005343258526451924,0.0003483580955699676,0.002402638354565545
2398,5,5,0.996627776699166,0.00034216224851547927,0.0013208076505188005,0.0005966894849589415,0.00032269187269098654,0.996627776699166,0.0007898720441497703
2399,3,3,0.9977841201991887,0.0004387407865065441,0.0004894114887911491,0.9977841201991887,0.00040379281810880036,0.000550313643104294,0.0003336210643004429
2400,3,3,0.9976643564315189,0.0004354205553107959,0.0005126820302248444,0.9976643564315189,0.0005080840905631668,0.0004936424785042173,0.0003858144138780869
2401,6,6,0.9972351175433555,0.0007118938943564012,0.000651626671885581,0.0004639143872551302,0.0005336168096085241,0.00040383069353883903,0.9972351175433555
2404,3,3,0.9977890703759807,0.0004329872222150492,0.00049948741144048,0.9977890703759807,0.00046791056887587776,0.0004818069791585565,0.00032873744232930795
2405,3,3,0.9974029996274782,0.0005405955134711645,0.0005617292581434716,0.9974029996274782,0.0006426906360052909,0.00046312444128113634,0.00038886052362068776
2407,5,5,0.9966092554329077,0.00044281343227581217,0.0012048120216634369,0.0005872630543388154,0.000359553917986229,0.9966092554329077,0.0007963021408280819
2408,2,2,0.9966496937695728,0.0003873639669685891,0.9966496937695728,0.0006505141377794318,0.0007244445530120683,0.0008882536987634298,0.0006997298739037188
2409,1,1,0.9979348871443317,0.9979348871443317,0.00035212062036662145,0.0003263892848733629,0.0003833272009998898,0.00028682842102502315,0.0007164473284034983
2412,2,2,0.9971028905032555,0.00038214179893486245,0.9971028905032555,0.0005839389015707188,0.0006346242165927718,0.0006747986240523858,0.0006216059555937764
2413,6,6,0.9977975225921871,0.0005696776298914419,0.0004504643051573204,0.00038143337218922733,0.00042012583461323186,0.0003807762659616684,0.9977975225921871
2414,5,5,0.9958272027695524,0.0004244564973197368,0.00199584116407998,0.0008065423018187117,0.0003438230298093696,0.9958272027695524,0.0006021342374198106
2415,2,2,0.9939037460554552,0.00024648925865103507,0.9939037460554552,0.00047363971717249574,0.0005054091728540285,0.003615910335548833,0.0012548054603184647
2417,6,6,0.9973969275495721,0.0008395115573584822,0.00045383281284797696,0.00036998034237862047,0.000489101677955755,0.0004506460598870878,0.9973969275495721
2418,3,3,0.9978348185337114,0.00042951220911070846,0.0004741789961848786,0.9978348185337114,0.0004060810335565872,0.0005371309646366232,0.0003182782627999162
2419,6,6,0.9974374435968736,0.0007974701687382749,0.0005498001591480008,0.0003686750740839872,0.0004632698653607118,0.0003833411357954329,0.9974374435968736
2420,3,3,0.9978769379860676,0.00041935427228157693,0.00046085988252748787,0.9978769379860676,0.0004350195826466951,0.0004724678572517757,0.0003353604192248464
2421,1,1,0.9978648199545309,0.9978648199545309,0.00037053359771125466,0.0004064407409121547,0.0004500240778894163,0.00036519313193514297,0.0005429884970212091
2423,1,1,0.9977498442926696,0.9977498442926696,0.00042725167279466565,0.00042564461751794735,0.0004719787295481426,0.0003937384089943091,0.0005315422784754562
2424,4,4,0.9975558428200738,0.0004666876296239232,0.0004583903313633473,0.0005828085069369447,0.9975558428200738,0.00032203396837230937,0.0006142367436297257
2425,5,5,0.996535859899066,0.00042647162483494457,0.0014490268115668287,0.0006419874021411008,0.0003666448618681583,0.996535859899066,0.0005800094005229153
2426,2,2,0.9970342530273838,0.00042557510155733896,0.9970342530273838,0.0005220014413300991,0.0006234501706236058,0.0006810847155395281,0.0007136355435656101
2427,3,3,0.9976666371165084,0.0004878811208737681,0.0005150351994986177,0.9976666371165084,0.0005101643240316468,0.0004417504709201281,0.00037853176816744934
2428,5,5,0.9965352171798358,0.00047653423325496333,0.0011313198300861682,0.000674419652730897,0.00037450501853235145,0.9965352171798358,0.000808004085559775
2431,2,2,0.9970676855712064,0.00037294701063260595,0.9970676855712064,0.0005973446863337195,0.0005989479000271458,0.000758346386854824,0.0006047284449452909
2432,5,5,0.9965430673912952,0.0003924521568503936,0.0014908892870793766,0.0005598886400903971,0.0003676575278882008,0.9965430673912952,0.000646044996796432
2433,3,3,0.9977710709340037,0.0004172008968943213,0.0005265786556501761,0.9977710709340037,0.0004488824259786872,0.000516286609401236,0.0003199804780716344
2436,5,5,0.9966535422660804,0.00034537132993461785,0.001274570880324131,0.0007421538219951584,0.0003064567419912003,0.9966535422660804,0.0006779049596745289
2437,2,2,0.9973103096802882,0.000313368838740338,0.9973103096802882,0.00044763205937907045,0.0005482816063315899,0.0008547201534513895,0.000525687661809475
2439,4,4,0.9976771092058218,0.00047387306045440855,0.0003990036049889825,0.0005337670241161355,0.9976771092058218,0.0002802022392725937,0.0006360448653460772
2440,1,1,0.9978736979183053,0.9978736979183053,0.0003693405582057541,0.00042045536155121196,0.00045639885961894135,0.00037406827246258637,0.0005060390298563848
2441,2,2,0.9958803261596906,0.0003072413415551924,0.9958803261596906,0.0003971767067500478,0.0005506882381416001,0.002091411919515641,0.0007731556343467286
2442,4,4,0.9976712414409404,0.00045743954195712867,0.00042154532452105245,0.0004929334653350594,0.9976712414409404,0.000302679409669662,0.0006541608175766217
2443,5,5,0.9950703733491623,0.0002738818099007696,0.003075627485745951,0.00046607326846804945,0.0003326781560668584,0.9950703733491623,0.0007813659306561898
2446,5,5,0.9953485482361413,0.0003276345202784589,0.0022480497929685617,0.0004627036850665715,0.00033756378715413477,0.9953485482361413,0.0012754999783910455
2447,3,3,0.9739689097900399,0.0012303205683017004,0.0021188830302048254,0.9739689097900399,0.0008939328167123253,0.005744027475196674,0.016043926319544596
2449,4,4,0.9976696542183175,0.0004936644775236312,0.00040687449621119463,0.0005382416512412487,0.9976696542183175,0.00028712020628888975,0.0006044449504175206
2450,1,1,0.9979053164750266,0.9979053164750266,0.00038776527035671405,0.00039939015448323215,0.000428621428940977,0.0003646254272650232,0.0005142812439276335
2451,6,6,0.9965885547537539,0.0010566402575217474,0.0007258322198759687,0.0005554951892655364,0.0006743701300748738,0.0003991074495080312,0.9965885547537539
2452,6,6,0.996405127390232,0.0009045731301020678,0.0008738783095656126,0.0005466358867527386,0.0006647392892769274,0.000605045994070659,0.996405127390232
2453,1,1,0.9979336760859661,0.9979336760859661,0.0003755366227115045,0.0003539540966584326,0.0004145303395032712,0.0003135219522500592,0.0006087809029107672
2454,3,3,0.9977349972395961,0.00043370139285334614,0.0005176301247246456,0.9977349972395961,0.0005020236016419236,0.0004600013918378523,0.00035164624934607547
2455,2,2,0.9972482387789019,0.000326262090591013,0.9972482387789019,0.00047647927146468773,0.0005315157502617507,0.0008506677750264521,0.0005668363337542055
2456,1,1,0.9979366785791485,0.9979366785791485,0.0003450423253519033,0.00033501125529861235,0.00038571073068863996,0.00030529665680607826,0.0006922604527062843
2457,3,3,0.997892725025939,0.00040278155944273157,0.0004618496708437019,0.997892725025939,0.0003957687300654677,0.00053614962006166,0.00031072539364751647
2458,5,5,0.9964705679831712,0.00033039235773598427,0.0017727739131725138,0.0005446176496197304,0.000319762794869635,0.9964705679831712,0.0005618853014309486
2460,2,2,0.9972906243119632,0.00034483306410015683,0.9972906243119632,0.0004935837128269497,0.0005514201876999791,0.0007570496496888599,0.0005624890737209398
2461,5,5,0.9961622820341003,0.0003489627223411258,0.0013979438039923493,0.0005130770082031858,0.0003110310894331409,0.9961622820341003,0.0012667033419299163
2462,5,5,0.9959748599229387,0.00030813235863009337,0.002205725107702457,0.0005100226953167757,0.0003557116218151407,0.9959748599229387,0.0006455482935968263
2464,6,6,0.9977771830901442,0.000630012783645315,0.0004745725109320108,0.0003421681241931692,0.0003916258067384415,0.00038443768434692164,0.9977771830901442
2465,1,1,0.9979329305527109,0.9979329305527109,0.0003548464225569094,0.0003859193605860197,0.0004203353683739758,0.0003430788414529902,0.0005628894543191788
2466,2,2,0.9958845613344008,0.0003591931026778938,0.9958845613344008,0.0004973846204953917,0.0006816638039232477,0.00096081112160608,0.0016163860168965953
2467,1,1,0.9975164079798042,0.9975164079798042,0.000344494292376974,0.0003687811161971718,0.0004293225487012426,0.00028443816619473823,0.0010565558967257254
2468,5,5,0.9965016161101041,0.0003804137426972573,0.0013103750042556535,0.000795816752449171,0.0003639954852907698,0.9965016161101041,0.0006477829052030943
2470,6,6,0.9965165467187751,0.0014619442533204056,0.0006294082606219511,0.00043564608261569573,0.0005280064447054004,0.0004284482399614919,0.9965165467187751
2471,4,4,0.9975426969337644,0.0005361946888926462,0.00039622762202794133,0.0005459838200624624,0.9975426969337644,0.00028494034160325146,0.0006939565936493095
2472,6,6,0.9973284818550556,0.0007656695378974617,0.0005909632084373187,0.0004135636979207246,0.0004871565139270178,0.00041416518676187656,0.9973284818550556
2473,5,5,0.9953776206884976,0.0003409275360948126,0.002795657600799845,0.0004928604281379109,0.00034354167146063183,0.9953776206884976,0.00064939207500921
2475,3,3,0.9977044261931103,0.0004924337163900327,0.0004981827705271817,0.9977044261931103,0.0005035549882751772,0.0004600631562403937,0.00034133917545701704
2476,2,2,0.9972044587569644,0.00032377961133899863,0.9972044587569644,0.00045367407810371533,0.000517567549121875,0.0008470442642406474,0.0006534757402303481
2477,2,2,0.9968987634486395,0.00043996033747483663,0.9968987634486395,0.0005353770589354477,0.0006570990413965065,0.0007037717424510049,0.0007650283711027208
2478,6,6,0.9958827296165017,0.0018879760377188354,0.0007974993627087807,0.00040544702558115956,0.0005312916367102692,0.0004950563207792948,0.9958827296165017
2479,5,5,0.9964479326024392,0.0004075063673620779,0.0011720305913190954,0.0006848966085454717,0.00036726604301590935,0.9964479326024392,0.0009203677873182369
2482,2,2,0.9970739162019222,0.00041974550323633516,0.9970739162019222,0.0005890592623270802,0.0006486712939877964,0.0006477690171190363,0.0006208387214075519
2483,1,1,0.9977175478189095,0.9977175478189095,0.0003633717890405004,0.0003348739862718888,0.0003962647651850261,0.0002757435564601133,0.0009121980841329795
2484,6,6,0.9971811610612098,0.0006172762851355638,0.0007240698206839536,0.0006393697591786376,0.00048597400690109934,0.0003521490668909804,0.9971811610612098
2485,2,2,0.9961524702583825,0.0004142783331442905,0.9961524702583825,0.0004688573872146187,0.0006938835207767871,0.0009428481080950956,0.0013276623923866788
2486,6,6,0.9977289327806067,0.0006832158058455663,0.0004519675829320585,0.0003392467093250236,0.0003906100478967929,0.00040602707339381245,0.9977289327806067
2488,6,6,0.9978665245408569,0.0005721574150285582,0.0004254565667396064,0.0003853376659166071,0.0003794072950755695,0.0003711165163827771,0.9978665245408569
2489,5,5,0.9964656536634203,0.00038900853852719206,0.0016081432804397524,0.0005631695801460753,0.0003672282510883011,0.9964656536634203,0.0006067966863783237
2490,4,4,0.9973107213260457,0.0005211787457812283,0.0005774821410179674,0.0005194787328984851,0.9973107213260457,0.0003210298192684916,0.0007501092349881466
2491,5,5,0.9965524482908962,0.00046157280148317425,0.001268250144982002,0.0006599179342864639,0.00039574898953994604,0.9965524482908962,0.0006620618388122347
2492,5,5,0.9967116421192503,0.0003697702599208995,0.0012116613002904162,0.0006902814703855168,0.0003273721767693836,0.9967116421192503,0.0006892726733834858
2493,1,1,0.997873678763859,0.997873678763859,0.00037328120841413674,0.0004226586455883076,0.0004508962848901763,0.000379730412842142,0.0004997546844062575
2494,3,3,0.9976317074206112,0.0005091090157698054,0.00047535553099035174,0.9976317074206112,0.0005114258551094221,0.0004997671526114063,0.00037263502490776857
2495,2,2,0.9972353498670269,0.00035715038838258177,0.9972353498670269,0.000519803430029816,0.0005849794205535902,0.0006693984561693978,0.0006333184378378031
2496,2,2,0.997011183610667,0.0003461626011769971,0.997011183610667,0.0005342808486619422,0.0006099220622270576,0.0008859092371578009,0.0006125416401091793
2497,4,4,0.9976418049989431,0.00047289740327820815,0.00042676989822991657,0.0005419401585552689,0.9976418049989431,0.00027033733289766733,0.0006462502080959172
2502,1,1,0.9979601325774109,0.9979601325774109,0.00037751403710369107,0.0003669793522543677,0.0004109113242406151,0.0003162956114605437,0.0005681670975298996
2503,4,4,0.997605217792745,0.0005338227563447249,0.00041712736681199613,0.0005372850644770284,0.997605217792745,0.0003222827842295714,0.000584264235391754
2504,5,5,0.9962367557500259,0.0004283655204897253,0.0013040593079928385,0.0006502545531438876,0.00039181890874144347,0.9962367557500259,0.0009887459596061824
2505,3,3,0.9975218464016334,0.00045590607853783163,0.0005210281342720645,0.9975218464016334,0.0004250758407590505,0.0005641781678847228,0.0005119653769129633
2506,1,1,0.9977851428869489,0.9977851428869489,0.00036643555066810896,0.00035983640229067363,0.00043989842466369465,0.00027879526880290396,0.000769891466625779
2507,5,5,0.9965879791265126,0.0004247813722946706,0.001182981402572072,0.0006404850783882861,0.0003653713164801258,0.9965879791265126,0.0007984017037522765
2508,4,4,0.9975774875804273,0.0004960789806679156,0.0004277398107688509,0.0005776225584340557,0.9975774875804273,0.000297926977258179,0.0006231440924436559
2509,6,6,0.9978229238391538,0.000594941155305692,0.0004105283856626222,0.00038774972152046333,0.00039501182515738786,0.00038884507319997833,0.9978229238391538
2510,1,1,0.997936133897528,0.997936133897528,0.0003302345590550961,0.0003465263886503069,0.0003999753988928956,0.0003254460767054541,0.0006616836791680796
2513,2,2,0.9969434756229337,0.0004245602512463222,0.9969434756229337,0.0005655064268943154,0.0006733504897765181,0.000640092438696181,0.0007530147704527064
2514,3,3,0.99777640844568,0.0004458524697642718,0.00046013936664265334,0.99777640844568,0.0004686106483476393,0.0005070555890612621,0.00034193348050394555
2515,1,1,0.9979043223731362,0.9979043223731362,0.00038983183013463615,0.0003369436852093526,0.0003981344536605904,0.00030364331848586846,0.0006671243393734467
2516,2,2,0.9969794584941728,0.000297140464244204,0.9969794584941728,0.0004720811787877536,0.0005122809555483309,0.0012370799148030392,0.0005019589924438575
2517,2,2,0.9971216149192771,0.00037447013247041274,0.9971216149192771,0.0005696871569014971,0.0005973208359904258,0.0007501665257121617,0.0005867404296484796
2519,4,4,0.9976004843468489,0.0005263343276484503,0.00041350806238666163,0.0005065691017052509,0.9976004843468489,0.0003062807919637733,0.0006468233694469314
2521,4,4,0.9976292469934159,0.0005120683426790224,0.0004206300534990416,0.0004969274256091633,0.9976292469934159,0.0002911630442414218,0.0006499641405555415
2523,1,1,0.9979479252255913,0.9979479252255913,0.0003664464215825033,0.0003797740542018689,0.0004207295146983399,0.00032597423015896543,0.0005591505537671213
2525,3,3,0.9978296237972474,0.00040073159475571596,0.0004837912307892539,0.9978296237972474,0.0004859734071706702,0.0004756693111019721,0.0003242106589350381
2526,1,1,0.997988736476231,0.997988736476231,0.0003816656671674605,0.0003235568407888259,0.0003873576490121335,0.0002857604806294651,0.0006329228861712461
2527,4,4,0.9975787134681549,0.0005173943525658277,0.000439162380598989,0.0005233547008249322,0.9975787134681549,0.0003125379838378463,0.0006288371140175186
2528,6,6,0.9977734152908371,0.00069901462379087,0.0004205688879578689,0.0003500248362428524,0.0003686443622552509,0.00038833199891607026,0.9977734152908371
2530,2,2,0.9970954550390325,0.0004166133541008316,0.9970954550390325,0.0005528117121916413,0.0006360706106991902,0.0006548284366823731,0.0006442208472934776
2531,3,3,0.99771576165402,0.0004375733480083422,0.0005304205381091745,0.99771576165402,0.0004372992772231796,0.0005298476582817199,0.0003490975243576142
2532,1,1,0.997848265237554,0.997848265237554,0.0003389654715223129,0.0003233367146780319,0.0003930021747978017,0.0002572835055535783,0.0008391468958943197
2533,2,2,0.9971175384111195,0.0003366820408780359,0.9971175384111195,0.0005148391420596535,0.0005146695249527925,0.0009419285560859898,0.0005743423249040001
2535,3,3,0.9978126355995128,0.0003991151197752673,0.000503603430664237,0.9978126355995128,0.00041296478877367017,0.0005512010576809829,0.0003204800035930611
2536,2,2,0.9973401682723608,0.0003189291045564297,0.9973401682723608,0.0004994910702505721,0.0005198717289778959,0.0007237765707970176,0.0005977632530570653
2537,5,5,0.9960023462804264,0.0005059616954494086,0.001093359980616542,0.0008209921988897264,0.00038761848122603846,0.9960023462804264,0.0011897213633919146
2538,3,3,0.9978282689895589,0.00040541683849082486,0.00046304451620465717,0.9978282689895589,0.00040887996136035906,0.0005552402382001754,0.0003391494561850521
2539,6,6,0.9978621537295618,0.0005244085880420429,0.0004793096419049529,0.00036443301123600214,0.0003590479295215427,0.00041064709973363486,0.9978621537295618
2540,1,1,0.9976411621187491,0.9976411621187491,0.00040615359871720973,0.00034192822890297814,0.00040503825267143746,0.0002843270070260676,0.000921390793933191
2541,2,2,0.9956236150175853,0.0004957043400766048,0.9956236150175853,0.0008895969071396726,0.0009825012785155136,0.0010663135553517292,0.0009422689013312449
2542,2,2,0.9972817754076612,0.00036098212306001886,0.9972817754076612,0.00048625881773090365,0.000533024312616437,0.0007685503449757771,0.000569408993955739
2543,5,5,0.9966668432062328,0.0003504209143028382,0.00121928960349101,0.0007332860801293928,0.0003417987881618852,0.9966668432062328,0.000688361407682185
2544,2,2,0.9971525280595336,0.0003909508838127076,0.9971525280595336,0.0005774607299532731,0.0006094926993736674,0.0006643154728077803,0.0006052521545190602
2545,3,3,0.9977747908895245,0.0004411666062813498,0.0005083068446888709,0.9977747908895245,0.0004911659107201668,0.0004508881588768935,0.0003336815899082683
2548,2,2,0.9968518931872421,0.00032966285246428735,0.9968518931872421,0.0008245730103592592,0.0005656918108667349,0.0007616834142396684,0.0006664957248279775
2549,1,1,0.9979273989887664,0.9979273989887664,0.00035815724174702095,0.0004011096390742218,0.00042250811595150744,0.00035872197252464756,0.0005321040419362733
2551,6,6,0.997818631957897,0.0005573022301643179,0.00046836217194298275,0.0003626147673281648,0.0004165645692608973,0.00037652430340658684,0.997818631957897
2552,1,1,0.9977585033727875,0.9977585033727875,0.0003318580551486605,0.0003689898860364779,0.00046518773685156597,0.00027407091573373657,0.0008013900334420467
2554,1,1,0.9980081200455896,0.9980081200455896,0.0003529089191807821,0.00036096867147525076,0.00039584166443213986,0.00029622385832482937,0.0005859368409972393
2555,2,2,0.9970804367001229,0.0004063575969303683,0.9970804367001229,0.000563973182331097,0.0006239381938032848,0.0006358051066562003,0.0006894892201561611
2556,6,6,0.9977918026938266,0.0005604472443970117,0.0004822348882076836,0.00037000315069610543,0.00038683177186958845,0.00040868025100304823,0.9977918026938266
2557,2,2,0.9967479928891176,0.00039562720643115815,0.9967479928891176,0.000607919543617467,0.0006794627558703901,0.000742240476270175,0.0008267571286931702
2558,2,2,0.9962170801572793,0.0004590549834827674,0.9962170801572793,0.0006778071457073036,0.000639812152942969,0.0009435213946600419,0.0010627241659276622
2563,3,3,0.9978599357422968,0.0004082634570521629,0.00048812416734095933,0.9978599357422968,0.00042551420028299065,0.00048796913122982187,0.0003301933017972524
2565,5,5,0.9965698511065978,0.0003650512004462737,0.0014548642490077278,0.0005503176829493087,0.0003262043687896648,0.9965698511065978,0.0007337113922091938
2568,3,3,0.9977214442475947,0.00046676624707879923,0.0005265191218676988,0.9977214442475947,0.0004678623556185972,0.00044299822391388315,0.0003744098039263308
2570,6,6,0.9973681354297901,0.0008510065780211919,0.0005110155797402977,0.00038193409905561615,0.00046775512321215384,0.00042015319018061967,0.9973681354297901
2573,4,4,0.9975864972596299,0.0004655293345237624,0.00042678570390780796,0.0005464529432547617,0.9975864972596299,0.00030562057770592074,0.0006691141809779094
2575,6,6,0.9977209765572167,0.000601181575418137,0.0005066260167109111,0.0003684759724141574,0.00041564309899557236,0.0003870967792444716,0.9977209765572167
2576,2,2,0.9971892973661903,0.0003710077418036418,0.9971892973661903,0.0005145507545938223,0.0005971409704754332,0.0006581608808219895,0.0006698422861145819
2577,2,2,0.9941973875452851,0.0006508692291585169,0.9941973875452851,0.0010245857024006272,0.0010141673458060672,0.0008885580633393542,0.00222443211401052
2580,6,6,0.9963773548574505,0.0009607297898808578,0.000982101371718817,0.0005035974047014257,0.0006758908493677716,0.0005003257268806164,0.9963773548574505
2581,4,4,0.9976452810235771,0.0005150887688802439,0.00041820127691905224,0.0005210054609744679,0.9976452810235771,0.00029860517285126034,0.0006018182967979397
2583,3,3,0.9977869892794707,0.0004481726411510146,0.0005001730719276832,0.9977869892794707,0.0004739586668755453,0.0004570480298479235,0.0003336583107271802
2584,1,1,0.9978320154148478,0.9978320154148478,0.0003753952389803108,0.0004306284601563837,0.00044000719876738023,0.0003907292034698372,0.0005312244837783271
2585,5,5,0.9964531681998477,0.0004370391903371453,0.0013601725953544834,0.0005775479270842076,0.0003355297273414195,0.9964531681998477,0.0008365423600349917
2588,1,1,0.9979992078080518,0.9979992078080518,0.00034329213375949424,0.0003598747991267548,0.0003852843368027315,0.0003199925948487534,0.0005923483274104355
2589,1,1,0.9979276490104269,0.9979276490104269,0.0003639283470908762,0.00038555994333882795,0.00043099553301515896,0.0003429334262273414,0.0005489337399009121
2590,5,5,0.9908565297182048,0.00039234790594931554,0.003458885763361775,0.0006403859409231173,0.00039041058060140316,0.9908565297182048,0.00426144009095962
2591,4,4,0.9975585697398948,0.0005103620228453833,0.0004682470349583223,0.0005260999187860687,0.9975585697398948,0.0002992765149246646,0.0006374447685908869
2592,5,5,0.9966484509513672,0.000382608573396857,0.0013602607111878801,0.0006367509233934686,0.0003486308131108952,0.9966484509513672,0.0006232980275436824
2594,5,5,0.9957277297518574,0.0003228576815528038,0.0014617848673497886,0.0010229775890229476,0.0002997097473818007,0.9957277297518574,0.0011649403628352804
2597,4,4,0.9975983781198358,0.0005359081061843449,0.00042718295761944887,0.000514912837641564,0.9975983781198358,0.0003053261910559693,0.0006182917876629531
2598,4,4,0.9975820807962871,0.0005169428201084798,0.0003983681683498933,0.0005334482426913595,0.9975820807962871,0.00031670575934463586,0.0006524542132185324
2599,4,4,0.9976061280610048,0.00045777125411893633,0.00043814200163854746,0.0005602184513517659,0.9976061280610048,0.00031277856541303605,0.0006249616664729508
2600,4,4,0.9975706207366017,0.0004659110198687306,0.0004548025238235725,0.0005565036813031734,0.9975706207366017,0.00032121855515141763,0.0006309434832513092
2601,4,4,0.9965287851893672,0.0006249676105841745,0.0005605551888757074,0.0006292302157187744,0.9965287851893672,0.0004107438356534058,0.0012457179598007312
2602,1,1,0.997814992749747,0.997814992749747,0.0003256661034690162,0.00032540405255357673,0.00038583254545487524,0.0002738614838415425,0.0008742430649339469
2603,1,1,0.9977465650608507,0.9977465650608507,0.00032933060514761335,0.0003260486533739442,0.000379379620272405,0.00030186741477912027,0.0009168086455761942
2604,5,5,0.9965830748385434,0.00046147209598677993,0.0011247295529855875,0.0007474760868677552,0.0003777060015913673,0.9965830748385434,0.0007055414240251641
2605,5,5,0.9964428031138681,0.00048091006832812503,0.0013011074347652498,0.0006685851713941221,0.00040829548252013104,0.9964428031138681,0.0006982987291242352
2606,1,1,0.9979233766447138,0.9979233766447138,0.0003642467208835579,0.0003927795633611462,0.0004280328004499545,0.0003428979843490038,0.0005486662862425622
2608,3,3,0.9978070266790153,0.0004426099215422378,0.0005002169342059785,0.9978070266790153,0.0004452196618654115,0.0004581012492966509,0.00034682555407435366
2609,1,1,0.9978532815069495,0.9978532815069495,0.00033142273160329845,0.0003579763082899932,0.00043935992680667395,0.0003245428775160845,0.0006934166488345132
2610,5,5,0.9844082025948447,0.00037598348097079377,0.013336104378888216,0.0006695069624580118,0.0005164475893430605,0.9844082025948447,0.0006937549934951818
2611,4,4,0.9975660300754866,0.0004567620843143195,0.00046277892318497986,0.0005288549822892377,0.9975660300754866,0.00032582214069943244,0.0006597517940254271
2612,5,5,0.9963741833000512,0.00042504496825683855,0.0011783245640602734,0.0008902101486110043,0.0003352020263044496,0.9963741833000512,0.0007970349927162196
2613,2,2,0.9967812153517228,0.0004677639157816006,0.9967812153517228,0.000589061578011401,0.0006775209231572647,0.0006293409877343842,0.0008550972435923462
2614,4,4,0.9976399060414605,0.00047290506156325035,0.00043286613573671555,0.0005238304790250413,0.9976399060414605,0.00030187025899487674,0.0006286220232196957
2618,5,5,0.9951291980390077,0.0003321335726813265,0.0031980398556800582,0.0005129828198036285,0.00032331167806334176,0.9951291980390077,0.0005043340347640513
2619,2,2,0.9968444938415897,0.000286835706212537,0.9968444938415897,0.0005100652767076572,0.0006048190910711937,0.001233436153456393,0.0005203499309625609
2621,1,1,0.9975800507833843,0.9975800507833843,0.00035169173475188385,0.0003178640033877161,0.00038526984256238394,0.00026879771013297286,0.0010963259257807173
2622,2,2,0.9970949625024476,0.00037293033272005235,0.9970949625024476,0.0005083319131210142,0.000604260405872943,0.0006462662543006157,0.0007732485915378064
2623,3,3,0.9978681187354219,0.0003982532698457747,0.0004883123027762116,0.9978681187354219,0.0004504006078234266,0.00049036115410635,0.0003045539300263109
2624,3,3,0.9977960148048594,0.00044275215860235746,0.0004812876948055224,0.9977960148048594,0.0004916456894022125,0.00043003960601753195,0.0003582600463131481
2625,1,1,0.9978345675372154,0.9978345675372154,0.00033737091456156947,0.0003691479009801187,0.00038137511796901237,0.00029250500498973896,0.0007850335242841141
2627,2,2,0.9972342351898258,0.0003619143791846752,0.9972342351898258,0.0005382658878367163,0.0005801762747211097,0.0006880908861636536,0.0005973173822681607
2628,3,3,0.9978602346191117,0.000424088320394295,0.0004852355252739534,0.9978602346191117,0.00042134703065367836,0.00048403455573210665,0.00032505994883430983
2629,2,2,0.9973731444435157,0.00030185574489818785,0.9973731444435157,0.0004386974792516993,0.0005062180193968538,0.0007758224696850297,0.0006042618432525767
2631,3,3,0.9978272300254046,0.0004141305390947861,0.0004913217262526569,0.9978272300254046,0.0004192418119977381,0.0005326946256073292,0.00031538127164285393
2633,3,3,0.9977683409100033,0.0004545373058693232,0.00044366807229958964,0.9977683409100033,0.0004090256353733485,0.0005750725147371089,0.00034935556171730893
2634,4,4,0.997636858389791,0.0005280627224130824,0.00043803098836297805,0.0005399160716101026,0.997636858389791,0.00028461795452734966,0.0005725138732954891
2636,2,2,0.9971114736289983,0.00033016247866791493,0.9971114736289983,0.00046636011524751593,0.0004997195962400935,0.0010902191650374502,0.0005020650158087375
2637,1,1,0.9979443329475345,0.9979443329475345,0.0003774749067737742,0.00036017002840053885,0.0004260730434766801,0.00034541927348554077,0.000546529800329047
2639,6,6,0.9977660987628328,0.0006068462156212233,0.0004720336983575103,0.0003832123036780554,0.0004345458706947074,0.0003372631488157023,0.9977660987628328
2640,2,2,0.9971960135659004,0.0003610934269897512,0.9971960135659004,0.000494461242578218,0.0005722429217450543,0.0008004334959671155,0.0005757553468194321
2641,2,2,0.9968822762208702,0.0003091171540848282,0.9968822762208702,0.00046811416694282935,0.0005520113388048225,0.0010550679414285337,0.0007334131778687694
2642,2,2,0.9970547866804985,0.0004061019164388857,0.9970547866804985,0.0005365770039770017,0.0006214553544776579,0.0006373461618663477,0.0007437328827415877
2643,2,5,0.8748158600929877,0.0007740384657168203,0.12099729265045352,0.0010218789551592554,0.0011287521834140585,0.8748158600929877,0.0012621776522686778
2644,5,5,0.9928802379737031,0.00039197051562973547,0.0020088401141599467,0.001888214521491099,0.0003309584706977265,0.9928802379737031,0.0024997784043184652
2646,1,1,0.997968085554831,0.997968085554831,0.00034189482669356444,0.0003752869633074996,0.00042043597137943135,0.0003409998256388235,0.0005532968581497523
2647,2,2,0.9971738752595788,0.0002890992876938199,0.9971738752595788,0.0004298704536545059,0.0005130712983410598,0.0010601652103565632,0.0005339184903752107
2648,6,6,0.9972598373044794,0.0007483489909433985,0.0006142225355083428,0.0004338302454986574,0.000465156152846418,0.0004786047707237201,0.9972598373044794
2649,4,4,0.9976033961166934,0.0004645739018750624,0.0003839039983900815,0.0005265482046645133,0.9976033961166934,0.00030620195777813234,0.0007153758205988667
2650,2,2,0.9916895600174227,0.0003259566529569314,0.9916895600174227,0.0006671699430841122,0.0006651726051730303,0.006004593108737857,0.0006475476726251453
2651,3,3,0.997814795538373,0.0004398328111983997,0.0004958951717425401,0.997814795538373,0.00043372057011623673,0.0004958316089754833,0.00031992429959428246
2652,6,6,0.9977731618009894,0.0005296588912903591,0.0004341086245091436,0.00041633034504028694,0.0003808711675242529,0.00046586917064660594,0.9977731618009894
2653,1,1,0.9979052115722075,0.9979052115722075,0.00038304281372656074,0.0003815549388436645,0.0004113750970383905,0.0003455088611445266,0.0005733067170395265
2654,2,2,0.9972112619129155,0.00035085215846316937,0.9972112619129155,0.0004925391902404372,0.000567324499289535,0.0007510063736794517,0.0006270158654119097
2655,4,4,0.9976273677581394,0.000506093634436919,0.00040675928753351607,0.0005249448266500335,0.9976273677581394,0.00029851040781191465,0.0006363240854281598
2656,4,4,0.9976127635451686,0.00045900727188948704,0.0004407066659881733,0.0005490979215387636,0.9976127635451686,0.0003121748020771678,0.0006262497933377644
2657,3,3,0.9978509859672208,0.0004228078640845014,0.0004398464683137405,0.9978509859672208,0.0004338118183427297,0.0004973041218942672,0.00035524376014403397
2659,2,2,0.9973136674680306,0.0003320949766943988,0.9973136674680306,0.00044916963053894074,0.0005151923889193362,0.0008876514628124744,0.0005022240730042796
2660,5,5,0.9965772521188363,0.0003960176266049163,0.0013361632811856657,0.000725577650584415,0.0003446787643423688,0.9965772521188363,0.0006203105584464091
2662,3,3,0.9978892054382676,0.0004071738741426537,0.0004503124441001464,0.9978892054382676,0.0004124031630075751,0.000509986180455519,0.0003309189000264933
2665,3,3,0.9978602226186571,0.0004197027545948986,0.000458952378197313,0.9978602226186571,0.0004110154080238051,0.0005242408166597818,0.0003258660238670837
2667,5,5,0.9965515004172911,0.00038687782429615134,0.0014082559895593153,0.0006056478515738544,0.0003634285482669119,0.9965515004172911,0.0006842893690126877
2668,6,6,0.9978092063068204,0.0005269286207284716,0.000495643691792689,0.0003859297042974636,0.00041960321364287623,0.0003626884627181548,0.9978092063068204
2669,5,5,0.9965815976300334,0.00038200432854260883,0.0011535234326805006,0.0007399332704353641,0.0003354966701719788,0.9965815976300334,0.0008074446681361228
2670,2,2,0.9967666229372222,0.0004437318429313308,0.9967666229372222,0.0006319085548385097,0.000721069123292682,0.0006528005635778992,0.0007838669781373809
2671,1,1,0.9978299129736159,0.9978299129736159,0.0003688632344334321,0.0004136410173691295,0.0004462556118052312,0.00039495976450093826,0.0005463673982753468
2672,3,3,0.9978124242173245,0.0003963151091738759,0.0005355299981591381,0.9978124242173245,0.00045095720346630136,0.0004792274720750999,0.0003255459998010245
2673,3,3,0.9978179664191675,0.00041193347166979726,0.0005182254142718657,0.9978179664191675,0.0004305287837866824,0.0005227229460244376,0.0002986229650797183
2675,5,5,0.9966914566465384,0.0004089482791287175,0.0011770198949879562,0.0006840220243352631,0.00036773507277573645,0.9966914566465384,0.0006708180822340002
2677,4,4,0.9976644998567179,0.0004723879911793874,0.0003911922875023907,0.000554508381802383,0.9976644998567179,0.00029508698179952814,0.0006223245009984624
2678,2,2,0.9970409951084481,0.00039327970931543865,0.9970409951084481,0.0005651499179219467,0.0006006982119704169,0.0007973718416256746,0.0006025052107185084
2679,5,5,0.9965611657358823,0.0004778327105426182,0.0011306595456552747,0.0006866421701572722,0.00038420687598587856,0.9965611657358823,0.0007594929617767333
2682,1,1,0.9976289873000369,0.9976289873000369,0.00033544804334428537,0.0003084384372031495,0.0003773743521316789,0.00031707694885184845,0.001032674918432103
2683,3,3,0.9977826924173481,0.0004707174004962712,0.00048212907113848364,0.9977826924173481,0.00042462170401097075,0.0004941132723591519,0.00034572613464713294
2685,6,6,0.9976038281589069,0.000584931924498609,0.0005617738321092612,0.0003745989213006747,0.0004084711813597962,0.0004663959818247462,0.9976038281589069
2686,3,3,0.9978048316598652,0.0004283872306135107,0.0004980272552564402,0.9978048316598652,0.00043501717057694845,0.00047312849146570696,0.0003606081922222202
2687,1,1,0.9978732462525856,0.9978732462525856,0.00031796469260042195,0.0003457229091024285,0.0003996478572511793,0.00031280798830274375,0.0007506103001576787
2688,4,4,0.9975613477868737,0.00047431968420662344,0.00046475730159347133,0.0005254600564855992,0.9975613477868737,0.0003014641374205429,0.0006726510334201431
2689,4,4,0.9976411332287479,0.0005011275279010386,0.000401957717127739,0.000534134528867371,0.9976411332287479,0.0003010303261609869,0.00062061667119499
2693,1,1,0.9980085909523287,0.9980085909523287,0.000346676839346026,0.0003668421276132617,0.0004068344303121871,0.0003189405385148,0.0005521151118850516
2694,1,1,0.9979033245828901,0.9979033245828901,0.00034596061778575146,0.0003190593108286773,0.0003664476742512399,0.0002798315147887247,0.0007853762994555229
2695,2,2,0.9955290417112652,0.00045303822014522487,0.9955290417112652,0.0005607249589178242,0.0007783632384455179,0.0007345542299772665,0.0019442776412490676
2700,6,6,0.997845105162687,0.0005414864560605343,0.0004822689182783591,0.00033246942881577115,0.0003670308404469886,0.00043163919371134513,0.997845105162687
2701,6,6,0.9978387355059792,0.0005440081260767561,0.00046906448656438383,0.00034287412695684674,0.00038349134300152336,0.0004218264114212572,0.9978387355059792
2703,4,4,0.9976059833887653,0.00045640525422848083,0.00042223066529794055,0.0005067584287766394,0.9976059833887653,0.0002888028523408846,0.0007198194105907515
2704,3,3,0.9977995789578482,0.0004256027110473797,0.0004666823653407164,0.9977995789578482,0.0004690096243258657,0.0004528940456145738,0.00038623229582335954
2706,5,5,0.9963396257268913,0.0005332673089845338,0.001185530642553376,0.0007283510541920871,0.00040834277553478647,0.9963396257268913,0.0008048824918439451
2707,6,6,0.9963886326331567,0.001044932011201788,0.0009299730497985217,0.0006013342978754846,0.0006075274181179293,0.0004276005898496009,0.9963886326331567
2708,5,5,0.99597432548926,0.00033490696163373233,0.0021545823341539536,0.0006648265164397278,0.0003187418216740559,0.99597432548926,0.000552616876838531
2711,4,4,0.9976275188401014,0.0004471844709095559,0.000407062426514528,0.0005551841250637457,0.9976275188401014,0.0002990011013459175,0.0006640490360649039
2713,4,4,0.9976474853840692,0.0004836900436681073,0.0004107745858675662,0.0005364647481476967,0.9976474853840692,0.0002850605293421251,0.0006365247089052999
2714,1,1,0.9979664702170709,0.9979664702170709,0.000336544579839825,0.00035922592390798036,0.0003833221216771324,0.00031956400712128386,0.000634873150382961
2717,1,1,0.9977915042214376,0.9977915042214376,0.0003546748397932711,0.00033803845042809806,0.0005208261299687314,0.0002726619938081695,0.0007222943645641746
2718,5,5,0.995188556130318,0.0005374881296870913,0.0010865524835090659,0.0018762407497812886,0.00041991082780322637,0.995188556130318,0.0008912516789013454
2719,4,4,0.9976049485689553,0.0005266354326408743,0.0004174989807359996,0.0005330119653661604,0.9976049485689553,0.0003002916875418519,0.0006176133647597832
2720,4,4,0.9976328671185873,0.0004915245838129795,0.00041776758985536067,0.0005482879383765195,0.9976328671185873,0.00030276851793664726,0.0006067842514311649
2721,3,3,0.9977230465365555,0.0004784203791887763,0.0005140522280483397,0.9977230465365555,0.0005059684062794001,0.00042709251436557326,0.000351419935562434
2723,5,5,0.9963273121278786,0.0005648719218238192,0.0011878943429761498,0.0007849907627427914,0.0003672888164676954,0.9963273121278786,0.0007676420281110195
2724,2,5,0.9928320390398092,0.0003629438339248888,0.005372186232296616,0.0005524785313182057,0.00038957523828790793,0.9928320390398092,0.0004907771243631689
2725,6,6,0.9977651871947952,0.0005827951848966937,0.0004920749943551396,0.0003580471397781535,0.0004042521483540921,0.0003976433378206563,0.9977651871947952
2726,4,4,0.9975672578206719,0.0005147072173027934,0.00044507403550327784,0.0005492600401972242,0.9975672578206719,0.00031335604108239783,0.0006103448452423962
2728,5,5,0.9964028843308972,0.00033876803049577434,0.0013278390883327443,0.0005831045010853623,0.0003124230419398652,0.9964028843308972,0.0010349810072490635
2730,2,2,0.9963047921447227,0.00046725774157734294,0.9963047921447227,0.0006883673532864216,0.0008179610540854659,0.0008111278244717783,0.0009104938818563782
2731,3,3,0.9978235405352511,0.0004103536746908886,0.0004972406631406413,0.9978235405352511,0.0004186497511963885,0.0005368834587995427,0.0003133319169214099
2732,3,3,0.9978125333793153,0.0004132771874953593,0.0004926399684844214,0.9978125333793153,0.0004552771931832963,0.0004737346995859736,0.0003525375719356839
2733,5,5,0.9966270968573284,0.0004211394717357069,0.0012595902719545553,0.0005875999367294714,0.00039420518619886726,0.9966270968573284,0.0007103682760529652
2734,2,2,0.9972920125666553,0.00030726078140380593,0.9972920125666553,0.00041089380808014393,0.0005178769472781727,0.000870720347610644,0.0006012355489720131
2735,4,4,0.9975514810566852,0.0004480171150001141,0.0004391861700585284,0.000569110424148312,0.9975514810566852,0.00030542716669808084,0.0006867780674097643
2736,4,4,0.9960455922261496,0.0006861318681783677,0.0007641940507032442,0.0006103587020622778,0.9960455922261496,0.0005739224502782196,0.0013198007026283046
2737,6,6,0.9977397957612159,0.0005266691462187348,0.0005084183668987843,0.00038804402144154004,0.00043241700209746716,0.0004046557021276054,0.9977397957612159
2738,4,4,0.9975210882557817,0.000474950756131783,0.0004385312083935689,0.0004990850518716534,0.9975210882557817,0.000299134032168278,0.0007672106956529984
2739,5,5,0.9964928149874921,0.00041642628408545797,0.0012449164790571598,0.0006109027963384913,0.00036520266875546357,0.9964928149874921,0.0008697367842714327
2740,2,2,0.9971750167564105,0.0003962064481500382,0.9971750167564105,0.0005360322686987424,0.000600481706498551,0.000655459245235189,0.0006368035750070488
2741,2,2,0.997156201627656,0.0004116956010085243,0.997156201627656,0.00053220419462201,0.0006151523182596734,0.0006682849081876747,0.0006164613502661795
2743,1,1,0.9979413324261885,0.9979413324261885,0.00037266413626966817,0.00036927013481462083,0.0004149660307008838,0.00033345350524385526,0.0005683137667824741
2744,3,3,0.9978474463047995,0.00039122854673345346,0.0004871686437964321,0.9978474463047995,0.00045332479264526747,0.00048678130095987924,0.0003340504110654505
2745,5,5,0.9964562726044777,0.00047023559694883715,0.0013307474746654243,0.000690346106106204,0.00039956095627827226,0.9964562726044777,0.0006528372615235676
2746,4,4,0.9976449220116337,0.0005139247346096015,0.00041049547539561115,0.0005111303592070967,0.9976449220116337,0.00031136540525907405,0.0006081620138948869
2747,5,5,0.9966799798347146,0.0004145591638398751,0.0011006026303872595,0.0007482716735312651,0.00035387572990473075,0.9966799798347146,0.0007027109676222907
2749,4,4,0.9976119769463757,0.0005132548247282594,0.00043925724036254966,0.0005042469576514007,0.9976119769463757,0.0002915250247019373,0.0006397390061801542
2751,4,4,0.9976206499664793,0.0005181886412574257,0.00041914862558280094,0.0005368270254655986,0.9976206499664793,0.000297557361183728,0.0006076283800312203
2752,3,3,0.9978450214997147,0.0003969355366895849,0.0005014779017926563,0.9978450214997147,0.00044537016466418235,0.0004825819762859663,0.00032861292085298695
2753,3,3,0.9977713835514849,0.0004167087614042035,0.0005113945232436111,0.9977713835514849,0.00048556333117867064,0.0005040529655866041,0.0003108968671020606
2754,6,6,0.9977342765334228,0.0004684396113869718,0.0005810742547464008,0.0004454254380425968,0.0003822842433159707,0.0003884999190852421,0.9977342765334228
2756,1,1,0.9979641266561333,0.9979641266561333,0.00033038273830647265,0.000354192840685515,0.00039268285493422773,0.0002909293000897392,0.0006676856098507833
2757,6,6,0.997291089161834,0.0007507413849540025,0.0005029798209209643,0.0004255112111952165,0.0005553235288425982,0.00047435489225322743,0.997291089161834
2758,3,3,0.9975184337771819,0.00044750242403777165,0.0005417527937388091,0.9975184337771819,0.0006914937497037339,0.00043747260364179096,0.0003633446516958633
2760,4,4,0.9976637805821409,0.0004903213334616249,0.000419599292700721,0.0005122645722391571,0.9976637805821409,0.00029475714076942133,0.0006192770786882199
2763,5,5,0.99591136196085,0.000543240400751326,0.0012143268276435123,0.0006673790063375323,0.0003852158269405827,0.99591136196085,0.001278475977477085
2764,4,4,0.9976359788334143,0.0004819880799660298,0.00042670757149863565,0.0005179737985310232,0.9976359788334143,0.00030104338521114984,0.0006363083313788501
2765,1,1,0.9980099543678024,0.9980099543678024,0.00035700131231970896,0.00032960800198640833,0.0003796196737266153,0.0002918188327819272,0.0006319978113829249
2767,1,1,0.9979089583615809,0.9979089583615809,0.0003809322693738258,0.00039124428046152966,0.0004103183781327472,0.00034877591248925723,0.0005597707979617654
2768,2,2,0.9968135369219232,0.0002936911657414858,0.9968135369219232,0.0004274864592717235,0.0005595892194384534,0.0013552041154431364,0.0005504921181820675
2769,4,4,0.9975058402717498,0.0004579236540850501,0.0004569987925639184,0.0005419325298028948,0.9975058402717498,0.00031762826149221284,0.0007196764903060838
2770,2,2,0.9973690809938017,0.00028119062454064566,0.9973690809938017,0.0004765285846291388,0.00048475094084955266,0.0008849017588360124,0.0005035470973428949
2771,2,2,0.9966218754040806,0.0003973534443363971,0.9966218754040806,0.0006072275745519337,0.0006868942486190644,0.0007006291033005327,0.0009860202251113863
2772,4,4,0.9975478171255079,0.0004884826542929641,0.0004095523084597601,0.0005132320863452466,0.9975478171255079,0.00031885199510063865,0.0007220638302934815
2773,4,4,0.9976625051800079,0.0004696317277902146,0.0004202607425372014,0.0005277352016578998,0.9976625051800079,0.00029468084724268233,0.0006251863007641569
2776,2,2,0.9959982015580123,0.00046364861224723164,0.9959982015580123,0.000598160221844516,0.0007239775282936145,0.0011807275436204181,0.001035284535981871
2778,5,5,0.9965834818911355,0.00038934963144406076,0.0013801134808939404,0.0005831158838228814,0.00035169844403101655,0.9965834818911355,0.0007122406686726158
2779,6,6,0.9960967636587047,0.0005400579979272916,0.0008568651749010531,0.0014871302601276366,0.0004874422028614118,0.0005317407054779511,0.9960967636587047
2781,2,2,0.9971091729890232,0.00039553999635119554,0.9971091729890232,0.000548858925887171,0.0006119326927057057,0.0006490057943772279,0.0006854896016554635
2783,6,6,0.9957308417767295,0.0011412925367258401,0.00133188677498001,0.0004933950961691287,0.0005069574232874457,0.0007956263921080586,0.9957308417767295
2784,1,1,0.9979973012725488,0.9979973012725488,0.00033847515868898174,0.0003545350901306215,0.00038626388481390403,0.0002996640918371902,0.000623760501980478
2785,2,2,0.9971632478077554,0.00031212639079530516,0.9971632478077554,0.0004535720562078049,0.0005430988448883213,0.0008742375750864014,0.0006537173252667523
2786,5,5,0.995439677871159,0.0006177474672615253,0.0011003022910702044,0.0016971142677771932,0.000391130731152807,0.995439677871159,0.0007540273715794121
2788,1,1,0.9977783133005883,0.9977783133005883,0.0003264794219022097,0.00031536039126437815,0.0003773948539775267,0.0002801243270333178,0.000922327705234385
2789,1,1,0.9978700591916339,0.9978700591916339,0.0003522403030410858,0.00034867153324450394,0.00042419524353209584,0.0002921981129893698,0.0007126356155591125
2792,1,1,0.9979181592672999,0.9979181592672999,0.0003545228869854009,0.00031633572306068544,0.0003853855192179911,0.00027704063455067805,0.000748555968885398
2793,6,6,0.9977108536597452,0.0005940987788657324,0.0004699307167844166,0.0003959200520835111,0.00044371253033839437,0.00038548426218270996,0.9977108536597452
2794,1,1,0.9975016626049037,0.9975016626049037,0.0003449290495051911,0.000327384911413087,0.00042250431938005797,0.0002890785083080539,0.0011144406064898887
2795,4,4,0.9975910363582936,0.0005113006427238607,0.0004363772827711005,0.0005251152417562898,0.9975910363582936,0.00030361686905679163,0.0006325536053984295
2796,3,3,0.9978605732310837,0.00042983616623671445,0.0004633441947970225,0.9978605732310837,0.0004389171150578215,0.0004817399417361628,0.000325589351088657
2797,2,2,0.9961321607903583,0.0002708059430232983,0.9961321607903583,0.00045611707246606117,0.0004802982263420578,0.002198571425585375,0.00046204654222494433
2799,3,3,0.9978346469057459,0.0004167721590809334,0.0004855417763473405,0.9978346469057459,0.0004695575448216884,0.00047610241437251677,0.00031737919963168614
2800,4,4,0.997204363288055,0.0005045603611212829,0.00045331008729680266,0.0005233848932825853,0.997204363288055,0.00034312374189361444,0.0009712576283507947
2802,4,4,0.9975321567481283,0.0004795133841253589,0.0004769581838508819,0.0005629958714199934,0.9975321567481283,0.0003234014041321321,0.0006249744083432805
2803,4,4,0.9974423925028477,0.00047842859809562205,0.0004906921667885936,0.000540221008633139,0.9974423925028477,0.00030180099679638384,0.0007464647268385512
2805,4,4,0.9976473509793878,0.0004844577083610354,0.000450334256829104,0.0005038251993850011,0.9976473509793878,0.0003116311791822995,0.0006024006768546695
2807,6,6,0.9974923610622884,0.0007174506385403694,0.00048635730641008115,0.0004016117312255285,0.00048597828725322324,0.0004162409742823289,0.9974923610622884
2808,2,2,0.9973100497551604,0.00030250174559364016,0.9973100497551604,0.000433382966153307,0.0005136961123419715,0.0009311252044390008,0.0005092442163115492
2810,4,4,0.9976063107049475,0.0005121845310618404,0.00039408931721413774,0.0005293163247608568,0.9976063107049475,0.00030553512901854943,0.000652563992997108
2811,5,5,0.9957056743294436,0.0003292382786621642,0.0024371000721416826,0.0005518093295885796,0.00033704366413592153,0.9957056743294436,0.0006391343260281763
2812,6,6,0.9977174185734421,0.0005871598946072654,0.00047881591779032925,0.000396773885324859,0.000439137970464344,0.00038069375837108076,0.9977174185734421
2813,6,6,0.9977484082349094,0.0005491639459056741,0.0005000673568265913,0.0003813985576402893,0.0004225431364371883,0.0003984187682809016,0.9977484082349094
2815,3,3,0.9977760145807465,0.0004604131037721955,0.0004874688082933336,0.9977760145807465,0.0004758111825864044,0.0004594148424640848,0.0003408774821375216
2816,1,1,0.9979333558954272,0.9979333558954272,0.000365836126691364,0.00037998405119746157,0.0004240090066701558,0.0003248674516688452,0.0005719474683449845
2817,4,4,0.997518226103066,0.0004384176767496792,0.0004431678586486422,0.0005738861764475676,0.997518226103066,0.00031568102660033755,0.0007106211584878587
2818,1,1,0.9978451734338614,0.9978451734338614,0.0003577836616546233,0.0003371149361600746,0.000390786328569082,0.000289367308301676,0.000779774331453248
2821,6,6,0.9972610934826044,0.0005056709867061348,0.0007509640765283815,0.00040905639325474066,0.0004340431096991088,0.0006391719512072226,0.9972610934826044
2823,1,1,0.9978780039866343,0.9978780039866343,0.0004191082256237769,0.00035714052882619126,0.00041248268088179283,0.0003506846885075837,0.0005825798895263325
2825,3,3,0.9978423330881269,0.00042239271886556755,0.00046470602216723214,0.9978423330881269,0.0003908942536725576,0.0005478785140585154,0.0003317954031093524
2827,2,2,0.9969413542573021,0.00029979671395075226,0.9969413542573021,0.00040610994714566776,0.0004916007000186829,0.001362579829049955,0.0004985585525328966
2828,4,4,0.9976822146543555,0.00048272390309959067,0.0004003433572364244,0.0005467073647422141,0.9976822146543555,0.0002907278833655244,0.0005972828372008659
2829,5,5,0.9967500474119976,0.00039462718076214965,0.0011923711882665308,0.0006206601705519738,0.00034234962639433515,0.9967500474119976,0.0006999444220274362
2830,5,5,0.9962925773979038,0.00046611664064860473,0.001151571780467247,0.0006990982869372101,0.0003930508393784833,0.9962925773979038,0.0009975850546646682
2831,5,5,0.9966323566827117,0.00038689169624992625,0.001400982904138156,0.0005300309642938889,0.00035257321746926136,0.9966323566827117,0.000697164535137077
2833,2,2,0.9969450384423503,0.0004185572928648654,0.9969450384423503,0.0005853861076545297,0.0006823503573039697,0.0006261025441295739,0.0007425652556967566
2834,1,1,0.9979638737630236,0.9979638737630236,0.0003695767255927815,0.00036790124723022296,0.00042675684485920097,0.0003291454527707216,0.0005427459665235114
2835,3,3,0.9977789376892576,0.0004068160428960233,0.0004533291146710815,0.9977789376892576,0.00044243729731849925,0.0006060362123767846,0.00031244364347994297
2836,1,1,0.9979743451221751,0.9979743451221751,0.0003720072888230862,0.00037322880570217097,0.0004050789029910631,0.0003084969676369092,0.0005668429126716934
2837,5,5,0.9962838255587336,0.0003329228481176461,0.0019651912080701998,0.0005113492351831518,0.00032463465931057095,0.9962838255587336,0.0005820764905848297
2839,2,2,0.9972580447459138,0.000360874028523562,0.9972580447459138,0.0004859035142282409,0.000567252919204642,0.0006775571458370727,0.0006503676462926223
2840,5,5,0.9966103548262985,0.00034477110996232,0.0011942262199048615,0.0008559945369939628,0.00032329242463254574,0.9966103548262985,0.0006713608822079103
2842,1,1,0.9978552679352293,0.9978552679352293,0.0003709766396596507,0.00031276717303302376,0.00037761836674607565,0.0002833530659951752,0.0008000168193368201
2843,3,3,0.997846429272089,0.0004326876357072739,0.00045215812864125756,0.997846429272089,0.0004021573954487823,0.0005233494203623738,0.00034321814775132165
2844,6,6,0.9978200602333231,0.0005791791134966439,0.0004877358931230722,0.00035314068351381147,0.00039373473698680635,0.00036614933955652897,0.9978200602333231
2845,6,6,0.9977758777990278,0.0005130063638716966,0.0005347920949161973,0.0004142786887925778,0.0004081290492622539,0.00035391600412949174,0.9977758777990278
2846,3,3,0.9978630896079831,0.00041639925217049767,0.000471699300163455,0.9978630896079831,0.00043424796369964587,0.0004882904932665878,0.0003262733827166867
2847,3,3,0.9978165613178112,0.0004288196430011574,0.0004911199792246333,0.9978165613178112,0.00043784526576095764,0.00044578939005322565,0.00037986440414881846
2848,3,3,0.9978125392157938,0.00042347820803973385,0.00048168688931863295,0.9978125392157938,0.00046662504542883243,0.0004439649769841986,0.00037170566443479587
2849,6,6,0.9979226897719938,0.0005117846738236599,0.00042980596698157295,0.00035834998256857267,0.00037974997027915463,0.0003976196343532228,0.9979226897719938
2851,1,1,0.9979698899593541,0.9979698899593541,0.00035319643265738004,0.00037906578198382957,0.0004234749131516334,0.0003390504564688749,0.0005353224563840183
2852,2,2,0.9968965718547973,0.0003689009709493556,0.9968965718547973,0.0006024630094425876,0.0006602427896949368,0.0006679204388892292,0.0008039009362267374
2853,1,1,0.997997276583835,0.997997276583835,0.00035948546855694025,0.0003179271755492952,0.00037386421674692906,0.00028871120650412807,0.0006627353488077902
2854,3,3,0.9976427455446678,0.0004413619737168981,0.000534474987053485,0.9976427455446678,0.0005642443618292021,0.00042228610220488915,0.000394887030527772
2856,2,2,0.9960637083340835,0.0004147788024839787,0.9960637083340835,0.0006469109401004957,0.0007355226688153535,0.0010469598292241534,0.00109211942529232
2857,6,6,0.997763985344874,0.000548785607283975,0.00049963709597287,0.0003811885230561595,0.00041771330619036874,0.00038869012262268064,0.997763985344874
2858,4,4,0.9976197862121795,0.0005109286203303726,0.00045624074221268813,0.0004933677165589286,0.9976197862121795,0.0003107050155965372,0.0006089716931219954
2861,2,2,0.9970532440111692,0.000367271036582464,0.9970532440111692,0.0005021831494196644,0.0005909770133702573,0.0007153263859367142,0.0007709984035216093
2862,3,3,0.9977928001053296,0.00042857394588189637,0.000503649796606704,0.9977928001053296,0.00044693447274755525,0.0004866112237172523,0.00034143045571698264
2865,2,2,0.9970782788319975,0.00031515626397721886,0.9970782788319975,0.0005164332580689541,0.0005669286939018592,0.0009576561079940059,0.0005655468440604484
2867,6,6,0.9972982182963057,0.0007288460891900332,0.0005772516230532735,0.00040865030385025137,0.0005205748797131694,0.0004664588078875866,0.9972982182963057
2868,2,2,0.9973348586810159,0.00029792524878215096,0.9973348586810159,0.0004828566846536052,0.0005056051689753158,0.0008798385045600612,0.0004989157120129902
2869,1,1,0.9968397809108456,0.9968397809108456,0.0003935755306201005,0.00033588006690891704,0.000439407254174823,0.0002782706341222187,0.0017130856033283513
2870,1,1,0.9976940394504845,0.9976940394504845,0.00034384925901404087,0.00032433979800293244,0.00038347525781405806,0.00030738463458056996,0.0009469116001038508
2873,1,1,0.9975212786269336,0.9975212786269336,0.000349492611306894,0.00031377219757806814,0.00037715589104793656,0.00025677472888634053,0.0011815259442471268
2874,2,2,0.9970083802647628,0.0003924770381676125,0.9970083802647628,0.0004961795613079939,0.0006218644959359297,0.0006500305975225964,0.0008310680423031272
2875,1,1,0.9977399595439199,0.9977399595439199,0.00032122865482613636,0.0003210923615814871,0.00046421784717763035,0.0002664153418924894,0.0008870862506023536
2876,3,3,0.9976594054478735,0.0004740329838704407,0.0005062682144413,0.9976594054478735,0.0005393187015761629,0.0004282284114052347,0.00039274624083342967
2877,1,1,0.9978378879435551,0.9978378879435551,0.0003714250653635474,0.0004026340318086766,0.00043696633379913314,0.00032673098557896887,0.0006243556398946318
2878,3,3,0.9978633869097089,0.0004174789292704046,0.0004799167393358232,0.9978633869097089,0.00038588547252338667,0.0005473377650372302,0.0003059941841242527
2879,3,3,0.9977929475393389,0.0004306655850631777,0.0004929185903702958,0.9977929475393389,0.0004676277694529166,0.00046106046108336,0.000354780054691318
2881,1,1,0.9978895877619793,0.9978895877619793,0.00036149435912545644,0.0003199400792659322,0.0003774250703751935,0.0003169193923134586,0.0007346333369406363
2882,2,2,0.9967098283947304,0.00044342378018088986,0.9967098283947304,0.000605788841493054,0.0007725033829763721,0.0005969221848788484,0.0008715334157402106
2886,5,5,0.9966719242878981,0.00042260947146321244,0.0013682103616428647,0.0005352057158565997,0.00032700966252010514,0.9966719242878981,0.0006750405006191967
2887,4,4,0.9976466900778823,0.0004956873306583939,0.00041840650812474743,0.0005138754191817978,0.9976466900778823,0.0002949649468419712,0.0006303757173107382
2888,2,2,0.9970767520360797,0.00042525361736609277,0.9970767520360797,0.0005422622210391037,0.0006235188934955209,0.0006382063161914088,0.0006940069158281704
2889,4,4,0.9976239666603318,0.0005159194046329113,0.00041165470058992463,0.0005052757265240622,0.9976239666603318,0.0002988095762629757,0.0006443739316584433
2890,2,2,0.9973343352139667,0.00034592296846044,0.9973343352139667,0.0004720497404750111,0.000537417873308315,0.0007520530876331234,0.000558221116156346
2892,4,4,0.9975385944312296,0.0004703718718108321,0.00046661191874535374,0.0006053430430045112,0.9975385944312296,0.00029307459134895276,0.0006260041438607142
2895,5,5,0.9966094258924237,0.00042018764825910344,0.0012041259040316222,0.0006288311994473545,0.0003533679326580597,0.9966094258924237,0.0007840614231801082
2896,3,3,0.9978191032483671,0.0004277083658349705,0.0004965589217635564,0.9978191032483671,0.0004498785878617337,0.0004888543808548263,0.0003178964953178485
2897,5,5,0.9963015499433028,0.00040380276194716946,0.0013291983874537455,0.0006354344775254717,0.0003199119586574637,0.9963015499433028,0.0010101024711133256
2899,2,2,0.997329612935973,0.0003311587564768751,0.997329612935973,0.000450038855012887,0.000523894104558107,0.0008051392087125577,0.0005601561392665849
2902,1,1,0.9978751146769932,0.9978751146769932,0.0003569147603118155,0.0004280021106183066,0.00045922126258470696,0.0003531861234425706,0.0005275610660493679
2905,2,2,0.996952099478969,0.0003000276174990153,0.996952099478969,0.00043001161629965806,0.0005042477493475803,0.001350857142331611,0.00046275639555319186
2906,5,5,0.9964256176321333,0.00044161520024369995,0.001524472101402084,0.000588946888062813,0.00037261336180752203,0.9964256176321333,0.0006467348163505322
2907,3,3,0.9977571355961042,0.00042657058607892517,0.0004880598857704118,0.9977571355961042,0.0004916478646210533,0.0005145310450618747,0.00032205502236347985
2908,3,3,0.9978559853400482,0.00039227502782629594,0.0004405132018816779,0.9978559853400482,0.0003707632802724033,0.0006357316313587961,0.0003047315186126206
2909,4,4,0.9976114611564546,0.0004778976712138006,0.0004463856133797734,0.0005175359846425709,0.9976114611564546,0.0003076013995801326,0.0006391181747291649
2911,5,5,0.9965974948118399,0.00042834865228677765,0.001126751896735882,0.0007191888780742814,0.0003704524950879635,0.9965974948118399,0.0007577632659752592
2913,5,5,0.9960399504036789,0.00040044855267740083,0.0017440853937772725,0.0005385578064987581,0.00032562042450590785,0.9960399504036789,0.0009513374188617909
2915,1,1,0.9979851225548494,0.9979851225548494,0.00034102794528380163,0.0003412989601524626,0.0003796884258458685,0.00030301729504684887,0.0006498448188216095
2916,3,3,0.9974830248485997,0.0005300939982512122,0.000532060602184618,0.9974830248485997,0.0006172540871424131,0.00041664613774730906,0.0004209203260747227
2917,1,1,0.9978592059948088,0.9978592059948088,0.0004039179580842171,0.00040532466266219555,0.00044889851130466753,0.0003468335871224668,0.0005358192860176228
2918,2,2,0.9971760068644202,0.0003862973243644138,0.9971760068644202,0.0005217279932433063,0.0005898492388366353,0.0006719825246563087,0.0006541360544791473
2922,2,2,0.9971852817463589,0.00038461967698310396,0.9971852817463589,0.0005387463625031836,0.0005929607510873395,0.0006791893567405891,0.0006192021063268669
2923,4,4,0.9976562348688273,0.0004583197627651949,0.0004189639330634724,0.0005547732046814623,0.9976562348688273,0.00027472974273896894,0.000636978487923437
2924,3,3,0.9976891977110932,0.0005044201721168608,0.0004991270005262295,0.9976891977110932,0.0004993388181938013,0.0004411380286672815,0.0003667782694026649
2925,1,1,0.9979334299277786,0.9979334299277786,0.00035446627632147374,0.0003888805386567994,0.00042389861818812756,0.00032035745869969916,0.0005789671803551127
2926,6,6,0.9978618889702503,0.0005194994566544662,0.0004554265028962415,0.00039896414234449966,0.00037766013915080236,0.0003865607887036839,0.9978618889702503
2927,2,2,0.9967530655981282,0.00042629335577340515,0.9967530655981282,0.0006341326874546992,0.0006910827803005771,0.0007031666924984156,0.0007922588858448226
2929,1,1,0.997811388576967,0.997811388576967,0.00036721940380376913,0.00033685398378134206,0.00042178389953988665,0.0002964548446687822,0.0007662992912391849
2930,2,2,0.9972242737324439,0.0003431489208877614,0.9972242737324439,0.0005165192189644592,0.0005716386824463136,0.0007802659201191468,0.0005641535251383543
2931,5,5,0.9963728623862421,0.0004652362170432419,0.0012380999354259607,0.0007821566882680263,0.0003877931909203238,0.9963728623862421,0.0007538515821003143
2932,3,3,0.9978437620604548,0.00041487482030890904,0.0004658877243017742,0.9978437620604548,0.000489231965379419,0.0004607188839106647,0.0003255245456444577
2934,4,4,0.9976684432063633,0.00048437091629191135,0.000431436834129412,0.0005138733562794619,0.9976684432063633,0.0003050044828623682,0.0005968712040735311
2935,5,5,0.9965373179856485,0.00041661413188223733,0.0012612858775197418,0.0006535566198252237,0.0003839357944842706,0.9965373179856485,0.0007472895906400992
2937,6,6,0.9972231072031438,0.0006397665508351704,0.000620571120065813,0.0004202078720087193,0.0005276572024851719,0.0005686900514613527,0.9972231072031438
2939,4,4,0.9976287384793213,0.000519919723953268,0.00038890139753250944,0.0005417506789757458,0.9976287384793213,0.00028487739423480095,0.0006358123259824577
2940,1,1,0.9979460328347698,0.9979460328347698,0.0003541737498486366,0.0003690603001631306,0.00041850034232770566,0.0003441756241684011,0.000568057148722356
2941,2,2,0.9967339988138306,0.00038795576766369113,0.9967339988138306,0.0006638314646078816,0.000712724676223281,0.0007826812607496914,0.0007188080169248188
2942,2,2,0.9972237118984353,0.00038412587880612203,0.9972237118984353,0.0005272184377236471,0.0005956605172492719,0.0006718654030862517,0.0005974178646994542
2944,4,4,0.9976526645766911,0.0004948858773106755,0.0004120946994095091,0.0005296878329091462,0.9976526645766911,0.0002891834807821004,0.0006214835328974401
2945,2,2,0.9971766500013803,0.000367072790267588,0.9971766500013803,0.0005748723649816418,0.0006054523418054706,0.0006514057768271991,0.0006245467247377683
2946,2,2,0.9968540028632574,0.00041442914334536765,0.9968540028632574,0.000601957200243617,0.0006841414112334212,0.0007144107917592621,0.0007310585901609784
2947,4,4,0.994601587754713,0.0008337037124559369,0.0008648758351146226,0.0008198571579349391,0.994601587754713,0.0006253726191716301,0.002254602920610005
2949,6,6,0.9978854194057982,0.0005470289107231751,0.0004355490149693824,0.0003604939314009302,0.0003820083271742868,0.0003895004099339622,0.9978854194057982
2950,6,6,0.9968899104199848,0.0010405191208579041,0.0006482509917469935,0.0004540643518402642,0.0005594058430394585,0.00040784927253058323,0.9968899104199848
2951,4,4,0.9926009919382052,0.0010107081714433614,0.000924865268412054,0.002421630523866362,0.9926009919382052,0.0010512494537476445,0.001990554644325456
2952,5,5,0.9966336300499645,0.00040084585092232055,0.001212067486024662,0.000615863969604972,0.00035005669610632217,0.9966336300499645,0.0007875359473771981
2953,2,2,0.9963036928746111,0.0004853399371794367,0.9963036928746111,0.0006674051287318411,0.0007879031233298331,0.0007595582073118694,0.0009961007288357673
2955,4,4,0.9976366387192491,0.00048592064948179824,0.0004152133701279298,0.0005698052389829126,0.9976366387192491,0.0002999878018415089,0.0005924342203167662
2956,5,5,0.99641208396604,0.00044856394456627185,0.0014140998041192738,0.0007430323059079794,0.0003861072417266723,0.99641208396604,0.000596112737639803
2957,1,1,0.9978655809730996,0.9978655809730996,0.0003859735593878737,0.00039461489378973444,0.00041356410607244087,0.00032443671354715793,0.000615829754103115
2958,4,4,0.9976292211891824,0.0004655774663790116,0.00039034479255065465,0.0005691338423733036,0.9976292211891824,0.000277060519473497,0.0006686621900411349
2959,6,6,0.9976598128896885,0.0006140711548815486,0.0005353321959474005,0.0003608380249323582,0.00042953252427488646,0.0004004132102752557,0.9976598128896885
2960,5,5,0.9964863074955613,0.0005336329930000207,0.0012028162616225522,0.0006836458351103374,0.00037137573284306294,0.9964863074955613,0.0007222216818627196
2961,2,2,0.9970751378062829,0.00028548691072865975,0.9970751378062829,0.00042857497001719,0.0004846926298623131,0.0012482482255745861,0.0004778594575345126
2962,4,4,0.9975665839077206,0.0004795548762992142,0.0004553281812578769,0.0005431985432599969,0.9975665839077206,0.00028458976484282527,0.0006707447266195255
2964,5,5,0.9943690999406228,0.0007705028722228074,0.0012514818020841765,0.0020487369123337483,0.0005143766775993554,0.9943690999406228,0.0010458017951370463
2967,2,2,0.9967342096450515,0.000455389939765527,0.9967342096450515,0.0006079073911841722,0.0007150873053302027,0.0006017058308978441,0.0008856998877707112
2968,4,4,0.9963551517588625,0.0005323685343456534,0.0005183851336812488,0.0013417399860815818,0.9963551517588625,0.0004246625072965051,0.0008276920797325762
2970,2,2,0.9973454696425951,0.00032263550625517167,0.9973454696425951,0.00044841952099936255,0.0005299314308017664,0.0008089741737001275,0.0005445697256484975
2971,1,1,0.997976424019092,0.997976424019092,0.00036042919268558114,0.00034996034050029356,0.00038625156784479804,0.0003045968665684337,0.0006223380133089245
2972,2,2,0.997368277338376,0.0003178247138086193,0.997368277338376,0.00045735493823911833,0.0005262012134218952,0.0007920635990235798,0.0005382781971306447
2974,4,4,0.9976494973851353,0.0004925648707677698,0.00042519937706606047,0.0004898908693350219,0.9976494973851353,0.0002916600167623004,0.0006511874809335152
2976,4,4,0.9976495800881766,0.0005106917690097615,0.0004146003127820255,0.0005236834872573102,0.9976495800881766,0.0002963875278101553,0.0006050568149641811
2977,4,4,0.9973762578698825,0.0004856053249291173,0.0004946954110158769,0.0005262902362662519,0.9973762578698825,0.00031467041980683607,0.0008024807380994186
2978,3,3,0.9977618500080253,0.0004194649035883845,0.00048621412360794983,0.9977618500080253,0.0005334548154861292,0.00048210707883789195,0.0003169090704543762
2980,6,6,0.996487263606013,0.0009077095926359336,0.0008899814017002821,0.0005267916732687773,0.0007273698020095094,0.00046088392437243676,0.996487263606013
2982,5,5,0.996636138779699,0.00038935496759804494,0.0011817723119886324,0.0006644195437851861,0.0003517277607591413,0.996636138779699,0.0007765866361700237
2983,5,5,0.9966205770092957,0.00039077397536335835,0.0013954799500115348,0.0007299376603850845,0.00032698626350592555,0.9966205770092957,0.0005362451414383208
2985,6,6,0.9976225941310493,0.0006752257187951677,0.0004391691087094296,0.0004863932189502516,0.0004465008586943533,0.00033011696380154626,0.9976225941310493
2986,3,3,0.9978178355937374,0.00040996447616900263,0.0004797485987545253,0.9978178355937374,0.0004805607121053915,0.00047983713261394814,0.00033205348661975313
2987,2,2,0.9964386316677278,0.00034136858035966987,0.9964386316677278,0.0005163714570135853,0.0006348165392769979,0.0009377995243203608,0.0011310122313016
2988,3,3,0.997860601446812,0.0004097471301955134,0.0005074222502072616,0.997860601446812,0.00042256748227932254,0.0004791699432530886,0.00032049174725277247
2989,4,4,0.9976335729670024,0.000480809334644131,0.00042766067634616165,0.0005293368576542198,0.9976335729670024,0.0003010443750674826,0.0006275757892856507
2992,3,3,0.9978285791650209,0.0004340952656896252,0.00046813487012188013,0.9978285791650209,0.00040852266332291903,0.0005428279530098396,0.00031784008283489157
2994,3,3,0.9978629948675355,0.0004103215853247717,0.0004834034194649659,0.9978629948675355,0.0004356142079589474,0.00048156862690031316,0.00032609729281548916
2995,1,1,0.9979195803240068,0.9979195803240068,0.00035400275317333947,0.00037375153727165183,0.0004306225220447053,0.0003409616167326364,0.0005810812467707744
2997,2,2,0.9968529658657932,0.00041922029726838936,0.9968529658657932,0.0005374129505187929,0.0007003442699456144,0.0006284048460753447,0.0008616517703987979
2998,3,3,0.9978047140764719,0.000419109620399369,0.0004800944932954554,0.9978047140764719,0.000448619569608922,0.0005392999868659285,0.00030816225335843857
2999,2,2,0.9960480873378691,0.00042794106524799623,0.9960480873378691,0.0005797633987924609,0.000630070006732793,0.0009586891929730794,0.001355448998384572
3000,2,2,0.9971674280083237,0.00027313774061248227,0.9971674280083237,0.0004502605633081331,0.00048698893306701476,0.0011260703143123009,0.0004961144403764962
3001,2,2,0.9971630637649583,0.00037311946846443276,0.9971630637649583,0.0005353101010932557,0.0005918340441933844,0.0007787621164842219,0.0005579105048064363
3002,2,2,0.9971453205323099,0.0003689805326567716,0.9971453205323099,0.0004939501935625659,0.000598609892600185,0.0006595842779599519,0.0007335545709106128
3005,4,4,0.99756941267545,0.000511789884691225,0.00039274229238448334,0.0005086625615977592,0.99756941267545,0.000282486036204801,0.0007349065496717777
3007,2,2,0.9973302152800788,0.00028972234794976374,0.9973302152800788,0.00040412003609947644,0.0004931687850421314,0.000956535657919642,0.0005262378929102097
3008,3,3,0.9978117070301452,0.00043678966421215564,0.00048246140186374383,0.9978117070301452,0.0004173896043399901,0.0005256575968691022,0.00032599470256982146
3009,3,3,0.9978277395332474,0.00037435332770659825,0.00046450602510131697,0.9978277395332474,0.00039868366505844076,0.000631144347997736,0.0003035731008884922
3010,1,1,0.9979515073591271,0.9979515073591271,0.0003541174148026072,0.0003814895107686185,0.00042272486795183375,0.00032797015361426645,0.0005621906937356098
3014,1,1,0.9978380029745835,0.9978380029745835,0.0003819311548638457,0.0003578735492397686,0.0004170055503125499,0.0003095383130240442,0.0006956484579763057
3016,1,1,0.9980090937324528,0.9980090937324528,0.0003642114855433123,0.0003257325565835474,0.00038221947970866,0.00033549758968954196,0.0005832451560221116
3021,2,2,0.9970700223703526,0.0004179150929929253,0.9970700223703526,0.0005556769031619118,0.0006543057631359881,0.0006260655030011919,0.0006760143673554528
3022,5,5,0.9947574136325258,0.00034644929102006154,0.0033668319221197554,0.0006333647760019255,0.00036648460073245584,0.9947574136325258,0.0005294557776000686
3023,4,4,0.9975796713523444,0.0005027214834549085,0.00042296810836412417,0.000507276233091065,0.9975796713523444,0.0003409309847161541,0.0006464318380293189
3024,3,3,0.9977955387808328,0.0004378101832456104,0.0004871584032089231,0.9977955387808328,0.0004679312203814605,0.0004684221437724303,0.0003431392685588102
3026,4,4,0.9975302932767329,0.0004921419365008638,0.0004540961328584269,0.0005001506694954069,0.9975302932767329,0.0003164513859809658,0.0007068665984313659
3027,3,3,0.9978876001981154,0.0004065707814225896,0.0004681719519559598,0.9978876001981154,0.0004391775213912167,0.0004665123932551406,0.00033196715385971025
3028,3,3,0.9977851220947596,0.0004676379465466979,0.00047730804375939196,0.9977851220947596,0.000448096790165824,0.00045491314029912436,0.0003669219844694173
3029,4,4,0.9976364787619778,0.0004847112196214956,0.0004349296685348919,0.0005150515566764346,0.9976364787619778,0.00029057012328912547,0.0006382586699002523
3030,3,3,0.9977934848369638,0.0004290575953438168,0.0004892046802521178,0.9977934848369638,0.0004726354031016665,0.0004918254803128892,0.00032379200402561593
3031,5,5,0.9962500034645201,0.0004467968380055379,0.0011072320960754782,0.0008982497651539673,0.0003727849218334234,0.9962500034645201,0.0009249329144115125
3032,5,5,0.9966795357176876,0.000397398802462935,0.0011748386211219936,0.0006802969086924169,0.0003539084542273065,0.9966795357176876,0.0007140214958076695
3034,4,4,0.997656151170095,0.0005167064020335631,0.00041016513204322833,0.0005047891978405518,0.997656151170095,0.00029545619181531313,0.0006167319061724323
3035,2,2,0.9952070562468275,0.0002743497439063476,0.9952070562468275,0.00043881369274154596,0.0005746228528374907,0.002314757659335658,0.00119039980435147
3036,5,5,0.9964316625835317,0.0003346962286096982,0.00169298472722091,0.0005496950876077653,0.00032209191168247527,0.9964316625835317,0.0006688694613475336
3037,1,1,0.9977637629556847,0.9977637629556847,0.00043206298575566995,0.00041646245935930486,0.0004622852476164818,0.00040622833010707906,0.0005191980214767192
3038,1,1,0.9978910772389097,0.9978910772389097,0.0003590607483534751,0.00034371744254878945,0.00041773665780669685,0.00028337510605614996,0.0007050328063252553
3041,5,5,0.996535026420172,0.0004281071731574369,0.001491601175207532,0.000522679513802283,0.00030763658619904077,0.996535026420172,0.0007149491314617273
3042,4,4,0.9976416809117405,0.0005142650325333923,0.0004155793569365289,0.000531109456457912,0.9976416809117405,0.00031309798888184655,0.000584267253449892
3043,1,1,0.9979240216583551,0.9979240216583551,0.0003580590603559568,0.0003955402266147356,0.00043851657469677906,0.0003778384029036334,0.0005060240770739225
3045,1,1,0.997892978614895,0.997892978614895,0.00036712319092323703,0.0004058390876787074,0.00042587378746837984,0.0003964661984938971,0.000511719120540784
3047,4,4,0.9975611793951488,0.0004717434737962107,0.0004399590615184286,0.0005440136749876763,0.9975611793951488,0.000305802324621996,0.000677302069927006
3049,1,1,0.9979027988024146,0.9979027988024146,0.00038004019373114565,0.0003739916025650504,0.00043726612697871493,0.00030755951612228884,0.000598343758188193
3053,6,6,0.9975646238354856,0.0006417574740445193,0.0005810543373098827,0.00038801143345412774,0.00048160902740817347,0.00034294389229767933,0.9975646238354856
3055,3,3,0.9978264816366368,0.0004303643144683596,0.00048568322115116,0.9978264816366368,0.00043806032831707713,0.0004894278658129278,0.00032998263361367974
3056,2,2,0.9962596269409462,0.0002931684366143768,0.9962596269409462,0.0006586236413132901,0.0005728601675315899,0.0016221519864654608,0.0005935688271290957
3058,5,5,0.9960363038527226,0.0004627786184337157,0.0013914044757286019,0.0011104754580988428,0.0003901743146441916,0.9960363038527226,0.0006088632803721143
3059,1,1,0.997964180562867,0.997964180562867,0.0003538254821963232,0.0003783541011684986,0.00041686740055875806,0.0003287368182609104,0.000558035634948549
3060,3,3,0.9977722914104679,0.0004035708804528872,0.00048764691030094454,0.9977722914104679,0.00044960057357250045,0.0005914815915116317,0.00029540863369413144
3061,4,4,0.9975783762216882,0.0004871961397287468,0.00039032901162963814,0.0005658806487779004,0.9975783762216882,0.0002981625889580661,0.0006800553892175014
3062,5,5,0.9966521372441701,0.0003959809352976733,0.0011982343272935482,0.0007717841859250951,0.00032897030026616517,0.9966521372441701,0.0006528930070474026
3069,1,1,0.997863459688075,0.997863459688075,0.00037436635022845865,0.0003948500915225599,0.0004492136887615206,0.00034990551234189354,0.0005682046690705668
3070,4,4,0.997669952480133,0.0004795771170593981,0.00038791235497931495,0.0005151839974479529,0.997669952480133,0.00030536818109422385,0.0006420058692860631
3071,4,4,0.9975809775146793,0.0005073250363942124,0.00039977587934737427,0.000559225604774421,0.9975809775146793,0.0002658189259083016,0.0006868770388963985
3073,2,2,0.9972042513053587,0.0002824206041916591,0.9972042513053587,0.0004904512933321958,0.000479721380353765,0.0010183201011830553,0.0005248353155805475
3074,4,4,0.9976646774861736,0.000466581920459342,0.0004247069463708124,0.0005037453331390965,0.9976646774861736,0.0003092871669307657,0.0006310011469263762
3076,5,5,0.9966260562569904,0.0003891736121578183,0.0014114114976741194,0.0005455315314388712,0.0003382888805630588,0.9966260562569904,0.0006895382211757377
3077,3,3,0.9978702165544174,0.00041190125767410086,0.0004459069261481895,0.9978702165544174,0.00042839652116367113,0.0005139461736667122,0.00032963256692994684
3078,6,6,0.9978617651723921,0.000549066267348903,0.0004741456472926193,0.0003540018091457218,0.0003808074837294396,0.00038021362009123136,0.9978617651723921
3079,3,3,0.9978373665031905,0.0004132143229372014,0.0005011508483315266,0.9978373665031905,0.00041889955250053526,0.0005194995328996002,0.00030986924014059366
3080,4,4,0.9976654119226552,0.00048337501679468205,0.0004079315140091441,0.0005616819872702816,0.9976654119226552,0.0002910858621663258,0.0005905136971044016
3081,4,4,0.9976615999837627,0.0004975612438635972,0.0004205967746754571,0.0005150266855160195,0.9976615999837627,0.00030102444281603443,0.0006041908693662216
3082,1,1,0.9977771386021859,0.9977771386021859,0.0004053019698990415,0.00036088411243944676,0.0004141930734620911,0.00030362634380087767,0.0007388558982126399
3083,6,6,0.9972778330716623,0.0005402678706758789,0.0006816933998019444,0.0006454780470366288,0.00046214954886834685,0.0003925780619549618,0.9972778330716623
3084,3,3,0.997753931202792,0.00044152082440809565,0.0005096157058372024,0.997753931202792,0.0004866792941564201,0.0004719367759884358,0.0003363161968179036
3085,3,3,0.9976920483387769,0.0004763815673840574,0.0005177779511250971,0.9976920483387769,0.00046859830136781967,0.0004657748807368261,0.0003794189606093843
3086,3,3,0.9976312307366357,0.000486329711431158,0.0005254855698824206,0.9976312307366357,0.0005316942902735412,0.0004417202606029688,0.0003835394311741933
3087,4,4,0.9976599103802569,0.00048395097291292104,0.0004058011936300067,0.0005522199145558602,0.9976599103802569,0.0002877174378479142,0.0006104001007963892
3088,5,5,0.9967617938399842,0.00036796519813191907,0.0013374403284578242,0.0006355601330883829,0.0003227328108672292,0.9967617938399842,0.0005745076894704884
3090,1,1,0.9979865394654917,0.9979865394654917,0.0003361592301733272,0.00033130078173180193,0.00037482550648936755,0.00028482798416215783,0.0006863470319516933
3091,4,4,0.9976749153548102,0.0004706113716183933,0.00040366083851327565,0.0004844507365690329,0.9976749153548102,0.0002985314673587858,0.0006678302311302507
3092,3,3,0.9978303062924614,0.0004101160345156671,0.0004916750353346613,0.9978303062924614,0.00043573456421718015,0.0005014217332871185,0.0003307463401840259
3093,3,3,0.9978521362405837,0.00042235376843389284,0.0004499677136650369,0.9978521362405837,0.0004078788920600161,0.0005409121716046259,0.00032675121365259325
3095,5,5,0.9966750661574273,0.000356956723720648,0.0013286907448898481,0.0006827425449144932,0.00031815977320780967,0.9966750661574273,0.0006383840558399098
3097,1,1,0.9978277830336664,0.9978277830336664,0.0004050106908501321,0.00039886890978519415,0.0004494245311125902,0.00035423562665096603,0.0005646772079347004
3098,1,1,0.9979008322065048,0.9979008322065048,0.00037728715256456484,0.0003701189374127209,0.0004118629975168105,0.00033288140167649864,0.000607017304324609
3099,5,5,0.9967515847748821,0.000404087259903959,0.0011518364046191035,0.0006896046951096893,0.00034085403445340413,0.9967515847748821,0.0006620328310317392
3100,5,5,0.9967062346019455,0.00038636209863357804,0.0012270887959450337,0.0006237745112745211,0.00034191449383896025,0.9967062346019455,0.0007146254983624329
3102,6,6,0.9976208867591232,0.0005174105203969821,0.000515209106647652,0.0004721624165569209,0.0003564983220880864,0.0005178328751871761,0.9976208867591232
3103,6,6,0.9974483280020631,0.0005641210025433643,0.0005148350625081756,0.0004237358237595213,0.0005467986936444146,0.0005021814154814282,0.9974483280020631
3104,2,2,0.9967530528729744,0.0003845866365228278,0.9967530528729744,0.000436611364108482,0.0005847318773283934,0.0010618883121617487,0.0007791289369040943
3108,5,5,0.9962454855151303,0.00034063337050118677,0.0015832525176437664,0.0004993074316881855,0.0003111849494593904,0.9962454855151303,0.0010201362155772477
3109,5,5,0.9964638629932864,0.00045896250053853476,0.0012564676930906596,0.000797945679038356,0.0003862265255773319,0.9964638629932864,0.0006365346084687515
3111,5,5,0.9964457831899979,0.0005392308534182511,0.0013481028613304231,0.0006527410250284424,0.0003728967665951098,0.9964457831899979,0.0006412453036298635
3112,4,4,0.9975876561989014,0.0004427276564065456,0.00042031138929813483,0.0005907248101599234,0.9975876561989014,0.00029796612131099753,0.0006606138239230449
3113,1,1,0.9979164480504101,0.9979164480504101,0.0003863887991625702,0.000393737865071632,0.0004224716382627204,0.0003593131001774806,0.0005216405469154721
3114,5,5,0.9966809716877308,0.00040559560257437,0.0012686834223505344,0.0007016412379041804,0.00034320507741370996,0.9966809716877308,0.0005999029720263663
3115,2,2,0.9970184979534373,0.0003679671361516522,0.9970184979534373,0.0005069120881637875,0.0006162466272139187,0.0007818146002826653,0.000708561594750589
3116,2,2,0.9970548732734233,0.00041695512831864997,0.9970548732734233,0.0005368035306264808,0.0006637248035852294,0.000657920627033672,0.0006697226370127534
3117,4,4,0.9976175702683818,0.00046996497099540405,0.0004097110181000912,0.0005663809289960516,0.9976175702683818,0.0003202435416050394,0.0006161292719215431
3119,4,4,0.9975668497627453,0.00048542466570949684,0.00041799396975395647,0.0006017037851734228,0.9975668497627453,0.0003110549391579363,0.0006169728774598462
3120,5,5,0.9955709822668212,0.00030521259769683437,0.0016938744365907032,0.001088118542896495,0.0003247899567813377,0.9955709822668212,0.0010170221992134617
3121,1,1,0.9979173687156417,0.9979173687156417,0.0003665096354773951,0.0003478369668289668,0.0003942080714706873,0.0003074282185010494,0.0006666483920802171
3122,6,6,0.9977561444100372,0.0004803106235126507,0.00048631893445419096,0.00045703762997616437,0.00042402789213074113,0.0003961605098890688,0.9977561444100372
3124,3,3,0.9978039805549557,0.0004370819345627221,0.00046965665855576606,0.9978039805549557,0.00040392408622587155,0.0005295691633184281,0.00035578760238132536
3126,6,6,0.9978016191654595,0.0004832944043318325,0.0005105414399810879,0.0003716170677540403,0.0004064076708691592,0.00042652025160436603,0.9978016191654595
3127,3,3,0.9978404550127613,0.000432311782840121,0.000451367866042091,0.9978404550127613,0.00043478880997565987,0.0004972210987665309,0.00034385542961432925
3130,1,1,0.9978342104030602,0.9978342104030602,0.00041035609975363137,0.0003819930797558355,0.0004193291012286982,0.000398341166086375,0.0005557701501153048
3132,3,3,0.9978873175189914,0.0003938839379792743,0.0004595120864021076,0.9978873175189914,0.00042412246870370327,0.0005400696559002961,0.000295094332023247
3135,3,3,0.9978378475767021,0.0004335616631096858,0.0004902466924977166,0.9978378475767021,0.0004097881727929134,0.0004852100714814606,0.00034334582341615676
3136,6,6,0.9977592799000031,0.0005184478072961123,0.0005252060663596463,0.0003859148057059216,0.00041801339304383875,0.0003931380275913553,0.9977592799000031
3139,2,2,0.9971735925540569,0.0003954954041006539,0.9971735925540569,0.0005121755178202584,0.000606918036270696,0.000706841269605878,0.000604977218145645
3140,1,1,0.997813479531649,0.997813479531649,0.00040895579818849107,0.0003878111083162322,0.0004434313814041799,0.0003636954993823564,0.0005826266810599539
3141,5,5,0.9966738172977175,0.0003933053210720613,0.0014238314397343687,0.0005494031328505676,0.0003557107975181105,0.9966738172977175,0.000603932011107331
3142,4,4,0.9976368521268612,0.0005024339476304928,0.0004118740270421939,0.0005135161048259081,0.9976368521268612,0.0003022812770878952,0.0006330425165524238
3143,1,1,0.9975642093030365,0.9975642093030365,0.000342219577575224,0.00033154670804556977,0.00040233514086060435,0.0002937520367752118,0.001065937233706951
3145,1,1,0.9968085547650597,0.9968085547650597,0.0003541482609034741,0.000365683476403068,0.00044821809507913295,0.00028762601622994244,0.0017357693863246882
3147,4,4,0.99754301356798,0.00046119052223853903,0.0004106853397755563,0.0005958990163903396,0.99754301356798,0.0003246805884427996,0.0006645309651727585
3149,1,1,0.9978861402863642,0.9978861402863642,0.00035857201911644474,0.00033426892614144037,0.0004518808110445739,0.0002887666051903278,0.0006803713521430862
3150,3,3,0.9977157864048076,0.00046648813547623693,0.0005104283691487224,0.9977157864048076,0.00048078018196646304,0.0004955425172321117,0.0003309743913688044
3152,3,3,0.997890377153253,0.0004140611910044113,0.0004554855494769269,0.997890377153253,0.0004086399327398129,0.0005112278586836343,0.000320208314842292
3153,5,5,0.985133847143793,0.0003676819759822317,0.012685797603874081,0.0006943173663128448,0.0004673803155628007,0.985133847143793,0.0006509755944750611
3154,2,2,0.9973184563017872,0.0003485204976767222,0.9973184563017872,0.0004849619046287936,0.0005533272686955165,0.000726971258469899,0.0005677627687419592
3155,3,3,0.9977682555694303,0.00042512995001144804,0.000502198336934298,0.9977682555694303,0.0005088195155984932,0.0004753496207234512,0.0003202470073020552
3156,5,5,0.9965871926937306,0.0003533629345325708,0.0013929362169350556,0.0006684050333466807,0.0003206332934208636,0.9965871926937306,0.000677469828034144
3157,5,5,0.9964964916533016,0.0003628279057239453,0.0015652058537210048,0.0005807663506478083,0.0003395509242210342,0.9964964916533016,0.0006551573123846146
3161,2,2,0.9970390851842491,0.00041111862488432167,0.9970390851842491,0.0005473521263185646,0.0006410280326512923,0.0006469799399239883,0.0007144360919727301
3163,4,4,0.9976410173095807,0.00048253070650252093,0.0004332370807290944,0.0005298661100494707,0.9976410173095807,0.0003001570735438193,0.0006131917195944627
3164,5,5,0.9967138214199963,0.0003996785055057771,0.0011754208998013126,0.0006618272006163992,0.00036397110094049526,0.9967138214199963,0.000685280873139673
3165,4,4,0.9976284284762136,0.0005347731841651138,0.000410475201578718,0.0005316669322231225,0.9976284284762136,0.00029994554320959474,0.0005947106626098521
3167,2,2,0.991890262397453,0.0004358084366527038,0.991890262397453,0.0008345159434325237,0.0009942460609953234,0.0017931425180160124,0.004052024643450447
3168,3,3,0.9978413010942325,0.00042473512901076,0.0004513320735830146,0.9978413010942325,0.0003931508353256398,0.0005672954492458657,0.0003221854186021551
3169,4,4,0.9976431783353399,0.0005134709060305131,0.0004339068051812551,0.00048633275137340953,0.9976431783353399,0.0002963045216328583,0.0006268066804421094
3171,5,5,0.9965656137241784,0.0004105111184904654,0.001226336080876815,0.0006010159691819149,0.0003714145179800067,0.9965656137241784,0.0008251085892924087
3172,5,5,0.9965299364676231,0.000450835037089035,0.0012359508117161303,0.0006695813315636549,0.0003658137210797067,0.9965299364676231,0.0007478826309284225
3173,1,1,0.997947448562729,0.997947448562729,0.0003795607814125961,0.00037687755393973546,0.0004234298261920265,0.00032980775740822744,0.0005428755183184901
3174,5,5,0.9959246552928678,0.0003408467962892189,0.0015331298155600202,0.0008016070860294936,0.00032153375510557636,0.9959246552928678,0.001078227254147935
3175,5,5,0.9964036677635933,0.0004853312146834969,0.0014234603936973448,0.0006553205720748018,0.0003760007576155276,0.9964036677635933,0.0006562192983355035
3176,4,4,0.9971810135678922,0.0004584617907639173,0.0006348591308721137,0.0005920086267517836,0.9971810135678922,0.0003650306008469174,0.000768626282873074
3177,6,6,0.997604002121788,0.0005911024804064952,0.00041990619467181594,0.00048343560294365154,0.0004816480166985502,0.00041990558349141923,0.997604002121788
3178,3,3,0.9976561991079006,0.0004674413207586259,0.000531913005056904,0.9976561991079006,0.00047296647975441324,0.0004931949534628304,0.0003782851330667331
3179,2,2,0.9969757709447054,0.0004050046519876523,0.9969757709447054,0.0005822907501028949,0.0006473572519719093,0.0006471128380058391,0.0007424635632263609
3184,5,5,0.9965956690247387,0.0004539623861507617,0.001220305319532547,0.000707597114228363,0.0003631785469373876,0.9965956690247387,0.0006592876084121845
3186,3,3,0.9973050421508652,0.0005385061412148175,0.0005744128176540049,0.9973050421508652,0.0005504130422019327,0.0005617949100841551,0.0004698309379799115
3188,1,1,0.9978888668912533,0.9978888668912533,0.00039095967225776163,0.00038797268791893795,0.0004109339222146764,0.00034432349042927315,0.0005769433359260315
3189,5,5,0.996221195529676,0.0004103970376373128,0.0016043463021600858,0.0008272647889521705,0.0003760706949484592,0.996221195529676,0.0005607256466259074
3190,1,1,0.9979992680838206,0.9979992680838206,0.0003438363842302683,0.00033530014329874203,0.00037792814615338175,0.0003035699826348989,0.0006400972598621616
3191,5,5,0.9963471352609266,0.000434959927242353,0.0014222113661066453,0.0006321304108210166,0.0003495504682157864,0.9963471352609266,0.0008140125666876818
3192,6,6,0.9972563672430125,0.0005767285640244108,0.0006821648180862154,0.0004584806870122102,0.0004491183046274751,0.0005771403832372033,0.9972563672430125
3193,4,4,0.9975014391663808,0.0005205665398517849,0.0004308093948363917,0.0005643434159544465,0.9975014391663808,0.00031666021294654947,0.0006661812700300697
3194,1,1,0.9979136894336675,0.9979136894336675,0.00035460582515913934,0.00041382432214064774,0.00043654629446029486,0.00034694517287742427,0.0005343889516949036
3196,3,3,0.997764731783136,0.0004565797359133851,0.000479930149921353,0.997764731783136,0.000414128678939532,0.0005474512209745436,0.00033717843111520516
3198,4,4,0.9976886832716123,0.00047833296605490907,0.00038932857083803606,0.00053581480152681,0.9976886832716123,0.0002723841515737789,0.0006354562383941856
3199,2,2,0.9967746461817278,0.000396217563344643,0.9967746461817278,0.0006438247531112536,0.0006898574628249306,0.0007392470080508854,0.0007562070309405665
3201,5,5,0.9966473434117498,0.000423465001456923,0.0011388350327542762,0.0006793539812705737,0.0003633517354217066,0.9966473434117498,0.0007476508373467194
3202,2,2,0.9969231803550613,0.0004298851777643051,0.9969231803550613,0.0005943908208288791,0.000662021439168472,0.0006403847170086024,0.0007501374901684241
3203,3,3,0.9978045712290123,0.0004297331277877697,0.000496789458373793,0.9978045712290123,0.00044791990751488005,0.0005152936153685701,0.0003056926619426013
3204,5,5,0.9966164582237913,0.00048335005989894346,0.0010755684017451606,0.0007752046731739086,0.00037681200504434485,0.9966164582237913,0.0006726066363463398
3207,2,2,0.9966512158318629,0.0004299195577517068,0.9966512158318629,0.0005505077410198118,0.0006899891434389144,0.0007767380085063487,0.0009016297174203128
3208,4,4,0.9976184235477996,0.0005278382113444906,0.0004306101673065518,0.0004948094367781846,0.9976184235477996,0.0003129351680238186,0.0006153834687473722
3210,1,1,0.9979876906122075,0.9979876906122075,0.0003388203721254224,0.0003676045535803519,0.00041631327444401517,0.0003054526286717236,0.0005841185589710089
3211,4,4,0.9976446534448379,0.0005168552385711547,0.00041992991469528624,0.0005084719972033654,0.9976446534448379,0.00029856511654538097,0.0006115242881469536
3212,2,2,0.9972333948331085,0.000355072969106121,0.9972333948331085,0.0005182036841183419,0.0005905766991504242,0.0007087764866502556,0.000593975327866421
3213,1,1,0.9979102185687339,0.9979102185687339,0.00035920274125216553,0.000354644994013418,0.0004010631305579735,0.00027623665408099424,0.0006986339113616698
3214,3,3,0.9974334391570128,0.0005686700789189813,0.0005550459944126365,0.9974334391570128,0.0005921605361335159,0.0004440443683464567,0.00040663986517565695
3215,6,6,0.9975943280564714,0.0005982623156549293,0.0005248646066365431,0.0003953094251853095,0.00044465144970065314,0.000442584146351152,0.9975943280564714
3216,3,3,0.9976327046553923,0.00043438541545287135,0.0005241177708102725,0.9976327046553923,0.000593738737386032,0.00043070587607368314,0.00038434754488491377
3217,3,3,0.9977371774628634,0.0003982971095628498,0.0005015090597656923,0.9977371774628634,0.0005330795527562985,0.00047984274469668704,0.0003500940703551276
3218,2,2,0.9946812870980841,0.0007150764186291482,0.9946812870980841,0.0012200862557464433,0.0017499838287167923,0.0007381125103806288,0.0008954538884429101
3220,1,1,0.9976065036610137,0.9976065036610137,0.0004511155074602101,0.00037775255160424207,0.00038836089767574046,0.0004902366139463378,0.0006860307682998551
3222,5,5,0.9965660149448806,0.0004663813241901817,0.001328155305068849,0.0006097593101625118,0.00037532789354579525,0.9965660149448806,0.0006543612221520164
3224,1,1,0.9978800818531929,0.9978800818531929,0.00034121879062281083,0.00036677390017202484,0.0003959449273227584,0.0003774052660271839,0.000638575262662414
3225,5,5,0.9964735231801837,0.0003842877754903578,0.0015707675406172812,0.0005924233891257026,0.0003690665007766904,0.9964735231801837,0.0006099316138062443
3227,2,2,0.9917415545319617,0.00031187623652025574,0.9917415545319617,0.0015424181040881075,0.0006684379658262851,0.005154287840003659,0.0005814253216000297
3228,1,1,0.9962959211373386,0.9962959211373386,0.00035570651046267675,0.0003595985950157946,0.0004539201854117404,0.00028478021001843314,0.0022500733617527593
3232,6,6,0.9977727877370219,0.0005926888757418604,0.0004470755966358646,0.0003393635387521902,0.000375764806708571,0.00047231944513959756,0.9977727877370219
3233,3,3,0.9977152090293916,0.0004723223561165619,0.0005068291662886435,0.9977152090293916,0.0004736196011180592,0.00047007417258324225,0.0003619456745019454
3234,3,3,0.9978430819691779,0.0004056160425870577,0.0004943199136930946,0.9978430819691779,0.0004321842874132452,0.000493348078649161,0.0003314497084795569
3237,3,3,0.9978378697966135,0.00040767802848359577,0.0004815514394149389,0.9978378697966135,0.00043392526051737383,0.0005276754531647281,0.00031130002180598164
3238,5,5,0.9963252634132878,0.0003149413895105357,0.001851676275814371,0.0005149174603220248,0.0003120426186936905,0.9963252634132878,0.0006811588423716795
3239,4,4,0.9976347970854921,0.000488675097042723,0.00042944312511831165,0.0005256804439063195,0.9976347970854921,0.00029991201286359376,0.0006214922355770206
3240,4,4,0.9976108847896893,0.0005279842659125184,0.00040979891228139654,0.0005328021720119307,0.9976108847896893,0.00030568109823837694,0.0006128487618664785
3242,6,6,0.9976521037107609,0.0005976731132186108,0.0005609900635919862,0.0003615674469292544,0.0004356650709539012,0.0003920005945453828,0.9976521037107609
3243,4,4,0.9976580202497977,0.00048021166289817166,0.00042482238749183565,0.0005219786575473154,0.9976580202497977,0.0002852195774458236,0.0006297474648191777
3244,2,2,0.9970942287614603,0.00039262055052077257,0.9970942287614603,0.0005201887454845879,0.0006188890269385693,0.0006997889408238081,0.0006742839747721314
3245,2,2,0.996957780599013,0.0003036719796313209,0.996957780599013,0.0005291397641545283,0.0005768999592103723,0.0009493868027940062,0.0006831208951968366
3246,5,5,0.9957575801302061,0.0002964965129840068,0.00244447114688712,0.00046080720357565723,0.0003540907850331785,0.9957575801302061,0.0006865542213139744
3247,6,6,0.9977567242819942,0.0005130070212152705,0.0004958367517210049,0.000365541034516701,0.0003959297974156435,0.0004729611131371504,0.9977567242819942
3248,1,1,0.9979542861115351,0.9979542861115351,0.00038473261711273286,0.00036534239076786024,0.00042298695977710266,0.0003161731495502649,0.0005564787712569384
3249,6,6,0.9974362079386891,0.0007736283451748237,0.000490765660784646,0.0004034238156495518,0.0004967668705196802,0.0003992073691821763,0.9974362079386891
3250,6,6,0.997427566795699,0.0006710645105131269,0.0005348193460484121,0.0004835492793720366,0.0004844747521172402,0.0003985253162502217,0.997427566795699
3251,4,4,0.9976840388279062,0.00045940095395486025,0.0004161971018471091,0.0005118462330008787,0.9976840388279062,0.00029996713801689424,0.0006285497452739721
3252,1,1,0.9979445070753895,0.9979445070753895,0.000369078382502741,0.0003867677774916775,0.0004468379364250653,0.00033341897339912615,0.0005193898547918636
3253,5,5,0.9964793396683921,0.0003861938340170968,0.0015796157645912702,0.0006081096406391385,0.0003571608711771276,0.9964793396683921,0.0005895802211832918
3254,5,5,0.9959593561930651,0.00041434812620457244,0.001318008658328105,0.0006248402152026874,0.000333478417269073,0.9959593561930651,0.0013499683899305531
3255,3,3,0.9978368557753307,0.0004174907091973075,0.00046565725601727576,0.9978368557753307,0.000427131876595272,0.0004984332903326037,0.00035443109252688226
3256,3,3,0.9978155255175343,0.00043061804987055995,0.0005063907191904428,0.9978155255175343,0.0004100026127624213,0.0005053888488949064,0.0003320742517472071
3257,1,1,0.9978559094838333,0.9978559094838333,0.00036126364590438294,0.00034014192039748514,0.00040758122551684246,0.000304424741090096,0.0007306789832579092
3258,2,2,0.9971418073446285,0.0003245596111209834,0.9971418073446285,0.0005245152430694046,0.0005924084278943013,0.0007824337452918284,0.0006342756279949171
3262,5,5,0.996669642589495,0.0003477333868997135,0.0015167395028920592,0.0006058944447014408,0.0002957568886897735,0.996669642589495,0.0005642331873220577
3263,6,6,0.9979376839958686,0.000504243248191412,0.00046203678575256954,0.00034586314158600954,0.0003863308829775081,0.00036384194562393224,0.9979376839958686
3264,6,6,0.997737217730127,0.000570923757997567,0.00046189815536222946,0.00035741176096839563,0.00042331482710178376,0.00044923376844297044,0.997737217730127
3267,1,1,0.9980230173409066,0.9980230173409066,0.0003520465924080535,0.0003557579419129668,0.0004013028456157554,0.00030619202395410796,0.0005616832552024952
3268,1,1,0.9979287447076796,0.9979287447076796,0.00034952185547988646,0.0004026480233711837,0.0004298772213200634,0.0003639795634247076,0.0005252286287246253
3269,2,2,0.9971543591791422,0.0003900135534803151,0.9971543591791422,0.0005509206775288586,0.0006334548435460044,0.0007086898843970851,0.0005625618619054996
3271,2,2,0.9973185463107624,0.00033498069825360193,0.9973185463107624,0.0004654315881865353,0.0005352271790025445,0.0008369615788724641,0.0005088526449224441
3272,4,4,0.9975980404423073,0.0005377097081326605,0.00042681712383507757,0.0005148426528190539,0.9975980404423073,0.00029974653431507665,0.0006228435385909168
3273,1,1,0.9977852786777278,0.9977852786777278,0.0003520589038155179,0.000304808162457494,0.0003783874530036757,0.00025896526078619564,0.0009205015422094037
3274,5,5,0.9959673419486516,0.0005606185035539705,0.0011159565247701626,0.0009141710046332859,0.00038296290992168713,0.9959673419486516,0.0010589491084693908
3275,5,5,0.9966397422369907,0.00035411058829457607,0.0012502217604227093,0.0008255206743967067,0.0003174702040224201,0.9966397422369907,0.0006129345358729218
3276,2,2,0.9972053717417195,0.0003733082898691349,0.9972053717417195,0.0005215453228775381,0.0006003361971249388,0.00065746008590573,0.0006419783625031146
3277,4,4,0.997603768697089,0.0005254054798320441,0.0004062058023093098,0.0005240690902321767,0.997603768697089,0.000299966176060136,0.0006405847544773516
3278,2,2,0.9973589995648727,0.00031281234215157046,0.9973589995648727,0.0005082774552635411,0.0005289600928290769,0.0007361957847649127,0.0005547547601182617
3279,5,5,0.9966213307843659,0.000350016488271512,0.001296316493563977,0.0005748237477103492,0.0003447801557809315,0.9966213307843659,0.000812732330307356
3280,3,3,0.9978058696664753,0.0004298560568241445,0.0004908274742339018,0.9978058696664753,0.00040822012425854154,0.0005225598454867154,0.0003426668327214002
3281,5,5,0.9965007521210081,0.00041113983916290977,0.001183701704775966,0.0007319961600394786,0.0003538340174012801,0.9965007521210081,0.0008185761576122383
3283,4,4,0.9974988129331146,0.00044323149021755864,0.0004189523762943184,0.0005430764300230644,0.9974988129331146,0.00032652742897957784,0.0007693993413708912
3284,5,5,0.9939302226577724,0.0005793240282548361,0.0025790066045915435,0.0006491469698402051,0.00029230592250689284,0.9939302226577724,0.0019699938170341063
3288,4,4,0.9976902449262861,0.000487532429957097,0.0004144731189640156,0.0004964638127754612,0.9976902449262861,0.000295982120866836,0.0006153035911505843
3289,2,2,0.9970404229481216,0.0002866716452143328,0.9970404229481216,0.0004693180832898124,0.0005116858377841734,0.0011886148384201423,0.0005032866471700578
3291,1,1,0.9979003696874145,0.9979003696874145,0.000366936002296093,0.0003857174899479069,0.00043439012496496475,0.0003145335949798278,0.0005980531003968009
3292,2,2,0.9971621919305834,0.00039574085941398426,0.9971621919305834,0.0005475123919588003,0.0006226138390816769,0.0006422242916456191,0.0006297166873165432
3295,5,5,0.9963014660223737,0.0004504302292521727,0.0012403717929848125,0.0007163787761320734,0.00040557630556510793,0.9963014660223737,0.0008857768736921361
3296,3,3,0.9977442105993297,0.00048324332260794227,0.00047531666148896575,0.9977442105993297,0.00046572770597631813,0.0004890907478547876,0.0003424109627423755
3298,1,1,0.998017727081689,0.998017727081689,0.000345552784741941,0.0003601740244029619,0.00040176464705445877,0.00032577015568710407,0.000549011306424547
3299,5,5,0.9949445204307402,0.00035117261263097245,0.003335697369008346,0.0005688920544067432,0.00032466574586760327,0.9949445204307402,0.00047505178734612324
3300,4,4,0.9976492848472625,0.0005041737622570389,0.00042099207262066607,0.0005265006501024246,0.9976492848472625,0.00029492547995852537,0.0006041231877987039
3301,2,2,0.9959373419918037,0.00042706812150247454,0.9959373419918037,0.0006886882437164691,0.0008261185676533446,0.0006472512578755854,0.0014735318174483706
3302,5,5,0.9885471642809908,0.000510938738516149,0.008283794576218067,0.0008198692873809371,0.000629518463310721,0.9885471642809908,0.001208714653583439
3303,3,3,0.9978146829792938,0.0004047779478643027,0.00046025092709515986,0.9978146829792938,0.0004266269215899362,0.0005721102510934309,0.00032155097306351175
3304,4,4,0.9976961017683289,0.00045895721663997984,0.0004053127097847733,0.00048429658607273223,0.9976961017683289,0.0002928026719928655,0.0006625290471807779
3306,5,5,0.9910535271422479,0.00040571115321627675,0.007008212191825981,0.0005670981513195365,0.0004287328362083054,0.9910535271422479,0.0005367185251820262
3307,4,4,0.9973055879524076,0.0005254300592691002,0.00045856103514017925,0.0005692947155710092,0.9973055879524076,0.00031096991178182975,0.000830156325830227
3310,3,3,0.9978393051870076,0.0004270865025386676,0.00047736677647198253,0.9978393051870076,0.00040796001749958204,0.0005223434009972308,0.0003259381154849348
3311,4,4,0.9971534300966772,0.0004359105555582468,0.0005007385753181624,0.0008079272660218059,0.9971534300966772,0.0003384401481815037,0.0007635533582430982
3312,3,3,0.9977341802640667,0.00044843495894958743,0.00047768509410493727,0.9977341802640667,0.0005166845467163155,0.000439500665154506,0.00038351447100805325
3313,2,2,0.9971921596527792,0.0003396685782641409,0.9971921596527792,0.0005069633836788111,0.000555398267209281,0.000780463998888474,0.0006253461191800635
3314,6,6,0.99749240905028,0.0005702279024275826,0.0006884157611550419,0.00037425068720717367,0.00044626147829933155,0.00042843512063086723,0.99749240905028
3315,2,2,0.9971247594525777,0.0003776771136276599,0.9971247594525777,0.000536263463812506,0.0006180445214160699,0.000708155385571973,0.0006351000629940303
3316,5,5,0.9966664074427201,0.0003901875309864492,0.0012657506610948422,0.0006441487578854045,0.00035904357910929,0.9966664074427201,0.0006744620282039794
3317,5,5,0.9964046179579816,0.0004798263400379472,0.0010840063589704645,0.0008237300542985917,0.000383092137211209,0.9964046179579816,0.0008247271515001495
3321,2,2,0.9971720216999831,0.0003603778183999314,0.9971720216999831,0.0005224565205047497,0.0005694280639013758,0.0007990440647927884,0.0005766718324180771
3322,4,4,0.9976472483301468,0.0005091905592158871,0.00040334621188783693,0.0005044682297872615,0.9976472483301468,0.00029543019565354833,0.0006403164733086291
3324,2,2,0.9970251021496213,0.00037359585537232934,0.9970251021496213,0.0005520704520940307,0.0005706133739258887,0.0006586285297961578,0.000819989639190375
3325,2,2,0.9972107403676868,0.00036332367003711225,0.9972107403676868,0.0005278110301511039,0.0006100868553868961,0.0006230249042266884,0.0006650131725114666
3330,5,5,0.9964833222170608,0.000424934083863147,0.0013511668607155873,0.0006960137371851081,0.00033276856868390617,0.9964833222170608,0.0007117945324914328
3331,5,5,0.9963768698458393,0.0003631632343953254,0.001648392506821802,0.0005182706234527741,0.00036014711695988503,0.9963768698458393,0.0007331566725309546
3332,4,4,0.997638031996052,0.0004883044386058569,0.0004473286590982106,0.0005073686125654643,0.997638031996052,0.000318677702812625,0.0006002885908658464
3333,3,3,0.9978050506216809,0.0004288208111226683,0.00048511544768616634,0.9978050506216809,0.0004652482709636023,0.00048066066991451627,0.0003351041786321759
3334,6,6,0.9972325186800381,0.0004726035508003634,0.0005845832184988805,0.0005346408115056243,0.0005090650050217851,0.0006665887341351796,0.9972325186800381
3335,1,1,0.9963402354021187,0.9963402354021187,0.0003535570859964093,0.00034098478320491625,0.0004268354728891055,0.00028773198695383116,0.0022506552688370952
3336,3,3,0.9977965255603657,0.0004356533420215872,0.00046762232785326093,0.9977965255603657,0.00043331097845825264,0.0005214306823231369,0.0003454571089781142
3337,5,5,0.9964543845494743,0.00044143637649802185,0.0012865841031704534,0.0006867513475682711,0.0003811768357302433,0.9964543845494743,0.0007496667875587041
3338,2,2,0.9972324321799874,0.00029287151269024057,0.9972324321799874,0.0004461147426637489,0.0005101436679426268,0.0009641469751801562,0.0005542909215358611
3339,6,6,0.9964949656270354,0.0009200347276573323,0.0010279049338461205,0.00043040572923999605,0.0005060106717420908,0.0006206783104790393,0.9964949656270354
3340,4,4,0.997616916062736,0.0005100211831407552,0.00038555569486031603,0.0005332657119320404,0.997616916062736,0.00029784810829116263,0.0006563932390397476
3341,6,6,0.9955914686725441,0.0011868738175202166,0.0014598692461830016,0.00061388275602957,0.0007217681469043838,0.00042613736081870417,0.9955914686725441
3342,4,4,0.9975665507232369,0.0005105088194722593,0.00043690957093490854,0.00046724219330366266,0.9975665507232369,0.00033805186540459745,0.000680736827647703
3344,5,5,0.9963470970997014,0.0004945291861101156,0.0011174333851497527,0.0009386769657777395,0.00038740334477064555,0.9963470970997014,0.0007148600184904546
3345,1,1,0.9976186978756275,0.9976186978756275,0.0003247829906919288,0.0003483135240559025,0.00039595524128377955,0.00028027724018341027,0.0010319731281574992
3346,3,3,0.9977243292558043,0.00038906015869320706,0.0005155362791963762,0.9977243292558043,0.00056579475743458,0.000481460609061708,0.0003238189398098225
3348,2,2,0.9906238855297554,0.0003036942489751895,0.9906238855297554,0.000452851903058004,0.0005613379147430458,0.007201695772390157,0.0008565346310782482
3350,2,2,0.9973154388875981,0.0003450748822904719,0.9973154388875981,0.00048549003374516756,0.0005532016359375804,0.0007491676162983378,0.0005516269441303348
3351,2,2,0.9972455130053492,0.0002961431927087459,0.9972455130053492,0.0004854198888253462,0.0005241092681285267,0.000936988880876866,0.0005118257641112148
3353,6,6,0.9972596785279694,0.0007062345830708652,0.0006331545692360221,0.0004212530590350143,0.0005285801343629365,0.00045109912632573524,0.9972596785279694
3355,2,2,0.9967125008209045,0.0003487484711029437,0.9967125008209045,0.000642695131499726,0.0006390799121223691,0.0009025807955172078,0.0007543948688533456
3357,1,1,0.9979094983756761,0.9979094983756761,0.0003188678276681171,0.0003222074631496305,0.0003787060896150574,0.00026916151144457947,0.0008015587324465285
3358,5,5,0.9965484670482011,0.00044579643568965936,0.0011464033663430488,0.0006847749417578646,0.0003500808646809623,0.9965484670482011,0.0008244773433273746
3359,6,6,0.9978347945717826,0.0005640770164410087,0.0004595142074539287,0.0003402354841376391,0.00037747994452157777,0.0004238987756632418,0.9978347945717826
3360,4,4,0.9976370017562409,0.000506955008208901,0.00040960959603271685,0.0005188226767770724,0.9976370017562409,0.0003009641854833785,0.0006266467772570241
3363,5,5,0.9944359275956842,0.0004860079892607711,0.001530634504755274,0.002478509495682926,0.0003622197914270477,0.9944359275956842,0.0007067006231898227
3364,3,3,0.9978212971049572,0.0004208604953145533,0.000455577405748353,0.9978212971049572,0.0004381813192799518,0.0005403700450216358,0.0003237136296783132
3365,1,1,0.9979304559831917,0.9979304559831917,0.00038245387457841896,0.000387041103594467,0.0004304155285792592,0.0003454303124026558,0.0005242031976534347
3366,5,5,0.9967264275236234,0.00040210592760866017,0.0012555181009210096,0.0005804393637457483,0.00031693542753191163,0.9967264275236234,0.0007185736565692608
3367,4,4,0.9976031113934019,0.00047868094069880937,0.0004401139709368703,0.0005384513604715108,0.9976031113934019,0.00030479844794139427,0.0006348438865495782
3368,2,2,0.9973243914123102,0.00030695034262071913,0.9973243914123102,0.00046636026543574063,0.0005074959704606271,0.000783659959726429,0.0006111420494462923
3369,5,5,0.996536380762798,0.00037948289790892353,0.001541501736342482,0.0005884371970122609,0.0003292610366983001,0.996536380762798,0.0006249363692400326
3371,6,6,0.9969013600932568,0.0008521010469244099,0.0005449370185126113,0.0004965648822803211,0.0007569656341544731,0.0004480713248713658,0.9969013600932568
3373,2,2,0.9629266270223833,0.0016687831258720375,0.9629266270223833,0.0179734166813632,0.0075302827240459605,0.0023156755194241535,0.007585214926911383
3374,5,5,0.9964350633350295,0.00047370099578859776,0.0011352431224347292,0.0007507944375893425,0.0003896415358839483,0.9964350633350295,0.0008155565732739032
3376,2,2,0.9971569024982216,0.00037635695687814914,0.9971569024982216,0.0004948371425027373,0.0005916325287572743,0.0007086653808293064,0.0006716054928109848
3378,1,1,0.9978052186471317,0.9978052186471317,0.0003597375908131421,0.0004228332426116552,0.0004564254380604561,0.00031969616089646153,0.0006360889204867405
3380,2,2,0.996930237734736,0.0003299328172124494,0.996930237734736,0.0004705081801802912,0.0005778180998840781,0.0007803412821782292,0.0009111618858089483
3381,2,2,0.9968979256038936,0.0003904961767348328,0.9968979256038936,0.0005713955075942833,0.0006437386158282899,0.0006591514822536211,0.000837292613695427
3385,6,6,0.9969983394537796,0.0008145589621369049,0.0007159585576897388,0.0005106658359522065,0.0005808261510623871,0.0003796510393791498,0.9969983394537796
3386,3,3,0.9978234956386571,0.00042386185014289633,0.0005154365887434206,0.9978234956386571,0.0004337045038548014,0.0004750920141911692,0.00032840940441056454
3387,3,3,0.9978353060869728,0.00044045807800299796,0.0004895180309404714,0.9978353060869728,0.000425077866416068,0.0004723242722078419,0.0003373156654596569
3388,3,3,0.9977987981312665,0.000420677071166452,0.0005100465179441607,0.9977987981312665,0.0004529919543352491,0.0004886757511894283,0.0003288105740982296
3390,1,1,0.9978912285501036,0.9978912285501036,0.0003875878855194339,0.0003100648194325702,0.0003773097794471494,0.00027895255960686644,0.000754856405890406
3391,3,3,0.9977785389163466,0.0004351488716446021,0.0004900483487406452,0.9977785389163466,0.0004981689562998087,0.0004243165442614909,0.00037377836270688667
3392,1,1,0.9978547350772083,0.9978547350772083,0.0003809353671973806,0.0003437298465221451,0.00036886714416940926,0.0003096640178652921,0.0007420685470374124
3393,3,3,0.9978626812087265,0.00038370542485805875,0.0004909022458453138,0.9978626812087265,0.0004492487013090098,0.0004935831740900489,0.00031987924517109145
3395,1,1,0.9978938355092366,0.9978938355092366,0.00034240531936988324,0.0003232161482689264,0.00038594144161155147,0.00029487880065224897,0.0007597227808607839
3396,6,6,0.9972768479636933,0.000640916816150118,0.0007406955741179607,0.0003715248914881407,0.0004182649740652129,0.0005517497804852235,0.9972768479636933
3398,2,2,0.9955706200255002,0.00042031444289072434,0.9955706200255002,0.001520413121007297,0.0006742347749305771,0.001117706786934801,0.0006967108487364162
3400,5,5,0.9966950257893135,0.00033526808886696696,0.0015304868331535168,0.0005650664007672074,0.0003177467974075263,0.9966950257893135,0.0005564060904913894
3402,3,3,0.9976797873565378,0.00044851486071163923,0.0005064616067935725,0.9976797873565378,0.0005221655101123899,0.00044872577617462996,0.00039434488966997726
3403,5,5,0.9966187325443431,0.00037944315004461034,0.0012748090251331443,0.0006553694940757232,0.0003129885334838726,0.9966187325443431,0.0007586572529196148
3405,6,6,0.9977859558338272,0.0005233057466117762,0.00048223206242731215,0.00038128635477878615,0.0004065439401762952,0.00042067606217861456,0.9977859558338272
3406,3,3,0.9978710718790023,0.00038689591477745556,0.0004882964571639944,0.9978710718790023,0.00041081999174183735,0.0005364785484536526,0.00030643720886083266
3407,1,1,0.9978950266446989,0.9978950266446989,0.00039353868717439304,0.000371982498064677,0.0004307883314363148,0.00035373585111587227,0.0005549279875098668
3408,1,1,0.9978625538968338,0.9978625538968338,0.0003861728733867367,0.0004080125023570204,0.00044553368132436505,0.00039044412208483784,0.0005072829240132411
3409,2,2,0.9973299854242272,0.00031451514481261575,0.9973299854242272,0.0004576163970000251,0.0005051056079160174,0.0007220965317498267,0.0006706808942942521
3410,3,3,0.9978840608808989,0.00041082299202072943,0.00047751703659575003,0.9978840608808989,0.00042536827108258045,0.000491464552104118,0.0003107662672979437
3411,6,6,0.9963830676979006,0.001197235887692938,0.0008322988260415886,0.0005180203571793892,0.0006110848024126172,0.00045829242877287464,0.9963830676979006
3412,1,1,0.9978731558740904,0.9978731558740904,0.0003758380945175271,0.0004102253750728544,0.00045383650322268937,0.0003621089741091407,0.0005248351789873273
3413,2,2,0.9972755052859764,0.00034402603899805895,0.9972755052859764,0.00048604551017351986,0.0005535227684316808,0.0007200859648525651,0.000620814431567859
3414,4,4,0.9976535811910855,0.0005008199539205895,0.00041207484425722843,0.0005117544949554449,0.9976535811910855,0.00029333125485357214,0.0006284382609277612
3415,5,5,0.9966144643574955,0.0004139646179809733,0.0012985682998188457,0.0006331750040329639,0.0003597214480591072,0.9966144643574955,0.0006801062726127089
3417,2,2,0.9973680771196334,0.00031344975070285035,0.9973680771196334,0.00047161033261936485,0.0005049107912249414,0.0008431564534841589,0.0004987955523353408
3418,1,1,0.9979031525561858,0.9979031525561858,0.00040745787393175564,0.0003885091862575122,0.0004319068359015914,0.0003512176653019569,0.0005177558824214652
3419,2,2,0.9971774892667782,0.0003265088140860758,0.9971774892667782,0.000525725432014446,0.0005624826432336457,0.0008647905714790919,0.0005430032724085119
3420,3,3,0.9977348777979923,0.000427532195029498,0.0004899536016287123,0.9977348777979923,0.0004939189988969408,0.0004894484755003646,0.0003642689309522596
3421,5,5,0.9965473912062611,0.00047532884754151767,0.0011878015822992505,0.0007318039353155147,0.0003733826706460509,0.9965473912062611,0.0006842917579365303
3422,6,6,0.9973654317288424,0.0006224827479071279,0.0005774964325509924,0.0004666239333855778,0.0005133010649041247,0.0004546640924097308,0.9973654317288424
3423,3,3,0.9977514980065721,0.00042779666458838425,0.0005037829214652581,0.9977514980065721,0.0004961720954522832,0.00048258965841003847,0.00033816065351184664
3424,1,1,0.9976806331817203,0.9976806331817203,0.00036583119400481504,0.0003020619891721456,0.0003608001308036619,0.0002793531413711683,0.0010113203629279902
3425,5,5,0.996223567756564,0.00034837599337522875,0.0015123948670080923,0.000565925379556225,0.0003500401503988074,0.996223567756564,0.0009996958530977184
3428,6,6,0.9977179661456976,0.0005032445135100052,0.0005128946450966999,0.0004432747618081153,0.0004080368628933434,0.0004145830709942581,0.9977179661456976
3431,2,2,0.9969376128138433,0.0003669877553484993,0.9969376128138433,0.0007928938930283844,0.0006387330996098774,0.0006500644442980677,0.0006137079938719691
3432,4,4,0.997624892497565,0.0005163670688332625,0.00039758515974721345,0.000517083605195121,0.997624892497565,0.0002967906125465986,0.0006472810561127529
3434,4,4,0.9976429306348829,0.0004745883325733967,0.0004228051969055011,0.0005506531431475611,0.9976429306348829,0.0003026843758288039,0.0006063383166618597
3435,6,6,0.9976482182643005,0.0006453321216649216,0.0004727922388906837,0.00040132548122690615,0.00039983065022895136,0.0004325012436880689,0.9976482182643005
3436,4,4,0.9976797589880697,0.0004845140739451502,0.0003887195737530501,0.000523533549904264,0.9976797589880697,0.0003055174277457669,0.0006179563865820682
3437,3,3,0.9978860839630581,0.0004064678257051642,0.00047837582966952586,0.9978860839630581,0.0004279870250880314,0.0004843601597791902,0.00031672519669999176
3438,3,3,0.9978531566110111,0.00040998603202643916,0.0004417049889588372,0.9978531566110111,0.0004244381219319045,0.0005212705294468778,0.0003494437166248497
3440,5,5,0.9963914516826199,0.00041934442298695426,0.0013313602807543594,0.0007221738753816167,0.0003822622730508824,0.9963914516826199,0.0007534074652063004
3441,2,2,0.9966827644393339,0.0004203331739152781,0.9966827644393339,0.0005941630588011056,0.0007285817855372539,0.0007917415834802979,0.0007824159589321332
3442,2,2,0.9971313390952493,0.0003872833006826528,0.9971313390952493,0.0004977632154815322,0.0005883141952347741,0.0006653230463774439,0.0007299771469743207
3443,5,5,0.9901926042107226,0.00033106633995665433,0.007927105404515493,0.0006595497147733153,0.0003846283058103464,0.9901926042107226,0.0005050460242215038
3444,2,2,0.9967104113585322,0.00033272918968110614,0.9967104113585322,0.0006614617249818387,0.0006301623018159758,0.0007555701241335757,0.0009096653008552886
3445,1,1,0.9979042435449481,0.9979042435449481,0.0003588417826349873,0.00039829618912070745,0.00044819927884387603,0.00032081890634697637,0.0005696002981053851
3446,5,5,0.996586391960983,0.0004356088829394045,0.0014209705855704885,0.0006140299648046002,0.000369126977260922,0.996586391960983,0.0005738716284415988
3447,4,4,0.9976705758785741,0.000486747005108482,0.0004048478572221636,0.0005394616145677787,0.9976705758785741,0.00028697293688152774,0.0006113947076459767
3448,1,1,0.996405247463038,0.996405247463038,0.00038916400658208606,0.00039544985115474106,0.0004910939036056111,0.00026451644794354577,0.0020545283276761058
3449,2,2,0.9967606539778439,0.0002411258001268378,0.9967606539778439,0.0004295454433702135,0.00046059509362415287,0.0015892841850352793,0.0005187954999996645
3450,6,6,0.9975010072113007,0.000702870114428723,0.0005179985575585584,0.00039378739002432505,0.0004972575370969653,0.00038707918959068866,0.9975010072113007
3451,4,4,0.9976660054720193,0.0004921168458640084,0.00040065002561584566,0.0005404648277118824,0.9976660054720193,0.00029370721435407565,0.000607055614434909
3453,6,6,0.9970920729552808,0.0009189510030623445,0.0005719083497676975,0.00043890919109982745,0.0005132907867221792,0.0004648677140671233,0.9970920729552808
3454,5,5,0.996454989834736,0.0003914307416614455,0.0016846307305462978,0.0005350374401049972,0.0003569051033151715,0.996454989834736,0.000577006149636066
3455,3,3,0.9977735994935525,0.00040960044618398476,0.0005052757974813568,0.9977735994935525,0.0004934186639825341,0.00046762425888607537,0.0003504813399135433
3457,6,6,0.997010122051712,0.0009187326744522618,0.0006777999875852663,0.0003699395203319335,0.0005047253268470534,0.0005186804390714444,0.997010122051712
3458,2,2,0.9971615474816635,0.0003557230371738392,0.9971615474816635,0.0005177356276943101,0.0005904956141993454,0.0007819707701689284,0.000592527469100103
3462,1,1,0.9978031945870787,0.9978031945870787,0.00041382841049054475,0.00042856347499825294,0.0004641735513445581,0.00038673717018725964,0.0005035028059007931
3463,5,5,0.9965648705087444,0.00041465319300225184,0.0012027568228090968,0.0006524396821795448,0.00035401021416633477,0.9965648705087444,0.0008112695790983607
3468,3,3,0.9978447382997283,0.00041602699217966504,0.0004781432128423585,0.9978447382997283,0.0003728731693272264,0.0005830292604021836,0.0003051890655202468
3470,2,2,0.9970368139351788,0.0003825591408546741,0.9970368139351788,0.0004958588393378209,0.0005756483292507806,0.0009530231465824588,0.0005560966087953854
3472,3,3,0.9962059934381265,0.0006344804271668672,0.0007518376151064285,0.9962059934381265,0.0006669435985574003,0.0005384631586942773,0.0012022817623484863
3473,2,2,0.9950844938361157,0.0003677859162569724,0.9950844938361157,0.0005918278522549232,0.0006841074755603415,0.0014319263734467274,0.0018398585463652625
3474,6,6,0.9978271592267829,0.0005232210631576415,0.0004601039905551209,0.00041237830478472234,0.0004135875981004478,0.00036354981661920776,0.9978271592267829
3475,5,5,0.9961675544700387,0.000354297747209758,0.001989463956714625,0.0005446883553327547,0.00030632485218927684,0.9961675544700387,0.0006376706185148997
3476,6,6,0.9950509113106107,0.0016228003920393545,0.0009524311223372011,0.0008129439213087705,0.0009335480925274591,0.0006273651611765113,0.9950509113106107
3478,3,3,0.9977218369340267,0.00041630991618647354,0.0005035892175009117,0.9977218369340267,0.0005259963726718485,0.0004858520920036534,0.00034641546761036664
3480,2,2,0.9970758472586767,0.00034367174357601005,0.9970758472586767,0.00048718854252527465,0.0005894880339346439,0.0008036104879205172,0.0007001939333668279
3481,3,3,0.997776907849943,0.0004520557042050065,0.0005251056188625974,0.997776907849943,0.0004411572221111883,0.0004706343377740429,0.0003341392671041845
3482,3,3,0.9978019030314204,0.000440994567253751,0.00048345566157554943,0.9978019030314204,0.0004618234815290989,0.0004667034957115408,0.0003451197625096738
3483,3,3,0.9977216349575395,0.00044841649207294623,0.0004883395850909634,0.9977216349575395,0.0004705746065794757,0.0004968834221678742,0.00037415093654903387
3484,2,2,0.9971103452324912,0.00038413402226333186,0.9971103452324912,0.0005503279599631679,0.0006132683717698547,0.0007048541715880555,0.000637070241924434
3485,3,3,0.9978240060156376,0.00044059238239997444,0.0004856060806958823,0.9978240060156376,0.00043426515187474106,0.000493136609010767,0.00032239376038114886
3486,4,4,0.9976333125399315,0.0004936366332570996,0.0004225213671414904,0.0005220189790332042,0.9976333125399315,0.0002992724108578803,0.0006292380697788744
3491,1,1,0.997896958175203,0.997896958175203,0.00035913527608926143,0.0004032684960879253,0.0004367197088475453,0.000340844654993341,0.0005630736887790407
3492,6,6,0.9974287924043342,0.0006864860480991251,0.0006222472031072844,0.0003862356953535553,0.0004772258779551173,0.0003990127711507232,0.9974287924043342
3494,5,5,0.9915109384407284,0.0005433912215138822,0.004172367089087287,0.0006179786936410834,0.00045795474349338096,0.9915109384407284,0.002697369811536015
3496,1,1,0.9978449514525505,0.9978449514525505,0.00034913508583104776,0.0003329265802971218,0.0003969565217912769,0.00027521650659041643,0.0008008138529396414
3498,5,5,0.9965403356740339,0.0003640422612394504,0.0012353215163260843,0.0006643918431125157,0.0003318618678209589,0.9965403356740339,0.0008640468374671235
3499,4,4,0.9974934778695373,0.000491568106590966,0.0005065790470178276,0.0005120924182992927,0.9974934778695373,0.0003079865333596479,0.0006882960251948819
3500,3,3,0.9978253151396945,0.0004102098180837194,0.00048059547721947157,0.9978253151396945,0.000429467384807809,0.0005188090367973122,0.00033560314339722196
3502,3,3,0.9978214051336795,0.0004255675984049891,0.0004586422666828311,0.9978214051336795,0.00043202367171957267,0.0005220504008831842,0.0003403109286299769
3503,3,3,0.9973345732857699,0.0004843826915592114,0.0006087737842029662,0.9973345732857699,0.0007282928078624583,0.00045996434269838957,0.00038401308790716386
3504,1,1,0.997869955258354,0.997869955258354,0.00037290428971971726,0.0003191317331346603,0.00037321095677719676,0.00032131248312203226,0.0007434852788923648
3505,3,3,0.9978732394277308,0.0004192355483503108,0.00043894780658368534,0.9978732394277308,0.00040440426467512993,0.0005369654672729299,0.0003272074853871919
3506,4,4,0.9976650893290705,0.0004758526841607333,0.0004059097239579143,0.0005482962161782518,0.9976650893290705,0.00028921935089701827,0.000615632695735569
3507,3,3,0.9977846789591268,0.0004219411659758856,0.0005241463684501403,0.9977846789591268,0.0004338073797866882,0.0005024317094037901,0.00033299441725667797
3508,6,6,0.9976532567798911,0.0005599063314706224,0.0005306867856118155,0.0004058507422036667,0.00043778448205440815,0.0004125148787683434,0.9976532567798911
3510,4,4,0.9976411277701348,0.0004950554770704455,0.0004140027707784482,0.0005088968502996188,0.9976411277701348,0.00029212161360393584,0.0006487955181127892
3511,2,2,0.9969181191240053,0.00039604906140430687,0.9969181191240053,0.0005301046433149307,0.0006482436871025431,0.0006779598085973345,0.0008295236755755432
3512,2,2,0.9968495349672413,0.00029812411500230497,0.9968495349672413,0.0005744371779141108,0.000565836180609253,0.0009709681014729602,0.0007410994577601588
3513,6,6,0.9973294170687328,0.0007699817798320268,0.0005440117949166182,0.0004339733031914773,0.0004889610878151039,0.0004336549655119524,0.9973294170687328
3514,4,4,0.9976248526038779,0.0004859190852592536,0.00042898509310408385,0.0005414301619852303,0.9976248526038779,0.0003044187149323219,0.000614394340841256
3515,6,6,0.997434123626232,0.0006297346831429763,0.0006050441564480395,0.000464031988027519,0.0004404951663265871,0.00042657037982292607,0.997434123626232
3517,2,2,0.9970859701824034,0.0003851451136510707,0.9970859701824034,0.0005519409873099902,0.0006198626405862898,0.000648106513917977,0.0007089745621312054
3518,2,2,0.9971440653562247,0.00036464478108411456,0.9971440653562247,0.0005798970360140743,0.0005945202559483819,0.000646373911528275,0.0006704986592005732
3519,6,6,0.9972810826508417,0.0007809878507011045,0.0005878576241841113,0.0004015414193398202,0.0005385828597588465,0.00040994759517446296,0.9972810826508417
3522,4,4,0.9975369059948297,0.0004484673347121352,0.0004234143236821023,0.0005286177032746199,0.9975369059948297,0.00033098321687357663,0.0007316114266279609
3523,2,2,0.9947706163687188,0.0003878512187005969,0.9947706163687188,0.0006642785355662767,0.0007225820080407613,0.0009571296101132686,0.0024975422588602992
3525,4,4,0.9976389670008313,0.0005028216533114066,0.0004171820874412731,0.0004987171982020056,0.9976389670008313,0.0003241493626376243,0.0006181626975764158
3526,3,3,0.9978369521329591,0.00043494219318270964,0.0004918166403915396,0.9978369521329591,0.0004204370759790672,0.0004983551655709259,0.00031749679191672177
3527,6,6,0.9976456159264749,0.0005853557141219152,0.0005512612150098077,0.0003556907678361645,0.00041526386758243257,0.00044681250897477784,0.9976456159264749
3528,1,1,0.9978257242451676,0.9978257242451676,0.0004013270439164015,0.00041461460358607316,0.00047111274373485293,0.0003497860435952807,0.0005374353199998082
3530,1,1,0.997833352418137,0.997833352418137,0.00032872192859974904,0.00033916266626916685,0.0004030182482397264,0.0002764201312361729,0.0008193246075182025
3531,5,5,0.9964708056767217,0.0004509841368006254,0.0013934046682305596,0.0006460693526997957,0.0003827743044927405,0.9964708056767217,0.0006559618610545396
3533,5,5,0.9964868473079379,0.0004544620500891725,0.001127207589599677,0.0008921598873057278,0.0003704768983390169,0.9964868473079379,0.0006688462667285107
3534,1,1,0.9979058334957621,0.9979058334957621,0.00039129323459953915,0.000365232882560041,0.00037964198332681625,0.0003375086065526458,0.000620489797198805
3535,3,3,0.9978591912997969,0.0004196540733003374,0.0004992436790694784,0.9978591912997969,0.0004143488524014844,0.0004893549540676302,0.00031820714136413257
3536,5,5,0.9966442170263763,0.0004205430778399881,0.001372630116490435,0.000575515253655056,0.00035484711264115355,0.9966442170263763,0.000632247412997038
3537,3,3,0.9977801584438503,0.0004075772943822922,0.00047935822614484736,0.9977801584438503,0.0004933063826093023,0.0004896392417117962,0.00034996041130159875
3539,6,6,0.9975927166388973,0.0006015748183284222,0.0005774416318149876,0.0004194407828131474,0.00045050888804294345,0.00035831724010326277,0.9975927166388973
3540,5,5,0.9965532753310068,0.0004308664532907694,0.0013609003146847832,0.0006086421037415789,0.0003869672552303789,0.9965532753310068,0.0006593485420457665
3542,4,4,0.9975393309415818,0.0005259498351320842,0.0004151635802519727,0.0005368712795739953,0.9975393309415818,0.00032204736554574954,0.0006606369979144554
3544,2,2,0.9962610253858801,0.00046175169540145614,0.9962610253858801,0.0007333993888010135,0.0007904851532610146,0.0009021517155812365,0.0008511866610751497
3545,3,3,0.9978465018412876,0.0003951015893900117,0.0004645745876030225,0.9978465018412876,0.0003910133451495818,0.0005943691463144625,0.00030843949025529467
3546,3,3,0.9979014112741487,0.00040209614256614114,0.0004594322653907786,0.9979014112741487,0.00041274834920955147,0.0005242179508562413,0.00030009401782863987
3547,4,4,0.997383305198018,0.000443735862299822,0.0004631411324645841,0.0006272699738672524,0.997383305198018,0.00032537622894197903,0.0007571716044084018
3548,2,2,0.9960026095702651,0.0005119008103204211,0.9960026095702651,0.0007244044646170004,0.0009023697885742044,0.0007319282122064675,0.0011267871540169637
3550,2,2,0.9971902142829431,0.00039830813014713395,0.9971902142829431,0.0005125554382105647,0.0005981440544192615,0.0006849068939553215,0.0006158712003246021
3551,2,2,0.9956951140693537,0.00044279051296978284,0.9956951140693537,0.0008797118899850717,0.000832764215660936,0.0008880069463328519,0.0012616123656976124
3552,5,5,0.9963094927293067,0.0004043678190631676,0.001794889164008546,0.0006179762630019268,0.0003782371768390928,0.9963094927293067,0.0004950368477806507
3553,4,4,0.997677288709882,0.0004941703619986746,0.00041513865615055935,0.0005180540106849334,0.997677288709882,0.00029950431776400545,0.0005958439435198046
3554,2,2,0.9973053479683865,0.0003211273142183932,0.9973053479683865,0.0004924642629993676,0.0005421230789166328,0.0007938140992320788,0.0005451232762469681
3555,4,4,0.9976283385263812,0.00048240033012347436,0.0004039358252460229,0.0005652994436229639,0.9976283385263812,0.00027856514494000996,0.0006414607296863888
3556,1,1,0.9978919484716694,0.9978919484716694,0.0003858549407813177,0.00036118074277149634,0.000413976545667839,0.00031096735181903353,0.0006360719472909457
3558,3,3,0.9978433124595321,0.00043014407650833583,0.000490833212921749,0.9978433124595321,0.00041947391454390676,0.0004877026014177893,0.00032853373507618476
3559,1,1,0.997870609243298,0.997870609243298,0.0004018081124984924,0.00040968343475053135,0.0004304046935775561,0.00035562088446363933,0.0005318736314118473
3560,5,5,0.9966156814794443,0.0003763320756126722,0.001292699448055457,0.0006467841277896206,0.0003303106553915802,0.9966156814794443,0.0007381922137063545
3562,3,3,0.9977300140850881,0.00039673428254313867,0.00045994951547845823,0.9977300140850881,0.0004975066675642509,0.0006145927089652928,0.0003012027403608235
3563,5,5,0.9965799994141138,0.0004479653434217188,0.00113607504924876,0.0007089717084899978,0.0003649668414020322,0.9965799994141138,0.0007620216433237535
3565,3,3,0.996957775637399,0.0005445958726549354,0.0008181490861395885,0.996957775637399,0.0005661885838941612,0.0005112807220247572,0.0006020100978876397
3566,5,5,0.9967816419657551,0.00037320909030368304,0.001195609285512817,0.0006280716967596195,0.0003281628775578351,0.9967816419657551,0.00069330508411087
3567,2,2,0.9899950475328018,0.000560038622742875,0.9899950475328018,0.0004801355465259951,0.0007645344019753288,0.005386969600962985,0.002813274294991061
3568,1,1,0.9979482821441467,0.9979482821441467,0.0003624985011813922,0.0003391989919183242,0.00038694152910747335,0.00032595881473153956,0.0006371200189146131
3569,3,3,0.9974946141359535,0.0004864769464435887,0.0005885537919965689,0.9974946141359535,0.000560102413590813,0.00046533266613940703,0.00040492004587605444
3570,2,2,0.9963538914926859,0.0003450655296673537,0.9963538914926859,0.0008883652865693989,0.0006526322861808837,0.0010613153275834827,0.0006987300773129484
3572,6,6,0.9972449093547285,0.000491098478748642,0.0007331759805512451,0.0005948781350947077,0.00039507604060906294,0.0005408620102677605,0.9972449093547285
3574,2,2,0.9967214551723602,0.00034901929524166824,0.9967214551723602,0.0006926179444543382,0.0006422992898208733,0.0008872258657002306,0.0007073824324227623
3575,4,4,0.9976507245817604,0.00047817933148422176,0.0004325417349080388,0.0005001257134183607,0.9976507245817604,0.0003129214212585614,0.000625507217170386
3576,2,2,0.995679025840156,0.00043824248063623224,0.995679025840156,0.0007314876894744396,0.0008615749515473432,0.0007929660428410962,0.0014967029953449461
3578,2,2,0.9959422174955748,0.00043405152523840493,0.9959422174955748,0.0008258988907068546,0.0007858675645429256,0.0007639390523522778,0.0012480254715847622
3579,3,3,0.9977920042012628,0.00040710739711209096,0.0004974566405632215,0.9977920042012628,0.00046978855700208086,0.0004835861898864487,0.00035005701417340374
3580,1,1,0.9974396838115615,0.9974396838115615,0.0004241125684409717,0.0003688540243958297,0.0004517844339220181,0.00031153033062298095,0.001004034831056753
3581,4,4,0.9975930770830315,0.00046027555246769253,0.00040872065028126406,0.0005094429219890318,0.9975930770830315,0.0003067248822996338,0.0007217589099308966
3582,4,4,0.9976732027836287,0.0005035978319037036,0.00040428000476826155,0.0005008027585982479,0.9976732027836287,0.0002801354202288823,0.0006379812008722251
3586,6,6,0.9978010734450333,0.0005415763956491675,0.0004912693153506542,0.0003470640166186795,0.0004194519999577971,0.0003995648273903329,0.9978010734450333
3587,5,5,0.9964775839953935,0.0004159029881584576,0.0011944736099322724,0.0008170448057255458,0.00035349273910754444,0.9964775839953935,0.0007415018616826826
3588,3,3,0.9977588196728999,0.0004278471484812029,0.0005106846014111481,0.9977588196728999,0.0004784274849626932,0.0004900234996090731,0.00033419759263599713
3589,3,3,0.9978328009171709,0.00042456672252750536,0.0005004207317691258,0.9978328009171709,0.00045134608734611985,0.0004601783137871081,0.00033068722739932325
3590,2,2,0.9966174215625007,0.0002904311591354007,0.9966174215625007,0.0004945338818826723,0.000510857233541201,0.001527330623765011,0.0005594255391750652
3591,3,3,0.9977715423866054,0.0004180123718095713,0.0004949250049038804,0.9977715423866054,0.0004799196813829443,0.0005162253995227625,0.00031937515577544836
3592,6,6,0.9976553162404616,0.0006334102641136056,0.0005535257757339669,0.00034832516466634184,0.0004052802865264644,0.0004041422684980323,0.9976553162404616
3593,1,1,0.997952799253985,0.997952799253985,0.00036275431175845837,0.00036956786839431794,0.0004137811314680002,0.00031984469669252475,0.0005812527377017435
3594,4,4,0.9976314763849138,0.0005103200326052136,0.00039609817392922476,0.0005368604571003257,0.9976314763849138,0.0002970836785448447,0.0006281612729066449
3596,4,4,0.9976057727027379,0.0004992306805675983,0.00040655077546240175,0.0005105573103411642,0.9976057727027379,0.0002931776666591929,0.000684710864231775
3597,6,6,0.9970965688689005,0.0007643895456214399,0.0006555768394923594,0.0004473997823525212,0.0005297676122749444,0.0005062973513582469,0.9970965688689005
3598,2,2,0.9940436847532146,0.0005212582373592272,0.9940436847532146,0.002556689177480926,0.0009217678791398373,0.0008784362903268365,0.0010781636624784016
3599,2,2,0.9972451320715012,0.0003584681909214344,0.9972451320715012,0.00047323328950020537,0.0005760280997531217,0.0007511587590950164,0.0005959795892289408
3600,5,5,0.9960349071418243,0.0004782957485960976,0.0011810188725171753,0.0007848546853647142,0.0003597732818959703,0.9960349071418243,0.0011611502698017642
3601,4,4,0.9972198920932237,0.0004438218768576696,0.0005867140551751801,0.0007171294799346881,0.9972198920932237,0.00028768573892907844,0.0007447567558795042
3602,1,1,0.9978936297344896,0.9978936297344896,0.0003816564104863997,0.00035841811062846645,0.00039175407055113613,0.0003140402169763267,0.0006605014568681343
3604,4,4,0.9976622896009003,0.00048699694824663183,0.00041210298570904506,0.0005291529728624587,0.9976622896009003,0.00028358504180435446,0.0006258724504772487
3607,2,2,0.997274094395098,0.00035401881678599924,0.997274094395098,0.0005129252061933644,0.0005674235835661766,0.0006973407535867601,0.0005941972447697948
3608,2,2,0.9969237379471798,0.00041391676943665687,0.9969237379471798,0.0005876941101059483,0.0007460641158661201,0.0006763420487721638,0.0006522450086392683
3609,1,1,0.9977255761333866,0.9977255761333866,0.0003388972823798066,0.0003435220261439728,0.0003888646257778442,0.0002904489550686331,0.000912690977243235
3610,6,6,0.9977802152478433,0.000619914294557011,0.00045759688483221596,0.00037545991296391017,0.00041076809629261634,0.0003560455635108639,0.9977802152478433
3611,3,3,0.9977986498521201,0.0004363494932097196,0.0004932167497147301,0.9977986498521201,0.00044261738162550254,0.000488870499966819,0.00034029602336311474
3612,5,5,0.9913879949985948,0.00041091336177914576,0.0025486540263359074,0.000581798709387677,0.0004064275012056054,0.9913879949985948,0.004664211402696894
3615,6,6,0.9973774058185363,0.0006835821620170417,0.000537441350421924,0.00042060125699589965,0.0004862880500349887,0.0004946813619938085,0.9973774058185363
3616,6,6,0.997569437469711,0.0006325414056295656,0.000545151154451532,0.00044817153985258806,0.00043759555652452225,0.00036710287383070306,0.997569437469711
3618,6,6,0.9964832743224115,0.0013117186916149382,0.0007523507157159377,0.0003542431171921333,0.0004993249069499734,0.0005990882461155885,0.9964832743224115
3619,1,1,0.9977839353000953,0.9977839353000953,0.00032278290200633093,0.0003829719574639947,0.000396298311668624,0.00030987715639976083,0.0008041343723659623
3620,4,4,0.9976895506789927,0.00047194911337521226,0.00040073552805842456,0.000518669466353476,0.9976895506789927,0.00028705205895989696,0.0006320431542603997
3621,6,6,0.9974106931162148,0.0006069416864267612,0.0006021825117577903,0.0004484798313257181,0.0004936356456663922,0.0004380672086086182,0.9974106931162148
3623,3,3,0.9977838285515029,0.00044099075110453273,0.00048538602462538304,0.9977838285515029,0.0005236625380032226,0.0004225265245695428,0.00034360561019436707
3624,3,3,0.9977743013622942,0.0004414283896249672,0.0005012152242833155,0.9977743013622942,0.00045963929659686515,0.00046698463773109963,0.00035643108946958933
3625,4,4,0.9975978562260644,0.0004893761277697912,0.0003945293361670436,0.0005479309963836674,0.9975978562260644,0.0003151701476781589,0.0006551371659368962
3626,4,4,0.9976823248623681,0.0005000027554342299,0.00040683388611320733,0.0005075130570300489,0.9976823248623681,0.00028858240458639705,0.000614743034468031
3627,4,4,0.9976476196627172,0.00046555207751452365,0.00039198594425148583,0.0005351982739188548,0.9976476196627172,0.0002996208313074765,0.000660023210290497
3628,1,1,0.9978864417754023,0.9978864417754023,0.0003720775711439328,0.0003979621646509526,0.0004485204869885411,0.00036820018483495827,0.0005267978169794473
3629,1,1,0.9977409399412787,0.9977409399412787,0.00034637602147686853,0.0003456368715273712,0.0004165297539596473,0.00025785122442459525,0.0008926661873328866
3631,2,2,0.9970253101516942,0.00031010495123357266,0.9970253101516942,0.00048416049644465516,0.0005094645307756008,0.001174873089357532,0.0004960867804944714
3632,2,2,0.9967653157544962,0.00042207830515706763,0.9967653157544962,0.0006201557911275041,0.0007289670904808551,0.0006042697572574196,0.0008592133014809332
3633,3,3,0.9978228432555183,0.0004365292618864141,0.00048255834140346774,0.9978228432555183,0.00046348886984219075,0.0004607781970591123,0.00033380207429055116
3634,4,4,0.9976451188420579,0.0005031245122035609,0.00041834363483270247,0.0005241622725602455,0.9976451188420579,0.0003026019304958769,0.0006066488078497395
3636,2,2,0.9972340104307711,0.0003767047624463405,0.9972340104307711,0.0005293752042689983,0.0005914354608118894,0.0006703101075577076,0.0005981640341440834
3637,4,4,0.9976380473468304,0.0004989669246744367,0.00040004723085742524,0.000531692317442538,0.9976380473468304,0.00029141783038616904,0.000639828349809069
3638,1,1,0.9977858302675027,0.9977858302675027,0.0003194089789323521,0.00031547766299474557,0.00043227699867403485,0.00025551766619423414,0.000891488425701976
3639,1,1,0.9978130124513314,0.9978130124513314,0.0003808126720464137,0.00042978454793573346,0.0004514869521395695,0.0003861308726970541,0.0005387725038499509
3640,4,4,0.9976345544277979,0.0004919242466777925,0.00040096956469390615,0.0005434070613677184,0.9976345544277979,0.00029513356996517005,0.0006340111294975312
3641,6,6,0.9969969646926203,0.0010389133466895675,0.0005660348494685328,0.0004299768332501763,0.0005319986776129097,0.00043611160035853013,0.9969969646926203
3643,1,1,0.9979755860775938,0.9979755860775938,0.00034201367168352917,0.0003408209967847574,0.00038404833142720963,0.0002947429712282058,0.0006627879512824892
3644,1,1,0.9978706678788134,0.9978706678788134,0.0003957826239459078,0.0004083685185236476,0.000441147787814473,0.0003769258427850706,0.0005071073481175486
3645,5,5,0.9964987625695066,0.0003504003895260157,0.0017787048009562539,0.0005253904109650181,0.0003274224192637691,0.9964987625695066,0.0005193194097823151
3646,2,2,0.99685375307397,0.0004499755917528225,0.99685375307397,0.0005948523793265801,0.0006728328997071983,0.000630987873594939,0.0007975981816485034
3647,1,1,0.9977945600453461,0.9977945600453461,0.00036543881704116866,0.0003424600638953023,0.0003992285365183221,0.00027936747486479786,0.0008189450623343532
3648,5,5,0.9964590928235234,0.00042117810158974033,0.001275501480022615,0.0006239277007528376,0.0003861587711613422,0.9964590928235234,0.0008341411229501335
3649,6,6,0.9976358580066982,0.00044233250820126057,0.0005172584292126435,0.0003847151302162607,0.00037430346752737785,0.0006455324581443011,0.9976358580066982
3650,5,5,0.9958334499207377,0.0003671172503224065,0.002361754779693714,0.0005687967944054788,0.0003832195565601744,0.9958334499207377,0.0004856616982804625
3651,1,1,0.9980198413880534,0.9980198413880534,0.00033471725502599083,0.0003201820741084113,0.00036066768615210536,0.0002985042600314757,0.0006660873366286068
3654,4,4,0.99766700046447,0.0004921905571469808,0.00040240136528622064,0.0005183239354430489,0.99766700046447,0.00030548903970035714,0.0006145946379534202
3656,4,4,0.9975375661442225,0.0005395800437177691,0.00041837231622782417,0.0004908049947498702,0.9975375661442225,0.00030269283197010654,0.0007109836691118925
3657,2,2,0.99572731364342,0.00027718447335410465,0.99572731364342,0.00045781897852702067,0.0005284934905087388,0.0024999978148118824,0.0005091915993780359
3658,6,6,0.997495688524965,0.0005612248662049556,0.0006237877393230804,0.0005087408821790671,0.00044388916746972916,0.00036666881985821756,0.997495688524965
3659,4,4,0.9976601878809295,0.0004770940128089879,0.0004016925343551396,0.0005203986801946866,0.9976601878809295,0.00029839643061463085,0.0006422304610971124
3662,2,2,0.9971915559735477,0.0003842228415846153,0.9971915559735477,0.0004911152972028505,0.0005987560995746121,0.0007163732288456391,0.0006179765592446779
3663,3,3,0.997714022976285,0.0004526520698884821,0.000521890983397546,0.997714022976285,0.0005257575436127484,0.0004482792194486447,0.00033739720736760336
3664,6,6,0.9976265109072754,0.0006314378289197393,0.0005596537529907786,0.0003634716949845962,0.00042133470993089244,0.0003975911058986439,0.9976265109072754
3665,3,3,0.9977028982916489,0.0004857518370892595,0.00047430917272783053,0.9977028982916489,0.00044154329845548697,0.0005557235490701509,0.0003397738510083647
3666,5,5,0.9965171855438372,0.0004552970950348386,0.0014435171675409352,0.000604906296546734,0.0003989645063717595,0.9965171855438372,0.0005801293906685461
3668,5,5,0.9957698552100825,0.00043807373304640735,0.0013147401204656854,0.001431826001184441,0.0004377598773209681,0.9957698552100825,0.0006077450578999523
3670,2,2,0.9971308120850568,0.00037807168006379364,0.9971308120850568,0.0005837648064338411,0.0006099652387870871,0.0006423146702369396,0.0006550715194215342
3671,2,2,0.7488341742951575,0.0029022839583780187,0.7488341742951575,0.0029946367039192156,0.003739272915401592,0.003920232626883058,0.23760939950026072
3673,4,4,0.9976265814252829,0.0005175536970394968,0.00041654358779506985,0.00047921979129577323,0.9976265814252829,0.000317642138333863,0.0006424593602528972
3674,2,2,0.9969662583358181,0.00026285178845242285,0.9969662583358181,0.00041434064254695154,0.0004654784339244112,0.001423858097049887,0.0004672127022082248
3675,5,5,0.9963933307043541,0.00044287162101800716,0.001170563474274792,0.0006699465900975608,0.0003234128744599906,0.9963933307043541,0.000999874735795573
3676,5,5,0.9943628959986851,0.00040974150524243175,0.0018731373187496172,0.000866905027756033,0.0006048527242406216,0.9943628959986851,0.0018824674253262337
3677,6,6,0.9977993753589216,0.0005024410395775903,0.0004793942101159463,0.0004278117140761667,0.00040854521040204736,0.00038243246690662885,0.9977993753589216
3678,3,3,0.9971127356846257,0.0005668450525468743,0.0005767967579726628,0.9971127356846257,0.0006283926680977651,0.0004980630397628619,0.0006171667969941607
3679,4,4,0.997652584438673,0.0005047798592870604,0.0004077679744816454,0.0005011708097085551,0.997652584438673,0.00031399249381174765,0.0006197044240380465
3681,3,3,0.9977790464734757,0.000407834032401852,0.00048415166633105185,0.9977790464734757,0.00040796997639052865,0.0005992899965206093,0.0003217078548803133
3682,1,1,0.9980080999458572,0.9980080999458572,0.0003383531273719821,0.00034621380932208363,0.00038943203315551907,0.00030779061573908576,0.000610110468554237
3683,5,5,0.989647606554438,0.0007518774338980473,0.006145330115300281,0.0020402745092939073,0.00041949795081434963,0.989647606554438,0.0009954134362554095
3685,3,3,0.9943401307651498,0.0007511701751196099,0.0012567915779983256,0.9943401307651498,0.0005579617289093702,0.0017608683824656204,0.0013330773703573726
3686,3,3,0.9978146622445698,0.000440320672503342,0.00047971002974811413,0.9978146622445698,0.00043546851095967507,0.0004981646232499435,0.0003316739189691745
3687,4,4,0.9976614874817351,0.00047652671534080077,0.0004405468715268511,0.000504062344545807,0.9976614874817351,0.0003020294001217209,0.0006153471867297103
3688,3,3,0.9978368109106784,0.00042334695510779186,0.0005015132113535435,0.9978368109106784,0.00043081968403635147,0.00048135924446568424,0.0003261499943582572
3689,5,5,0.9965141796202319,0.0004343343544964584,0.001235161225312008,0.0006916624279904799,0.0003793324267790848,0.9965141796202319,0.0007453299451900767
3690,3,3,0.9978671226892457,0.000390589836823916,0.0004607663533934971,0.9978671226892457,0.0004329314528432228,0.0005197637988104581,0.00032882586888331695
3691,2,2,0.9971474383896278,0.00032816185981193497,0.9971474383896278,0.0004224042300737091,0.0005331731240949459,0.0010746676158704563,0.000494154780521129
3693,6,6,0.9978262349124352,0.0005629535144998368,0.00042755421942643386,0.00037503472355720493,0.000392915885519531,0.00041530674456187493,0.9978262349124352
3694,2,2,0.9972388907756393,0.00039712290813855933,0.9972388907756393,0.0005100112259136606,0.0006017378280747914,0.0006818127697293119,0.00057042449250436
3695,3,3,0.9978496118248433,0.0004063969942104154,0.00044199121269553054,0.9978496118248433,0.0004175145413437457,0.0005441937982224679,0.00034029162868459163
3697,4,4,0.997692662953351,0.0004842551810435797,0.0004082565354175862,0.0004980999291728889,0.997692662953351,0.00029204169946540995,0.0006246837015495947
3699,1,1,0.9978413977927042,0.9978413977927042,0.00036547376652703407,0.0004345716096239403,0.00044036562883288747,0.0003775476060441582,0.0005406435962677905
3702,6,6,0.9954381694631775,0.001153282251789371,0.0014420284582618262,0.0005526399533525663,0.0005535904844657403,0.0008602893889529336,0.9954381694631775
3703,4,4,0.9975790106195228,0.000509103746076861,0.00042656665305882964,0.0005442631513590031,0.9975790106195228,0.00031193179032674127,0.0006291240396557379
3705,5,5,0.9935214379448242,0.0005368730881789484,0.0019312987291969503,0.0008097509643114542,0.00046724371311846586,0.9935214379448242,0.0027333955603699666
3706,5,5,0.9947361147115584,0.00031775622562426394,0.0027707288407755283,0.0007112176827340272,0.00033214740010341256,0.9947361147115584,0.0011320351392043338
3708,2,2,0.9970469668360851,0.00038182748453706965,0.9970469668360851,0.0005611240404460392,0.000643165290470053,0.0007156036738148455,0.0006513126746468863
3710,6,6,0.9978035430668716,0.0006605290915327027,0.00043404857586331756,0.00035283375214352627,0.0003840304401061574,0.0003650150734827202,0.9978035430668716
3711,4,4,0.9976967380282574,0.0004795131592884062,0.00039138292592870395,0.0005243368963529546,0.9976967380282574,0.0002979907495423434,0.0006100382406301244
3712,5,5,0.9966277136988186,0.0004126658171827538,0.0011367341112125302,0.0007112336798632331,0.0003442228362192512,0.9966277136988186,0.0007674298567036889
3713,4,4,0.9975140514261964,0.0004590052023781033,0.00045523692556358175,0.0005465602382836965,0.9975140514261964,0.00031158684433446593,0.0007135593632437895
3714,3,3,0.9978677258218229,0.00039489959260113406,0.00046921455754312514,0.9978677258218229,0.00044512104114885574,0.0004963309720982953,0.0003267080147854133
3716,5,5,0.996636045472703,0.00037527585403929886,0.0012876712877513874,0.0006986813473933032,0.00037219515533941816,0.996636045472703,0.0006301308827735489
3717,1,1,0.9978804846212115,0.9978804846212115,0.00037504061279574133,0.0003818128414874025,0.00044554700130962707,0.000353736288208684,0.0005633786349871729
3718,3,3,0.9978661349160224,0.0004221837034323283,0.0004946788742388546,0.9978661349160224,0.0004072192116914955,0.0004961150901229616,0.000313668204491953
3722,3,3,0.9977299356738603,0.00044974744867319193,0.0005052616361970114,0.9977299356738603,0.0005231630526804851,0.00042876707982417124,0.0003631251087649047
3723,4,4,0.9976335801178525,0.0005215822081191892,0.0004131197274298444,0.0005021298457291492,0.9976335801178525,0.0003084642610640056,0.0006211238398053199
3724,5,5,0.9965500002633955,0.0004099602960419809,0.0013843254923464124,0.0005708981396969312,0.00036619738845850605,0.9965500002633955,0.0007186184200606734
3725,3,3,0.9976610117304208,0.0004287795458922136,0.0004484362756703522,0.9976610117304208,0.00047496549760072694,0.0006098517584929814,0.0003769551919230578
3726,3,3,0.9977609257153736,0.00044426111030392154,0.0005126028146091173,0.9977609257153736,0.0004270895878182573,0.0005023241562508431,0.00035279661564433656
3728,4,4,0.997631641875845,0.0004791410907310567,0.0003798581369963444,0.0005577357884037322,0.997631641875845,0.00029350895581369376,0.0006581141522102367
3730,3,3,0.9978486856476209,0.00043200334927558077,0.0004864013735274842,0.9978486856476209,0.0004483423259655053,0.00045990859490644374,0.00032465870870426896
3732,4,4,0.9975917666212346,0.0004812922144119279,0.0004314952155733556,0.0005247173957859096,0.9975917666212346,0.0002792624630906462,0.0006914660899035823
3733,4,4,0.9972300968510831,0.000504897317349985,0.0006353986582325692,0.0005012713875857933,0.9972300968510831,0.00034302102909497984,0.0007853147566535253
3734,2,2,0.9963994266296133,0.0004834351828404566,0.9963994266296133,0.0006467417853273859,0.0007575678356011098,0.0008085900530426461,0.0009042385135750952
3735,2,2,0.9973536705682089,0.00029368724119414283,0.9973536705682089,0.0005006762775058857,0.0005004106177738726,0.0008000799759659247,0.0005514753193512562
3736,5,5,0.9965075883549249,0.00045103370361664107,0.0010454662877362908,0.000883733623799217,0.00035964721001800445,0.9965075883549249,0.000752530819904889
3737,6,6,0.9970550405076926,0.0009511624104116666,0.0005560472999640763,0.00046675372250689707,0.0005369751526647104,0.0004340209067601387,0.9970550405076926
3738,6,6,0.9972409528293746,0.0007954728621033291,0.0005981824671719773,0.0004071335054218199,0.0005366856045590391,0.00042157273136920114,0.9972409528293746
3739,5,5,0.9966664869126793,0.0003808625899813345,0.0013040370486800891,0.0007171953882253221,0.00033134533304688996,0.9966664869126793,0.0006000727273870048
3740,2,2,0.9972768738826409,0.00034422277155891494,0.9972768738826409,0.0005366133577908972,0.0005803714921244091,0.0007048088812672061,0.0005571096146177782
3742,5,5,0.9963609579705032,0.0005086736638944155,0.0012558533348803827,0.0007120931407129718,0.00040900084437185463,0.9963609579705032,0.0007534210456372545
3743,2,2,0.9969506787745319,0.0003603171979406866,0.9969506787745319,0.0005839550010459129,0.0006484760428763616,0.0007877286239130741,0.0006688443596920962
3744,1,1,0.9979593990345479,0.9979593990345479,0.0003545531023270536,0.00035243297579277743,0.00039259206702618683,0.00035606708344244675,0.0005849557368636488
3745,3,3,0.9977967516080272,0.0004512077911486971,0.00047949400706416356,0.9977967516080272,0.00047580838536899424,0.0004576382532405499,0.0003390999551504861
3748,1,1,0.9978790715554599,0.9978790715554599,0.0003902181045614835,0.0003926696364295271,0.0004328291068004636,0.00032702720329680124,0.0005781843934519459
3750,1,1,0.9979462529846248,0.9979462529846248,0.000371973935880288,0.0003745563185782155,0.00043273114634979074,0.0003478430494978313,0.0005266425650690189
3756,3,3,0.9978706022151683,0.0004117894433242699,0.0004703281043163308,0.9978706022151683,0.00040066494026874493,0.0005419156137065234,0.00030469968321586465
3757,4,4,0.9974052649330917,0.0005457316478120715,0.0004491018633416411,0.000503405712908171,0.9974052649330917,0.00037864215679678253,0.0007178536860496667
3759,5,5,0.9959807255058948,0.0003248609963955112,0.002065397304139825,0.0004640974446213991,0.0003265280346766631,0.9959807255058948,0.0008383907142718704
3760,6,6,0.9976825864810166,0.0006186716584806153,0.00044967959499288436,0.0004029756298156092,0.0004557991119963041,0.00039028752369803916,0.9976825864810166
3761,5,5,0.995452405046533,0.00043377228206118004,0.0026062390164642334,0.000502286914979802,0.0003440656671387615,0.995452405046533,0.0006612310728230156
3762,5,5,0.9966917071612621,0.000365959627159502,0.001425227737209248,0.0006278682870567055,0.0003262377296878135,0.9966917071612621,0.0005629994576246227
3763,3,3,0.9978989742885389,0.0004071529993369266,0.00048040824560606835,0.9978989742885389,0.0004202655560257732,0.0004823577366596518,0.0003108411738326277
3764,4,4,0.997626913473517,0.00044529999379814867,0.00043727030555951255,0.0005769027359211116,0.997626913473517,0.0002886500306979331,0.0006249634605063737
3765,2,2,0.9971759813253744,0.0003906198155843573,0.9971759813253744,0.0005262887249626048,0.0006193610913513862,0.0006603982510277368,0.0006273507916994581
3766,2,2,0.9969988461875002,0.0004054603388742235,0.9969988461875002,0.000566868601275185,0.0006396135629200836,0.0006444456716002676,0.0007447656378299636
3767,4,4,0.9976344447336266,0.0005093889340905567,0.00041872233179674563,0.0005003668638360043,0.9976344447336266,0.0003100618804085573,0.0006270152562414925
3768,4,4,0.997633857115653,0.00047476984594656583,0.0004282640183804521,0.0005239874230304756,0.997633857115653,0.00029300227257493864,0.0006461193244146375
3769,3,3,0.997570303232486,0.00048429368890832937,0.0005308595597459703,0.997570303232486,0.0005246265664590878,0.0004941708022267946,0.0003957461501738004
3770,3,3,0.9978531976990707,0.0003942451353627811,0.00047519339257646824,0.9978531976990707,0.00045621149641767746,0.0004907854492607331,0.0003303668273116495
3771,2,2,0.9888171165920676,0.0010423982968407327,0.9888171165920676,0.002461050223262293,0.002092969182276566,0.001182665374835771,0.0044038003307171015
3772,4,4,0.9976251398225786,0.0005057858488598241,0.00040079029142857777,0.0005291239769164535,0.9976251398225786,0.00030564815562141603,0.000633511904595107
3774,5,5,0.9962204229330246,0.0004206148866834381,0.0014821077514790093,0.000689017047334596,0.0004406799674811377,0.9962204229330246,0.0007471574139972423
3775,5,5,0.9963767805918721,0.0003415828404496283,0.0013617613615242653,0.000569327027618798,0.00031341516133416634,0.9963767805918721,0.0010371330172011118
3776,3,3,0.9978132687890486,0.0004274351348339539,0.00047961307268780276,0.9978132687890486,0.00044213027241558683,0.000503097743127999,0.0003344549878860426
3777,1,1,0.9979097691771999,0.9979097691771999,0.0003684378044004051,0.00040033080187004694,0.00044094930272239093,0.0003690025351517508,0.0005115103786555815
3778,4,4,0.9977115619756061,0.0004789697813846395,0.00039323359109428327,0.0005158464308883968,0.9977115619756061,0.0002781954599063858,0.0006221927611202333
3779,5,5,0.9964454237173908,0.0003541566782222982,0.0017088131246893966,0.0006535748685004561,0.00030732596347084955,0.9964454237173908,0.0005307056477262504
3781,5,5,0.996538801412061,0.00037010759200224963,0.0013622231905723622,0.0005818724304480889,0.00038344677870101005,0.996538801412061,0.0007635485962153189
3783,5,5,0.9871248286846876,0.0005656109243232054,0.005336793900046227,0.0020933264661970575,0.00126942452635945,0.9871248286846876,0.0036100154983864327
3785,4,4,0.9975589724266395,0.0004459683062545671,0.00046778392684481074,0.0005836530013227728,0.9975589724266395,0.0003221879664804518,0.0006214343724580227
3786,2,2,0.9972501968901745,0.00034285408547795807,0.9972501968901745,0.00047437593266718857,0.0005548846993223664,0.0007719704159762975,0.0006057179763815485
3787,2,2,0.9966150520504523,0.00046693836212963516,0.9966150520504523,0.0006866960148047695,0.0007594703218246196,0.0006001774230321037,0.0008716658277566103
3790,1,1,0.9979438707449458,0.9979438707449458,0.0003588541344438173,0.00037734356386037125,0.0004055502668485856,0.0003156281679266304,0.000598753121974814
3791,6,6,0.9978236327659316,0.0005630500007194147,0.0004741239128704437,0.00037359956980732547,0.0004107787250554499,0.00035481502561584996,0.9978236327659316
3792,1,1,0.9975332697073224,0.9975332697073224,0.00037748985860073863,0.00036888953265490164,0.00045585566307515746,0.00028830683158669827,0.0009761884067601943
3793,3,3,0.9977359191840913,0.0004210025118447952,0.0004928486018843641,0.9977359191840913,0.00047745250184459594,0.0005206804769172184,0.0003520967234177178
3794,2,2,0.9966952385361195,0.00045534826780032836,0.9966952385361195,0.0006208764712473172,0.0007005724181881029,0.000625081043250508,0.0009028832633942123
3795,5,5,0.9953559633883149,0.00035465485404998756,0.0024032315697277797,0.0009158300232935543,0.0003507585787488397,0.9953559633883149,0.0006195615858650076
3796,4,4,0.9976242906150979,0.0004807468851404267,0.00043136018421297364,0.0005238770187667802,0.9976242906150979,0.000313574849256358,0.0006261504475255457
3799,2,2,0.9969356261851123,0.0002603993667073362,0.9969356261851123,0.0005228422877710334,0.0004602521782845525,0.0010928216003288946,0.0007280583817959047
3801,1,1,0.9979493644211717,0.9979493644211717,0.00035841662019917833,0.00034540784901211153,0.0003825162202557309,0.00030050908129200055,0.0006637858080692893
3803,6,6,0.9978891179723179,0.0005557988279946711,0.0004567843064140965,0.00034028126371964687,0.0003904777759860997,0.0003675398535675805,0.9978891179723179
3805,1,1,0.997749103614451,0.997749103614451,0.0003250401685877562,0.00033776983723615765,0.00039162636945741725,0.0002739969877834681,0.0009224630224840133
3806,2,2,0.9971814219303963,0.00038201520553338576,0.9971814219303963,0.0005077669637336526,0.0005845234184343411,0.0006723945665211045,0.0006718779153812986
3808,4,4,0.997166699653346,0.0006065781965927558,0.0005230183048438649,0.0005197490715475373,0.997166699653346,0.00033441616903991643,0.0008495386046298538
3809,5,5,0.9964238388219384,0.0004563759731600641,0.0013025357983552188,0.000601562576144256,0.00035860975162064964,0.9964238388219384,0.0008570770787814124
3810,1,1,0.9977529083653243,0.9977529083653243,0.0003690057575793432,0.0003979092938488271,0.0004315133021994489,0.0003872805173563176,0.00066138276369157
3811,4,4,0.9976056920168362,0.0005307553275990561,0.00041689951182832954,0.0005317725064843243,0.9976056920168362,0.00029591386870040336,0.0006189667685517015
3812,4,4,0.9976078501236102,0.00047185465148548753,0.00046539150549969896,0.0005428124111152081,0.9976078501236102,0.0003014511963744428,0.0006106401119150014
3817,5,5,0.9964551081284204,0.0004302026213790797,0.0011445279632546306,0.0008274120334555345,0.0003559301382268382,0.9964551081284204,0.0007868191152635297
3818,2,2,0.9962132232452703,0.0004255934181834959,0.9962132232452703,0.0006306585058039128,0.0007129598863618487,0.0008583816522558207,0.0011591832921246424
3819,2,2,0.9972192174985872,0.000351008585198367,0.9972192174985872,0.0004846027356781295,0.000532044220916787,0.0008134044576732424,0.0005997225019463678
3821,3,3,0.9974987712657197,0.0005398825594211122,0.000539623069647901,0.9974987712657197,0.0005324584045054541,0.0004431465414809863,0.00044611815922481347
3824,5,5,0.9964200857097597,0.0004756624106737692,0.0013902044992070964,0.0007032325797532476,0.00037859079840680355,0.9964200857097597,0.0006322240021994387
3825,5,5,0.9966441691021515,0.0004364277310357934,0.0012274414829742558,0.000676024062456966,0.0003746928078237912,0.9966441691021515,0.0006412448135578157
3826,6,6,0.9974881147580387,0.0006132854452695286,0.0005389824367501398,0.00035770678880850463,0.0004431088338182132,0.0005588017373149524,0.9974881147580387
3827,2,2,0.9936527872097641,0.0010846779687366276,0.9936527872097641,0.0008827310119506915,0.001175739554734755,0.0007608931703240066,0.0024431710844897833
3828,4,4,0.9976786298321856,0.00047458041518685576,0.0004108024600477278,0.0005426830246172447,0.9976786298321856,0.0003031857863976193,0.0005901184815650188
3829,5,5,0.9964248598626814,0.0005131364482002541,0.0013529526850548314,0.0006536115582742733,0.0004117614323639468,0.9964248598626814,0.0006436780134253409
3830,3,3,0.9978376548394773,0.00043013875258584964,0.0004873922405469879,0.9978376548394773,0.0004266852049858504,0.0005031988499415186,0.00031493011246253006
3831,3,3,0.9978437680429165,0.000399029562038548,0.0004315264634051533,0.9978437680429165,0.0003879856767301488,0.00059902436709781,0.00033866588781182204
3832,1,1,0.9979568284086295,0.9979568284086295,0.00035365391292477695,0.00036791412154120543,0.00042564500787934523,0.0003320414649973383,0.0005639170840277827
3834,6,6,0.9977096243121218,0.0005502348025282403,0.0004905126951485195,0.0003880700357935173,0.00043031002532396156,0.0004312481290839202,0.9977096243121218
3835,3,3,0.997713061432887,0.00048580263796533976,0.0004937581698009599,0.997713061432887,0.0004838516918483873,0.00047062219683370604,0.0003529038706647182
3836,2,2,0.9970542777724755,0.0004136235084572106,0.9970542777724755,0.0005777320923111713,0.0006554477735951548,0.0007189426804986992,0.0005799761726624001
3838,1,1,0.9978894096448915,0.9978894096448915,0.0003971256468007893,0.0003506018955544094,0.0003963472066861682,0.0003465091695994015,0.0006200064364677828
3839,3,3,0.9977602780962685,0.00046010166169195967,0.0004921889543411194,0.9977602780962685,0.00043847242287752675,0.0005074014680422348,0.00034155739677857124
3840,6,6,0.9973592952491813,0.0006686646105537709,0.0005799325647930769,0.0003794380019784965,0.00035410137235663424,0.0006585682011367057,0.9973592952491813
3841,2,2,0.9968050472005422,0.00043518476393446725,0.9968050472005422,0.0004915025662256616,0.0006131446419586486,0.0006854887300293215,0.000969632097309873
3842,5,5,0.9965063469293651,0.00039269639460808893,0.001550872389307639,0.0005786737043423587,0.00035602944073562037,0.9965063469293651,0.0006153811416411228
3844,2,2,0.994721883698102,0.00046308891616010986,0.994721883698102,0.0006577020150156081,0.0009293883336620981,0.0008368544043758501,0.0023910826326844167
3845,4,4,0.9976482349786814,0.0004669067267873566,0.00038757129074346296,0.0005723452411804422,0.9976482349786814,0.0003049788161374897,0.0006199629464699355
3847,1,1,0.9979979781010573,0.9979979781010573,0.000364523307750872,0.0003648326814805663,0.00040032687046429586,0.0003364656716047752,0.0005358733676422879
3849,4,4,0.997630921538937,0.00048103830895589595,0.0004213333380726791,0.0005349655869132237,0.997630921538937,0.0002914596952300573,0.0006402815318911799
3850,2,2,0.99716977531545,0.000388329184291395,0.99716977531545,0.0005149831872259996,0.0006010689880923139,0.0006896239575964654,0.0006362193673438124
3851,6,6,0.9977854560845841,0.0005748764419606588,0.000495456337241802,0.0003502131755551615,0.00040727560114371507,0.00038672235951449065,0.9977854560845841
3852,4,4,0.9976546231624878,0.00046290498287746706,0.0004194572128891501,0.0005251464350871371,0.9976546231624878,0.0002946127806855828,0.0006432554259730295
3853,3,3,0.9977897693405877,0.0004238529776932643,0.0005018216469705003,0.9977897693405877,0.0004779874135764993,0.0004907224352444153,0.000315846185927616
3854,3,3,0.9977308009280934,0.0004288377641265612,0.0004844801781935235,0.9977308009280934,0.00053073209687836,0.00044951970047163117,0.00037562933223654507
3855,2,2,0.9959308594256604,0.0004245826678950965,0.9959308594256604,0.0007148493686690389,0.0007615071110912087,0.0007907531396248467,0.001377448287059357
3856,2,2,0.9922563053611584,0.0005035643226195276,0.9922563053611584,0.0008034198719821307,0.0009377230512157793,0.0011348646614024987,0.0043641227316217205
3858,2,2,0.9971589170995215,0.0003156859412890816,0.9971589170995215,0.0004421689224266106,0.0005364777343738933,0.0009980126372480874,0.0005487376651407644
3860,3,3,0.9978389631503575,0.0004442390904958583,0.0004378369467393369,0.9978389631503575,0.00040515276536751165,0.0005350651540191592,0.0003387428930206731
3861,5,5,0.996281423163711,0.0003677029955070449,0.0012726675206914278,0.0009776914743363342,0.0003229986979992531,0.996281423163711,0.0007775161477548776
3862,4,4,0.9976741118714123,0.00047347884096951126,0.0003970479372662005,0.0005465871933643352,0.9976741118714123,0.00028365063073373167,0.0006251235262538774
3864,1,1,0.9978524670686487,0.9978524670686487,0.0003554236980384185,0.0003440307996233395,0.0004015349640390193,0.00028105258292555207,0.0007654908867249895
3866,5,5,0.9965490254455694,0.00035530995769155876,0.001502922526154099,0.0005999467776207068,0.00033475924792813273,0.9965490254455694,0.0006580360450360707
3867,3,3,0.9977665531770997,0.00044548866270119293,0.0004943639795138828,0.9977665531770997,0.0004634693885600546,0.000487327982569809,0.00034279680955535675
3870,5,5,0.9965831532386626,0.0003393978659627602,0.00119786009793096,0.0007898129323173698,0.00031851749764454627,0.9965831532386626,0.0007712583674817716
3871,3,3,0.9977742229568545,0.0004216467157926905,0.0005227553937528543,0.9977742229568545,0.0004691524869845278,0.0004882007096605098,0.00032402173695504074
3873,4,4,0.9975622978317097,0.000511563969526409,0.0004331156998000296,0.0005144622454035802,0.9975622978317097,0.00030362839140795413,0.0006749318621522931
3874,6,6,0.9976877908354288,0.00060126684449133,0.0005075431996171141,0.0003548567382644168,0.00041552643614741174,0.0004330159460509266,0.9976877908354288
3876,1,1,0.9978766096035458,0.9978766096035458,0.00036446804200088075,0.0003998190375456809,0.00044967287875883477,0.00035947917997194615,0.0005499512581768199
3878,1,1,0.9978956401167128,0.9978956401167128,0.00032675142484993693,0.00035058804506681723,0.0003993238081872984,0.0003078710125439909,0.0007198255926390862
3880,4,4,0.9976372768460999,0.0004939201778167729,0.0004205389725950129,0.000528599080000726,0.9976372768460999,0.0002825664137582894,0.0006370985097293698
3881,1,1,0.9979313209730061,0.9979313209730061,0.00037484090661296345,0.0003759783133651955,0.0004083333605218881,0.000341520689165739,0.0005680057573281236
3882,4,4,0.9976172732645077,0.0005319168446265261,0.00041661918701300905,0.0005060434206490122,0.9976172732645077,0.00030394992566411315,0.0006241973575397622
3883,1,1,0.9979324139838215,0.9979324139838215,0.000383876460090905,0.0003742082260155558,0.0003995158687331428,0.0003008606957680429,0.000609124765570906
3884,4,4,0.997631949854044,0.0004554622476272891,0.0004100278776209074,0.0005182607203215783,0.997631949854044,0.0002862271334129506,0.000698072166973299
3886,1,1,0.9979005358767294,0.9979005358767294,0.00039416249082232054,0.0003438511973720507,0.00038346060565322215,0.00030499226041090077,0.0006729975690120716
3887,2,2,0.9962899550365244,0.0003209965027361649,0.9962899550365244,0.0005335667447776368,0.0005873403781871912,0.0016007820160953894,0.0006673593216792586
3888,6,6,0.9977590143883865,0.0005545137848671775,0.000494932945244251,0.0003550695943604361,0.0004154871400301721,0.00042098214711146036,0.9977590143883865
3889,5,5,0.9964371574923098,0.00044198035295897256,0.0013067007477563918,0.0006835384992096659,0.00038362856491476607,0.9964371574923098,0.0007469943428504475
3890,2,2,0.9971315087356061,0.00040286214575091094,0.9971315087356061,0.0005133074193737625,0.0006379851343741647,0.0006794611163564296,0.0006348754485387161
3891,5,5,0.9965900157199963,0.0004249864712648906,0.0013362823485631714,0.0006928163330021828,0.0003365734001383401,0.9965900157199963,0.0006193257270351557
3892,3,3,0.9973515337740956,0.00046490421242395964,0.0005505411572644457,0.9973515337740956,0.0008193288867236209,0.00041410982066267217,0.0003995821488295205
3895,1,1,0.9979370051455738,0.9979370051455738,0.0003753459602214486,0.000370725494667397,0.00041097862107209175,0.00031837946571984836,0.0005875653127451914
3896,3,3,0.9977742954053149,0.0004436142249526658,0.0004784095752834347,0.9977742954053149,0.00043094739250933996,0.0005177428826783255,0.00035499051926129457
3897,3,3,0.99791589397139,0.00039319035128416264,0.0004648949696509846,0.99791589397139,0.0003906245867710945,0.0005361819480631504,0.000299214172840629
3899,1,1,0.997796147314321,0.997796147314321,0.0003380274471243356,0.0003432870912034408,0.00040882996312316037,0.0002758265679536402,0.0008378816162744927
3900,4,4,0.9970293021800417,0.0005752008622351134,0.00043738865827341834,0.0006360117478612575,0.9970293021800417,0.00034811154727277453,0.0009739850043158048
3901,6,6,0.9976345345097968,0.0005945186157175732,0.0004901487285676633,0.00044905688464367134,0.00041610899100966853,0.00041563227026466447,0.9976345345097968
3902,4,4,0.9974127428678895,0.00047351641194731794,0.0005125011675329026,0.0005500855050022062,0.9974127428678895,0.00031675346016335834,0.000734400587464777
3904,3,3,0.9977504763757098,0.00045286809438282565,0.0004924437455782147,0.9977504763757098,0.0004552866518346354,0.0004946625634385422,0.00035426256905607043
3906,3,3,0.9977369951746974,0.00043888492423888216,0.000502661308563842,0.9977369951746974,0.0005002185660003134,0.00046068538007398114,0.00036055464642563943
3907,6,6,0.9963100431933715,0.0004701659142857819,0.0011346699765411115,0.0010154610376795815,0.0005388610814649667,0.0005307987966571149,0.9963100431933715
3908,1,1,0.9978836054569697,0.9978836054569697,0.0003919233405352024,0.0004087359849049889,0.00044262509989588555,0.00034971626259813483,0.0005233938550960506
3909,6,6,0.9972643595950087,0.0008549261036416356,0.0005307815017679222,0.00043265220645023804,0.0005163586915021086,0.00040092190162936345,0.9972643595950087
3910,4,4,0.9976495960765327,0.0005004128254746736,0.0004075297854135911,0.0005257115625756774,0.9976495960765327,0.00030616006851012957,0.0006105896814931872
3911,3,3,0.9978475752766951,0.0004274952594435171,0.00048126484912799965,0.9978475752766951,0.0004248739646979368,0.0004917372806323481,0.0003270533694030735
3912,1,1,0.9979301080268629,0.9979301080268629,0.0003461933017229745,0.0003099491688241513,0.00035946540429851324,0.00027509724667384555,0.0007791868516177071
3913,2,2,0.9963612600673375,0.00040440407553743115,0.9963612600673375,0.0008533865439241463,0.0007125641173913168,0.0009433722066682149,0.0007250129891414044
3914,4,4,0.9976363246525657,0.0005065124747473097,0.00040586281364380684,0.0005217361064809786,0.9976363246525657,0.0002977931309174186,0.0006317708216448408
3916,2,2,0.9972251605608293,0.00036976851464654134,0.9972251605608293,0.0005007920513196023,0.0005774389001483674,0.0007089085693830182,0.0006179314036731117
3917,4,4,0.9976328070743392,0.0005066824685944373,0.0004002811403094243,0.0005114086393661889,0.9976328070743392,0.0002922423141963317,0.000656578363194453
3919,6,6,0.9976851571391991,0.0006802875180738877,0.00043637871409879975,0.00039588437349380825,0.00042484894105122205,0.000377443314083124,0.9976851571391991
3920,3,3,0.9978340143259665,0.00040265585490438337,0.000514833308366991,0.9978340143259665,0.0004413015794195328,0.000490832194596941,0.00031636273674562175
3921,5,5,0.9965193285268152,0.0004337664001035452,0.0012412891973025573,0.0006160206402696487,0.00037112020123292026,0.9965193285268152,0.0008184750342761496
3923,5,5,0.9939849701373051,0.00034725886287258434,0.004192288384878586,0.0005868321008034833,0.0003834677522625788,0.9939849701373051,0.0005051827618776172
3925,4,4,0.9976711887532519,0.0004981324318616634,0.00042339216529722624,0.0005250209952086536,0.9976711887532519,0.0003020634472786331,0.0005802022071017632
3926,5,5,0.9966062090399954,0.0003939218500555277,0.0012374601523153198,0.0007117449267422431,0.0003653058586278703,0.9966062090399954,0.00068535817226372
3927,1,1,0.9973837562585934,0.9973837562585934,0.00038005140308901243,0.0003464422711489007,0.00039837328268204904,0.00032403147806964964,0.0011673453064170013
3928,6,6,0.9978193170116849,0.0005597389606353603,0.000481484871357722,0.00035973653300334067,0.000377447087173849,0.0004022755361448226,0.9978193170116849
3929,2,2,0.9971531043806401,0.0004035697639023951,0.9971531043806401,0.0005059946891749595,0.0006064164265397295,0.00069977291674856,0.0006311418229942756
3930,6,6,0.9977272003937381,0.0005819721176943364,0.00048072242508029436,0.00040169461263374725,0.000356753671570488,0.00045165677928307767,0.9977272003937381
3932,3,3,0.9977388262902119,0.00043993189522379317,0.0005017617308266254,0.9977388262902119,0.0004692987075421124,0.00048037900132606184,0.0003698023748694985
3933,3,3,0.9978307897218459,0.0004114374093111035,0.00048612182410761717,0.9978307897218459,0.0004118478315206194,0.0005431411454659354,0.000316662067748827
3934,4,4,0.9975986038546328,0.0005326485343482265,0.0003915471376245836,0.0005410832319983198,0.9975986038546328,0.00029767709661300936,0.0006384401447830395
3937,3,3,0.9977813830316953,0.0004422110130404332,0.0004938327705771932,0.9977813830316953,0.00045165092820261904,0.0004920444565272054,0.000338877799957245
3940,1,1,0.9979926818918369,0.9979926818918369,0.0003491612481122657,0.0003691320914022552,0.000410978827274828,0.00030579925052024956,0.0005722466908536071
3942,4,4,0.9976196954501533,0.0005143409979916032,0.0003998785132883048,0.000505723062695115,0.9976196954501533,0.0002987610080571578,0.000661600967814524
3945,2,2,0.9953791870092499,0.0004668042714851059,0.9953791870092499,0.0007425849740105761,0.0008272043009423144,0.0008301422161451627,0.0017540772281669195
3946,2,2,0.9968579141533445,0.00039004411768745357,0.9968579141533445,0.0006009987033327013,0.0006864390438125541,0.0007564733311861957,0.0007081306506364491
3947,1,1,0.9978763026167617,0.9978763026167617,0.0003848507660959085,0.00041725645187367906,0.00044443538127974597,0.00036916720824829567,0.0005079875757406729
3948,4,4,0.9976637649436833,0.00047570526566617443,0.00039548326136867434,0.0005242590709937266,0.9976637649436833,0.000288977994485855,0.0006518094638022688
3950,5,5,0.9962086128704569,0.00041206213703746833,0.0012004912635157246,0.0008273714464677571,0.0003665613565273627,0.9962086128704569,0.0009849009259948083
3952,3,3,0.9977446872697731,0.0004385665617201789,0.000522255548177861,0.9977446872697731,0.0004955123906028012,0.00047294729115017085,0.00032603093857601405
3955,3,3,0.9978514968988517,0.0004317739247368265,0.00046363816639007375,0.9978514968988517,0.000406541165515501,0.0005138245208893263,0.00033272532361664246
3956,5,5,0.9966391269015337,0.00040643001329034473,0.0012402060604840585,0.0006300712085327907,0.0003738929496565444,0.9966391269015337,0.0007102728665025596
3958,5,5,0.9965561780075365,0.00038189041166796503,0.0014203332511610535,0.0007161824449155704,0.0003276940500527109,0.9965561780075365,0.0005977218346662057
3959,4,4,0.9975164755652464,0.00044588533425230257,0.00045816988600568426,0.0006632760384728401,0.9975164755652464,0.00027156815197769684,0.0006446250240451436
3960,5,5,0.9966521123636753,0.00043079375400176994,0.0011699572741494266,0.000657127618158669,0.00033046265948063883,0.9966521123636753,0.0007595463305340942
3961,4,4,0.9975231138608203,0.00047842121423287746,0.0004728093555216423,0.000530893673520896,0.9975231138608203,0.00029361023471658897,0.0007011516611877592
3962,2,2,0.9960615821926944,0.000254326285827719,0.9960615821926944,0.00043280968062188305,0.0005157369093589724,0.0020504769958432575,0.0006850679356537626
3963,3,3,0.991609743808896,0.0007402484708386457,0.0017325004882171883,0.991609743808896,0.0005387759838414776,0.003828932498861383,0.0015497987493453072
3964,1,1,0.9979955588605541,0.9979955588605541,0.00035123510522135017,0.0003370487349016125,0.0003816686588756997,0.00030631619761380103,0.0006281724428333885
3965,4,4,0.997621879485007,0.00044752708917948414,0.00044423372867959305,0.0005723975159700183,0.997621879485007,0.0002887915019425671,0.0006251706792213589
3966,3,3,0.9978720844716549,0.00039163428589696195,0.0004716995322800759,0.9978720844716549,0.0004341160691081098,0.0005155799291260113,0.0003148857119339494
3967,1,1,0.9977933351360786,0.9977933351360786,0.0004567931839200815,0.0004015108061998561,0.0004362601983257315,0.0003675271940749992,0.0005445734814007677
3971,4,4,0.9976471394766053,0.0004969257431118143,0.00039480532942846614,0.0005293859991092659,0.9976471394766053,0.0002872635710923606,0.0006444798806528665
3972,6,6,0.9971782413973195,0.0008283857392937451,0.0006614129237698511,0.0004605213967727992,0.0004798118530176455,0.00039162668982647926,0.9971782413973195
3973,3,3,0.9977994291125369,0.0003968277198422648,0.00048271777780821044,0.9977994291125369,0.00043789788011796107,0.0005811542930176513,0.0003019732166769946
3974,1,1,0.9976446437566271,0.9976446437566271,0.00039201560275576084,0.000398022488086757,0.00045104996037013744,0.00029592938991326076,0.0008183388022468025
3975,5,5,0.9965515151800552,0.0004352630937539996,0.0014570946827230779,0.0006304137651104688,0.0003642887464649689,0.9965515151800552,0.0005614245318922353
3976,1,1,0.9974544468725818,0.9974544468725818,0.0003661487361672339,0.00033202088668265393,0.0003922551626655515,0.0002928082197570192,0.001162320122145941
3978,3,3,0.9975055363877436,0.0004539859342505035,0.0006153243751342498,0.9975055363877436,0.0005983308825338458,0.00046487291977351735,0.00036194950056430347
3979,4,4,0.9976776129730677,0.0005081116655247512,0.0004109827140355987,0.0005044735117009992,0.9976776129730677,0.00028871232857440016,0.0006101068070966609
3980,5,5,0.9960335471011472,0.00044165030338532525,0.0019356898216258806,0.0006233645030955585,0.0004241962113856716,0.9960335471011472,0.0005415520593603456
3981,5,5,0.9958249537164576,0.00033610084907966393,0.0018191796639315755,0.0005674794201218997,0.00030623173278125545,0.9958249537164576,0.001146054617628017
3983,5,5,0.9967324266693554,0.00037036857694930494,0.0012458031413336561,0.0006327872100871929,0.00033695487822122663,0.9967324266693554,0.0006816595240533402
3984,5,5,0.9964490450890191,0.00044327881081303755,0.0013023445195029057,0.0006000450986057566,0.0003719509151525202,0.9964490450890191,0.0008333355669066497
3985,4,4,0.9975685098380024,0.00047508113000955914,0.0004388811424521869,0.0005698701598508725,0.9975685098380024,0.00029727210735026665,0.0006503856223347285
3986,5,5,0.9963326248550901,0.0004254820945058625,0.001248618944309467,0.0006619334527028727,0.0003628033805364132,0.9963326248550901,0.0009685372728552845
3987,5,5,0.9961354305180831,0.0005756829967560265,0.0011369579682395548,0.0008288447505993197,0.00044276161781073824,0.9961354305180831,0.0008803221485113363
3988,3,3,0.9978065704312393,0.0004108038398836315,0.0005041690699293201,0.9978065704312393,0.0004400008014787147,0.0005233573992369436,0.0003150984582321058
3990,4,4,0.9974183474549645,0.0005312154818121938,0.00046379544372192517,0.0005912275186266853,0.9974183474549645,0.00032737348713365795,0.000668040613741073
3991,1,1,0.9978920183478753,0.9978920183478753,0.0003843231749100709,0.0003365220515638177,0.0003777958256577716,0.00030240677242475254,0.0007069338275680439
3993,6,6,0.9977850715662584,0.000672222450983014,0.00044965329850345145,0.0003450415319628267,0.00041110163785102724,0.00033690951444123645,0.9977850715662584
3995,2,2,0.9961237707380517,0.000252686742028748,0.9961237707380517,0.0004731830746857473,0.00047772024561900924,0.0021349055144319114,0.0005377336851828794
3996,3,3,0.9977564512785355,0.0004582119461786579,0.0004897919859056449,0.9977564512785355,0.000451468472851387,0.0005052924517858967,0.00033878386474296365
3998,3,3,0.9978415527805073,0.0004499771260011626,0.00046857374525053366,0.9978415527805073,0.0004233687464478589,0.0004883304722347913,0.00032819712955826344
3999,6,6,0.9972617454947779,0.0009304525287307626,0.0005108185490423655,0.0003659832228461134,0.0005132068093286357,0.00041779339527425757,0.9972617454947779
4001,3,3,0.9977690244843397,0.0004504222425321632,0.0004961685175665434,0.9977690244843397,0.0005008547000550668,0.00043387275635970834,0.00034965729914661407
4002,5,5,0.9963775632078218,0.0004627131730772358,0.0012507716173697397,0.0006718710886305842,0.000387761901209031,0.9963775632078218,0.0008493190118916819
4003,3,3,0.9978611584741109,0.00040471518853307385,0.0004559909318683722,0.9978611584741109,0.00043299785643014904,0.0005313805683365323,0.000313756980720925
4004,1,1,0.9979661729641301,0.9979661729641301,0.0003348806249013884,0.0003239842975701617,0.00037844957787548905,0.0002883021615865706,0.0007082103739362143
4006,4,4,0.997616349898987,0.000491450569713788,0.0004538569459682338,0.0005014800995268206,0.997616349898987,0.00031600760530410955,0.0006208548804999107
4007,2,2,0.9965217291860861,0.0003589697071806985,0.9965217291860861,0.0005232244241570304,0.0006413409834036344,0.0011790105119898063,0.0007757251871828629
4008,6,6,0.9977349676209258,0.0005342790148355571,0.00048221615875702824,0.0003869228485237904,0.00044879768331383083,0.00041281667364392096,0.9977349676209258
4009,5,5,0.9962894226069533,0.00037889728716959675,0.001187401883484716,0.0011807473505233913,0.00035390070442367053,0.9962894226069533,0.0006096301674452898
4010,2,2,0.996751611647603,0.00043967497695615007,0.996751611647603,0.000582966805271405,0.0006979045775582494,0.000618507353346801,0.00090933463926451
4012,5,5,0.9959525030501445,0.0003310347145712362,0.002174147672615882,0.0004713282763584245,0.0003423527869647207,0.9959525030501445,0.0007286334993452462
4014,2,2,0.9965223229208698,0.0004067534332238276,0.9965223229208698,0.0006395268054240054,0.0008089744109868911,0.0006183775196928871,0.0010040449098025987
4015,2,2,0.9971381034731507,0.0003817560807116907,0.9971381034731507,0.0004915211860963166,0.0006086727278288667,0.0007310138904023433,0.0006489326418102165
4017,6,6,0.9977976830959655,0.0005106711532470011,0.0005116556193721361,0.00037474064231784245,0.0003962461310715568,0.0004090033580260018,0.9977976830959655
4018,2,2,0.997269620743175,0.0003700266579441184,0.997269620743175,0.0005216037691391877,0.0005717053232751473,0.0006848066111085973,0.0005822368953579102
4019,1,1,0.9979586590330359,0.9979586590330359,0.00035254094225166535,0.0003346903428235266,0.0003770903113208458,0.00032883907662322,0.0006481802939448163
4020,3,3,0.997827304950144,0.0003957129664373882,0.0004492936169968086,0.997827304950144,0.00047525740798293957,0.0005440495840980658,0.00030838147434079406
4021,1,1,0.997892086413358,0.997892086413358,0.0003768300247806368,0.00038280664191208405,0.0004344006031151657,0.0003272629416515508,0.0005866133751826348
4023,1,1,0.9979731028688299,0.9979731028688299,0.00034993227756919897,0.00038125859164211777,0.00042022963764944506,0.0003454305845714242,0.000530046039738073
4024,2,2,0.997055160529488,0.0004073432887108186,0.997055160529488,0.0005863450278304132,0.0006558872910663522,0.0006745057678777387,0.0006207580950267233
4025,6,6,0.9977220454439437,0.0005923341117326488,0.0004885752354239636,0.00035447011657379696,0.00040598479643705527,0.00043659029588885177,0.9977220454439437
4026,1,1,0.995402561299882,0.995402561299882,0.000369511830828068,0.0004880227141831309,0.0004841835406471545,0.0005256088264227369,0.0027301117880368523
4029,3,3,0.9977701682810522,0.000443325013757435,0.0004845321126834618,0.9977701682810522,0.0004796433671821617,0.00048170386037167114,0.0003406273649528461
4030,5,5,0.9944037687833178,0.00027047430796173596,0.0037292877182704093,0.0004783557031752653,0.0003255329080224352,0.9944037687833178,0.000792580579252349
4031,1,1,0.997967444053423,0.997967444053423,0.00035661520874916293,0.00037581052413560067,0.0004208211996418916,0.00032065020767545524,0.0005586588063749378
4032,6,6,0.9978292221120688,0.0005228263135633979,0.00047126087623335897,0.0003677497018345493,0.0003696551586490065,0.0004392858376509224,0.9978292221120688
4034,3,3,0.9978540123924547,0.0004284571665707628,0.000482485754464416,0.9978540123924547,0.0004051401362212952,0.0005207639592700307,0.0003091405910187401
4038,2,2,0.9969364241906054,0.0004371883916533934,0.9969364241906054,0.0005772058990605725,0.0006669624017619671,0.0006248853067355039,0.0007573338101832119
4039,1,1,0.9978608415851797,0.9978608415851797,0.000383530944334058,0.00034663144943330196,0.0004053823329113556,0.00029465765476186857,0.0007089560333797441
4042,6,6,0.9973088494176259,0.0006251271110157886,0.0005301359337782465,0.00047219573711726486,0.0005257294974356225,0.0005379623030271943,0.9973088494176259
4043,3,3,0.997877592523183,0.00038898785508948526,0.00047927110900557185,0.997877592523183,0.0004305705056070632,0.0005135937217426819,0.00030998428537227623
4044,5,5,0.9967480537319257,0.0003656175553780451,0.0012580137244742639,0.0006843567578280505,0.00032704866588693433,0.9967480537319257,0.0006169095645071186
4045,4,4,0.9976787999710894,0.0004835050415651251,0.0004062609447653839,0.0005442547755544238,0.9976787999710894,0.0002796823927940223,0.0006074968742317073
4046,4,4,0.9976117160375092,0.0005251654464889014,0.0004175476225330678,0.0005083601950420982,0.9976117160375092,0.0003072684277071259,0.0006299422707196954
4047,5,5,0.9924354910112282,0.000683219737672889,0.002169767109544274,0.0007982153718789829,0.0005022685388138533,0.9924354910112282,0.003411038230861897
4048,5,5,0.9959163325662411,0.00035265842776854384,0.002298140957406095,0.000566370101299393,0.0003388935088658172,0.9959163325662411,0.0005276044384190673
4049,1,1,0.9978950364320445,0.9978950364320445,0.00037946646465902926,0.0004077635961091931,0.0004336679851605017,0.00036893794990506184,0.0005151275721216994
4050,4,4,0.9974695502634516,0.00048685688226773194,0.0004571026647812186,0.0005234212223119867,0.9974695502634516,0.0003658436057173604,0.0006972253614700998
4051,3,3,0.9978528239995332,0.000432316514295897,0.00047472370657759404,0.9978528239995332,0.00042453979600557844,0.0004894500704863066,0.00032614591310141676
4054,4,4,0.9976061772739062,0.0005105840488812116,0.00043399478554104524,0.0004926973582104771,0.9976061772739062,0.00028876105175407396,0.0006677854817069453
4056,3,3,0.9978251073588917,0.00043486301512300144,0.0004696802754057675,0.9978251073588917,0.0004363192543277478,0.0004711632028220166,0.00036286689342968266
4057,3,3,0.9977840360431853,0.0004350153720490264,0.0004445221087629751,0.9977840360431853,0.0003924064638385035,0.0006060179183806769,0.0003380020937834333
4058,3,3,0.9978402622717164,0.00042505139318918365,0.0004687982037501359,0.9978402622717164,0.000392007050370402,0.0005575833364225813,0.00031629774455143754
4059,6,6,0.9977028550140534,0.000590710526859112,0.0004952403044681962,0.00039202747396824,0.00044087470068676133,0.0003782919799642953,0.9977028550140534
4061,4,4,0.9976455673504027,0.0005129672989760077,0.0004203137112459116,0.000518464081284142,0.9976455673504027,0.0003114549941328687,0.0005912325639584012
4062,2,2,0.9972051973467668,0.0003064334158290022,0.9972051973467668,0.00048256997229411736,0.0005006401913703232,0.0009355179495478431,0.0005696411241918611
4063,1,1,0.9979183891762008,0.9979183891762008,0.0003697551879618185,0.0004031981363379172,0.0004285692249542006,0.0003538193861990923,0.0005262688883463244
4065,1,1,0.9978034655012883,0.9978034655012883,0.00040560420571011686,0.00042621772032336194,0.0004601130002140365,0.00035053845122715846,0.0005540611212369972
4068,6,6,0.9974632487295204,0.0006287427527535883,0.0006188064137741036,0.0003793113368105944,0.0004675584310012377,0.0004423323361401145,0.9974632487295204
4069,1,1,0.9980290284900819,0.9980290284900819,0.00035025141956773206,0.0003535405310705348,0.0004056769341599158,0.00030087694114634916,0.000560625683973641
4070,1,1,0.9978641932690976,0.9978641932690976,0.00038718799148715653,0.00042226002826897444,0.0004426616389291654,0.00035829271889110004,0.0005254043533260286
4071,4,4,0.9976393647172791,0.00048801020923877923,0.00044888351641378106,0.0004889621372748523,0.9976393647172791,0.00030460608671137323,0.000630173333082174
4072,1,1,0.9974589626879553,0.9974589626879553,0.0004915883608391018,0.0004759590223039486,0.0005098835519517063,0.0005234440738684229,0.0005401623030816778
4073,2,2,0.9969182631207829,0.00034590153704855045,0.9969182631207829,0.0004901538203710508,0.0005380969067614594,0.0011993849656317503,0.0005081996494042714
4074,4,4,0.997570108042862,0.0004581374898002149,0.00043730630900353136,0.000547336645902065,0.997570108042862,0.00029470724686689765,0.0006924042655654381
4075,4,4,0.9976362965466491,0.0005249938580776386,0.0003975409695248364,0.0005313892500586698,0.9976362965466491,0.00029313266805032706,0.0006166467076394928
4079,4,4,0.9976672849798559,0.0004892375301059182,0.0004206850018674705,0.0005298638569531499,0.9976672849798559,0.0002987883844050072,0.0005941402468125594
4081,2,2,0.996930007741588,0.0003989014914949104,0.996930007741588,0.000605876421910904,0.0006546027564903866,0.0006403985147062198,0.0007702130738096114
4083,3,3,0.9978609866414718,0.00041756511975564497,0.0004438760307149761,0.9978609866414718,0.00038136431956985146,0.0005683566083494667,0.00032785128013839473
4084,1,1,0.9979490160753042,0.9979490160753042,0.00037600361758729285,0.000372964770016239,0.00042671631819613903,0.0003308131363726553,0.0005444860825235006
4085,6,6,0.9975108968539296,0.0006324189515109697,0.0005153456518319749,0.00039967000538453627,0.0003849487642650859,0.0005567197730779073,0.9975108968539296
4086,6,6,0.9978054893003256,0.0005193886221520025,0.00046334623062816344,0.00037588913686927093,0.00043285682643170645,0.0004030298835932381,0.9978054893003256
4088,1,1,0.997901315636362,0.997901315636362,0.0003617905295670141,0.00039942990213442356,0.00042732935774440783,0.0003721908415381425,0.0005379437326541329
4089,5,5,0.9966107250424235,0.0003708844395107167,0.0011940615073048628,0.0007313672279738045,0.00032022433193939793,0.9966107250424235,0.000772737450847668
4090,2,2,0.9970453096583226,0.0003498627820644397,0.9970453096583226,0.0005695289420174255,0.0006140435404670787,0.000846317304790614,0.0005749377723379035
4093,4,4,0.9975715958075554,0.000511695837334557,0.0004208139800344381,0.0005592102828306673,0.9975715958075554,0.00030782386472738533,0.0006288602275176165
4095,5,5,0.9966723777360714,0.00039523178732275523,0.00116985208090372,0.0006956145417800903,0.0003674836718904544,0.9966723777360714,0.0006994401820316327
4097,1,1,0.9979486091717145,0.9979486091717145,0.0003867524125564871,0.00035109195822453915,0.00039748968768346627,0.0003069006190419556,0.0006091561507790935
4099,4,4,0.997668916198354,0.0004931366391933683,0.00040431105065934865,0.0005344999923303551,0.997668916198354,0.00029462936630191363,0.0006045067531611906
4102,2,2,0.9969402209732522,0.0003177200944690808,0.9969402209732522,0.0005510177313923269,0.0006009629817769372,0.0008719776928731572,0.0007181005262363038
4104,2,2,0.9972775013046957,0.0003695663413351207,0.9972775013046957,0.00045747886143208196,0.0005634695761991553,0.0007804895193862285,0.0005514943969516434
4107,6,6,0.9976228255522891,0.000548456583354019,0.0005217077174343719,0.00041105518269807977,0.0004591684437654661,0.00043678652045894833,0.9976228255522891
4109,3,3,0.9978163099451464,0.0004151580823678028,0.00048397745631971733,0.9978163099451464,0.0004613434977132112,0.0004963998717153967,0.0003268111467375758
4111,3,3,0.9978592715934411,0.00043278422057788676,0.00045761240661575613,0.9978592715934411,0.0004336110894821312,0.0004979394587850406,0.0003187812310980467
4112,4,4,0.9976559769383159,0.0004815892846337748,0.0004136692978824437,0.000528750120525509,0.9976559769383159,0.00028214786711151807,0.0006378664915308376
4113,3,3,0.9978108631851836,0.00043105361547806075,0.00048078679208983787,0.9978108631851836,0.00046361751181794316,0.0004579778881766308,0.0003557010072539915
4114,5,5,0.9834829482993552,0.0004330517802761305,0.014371757270083553,0.0006411853772484577,0.0005060505892669556,0.9834829482993552,0.0005650066837696939
4115,2,2,0.9970100949998196,0.00043781382686705904,0.9970100949998196,0.0005459708605989339,0.0006261389414327082,0.0006292055541552372,0.0007507758171264974
4118,6,6,0.9978328911468068,0.000592786794056439,0.00045254587543012563,0.00036579910988068646,0.0003993097860325045,0.00035666728779337547,0.9978328911468068
4119,1,1,0.9979205988095717,0.9979205988095717,0.0003728179533039716,0.00037054107327640936,0.0004187437698598125,0.00028928183774364324,0.0006280165562444265
4120,2,2,0.9961215221413487,0.0004734440565289835,0.9961215221413487,0.0006592876531965001,0.0007364234020361209,0.0006758075121610981,0.0013335152347286328
4121,2,2,0.9941918198364283,0.00026850318113226957,0.9941918198364283,0.000634434647277792,0.0005818929722787463,0.00243084113894566,0.0018925082239372513
4122,4,4,0.997638790873848,0.0004985240353743395,0.0004035861614358455,0.0005493405962830049,0.997638790873848,0.00028569459463100396,0.0006240637384277901
4125,5,5,0.9931358393027607,0.0004440203373212371,0.00457297736405626,0.0005092327604598196,0.0003599893500071802,0.9931358393027607,0.0009779408853948604
4126,1,1,0.9978780633570534,0.9978780633570534,0.00033557834822594716,0.00035752953637216,0.0003838180106327557,0.0002887213216421786,0.000756289426073534
4127,3,3,0.9978421315226081,0.00041017506214412056,0.0004904753581198956,0.9978421315226081,0.00047325494077842103,0.00045466911715159175,0.00032929399919777636
4128,3,3,0.997810139217444,0.0004195505851881994,0.00045619486719058723,0.997810139217444,0.0004152103602549667,0.0005751322924091551,0.00032377267751313143
4129,6,6,0.9977193909169934,0.0005735769768382643,0.0005074154690109875,0.00043408379568105326,0.0004156541434878774,0.00034987869798841807,0.9977193909169934
4130,1,1,0.9979638197691698,0.9979638197691698,0.0003748852729211789,0.00036122329579189443,0.00041366833557063596,0.00031849800322975735,0.0005679053233165444
4131,1,1,0.9979863655426605,0.9979863655426605,0.00034303736666809706,0.0003084006385485891,0.00034932009741741715,0.000295067330745134,0.0007178090239603348
4133,2,2,0.9968608767486937,0.0003523536777884728,0.9968608767486937,0.00041996990961210316,0.0005442600313352356,0.0011631454282959178,0.0006593942042745012
4134,6,6,0.9978036013504386,0.00047379800694605977,0.00048312601718479494,0.0004182421139493849,0.00038846892530443414,0.00043276358617677977,0.9978036013504386
4135,6,6,0.9978322624875714,0.000539000508200273,0.0004630627046488056,0.00036786308342264174,0.00041238609521407045,0.0003854251209427777,0.9978322624875714
4137,4,4,0.9975906397671805,0.00047424335650807535,0.00044834607022821237,0.000532598281558762,0.9975906397671805,0.0002819567101927745,0.0006722158143315991
4139,1,1,0.9980432659854774,0.9980432659854774,0.00032353810486885937,0.0003553396265351982,0.00039150317195965693,0.0003150965682255968,0.0005712565429332281
4140,4,4,0.9975675842089794,0.0005211683675112803,0.00045120957425989614,0.0005022795754062028,0.9975675842089794,0.0003114377979375651,0.0006463204759057094
4141,3,3,0.9978619175181461,0.00038985133702784815,0.0004903441274049521,0.9978619175181461,0.0004536085742676962,0.0005008590502656798,0.0003034193928876586
4142,4,4,0.9976454124663885,0.0004910001760836624,0.0004005034656738052,0.000538464220661851,0.9976454124663885,0.0002950042240156812,0.0006296154471764919
4144,2,2,0.9961714477875144,0.0005387629676853171,0.9961714477875144,0.000664292565623658,0.0008644163312267325,0.0007343216227073387,0.0010267587252426288
4145,1,1,0.9977681118176014,0.9977681118176014,0.00036575285330081255,0.00033354702185271946,0.0005560972788024886,0.0002706029195310311,0.0007058881089115701
4146,4,4,0.9975575734156653,0.0005144168660945297,0.0004312780447249901,0.0004950685221723406,0.9975575734156653,0.0003382550381427171,0.0006634081132002375
4147,4,4,0.9970180746019442,0.0005335115581552339,0.0005706776726142314,0.0005531094368242665,0.9970180746019442,0.0003467631965890973,0.0009778635338729934
4148,5,5,0.9961977756454728,0.0003462529620618905,0.0019948727296796795,0.00047890505103548954,0.0003292502130055251,0.9961977756454728,0.0006529433987446147
4149,1,1,0.997902573528855,0.997902573528855,0.0003621030271164907,0.0004141388976030142,0.0004233028201641819,0.00036057749172446,0.0005373042345368597
4150,2,2,0.9972307632607054,0.0003763106990106464,0.9972307632607054,0.0005160907415036983,0.0005974694117679036,0.0006670906009499013,0.0006122752860624973
4151,2,2,0.9969352464889877,0.00039082692745712845,0.9969352464889877,0.0005323752983646586,0.0006639939953119141,0.000695524677715465,0.0007820326121631044
4152,6,6,0.9978500719923316,0.000530276919322785,0.0004651831749558251,0.0003733067467169248,0.0004057299276195345,0.0003754312390533218,0.9978500719923316
4153,5,5,0.9966829981190539,0.00042220467244541074,0.001199963892393234,0.0007381614529502498,0.0003467703426377503,0.9966829981190539,0.0006099015205194561
4154,5,5,0.9964519882993826,0.000455428183366672,0.001412834643292182,0.0006243000479197602,0.0003833417195750369,0.9964519882993826,0.0006721071064636671
4155,4,4,0.9976579224397941,0.0004972292363058642,0.00039703772560488253,0.0005163526653313372,0.9976579224397941,0.00030491897740965,0.0006265389555541245
4157,6,6,0.9976896165480716,0.0005249593585360999,0.0004917815734999987,0.00045885093819505654,0.0004439236124812447,0.00039086796921597547,0.9976896165480716
4158,4,4,0.9975714044226875,0.00046786782128875186,0.00046016639481051845,0.0005267010396789278,0.9975714044226875,0.00030157185261678516,0.0006722884689175122
4160,2,2,0.997178381142089,0.0003542274451656663,0.997178381142089,0.0005322264334633146,0.0006090349885324155,0.0007101738206723669,0.0006159561700772561
4161,2,2,0.9959808433528003,0.0003721564368356665,0.9959808433528003,0.0004600418834829958,0.0005868583593751681,0.0012482072731568922,0.0013518926943489698
4163,2,2,0.9964225785388613,0.00032974911267338517,0.9964225785388613,0.0005465862938720419,0.0006227480579121535,0.0008006968130187955,0.001277641183662353
4165,6,6,0.9977687584207279,0.0005505177534425951,0.0005208302166011022,0.0003685709375251989,0.0003977706941688759,0.00039355197753437567,0.9977687584207279
4167,2,2,0.9970743250187084,0.0004092470168678388,0.9970743250187084,0.0005507233211985461,0.0006176049686028462,0.0006520648919907752,0.0006960347826315363
4168,4,4,0.9976309274831549,0.000493864748643203,0.0003914050654679016,0.0005637477003400151,0.9976309274831549,0.00030164221903286376,0.0006184127833612152
4169,6,6,0.9969491617323762,0.0007885226133606296,0.00058732864317934,0.00038960655633344304,0.00048174102042593925,0.0008036394343244442,0.9969491617323762
4171,5,5,0.9964155320928839,0.0004439907368081747,0.001273026968993092,0.0007110402479328119,0.0003798896352085912,0.9964155320928839,0.0007765203181733924
4172,5,5,0.9966034403967917,0.0003434219521428189,0.0013144605851530633,0.0006846086720077348,0.00032246373187861684,0.9966034403967917,0.0007316046620260866
4174,4,4,0.9976599653625189,0.0005123666682003142,0.00041573086983698126,0.0005020035516584398,0.9976599653625189,0.00030511449459888723,0.0006048190531865246
4176,4,4,0.997619032311402,0.0004999832313323246,0.0004109697426876652,0.0005530540111041587,0.997619032311402,0.0003021626213623319,0.0006147980821114994
4177,6,6,0.9978252948715199,0.0005213417618507333,0.00047656903891308113,0.0003961545126639336,0.00041014312367355335,0.00037049669137870916,0.9978252948715199
4178,4,4,0.9976250988546015,0.00046072358490007663,0.00042187128376672267,0.0005361330883693905,0.9976250988546015,0.00031805481404385204,0.0006381183743182692
4180,3,3,0.9973565717972308,0.00044715298520730536,0.0006124038714144216,0.9973565717972308,0.00043422605275881713,0.0007123737865916532,0.00043727150679704214
4181,6,6,0.997768787314427,0.0005255780560924658,0.0005149182540240099,0.0003530957717285778,0.00043175501662094803,0.0004058655871070313,0.997768787314427
4182,1,1,0.997844063493831,0.997844063493831,0.0003579579803058534,0.00042223681431637164,0.0004478906466684263,0.00038969343615915137,0.0005381576287192253
4183,3,3,0.9977855528147649,0.0004020856704171219,0.0005065838867603688,0.9977855528147649,0.0004889587216177743,0.0004763228557531805,0.00034049605068671765
4184,2,2,0.9971444137766957,0.00039594668623978683,0.9971444137766957,0.0005185378277955511,0.0006141303382505912,0.0006687902363931013,0.0006581811346251993
4188,4,4,0.9976471323728142,0.0004934608132231014,0.00041752140881505236,0.0005280824979965428,0.9976471323728142,0.0003011148151355949,0.0006126880920154989
4189,3,3,0.9978833469611283,0.00040400015271512766,0.0004560538942947662,0.9978833469611283,0.0004156796359123688,0.0005074928465798587,0.00033342650936962276
4190,2,2,0.9958126021006195,0.0004018919354145364,0.9958126021006195,0.0007215823031595795,0.000786901435129812,0.0006564150349959494,0.0016206071906807067
4191,3,3,0.9975393656350781,0.0004569080321401183,0.0005161704428689572,0.9975393656350781,0.0006903491785567603,0.00044552363270373226,0.0003516830786523247
4194,2,2,0.9972995906412542,0.0003172392832135804,0.9972995906412542,0.0005047885245890204,0.0005456670654988279,0.0007330697108833335,0.0005996447745610529
4195,5,5,0.9964209244667874,0.0003855912321396579,0.001662766318759586,0.0006529575750754189,0.00033114811908543305,0.9964209244667874,0.0005466122881524787
4196,3,3,0.9978718733524621,0.00042076242869593886,0.0004896810266467647,0.9978718733524621,0.00041099393175354635,0.0005049828311337164,0.00030170642930776707
4197,1,1,0.9977886008590119,0.9977886008590119,0.00039053953082092744,0.000430232263462256,0.0004522513761001634,0.00039284263318605666,0.0005455333374186824
4199,5,5,0.9944335941851363,0.0003824459152531834,0.0019758676849624757,0.0004896780648300362,0.00036356969671616913,0.9944335941851363,0.0023548444531018113
4200,3,3,0.9978065535298449,0.00046266784253079854,0.000472859597157462,0.9978065535298449,0.0004360039590923329,0.00048196799072964896,0.00033994708064487376
4201,6,6,0.996288526090843,0.0006473840835554446,0.0011207774380594855,0.0005639956731105274,0.0005891922558201236,0.0007901244586115054,0.996288526090843
4203,5,5,0.9962421718993348,0.00046276368661961076,0.0012503369691676395,0.0007397093903363957,0.00038289710964837435,0.9962421718993348,0.000922120944893196
4205,2,2,0.9972826942523785,0.0003533014344331768,0.9972826942523785,0.0004991185037615312,0.0005701912268792873,0.0007223143400106985,0.0005723802425369256
4206,5,5,0.9965517651180268,0.00042864486548150737,0.001241790813329974,0.0006197784599787281,0.00036997512930308737,0.9965517651180268,0.0007880456138799493
4207,5,5,0.9964466588355683,0.0003960792632944632,0.001198527856488978,0.0007658795141870695,0.00034203234474758354,0.9964466588355683,0.0008508221857135925
4208,1,1,0.9979672311360586,0.9979672311360586,0.0003316872911228593,0.0003376969704640197,0.00040107993573671716,0.0002979652341388017,0.0006643394324789886
4209,4,4,0.9976166110453449,0.0004946568328574283,0.00043021906290774045,0.0005361415476410346,0.9976166110453449,0.00030087308871060603,0.0006214984225382227
4210,1,1,0.9979634145268821,0.9979634145268821,0.00035133349100967726,0.0003749355330264664,0.00039959937007494453,0.00031137067272300794,0.0005993464062838576
4213,1,1,0.9978256304710631,0.9978256304710631,0.00038442811101319855,0.000428388833460278,0.000473071359969122,0.0003824091201913475,0.0005060721043029234
4214,3,3,0.9977261377314016,0.0004522351643300539,0.0005215699177941786,0.9977261377314016,0.000482280416249788,0.0004872629628968036,0.00033051380732758195
4215,2,2,0.997234501829498,0.00036958160369651065,0.997234501829498,0.0004755552420096862,0.0005560217339359997,0.0006915737946966493,0.0006727657961631248
4216,6,6,0.9978453179670084,0.0005113539651390277,0.0004979631177756568,0.00035943452735245706,0.0003817318164546464,0.00040419860626981125,0.9978453179670084
4217,4,4,0.9976139563000082,0.000476109703767241,0.00042981147903375726,0.0005895901873944904,0.9976139563000082,0.00030504252258056134,0.0005854898072158684
4218,4,4,0.9976520153662035,0.0004916868160347222,0.00042987583766661145,0.0005047114789320027,0.9976520153662035,0.00030700959100804124,0.0006147009101551452
4221,6,6,0.9977210113835249,0.000516741242917597,0.0005754511774414844,0.000380949173532886,0.0003953253306567412,0.0004105216919263984,0.9977210113835249
4222,4,4,0.9976108520390036,0.00048659767344159125,0.0004089657435358678,0.0005911068432454055,0.9976108520390036,0.0002957878529595038,0.0006066898478140875
4223,4,4,0.9976619656138689,0.0004507741663717249,0.0003967620609605282,0.0005914568297551117,0.9976619656138689,0.00028536873286058026,0.0006136725961831363
4224,2,2,0.9972915210973383,0.0003468522100110058,0.9972915210973383,0.0005081970674204352,0.0005510660790381045,0.0007087387023739608,0.0005936248438182022
4225,1,1,0.9978374983743098,0.9978374983743098,0.0003561943937599718,0.0003264816525309098,0.0003623865539217045,0.000295549635410986,0.0008218893900665805
4227,1,1,0.9979173902366669,0.9979173902366669,0.0003631881686103903,0.0003638093607901492,0.00040168307895346514,0.0003430584744423611,0.0006108706805367001
4228,5,5,0.996501488635235,0.00040430577348347094,0.0014105757606690452,0.0005381916066237956,0.0003542821657503094,0.996501488635235,0.0007911560582383726
4231,5,5,0.9942793614631668,0.00033942641249330686,0.003977444861609375,0.0004820542996270978,0.000336145945215925,0.9942793614631668,0.0005855670178875555
4232,3,3,0.9978111901471,0.0004342819380811462,0.0004803721924597709,0.9978111901471,0.0004899394369321108,0.00046034040327195186,0.00032387588215514017
4235,1,1,0.997874428529366,0.997874428529366,0.00035617292758234484,0.0003592462340229715,0.0004172522955728027,0.0002771722348171985,0.0007157277786387487
4237,2,2,0.9943932426814955,0.0006103846325520249,0.9943932426814955,0.0008278919959417181,0.0009395167705492246,0.0007333153141194426,0.002495648605342016
4238,1,1,0.9977550053705115,0.9977550053705115,0.00039451284667287343,0.0004485629970772877,0.0004893701477342832,0.0003904457609311723,0.0005221028770726614
4239,4,4,0.9976154007188734,0.0004922676905080724,0.00043174194199174245,0.0005187231291195115,0.9976154007188734,0.00028655097263038416,0.0006553155468768931
4241,5,5,0.996469135238618,0.00043911591425732356,0.0015197939864509448,0.0005506256102990635,0.0003676677570610526,0.996469135238618,0.0006536614933136208
4242,1,1,0.9978697632850998,0.9978697632850998,0.00035468051973810093,0.00041105872248501247,0.0004543067883224268,0.0003431359888580359,0.000567054695496458
4243,4,4,0.9975899008520345,0.0005362343325887173,0.00041448814038480233,0.0005212346829159162,0.9975899008520345,0.0002950454874292004,0.0006430965046468441
4244,1,1,0.9977847061109257,0.9977847061109257,0.0003957371936211978,0.00039029952107607024,0.00045395646882686176,0.00038573071431321403,0.0005895699912369889
4245,4,4,0.9976973831178355,0.0004628914910178733,0.0004110702306911059,0.0004963917742049454,0.9976973831178355,0.0002889114170975245,0.0006433519691529851
4246,1,1,0.9979558080193945,0.9979558080193945,0.0003814516855958403,0.0003731790090260898,0.000391461569821075,0.0003128040435267275,0.0005852956726357158
4247,6,6,0.9973876980896712,0.0006709442761683765,0.0005707120237704865,0.0004233544129716279,0.0005182368866154976,0.00042905431080283285,0.9973876980896712
4248,4,4,0.9975840321283738,0.0005578698651129543,0.00041823385856477424,0.0005093210123524011,0.9975840321283738,0.00030281954225991103,0.0006277235933363368
4249,4,4,0.997572023318235,0.0004986242367339514,0.00042642802209771116,0.0005278891865394922,0.997572023318235,0.00028909722996305304,0.000685938006430761
4250,1,1,0.9977516383781664,0.9977516383781664,0.0004586067123074065,0.000384497321858882,0.0004275550756446464,0.0003533040950461356,0.0006243984169766863
4252,2,2,0.9969952938665666,0.00038476262426408956,0.9969952938665666,0.0005061640826658866,0.0006235545090269976,0.0007433689936291856,0.0007468559238472601
4254,5,5,0.9962135023998884,0.0004330652329257283,0.0011611641462388144,0.0010627532681809172,0.0003662566911731567,0.9962135023998884,0.000763258261592983
4255,4,4,0.9976649617574598,0.00048735183542632937,0.0004186460795359714,0.0005195611291314179,0.9976649617574598,0.0002964528720794596,0.0006130263263670532
4257,3,3,0.9979001822858231,0.0004083478730763885,0.0004764845923306024,0.9979001822858231,0.000396592894931649,0.0005175146750589777,0.00030087767877927336
4258,2,2,0.9971220077484835,0.0003987548188197758,0.9971220077484835,0.0005182678672090505,0.0006144340843184491,0.0006234339201809041,0.0007231015609881743
4260,4,4,0.9975945160142743,0.00046775911144424553,0.0004245952795381758,0.0006015421123992696,0.9975945160142743,0.00031279905791382266,0.0005987884244301505
4261,2,2,0.9972962117946801,0.00030471019567624683,0.9972962117946801,0.0004682808335750121,0.0004969634750452213,0.000917752151483517,0.0005160815495399578
4264,1,1,0.9979026408209938,0.9979026408209938,0.00037460835641476463,0.00038363060214593856,0.0004317513415213447,0.00031224286350828404,0.0005951260154158609
4265,1,1,0.9980008976570481,0.9980008976570481,0.0003542009720620891,0.00034729608843956045,0.00039478227550807424,0.0003312056868828968,0.0005716173200593326
4266,2,2,0.9971798805680717,0.00037592639700349454,0.9971798805680717,0.0005019551082794092,0.0005842009529260852,0.0007222702668463765,0.0006357667068729601
4267,2,2,0.9971084982992126,0.00041178979751300374,0.9971084982992126,0.0005463841839457433,0.0006183165113117249,0.0006433025566917893,0.0006717086513252174
4268,5,5,0.9963848480366104,0.0003405918504063303,0.0016348112658928413,0.0006198023260761783,0.0003345091208044912,0.9963848480366104,0.0006854374002097277
4269,6,6,0.9978456011915114,0.0005271194712021203,0.0004942881401524797,0.00035648276110637544,0.00038843768855209413,0.0003880707474755409,0.9978456011915114
4270,1,1,0.9979763399340024,0.9979763399340024,0.00033409549325207294,0.00037667556039192604,0.0004077690444045313,0.0003553706838688052,0.0005497492840803625
4272,5,5,0.9943210328442573,0.0003052963428835942,0.003884570380083139,0.000494343599853533,0.00035970918686582966,0.9943210328442573,0.0006350476460565625
4273,6,6,0.9977909233917219,0.000513853616898434,0.00048296391748399795,0.0003878532116148512,0.000458303165325234,0.0003661026969555893,0.9977909233917219
4276,5,5,0.9964530110409668,0.00044483262031343125,0.0013839505349049865,0.0006696094402103789,0.0003812595832250935,0.9964530110409668,0.000667336780379228
4277,5,5,0.9965512563140373,0.0003786993257442181,0.0014230658728262057,0.0005407884497796517,0.0003552543572155673,0.9965512563140373,0.0007509356803970587
4278,2,2,0.995692277015976,0.0005497635377888603,0.995692277015976,0.0008109636546838091,0.001257091133484609,0.0006100244135726803,0.0010798802444940531
4279,4,4,0.997691721780144,0.0004865517117523648,0.00041402947943747323,0.0004976334023330981,0.997691721780144,0.0002889687519613926,0.0006210948743716602
4280,2,2,0.9961551204341036,0.0004480423980780901,0.9961551204341036,0.0008145805636518642,0.0008480408895333688,0.0008556190616064266,0.0008785966530266654
4281,1,1,0.9978070114330131,0.9978070114330131,0.0004198126241407007,0.0004268315944108356,0.0004531938420813097,0.0003616190829055186,0.0005315314234485657
4282,1,1,0.9979687597511738,0.9979687597511738,0.0003643265179224866,0.0003717961317301715,0.00040108511803363606,0.000311001087732803,0.0005830313934070794
4283,2,2,0.9971526541758222,0.0003393789526457116,0.9971526541758222,0.0005337202922934935,0.0005539416936721734,0.0008049714501408498,0.0006153334354256409
4285,4,4,0.9972707900642724,0.0004925070225077136,0.000594938642835903,0.0005627117997232758,0.9972707900642724,0.00036606229954778643,0.0007129901711129111
4286,6,6,0.9973831984996538,0.0007022866197329573,0.0005222017755071137,0.0003748767565131103,0.00047406043003249724,0.0005433759185604226,0.9973831984996538
4287,4,4,0.997635629045036,0.0005047655542502433,0.0004226404604441499,0.000538515400635693,0.997635629045036,0.0003078313024244566,0.0005906182372094863
4288,2,2,0.9970166792010788,0.0003467877142260955,0.9970166792010788,0.0004902065901501183,0.0005794760717924081,0.0009578869316961966,0.0006089634910563854
4289,4,4,0.9976480083775158,0.00048365246431045645,0.00040822619542256396,0.0005371055169705718,0.9976480083775158,0.00029972182423218784,0.0006232856215484796
4291,1,1,0.9979482973051771,0.9979482973051771,0.00035807970091306427,0.00037659637401847026,0.0004445287061576295,0.00032132546045534846,0.0005511724532784054
4294,5,5,0.9963771291691772,0.00048538146992000824,0.0011571266911718481,0.0008684639113081334,0.0003966325731118978,0.9963771291691772,0.000715266185310885
4295,1,1,0.9979310266311873,0.9979310266311873,0.00034122711137560914,0.00040002293295745645,0.00046033136795458577,0.00033894507997676246,0.0005284468765483127
4296,3,3,0.9973501834890295,0.000533678900796241,0.0005300628081872082,0.9973501834890295,0.0005815574943088077,0.00048383833082487644,0.0005206789768534242
4297,4,4,0.9975964658684674,0.0005228469502539335,0.00043462281891927735,0.0005033851019601952,0.9975964658684674,0.00029930216955379384,0.0006433770908454584
4298,1,1,0.9979650299567506,0.9979650299567506,0.0003591714533291732,0.00036420982080571663,0.0004153570054077333,0.00030856702602464933,0.0005876647376820566
4299,1,1,0.9978918189523033,0.9978918189523033,0.000374281304131087,0.00035755253920836315,0.00042777993486648873,0.0003036765773203035,0.0006448906921704972
4300,6,6,0.9978671426480493,0.0005120585737062825,0.00044817103608743163,0.0003894059765367668,0.0004026270031693037,0.000380594762450842,0.9978671426480493
4301,4,4,0.9976241851901485,0.00048657609855243326,0.0004217892278867525,0.000530086614672349,0.9976241851901485,0.0002995337608949721,0.0006378291078449646
4302,2,2,0.9969927492203803,0.00042843390429360287,0.9969927492203803,0.0005245413806892129,0.0006329057015014412,0.0006401179793758183,0.0007812518137596685
4303,5,5,0.9963911853962002,0.0004734270088691072,0.0012009672899697314,0.0006879439688335198,0.0004022711738704087,0.9963911853962002,0.0008442051622570857
4304,5,5,0.9963657442475218,0.00035800317679204365,0.0015836279414869656,0.000556259916826773,0.0003215513291497425,0.9963657442475218,0.0008148133882227152
4305,1,1,0.9978907027565097,0.9978907027565097,0.0003654810031913729,0.0003951970853641035,0.00044753711321678357,0.00035156498016089186,0.000549517061557205
4306,4,4,0.9975662672164181,0.0004548567179250186,0.00040002891807599107,0.0005670046821641702,0.9975662672164181,0.0003214776564859734,0.000690364808930779
4307,3,3,0.9978532973109101,0.0004097009397108579,0.00046325577542483294,0.9978532973109101,0.00037408273789821126,0.0005924007153092394,0.0003072625207469186
4308,5,5,0.9963868015221096,0.0003789068565959255,0.001552466474196537,0.0006898192466085686,0.0003069397170153987,0.9963868015221096,0.0006850661834739755
4309,5,5,0.9967163096945971,0.0003895653311248209,0.0013643108393040038,0.0005712668582249161,0.00034938478695925666,0.9967163096945971,0.0006091624897899571
4310,3,3,0.9978808209902319,0.00041751825673077403,0.0004993133502399108,0.9978808209902319,0.0004057834467181883,0.0004940977109677405,0.0003024662451115651
4311,1,1,0.9979589477455726,0.9979589477455726,0.0003665297880332644,0.00038159803506065715,0.00041554582142080824,0.0003472435808574847,0.0005301350290551997
4312,3,3,0.9977771520182669,0.00043688679055784135,0.0004921691083939027,0.9977771520182669,0.0004738866643968124,0.0004645278912682118,0.00035537752711634556
4313,2,2,0.9971293027605241,0.0003985946115223207,0.9971293027605241,0.0005260538527523335,0.0005996976063112378,0.0006948713850028321,0.0006514797838871674
4314,5,5,0.9964415925477199,0.00042444728674840366,0.0013884723409819807,0.0007786458977379154,0.000360102119563791,0.9964415925477199,0.0006067398072479808
4315,2,2,0.9965332937055027,0.000314893003287862,0.9965332937055027,0.0007436168522270243,0.0006243676299406662,0.0011413264073737504,0.0006425024016679985
4316,5,5,0.99660154334594,0.00047723385308743796,0.001330770776709309,0.0006124903363546188,0.00036450394015104395,0.99660154334594,0.0006134577477576104
4318,5,5,0.9964784077450729,0.0004448418460203394,0.0011770050383588541,0.0007016167132217407,0.00038090238756620923,0.9964784077450729,0.0008172262697599666
4320,6,6,0.997661440298609,0.000554912648112614,0.0005500880480803837,0.0004444108788296685,0.0004135656798457704,0.0003755824465225096,0.997661440298609
4321,2,2,0.9968040881302374,0.0004014492903515925,0.9968040881302374,0.00058713734011145,0.0006803641240061008,0.000740343333272748,0.000786617782020784
4322,3,3,0.9978943655232195,0.0004013910252947601,0.00043073708397982125,0.9978943655232195,0.0004425332145230693,0.0005157074837828763,0.0003152656692000625
4326,4,4,0.9973584477220606,0.0005238273017836248,0.0005403146790649881,0.0005103470485198636,0.9973584477220606,0.0003115590495465062,0.0007555041990244441
4328,3,3,0.9977728896971413,0.00041530672014610003,0.00047580514460069404,0.9977728896971413,0.0004557247235992832,0.0005434349971707092,0.00033683871734195266
4329,5,5,0.9954880406092352,0.0003412368131011623,0.0015424867975862005,0.0010237481287659206,0.0002871203911901286,0.9954880406092352,0.0013173672601213605
4330,5,5,0.965530891035073,0.0005831290371414542,0.03141551704201286,0.0006935736452624194,0.0006097795881843462,0.965530891035073,0.0011671096523259868
4331,2,2,0.9959995522698883,0.0005628532345851942,0.9959995522698883,0.0007678528946308846,0.0012160574569608988,0.0006164214008850825,0.0008372627430495795
4332,4,4,0.9975877002111108,0.0005042780055914105,0.000406735933842708,0.000527055362241604,0.9975877002111108,0.0003020845528748026,0.0006721459343387246
4335,1,1,0.9970262053435942,0.9970262053435942,0.00036416733194028416,0.00034048053498396944,0.0004316316237682006,0.0002692817553763451,0.0015682334103370263
4336,1,1,0.9978396696559523,0.9978396696559523,0.0003538805529769247,0.0004103458023014857,0.00045143034508236693,0.00036893387049911474,0.0005757397731878859
4337,3,3,0.9978028065829543,0.00040432345632802403,0.0004927937469291642,0.9978028065829543,0.0004359447394148452,0.000523254922215496,0.0003408765521581641
4338,3,3,0.9977600433889636,0.000433411058311509,0.000491476844170761,0.9977600433889636,0.00045540520365531097,0.000525447653567126,0.0003342158513317
4339,1,1,0.9979366154397805,0.9979366154397805,0.00035137264376031504,0.00039114748132551514,0.0004306425728698331,0.0003433855048727969,0.000546836357391035
4341,1,1,0.9979577076131917,0.9979577076131917,0.0003480909512705297,0.00033148998083953044,0.00037802703489785437,0.0002895274959615519,0.000695156923838841
4342,6,6,0.9978295011875625,0.0005819923851731252,0.0004586376618924845,0.000355583180585582,0.0003813341043662158,0.0003929514804200086,0.9978295011875625
4343,2,2,0.9969779148428126,0.0004310397668606906,0.9969779148428126,0.0005693861205962946,0.0007061545226800707,0.0006154069649796382,0.0007000977820707045
4345,2,2,0.9971064180807697,0.00031263139430115424,0.9971064180807697,0.00049035247438232,0.0005312640701558807,0.0010386747619173058,0.0005206592184736229
4346,6,6,0.9965558990664473,0.0006550261002123352,0.0008624738910642284,0.0006363354461454676,0.0007003435570484647,0.0005899219390822175,0.9965558990664473
4347,1,1,0.9978919199039518,0.9978919199039518,0.0003711314632869811,0.0003606465747296175,0.0004496487144416798,0.0003358295328677189,0.0005908238107222828
4348,4,4,0.9975986412503504,0.0004683337422154944,0.0004283620445861655,0.000570892095504149,0.9975986412503504,0.00027962551418340254,0.0006541453531604567
4350,4,4,0.9976452995480973,0.0004897757223858628,0.00038806205692804285,0.0005379200927196704,0.9976452995480973,0.0002893694854295383,0.0006495730944393658
4351,5,5,0.9965628471086585,0.0004441855720895137,0.001090135849133927,0.0007833752269196494,0.0003742736845609953,0.9965628471086585,0.0007451825586374329
4353,2,2,0.9972729591669525,0.00036972909945998957,0.9972729591669525,0.0004908037033682,0.0005740849487648474,0.0006584951898747645,0.0006339278915797696
4354,1,1,0.9979802603054755,0.9979802603054755,0.00035972868646317924,0.0003848644415533475,0.000417751652357705,0.0003501932242145549,0.0005072016899356935
4356,3,3,0.9978241344307583,0.0004195674895186123,0.00046352704755153794,0.9978241344307583,0.00038671060560638315,0.0005912114524700585,0.00031484897409506476
4357,3,3,0.997824217484612,0.000422950794288536,0.0004837254364407437,0.997824217484612,0.00046412624946493713,0.00046249914176850205,0.00034248089342521254
4359,4,4,0.9975837147119356,0.0005192669755817893,0.00041288502811543017,0.0005658769331768411,0.9975837147119356,0.00029996126736930325,0.0006182950838210164
4361,1,1,0.9979591020805272,0.9979591020805272,0.00036508172522115197,0.00038085099491866873,0.0004205966104888203,0.0003250239710802623,0.0005493446177639159
4362,5,5,0.9964693564305573,0.0004967690219187511,0.0011309846054195572,0.0007530748677574767,0.0004085251039802365,0.9964693564305573,0.0007412899703666225
4363,3,3,0.9963328364781645,0.0006485143755871459,0.0008584335346304159,0.9963328364781645,0.001150985352690404,0.0004669670620015232,0.0005422631969259879
4364,2,2,0.996764477257176,0.00042383317700298137,0.996764477257176,0.0005584410618538921,0.0007052762218013575,0.000781390300599183,0.0007665819815666121
4365,5,5,0.9938599269240879,0.00044780625077492446,0.0036797583179824125,0.0004955697421072972,0.0003221690841980936,0.9938599269240879,0.001194769680849366
4366,5,5,0.9936836648776709,0.0004372833218816705,0.003046886434978759,0.0008187885141441098,0.00038636183561114587,0.9936836648776709,0.0016270150157134324
4367,4,4,0.9973908111079577,0.0004471651404138257,0.00046540782669842747,0.0006352977212528003,0.9973908111079577,0.0003251063379729615,0.0007362118657043402
4368,5,5,0.9960616436498154,0.0004557060986726901,0.0012332400328702987,0.0008262004291689985,0.0003936998336323648,0.9960616436498154,0.0010295099558402597
4369,6,6,0.9973430304252032,0.0005117466926544209,0.0006511486309582132,0.0006307754834323036,0.0004338010737749046,0.0004294976939769805,0.9973430304252032
4371,2,2,0.9962745201890261,0.0004737306370717192,0.9962745201890261,0.0007209644588918871,0.0008485624834419367,0.0007887995619518874,0.0008934226696165464
4372,2,2,0.995637226665237,0.0003701071933696799,0.995637226665237,0.0008039293571344552,0.0007797934954942468,0.0014527669832410748,0.0009561763055235371
4374,1,1,0.997852686203786,0.997852686203786,0.0004004621599815411,0.00040252518500995125,0.00044917781047148174,0.00035410767416014653,0.0005410409665908787
4376,1,1,0.9980431146793931,0.9980431146793931,0.00033311436000771203,0.00034447297311668296,0.00038045648109462154,0.0003053420315984574,0.0005934994747893994
4377,6,6,0.9975205619486036,0.000806933139231697,0.00045914807935505594,0.0003720131851742404,0.0004408454069570321,0.00040049824067838586,0.9975205619486036
4381,2,2,0.9970242138511897,0.00041479470828872944,0.9970242138511897,0.0005346937557040953,0.0006440215936628505,0.0006755096673521306,0.0007067664238025687
4382,1,1,0.9978462952227636,0.9978462952227636,0.0003675668449713365,0.0003752113156656523,0.0004635052985205992,0.0003109172548136001,0.0006365040632653522
4384,3,3,0.99778913272596,0.0004420069983620534,0.00047705287015753956,0.99778913272596,0.00042678409450238274,0.00054874840941071,0.000316274901607318
4385,6,6,0.9960178924772145,0.001017080988773017,0.0013397184924366199,0.0005180876569058173,0.0006061389111350279,0.0005010814735350413,0.9960178924772145
4387,5,5,0.9965013769954646,0.0004077033287902622,0.0011107761509378828,0.000721140626528753,0.0003509419216508978,0.9965013769954646,0.0009080609766276915
4388,1,1,0.9978384889269157,0.9978384889269157,0.0003949458500546896,0.00034257135702510453,0.00044163616165570935,0.00028600233292377524,0.0006963553714249822
4389,6,6,0.9977156825562798,0.0005747754308751484,0.0005021826217945601,0.0003782196326000956,0.00043427471437390444,0.000394865044076431,0.9977156825562798
4391,2,2,0.9970540886905467,0.00038902504741828906,0.9970540886905467,0.000558300577735775,0.0005956040627532293,0.0007332716402973394,0.0006697099812486964
4394,2,2,0.9964318069068165,0.0002968588962983162,0.9964318069068165,0.00046874808593637846,0.0006299822748787047,0.0010553407362634073,0.0011172630998066532
4395,1,1,0.9979343525392569,0.9979343525392569,0.0003625682919088524,0.00039023113051545033,0.0004357723338196338,0.00034825316699575964,0.0005288225375035114
4397,3,3,0.9977412304330666,0.0004484141619023456,0.0005098116831050975,0.9977412304330666,0.0005000719127048715,0.0004606798825703273,0.00033979192665069437
4398,3,3,0.9940556427790705,0.0006813895984608845,0.000916211995163659,0.9940556427790705,0.0006402387606758729,0.0014037961570847936,0.0023027207095442813
4399,6,6,0.9976458328008629,0.00046096412100141506,0.0005475420826792626,0.00048174859319859197,0.00040638393036308905,0.00045752847189467076,0.9976458328008629
4400,2,2,0.9972388611136518,0.0003712881248670965,0.9972388611136518,0.0005286366724570913,0.0005808967320879572,0.0007046868464836367,0.0005756305104524827
4401,4,4,0.997570012205889,0.0004903306420219262,0.0004577553346629063,0.0005511710957178782,0.997570012205889,0.00031365644439874566,0.0006170742773094944
4402,2,2,0.9972332644973352,0.00037971982054043203,0.9972332644973352,0.0005036797639668423,0.0005639170709801251,0.0007362184502364596,0.0005832003969410877
4403,5,5,0.9966493271274376,0.000340496452589817,0.0012558017652684573,0.0006784580197488327,0.0003194558674178,0.9966493271274376,0.0007564607675375732
4404,4,4,0.9975896203345997,0.0005437462416730948,0.00040637691418714885,0.0005275648024556518,0.9975896203345997,0.00028456538901950847,0.0006481263180648664
4405,6,6,0.9974416510335662,0.0006860053410558698,0.0004698415294359812,0.0005629252418573273,0.00043035901104070205,0.0004092178430439375,0.9974416510335662
4406,4,4,0.9976600356580123,0.0005122529083253679,0.00043016311022804594,0.0004983955851868724,0.9976600356580123,0.00031094104471679176,0.0005882116935306144
4408,4,4,0.9976343149265805,0.00046423666837398336,0.00041139564246255896,0.000594954647655536,0.9976343149265805,0.0002924781011432745,0.0006026200137841363
4412,4,4,0.9976649755204621,0.0004960071169747483,0.00040110456767888545,0.0005433060185293391,0.9976649755204621,0.0002877685557230989,0.0006068382206318743
4413,4,4,0.9975643416642748,0.0004891700352110882,0.0004464007088920835,0.0005421739262793803,0.9975643416642748,0.00031313192429023514,0.000644781741052479
4414,3,3,0.997824000557989,0.0004380897359210362,0.0004610631366108437,0.997824000557989,0.0004646996895012766,0.0004562340542113593,0.0003559128257665762
4416,2,2,0.9955367507028088,0.00025320776546942106,0.9955367507028088,0.00047003515838993885,0.0005012328950919969,0.0027435256116533444,0.0004952478665864957
4417,6,6,0.9977769498405259,0.0005513345374759424,0.0005020896909917641,0.0003366498358500907,0.0003673727422464759,0.00046560335290980303,0.9977769498405259
4418,1,1,0.9978688535799387,0.9978688535799387,0.00037560284664369124,0.0003625348167420608,0.0004315346281315363,0.00031673725294902445,0.0006447368755949709
4419,4,4,0.9975479499510258,0.000495305821354498,0.00045054086934175,0.0005604278555528377,0.9975479499510258,0.00031573983947129743,0.0006300356632538385
4420,5,5,0.9959766273947775,0.0003296439537642754,0.002099426231515526,0.00044970228942386574,0.00033146006188955744,0.9959766273947775,0.0008131400686291896
4423,3,3,0.9978655775531104,0.0004005095134545857,0.0004754159396168959,0.9978655775531104,0.0004339087809089203,0.0005069287548384165,0.00031765945807081704
4425,6,6,0.9971712080143809,0.000884915222939868,0.0006358442382214506,0.00036350613839021523,0.00045878750855664606,0.0004857388775110101,0.9971712080143809
4428,1,1,0.9979305923281973,0.9979305923281973,0.00035810238736864975,0.00037569020951853233,0.0004070886424892339,0.00033258799190058393,0.0005959384405257192
4430,3,3,0.997830153340606,0.00041450632452579613,0.00047230874720479186,0.997830153340606,0.00039370307987835563,0.0005591485289504078,0.0003301799788344807
4431,1,1,0.9979192541209332,0.9979192541209332,0.00035762595878841805,0.0003737246570988611,0.00044072435987386376,0.00031162601081838933,0.000597044892487376
4433,1,1,0.9967190514361992,0.9967190514361992,0.00042670507080959895,0.00030009856332815355,0.00040061918832105727,0.00029620173462949683,0.001857324006712525
4434,5,5,0.9953308070531282,0.00034068462729646483,0.001909701261293706,0.00155008558074815,0.0003123679665457676,0.9953308070531282,0.0005563535109877339
4435,4,4,0.9976307614115789,0.0005316859652565142,0.0003959418973602127,0.0005354187640694643,0.9976307614115789,0.0002903587961422697,0.0006158331655926427
4436,5,5,0.9966850703054121,0.00037499469982513043,0.0013317621546528092,0.0006215561771441674,0.00035632700853050115,0.9966850703054121,0.0006302896544353717
4438,1,1,0.9980230292465838,0.9980230292465838,0.00035462200780892085,0.00030775883996983164,0.00036722108657319673,0.00028839061691282407,0.0006589782021515847
4439,3,3,0.9978260369719645,0.00043267550592710976,0.0004888881214921163,0.9978260369719645,0.0004479017841489026,0.00047276329171868996,0.00033173432474875494
4440,2,2,0.9966675548159412,0.00039869813229475724,0.9966675548159412,0.0006477888225055756,0.0006895314034034151,0.0006158731510471111,0.0009805536748079395
4441,5,5,0.9966354647678748,0.00042947202829061174,0.0011737625670854672,0.0008007170725850346,0.0003587313871281494,0.9966354647678748,0.0006018521770359456
4442,5,5,0.9957263099048883,0.0004411853569246575,0.0021488402635916515,0.0007424723895493025,0.00038447471184937875,0.9957263099048883,0.0005567173731966899
4444,4,4,0.9976184767680755,0.0004549952736176433,0.0003879805540894543,0.0005708963132231573,0.9976184767680755,0.0003163478129065087,0.0006513032780878404
4445,3,3,0.9973641817507685,0.00046193487495253826,0.000559742472418107,0.9973641817507685,0.0007169932370441205,0.0005067699588420704,0.0003903777059747384
4446,2,2,0.9966436363411889,0.0004349095345563033,0.9966436363411889,0.0005426486395686609,0.0006779787539075608,0.0008896670636828063,0.0008111596670959283
4449,6,6,0.9977465653512332,0.0006152523800393575,0.00046010366654303556,0.0003692440073118378,0.00041795826252774446,0.00039087633234482204,0.9977465653512332
4450,6,6,0.9976250080122296,0.00064288030278008,0.0005364966686477318,0.00037274627315816224,0.0004363746651485677,0.000386494078035864,0.9976250080122296
4451,5,5,0.9923191138179194,0.00034463145979572713,0.004699166247117218,0.0005660707626035034,0.0003954985559934192,0.9923191138179194,0.0016755191565707506
4454,3,3,0.9976484655576899,0.0004697711510101898,0.000455056255387354,0.9976484655576899,0.0004988346705758508,0.0005622646600664403,0.0003656077052702719
4455,5,5,0.9965523488909926,0.00042837252872814677,0.0012201963700274095,0.0006914729024859348,0.00036266265697280263,0.9965523488909926,0.0007449466507930952
4458,1,1,0.997839084508668,0.997839084508668,0.0003519478245934796,0.00032762217537478556,0.0003943463401082382,0.00027027785441333216,0.0008167212968421958
4459,6,6,0.9973944484509724,0.0006571442975371695,0.0006153579488430889,0.00038928666847714904,0.0004683365723779519,0.00047542606179228433,0.9973944484509724
4460,3,3,0.9977887883378547,0.0004566756803975281,0.0004805031930006449,0.9977887883378547,0.000432440917845583,0.0005045239259575294,0.00033706794494405945
4462,2,2,0.9973307837237011,0.00033496692740609356,0.9973307837237011,0.0004532396264615857,0.0005260856700052632,0.0007643059935572288,0.000590618058868775
4463,2,2,0.9973068118010096,0.000334771898994477,0.9973068118010096,0.0004499588340714958,0.0005268182658904028,0.000751772071555655,0.0006298671284784975
4464,4,4,0.9975678902743359,0.00048719474491614134,0.00039099960625858023,0.000558612775596964,0.9975678902743359,0.00029937697012261805,0.0006959256287698312
4465,5,5,0.9957866774869361,0.00037780459142000545,0.001647155382410201,0.0005444982473074706,0.0002811410138734115,0.9957866774869361,0.0013627232780528285
4466,6,6,0.9977723128164211,0.0006035425687686768,0.0004595621016426849,0.00037070338919473726,0.00038941854984531125,0.00040446057412754627,0.9977723128164211
4470,3,3,0.9978547812183431,0.00040654676556090545,0.0004901608391177778,0.9978547812183431,0.00040937641427684225,0.0005288466941419177,0.0003102880685594996
4472,4,4,0.9975374976831557,0.0005036314270982259,0.0004559562967178066,0.000552217711102387,0.9975374976831557,0.0003204857361242916,0.0006302111458015548
4473,5,5,0.9965841468526193,0.00038927454720118763,0.0013575714136277598,0.0007389393644262765,0.0003702695136575409,0.9965841468526193,0.0005597983084680094
4474,3,3,0.9978358678071899,0.0004220662454655559,0.0004818155394431751,0.9978358678071899,0.00046859477451194803,0.0004516161810007601,0.00034003945238864406
4478,6,6,0.9976417463188112,0.0006025702124428282,0.000516965840115483,0.00038902203250297675,0.00043055991923813224,0.0004191356768893481,0.9976417463188112
4480,5,5,0.9954519097918363,0.0005430878603155438,0.0010142580570470887,0.0018272546196330217,0.00039988557059065426,0.9954519097918363,0.0007636041005773929
4481,2,2,0.9969723787254609,0.0004154930882400687,0.9969723787254609,0.0005578171427363832,0.0006269565555170633,0.0006851306338930823,0.0007422238541526037
4482,1,1,0.997896878648812,0.997896878648812,0.00037335558250587765,0.0003998263626555275,0.0004567865511154285,0.0003480697067102755,0.0005250831482008611
4483,1,1,0.997909253625724,0.997909253625724,0.00035650941050229776,0.0003747696777050266,0.00044300346308488763,0.0003215115012036193,0.0005949523217801633
4484,2,2,0.9970415827397942,0.000341363475233246,0.9970415827397942,0.0004915619794122504,0.0005842416196131854,0.0007585876024617602,0.0007826625834853522
4485,6,6,0.9977361964554249,0.0005690154976042333,0.0004922843560222714,0.000369781097289939,0.00042486056103420243,0.00040786203262451224,0.9977361964554249
4487,3,3,0.9978836871055587,0.00041965855861104853,0.00046320894624855727,0.9978836871055587,0.0004166402296093923,0.000480940454066192,0.00033586470590604126
4488,5,5,0.9964965623424672,0.00037964402215207894,0.0011377975410005049,0.0007238781142498205,0.000321243173261844,0.9964965623424672,0.0009408748068685925
4489,1,1,0.997608662527911,0.997608662527911,0.0003350463342431362,0.00038287804879898933,0.00041154279321609625,0.0003537984874364496,0.0009080718083943066
4490,3,3,0.9978323175488208,0.000427772383026016,0.0004735094345539001,0.9978323175488208,0.0004280837649326861,0.0005180129492341999,0.0003203039194324941
4492,5,5,0.9963535493783053,0.00037913784020654815,0.0016707132911233658,0.000545646662168749,0.00036299805033754583,0.9963535493783053,0.0006879547778584495
4493,3,3,0.9978643896353311,0.00042367512597183364,0.00044822708736668706,0.9978643896353311,0.0003936578146578638,0.0005508147682355113,0.00031923556843701704
4495,6,6,0.9973949065940934,0.0007730948173867418,0.0005147074050332313,0.0004344293791921997,0.00048711467491178854,0.00039574712938266794,0.9973949065940934
4496,5,5,0.996490890440827,0.00032539618959570354,0.0017116304861489807,0.0005413253064307346,0.0003387650049409714,0.996490890440827,0.0005919925720566348
4497,1,1,0.9970476202836586,0.9970476202836586,0.00035300128390356215,0.0003400252842149661,0.0004114219788761373,0.0002755465984490762,0.0015723845708976577
4498,4,4,0.9975929699842273,0.00048161626088913774,0.000447961606489234,0.0005297789434472068,0.9975929699842273,0.0003026565268977962,0.0006450166780494181
4499,5,5,0.9964692218938186,0.0004333255411720799,0.0013808247137549142,0.0008478707282539456,0.00034483306730162923,0.9964692218938186,0.0005239240556988424
4500,3,3,0.9976680888761786,0.0004216513485950204,0.000497596746540065,0.9976680888761786,0.000572424033525061,0.000535171770772671,0.0003050672243885704
4501,3,3,0.997803049909278,0.0004440170674276972,0.000486834856377723,0.997803049909278,0.0004597073501559071,0.000484874917088879,0.00032151589967176805
4503,6,5,0.9956934097649925,0.00042948529807441754,0.0014985821374934763,0.0006161478594426057,0.00034571728835545236,0.9956934097649925,0.0014166576516415135
4504,4,4,0.9976135934228046,0.00046504922524923814,0.00044109217331693185,0.0004895194650467203,0.9976135934228046,0.0003116057625233653,0.0006791399510592167
4505,5,5,0.9954326707014901,0.0003316840050541651,0.001932621109797159,0.0005871756329220658,0.0003353309771479154,0.9954326707014901,0.0013805175735885893
4507,1,1,0.9978696838266408,0.9978696838266408,0.00041308076583367444,0.00032778223465349064,0.0003837908433410913,0.0003357330233664414,0.0006699293061646228
4508,3,3,0.9978280297868918,0.0004073296873589257,0.0004907136137536599,0.9978280297868918,0.00047951405275065357,0.000460615422928391,0.00033379743631664394
4509,1,1,0.9977500277928569,0.9977500277928569,0.00035572900475345603,0.0003210242570265942,0.0004056668144212615,0.0002626305327774948,0.0009049215981642913
4511,3,3,0.997681790271891,0.0004896162103704649,0.0005095922051619066,0.997681790271891,0.0004970737753942262,0.00045926807675047125,0.00036265946043206166
4512,3,3,0.9978278377461773,0.0004107410827078416,0.0004876559298959242,0.9978278377461773,0.0004412744354093086,0.0004890592001990301,0.0003434316056105274
4514,1,1,0.997987240496706,0.997987240496706,0.000360842201307364,0.0003646946170220015,0.0004095617792036643,0.0003254912929084079,0.0005521696128524384
4516,3,3,0.9977729512308148,0.00040825689524647777,0.0005266467757986599,0.9977729512308148,0.0004880997388453279,0.0004836410607711354,0.0003204042985236989
4517,3,3,0.9978702542216885,0.00041731819417246464,0.00045372789836054753,0.9978702542216885,0.0004128226422206967,0.0005240983650991911,0.00032177867845868837
4519,6,6,0.9971786647474689,0.0008782375291847382,0.000617751147612497,0.0004128462714148236,0.00046704092107297955,0.00044545938324612775,0.9971786647474689
4520,5,5,0.9964811580629576,0.0004049438485825622,0.0012091725097678537,0.0008343321784458982,0.0003520253734722687,0.9964811580629576,0.0007183680267738294
4523,5,5,0.9958870114834216,0.00041734522428047495,0.002170528789257875,0.0006914361691963705,0.0003628078232076229,0.9958870114834216,0.00047087051063603044
4524,1,1,0.997828346847477,0.997828346847477,0.0003860051673639532,0.00041228086330796846,0.0004358193147782639,0.00041449176498568164,0.000523056042086921
4525,3,3,0.9978244369977964,0.0004075025039169205,0.0004905913984550097,0.9978244369977964,0.00044640681205612985,0.0004994901264429299,0.0003315721613325881
4526,4,4,0.997638637653147,0.0004633672904827701,0.0004141221805735611,0.0005223736219333052,0.997638637653147,0.0002987091301584828,0.000662790123704887
4529,2,2,0.9966416037270235,0.0003873899861467218,0.9966416037270235,0.0005023186515006416,0.0006340134218591008,0.0009359603562048859,0.0008987138572651408
4531,5,5,0.9967459192095331,0.00038697728477488525,0.001280538626215208,0.0006804690991483644,0.00033233035592720203,0.9967459192095331,0.0005737654244012867
4532,1,1,0.9980381665647028,0.9980381665647028,0.0003570634927486609,0.0003302065961881386,0.00038225081908121203,0.0003041967956610739,0.0005881157316181922
4533,4,4,0.9976402192745856,0.00048286981338967574,0.0004335369888480539,0.0005306629289354962,0.9976402192745856,0.00030615220468438513,0.0006065587895567881
4539,6,6,0.997333815621179,0.0006326167059740432,0.0006951077479393363,0.0003741947618372384,0.00042329460846177375,0.0005409705546086656,0.997333815621179
4540,2,2,0.9973193312288055,0.00035037186477252435,0.9973193312288055,0.0004715515188398269,0.0005462766550312456,0.0007757025112991175,0.0005367662212518994
4541,3,3,0.9978446533254615,0.0004296412041875822,0.0004968186627718314,0.9978446533254615,0.0004207106650904349,0.000475229675093932,0.00033294646739481684
4542,2,2,0.9970807168186091,0.0004035747444587835,0.9970807168186091,0.000530493315182964,0.0006324133551274021,0.0006313003664726498,0.0007215014001491136
4543,1,1,0.9978240203906846,0.9978240203906846,0.00039533069607664256,0.0003813722086849678,0.00043693898510211706,0.00038501856920357283,0.0005773191502481238
4545,2,2,0.9970857619701261,0.00037064106746126157,0.9970857619701261,0.0004703859544736582,0.0005513126873382672,0.0008928289470985884,0.0006290693735021458
4546,5,5,0.9966121688941271,0.0004194375306690465,0.0012240985100840278,0.0006391722183609863,0.00035778211865176263,0.9966121688941271,0.0007473407281070768
4547,2,2,0.9970550996756437,0.00033939771056192616,0.9970550996756437,0.0005442007346432063,0.0005765321813880867,0.000708164679868288,0.0007766050178948309
4549,1,1,0.9979302920180197,0.9979302920180197,0.00033637547817608063,0.0003807528296993689,0.00043317570331272365,0.00030595137780725,0.0006134525929848714
4550,2,2,0.9970985673627809,0.00032033802443875943,0.9970985673627809,0.0005112629715472643,0.0005663015099069139,0.0008961233074259675,0.0006074068239002518
4551,5,5,0.9966229782179363,0.0003752376712654933,0.0014229259979376715,0.0005683014985492234,0.0003668516358635434,0.9966229782179363,0.0006437049784477778
4554,6,6,0.9978125336981619,0.0005406284602883644,0.0004528453101161663,0.0003707167141964981,0.00038895876273785515,0.0004343170544991674,0.9978125336981619
4557,4,4,0.997573943760887,0.00046056399883103425,0.0004077033501813697,0.0005628006943993374,0.997573943760887,0.0003030981557115997,0.0006918900399896157
4558,5,5,0.9966189908286405,0.00038032361951227146,0.0012371715915046456,0.0006472922426433461,0.00034622615366500795,0.9966189908286405,0.0007699955640343042
4559,1,1,0.9978148162141515,0.9978148162141515,0.0003262264691672041,0.0003439151065566862,0.00037566453094336214,0.00030764649793539123,0.0008317311812456892
4560,3,3,0.9977974560319302,0.000403038969383707,0.000507133704999009,0.9977974560319302,0.00047627744662364225,0.0004903439968043676,0.00032574985025914566
4562,1,1,0.997827904365347,0.997827904365347,0.00039721309572530647,0.00038594025000332445,0.00042608773572902785,0.00039383341315463025,0.0005690211400408194
4563,2,2,0.997258281691864,0.0003496137713261845,0.997258281691864,0.0004970680337693215,0.0005488064940111089,0.0007206419659671462,0.0006255880430622092
4565,1,1,0.9980174491313428,0.9980174491313428,0.0003594250522387161,0.0003179302992425185,0.0003692689271354636,0.0002816445492975308,0.0006542820407427284
4567,4,4,0.9976230533441941,0.0004733336227866511,0.0004449177188021294,0.0005202376773610246,0.9976230533441941,0.0003125548330823495,0.0006259028037737504
4568,1,1,0.9980119363668422,0.9980119363668422,0.0003326861444481305,0.00030945829028910686,0.00035782227854282513,0.0002897072669920139,0.00069838965288572
4569,6,6,0.9972481964913089,0.0007032591130925499,0.0005329946097108379,0.0004278629631491313,0.0005510771099614414,0.0005366097127771469,0.9972481964913089
4571,1,1,0.9979851087081264,0.9979851087081264,0.00033483510029857133,0.00032717267395695364,0.00038658251875326697,0.00029776858326159187,0.0006685324156032799
4572,3,3,0.9978076798761796,0.0004408158759145156,0.0004917403552938748,0.9978076798761796,0.0004770007803525587,0.0004563273134498564,0.0003264357988096241
4573,5,5,0.9961801715742311,0.0004200287199705749,0.0017211480209847114,0.0005873554588601323,0.0003773087208636294,0.9961801715742311,0.0007139875050899057
4576,3,3,0.9977611536509999,0.0004069347146074455,0.0004947476088209755,0.9977611536509999,0.0005094616327288587,0.0004930792025972216,0.00033462319024554516
4577,6,6,0.9978429179537823,0.0005442976307917555,0.0004352483418361495,0.000349096055165493,0.0003825669739269702,0.0004458730444973356,0.9978429179537823
4578,5,5,0.9901956075348031,0.0004971554912198829,0.003289270331527508,0.0006848641448751516,0.00044779527659732373,0.9901956075348031,0.004885307220977114
4579,5,5,0.9964919348035548,0.0004247714314413925,0.0012206054407131863,0.0007219892031727421,0.0003708303292434572,0.9964919348035548,0.0007698687918744319
4581,1,1,0.9979044776536211,0.9979044776536211,0.0003905763492669341,0.00039389104252118135,0.00043188681843828793,0.00032300572832231057,0.0005561624078301348
4582,3,3,0.9978247502247257,0.00042784014490015256,0.000495606781732313,0.9978247502247257,0.0004209679158828756,0.0005066100664955003,0.0003242248662634163
4584,6,6,0.9972435031070516,0.0006417387498930459,0.000734524669865658,0.0004110729120957701,0.00046273785623800575,0.0005064227048559571,0.9972435031070516
4586,4,4,0.9975819163549507,0.00048087983368683954,0.00045468344477231473,0.000551165298612096,0.9975819163549507,0.00031309059204430716,0.0006182644759336702
4587,3,3,0.997704645493027,0.0004675897445920319,0.0004954166758216897,0.997704645493027,0.0005069245641373055,0.0004389347220080156,0.0003864888004140858
4588,1,1,0.9979765205241028,0.9979765205241028,0.0003387411433502952,0.0003503627675743576,0.00043247092398503986,0.0002948323725094136,0.0006070722684780618
4589,4,4,0.9976354524129812,0.0004729164790397953,0.0004515850891108767,0.0005237077547621254,0.9976354524129812,0.0002771748608481234,0.0006391634032579224
4590,2,2,0.9969965424742189,0.0002587238012370756,0.9969965424742189,0.00040755539125250987,0.0004811553041098759,0.0011961128310073476,0.0006599101981743418
4591,2,2,0.997271133696306,0.00035217931609185266,0.997271133696306,0.0004932019575330337,0.0005690226173542686,0.0007326728178857822,0.0005817895948290443
4592,5,5,0.9919786942600006,0.00045200107753456763,0.0056529569434282025,0.0008929714535359123,0.00036091560066421353,0.9919786942600006,0.0006624606648364228
4594,5,5,0.9944872833087488,0.0007558148465850403,0.002781203541992163,0.0008315089572396345,0.00030827482523746293,0.9944872833087488,0.0008359145201969322
4595,6,6,0.997617448445985,0.0004779280981183491,0.0004569398411565456,0.0004707786255728005,0.00040894820561159753,0.0005679567835557658,0.997617448445985
4596,2,2,0.9972174816418228,0.00033500136845039197,0.9972174816418228,0.0005064268204141697,0.000556065321406516,0.0008080538969755611,0.000576970950930565
4597,4,4,0.9971304057092213,0.0005559440867076211,0.0003920983861834344,0.0006097768636778791,0.9971304057092213,0.0003201973678964752,0.0009915775863132937
4598,1,1,0.9977393592741837,0.9977393592741837,0.0003362200441681944,0.0003596082270174458,0.00035877836055730886,0.0002899064001800697,0.000916127693893333
4602,5,5,0.9940868242595435,0.00032798807883423843,0.004173836048330927,0.00046350217312628796,0.00034904926867973394,0.9940868242595435,0.0005988001714853157
4603,3,3,0.9971865122515801,0.0004279342086160123,0.000563463795355527,0.9971865122515801,0.0003825120627688766,0.001038747289114753,0.00040083039256473215
4604,1,1,0.9979595742124686,0.9979595742124686,0.0003556354354155745,0.0003147197005757203,0.0003787398595530997,0.0003242878463932914,0.0006670429455937255
4605,4,4,0.9975238541709596,0.0004783155211359236,0.00041838811428427975,0.0005799926060239514,0.9975238541709596,0.0003199612870063505,0.0006794883005898736
4606,5,5,0.9964421832472652,0.0003524936644547098,0.001454635646441418,0.0006390026056028219,0.0003212519853829103,0.9964421832472652,0.0007904328508529264
4607,2,2,0.9973539561011447,0.00030306570891760034,0.9973539561011447,0.00040355329464283055,0.00048502865675092126,0.0009157026480587105,0.0005386935904851454
4609,2,2,0.9972801380322154,0.00030602771384782417,0.9972801380322154,0.0005264890587330309,0.0005151868188110704,0.0007897742461513949,0.0005823841302414485
4610,3,3,0.9978181576459602,0.0004574026631730614,0.00047116443748863364,0.9978181576459602,0.00041970706461654666,0.0004912226213301534,0.0003423455674314227
4611,2,2,0.9963094991955092,0.0003910885291206383,0.9963094991955092,0.0008343921843516531,0.0006936749256151298,0.0006931492522083228,0.0010781959131951492
4613,3,3,0.9978480885315295,0.0004320146345015245,0.0004873636329060826,0.9978480885315295,0.00042243665068536474,0.000478377679241484,0.00033171887113605614
4614,3,3,0.9978130909178985,0.00041394441478647266,0.00044143667843525987,0.9978130909178985,0.00042225047325376397,0.0005690859314232251,0.00034019158420278835
4615,6,6,0.9956587188487561,0.0009745440554695547,0.0008917462801963318,0.0005242013529802993,0.0004949648101271092,0.001455824652470549,0.9956587188487561
4616,1,1,0.9978335833960661,0.9978335833960661,0.0003846132395851642,0.0004008029404425774,0.00045349276621111685,0.00033069223472975186,0.0005968154229654446
4617,5,5,0.9964952020444924,0.0004033067730861701,0.0014839791912627817,0.000649794538352447,0.0003541818057500798,0.9964952020444924,0.0006135356470561133
4618,3,3,0.9977809655539168,0.00042147628292129143,0.0004929531650031325,0.9977809655539168,0.0004684407551617123,0.00048786866768156653,0.0003482955753154354
4619,3,3,0.9978651378464889,0.0004034799147573427,0.0005078568900367304,0.9978651378464889,0.0004164767525303323,0.0004987950642841606,0.00030825353190258283
4620,2,2,0.9973585505645537,0.00033428437225788344,0.9973585505645537,0.0004656116593317806,0.0005281543971102179,0.0007327579442726951,0.0005806410624737495
4621,4,4,0.9975655523382844,0.00046285415617253493,0.0004030642046445078,0.0005556742791883101,0.9975655523382844,0.00032579900285922554,0.0006870560188510795
4622,4,4,0.9975881588994325,0.0005232131770516532,0.00041324550172382526,0.0005077662626556609,0.9975881588994325,0.00029188554076446015,0.0006757306183719339
4623,2,2,0.9970789484701318,0.0003525279097459591,0.9970789484701318,0.0005081611671288748,0.0006067064858893118,0.0007503083093114831,0.0007033476577925736
4624,1,1,0.9979443008085259,0.9979443008085259,0.00037056225319755554,0.0003606121773794836,0.0004098084486387778,0.0003166340483263465,0.0005980822639319609
4625,1,1,0.9979894230425385,0.9979894230425385,0.0003344623170260073,0.00034422932859770416,0.0004122406653558599,0.00029767502126017256,0.0006219696252218398
4626,1,1,0.9978818456246917,0.9978818456246917,0.0003668102494163092,0.00036163774196221047,0.00040442974484825603,0.0003615684457407898,0.0006237081933408156
4629,6,6,0.9977400002343085,0.00045734936507195836,0.0005741476606856208,0.00043905059415796525,0.0004117997763034431,0.00037765236947248334,0.9977400002343085
4631,2,2,0.9956036030976563,0.0004455547209699069,0.9956036030976563,0.0009685224909831264,0.0008142739875399353,0.000855912257441603,0.0013121334454091274
4632,6,6,0.9977302228758889,0.0006140046339247016,0.00046917497651776145,0.0003692992714897239,0.00038826926511682244,0.00042902897706212524,0.9977302228758889
4633,3,3,0.9973518209249972,0.000495508630669501,0.0006056615578224082,0.9973518209249972,0.000694386791174774,0.00042139145289827196,0.0004312306424378803
4634,2,2,0.9973203788891577,0.000339485061617249,0.9973203788891577,0.00048044918917063,0.0005392819947991753,0.0007736048860986986,0.0005467999791565487
4635,3,3,0.9977906673150935,0.00043191089564389626,0.0005016395471236459,0.9977906673150935,0.00048971559026733,0.0004579253860076097,0.0003281412658640458
4636,4,4,0.9976125724991549,0.0004831088192518447,0.0004268141611424103,0.0005635932681148693,0.9976125724991549,0.00029164141075909973,0.0006222698415768616
4637,4,4,0.9976340135187473,0.00048562518581869545,0.0003957097384686717,0.0005776480999076884,0.9976340135187473,0.00029993720298016155,0.0006070662540775783
4639,5,5,0.9962108394135802,0.0005489965694215479,0.0013010942249639524,0.0007038687655165211,0.0004279428214694181,0.9962108394135802,0.0008072582050483202
4640,1,1,0.997903939634775,0.997903939634775,0.00031961774110925346,0.00030552869324885584,0.00034872974964236754,0.0002698104644707161,0.0008523737167537882
4641,6,6,0.9976289055960463,0.0006090719338918783,0.0005062180159031993,0.0004151474229996532,0.00046775605562197035,0.00037290097553699364,0.9976289055960463
4642,1,1,0.9977269210030035,0.9977269210030035,0.00032613212162750416,0.0003181965261403787,0.00038536385570652615,0.0003052848744157207,0.0009381016191063823
4645,2,2,0.9942919992391387,0.00026091609632181666,0.9942919992391387,0.00047148620502391063,0.00047745039466243053,0.0040077342714135876,0.0004904137934395614
4646,2,2,0.9969959327802073,0.00044226847544829445,0.9969959327802073,0.0005688997956117747,0.0006653783539570481,0.0006449703986540549,0.0006825501961215748
4647,4,4,0.9976568401956539,0.0004886175824992564,0.000418012744712398,0.0005027419028175566,0.9976568401956539,0.00029853943733299155,0.0006352481369838641
4648,1,1,0.9979633001866421,0.9979633001866421,0.00036255201483246315,0.0003614818959723305,0.0003928512593643718,0.00029665779219444636,0.0006231568509942044
4649,3,3,0.9978538952450935,0.00038363030915735205,0.0005004535013939141,0.9978538952450935,0.000432412203708055,0.0005179832055392302,0.0003116255351080463
4651,2,2,0.9961223257906148,0.0004979198123223808,0.9961223257906148,0.0006736205935778142,0.0008694321245936438,0.0007712230971284159,0.0010654785817629697
4653,4,4,0.9976049480753753,0.000516772319040344,0.0004228326357137199,0.0005128499958808084,0.9976049480753753,0.0002925386599308233,0.0006500583140590947
4655,4,4,0.9976342590799505,0.0004902862554594812,0.00040364670580258155,0.0005225908115800407,0.9976342590799505,0.0002958636289362641,0.0006533535182710882
4656,3,3,0.9978469988330265,0.0004369201071347919,0.00045564190348510624,0.9978469988330265,0.0004502394756480294,0.00047476486704963773,0.0003354348136559166
4657,5,5,0.996102203654941,0.00031806516600892245,0.001506083745912722,0.001096605661266798,0.00030693603597926314,0.996102203654941,0.0006701057358913467
4658,4,4,0.9976544940337828,0.00048340519206014796,0.000406955415979507,0.0005190254906995543,0.9976544940337828,0.0002911018428616091,0.0006450180246163444
4660,5,5,0.9961588546815885,0.00046167901779147575,0.0011282474919742695,0.0010848894195528529,0.00038089592171562523,0.9961588546815885,0.0007854334673773073
4661,6,6,0.997755084651872,0.0006108700606626402,0.0004835394960105816,0.0003610217152622891,0.00039248400291629103,0.00039700007327616725,0.997755084651872
4662,3,3,0.997273888774194,0.0004877055891501975,0.000585371702114593,0.997273888774194,0.0004820965241730399,0.0006790080986072242,0.0004919293117609246
4663,5,5,0.9964890842977244,0.00043267555194268344,0.001497665761218336,0.0005765118505733734,0.0003788178413221552,0.9964890842977244,0.0006252446972190347
4664,2,2,0.9970106393383347,0.00038092780350360765,0.9970106393383347,0.0005523073185724463,0.0005868883170564045,0.0008444617698922146,0.0006247754526406852
4665,2,2,0.997264014418532,0.0003122240263692305,0.997264014418532,0.0004677682820367976,0.0004844927979877763,0.0009753926877506229,0.0004961077873236227
4666,1,1,0.9979325291850837,0.9979325291850837,0.0003628793259503483,0.0003949429278785063,0.00045168983706673127,0.00034262780436602547,0.0005153309196546714
4668,4,4,0.9976411642474738,0.00046114531094102737,0.0004135345838208745,0.0005613181711385873,0.9976411642474738,0.0003042817643713707,0.0006185559222543698
4669,5,5,0.9965956053013048,0.00039659812955782,0.0012536425126172099,0.000739436773509497,0.0003478429890123728,0.9965956053013048,0.0006668742939983155
4670,2,2,0.9971230055333684,0.0003600244460048951,0.9971230055333684,0.0005160728208986084,0.0006142966832036967,0.0007397642354432968,0.0006468362810810934
4672,4,4,0.9976280034951855,0.0004839175233035827,0.00042449776982979163,0.0005383005383226224,0.9976280034951855,0.000299784410876895,0.0006254962624816247
4673,4,4,0.9976709875008131,0.000486729569199897,0.0004292392281486037,0.0005122682978392207,0.9976709875008131,0.0003042972649177311,0.0005964781390814501
4675,1,1,0.9978989791205474,0.9978989791205474,0.0003780110887397859,0.0003883493821773897,0.0004565371068740804,0.0003502303139040349,0.0005278929877573063
4676,6,6,0.9978668918396109,0.0004905006900521876,0.00046035753381577435,0.00036634311361051985,0.0003899718724041473,0.00042593495050655583,0.9978668918396109
4677,3,3,0.9977611825735182,0.0004529764065200159,0.00048309994946166436,0.9977611825735182,0.000486563771128661,0.00043425807325490385,0.00038191922611652084
4678,6,6,0.997677396695625,0.0005547956158421106,0.0005467422948285343,0.0004012231991643406,0.0004281418270126796,0.00039170036752730485,0.997677396695625
4680,6,6,0.997757722878926,0.0005857071314972344,0.0005308843048224167,0.0003303654342410821,0.00041023621041324056,0.0003850840401000777,0.997757722878926
4681,1,1,0.9979162882097142,0.9979162882097142,0.00038440585237275185,0.00037734517658648075,0.0004239713994836933,0.0003696465158045136,0.00052834284603838
4682,1,1,0.9979066246813821,0.9979066246813821,0.0003786273524564103,0.00038722715651516283,0.0004220132790951461,0.0003634245000569669,0.0005420830304941837
4683,2,2,0.9972486901912521,0.0003417562337170142,0.9972486901912521,0.0005553378617697657,0.0005612683491888814,0.0007683768489139959,0.0005245705151583043
4684,4,4,0.9975966392221176,0.0004802242418237851,0.0004293292405921356,0.0005620237553084653,0.9975966392221176,0.00030087049718259,0.0006309130429753707
4686,4,4,0.997656192302613,0.0004932288262322309,0.0004173934434458859,0.0005179299447945577,0.997656192302613,0.000294630929608257,0.0006206245533060216
4687,2,2,0.9967652108675067,0.00029559857664717017,0.9967652108675067,0.00041679720933705296,0.0005259124254875397,0.001524580173916967,0.00047190074710461513
4688,5,5,0.9964944451421514,0.00045455673763720273,0.001143104831581639,0.0009068919799555772,0.000349818894049324,0.9964944451421514,0.0006511824146248953
4689,3,3,0.9978315950038052,0.0004314843700153571,0.0004735589949217079,0.9978315950038052,0.000422890008264916,0.0005102486832114812,0.0003302229397813658
4690,4,4,0.9975927405370593,0.0005095768130593854,0.000404252046919455,0.0005214273702892384,0.9975927405370593,0.0003112057516768544,0.0006607974809958552
4691,2,2,0.9971558089515771,0.00030442624834155305,0.9971558089515771,0.0005140787809606262,0.0005449986911631698,0.0008789824411639666,0.0006017048867935704
4693,3,3,0.9977853510201222,0.00043593520323974923,0.00048379702980120854,0.9977853510201222,0.0003865842502354107,0.0005810571030868531,0.0003272753935145897
4695,5,5,0.9967750426465989,0.00035463165462457834,0.001285957729980999,0.0005949832690965255,0.00031091714518493267,0.9967750426465989,0.00067846755451409
4697,2,2,0.994686271911202,0.00046402677270332914,0.994686271911202,0.0011385420900156744,0.0009053780547309046,0.0012006297513718078,0.0016051514199763896
4698,3,3,0.997823630237488,0.0004171226109465131,0.0004521038114659095,0.997823630237488,0.0003843518170582417,0.0006047798736956347,0.000318011649345802
4699,5,5,0.99593189327357,0.0004162563874709191,0.0013928097484421063,0.0006051924827975748,0.000346449717181931,0.99593189327357,0.0013073983905375083
4702,4,4,0.9976584929929273,0.0004767741492982472,0.000402264181342468,0.0005397484065773867,0.9976584929929273,0.00028703597544140364,0.0006356842944131872
4704,3,3,0.9978012499797287,0.00043560221342526015,0.0005095541157172457,0.9978012499797287,0.00039703719312721885,0.0005205968657554355,0.00033595963224605796
4706,6,6,0.9975676438138055,0.0005060182252334146,0.0006225701010829285,0.000350280195743981,0.0003712375437069705,0.0005822501204272619,0.9975676438138055
4708,3,3,0.9977239065356179,0.00048226116642890266,0.0005164407309343925,0.9977239065356179,0.0004847062954200771,0.00043891494389527156,0.0003537703277034066
4709,2,2,0.9967969639042863,0.00034933596214550524,0.9967969639042863,0.0005367857772441247,0.0006507340767711546,0.0007249877225869842,0.0009411925569659834
4710,1,1,0.997890230082385,0.997890230082385,0.0004007030256227149,0.0003268107331027547,0.0003821205512010014,0.000286544654906228,0.0007135909527824432
4711,2,2,0.9969866154734944,0.00038725020229841414,0.9969866154734944,0.0005694733971097725,0.0006622561801956433,0.0006466448847948829,0.0007477598621068433
4712,5,5,0.996563445040395,0.0004568235629479431,0.0012160134192286177,0.000635336663525611,0.00036192798504070624,0.996563445040395,0.0007664533288621108
4713,5,5,0.9960595133367331,0.00032201030227249763,0.0018608094683528497,0.000563489492671784,0.000380175877669152,0.9960595133367331,0.0008140015223006124
4714,1,1,0.9979366078303107,0.9979366078303107,0.00036414459516070447,0.0003877670684305656,0.0004289012874073862,0.000365028420285275,0.0005175507984054271
4716,5,5,0.9966712915046406,0.0003704933591480496,0.0011693622360589566,0.0007006989296002173,0.00029887433927740085,0.9966712915046406,0.0007892796312747892
4719,2,2,0.9964715933049044,0.00029777527336108476,0.9964715933049044,0.0004643875056957478,0.0005498969999965073,0.001177360826531167,0.0010389860895111066
4720,3,3,0.9977705221383169,0.0004473323818431093,0.0005140141451435474,0.9977705221383169,0.00044800587356634195,0.0004901811354124079,0.00032994432571778676
4721,4,4,0.9976941561490643,0.00047472903170182624,0.00041313295232405856,0.0005229976220197964,0.9976941561490643,0.0002962998937283702,0.0005986843511615887
4722,6,6,0.9974493456354667,0.0006990714514793863,0.0005436198010230935,0.0004018637729943211,0.00044889474844460775,0.0004572045905919146,0.9974493456354667
4725,1,1,0.9978499631798106,0.9978499631798106,0.00041804242400749446,0.00039197834255009806,0.00043546668395799784,0.00036265553422868633,0.0005418938354452214
4726,1,1,0.9979256201431675,0.9979256201431675,0.0003217572552985084,0.00034831453236067715,0.0003943013539636645,0.00032904465144977576,0.0006809620637597725
4727,5,5,0.995108475347945,0.0004173418273799167,0.002972906713490281,0.0005543138444831445,0.000369565244572382,0.995108475347945,0.0005773970221292852
4728,6,6,0.9967837680351397,0.0008621077585912651,0.0007955677851191577,0.0004812393912312421,0.0006225942850578626,0.0004547227448607353,0.9967837680351397
4729,4,4,0.9976122450670442,0.00043317499011593573,0.0004077520403684211,0.0006084411187160667,0.9976122450670442,0.0002953347534642046,0.0006430520302912675
4730,3,3,0.9978115050574158,0.0004511454022911183,0.0004864667467873491,0.9978115050574158,0.0004341141586650399,0.00047504870145391546,0.00034171993338681834
4731,1,1,0.9976217546071248,0.9976217546071248,0.000398664645212243,0.0004612902916915319,0.0004808508581640561,0.0005061993902487702,0.0005312402075586395
4732,4,4,0.997671984629335,0.0004950503170625977,0.00038284667288291134,0.0005383188637930528,0.997671984629335,0.00030722630940876826,0.0006045732075176878
4733,2,2,0.9971877568032411,0.0003761591950764429,0.9971877568032411,0.0005244938464962099,0.0005851947721383583,0.0006837539590547393,0.0006426414239931145
4738,5,5,0.9966738689012189,0.0003650198511641595,0.0013824254919317337,0.000541174052850751,0.00033727956297397436,0.9966738689012189,0.0007002321398605161
4739,3,3,0.997747011524006,0.00047944038302217434,0.0004908528099372059,0.997747011524006,0.0004645012412174058,0.0004691079119520099,0.0003490861298651499
4741,3,3,0.9977518285125634,0.00045113926228585144,0.0004939394108563913,0.9977518285125634,0.0004598475061575699,0.00045762441020872675,0.0003856208979281885
4742,6,6,0.9976963933085059,0.0006109509593770231,0.0005219679138613628,0.00036289879543455005,0.0004043044388844293,0.00040348458393672603,0.9976963933085059
4743,1,1,0.9979527488912546,0.9979527488912546,0.0003512654393968091,0.00035714086277159406,0.00041186872689628196,0.00030349766935770605,0.0006234784103230313
4745,3,3,0.9978888420600117,0.0004067275936694706,0.0004816192275410192,0.9978888420600117,0.0004277907047152848,0.0004885613931774148,0.0003064590208850472
4747,4,4,0.9976667966032291,0.0004746960886559925,0.00041654251189205673,0.0005393121699468498,0.9976667966032291,0.00029699589882183856,0.0006056567274541172
4748,5,5,0.9962405428657819,0.0004907073093604326,0.0012632217497003397,0.0007062432188070909,0.0003852759263903279,0.9962405428657819,0.0009140089299599501
4751,4,4,0.9976355091764332,0.0005092556951016882,0.000438571278476984,0.00049081550765417,0.9976355091764332,0.0003075689388622527,0.0006182794034717593
4752,3,3,0.9978484337056215,0.0003970304156623903,0.00048556239048106955,0.9978484337056215,0.0004417563746345746,0.0005069285054051348,0.00032028860819537065
4753,4,4,0.9976728555216935,0.0005081712707137595,0.00039971356030958914,0.0005293289380134305,0.9976728555216935,0.0002954538441151533,0.0005944768651545381
4754,4,4,0.9976868929112351,0.0004930523721509976,0.0004144310202592988,0.0005050645128715137,0.9976868929112351,0.000296015563231429,0.0006045436202516144
4755,6,6,0.9976239435196935,0.0005295265970593184,0.0004565902178178514,0.0005041169167327729,0.00037965727162055996,0.0005061654770759583,0.9976239435196935
4756,1,1,0.9978556023299691,0.9978556023299691,0.0003727147408785068,0.0003290984891509978,0.0004065967217579587,0.0003217073676898073,0.0007142803505537107
4757,5,5,0.9926912096945129,0.0005287901100345635,0.005153791931406826,0.0006095557999439425,0.00046184085232661015,0.9926912096945129,0.0005548116117752134
4758,4,4,0.9976486147415445,0.0004914491237476486,0.00041686912631483007,0.0004932422690891935,0.9976486147415445,0.00031487317294060245,0.000634951566363178
4759,5,5,0.9965582008216539,0.00039511640625166625,0.0014884847195244769,0.0006037706915852871,0.0003588349617777605,0.9965582008216539,0.0005955923992069737
4760,1,1,0.9979526748167189,0.9979526748167189,0.0003482658396101241,0.00036113092714555047,0.0003968886533254768,0.00034257019034733966,0.0005984695728527046
4761,5,5,0.99659616892068,0.00044561460307685554,0.0014161480519434564,0.0005931572008562979,0.00037183487862812103,0.99659616892068,0.0005770763448152554
4762,3,3,0.9977397944045227,0.00043900922860661874,0.0005138074611174416,0.9977397944045227,0.00048782129422569534,0.0004765041255568627,0.0003430634859708055
4763,3,3,0.9977789428872725,0.0004522401099147871,0.00047272251248575757,0.9977789428872725,0.0004486933425451722,0.0005281941217845967,0.0003192070259972291
4765,4,4,0.9874814197551197,0.0009784115289987589,0.002096412480082373,0.0030244616928922483,0.9874814197551197,0.002998373717644319,0.0034209208252625437
4768,1,1,0.9979034584587813,0.9979034584587813,0.00037738533428844875,0.0003969220929038888,0.0004204608896323768,0.0003587848748834957,0.0005429883495105586
4769,1,1,0.9980073637377908,0.9980073637377908,0.0003441261794288471,0.00031142685763483013,0.0003566952813767118,0.0003002495592425429,0.0006801383845263476
4771,2,2,0.9973312061937215,0.000306440871096719,0.9973312061937215,0.00045765424864059275,0.0005078243250149837,0.0008717433885531509,0.0005251309729730401
4772,5,5,0.9965051965362772,0.00038076336861515245,0.0013546375145070226,0.000463872678931259,0.00032907085921641725,0.9965051965362772,0.0009664590424529432
4773,2,2,0.996489313945301,0.0004552383159759094,0.996489313945301,0.0006094673467562683,0.0006962038070399259,0.0007142324663525975,0.0010355441185742201
4774,5,5,0.9957511408499612,0.0003197297623199237,0.001797475267013765,0.0007491240381874356,0.0002965463786123104,0.9957511408499612,0.0010859837039053361
4775,2,2,0.9972933966892106,0.00036980687044075537,0.9972933966892106,0.0004948416538436698,0.0005701401977397775,0.0006887908806483136,0.0005830237081167376
4776,1,1,0.9978608384196483,0.9978608384196483,0.00038800155336303407,0.0003921063575675247,0.000441107254031821,0.0003586318597236503,0.0005593145556656949
4778,1,1,0.9979390182360313,0.9979390182360313,0.0003548621335650634,0.0003900240458208205,0.0004199881299178915,0.0003267992864626302,0.0005693081682024564
4780,5,5,0.9964869821200745,0.00043096353811018177,0.0012328127145390597,0.0006624667760245226,0.0003755532231516504,0.9964869821200745,0.0008112216281001303
4782,4,4,0.9976801423130718,0.00046516783871265727,0.00041434186888093203,0.0005255261280665937,0.9976801423130718,0.00028211702426055024,0.0006327048270075071
4783,2,2,0.9971746394748262,0.00036005683687953196,0.9971746394748262,0.0005477309636060437,0.0005906931709593456,0.0007217369110236899,0.0006051426427049896
4784,4,4,0.9976326760850165,0.0004899610328880482,0.0004164577626346543,0.0005694987789826338,0.9976326760850165,0.00029503308301415544,0.0005963732574639739
4786,5,5,0.9962215728599431,0.0003973698306954775,0.0019344782350547351,0.0005358819781030715,0.00036843008674880404,0.9962215728599431,0.0005422670094548054
4787,3,3,0.9978012642971206,0.00044573411222716114,0.0004762522402917559,0.9978012642971206,0.0004402647754321746,0.0004905329646085716,0.0003459516103197602
4788,4,4,0.997521068281981,0.0004765446180325156,0.0004543095807058001,0.0005529912194546857,0.997521068281981,0.00031197824614635495,0.0006831080536796536
4792,1,1,0.998004679677751,0.998004679677751,0.00034149775034900083,0.0003274022712682058,0.0003711284458203444,0.000285750064664284,0.0006695417901473441
4793,6,6,0.9977415741728021,0.0005884208332784303,0.00046727381140453404,0.00036901741771223895,0.0004220865060098182,0.00041162725879295383,0.9977415741728021
4794,3,3,0.9969991417685548,0.0005211202646015577,0.000612201633084002,0.9969991417685548,0.000950008162436984,0.00044168441549404224,0.00047584375582865324
4795,4,4,0.9974374739614729,0.0005309002626029323,0.0004829936349708748,0.000488547199440995,0.9974374739614729,0.0003228989165203491,0.0007371860249919621
4796,3,3,0.9978232784758261,0.00044363241734522436,0.00047422959202081524,0.9978232784758261,0.0004366662414546927,0.0004788071294236398,0.00034338614392956206
4797,4,4,0.9975598059045683,0.0005070366416581184,0.0004426954635972671,0.0005505972769013233,0.9975598059045683,0.00031365294756641925,0.0006262117657086443
4800,2,2,0.9970422753907461,0.0003797119273791287,0.9970422753907461,0.00048663789101149586,0.0006155769450732409,0.0006565058379731893,0.0008192920078169875
4802,3,3,0.997845268858474,0.000428746502642834,0.0004629252254281839,0.997845268858474,0.00041420160177625714,0.0005320818039569584,0.0003167760077217592
4803,6,6,0.9970730943593915,0.0009446446581164383,0.0005757480625334523,0.00043136264416623307,0.0005852516277124886,0.00038989864807983786,0.9970730943593915
4804,4,4,0.9975797692801609,0.00048564881626661814,0.0004054879310366784,0.0005480752530215879,0.9975797692801609,0.00030547805849627177,0.0006755406610178977
4805,1,1,0.9979902878888935,0.9979902878888935,0.0003512273836397443,0.0003461595631620739,0.00040582043164137226,0.00029091418195812747,0.0006155905507049361
4806,1,1,0.9980068507437546,0.9980068507437546,0.00035447934757378257,0.00036831606486295825,0.00040190723932058143,0.0003126950667352974,0.0005557515377528234
4807,4,4,0.9975784735108002,0.00044415808168062494,0.0004279379052758687,0.0005676435718251843,0.9975784735108002,0.00030183842541269196,0.0006799485050055748
4808,5,5,0.9964465336811958,0.0004254483432210509,0.0012132061913672876,0.0006656036021865318,0.0003605793695441719,0.9964465336811958,0.000888628812485156
4809,1,1,0.9979328956712628,0.9979328956712628,0.0003434772608939802,0.0003145291363725032,0.00036692103625293987,0.00027893122325072493,0.0007632456719670451
4810,6,6,0.9973612272707135,0.0007149218470507689,0.0005441157761216797,0.00043585342841846486,0.0004985132177183969,0.0004453684599771293,0.9973612272707135
4812,4,4,0.9972336254734254,0.0005343287145241751,0.00048037464006752014,0.0005092333562306474,0.9972336254734254,0.00032386103100758544,0.0009185767847447098
4813,1,1,0.9978319974676744,0.9978319974676744,0.00038281551571707565,0.0004110498400561982,0.00044546884476541867,0.0003928979556740319,0.0005357703761129537
4814,4,4,0.9976369151910055,0.00046873016805636683,0.0004119842692974171,0.0005652924399817163,0.9976369151910055,0.00028384515243091274,0.0006332327792280481
4815,5,5,0.9966522784693096,0.00042905270254997785,0.001269584371279109,0.0006443065185996911,0.0003542239333755629,0.9966522784693096,0.0006505540048860965
4816,4,4,0.9976157332961201,0.0004948699105511597,0.0004234815004331787,0.0004894386117104886,0.9976157332961201,0.0002993093918423718,0.0006771672893427212
4818,5,5,0.9960881363211385,0.0004344847646280744,0.0014705490160854145,0.0005478181350951787,0.0003426617148752708,0.9960881363211385,0.0011163500481775578
4819,1,1,0.997994777294051,0.997994777294051,0.00036291596101207857,0.0003489822710599618,0.00041458936909013485,0.0003039718931091047,0.0005747632116777328
4821,3,3,0.9978716188446788,0.0004224713988045033,0.0004524100138751913,0.9978716188446788,0.00043692709650138396,0.0004884770515153685,0.00032809559462484636
4822,1,1,0.9979535292061958,0.9979535292061958,0.0003786931771947319,0.0003658105397906758,0.0004101559349208722,0.00034497280597768236,0.00054683833592015
4823,1,1,0.9979308648877366,0.9979308648877366,0.000347209808891595,0.0003075015863857828,0.0003781580394889085,0.0002890225439478939,0.0007472431335491396
4824,6,6,0.9971589220040951,0.0007471484409358312,0.0007030311650702712,0.0003455329407167883,0.0004929773459602763,0.0005523881032217419,0.9971589220040951
4825,5,5,0.9965940883269678,0.00037816037201922423,0.0011432627890684071,0.0007461713656777842,0.0003465777405707673,0.9965940883269678,0.0007917394056960281
4826,1,1,0.9975945495773727,0.9975945495773727,0.00037947940832076446,0.00034659434953446125,0.00041526416908831576,0.00027794432058559954,0.000986168175098207
4827,3,3,0.9977364586560822,0.0004624099550415294,0.0004915552003847212,0.9977364586560822,0.0005179958558548049,0.0004482630195480912,0.00034331731308865043
4829,4,4,0.9975248588879224,0.0004253800768256061,0.00042248410034508255,0.0006287300126501241,0.9975248588879224,0.0003031419587757331,0.000695404963481055
4831,5,5,0.9964823983562434,0.000420233449485091,0.0012798966243463528,0.0006449213420210955,0.00036770211097796556,0.9964823983562434,0.0008048481169261055
4832,1,1,0.9979427727835896,0.9979427727835896,0.0003798849168941561,0.000372065415930033,0.00041452246330298535,0.00033733575589530693,0.0005534186643879981
4833,4,4,0.9976261299718586,0.00046208439637547707,0.0003749494962731961,0.0005701656459898755,0.9976261299718586,0.0003026261776062494,0.0006640443118965568
4834,2,2,0.9972358589884374,0.00038019805674828093,0.9972358589884374,0.0005085189576106078,0.0005710127336933917,0.0007359929032248674,0.0005684183602854963
4835,6,6,0.9971605925303764,0.000741750729111037,0.0007285870078782528,0.0003915331186941781,0.0004378569307256757,0.0005396796832144603,0.9971605925303764
4836,4,4,0.997612495627682,0.0004772386838707167,0.00038996432730160636,0.0005594977518632807,0.997612495627682,0.00028053648380668093,0.000680267125475726
4837,2,2,0.9970188353127456,0.00029896801460488966,0.9970188353127456,0.0006109612128626124,0.0005372107255673536,0.0009963937494319626,0.0005376309847875987
4838,2,2,0.9969459704874756,0.0003562106048252479,0.9969459704874756,0.0006032230629653227,0.0006556015723994586,0.0008685214565647752,0.0005704728157695832
4839,2,2,0.9969955873682367,0.0004193858556669407,0.9969955873682367,0.000542792676632455,0.0006302317026622029,0.000658249902571797,0.0007537524942299684
4840,5,5,0.9966674651847929,0.00039194757924167765,0.0013370835497038493,0.0005748298253698117,0.000323994324680534,0.9966674651847929,0.0007046795362112972
4841,1,1,0.9979355700162559,0.9979355700162559,0.0003572149430009258,0.0003270488252329217,0.0003757064384986898,0.00030872805279046604,0.0006957317242211444
4842,1,1,0.9979711656817866,0.9979711656817866,0.00037726229132031277,0.0003700864214325957,0.0004210025857448139,0.00032576553466628027,0.0005347174850495157
4843,4,4,0.9976345681032773,0.000501154882848289,0.00039506344233910525,0.0005353975779543058,0.9976345681032773,0.00030568575022184335,0.0006281302433592099
4844,1,1,0.9979593124603022,0.9979593124603022,0.00033620630424608874,0.00038105941314986973,0.00043538547015565686,0.00033558374417367437,0.0005524526079724646
4845,1,1,0.9979832291898619,0.9979832291898619,0.00035256744127055116,0.0003635209034415366,0.00039279374718555773,0.00031297199014279045,0.0005949167280976601
4847,5,5,0.996274948381076,0.0003381047282322235,0.001947741373952294,0.0005128217163907654,0.0003353339562605253,0.996274948381076,0.0005910498440882497
4848,1,1,0.997942309406709,0.997942309406709,0.0003766528383137226,0.0003493326673635496,0.0004140775964676248,0.00030443602519771213,0.000613191465948403
4849,2,2,0.9946356983123688,0.000590377637334755,0.9946356983123688,0.0006404678935451977,0.0007980944811210847,0.0010832310107982712,0.002252130664831962
4850,5,5,0.996560066255808,0.0003338625926756662,0.0012794540171910727,0.0005440064864868331,0.00031308653165874065,0.996560066255808,0.0009695241161797374
4851,3,3,0.9977333835192311,0.00047869894412761924,0.0004981506644007812,0.9977333835192311,0.000468571218288431,0.0004709294435311067,0.0003502662104209714
4852,1,1,0.9978310824465411,0.9978310824465411,0.00037451150892656626,0.0004159314416370858,0.0004744304922037309,0.00037583605340209107,0.0005282080572895051
4853,5,5,0.9951306644924223,0.00031830635473915295,0.0019664061381086634,0.0012100365788500643,0.00035593420261137627,0.9951306644924223,0.001018652233268508
4855,4,4,0.9977036215200585,0.0004739683400208438,0.00040410270258336674,0.0005049063523804598,0.9977036215200585,0.00029088720029876096,0.0006225138846580266
4856,4,4,0.9976409697989008,0.0005075982759718241,0.0004403141277451237,0.0005033726913224394,0.9976409697989008,0.0002950929574766233,0.0006126521485832363
4859,1,1,0.9978839243043518,0.9978839243043518,0.00035192268491839957,0.0004190663533863268,0.0004407696898247534,0.00037050396631243377,0.0005338130012063683
4860,1,1,0.9979445069882575,0.9979445069882575,0.0003714362292315614,0.0003814626440734287,0.00043954236298633203,0.0003398211465102289,0.0005232306289409432
4861,4,4,0.9976325562659871,0.00046990342827672515,0.0004315676279412111,0.0005195301766503349,0.9976325562659871,0.0003003492469938525,0.0006460932541508066
4862,3,3,0.9972836271740472,0.0005348332024764952,0.0006300194965775325,0.9972836271740472,0.0006725141179415065,0.00042194429889901876,0.00045706171005829594
4863,4,4,0.9975984671378774,0.0005272171681721563,0.000420198483896835,0.0005182903248981109,0.9975984671378774,0.0003271492016536099,0.0006086776835019272
4864,4,4,0.9976697152975156,0.00046992724920224323,0.0004115424647827129,0.0005555156156592388,0.9976697152975156,0.00028606660183663746,0.0006072327710035722
4865,5,5,0.9886775622353161,0.00036796792225894876,0.009266328261472135,0.000537992578659236,0.00040745687733695146,0.9886775622353161,0.0007426921249565876
4866,2,2,0.9959190945825589,0.0006095069973677471,0.9959190945825589,0.000679045364752286,0.0008606196893314804,0.0006182123609112905,0.0013135210050783117
4867,2,2,0.9972131531277456,0.0003463228944503798,0.9972131531277456,0.0004647577123613011,0.0005408499165980175,0.000741377537931935,0.0006935388109128549
4868,2,2,0.9972090605117785,0.00037450316069380585,0.9972090605117785,0.000499870943219475,0.0006117051528929828,0.0006689257892548123,0.0006359344421605222
4870,1,1,0.9979171472292516,0.9979171472292516,0.0003582847534299724,0.00033108474918286195,0.00037826735674165976,0.0002895366724824075,0.0007256792389114753
4873,1,1,0.9979909821305172,0.9979909821305172,0.00035677959864193186,0.000351693354333096,0.000395055360944629,0.0003066462066054971,0.0005988433489577211
4875,1,1,0.9980120240566331,0.9980120240566331,0.0003654613093702626,0.00034563004507096604,0.0003929540121121533,0.0003251369887196034,0.0005587935880940094
4876,4,4,0.9975616683393953,0.0004504463464958223,0.00046189154395312183,0.0005716314629734107,0.9975616683393953,0.0002880671455470881,0.0006662951616352465
4877,3,3,0.9976626203996809,0.0004298394302182169,0.0005193305326926295,0.9976626203996809,0.00041178885699823514,0.0006339769187561536,0.0003424438616539047
4879,3,3,0.9977243191316251,0.00043381548239509766,0.0004529871061643819,0.9977243191316251,0.0004001583297448355,0.0006585397409265545,0.00033018020914407523
4880,1,1,0.9979277083029361,0.9979277083029361,0.00035819405617320676,0.00038226248555559326,0.00042302594764791283,0.0003405127238286495,0.0005682964838585431
4881,1,1,0.9979515315357559,0.9979515315357559,0.000358705832619102,0.0003882368771485447,0.00041358727299749205,0.0003536698805996874,0.000534268600879366
4883,2,2,0.9934461447710472,0.0008135108480900912,0.9934461447710472,0.0008533186540960447,0.001386003132634337,0.0006955583374477569,0.00280546425668465
4884,2,2,0.9968951680285691,0.000333857044476615,0.9968951680285691,0.0006044416064924991,0.0006090353549718649,0.0009623513072953466,0.0005951466581945263
4887,1,1,0.9978141109483024,0.9978141109483024,0.00038311450361678087,0.00039612571938800695,0.0004250599016591362,0.0003233003735171699,0.0006582885535165876
4888,5,5,0.9933485024197591,0.0004819328719832308,0.004550529011227857,0.00048335791188541544,0.00033657335954430145,0.9933485024197591,0.0007991044256000698
4891,1,1,0.997948378118145,0.997948378118145,0.0003734058520203853,0.0003774343170401864,0.00040116878251984567,0.00034940942295501597,0.0005502035073195984
4892,5,5,0.9961108128731464,0.0003285809799899884,0.001793742450496178,0.0005037470616329497,0.00026496763460334455,0.9961108128731464,0.0009981490001311644
4893,2,2,0.9972555355431397,0.00037005351275985954,0.9972555355431397,0.0005117781242551042,0.0005634350904615378,0.0007486345053004514,0.0005505632240833437
4897,6,6,0.9977035957352056,0.0005641545194345015,0.0004884860748684217,0.0004342315590184148,0.00042368322508572046,0.00038584888638736064,0.9977035957352056
4899,5,5,0.9961161454014981,0.0006788391511258223,0.001346076351464086,0.0006356095444182502,0.00042463046750208723,0.9961161454014981,0.0007986990839916836
4900,4,4,0.9976343400999065,0.00045844891815097037,0.0004292291983137968,0.0005101239296150157,0.9976343400999065,0.00029045315145531414,0.000677404702558553
4901,3,3,0.9978436617569014,0.00038486554728257204,0.0004953725920742776,0.9978436617569014,0.0004591172505800735,0.0005020064030298528,0.00031497645013161526
4902,4,4,0.9976125808377524,0.0005074042635604867,0.0004382214909949603,0.0004979236909290976,0.9976125808377524,0.0002974380869767305,0.0006464316297863599
4903,2,2,0.9952455619787288,0.00032861005509674017,0.9952455619787288,0.0005176819632873072,0.0006874263369266216,0.0017617012717005246,0.001459018394259969
4904,4,4,0.9976332433868953,0.0005218825664649605,0.0003949148910727767,0.000527339651225601,0.9976332433868953,0.00029342377816860574,0.0006291957261727069
4906,2,2,0.9964058072669156,0.0004312246314494714,0.9964058072669156,0.0006415303004217823,0.0007889410804390307,0.0007425020205538812,0.000989994700220005
4909,2,2,0.9972565365554878,0.00028640147067945075,0.9972565365554878,0.0005217180957763042,0.0005218281082509673,0.0007611762539867866,0.0006523395158187114
4910,1,1,0.9979915845740885,0.9979915845740885,0.00034025128889294154,0.0003630018700934149,0.0004206907565402647,0.00032263153849563186,0.0005618399718891893
4911,1,1,0.9979942865441794,0.9979942865441794,0.00034249188005926044,0.0003603971361862335,0.0004087167932033381,0.0003051576660737849,0.0005889499802980528
4913,3,3,0.9976855692829729,0.00044776933239589167,0.0004917560819782786,0.9976855692829729,0.0005046078696095178,0.00044611125784350903,0.00042418617519984964
4914,4,4,0.9975651898618937,0.0005283363489623524,0.00045356083482786123,0.000500209940431126,0.9975651898618937,0.00030486417863968346,0.0006478388352451197
4915,5,5,0.9964616821639839,0.0003580489111415715,0.0015378534913895688,0.0006614922846581306,0.0003393345080108762,0.9964616821639839,0.0006415886408160344
4916,2,2,0.9968717010783757,0.0004504503970278761,0.9968717010783757,0.0006102829668038188,0.000667118501426266,0.0006233062913133743,0.0007771407650529804
4918,1,1,0.9979451679897346,0.9979451679897346,0.0003613421283409924,0.00038451523655191585,0.0004193047593959232,0.0003407236668484845,0.0005489462191280372
4919,5,5,0.9431466270978359,0.0005166412670416279,0.05300155138097177,0.0011418170089650902,0.0008251063183068637,0.9431466270978359,0.001368256926878727
4920,1,1,0.9976318002242035,0.9976318002242035,0.00038753457922957693,0.0005023049385465483,0.00046913384342178196,0.00040139161322403554,0.000607834801374633
4922,2,2,0.9969553365403435,0.0004412759769125955,0.9969553365403435,0.0005741936285097495,0.0006691373610435535,0.000615769612043111,0.0007442868811474332
4923,4,4,0.9975899857404683,0.0005420717794955721,0.0004112104616766866,0.0005035630492863966,0.9975899857404683,0.0003352861992510931,0.0006178827698220278
4925,6,6,0.9965546707771424,0.0007098745116278962,0.000995622653493446,0.0003536861404275408,0.00046264295868667663,0.0009235029586220254,0.9965546707771424
4926,5,5,0.9963797087431223,0.00043214701946972566,0.0014742629658635639,0.0007774771931992223,0.00039684168536214534,0.9963797087431223,0.0005395623929829997
4927,5,5,0.9965523034955832,0.00039383291769028964,0.001327548158969914,0.0005420845523971187,0.00032047103228778065,0.9965523034955832,0.0008637598430716478
4928,5,5,0.99659220096262,0.0003522053222572268,0.0014865217624913198,0.0006141196214523649,0.0003361052000303094,0.99659220096262,0.0006188471311488407
4929,3,3,0.9978467715081631,0.00040283291828733153,0.0004770831380565652,0.9978467715081631,0.0004531619710360176,0.0005014476728520205,0.0003187027916048974
4930,2,2,0.9971372249769586,0.00031260858244426814,0.9971372249769586,0.0004302206730766272,0.0005361929787266743,0.001079852486326785,0.0005039003024671004
4931,4,4,0.9976271024458737,0.0005008942779251219,0.00043350296802055266,0.0005077422921555786,0.9976271024458737,0.0003149435493385575,0.0006158144666864258
4933,6,6,0.9968947401371215,0.0007512869369680027,0.0006921235631097112,0.0005780546476791838,0.0005421381917633457,0.0005416565233582123,0.9968947401371215
4934,3,3,0.9970689713963802,0.0005613041654759397,0.000663331126453029,0.9970689713963802,0.000599191994228443,0.00046080762928618624,0.000646393688176207
4935,3,3,0.9976918600665118,0.00048042123206017216,0.0005015178418542072,0.9976918600665118,0.00046663847299669255,0.00046800667315703405,0.0003915557134201502
4936,3,3,0.9973611773826991,0.0005216805470914623,0.000633441836571635,0.9973611773826991,0.0005908726459075652,0.0004248803170837803,0.00046794727064650745
4937,5,5,0.996338575114635,0.0004457114417775348,0.0011940075414359453,0.00095646208458329,0.00038170254541949834,0.996338575114635,0.0006835412721488016
4938,2,2,0.9969239200014522,0.0004029855708176647,0.9969239200014522,0.0005469489568436775,0.0006127842697642271,0.0006629721401896129,0.0008503890609325738
4940,1,1,0.9979828490681314,0.9979828490681314,0.00036290919141215166,0.0003592239189195015,0.0004008780191210471,0.0003321340738165696,0.0005620057285993802
4941,5,5,0.9964454910450038,0.0003547638239020508,0.0017412988481457765,0.000558961889198328,0.00036141748350713347,0.9964454910450038,0.0005380669102429058
4942,2,2,0.9972258147492313,0.0003589077946519222,0.9972258147492313,0.000531089605218866,0.0005749944794166714,0.0007251786255324672,0.0005840147459487435
4943,5,5,0.9964917089549004,0.00046950734848654575,0.0012283064162955677,0.0008182537683815459,0.0003768861271598862,0.9964917089549004,0.0006153373847761453
4944,6,6,0.9975148929168827,0.0005197763348947826,0.0005495506026517794,0.00040487868487341157,0.0004482399892347417,0.0005626614714626311,0.9975148929168827
4945,3,3,0.9977246372584289,0.00044579805935209216,0.0005300793218680123,0.9977246372584289,0.0004935282852257929,0.00045537796392469834,0.00035057911120061
4946,4,4,0.9976117768878119,0.0005268962205920701,0.0004130393855941198,0.000504464733950701,0.9976117768878119,0.0003021010536567475,0.0006417217183944482
4947,5,5,0.996489194139471,0.00042512304636354285,0.0013515318190744656,0.0006104320071639188,0.0003763749497702494,0.996489194139471,0.0007473440381567713
4948,3,3,0.9978000860263972,0.0004307781492327143,0.0004893890166022929,0.9978000860263972,0.00047808831899458833,0.00047051849974740097,0.00033113998902581013
4950,5,5,0.9954520587548298,0.00044434320017894816,0.001986411078083478,0.0010228688636796507,0.00037488457546608074,0.9954520587548298,0.000719433527762096
4951,3,3,0.997797881266611,0.00044153057094461985,0.0005212389613542117,0.997797881266611,0.00045324608266972824,0.00046809994710301025,0.00031800317131750426
4954,2,2,0.9969671012287844,0.0003818420673225175,0.9969671012287844,0.0006371038971013744,0.0007092186461982639,0.0006376558221224303,0.0006670783384711192
4955,5,5,0.9965096563961189,0.0004099833880313272,0.0012702436867564305,0.0007255858549075985,0.0003852873927492343,0.9965096563961189,0.0006992432814365527
4956,1,1,0.9975071817664615,0.9975071817664615,0.0003396872871634275,0.00033739242096637016,0.0004367086047865087,0.00024650729691413995,0.0011325226237080906
4957,6,6,0.9975351867488388,0.0006335650420475562,0.0005467889483943343,0.00038391088149699107,0.0004104426889243731,0.0004901056902979959,0.9975351867488388
4959,3,3,0.9968985823973645,0.0005596076654537272,0.0007084223102037452,0.9968985823973645,0.0007986124660117113,0.0004575968718918319,0.0005771782890745154
4960,1,1,0.9972227841707048,0.9972227841707048,0.00039141922142345515,0.00037398189418367503,0.0004401314667581331,0.0002899655673497605,0.0012817176795802347
4965,2,2,0.996998375908093,0.00039573826570534127,0.996998375908093,0.0005255505976088725,0.0006285452645818213,0.0006532437633150106,0.0007985462006960004
4966,1,1,0.9980164897890491,0.9980164897890491,0.0003748891517119711,0.0003329752406232811,0.0003900930220468476,0.000328588536616025,0.000556964259952796
4967,6,6,0.9976076093822893,0.0005762328047167187,0.0006033879596625179,0.0003733696434964789,0.00038800467956704446,0.00045139553026793367,0.9976076093822893
4968,6,6,0.9972205350697433,0.0005038525073179081,0.0005368901285394847,0.0008135032993967512,0.00041554100666258174,0.0005096779883399924,0.9972205350697433
4969,2,2,0.9963816056396713,0.00044282544081404514,0.9963816056396713,0.0006288844111457736,0.0007611915997645338,0.0008085736292925966,0.0009769192793119008
4972,6,6,0.996877391251376,0.000683303603535022,0.0009204791483739738,0.0003766343426166545,0.0005749029571637471,0.0005672886969345804,0.996877391251376
4973,2,2,0.9969875246370711,0.00042991535284909424,0.9969875246370711,0.0005543506138811969,0.0006493023266922141,0.000636271144773809,0.0007426359247326473
4974,2,2,0.9966424624411333,0.0004320427799263364,0.9966424624411333,0.0006421660022079211,0.0007509933142858448,0.0008557262413199856,0.000676609221126584
4975,1,1,0.9977925952257187,0.9977925952257187,0.0003774178888807505,0.00030450938890316885,0.00035414678633800513,0.00033137635698741584,0.0008399543531719245
4976,1,1,0.9977458305817802,0.9977458305817802,0.0003195472878039977,0.0003548722664077066,0.0004912828536297774,0.0002867863858152664,0.0008016806245629839
4977,1,1,0.9979811727191478,0.9979811727191478,0.00031628418223646594,0.00033924009414365407,0.00038592185991686016,0.0002811008760687154,0.000696280268486593
4978,3,3,0.9977449496738756,0.0004579762352366096,0.0005038843514429201,0.9977449496738756,0.00047521681901991166,0.0004608261984805908,0.0003571467219441071
4980,2,2,0.9953054017037498,0.0006343077292535628,0.9953054017037498,0.0005854896633841611,0.0007860042833356842,0.0009430463378650714,0.0017457502824118373
4982,3,3,0.9978246974581014,0.00043202077072530446,0.0004641990687009735,0.9978246974581014,0.000395230301844603,0.0005618314679748142,0.0003220209326528906
4983,5,5,0.9925320735559655,0.0003068807415689428,0.005635421252381695,0.0005782584188876787,0.0003747421720875134,0.9925320735559655,0.0005726238591086777
4987,3,3,0.9977526156964245,0.0004331019046851137,0.0005054847032782665,0.9977526156964245,0.00048561901050934623,0.00046268562846399233,0.0003604930566388034
4988,2,2,0.9969233261496393,0.00034954405466289696,0.9969233261496393,0.0005123869901435598,0.0005926371306429693,0.000690498812783131,0.0009316068621281649
4990,6,6,0.9977872579595911,0.0005622236175274043,0.0005014718149047642,0.0003552983181549235,0.0003974297515978019,0.0003963185382239775,0.9977872579595911
4991,2,2,0.9971857973150621,0.00036529822348936066,0.9971857973150621,0.0005163569743965229,0.0005825061995578009,0.0007348842562439061,0.0006151570312501474
4995,1,1,0.99792182006202,0.99792182006202,0.00037212040355082387,0.0003970478939238251,0.0004269010914588282,0.00036165032906857304,0.0005204602199779729
4996,5,5,0.9964288676029983,0.0004787635791288241,0.0011235736047221956,0.0006904302252845162,0.0003783867590378365,0.9964288676029983,0.0008999782288284049
4997,3,3,0.9978354668470403,0.0004087723924332145,0.0004810314329557667,0.9978354668470403,0.00046515197735049824,0.00047879585156880984,0.00033078149865143583
5000,1,1,0.9978523779461713,0.9978523779461713,0.00039070736111604225,0.0004312923928890565,0.0004407494793667883,0.0003766954085168341,0.0005081774119399709
5001,1,1,0.986531368941789,0.986531368941789,0.0007264405224745374,0.0005879058333181714,0.000751287916026838,0.00044361257335016386,0.010959384213041273
5004,5,5,0.995028046816857,0.00030546451060831597,0.003093688184433784,0.0006780251644343492,0.00031956310412377463,0.995028046816857,0.0005752122195428065
5006,6,6,0.9977841466277861,0.0006085598997729369,0.0004441941338718474,0.00034587936231676237,0.00040334539650237823,0.0004138745797499718,0.9977841466277861
5007,2,2,0.9973518993807098,0.00031522081883489524,0.9973518993807098,0.00045233052133396675,0.0005166333325038491,0.0008413763997958944,0.000522539546821569
5009,6,6,0.9958520866852814,0.0008748187454377513,0.001119366002751357,0.0006348338044670403,0.0006625945506287071,0.0008563002114338396,0.9958520866852814
5010,1,1,0.9979623967698052,0.9979623967698052,0.00036322326966000757,0.0003206788228825285,0.0003683291876782448,0.00030035715973953763,0.0006850147902344458
5011,1,1,0.9979076438236608,0.9979076438236608,0.00033298529724412016,0.0004160323985824624,0.0004401299308918615,0.0003553908203554402,0.0005478177292654015
5012,5,5,0.996535535914691,0.0004215154024436496,0.0014709759215974214,0.0006339193181733812,0.0003704736286477237,0.996535535914691,0.0005675798144467927
5014,5,5,0.9965165218544495,0.0004624393445074669,0.0014695548109889143,0.00048064026991225423,0.0003689273932456715,0.9965165218544495,0.0007019163268962078
5015,6,6,0.9976043243618118,0.0005379595752050727,0.0005936117459540489,0.00038787889017892973,0.00042873353826888773,0.0004474918885812405,0.9976043243618118
5016,4,4,0.9974915328389483,0.0005441866458895452,0.0004528498970187671,0.00048582401089899356,0.9974915328389483,0.0003001808166996734,0.0007254257905447564
5018,1,1,0.99765197723215,0.99765197723215,0.0003781170591902009,0.00030135242810809743,0.00037846429694397317,0.00028011903300536836,0.0010099699506021266
5019,5,5,0.9961821600690869,0.00046197124934446054,0.0017886701101262185,0.0006467497548267015,0.00032078521853672715,0.9961821600690869,0.0005996635980790578
5020,6,6,0.9972013465239628,0.0008188833205895054,0.0006342134002750747,0.0003739417384068889,0.0004517574374984149,0.0005198575792673236,0.9972013465239628
5021,3,3,0.9978148357001471,0.0004345285453546084,0.0004819837060348525,0.9978148357001471,0.0004485926795666987,0.0004891638825254795,0.00033089548637132445
5023,4,4,0.9976520802500796,0.00046795343122006244,0.0004323721661290216,0.0005376680458850874,0.9976520802500796,0.0003163430850958642,0.0005935830215904456
5024,1,1,0.9972044417938336,0.9972044417938336,0.0003360292149092702,0.0003786623426574606,0.0004352009615496557,0.0003107166511433638,0.0013349490359066765
5025,2,2,0.996779544279286,0.00039054977770461286,0.996779544279286,0.0005800624855395012,0.0007015179120551055,0.0008086786406719733,0.000739646904742916
5026,5,5,0.9961296268357234,0.00035221292454825303,0.002037885355450458,0.0004986742834803874,0.00034910475188689756,0.9961296268357234,0.0006324958489106427
5027,4,4,0.997378348636566,0.00045253321847388685,0.00045863341043736526,0.0005281859772469535,0.997378348636566,0.00031019817085661464,0.0008721005864191592
5028,4,4,0.9976324000371609,0.0004890021013864065,0.00042999859529836216,0.0005278561813203284,0.9976324000371609,0.00030135081508581474,0.0006193922697482226
5029,1,1,0.9979199897673224,0.9979199897673224,0.0003722725272919026,0.0004084067916053224,0.00043658965745314496,0.00036132561739519206,0.000501415638931964
5030,1,1,0.9979521910320617,0.9979521910320617,0.0003403486836132663,0.0003531521008016989,0.00041382940529160117,0.00029550665919246126,0.0006449721190394155
5031,1,1,0.9978937585568413,0.9978937585568413,0.0003963950579234441,0.0003764675219135822,0.0004065261874867465,0.00034358729850005726,0.0005832653773350121
5032,4,4,0.9975709453828434,0.0004578945870878841,0.00043895442515131007,0.0005634563934710973,0.9975709453828434,0.0003106352856887613,0.0006581139257574938
5033,6,6,0.9974392133027623,0.0005215010375342654,0.0006929415861827337,0.000491445044133526,0.0003761435763306411,0.0004787554530565506,0.9974392133027623
5034,1,1,0.9979495015216517,0.9979495015216517,0.000366071690434692,0.00035052273679164926,0.00039575049500329866,0.00029393191229225036,0.0006442216438263907
5038,1,1,0.9979242903982778,0.9979242903982778,0.00036776141598961513,0.0003996843042874045,0.0004468058834829881,0.00034305330964547664,0.0005184046883167816
5040,3,3,0.9974165589673782,0.0005251666582626208,0.000615128688582465,0.9974165589673782,0.0006322445920965337,0.00042233610810105446,0.00038856498557911175
5041,1,1,0.9976603038382198,0.9976603038382198,0.00031196882668666154,0.00031800053748967053,0.0003800159704840483,0.0002699394020126415,0.001059771425107221
5042,3,3,0.9277337526009609,0.002038761216977409,0.008244583149012377,0.9277337526009609,0.0017315271051492759,0.058340484481877855,0.0019108914460221407
5043,1,1,0.9979311268602328,0.9979311268602328,0.0003890436043098788,0.0003456397863886054,0.0003915325344995664,0.00030146550285253755,0.0006411917117167048
5044,2,2,0.9972772682029062,0.0003601193417675491,0.9972772682029062,0.0004832311867240629,0.0005652352993597654,0.0007048588815355928,0.0006092870877068574
5045,4,4,0.9976609635020243,0.00047457405718978883,0.00040129139142582303,0.0005361434196898355,0.9976609635020243,0.00028657991410999096,0.0006404477155604317
5046,1,1,0.9979248649386144,0.9979248649386144,0.00037037995201910087,0.0003808348040010707,0.0004343071521247179,0.00032843056639208086,0.000561182586848717
5048,1,1,0.9977173325539034,0.9977173325539034,0.0003784580730945822,0.0003190047128883952,0.00037596940467188094,0.00028120966556719607,0.0009280255898746467
5049,5,5,0.9958457059162675,0.0003613766642652649,0.0023129451342735327,0.00048598829048848073,0.0003611857722468882,0.9958457059162675,0.0006327982224583682
5050,1,1,0.997974955525851,0.997974955525851,0.00035741546366397395,0.0003693216940408191,0.00042734745043929634,0.00031381580524885875,0.0005571440607561806
5052,1,1,0.9979680936681657,0.9979680936681657,0.00035259405473352887,0.0003840487166174826,0.0004155884780979743,0.0003411240901324415,0.000538550992252857
5054,6,6,0.9969822501221526,0.0009978472690258793,0.0006764695102594023,0.0003983131795751963,0.0004589313636460939,0.00048618855534083503,0.9969822501221526
5055,2,2,0.9967691429467369,0.00042648689306899393,0.9967691429467369,0.0006292365016615541,0.0007164332138510655,0.0008143651075140868,0.0006443353371673728
5056,6,6,0.9977108417835271,0.0005405122743335527,0.0005189679888312358,0.0003664404277300212,0.00042161931219833845,0.00044161821337970747,0.9977108417835271
5057,1,1,0.997889613977475,0.997889613977475,0.0003681606162494595,0.0003145512131145905,0.00038422552378163436,0.00026858022697118396,0.0007748684424081462
5058,2,2,0.9943207453458975,0.0004747202305522596,0.9943207453458975,0.0014378232810706793,0.0010398644902819914,0.0008560310192211402,0.0018708156329763634
5060,6,6,0.9976541534100024,0.0005551409633037147,0.0004134051033468323,0.0004678218455558437,0.0003489018755846385,0.0005605768022065308,0.9976541534100024
5061,2,2,0.997017361399079,0.0003944472211596878,0.997017361399079,0.0005277964450928648,0.0006181874797684994,0.0006447256355302678,0.0007974818193696906
5062,5,5,0.9965331152142192,0.00038706701781886064,0.0013679291035130832,0.0005660634841441045,0.0003399063870470808,0.9965331152142192,0.0008059187932577518
5063,3,3,0.9976693236229581,0.0005059197069925778,0.0004705268282498349,0.9976693236229581,0.0004037594368129231,0.0005874701569320235,0.00036300024805448997
5067,5,5,0.9966249420983697,0.00041511977719074447,0.0013971899107399967,0.0006605962960051714,0.0003548011866225225,0.9966249420983697,0.0005473507310718018
5069,3,3,0.997857995838075,0.0004220224834173615,0.00047720547098300593,0.997857995838075,0.00044685436652618505,0.00048356905266694724,0.0003123527883314721
5070,5,5,0.9866516404904452,0.00037312285739857926,0.009271942836337166,0.0005787122536779671,0.00046012826215060404,0.9866516404904452,0.002664453299990495
5072,1,1,0.9979250236469739,0.9979250236469739,0.00038556279444813634,0.0003807983810799512,0.0004205347422464321,0.00036003824087018087,0.0005280421943814648
5073,1,1,0.9978735652335334,0.9978735652335334,0.00040396035019824055,0.0003502997478249711,0.00038024386826825476,0.00037566193518244045,0.0006162688649924755
5075,1,1,0.9978728119618161,0.9978728119618161,0.0003629534409680026,0.00041584773736291753,0.00044692047422176755,0.000357640710799472,0.0005438256748317898
5076,6,6,0.9974502888881548,0.0007125878450723466,0.0005090623146241438,0.0004047250536699872,0.0004880347098755926,0.00043530118860308917,0.9974502888881548
5077,5,5,0.995352910383425,0.00033891199679195123,0.0029202433259059727,0.0006135618598430441,0.00034264089613816195,0.995352910383425,0.0004317315378958769
5078,5,5,0.9964964943620993,0.00040792907424777103,0.0014971399687979223,0.0006472182356938484,0.00036826230447843065,0.9964964943620993,0.0005829560546826987
5079,3,3,0.9977286499249012,0.00043390135576523584,0.0005138294094056991,0.9977286499249012,0.0005603797058450849,0.0004420320638097052,0.0003212075402730689
5082,1,1,0.9979237384687144,0.9979237384687144,0.00037326272628621245,0.0003536894083049234,0.00042537832177446825,0.00033818288548164495,0.0005857481894383863
5083,1,1,0.9979574633857353,0.9979574633857353,0.0003687025147084961,0.0003625486844100585,0.0004189086301768728,0.00032692376255558916,0.0005654530224136402
5084,3,3,0.9978317775161039,0.0004235202938478368,0.00048016705224885546,0.9978317775161039,0.000453464261471524,0.00048094453189500907,0.00033012634443292573
5085,6,6,0.9977944888095494,0.0005242247610793054,0.00047968868362879564,0.0004240100011858469,0.0003862012158020678,0.00039138652875463987,0.9977944888095494
5087,1,1,0.9977127045890339,0.9977127045890339,0.0004591141354961077,0.0004203343883986727,0.00046685939216857184,0.00042126521618319286,0.0005197222787193038
5088,1,1,0.9979789878074719,0.9979789878074719,0.0003687560101887507,0.00036119623200103166,0.00042845384557868327,0.0003227597925508553,0.0005398463122088807
5089,2,2,0.9971046684278785,0.0003738202524979804,0.9971046684278785,0.0004928750979614751,0.0006103789710665956,0.0006710693102009202,0.0007471879403945699
5092,5,5,0.9953617061337063,0.0002856395618653633,0.0028010209849866105,0.0004842119333444001,0.0003683788382103391,0.9953617061337063,0.0006990425478869697
5094,1,1,0.9980294839225587,0.9980294839225587,0.00035668890438909933,0.0003497705749633119,0.00038657740183742383,0.0003290070592640198,0.0005484721369874386
5095,1,1,0.9979392694629724,0.9979392694629724,0.00036458567064248594,0.0003617208348042412,0.0004157451165444778,0.00030599729664858565,0.000612681618387816
5096,3,3,0.9978620223002642,0.00041753290701545165,0.00047624174180302853,0.9978620223002642,0.0004115935422167313,0.000521480041929824,0.00031112946677077226
5097,6,6,0.9977600264070361,0.0005823082575083382,0.0004775351114080685,0.00039138291559681713,0.0004333755215839939,0.0003553717868666735,0.9977600264070361
5098,3,3,0.997785110740366,0.0004301956879938466,0.0004949475501674189,0.997785110740366,0.0004538207228250278,0.0005063648666615773,0.000329560431986094
5099,6,6,0.9978674651934767,0.0005350334687161435,0.0004463566875399015,0.0003828108602406243,0.000394767324974778,0.00037356646505188544,0.9978674651934767
5100,4,4,0.9976106562137446,0.0005022655662179268,0.00044150331853491203,0.00053757241134285,0.9976106562137446,0.00030657173664535935,0.0006014307535143834
5101,4,4,0.9976089349983828,0.0005176903977635534,0.00041385400975898297,0.0005188813265475397,0.9976089349983828,0.00032430376130323347,0.0006163355062439692
5103,5,5,0.9963017464913769,0.00047194342518779096,0.0010759395989554878,0.0009858327450227463,0.000354666458148359,0.9963017464913769,0.0008098712813087417
5104,4,4,0.9975907302362237,0.0004649511860910186,0.00043474012741311817,0.0005460460466922882,0.9975907302362237,0.00031391495571178796,0.0006496174478681753
5105,5,5,0.9966484748815541,0.0003817779301714335,0.001353463486143841,0.0006300808065069341,0.000342828798347728,0.9966484748815541,0.0006433740972759983
5107,2,2,0.9953679505422177,0.0006712776598534868,0.9953679505422177,0.0007352310537586121,0.0009078467942763205,0.0006584255254273603,0.001659268424466313
5108,5,5,0.9964492184712106,0.0004202302895280231,0.001332617579425852,0.0007189721119963537,0.0003743036307882661,0.9964492184712106,0.0007046579170509584
5109,4,4,0.9976265242922969,0.0005180192741348035,0.0004157472746725082,0.0005071358380821803,0.9976265242922969,0.0002961159455774799,0.0006364573752360746
5110,3,3,0.9978471318368787,0.00041686183949826195,0.0005237861458086403,0.9978471318368787,0.0004285684484512933,0.0004625496751963735,0.0003211020541667924
5112,2,2,0.996572179053453,0.0003733086343997934,0.996572179053453,0.0008592745789142418,0.0006331239221158572,0.0007095342768436811,0.0008525795342735002
5113,2,2,0.9964982023808127,0.00030604682219395363,0.9964982023808127,0.0005331612059734033,0.0005467876190549625,0.0015557881756951303,0.0005600137962700169
5115,2,2,0.9970414052673836,0.00040117474756015155,0.9970414052673836,0.000575780276408388,0.0006241494399099416,0.0006504763543666867,0.0007070139143712681
5116,2,2,0.9966593048885523,0.0002995155888104778,0.9966593048885523,0.0004204876714263066,0.0005472469053603848,0.0011974844695692758,0.0008759604762813702
5119,2,2,0.9971229786317358,0.00034863631075843243,0.9971229786317358,0.0005384214063420538,0.0005788672919951174,0.0007663539997987029,0.0006447423593699124
5122,1,1,0.9979415013296286,0.9979415013296286,0.00036830777677676597,0.0003945696490549902,0.00042067642701030606,0.00033257289808768923,0.0005423719194417142
5124,4,4,0.9976422965906366,0.000533036754443547,0.0004158374827321991,0.0005042683142934809,0.9976422965906366,0.0002925683156691201,0.0006119925422250551
5126,3,3,0.9977692341299459,0.00045795110291926047,0.0004871069965741129,0.9977692341299459,0.0004530355829697202,0.0004979431953431327,0.00033472899224784494
5128,2,2,0.9972419274877755,0.00034935125954572315,0.9972419274877755,0.0005282079604592225,0.0005662978341814965,0.0007131061804592437,0.0006011092775787453
5130,4,4,0.9974263493895255,0.0004906744670037373,0.0004943453332067657,0.0005570446476355491,0.9974263493895255,0.0003135673526608899,0.0007180188099675547
5131,6,6,0.9977201018171401,0.000599527231154604,0.000455870165419801,0.0004118475351234311,0.00040620203207793925,0.00040645121908407136,0.9977201018171401
5132,1,1,0.9979708992835459,0.9979708992835459,0.0003790139109847011,0.0003585084260220303,0.0003867450244834215,0.00032712433516853516,0.0005777090197953889
5134,1,1,0.9977201312506992,0.9977201312506992,0.00040849559128179673,0.0004468569790749569,0.0004643946013620326,0.0004517177853371099,0.0005084037922448047
5135,4,4,0.9976226208359782,0.000513713083706488,0.00042537408584416723,0.0004894370560193451,0.9976226208359782,0.00032933459316257855,0.0006195203452892435
5137,1,1,0.9979415020266827,0.9979415020266827,0.0003545120656973043,0.0003935970283546334,0.0004252415089398703,0.00032478707017228844,0.0005603603001532361
5139,5,5,0.9964912079013241,0.00038819059820720996,0.0011975571432334374,0.0006704537357648528,0.0003425965977020252,0.9964912079013241,0.0009099940237685041
5140,1,1,0.9979235823742887,0.9979235823742887,0.00036447926298611744,0.00038354390344985645,0.00043379868523797405,0.0003124102646608677,0.0005821855093764724
5141,5,5,0.9965827339765017,0.0003871407254244264,0.001407389194350197,0.0006455087683460353,0.0003452835703873937,0.9965827339765017,0.0006319437649903079
5142,3,3,0.9978733855008205,0.0004242658369882615,0.0004684039821675415,0.9978733855008205,0.00043425680442749765,0.00047486750686769833,0.00032482036872854127
5143,5,5,0.9964951878916006,0.00038853325555564364,0.0016353314286779485,0.0005510791673899123,0.0003627345433813003,0.9964951878916006,0.0005671337133945725
5145,2,2,0.996946468750827,0.0003488990447230885,0.996946468750827,0.00048189183097929283,0.000619411107219984,0.0006979521651360991,0.0009053771011144492
5147,4,4,0.9975022338297252,0.0004923247450312169,0.00042424678424125785,0.0005058926010880982,0.9975022338297252,0.00033196206252858446,0.0007433399773855439
5148,4,4,0.9975565954409122,0.0004542010266432073,0.0004713914374199192,0.0005374384497678726,0.9975565954409122,0.00032215802096353593,0.0006582156242931902
5149,6,6,0.9973578260201618,0.0008037353725052797,0.0005168978450229364,0.00038511971171628916,0.0005021863820012917,0.0004342346685924554,0.9973578260201618
5150,1,1,0.9979111036557867,0.9979111036557867,0.0003477705994725031,0.0003341373748322351,0.0003783657122756629,0.00029180966316561403,0.0007368129944672535
5154,2,2,0.9965083529724266,0.0004985414243230837,0.9965083529724266,0.0006163764372275797,0.0007299205557657328,0.0006447635582558178,0.0010020450520013058
5155,3,3,0.9978102450392424,0.00043203551090484544,0.0004765418716054628,0.9978102450392424,0.00041046602314719863,0.0005395893502688293,0.0003311222048311957
5157,3,3,0.9971169311675934,0.0005521770842922797,0.0006199073444404343,0.9971169311675934,0.0005334464991474104,0.0005037843405741084,0.000673753563952442
5158,5,5,0.9965152217181196,0.0004529372103417178,0.0011473719102167415,0.000788019324454146,0.0003882580755547132,0.9965152217181196,0.0007081917613130704
5159,5,5,0.9964227388902158,0.0004572053290457252,0.0015451222903796623,0.0005848735053530373,0.00039286740991551557,0.9964227388902158,0.0005971925750902418
5160,5,5,0.9966841473788778,0.00042241535832679016,0.00118688705107066,0.0007532386326709242,0.0003641472479756887,0.9966841473788778,0.0005891643310782022
5162,3,3,0.9965992818204973,0.0005893344206406695,0.0007033191680105289,0.9965992818204973,0.0007200713332387694,0.0005642975006205571,0.0008236957569921962
5163,1,1,0.997916791663439,0.997916791663439,0.0003412661432185247,0.00036429175587503594,0.0003991461260538801,0.00033937061067704916,0.0006391337007364983
5164,6,6,0.9976440397254577,0.0006461634976935781,0.00046977396490246873,0.0003959133884468755,0.0004326898047180317,0.0004114196187813642,0.9976440397254577
5165,1,1,0.9979698895527278,0.9979698895527278,0.0003514998245752794,0.0003700204851908723,0.0003959828212528576,0.00032209759008896313,0.0005905097261642489
5166,4,4,0.9976383324828635,0.00048238608857938917,0.0004416033862275586,0.0005343984746708722,0.9976383324828635,0.00030728894838879275,0.0005959906192698972
5167,3,3,0.9978876529099888,0.0004079659533610524,0.00045191899912844983,0.9978876529099888,0.00038731917007376183,0.0005325445630098743,0.00033259840443810814
5168,4,4,0.9976504922606441,0.0005007832301656154,0.00042239611387727676,0.0005189653230722277,0.9976504922606441,0.00030220530625295187,0.0006051577659878745
5169,5,5,0.9965058698944654,0.0004149465089972419,0.0012101802155390729,0.0006574307219426642,0.000363963035398014,0.9965058698944654,0.0008476096236575536
5170,5,5,0.9950603243454966,0.0004003287415099602,0.00190253462335352,0.0017113180220787178,0.0003175755744473194,0.9950603243454966,0.0006079186931138848
5171,3,3,0.9967642161734617,0.0006717316796746333,0.00061366028096527,0.9967642161734617,0.0006985716986751907,0.0005186959342201811,0.0007331242330031201
5172,4,4,0.9976255210266308,0.0005234386143986188,0.0004137462492642918,0.0005109817676186354,0.9976255210266308,0.00030205625543257536,0.000624256086655046
5173,3,3,0.9973955114650545,0.0005130321931127281,0.0005725378264196426,0.9973955114650545,0.0006503943560789332,0.0004407300130586369,0.00042779414627561933
5175,5,5,0.9964901405447033,0.00042183703489370576,0.0013583726165942022,0.0006359725299440593,0.0003678842041824109,0.9964901405447033,0.0007257930696823302
5177,4,4,0.9976574404633122,0.0004700220702089976,0.00041605244967737594,0.0005242187297270671,0.9976574404633122,0.00028806485993466394,0.0006442014271397519
5178,4,4,0.997618624627991,0.0005414505188775266,0.00041218538907640236,0.000508672154906915,0.997618624627991,0.0003080043271033018,0.0006110629820448092
5180,1,1,0.9979187204327793,0.9979187204327793,0.00035749859554716696,0.0003982821979966348,0.0004357864683526541,0.0003691137298085569,0.0005205985755158225
5181,4,4,0.997607984314557,0.0005390176288771043,0.0004280609881693861,0.0004845723344726566,0.997607984314557,0.00029923968805253484,0.0006411250458712838
5183,1,1,0.9979340174063593,0.9979340174063593,0.00031121099484360086,0.00036267812304485676,0.0003792376210557393,0.0003216722215343838,0.0006911836331622753
5184,3,3,0.9977991011913583,0.0004493164855006211,0.0004888965647082013,0.9977991011913583,0.0004510565455285651,0.00048444012743652725,0.0003271890854678286
5185,5,5,0.9966812793361373,0.00043553841810740164,0.001248597291805863,0.0005952303801417425,0.0003491994888892714,0.9966812793361373,0.0006901550849184849
5186,2,2,0.9961697391668699,0.00044256788960430075,0.9961697391668699,0.0008042718927784778,0.0007815666560169475,0.0008366047930051305,0.0009652496017252806
5187,5,5,0.9964301257679693,0.0004407729602772685,0.0013169614773222364,0.0006427097818535175,0.00037663016117012144,0.9964301257679693,0.0007927998514075901
5190,6,6,0.9974699857439324,0.0007656350226499015,0.0004613498585464294,0.00040899870509149576,0.0005079743970053769,0.00038605627277438697,0.9974699857439324
5191,3,3,0.9973748520027862,0.0005036218005110331,0.0005739101093658418,0.9973748520027862,0.0006427825751337034,0.0004479099990333413,0.0004569235131698664
5192,3,3,0.9978622456172267,0.0004195350988841594,0.00046439629996281344,0.9978622456172267,0.0004045548904045698,0.0005126622129388727,0.0003366058805828767
5193,5,5,0.9966071342603031,0.0004405244613978199,0.0012993366036519586,0.0006418713860389652,0.00037871278895779944,0.9966071342603031,0.0006324204996503237
5197,4,4,0.9974783843563455,0.0004447768499377693,0.00044043217157951176,0.0005864937433822103,0.9974783843563455,0.00031720206179179785,0.0007327108169632087
5198,2,2,0.9972795528870311,0.00030929431272980223,0.9972795528870311,0.0004920747441241642,0.0005194302484130822,0.0008691962300815181,0.0005304515776203941
5200,5,5,0.9964264062484751,0.00036033557360850817,0.0016063394767405674,0.0006119468615367953,0.0003496212894348545,0.9964264062484751,0.0006453505502042522
5201,2,2,0.9971964672433383,0.0003128090564138539,0.9971964672433383,0.00044445124453524167,0.0005631218259108849,0.0009054771792437496,0.0005776734505579124
5202,5,5,0.9964981960759765,0.00039343126106631925,0.001315006171283858,0.0006062343554499222,0.00036869044185205545,0.9964981960759765,0.0008184416943713659
5203,5,5,0.9962392353619561,0.0003506032564753152,0.0019243518882575562,0.0006135160957972578,0.00033852912579516146,0.9962392353619561,0.0005337642717186377
5204,5,5,0.9964020424131774,0.0004234280061902325,0.0015568870155510807,0.0005984557761878409,0.0003964883975321956,0.9964020424131774,0.0006226983913612511
5206,5,5,0.9962501764710697,0.0004042820801820047,0.0018132761401951955,0.0006281610469480974,0.00035817951891579534,0.9962501764710697,0.0005459247426892607
5207,1,1,0.9978682705295894,0.9978682705295894,0.0003410849213815042,0.00032919053546493626,0.0003953768931622977,0.0003046213444407482,0.0007614557759611807
5208,4,4,0.9975662465739574,0.0005106182162262996,0.00043558188373616914,0.0005727789280471135,0.9975662465739574,0.0003083519690771021,0.0006064224289559179
5210,2,2,0.9969452122026559,0.0003253418769974513,0.9969452122026559,0.0006311104406295562,0.0006289816120804842,0.0008018765650260969,0.0006674773026105845
5212,5,5,0.9958927864411905,0.0004546205852388798,0.002038170398407645,0.0006834282699703569,0.00040009490684828216,0.9958927864411905,0.0005308993983444269
5215,6,6,0.9977898855007323,0.00047501305877410254,0.0004900135226242704,0.0003931868224277721,0.0004367488549020923,0.0004151522405394611,0.9977898855007323
5216,5,5,0.9867895574341118,0.0003069324325002121,0.010753996660743318,0.0006771915349050613,0.00039780092787144273,0.9867895574341118,0.0010745210098681809
5217,4,4,0.9976090488653753,0.0004738538259074863,0.0004335701361359088,0.0005356182968766384,0.9976090488653753,0.00030450826482538606,0.0006434006108793321
5219,1,1,0.9979591006754558,0.9979591006754558,0.00036618849977001567,0.00038443936784677196,0.00041686744051276886,0.00034260033798997653,0.0005308036784246943
5220,1,1,0.997944914804181,0.997944914804181,0.0003248213400702329,0.00034092740022186274,0.00040860850505185193,0.0002860156595112229,0.0006947122909637599
5221,5,5,0.9966054251597671,0.0004401741153098823,0.0011576176956583288,0.0005862080312759848,0.0003454253119429227,0.9966054251597671,0.0008651496860457435
5224,6,6,0.9977447428198316,0.0005514856002844518,0.00048440334120801345,0.0003611795052842881,0.0004220196624652072,0.0004361690709264622,0.9977447428198316
5225,3,3,0.9978477058410925,0.00044129796003810256,0.00046461056548210197,0.9978477058410925,0.00039432117486777005,0.0005190639211914697,0.00033300053732803056
5226,2,2,0.9972506677279143,0.00035602602774379165,0.9972506677279143,0.0005227671579525858,0.0005857088436343029,0.0007020416190619128,0.0005827886236931507
5227,5,5,0.9962961720822178,0.00039445067158933934,0.0013666788299828083,0.0006243663777377406,0.0003492370531489078,0.9962961720822178,0.0009690949853233958
5229,3,3,0.9979184219818245,0.0003999921693825597,0.00046132449721088416,0.9979184219818245,0.0003844994165555107,0.0005378726549539323,0.0002978892800726331
5230,5,5,0.9966143479302333,0.0003750054564768172,0.0013634312698130309,0.0006661259942602689,0.00036183652681066143,0.9966143479302333,0.0006192528224059211
5231,2,2,0.9966747789392675,0.0003671836319620038,0.9966747789392675,0.0007107678436764453,0.0006807846735863911,0.0007739746039613345,0.0007925103075465059
5232,1,1,0.9978335455009635,0.9978335455009635,0.00044272322307928097,0.0003949728945098597,0.0004337521139721429,0.0003817943324666103,0.0005132119350085957
5233,1,1,0.9979897003527739,0.9979897003527739,0.00034945653509707586,0.0003658358495313677,0.00039873374021844466,0.00034920304075244105,0.0005470704816268085
5234,3,3,0.9978501332643059,0.0003923688599896432,0.00047114268082409385,0.9978501332643059,0.00044035688322938805,0.0005330844767196979,0.0003129138349312035
5235,5,5,0.9965212488106038,0.0003779812886596417,0.0015329543022597927,0.000689925810442464,0.000339047609803688,0.9965212488106038,0.0005388421782306742
5236,3,3,0.9978271549845141,0.00042473236318062705,0.0004948058249939401,0.9978271549845141,0.0004455267865049265,0.0004943725854071496,0.0003134074553991976
5237,2,2,0.9969012911356048,0.00038927677767252515,0.9969012911356048,0.0005788771187457685,0.0006845177969287231,0.0007658409437718967,0.0006801962272763992
5238,5,5,0.996209331924304,0.0004600598822980679,0.0017108890747597164,0.0006196698205353976,0.0004027667830909174,0.996209331924304,0.0005972825150118503
5239,3,3,0.9977698662671981,0.00045170904263885404,0.0005075803081355284,0.9977698662671981,0.00048572283596012177,0.00043875332655487305,0.00034636821951253706
5240,2,2,0.9964289116735553,0.0004549499157179318,0.9964289116735553,0.0007127072928963461,0.0008269434368592548,0.000786903143425359,0.0007895845375457972
5241,4,4,0.997599948570718,0.0004756113004009995,0.00045184298954789847,0.0005448728531681505,0.997599948570718,0.0003124942666094693,0.0006152300195555203
5242,6,6,0.9978080232163654,0.0004936039252357395,0.0005099653999646843,0.00036452602360836136,0.0003866820708884875,0.00043719936393726237,0.9978080232163654
5243,2,2,0.9973606519205367,0.00033127141241268203,0.9973606519205367,0.000478414937552189,0.0005163356572280197,0.0007500237009445625,0.0005633023713258772
5245,5,5,0.9962425135381998,0.0004063709308590763,0.0014600739672836897,0.0005685075829587579,0.00035094498549399783,0.9962425135381998,0.0009715889952046816
5246,6,6,0.9978518396575712,0.0006300986804396847,0.0004417783308288861,0.00034732883484750985,0.0003656065640794456,0.0003633479322332667,0.9978518396575712
5249,3,3,0.9978200468166645,0.0004476228035530097,0.000479181542965711,0.9978200468166645,0.00045550577997308263,0.00046022816763122333,0.00033741488921246757
5250,2,2,0.9955468275242044,0.0003125314489954671,0.9955468275242044,0.0006102829849798839,0.0005701309374430368,0.0024642380504551298,0.0004959890539220463
5252,4,4,0.9976692284554691,0.0004725765351960428,0.0003899221458230002,0.0005718816927710597,0.9976692284554691,0.00029428462410862103,0.0006021065466321263
5253,3,3,0.9977399421791628,0.0004551132002212759,0.0004899894854978991,0.9977399421791628,0.0004983402478311446,0.0004684536689227063,0.0003481612183642768
5258,1,1,0.9979104027349638,0.9979104027349638,0.0003788205653647903,0.0003973626732646096,0.0004164618866662455,0.0003407065978743527,0.0005562455418663221
5259,1,1,0.9978931959674328,0.9978931959674328,0.00036292936498608824,0.00041743248237947455,0.0004469479260073454,0.0003641153459846612,0.0005153789132096902
5260,5,5,0.9962719385736002,0.00037673990647063923,0.001621549435676236,0.0005883691310055673,0.00035247077593964193,0.9962719385736002,0.0007889321773077119
5261,4,4,0.9976412016356279,0.00048264697924551675,0.00043301842926530995,0.00048489981944030517,0.9976412016356279,0.000303761915902201,0.0006544712205187713
5262,2,2,0.9972087799814001,0.0003864544291995189,0.9972087799814001,0.0005220223132628752,0.0005801523255001207,0.0006938278133994622,0.0006087631372379522
5264,1,1,0.9977602913032062,0.9977602913032062,0.0003979630876320376,0.00042556385393621444,0.00046858589776026564,0.00041727161871351855,0.0005303242387517848
5265,6,6,0.9977141042628563,0.0005817946758388822,0.0005228245561801619,0.00035795011469823577,0.00042547923384261084,0.0003978471565837751,0.9977141042628563
5266,1,1,0.9979581829400413,0.9979581829400413,0.0003896034612356673,0.00033027492452053996,0.00039473432102424526,0.0002823959511184148,0.0006448084020597831
5267,5,5,0.9966239366817337,0.00042672009808038513,0.0010743903209368404,0.0007402081277393691,0.00036195979295923345,0.9966239366817337,0.000772784978550515
5268,1,1,0.9979673827301665,0.9979673827301665,0.0003521115859333393,0.0003420322301469481,0.00038161818666305775,0.0003171013340081226,0.0006397539330821842
5269,4,4,0.9976240530094727,0.0004805711856948733,0.0004364287625283899,0.0005001967440183047,0.9976240530094727,0.00029447173408720024,0.0006642785641985256
5271,5,5,0.9964087999287047,0.000423333769864614,0.0013066430626908923,0.0006256408188963609,0.00036816652573092555,0.9964087999287047,0.0008674158941125143
5272,3,3,0.9977645250219263,0.0004136997394266768,0.0004707770981276053,0.9977645250219263,0.00044446825253033226,0.0006003853392017222,0.00030614454878741184
5279,3,3,0.9978649347135902,0.00040902505225718397,0.0005095912051016873,0.9978649347135902,0.0004182550693518176,0.0004926644187756086,0.0003055295409235259
5280,1,1,0.9978972899367827,0.9978972899367827,0.0003688215012354523,0.0004064597979952152,0.0004297734801181292,0.000344913227842844,0.0005527420560256963
5281,1,1,0.9979012844556471,0.9979012844556471,0.00034075303050507303,0.0003137639403265694,0.0003738375110273619,0.00029092764695837713,0.0007794334155355096
5282,3,3,0.9978417436879742,0.00043848147094761284,0.0004489520968649784,0.9978417436879742,0.00043141552722076194,0.0005004717510314757,0.00033893546596076217
5284,4,4,0.9976595624793566,0.00048492217245218127,0.00041391406493676347,0.0005210879600019641,0.9976595624793566,0.00030292911059062337,0.0006175842126618383
5285,1,1,0.9978915773390586,0.9978915773390586,0.00036401585834534345,0.0003898326141657555,0.0004379113840527744,0.00036921458812475195,0.0005474482162527171
5286,5,5,0.9966930017260754,0.00038203663495023246,0.001174528485238039,0.000670178376925404,0.0003548489137440527,0.9966930017260754,0.000725405863066783
5287,5,5,0.9952285034398368,0.0004821816563890163,0.0016009740408495432,0.0008788242948392222,0.0004874426981081978,0.9952285034398368,0.0013220738699772307
5288,3,3,0.9978761495236481,0.00042689497753571116,0.0004639700554558753,0.9978761495236481,0.00042937642828391477,0.0004806016428009547,0.0003230073722754456
5290,5,5,0.9965220184258105,0.00043958187550913983,0.0015136843245024858,0.000511036577787694,0.00034437216235555594,0.9965220184258105,0.000669306634034686
5291,2,2,0.9957671361375421,0.0004991900157606127,0.9957671361375421,0.0005661264406139228,0.0007726513001343782,0.0007272563668557357,0.0016676397390932678
5292,5,5,0.9965506482601765,0.00036137392786372277,0.0014883727537207967,0.0005629144550583522,0.00033566852338384154,0.9965506482601765,0.000701022079796805
5293,6,6,0.997896057009967,0.0005611245767100996,0.00041581695372200784,0.00035545788055671294,0.0003670694937894691,0.0004044740852547773,0.997896057009967
5294,4,4,0.9975856397129128,0.00048275314498869335,0.00040000007137423277,0.0005607516423060858,0.9975856397129128,0.000308705460202722,0.0006621499682154642
5295,2,2,0.9970224981745107,0.0003874641858237777,0.9970224981745107,0.0005293600466293273,0.0006379461392919124,0.0006398199601785907,0.000782911493565642
5296,6,6,0.9977891241302724,0.0005066485506346425,0.0005221697395154288,0.0004143383036464951,0.0004112774247560664,0.0003564418511749775,0.9977891241302724
5297,4,4,0.9976533864419668,0.00046601365859759913,0.00039861704788124507,0.0005630852322004088,0.9976533864419668,0.00027674479162592957,0.0006421528277278534
5298,3,3,0.9978338085460965,0.00039318275692795917,0.0004781913701703666,0.9978338085460965,0.0004235197427733265,0.0005623984057939098,0.00030889917823791337
5299,5,5,0.9965055020763424,0.0004866584801793923,0.0011520194857940701,0.0007124369171904418,0.000391930226559993,0.9965055020763424,0.0007514528139337144
5300,5,5,0.9956033037717865,0.00046473062515385675,0.0018820182522823424,0.0011140905338501903,0.0003767561211195627,0.9956033037717865,0.0005591006958076102
5301,5,5,0.9964768338371848,0.00044940627628681354,0.0011590472478199168,0.0007329330581977834,0.00038438875529170455,0.9964768338371848,0.00079739082521903
5304,1,1,0.9979758978055353,0.9979758978055353,0.0003316850965005164,0.00034507891226756137,0.0003702055590737869,0.00031805198903659386,0.0006590806375863655
5305,4,4,0.9975664629276616,0.0004766694916878904,0.000463935547211585,0.0005249331013960722,0.9975664629276616,0.00029518688137974194,0.0006728120506631143
5306,1,1,0.9978473306675879,0.9978473306675879,0.0004156574858878803,0.00040175793451232205,0.00044490569730560155,0.00036873533503961164,0.0005216128796666995
5307,1,1,0.9978482874250363,0.9978482874250363,0.00042769907224002285,0.00036663545151969986,0.0004312186276142511,0.00034527012553125575,0.000580889298058535
5309,1,1,0.9978627952261558,0.9978627952261558,0.00039069225092852144,0.0004058142234746684,0.00043927486955382854,0.00034814748410176035,0.0005532759457854648
5311,1,1,0.9977713218480075,0.9977713218480075,0.00040790926070934786,0.0004258616933589755,0.00047480038663882317,0.00041109010507860307,0.0005090167062067375
5312,2,2,0.9971194342096039,0.00041499339283547124,0.9971194342096039,0.0005221988537096887,0.0006135120533284089,0.0006413536475385905,0.0006885078429839575
5313,3,3,0.9968816347744213,0.00046312082815360496,0.001089733476650991,0.9968816347744213,0.0005163421896351697,0.0005588447846536992,0.0004903239464853379
5315,2,2,0.9971179600813065,0.00040086838574356895,0.9971179600813065,0.0005344567802691849,0.0006183556598245094,0.0006549343959817249,0.0006734246968745021
5318,5,5,0.996351876591767,0.0003684110266878686,0.0017113483706186318,0.0005342532155614468,0.0003868049683890478,0.996351876591767,0.00064730582697593
5319,1,1,0.9980010185450509,0.9980010185450509,0.0003372277175727362,0.0003573883212742775,0.000394190176735062,0.0003161915541491207,0.0005939836852179882
5320,4,4,0.997632024241495,0.000530897469005711,0.00042060432873173296,0.0004909211995104871,0.997632024241495,0.0003033648309103839,0.0006221879303466953
5321,2,2,0.9972559925490392,0.0003219015526247304,0.9972559925490392,0.0004331592986369087,0.0005416507546358816,0.0008149474255380927,0.0006323484195252829
5322,4,4,0.9976922778583502,0.00048236248662079353,0.00038683230152532265,0.000538280260984011,0.9976922778583502,0.0002807508423058816,0.0006194962502138219
5324,4,4,0.9976658073842996,0.00046604812709805934,0.0004344174715669234,0.0005312312514825689,0.9976658073842996,0.0002838661147654897,0.0006186296507873522
5325,3,3,0.9978645470276157,0.00040929433764809887,0.0004867445982005209,0.9978645470276157,0.00041793989140974814,0.000508233030558116,0.0003132411145677955
5327,1,1,0.997975245344869,0.997975245344869,0.00035949484808895055,0.00037693476682334315,0.0003913592665621369,0.00033989786969489713,0.0005570679039617454
5330,5,5,0.9963039548614645,0.0005020503499908815,0.0012118983322625184,0.0008108325153393206,0.0004190353665595882,0.9963039548614645,0.0007522285743831458
5331,2,2,0.9960434686970404,0.0002621690866727126,0.9960434686970404,0.00067601366269518,0.00046271377939620254,0.0020648115833153827,0.0004908231908799036
5334,3,3,0.9978719492312428,0.00037884535859683993,0.00046632561906989286,0.9978719492312428,0.0004351032931215687,0.0005458141426888389,0.00030196235528009974
5335,1,1,0.9979850976552889,0.9979850976552889,0.00035616348414715,0.00036463683233745444,0.0004000448176795147,0.00032433634712409037,0.0005697208634229372
5336,2,2,0.9965580822751968,0.00035425534226580076,0.9965580822751968,0.00044985200255277303,0.0006241486274781464,0.0008337725902990741,0.00117988916220743
5337,4,4,0.9975303339504958,0.0004430679831566689,0.00043880866695839385,0.0005966241188337999,0.9975303339504958,0.00032445762927594467,0.0006667076512794505
5339,3,3,0.9977134444571245,0.00043107524798438905,0.0005222994981272286,0.9977134444571245,0.0005279106590899135,0.0004490938971953438,0.00035617624047871294
5341,5,5,0.996428524001802,0.0003726771879890437,0.0016743739409123641,0.0005602700260771828,0.0003691786748262878,0.996428524001802,0.0005949761683930637
5343,5,5,0.9947566827141733,0.0003187461355994564,0.0025862305943202056,0.0005785011361121106,0.0002973107282531101,0.9947566827141733,0.0014625286915418618
5344,6,6,0.9975729046128184,0.0005646522317713275,0.0005524185537146283,0.0004512113275414737,0.00043965972681853473,0.00041915354733559565,0.9975729046128184
5345,4,4,0.9976542738280639,0.0004729671431813724,0.0004057772323253567,0.0005247635449574361,0.9976542738280639,0.00029532945878522264,0.0006468887926867048
5346,6,6,0.9974625310933085,0.0005287494383763148,0.0006669119600023042,0.000485201055847246,0.00047747352304451434,0.0003791329294210801,0.9974625310933085
5347,1,1,0.9979486636172652,0.9979486636172652,0.00038515296231500745,0.00035387216293667763,0.0003844615716655549,0.0003218101002735396,0.000606039585544044
5348,1,1,0.9978865762994155,0.9978865762994155,0.00037126914601472887,0.0004167984206865189,0.0004558618721100425,0.00035246909058465724,0.0005170251711886987
5350,4,4,0.9975057065398116,0.0004950298382799996,0.0004688661323261564,0.00048713393917125205,0.9975057065398116,0.00037265511638736226,0.000670608434023552
5351,2,2,0.9959446655079183,0.0005489309478024263,0.9959446655079183,0.0007488346209584779,0.0009143293596931371,0.0006183656432196887,0.0012248739204080703
5353,2,2,0.997157565341873,0.00037162872883988676,0.997157565341873,0.0004966851515041977,0.0006094068470553852,0.0006641192538877266,0.0007005946768397912
5354,4,4,0.9976321122092254,0.000533847067642301,0.0004120846341248058,0.0005105411256679263,0.9976321122092254,0.00030998961048984763,0.0006014253528497383
5355,1,1,0.9979419503557159,0.9979419503557159,0.0003459492595347661,0.0003601909849953795,0.0004290316375310002,0.0003301706773263706,0.0005927070848965833
5356,5,5,0.9892310404848693,0.00037195669943706404,0.003958265724644706,0.0006629666249663,0.0004109161633528638,0.9892310404848693,0.005364854302729749
5357,4,4,0.9976229014709217,0.0005183065047723918,0.00041068572083911853,0.0005143078131134292,0.9976229014709217,0.0002935858775878199,0.0006402126127655597
5359,4,4,0.9976584094104184,0.000513817959678679,0.0004276031847122274,0.0004847054551866238,0.9976584094104184,0.0002985777794809521,0.0006168862105230829
5361,2,2,0.9972563257096974,0.00035896070303341395,0.9972563257096974,0.0005111888101392009,0.0005542413492779259,0.0007755563028521428,0.0005437271250000094
5362,5,5,0.9964889628427931,0.0004531078311832562,0.0012315907936394097,0.0006709152596203644,0.0003770265158565345,0.9964889628427931,0.0007783967569073952
5363,2,2,0.9970560007083452,0.00031207467575515595,0.9970560007083452,0.0005167513155600055,0.0005260314804021641,0.0011293831159054453,0.0004597587040318249
5364,2,2,0.9968512115566098,0.0004526386334136537,0.9968512115566098,0.0005688377796038602,0.0006546390206275706,0.0007100389804402305,0.0007626340293049532
5365,5,5,0.9949361077204788,0.00031453795936435525,0.0019207124115892984,0.0005810227589265361,0.0003228315032993867,0.9949361077204788,0.001924787646341614
5366,6,6,0.9970503175783351,0.0007402007707383907,0.0006769068059524131,0.00047811168860591966,0.00060555236043783,0.0004489107959304207,0.9970503175783351
5368,3,3,0.9977931662690646,0.0004389820540643816,0.0004962579540454727,0.9977931662690646,0.0004270685760643664,0.000517097343735364,0.0003274278030258712
5370,2,2,0.9964661414766812,0.0002449690321228203,0.9964661414766812,0.0005576612293820873,0.00047855692288200887,0.0017149726035036938,0.000537698735428165
5373,5,5,0.9966631595530168,0.000371163305874679,0.0014403442711591412,0.0005060719009295519,0.0003345221651716529,0.9966631595530168,0.0006847388038482324
5375,1,1,0.9978560489988715,0.9978560489988715,0.0003669937172658402,0.00038726715630501115,0.00041975361141481415,0.00031792404362386697,0.0006520124725190007
5377,1,1,0.9979108426417143,0.9979108426417143,0.0003479315939953639,0.00035803041989289873,0.00042206496159263065,0.000315872471835412,0.0006452579109695224
5378,5,5,0.996375392704948,0.0002771769098132102,0.001985494534503042,0.0005331104678853876,0.0002763715777119463,0.996375392704948,0.0005524538051383675
5379,5,5,0.9960996455551618,0.0003707189802650887,0.0013403594784594352,0.0006596549217074828,0.00036091666528686143,0.9960996455551618,0.0011687043991193307
5381,4,4,0.9975185217484605,0.0005591815471258723,0.00040448997616958815,0.0005393979276852526,0.9975185217484605,0.0002924310631907278,0.0006859777373680716
5382,5,5,0.9890530176955118,0.00035987498527595093,0.008988740373655242,0.0006162789320955019,0.0004246162780445451,0.9890530176955118,0.0005574717354169666
5383,2,2,0.9970705459273848,0.0004021362381414676,0.9970705459273848,0.0005414987072250289,0.000646759752671855,0.0006670254482093624,0.00067203392636759
5384,2,2,0.9966341266981528,0.00044692028120673694,0.9966341266981528,0.000569168629270084,0.0007136891215020028,0.0007342445179190487,0.0009018507519494226
5385,2,2,0.9970855756124941,0.0004181331082787489,0.9970855756124941,0.0005685669287596829,0.0006386948162482113,0.0006513319897701894,0.0006376975444490724
5386,1,1,0.9979788808927966,0.9979788808927966,0.00036621514834278915,0.0003648281181360047,0.0004179610840926734,0.00031397779446705915,0.0005581369621649392
5387,6,6,0.9977274239159789,0.0005440825899647101,0.0004682970326256253,0.0004441112845769915,0.00039823739182344973,0.00041784778503026383,0.9977274239159789
5388,2,2,0.997069378876926,0.00041050953228401096,0.997069378876926,0.0005321692867671574,0.0006312137624680116,0.0007068187097383592,0.0006499098318164029
5389,1,1,0.997908817474137,0.997908817474137,0.00038022572020217685,0.00034775836436652397,0.0004062409032006389,0.0003434298395483869,0.0006135276985453894
5390,6,6,0.9977593572936855,0.0006053646885204838,0.0004993022960737928,0.0003703326566777245,0.0004025543227712696,0.0003630887422712446,0.9977593572936855
5392,4,4,0.9976165207253486,0.0005320089939011172,0.00041483714813174503,0.0005379217862525706,0.9976165207253486,0.000296498151459791,0.0006022131949061828
5393,1,1,0.9979095775468709,0.9979095775468709,0.0003531870347713604,0.0003834805452758409,0.00042425652887363724,0.000361734888765816,0.0005677634554424084
5394,5,5,0.9965302187171103,0.0003024667627216243,0.001605278670004055,0.0005747295706831235,0.0002898620394735646,0.9965302187171103,0.0006974442400072715
5395,3,3,0.9978371985087564,0.00042484561147330914,0.0004929661292844606,0.9978371985087564,0.0004317386795931331,0.0004818368528157615,0.00033141421807692895
5396,5,5,0.9964890488741999,0.00047949072946749867,0.001205701032774844,0.0007774059783935716,0.00038314907612204763,0.9964890488741999,0.0006652043090421977
5397,6,6,0.9962847246156626,0.0006502436599086274,0.0009725038557294517,0.0004306447814396134,0.0005069130572757567,0.0011549700299839205,0.9962847246156626
5399,5,5,0.9963743061631268,0.00045467971226119055,0.0010796608371902816,0.000946730139703926,0.0003717616771704003,0.9963743061631268,0.0007728614705473258
5400,5,5,0.9967165562644973,0.00039319263200235664,0.0012480416301748531,0.0006390898471350006,0.0003373664212693195,0.9967165562644973,0.0006657532049212228
5402,1,1,0.9973577803317694,0.9973577803317694,0.0003442845172338236,0.00030043953867916383,0.0003896042159736162,0.0002859921644875852,0.0013218992318564746
5403,1,1,0.9979323255608059,0.9979323255608059,0.0003407270742285636,0.0003829505917652805,0.00045338972025921724,0.00031686827763354884,0.0005737387753073087
5406,4,4,0.9976418277242677,0.00048760433660469896,0.00041298721546362765,0.0005277576944728722,0.9976418277242677,0.0003004709152238932,0.0006293521139672465
5407,1,1,0.9979654619199453,0.9979654619199453,0.000365753704253138,0.0003299043084241605,0.0003691275072113727,0.0002981648095504647,0.0006715877506153942
5408,5,5,0.9964804888682265,0.0003834766256717194,0.0016460754552194614,0.0005509367713922335,0.000363879154681596,0.9964804888682265,0.0005751431248084978
5409,6,6,0.9964666240422817,0.0007851697637947262,0.0010996389762049379,0.0005101883952176445,0.0006989697488009743,0.00043940907369999487,0.9964666240422817
5410,5,5,0.9957940721049289,0.00041028485289600644,0.0019455084390120508,0.000530779194702143,0.0003803115159713566,0.9957940721049289,0.0009390438924895598
5411,4,4,0.9976637880153147,0.0004904043412336469,0.00041642171072899073,0.0005194492635713254,0.9976637880153147,0.00030731669642209786,0.0006026199727291807
5413,3,3,0.9977246698775677,0.0004192099264299972,0.0004921260781089531,0.9977246698775677,0.000549502065547,0.00046654343386505633,0.0003479486184811204
5415,1,1,0.9977772473864216,0.9977772473864216,0.0004074050956891593,0.0004147085270572101,0.0004385562048776832,0.0004065539541979954,0.0005555288317564687
5416,6,6,0.9974739175547505,0.0007137075456846016,0.0005204623563480117,0.0003890270685917499,0.00046681357646141816,0.00043607189816371826,0.9974739175547505
5417,2,2,0.9973048169118235,0.00030958661050089543,0.9973048169118235,0.00042755498826646526,0.0005128642149040924,0.0008927760337379451,0.0005524012407672402
5418,4,4,0.9976688875107997,0.00046761020917370606,0.0004085977711773898,0.0005486157999065956,0.9976688875107997,0.0002828735644146787,0.0006234151445279609
5419,4,4,0.9976495464941888,0.0004691759502576401,0.00041694685349028785,0.000549417194364149,0.9976495464941888,0.000300719506819712,0.0006141940008793579
5420,3,3,0.9978256218460209,0.00041418517182282514,0.00047689312514537533,0.9978256218460209,0.0004303887866577858,0.000523761930879743,0.0003291491394733672
5421,1,1,0.9977664419293533,0.9977664419293533,0.0004521197167223504,0.00037332657145216846,0.00040026164124498827,0.0004437983790625221,0.0005640517621647405
5422,1,1,0.997784268247335,0.997784268247335,0.0003990166103594057,0.000415747994225562,0.00046126248294372607,0.00038405453557257153,0.0005556501295636942
5423,1,1,0.9979586876888875,0.9979586876888875,0.0003525160816072534,0.00033625676061223693,0.0003752932638207366,0.000302996814936166,0.0006742493901361791
5424,4,4,0.9974953447489946,0.0005184216071007928,0.0004470052067124282,0.0005123263923042282,0.9974953447489946,0.00030443262326605323,0.0007224694216219128
5425,5,5,0.9962005572849412,0.00042409377248682766,0.0014259417325978958,0.0008800992527400798,0.0003555612410725487,0.9962005572849412,0.0007137467161615419
5427,3,3,0.9978331186170301,0.0004263994827558516,0.000483086180073237,0.9978331186170301,0.0004657183811451246,0.00045698568910708387,0.00033469164988861663
5428,2,2,0.9967442670575646,0.00043006284630603024,0.9967442670575646,0.0005446477982079542,0.0007171775156556929,0.0006429718871920134,0.0009208728950737921
5429,5,5,0.9952955467765613,0.0003815048114366301,0.002811353082295153,0.0004976161684922383,0.00035664862776204167,0.9952955467765613,0.0006573305334525926
5431,4,4,0.9975387470275519,0.00045680164369389724,0.0003930384068784188,0.000619436011952073,0.9975387470275519,0.00031238479012447417,0.0006795921197993384
5432,3,3,0.9970928030689059,0.0005425767007177462,0.0006307158538214363,0.9970928030689059,0.0006684664353062798,0.00042610776038125005,0.0006393301808674412
5434,4,4,0.9976092442552011,0.0005219167726566239,0.00040567936411157877,0.0005235524661139122,0.9976092442552011,0.00028883077513517784,0.0006507763667815173
5437,1,1,0.9977389919394947,0.9977389919394947,0.0003641978237428454,0.0003393513910254505,0.0003858469681252679,0.0002958173903577405,0.0008757944872539745
5439,5,5,0.9952741138794035,0.00032765437299175356,0.0019179872210678087,0.0005551933689266575,0.0003744611635047927,0.9952741138794035,0.0015505899941055798
5440,3,3,0.9976610082521091,0.00046038549997085584,0.0004888576287770479,0.9976610082521091,0.0005295993782337016,0.000445326452089037,0.00041482278882027626
5441,2,2,0.9972696296660919,0.00029678678788138443,0.9972696296660919,0.00043781672398737905,0.0005257138082092651,0.0009231648314691018,0.0005468881823609286
5442,5,5,0.9966415851341219,0.0003218437613911641,0.00117651762967854,0.0006977310630891775,0.00029869277138750913,0.9966415851341219,0.0008636296403317284
5443,5,5,0.9957541638860395,0.000767273627266071,0.0018334869121769274,0.0005831991097698552,0.00037448959575777486,0.9957541638860395,0.000687386868989833
5446,1,1,0.9979358175101857,0.9979358175101857,0.0003671650065232638,0.0003853269282678723,0.0004075064002,0.00037418324836248156,0.0005300009064607434
5449,4,4,0.9976498321142032,0.000494152474036445,0.000408612737954566,0.000530082549130414,0.9976498321142032,0.00029028986570677975,0.0006270302589686462
5451,5,5,0.9963737038530499,0.0002788962421434928,0.0019668075075166074,0.00048619680008739845,0.0002885066470140562,0.9963737038530499,0.0006058889501885014
5452,3,3,0.9970562291474118,0.0005964736238129012,0.0005980163596319794,0.9970562291474118,0.0005960514436553486,0.0005656982444718366,0.0005875311810161541
5453,5,5,0.9934293662144946,0.0004299934677305056,0.002754774419818369,0.0024124442217604044,0.00039605208576919387,0.9934293662144946,0.000577369590426882
5454,1,1,0.997970845298839,0.997970845298839,0.00037831945694093806,0.0003146899000862511,0.00035795326646476615,0.00031884790599520456,0.0006593441716739539
5457,4,4,0.9976518792478181,0.0005009776800908261,0.0004129784171412893,0.0005202681041479317,0.9976518792478181,0.00028375498008478546,0.0006301415707170783
5458,4,4,0.9976218178735485,0.0004894313089162842,0.0004297648776899687,0.0005386948962590361,0.9976218178735485,0.0003008769659210379,0.0006194140776651634
5461,5,5,0.9941891766583104,0.0003437688689952653,0.0040276163682560475,0.000609500936267216,0.00034252776520747645,0.9941891766583104,0.0004874094029636087
5462,3,3,0.9972802511123523,0.000560423083230236,0.000563435039037619,0.9972802511123523,0.0006967354893844132,0.0004370892118213344,0.00046206606417406864
5466,1,1,0.9978030324563036,0.9978030324563036,0.00039647353698944634,0.0004216707602854394,0.00047695782271196124,0.0003807843313774085,0.000521081092332087
5468,3,3,0.9978681898659972,0.0004105362406910928,0.0004605140432942361,0.9978681898659972,0.00038812524060880064,0.0005566632744390988,0.0003159713349693009
5469,5,5,0.9966520319289474,0.00036587701648571115,0.0014315255185240211,0.0005039094655021487,0.0003343379241160824,0.9966520319289474,0.0007123181464246749
5470,4,4,0.9975962828717544,0.0005288864270576709,0.0004096616300196439,0.0005288109899321986,0.9975962828717544,0.00031018669152541603,0.0006261713897106885
5471,3,3,0.997832003072536,0.0004429034901247837,0.0004805313378634031,0.997832003072536,0.0004074408800667666,0.0005240850165380471,0.0003130362028711392
5472,1,1,0.9980035852366501,0.9980035852366501,0.00037238041255881335,0.0003457054411285155,0.00039500704099890946,0.0003220292121018009,0.0005612926565618654
5473,2,2,0.9972035701584423,0.00037406382908363215,0.9972035701584423,0.000533498935821766,0.0005900934353460552,0.0006817060164644532,0.0006170676248417894
5474,6,6,0.9978996770849834,0.0004936685562840526,0.0004794270912504243,0.0003431734600451497,0.0003561917783648464,0.0004278620290720889,0.9978996770849834
5475,5,5,0.9901758352078415,0.0004061009399267232,0.002798803657968756,0.0008871333533286239,0.0003772985398094265,0.9901758352078415,0.005354828301125031
5476,5,5,0.9964701177980226,0.0003689091916369108,0.0015274559050969664,0.0005846423005351421,0.0003326001249969152,0.9964701177980226,0.0007162746797114373
5477,2,2,0.9954130775134883,0.0005177579924685712,0.9954130775134883,0.0010872024063248913,0.001123605242908964,0.0006028161448492489,0.0012555406999600208
5478,2,2,0.9970628707119628,0.00039674356580401363,0.9970628707119628,0.000515879369233486,0.0006401495249582601,0.0006385194776076649,0.0007458373504338296
5481,3,3,0.9977762374015651,0.0004319512053337669,0.00048721472425884975,0.9977762374015651,0.0004679781977501599,0.0004864866628163744,0.00035013180827585103
5482,5,5,0.996676633823749,0.0003458059628223943,0.0013725052603117658,0.0005974285007220828,0.0003249150597372572,0.996676633823749,0.0006827113926574681
5483,3,3,0.9978740006489852,0.0004173018591233984,0.0004706355004342353,0.9978740006489852,0.0004295262243590156,0.0004756988683358217,0.00033283689876233315
5484,1,1,0.9979089964950064,0.9979089964950064,0.00038021039248612625,0.0003950575667684447,0.0004378881335505384,0.00032698335490233927,0.0005508640572861674
5488,4,4,0.9976353795435714,0.000502522343880382,0.00042204422696368027,0.0004936281549513153,0.9976353795435714,0.00030386908204237454,0.0006425566485908868
5489,2,2,0.9960838981570873,0.00038849386531861094,0.9960838981570873,0.0012059731458186464,0.0006945106730228044,0.0011242273510795064,0.0005028968076730851
5490,4,4,0.9976405694984765,0.0005173581094405865,0.00041397429380541517,0.0005145841070563307,0.9976405694984765,0.0003215540361802008,0.0005919599550410495
5491,5,5,0.9958350977805175,0.00038145181083702176,0.0016347844445126962,0.0006631271893497953,0.000393711101318175,0.9958350977805175,0.0010918276734648417
5492,3,3,0.9977113460723629,0.00045200876333639236,0.0005015451089148137,0.9977113460723629,0.0004770857277438501,0.000476309703266099,0.0003817046243760449
5494,4,4,0.9976533021043552,0.0004659149546939308,0.00041344654022289055,0.0005655087860437914,0.9976533021043552,0.0002840057995195767,0.0006178218151645568
5499,1,1,0.9978676877333911,0.9978676877333911,0.0003869772591624337,0.00037680305374454716,0.00041721980922655786,0.00032623630723410164,0.0006250758372413194
5500,1,1,0.9979012420129947,0.9979012420129947,0.00035942311018001576,0.0003551720304146975,0.0003961806921845986,0.0003227829621220944,0.0006651991921039584
5502,1,1,0.9978555450079426,0.9978555450079426,0.0003499434600026047,0.0003077195037996701,0.0003895117497229508,0.0002809111490327293,0.0008163691294994573
5503,6,6,0.9974139027881361,0.000575528904366525,0.0005436965888752508,0.00040356041877446407,0.0005903383889267397,0.00047297291092085155,0.9974139027881361
5504,4,4,0.997618176418856,0.0005014739188455918,0.00043617091622661996,0.0005060607991139054,0.997618176418856,0.00030972111275764653,0.000628396834200315
5505,3,3,0.997846904652518,0.00042499686751634237,0.0004756621514895164,0.997846904652518,0.0004435938357778466,0.0004897686608996893,0.0003190738317986745
5506,4,4,0.9976709845101002,0.0004803399670526141,0.00040513342544335894,0.0005315605859253301,0.9976709845101002,0.0002787303920377071,0.0006332511194408693
5507,1,1,0.9978466829616599,0.9978466829616599,0.0003378486010140233,0.00034197488372459436,0.0003865143654521057,0.0003018133455196158,0.0007851658426297545
5509,5,5,0.9966855563669046,0.0003889389595339352,0.0012937046016004462,0.000702256272857368,0.0003354538903146009,0.9966855563669046,0.0005940899087890498
5511,2,2,0.9966558101180443,0.0003697050959598503,0.9966558101180443,0.0005488469624710179,0.0006522879824633579,0.0009531224359881852,0.0008202274050733247
5512,3,3,0.9978520254770117,0.0003888979431794491,0.0004950982669399931,0.9978520254770117,0.00043303022699022744,0.0005208975273980115,0.00031005055848058906
5513,5,5,0.9961641730601031,0.0004988426077814905,0.0012163036373949634,0.0008221571671239617,0.00040751409203281506,0.9961641730601031,0.0008910094355637078
5514,1,1,0.9978737039141826,0.9978737039141826,0.0003872723593349882,0.0003896160033041716,0.00045172395091936887,0.0003683310641080953,0.0005293527081508413
5515,2,2,0.9970740169837647,0.00039557810298368603,0.9970740169837647,0.0005558898024122999,0.0006380436301054877,0.0006727149654337449,0.0006637565153000329
5516,6,6,0.9973843525662803,0.000617053523971874,0.0005238386714102645,0.0004852268821284418,0.0005188132548823233,0.00047071510132681453,0.9973843525662803
5517,5,5,0.9965087952389583,0.0004412091882932738,0.0012634491078902575,0.0006767591817274729,0.00037364016267096926,0.9965087952389583,0.0007361471204598145
5518,2,2,0.9971243545563792,0.00041288325809311547,0.9971243545563792,0.0005356595980327998,0.0006377606645288655,0.0006634843756169989,0.0006258575473490932
5519,4,4,0.9976070889357704,0.0004633166429427573,0.00043246215958759324,0.0005320618970612697,0.9976070889357704,0.0003113233179736397,0.0006537470466641341
5520,5,5,0.9964996709718209,0.0003291424698954663,0.001395982825259914,0.0009258540354754327,0.0003148016154535797,0.9964996709718209,0.0005345480820947595
5523,1,1,0.9854678553952152,0.9854678553952152,0.000596302112287501,0.0006648853555573899,0.0009529503906814638,0.00040989129816217313,0.011908115448096328
5524,2,2,0.9969607536719358,0.00032759642958895256,0.9969607536719358,0.0004306719872170145,0.0005295340375619994,0.0012551344215411724,0.0004963094521551723
5526,1,1,0.9980002054575263,0.9980002054575263,0.0003644909158805949,0.0003416497904318933,0.0003856457360858656,0.000300612424122879,0.0006073956759524625
5528,4,4,0.9974879061540134,0.0005359190418631247,0.00039945368330034824,0.0005988143987620873,0.9974879061540134,0.00031938488358415113,0.0006585218384769147
5530,2,2,0.9972404085995845,0.0002986867574481264,0.9972404085995845,0.0004394926586081255,0.0004890981286834984,0.0010362269660860284,0.0004960868895897126
5532,1,1,0.9978817937061382,0.9978817937061382,0.0003810917868816433,0.00041504044751275335,0.00043951412251825813,0.00035064786801392603,0.0005319120689352324
5533,5,5,0.9966411256773017,0.00037526095141648415,0.001311917087353145,0.0007324970259639288,0.00034781909283473786,0.9966411256773017,0.0005913801651300719
5534,4,4,0.9976881196447668,0.0004876221089204538,0.0003990228837305306,0.0005150612893634059,0.9976881196447668,0.0002799635876121169,0.000630210485606755
5535,5,5,0.9960301542500529,0.0004840059857865707,0.0010992024353249524,0.0012991164143845283,0.00037790130682306504,0.9960301542500529,0.0007096196076279281
5536,5,5,0.9966135818306716,0.00043362854324710233,0.0013086687799628931,0.0005399665203637337,0.0003483080432299021,0.9966135818306716,0.0007558462825247398
5538,1,1,0.9979679819425334,0.9979679819425334,0.0003384124420175211,0.00033026397999158497,0.000396342311692871,0.0002988658919655519,0.0006681334317990622
5539,4,4,0.9976345400845142,0.00047952030335536995,0.00040384239806227933,0.0005630427096693816,0.9976345400845142,0.0002819962711448523,0.0006370582332539224
5540,1,1,0.9979837187068243,0.9979837187068243,0.0003288599045153591,0.0003414568575551796,0.0004068438529794683,0.0002801731530805943,0.0006589475250450051
5541,1,1,0.9979562620276979,0.9979562620276979,0.0003492545753457543,0.00031018146114141805,0.0003734223376124487,0.00026510536184693145,0.0007457742363556214
5542,2,2,0.9971432121438153,0.00037938114958095096,0.9971432121438153,0.0005527558986868942,0.0006065144572089798,0.0006978785408447952,0.000620257809863196
5543,4,4,0.9976020416745138,0.0005046024433362727,0.0004358992138302828,0.000540793638445741,0.9976020416745138,0.0003056486591041533,0.0006110143707697014
5545,3,3,0.9977089632977905,0.0004442214474960825,0.0005194866923352129,0.9977089632977905,0.0004995985306553555,0.0004862437717647844,0.0003414862599580937
5548,5,5,0.9961687349370986,0.00036888359427587344,0.0020198904767302498,0.0005401325514884374,0.00034379239467661717,0.9961687349370986,0.0005585660457302149
5549,1,1,0.9979865220750602,0.9979865220750602,0.0003591067388099513,0.00037519996326293453,0.00041865963500412165,0.0003241008855256163,0.0005364107023371916
5550,3,3,0.9978221534954923,0.0004357974923918849,0.00048047597524603547,0.9978221534954923,0.00045523163315343366,0.00045778089584015805,0.0003485605078762313
5551,6,6,0.9976069643551599,0.0006509346818794967,0.0005055129151475233,0.000366771117599699,0.00042990480374961065,0.0004399121264637754,0.9976069643551599
5553,2,2,0.9970790428973733,0.00038880759898906583,0.9970790428973733,0.0005556848638940904,0.0006206376885936456,0.0007038644014987107,0.0006519625496512661
5554,6,6,0.9955884223431521,0.0008344286475045291,0.001207500696814823,0.0005141044969569741,0.0006438725398501179,0.001211671275721458,0.9955884223431521
5556,6,6,0.9973017250438256,0.0007507601609239736,0.0005486037848818861,0.00041019070736334704,0.0004989121944374747,0.0004898081085676511,0.9973017250438256
5557,1,1,0.9977654986800152,0.9977654986800152,0.0003911270593803636,0.00035851293000657816,0.00042160243565625405,0.0003047326624827201,0.0007585262324588752
5558,4,4,0.9975132976166513,0.0004623014553825275,0.00044446037069434136,0.0006042557090607564,0.9975132976166513,0.00032050733098001676,0.0006551775172310814
5560,5,5,0.9965350189883917,0.00036406636199019094,0.0012153405451648116,0.0008381843269825694,0.0003385443962241823,0.9965350189883917,0.0007088453812465884
5561,1,1,0.9979741585287838,0.9979741585287838,0.00036250011969276994,0.000356746001709945,0.00039586407958754966,0.00030988982694722824,0.0006008414432787062
5562,2,2,0.9971445937475109,0.0003208814938584572,0.9971445937475109,0.00046748730071128166,0.000558023888972594,0.0010192316900556634,0.0004897818788909294
5563,1,1,0.9979709305066853,0.9979709305066853,0.0003615439672742158,0.0003522063800253813,0.0003988639027615261,0.0003214053835328851,0.0005950498597206876
5564,3,3,0.9976060470606687,0.00045112282167275846,0.0005204637460308149,0.9976060470606687,0.0006518702773585741,0.0004095177897551013,0.00036097830451413794
5565,3,3,0.9975420067302327,0.00047108454337666184,0.0006126661947469404,0.9975420067302327,0.0005574291561445838,0.0004226261659325096,0.0003941872095666343
5567,3,3,0.9972675477637575,0.0005618295172874749,0.0006085453590779103,0.9972675477637575,0.0007225290630821308,0.0004048296215507317,0.0004347186752443202
5570,2,2,0.9969488010289053,0.0003711875844326806,0.9969488010289053,0.000583375526195331,0.0006574523433680067,0.0007503889087616767,0.0006887946083370316
5574,3,3,0.9978666678838276,0.00041725401184423164,0.0004955701768601335,0.9978666678838276,0.00039940556434611593,0.0005061706065830991,0.0003149317565387855
5575,3,3,0.9977647379444724,0.00043208485196285053,0.0004718503189833862,0.9977647379444724,0.0005389483581973844,0.00043815314632279464,0.0003542253800612288
5578,3,3,0.9978562922964339,0.0004308437164028561,0.00048041633362552543,0.9978562922964339,0.00038864379861065497,0.0005250302397550367,0.0003187736151720022
5579,5,5,0.9964674556071961,0.00042953786819117495,0.001182397459849522,0.0006453682335189077,0.0003606818443814762,0.9964674556071961,0.0009145589868628578
5580,1,1,0.9979690888376024,0.9979690888376024,0.00036509339325294603,0.00034463549351698925,0.00038886255258385245,0.00029110172686988263,0.0006412179961739736
5581,3,3,0.997850055908552,0.00038974966559127437,0.0004879566237345789,0.997850055908552,0.00045950148528534524,0.0005121863220734405,0.0003005499947633181
5582,3,3,0.997765514123633,0.0004405320621901879,0.0004950254099878869,0.997765514123633,0.0004264155680640327,0.0005143833007371212,0.00035812953538778044
5583,4,4,0.9975910546205043,0.0004625205059012045,0.0004457430492571408,0.0005207749387691546,0.9975910546205043,0.0003136241979741828,0.0006662826875940073
5584,2,2,0.9964788903535143,0.0004788015670377143,0.9964788903535143,0.0006647599743557643,0.0007657632498706334,0.0006372748979907287,0.0009745099572308516
5585,5,5,0.9965603913415071,0.0003904082682545945,0.0013957511352870316,0.0006882517458517773,0.00035850948065332727,0.9965603913415071,0.0006066880284462478
5586,6,6,0.997295659666319,0.0007343914343706946,0.0005851590434671786,0.0004458529503192744,0.0005106722727471261,0.0004282646327767267,0.997295659666319
5588,5,5,0.9900945158054507,0.00035670684684484136,0.007978228156722812,0.0005762513108239313,0.00044707839438343103,0.9900945158054507,0.0005472194857743349
5589,3,3,0.997873706324664,0.00041276425788677593,0.00048238096422820615,0.997873706324664,0.00043364174353922804,0.0004767612478300947,0.00032074546185173675
5590,1,1,0.9979010219896557,0.9979010219896557,0.0003690429367049499,0.00031863408073135724,0.000380158941680093,0.00027927528044918286,0.0007518667707788006
5591,1,1,0.9978112500274081,0.9978112500274081,0.0003852253691402257,0.0004072006818158266,0.00046576966632588183,0.00037063777272992415,0.0005599164825800826
5592,4,4,0.9976352180593103,0.0004975984202684801,0.0004145334419664315,0.000510937985970791,0.9976352180593103,0.00031301774160460164,0.0006286943508794066
5593,6,6,0.9976441781270633,0.000644379037771114,0.00043381581119686483,0.0004862947350510781,0.0004015851508367095,0.000389747138080992,0.9976441781270633
5594,5,5,0.9962551920262441,0.00043162847537354287,0.0016819959824767277,0.0005927436480831048,0.00037840507651225536,0.9962551920262441,0.0006600347913102938
5595,5,5,0.9939960584127498,0.0003872054937190408,0.004041917761487204,0.0004839586493760289,0.00034345064798221625,0.9939960584127498,0.0007474090346856889
5596,1,1,0.997955889279056,0.997955889279056,0.0003508620781707564,0.0003711646453470356,0.000431661982927391,0.00031851914170775275,0.0005719028727910405
5597,2,2,0.9969265583789904,0.00042169326660858596,0.9969265583789904,0.0005832634938618065,0.0006710185816502401,0.0006390511104169896,0.0007584151684721252
5598,4,4,0.9975851679856662,0.0004917624127171356,0.00043136547493650057,0.0005480149941837626,0.9975851679856662,0.0003051501087852001,0.0006385390237111953
5599,3,3,0.9978494668850095,0.0004053633902936676,0.0004725120682316928,0.9978494668850095,0.00039649862544909075,0.000562617498444815,0.00031354153257128294
5601,3,3,0.9978229029880991,0.00040457172578710045,0.0005159194196267362,0.9978229029880991,0.00042951551050203013,0.000509683691726711,0.0003174066642584265
5602,1,1,0.997591554420137,0.997591554420137,0.0004117640243134846,0.0005118153912760152,0.0005420198685671416,0.0004257141005885733,0.0005171321951177795
5603,3,3,0.9977965235856661,0.00042041140339661286,0.0004964463237107559,0.9977965235856661,0.00047682941089442294,0.00048436081273865614,0.0003254284635935424
5608,2,2,0.9959825536471443,0.0005538032417855022,0.9959825536471443,0.0006702412676297737,0.0008820016166576373,0.0007544145533595761,0.0011569856734231928
5610,5,5,0.9966479940125312,0.00041398544913855796,0.0012625138958625938,0.0005767624711933701,0.00033362404137162295,0.9966479940125312,0.0007651201299026118
5613,4,4,0.9976602352962849,0.00047359508541077567,0.0004367545809256588,0.0005082179360555214,0.9976602352962849,0.0003136381801635878,0.0006075589211595119
5614,2,2,0.996917793924123,0.00045204028952646337,0.996917793924123,0.0005670247295237518,0.0006568171540605888,0.0007296343026419737,0.0006766896001241244
5615,5,5,0.9964227534105207,0.0005362619597778262,0.0011397092922794442,0.0007548206508574839,0.00039901936496889383,0.9964227534105207,0.0007474353215956848
5616,5,5,0.9963183478696472,0.0004401801594907599,0.0013320284298289165,0.0006759932199619428,0.0003841125319087113,0.9963183478696472,0.0008493377891624452
5617,1,1,0.9978361464729912,0.9978361464729912,0.0003856716984091659,0.0004043894190240509,0.00045883715465622367,0.0003301643214416188,0.00058479093347772
5618,1,1,0.996427545213633,0.996427545213633,0.00037241125691068685,0.00043042054318150893,0.0004998575643184464,0.0003153981364983494,0.001954367285457837
5620,1,1,0.9978700337219406,0.9978700337219406,0.00040746457652845845,0.0003792397414837917,0.00043438064149201174,0.00033309023657885034,0.0005757910819762546
5622,4,4,0.9976490289493595,0.0005079687183491155,0.00041564580792495954,0.0005053488496997935,0.9976490289493595,0.00030062301534987206,0.000621384659316772
5624,2,2,0.9958022374197102,0.0005401511518293889,0.9958022374197102,0.0008254855752247433,0.0009666351385584874,0.0008175367369407442,0.0010479539777364752
5625,3,3,0.9978755225765235,0.0003912059865059205,0.000481777044261738,0.9978755225765235,0.00042139204142577186,0.0005162082709964288,0.000313894080286657
5626,3,3,0.9978127828622364,0.0004085218582775415,0.0004961536217331674,0.9978127828622364,0.0004691153441554381,0.0004911167374333752,0.00032230957616402654
5627,5,5,0.9964202277997779,0.00039759616294001023,0.0013329905866515804,0.0006096982903568692,0.0003730150656944897,0.9964202277997779,0.0008664720945791154
5629,4,4,0.9976564203664466,0.00048321186472127,0.0004226141926952539,0.0005227339963376846,0.9976564203664466,0.0002821321170994563,0.0006328874626996786
5631,5,5,0.9961943914015089,0.00032496942214113854,0.0013687604036476207,0.0008755526758191483,0.0002989182917088895,0.9961943914015089,0.0009374078051742557
5632,1,1,0.9979359522151128,0.9979359522151128,0.0003062911677059334,0.0003323107473177918,0.0004042845158436801,0.0002923327968091978,0.0007288285572106609
5634,2,2,0.9971573292936455,0.00038920209978771575,0.9971573292936455,0.000526037524997784,0.0005955788490441874,0.0006465249232392374,0.0006853273092855812
5636,2,2,0.9965734618154994,0.0004911426283722055,0.9965734618154994,0.0006552422889193423,0.0009050116264772858,0.0005865278032444999,0.0007886138374872282
5637,4,4,0.9975526099425976,0.0005074939875007838,0.0004686199415389654,0.0005142617342735439,0.9975526099425976,0.00029536922721064664,0.0006616451668784376
5638,4,4,0.9976286736889488,0.0004694129375025112,0.00043783152565470365,0.0005191688191659815,0.9976286736889488,0.0003085768977395436,0.0006363361309884044
5639,1,1,0.9979860357033655,0.9979860357033655,0.0003703777613533577,0.00034853964228520975,0.00039841092224833627,0.00031938991284900055,0.0005772460578985148
5642,4,4,0.9976370246649017,0.000502726175114337,0.000401202352904822,0.0005309836659322014,0.9976370246649017,0.00030860889547305143,0.000619454245673998
5643,5,5,0.9963598692250517,0.00033437093432036783,0.0016599473052171581,0.0005636018380311148,0.0003470168103913895,0.9963598692250517,0.0007351938869883094
5644,4,4,0.9976597643823782,0.0004896170392306412,0.00042903345308582363,0.000512631768151355,0.9976597643823782,0.0003029193568118965,0.0006060340003420433
5648,1,1,0.9979760443259714,0.9979760443259714,0.00036736021833079046,0.00036194722644167736,0.00041915740719005866,0.000334576502177832,0.0005409143198881902
5649,5,5,0.989538909224391,0.0006804980639488178,0.00781098335564593,0.0005706618308682748,0.00047164401610242675,0.989538909224391,0.000927303509043559
5652,3,3,0.9978144991555006,0.0004304591115929655,0.0004896304272461595,0.9978144991555006,0.00043166980179131534,0.0005077971539600409,0.00032594434990893315
5653,5,5,0.9965307424304124,0.0004443241820337591,0.0012162639844350957,0.0007805584353650143,0.00039111828104011835,0.9965307424304124,0.0006369926867136178
5656,2,2,0.9970634464474039,0.0003360647092930881,0.9970634464474039,0.0005969391585906586,0.0006057463257780998,0.0007488465817425793,0.0006489567771917709
5658,1,1,0.9978508132400239,0.9978508132400239,0.0003875869588449816,0.00041969133722133726,0.00043447832464432566,0.00038742121252429806,0.0005200089267411832
5659,1,1,0.9979019501531978,0.9979019501531978,0.0003653760336922192,0.0003656554304406484,0.00040827987823889935,0.00031739002049926783,0.0006413484839311384
5660,3,3,0.9973800859085652,0.0004884045377774298,0.000577825824748596,0.9973800859085652,0.00045079319171259725,0.0005421686262917612,0.0005607219109044145
5661,4,4,0.9976398100022114,0.00047495360393206675,0.0004168002487420191,0.0005282662643529024,0.9976398100022114,0.0002749133950796799,0.0006652564856819447
5662,4,4,0.9976159717085622,0.0005239975446491398,0.00042664815005065193,0.0005176342836742188,0.9976159717085622,0.0003033503935021131,0.0006123979195616848
5664,5,5,0.9962921021375194,0.0004191302818014386,0.001894971332742774,0.0005450328978528341,0.00034476603776821275,0.9962921021375194,0.0005039973123153067
5665,1,1,0.9978773942697663,0.9978773942697663,0.00038454228959265425,0.0003624302461766267,0.00040541634332927145,0.00031751389560913054,0.0006527029555260742
5667,5,5,0.9949393577843347,0.00033995215079824306,0.0032718127471659496,0.0005253612294136522,0.0003643548955542882,0.9949393577843347,0.0005591611927331084
5668,2,2,0.9970149346818419,0.00033148172255593116,0.9970149346818419,0.0005159421372649095,0.0006312569193628462,0.0008697693719416362,0.0006366151670328161
5669,4,4,0.9975851505074699,0.000492759093852141,0.0004238699215660041,0.0005087865146445955,0.9975851505074699,0.00034491056227904947,0.000644523400188389
5671,5,5,0.9961619616031372,0.00038032886552947414,0.00200256174576093,0.0006161374769783951,0.0003506742152663516,0.9961619616031372,0.00048833609332764
5672,3,3,0.9977119759357302,0.00045080387578020313,0.0005062190867590356,0.9977119759357302,0.0005307800440578513,0.0004306743844731151,0.0003695466731996871
5674,5,5,0.9949522157715406,0.0003810125980312895,0.00305252363521908,0.0006847364807431076,0.00036226341542347517,0.9949522157715406,0.00056724809904252
5676,2,2,0.9971420793691329,0.00036454671600568924,0.9971420793691329,0.000536918615572672,0.0006012110765559904,0.0006723680256286275,0.0006828761971041226
5677,3,3,0.9978049301927147,0.0004572622667055319,0.0004656312768000443,0.9978049301927147,0.00043946309176438495,0.0004918836592164087,0.0003408295127990158
5678,5,5,0.9897431349841671,0.00046180137399860484,0.0041831832629822124,0.0006383204935951993,0.0004279803960046834,0.9897431349841671,0.004545579489252203
5680,5,5,0.9965971978620319,0.00039531807287298735,0.001255002181005913,0.0006635245300963856,0.0003449551473783611,0.9965971978620319,0.0007440022066144017
5681,1,1,0.9979695253123225,0.9979695253123225,0.0003702722157660761,0.0003330278708923507,0.00036995192812552797,0.00032606026865832647,0.000631162404235236
5683,6,6,0.9975901650204585,0.0006818483685288295,0.0005208924312519988,0.0003732426194848559,0.0004447373999873112,0.00038911416028846114,0.9975901650204585
5684,6,6,0.9978050848017017,0.0005882716657233478,0.00045790774769667467,0.0003550443599230342,0.00039595028945465334,0.00039774113550053474,0.9978050848017017
5685,2,2,0.9972082436788857,0.00036718927261618887,0.9972082436788857,0.0004491015820626628,0.0005591438257015259,0.000714042996630883,0.0007022786441029948
5686,5,5,0.9965902772552365,0.0004711490861968109,0.0012083751165988493,0.0006926440543927204,0.00038311055022132877,0.9965902772552365,0.0006544439373538116
5688,1,1,0.9977530947695465,0.9977530947695465,0.0004084487199905259,0.000430988385464489,0.00045211604948435603,0.0004315053568106244,0.0005238467187034432
5690,5,5,0.9963852804809352,0.00037401183573680544,0.0017748195649714973,0.0005101309251557658,0.0003760590866136461,0.9963852804809352,0.0005796981065870535
5691,6,6,0.9976654570904349,0.0005958482686266119,0.0004851414959990241,0.00042525076461586217,0.00042780078386056645,0.0004005015964630233,0.9976654570904349
5692,2,2,0.9971149282318243,0.0003984628836605048,0.9971149282318243,0.0005148422368245951,0.0005839275147584682,0.0007094104299613073,0.0006784287029707546
5693,2,2,0.9971279276717899,0.000311029602268275,0.9971279276717899,0.000492547336552038,0.0005275862521548135,0.0008662866116432005,0.0006746225255917792
5695,5,5,0.9957108956067426,0.0003213792081346592,0.0023246834659264785,0.0006145937651246594,0.00039287399330428617,0.9957108956067426,0.0006355739607673024
5696,3,3,0.9977332299000745,0.0004403269243548432,0.0005072967587221709,0.9977332299000745,0.0005000833743829376,0.00045757880184028724,0.00036148424062531457
5697,4,4,0.9975509507980782,0.0004916660476301786,0.00043309654308822684,0.000541827310650702,0.9975509507980782,0.00029555976667876207,0.0006868995338740403
5699,4,4,0.9976126741193658,0.00046650108843164273,0.00040171401451808575,0.0005315115342348539,0.9976126741193658,0.00031387126540591205,0.0006737279780436316
5700,6,6,0.9959587575958215,0.0010585663968953522,0.0008899200583105727,0.0005937866589579156,0.0008082281663617868,0.0006907411236528363,0.9959587575958215
5702,1,1,0.9977381426568667,0.9977381426568667,0.00039635328777145717,0.00045037907856188816,0.00046813887654181737,0.0004399555123739932,0.0005070305878841833
5703,3,3,0.997808277490804,0.0004166788421086177,0.000477785943020393,0.997808277490804,0.0003640800423030649,0.0006185020901474052,0.0003146755916165799
5704,5,5,0.9964325824921794,0.0003020932249393191,0.0017711068254320733,0.0005749558454691162,0.0002981028572714994,0.9964325824921794,0.0006211587547086731
5705,3,3,0.9978069068888558,0.00043822472514307327,0.00048802068354662586,0.9978069068888558,0.000476213171511275,0.0004347136970340362,0.0003559208339092146
5706,3,3,0.9978887926298715,0.0003961164632061689,0.0004878815908566834,0.9978887926298715,0.00038892970933976254,0.0005391220530754044,0.00029915755365054873
5708,5,5,0.9964458186864736,0.000384966487422016,0.0013324256074604903,0.0006345825866731925,0.0003967268794600449,0.9964458186864736,0.0008054797525106153
5709,1,1,0.9979643205867967,0.9979643205867967,0.00033323864514082295,0.0003616378152943631,0.00040685707957031106,0.00030822710284039413,0.0006257187703573739
5710,5,5,0.9965163112584542,0.000439017355093053,0.0010846795824427423,0.0009624490286278217,0.0003625813858241569,0.9965163112584542,0.0006349613895580839
5711,5,5,0.996513805306478,0.0004347525339228048,0.0014756901971874664,0.0005918543447099117,0.00036858878656202974,0.996513805306478,0.0006153088311397764
5712,4,4,0.9976770310112758,0.0004769530813317993,0.0004057423611458105,0.0005245520703493181,0.9976770310112758,0.0002896266185904537,0.0006260948573067962
5714,3,3,0.9977866063316948,0.0004284615420824578,0.0004932987913788544,0.9977866063316948,0.0005161838891686552,0.00043489392494657885,0.0003405555207286521
5716,2,2,0.9970575604960512,0.0003051761171964633,0.9970575604960512,0.0004571895641787163,0.0005280488519996603,0.001180444548274519,0.00047158042229943845
5718,1,1,0.9979825350288433,0.9979825350288433,0.0003572222157544123,0.00037498402425746477,0.0004010401928754492,0.000345431058980455,0.0005387874792889915
5719,5,5,0.9966477560580571,0.00041258418723320997,0.0013471904418024204,0.000611571699758475,0.0003598535480809081,0.9966477560580571,0.0006210440650678927
5720,2,2,0.997066188346243,0.0004054765403341223,0.997066188346243,0.0005929939730081351,0.000665350634891419,0.0006845190576946913,0.0005854714478285823
5721,6,6,0.9974475042779648,0.0005437519941035406,0.0005724986045367942,0.00039060434742140454,0.00046503541576782515,0.0005806053602056143,0.9974475042779648
5722,2,2,0.9969889495194078,0.00040561452516963125,0.9969889495194078,0.0006282004743940709,0.0006901656724860347,0.0006417738605988731,0.000645295947943758
5723,4,4,0.9976439750058587,0.0005075412172922165,0.00041695566433470725,0.0004913395228535075,0.9976439750058587,0.00030200336667121934,0.0006381852229897804
5727,3,3,0.9978771369738477,0.0004123295432420442,0.0004919624849883645,0.9978771369738477,0.00041680798253688263,0.0004997769217989724,0.000301986093586146
5728,3,3,0.9978327543358009,0.0004336845246015942,0.00047615830210252373,0.9978327543358009,0.0004242016242878134,0.000494762807807901,0.00033843840539928336
5729,2,2,0.9969428771520287,0.00031980271597156887,0.9969428771520287,0.0005840490102817897,0.0006102200492918887,0.0009478762491790233,0.000595174823247083
5730,5,5,0.9966015158782771,0.00042277428379802013,0.001207302622132508,0.000706301748960009,0.00036600717213247067,0.9966015158782771,0.0006960982946999533
5731,5,5,0.9966477195746396,0.000429879493974316,0.0011784670229645616,0.0007426302655538362,0.00035913427673459135,0.9966477195746396,0.0006421693661330913
5734,3,3,0.9976236388871698,0.00048276002798047877,0.0005430578759903279,0.9976236388871698,0.0005126738221071652,0.00041620328396436366,0.0004216661027878784
5736,4,4,0.9976992185291464,0.00047376132815426673,0.0004194701396534826,0.0005148349536146553,0.9976992185291464,0.00028191911898179306,0.0006107959304493141
5737,3,3,0.997632809927921,0.00038546640724998216,0.0004588370524171151,0.997632809927921,0.00039816010197656456,0.0008023527299260632,0.0003223737805092065
5739,5,5,0.9966254356717672,0.00042273160007295473,0.0013472224984005994,0.000607124944689181,0.00035360586914529783,0.9966254356717672,0.0006438794159248097
5740,5,5,0.9965989018008784,0.0004528452129463839,0.0013408132395889933,0.0006012741956658147,0.00036970796736002286,0.9965989018008784,0.00063645758356033
5741,3,3,0.9962144321380749,0.0006887954200444713,0.0008407510746061097,0.9962144321380749,0.0007634872071334691,0.0005336108115785642,0.0009589233485625153
5743,4,4,0.9976653772417593,0.0004955332693396716,0.00041663189439742314,0.0005087612493683033,0.9976653772417593,0.00029880659668565925,0.0006148897484496144
5744,1,1,0.9979870741027461,0.9979870741027461,0.0003737917599730141,0.00034769394352879464,0.00039803647702474457,0.00034115204166855966,0.0005522516750588054
5745,1,1,0.9978894845354652,0.9978894845354652,0.000389308486556797,0.00038329915731283033,0.0004170001965566005,0.0003525238967660062,0.0005683837273426053
5746,5,5,0.9963879355306379,0.00039584407018543143,0.001429533203667384,0.0005828047153142939,0.00035689269765815963,0.9963879355306379,0.0008469897825369001
5747,2,2,0.9970299857807662,0.00036306768233328315,0.9970299857807662,0.0005290671071405062,0.0005648308241094668,0.0008717310550623496,0.0006413175505881998
5749,2,2,0.9971652879083306,0.0003370237510063473,0.9971652879083306,0.00043459616695597697,0.0005658804487644586,0.0007830374368856935,0.0007141742880569504
5750,2,2,0.9972593601190408,0.00035677686609775395,0.9972593601190408,0.000486373805123676,0.0005722306563670995,0.0007161555563828978,0.0006091029969875236
5755,6,6,0.9972537604856193,0.0009397408412950669,0.000517716072315197,0.0003992220914226336,0.0004895249367238059,0.0004000355726240241,0.9972537604856193
5757,5,5,0.9962654574698622,0.00039649358412815463,0.0018581490478857463,0.000490646569854542,0.0003621869205736117,0.9962654574698622,0.0006270664076957344
5759,3,3,0.9978217282034165,0.0004329532621314633,0.00045406768198859494,0.9978217282034165,0.0003759083329025727,0.0005585713797434787,0.0003567711398173346
5760,1,1,0.9979726404088798,0.9979726404088798,0.00037559478815313226,0.00035771691676425067,0.0004109006148279508,0.0003198229738279303,0.0005633242975469817
5762,3,3,0.9978405088798463,0.00043661816094792794,0.0004580351746974055,0.9978405088798463,0.0004149583630483911,0.0005078114260834514,0.000342067995376514
5765,5,5,0.9959571728995548,0.0004158269259557332,0.0013938722152155604,0.0005579867241539723,0.00031789514633953414,0.9959571728995548,0.0013572460887804046
5766,4,4,0.9975919682540381,0.00047954328950086054,0.00041589566488084125,0.0005100220393487369,0.9975919682540381,0.0003029016578097554,0.0006996690944217074
5767,5,5,0.9962801883603685,0.0005292543449133685,0.0013396253639556908,0.0006123547394610358,0.00040337245741654007,0.9962801883603685,0.0008352047338848659
5768,1,1,0.9979850325940637,0.9979850325940637,0.0003889909818676694,0.00035254049959855766,0.0003989686483352452,0.00032169663758918615,0.0005527706385458031
5769,3,3,0.9977832161559285,0.0004168675399043842,0.00045488255474559905,0.9977832161559285,0.0004162533617871833,0.0006010528138955993,0.0003277275737387241
5770,2,2,0.9963914533645505,0.0004261631017754314,0.9963914533645505,0.0005706408285276106,0.0006998384334444318,0.0009417104095596603,0.0009701938621421582
5772,2,2,0.996582128619699,0.00044146473404156936,0.996582128619699,0.0006312208782046735,0.0007147453141222696,0.000828456415145611,0.00080198403878687
5773,2,2,0.9971732981061168,0.00037737902033338716,0.9971732981061168,0.0004974289288200975,0.0005915145215411186,0.0007239863827694595,0.0006363930404191634
5775,1,1,0.9979573808014125,0.9979573808014125,0.00036142342717873383,0.0003306982504465494,0.0003803185949431143,0.00028042050860656255,0.0006897584174126392
5777,2,2,0.9969869034806668,0.0004172311570744336,0.9969869034806668,0.0005766043302521019,0.0006806096142774847,0.0006225614367021063,0.0007160899810270952
5779,1,1,0.9979819124142513,0.9979819124142513,0.00036998596864597845,0.00035694361081109455,0.000409858682291771,0.00030800129952503744,0.000573298024474802
5780,5,5,0.9964965147967902,0.00032864363118167354,0.0015713972062341357,0.0006169850921984374,0.0003124667033165719,0.9964965147967902,0.000673992570278987
5783,2,2,0.997258450640802,0.00035926544794253934,0.997258450640802,0.000469905334439151,0.0005439520673598276,0.0008034139759916134,0.000565012533464983
5784,3,3,0.997650883007629,0.0003974999662944228,0.00046382129900464884,0.997650883007629,0.0004122590402572663,0.0007671400042453996,0.00030839668256927986
5785,5,5,0.9966171251013106,0.0004023002348766456,0.0011432488529358532,0.0007576697870677814,0.00036693168897022514,0.9966171251013106,0.0007127243348389239
5786,1,1,0.9979779267248153,0.9979779267248153,0.00035539582943049797,0.0003389603742303772,0.0003974843003172051,0.0002884793490524343,0.0006417534221541904
5787,5,5,0.9965500317321109,0.00038433339499714626,0.0012974878491434825,0.0005697184629805867,0.0003631951941872007,0.9965500317321109,0.0008352333665808075
5789,6,6,0.9971569667415746,0.0009335735128545307,0.0005023336215853505,0.00044216698250224625,0.0005755329558043626,0.00038942618567891637,0.9971569667415746
5790,2,2,0.9968976497214569,0.00029229222910884077,0.9968976497214569,0.0005662732020858844,0.0005611748515182224,0.0010688944673651307,0.0006137155284650494
5791,6,6,0.9973333907700134,0.0007903072851230951,0.0005471639360323043,0.00040589746691463375,0.0004857497907262694,0.0004374907511902798,0.9973333907700134
5793,2,2,0.9970141652728247,0.00027462228909412714,0.9970141652728247,0.0006750765026110725,0.0005479695975831604,0.0008383718671411178,0.0006497944707457656
5794,6,6,0.9978067661899586,0.0005055145787416762,0.0005097568696472244,0.0003556008296156504,0.0003870206276909509,0.0004353409043459295,0.9978067661899586
5795,5,5,0.9961442903942568,0.0003760323012783186,0.0020362448432599796,0.0005185857314685321,0.0003482349967731587,0.9961442903942568,0.0005766117329632307
5796,6,6,0.9966178521912401,0.0008418908679713919,0.0008767305394915012,0.0005061440744522492,0.0005707987575867464,0.0005865835692579515,0.9966178521912401
5797,3,3,0.9978499436981922,0.00041961715783039904,0.00045691625314130753,0.9978499436981922,0.00048622160209291297,0.00046278704943295305,0.00032451423931023306
5800,3,3,0.9978002359897236,0.00043041213039614947,0.0004954818597905718,0.9978002359897236,0.00045961945247590286,0.0004617830893213335,0.0003524674782925618
5803,5,5,0.9961003700867328,0.0003673235712788473,0.0019254629797808684,0.0005728436883144956,0.0003732415154378001,0.9961003700867328,0.000660758158455214
5805,2,2,0.9972673734663344,0.00034899654845715986,0.9972673734663344,0.0004864468394737728,0.0005867433548538587,0.0007307649415944215,0.0005796748492863919
5806,5,5,0.9961252834082995,0.0005234805880482976,0.0012763059963563843,0.0007548662853202618,0.00044412288230037125,0.9961252834082995,0.0008759408396751036
5807,1,1,0.9979906114103205,0.9979906114103205,0.000359555067248615,0.0003674233751492741,0.000402061124455263,0.0003206429547650834,0.0005597060680612825
5811,6,6,0.9969113802984397,0.0011032019024926928,0.0005639641409447088,0.0004398494696630301,0.0005256641436451307,0.00045594004481476,0.9969113802984397
5812,1,1,0.9974735572452137,0.9974735572452137,0.00041683315034978424,0.00030685659918001885,0.00040855473924961453,0.0002863244842254917,0.0011078737817813435
5813,2,2,0.9971288693026732,0.0003034872246948861,0.9971288693026732,0.00048774720690833277,0.000538446980025318,0.001044863915174707,0.0004965853705235881
5819,3,3,0.9965279744776337,0.0004979874379839164,0.001061795284328029,0.9965279744776337,0.0005533576503086726,0.0006447645167110698,0.0007141206330345973
5821,2,2,0.9971260224997142,0.0003841006758956188,0.9971260224997142,0.0005207918478095937,0.0005915753306269673,0.0006896331765621186,0.0006878764693915901
5822,4,4,0.9976723389470767,0.0005029892579732353,0.0004225207788672218,0.0004918537254341022,0.9976723389470767,0.0002988933581954091,0.0006114039324533245
5824,1,1,0.9979022500262692,0.9979022500262692,0.00037002769219913215,0.00040379555619000717,0.0004393395687030907,0.00037070339581452374,0.0005138837608239986
5825,3,3,0.9978145816297406,0.0004438932430937597,0.00046938604605376374,0.9978145816297406,0.0004050003083842016,0.000533156994380702,0.0003339817783470332
5826,2,2,0.9972953717889484,0.00033855770636559147,0.9972953717889484,0.00048698269145831656,0.0005475123391830514,0.0007952655476926264,0.0005363099263519901
5827,2,2,0.9972451215756694,0.00036051834701184595,0.9972451215756694,0.0005095868528679753,0.0005978251414330172,0.0006757785420411438,0.0006111695409766471
5828,4,4,0.9976798829593121,0.00045164764459756424,0.00040126245334187326,0.0005695968830706746,0.9976798829593121,0.0002856921910592407,0.0006119178686185524
5829,3,3,0.9978618121552183,0.00041286581665718534,0.0004541173194799084,0.9978618121552183,0.0004347641474673683,0.00047381842774733195,0.00036262213343001926
5830,3,3,0.9977681383638403,0.00046560478753774,0.00048473773022008585,0.9977681383638403,0.00046762217746129095,0.00045798249544520863,0.0003559144454954019
5831,6,6,0.9953875841084843,0.0009549857065458385,0.0007189308311736336,0.0007096336710189679,0.001581310014611184,0.0006475556681661108,0.9953875841084843
5832,1,1,0.997985359375942,0.997985359375942,0.0003472110534959536,0.00030818366100653777,0.00036243989466151137,0.0003086671920439868,0.0006881388228498005
5834,3,3,0.997253859436226,0.0004863968470058569,0.0005845168049002395,0.997253859436226,0.0008193123120618338,0.00044456308740220785,0.0004113515124038826
5837,3,3,0.9977113590114707,0.000457211540656709,0.0005186780774649287,0.9977113590114707,0.0004452727121499263,0.000510593847800031,0.0003568848104577126
5839,1,1,0.997980256849115,0.997980256849115,0.0003504534985471156,0.00036059420399677867,0.00039665632232143235,0.00031155029351030385,0.0006004888325094591
5842,4,4,0.9976158196674595,0.0005175540019205119,0.00041835487583450503,0.0005009321057637932,0.9976158196674595,0.00029668066580127827,0.0006506586832205019
5843,4,4,0.9976306625926796,0.0005173440785055063,0.0004073464059040584,0.0005051853704459537,0.9976306625926796,0.00030146037722417803,0.0006380011752406918
5844,5,5,0.9901400457966348,0.00048329993788868606,0.003582682352310688,0.0009719112079147726,0.0010307551311678244,0.9901400457966348,0.00379130557408322
5845,1,1,0.9979673985495672,0.9979673985495672,0.00036330060360451944,0.0003613674394576932,0.0004270356195190286,0.000300027989447907,0.0005808697984035061
5846,1,1,0.997993909790897,0.997993909790897,0.0003675963394776787,0.00037240077110485293,0.0004039678359790755,0.00034097631501171793,0.0005211489475297347
5849,2,2,0.9970539292011702,0.0004183356060618427,0.9970539292011702,0.000519417727183431,0.0006353793863614147,0.0006417624388898468,0.0007311756403333295
5851,6,6,0.9978142563526587,0.0005549867488581938,0.000449677149475148,0.00040486158354437115,0.00041675626177283394,0.0003594619036907338,0.9978142563526587
5853,4,4,0.9976722591235931,0.0004911231809751138,0.00039847674274881323,0.0005468067314960376,0.9976722591235931,0.0002827717734697036,0.0006085624477171779
5856,4,4,0.9976055870101471,0.0004724909767844728,0.00042653835016623543,0.0005487186345750359,0.9976055870101471,0.00030013440085652486,0.0006465306274706939
5857,5,5,0.9964253552307113,0.0003364311497802152,0.001598659127358782,0.000649525974609366,0.0003896273070248995,0.9964253552307113,0.0006004012105154172
5858,3,3,0.9977277617110887,0.00043589904831747194,0.0004941883134723225,0.9977277617110887,0.000386450042120323,0.0006152988920353293,0.0003404019929658678
5859,3,3,0.9977823034851105,0.0004357769853271398,0.00048390051888458374,0.9977823034851105,0.0004406913999969111,0.0005051147377490518,0.00035221287293182065
5862,3,3,0.9978442926526832,0.00037668968296633706,0.00046888753963333403,0.9978442926526832,0.00046105360280502823,0.0005485139376015794,0.000300562584310618
5863,4,4,0.9976529637745437,0.0004710104934543387,0.00042428782005909737,0.000529516317050771,0.9976529637745437,0.00027938271539975295,0.0006428388794923792
5864,1,1,0.9979446860699134,0.9979446860699134,0.000383856644070979,0.00035563285767675003,0.0004095048581075123,0.00031217027786743085,0.0005941492923639904
5865,5,5,0.9958738545242428,0.0004897717667167244,0.0010396633151663103,0.0014919690811762956,0.0003956068193572899,0.9958738545242428,0.0007091344933405724
5866,6,6,0.9975296224689574,0.0005589017757047039,0.0005059108633334841,0.0004713051887460878,0.0005217064424468936,0.0004125532608114553,0.9975296224689574
5868,1,1,0.9978744263141867,0.9978744263141867,0.00035250580186935567,0.0004287927858579525,0.00045027181863772036,0.0003541849472463115,0.0005398183322019968
5870,3,3,0.9978268140863485,0.00041186407433472524,0.0004761894806315312,0.9978268140863485,0.00041455635343425285,0.0005363046392538623,0.00033427136599708135
5871,3,3,0.9978291690864248,0.00039797178496126423,0.00046935999074782225,0.9978291690864248,0.00043921505716609186,0.0005414994828362679,0.0003227845978638672
5872,3,3,0.9977181992901387,0.0004408615045178871,0.00045145957563418233,0.9977181992901387,0.0005042672173927571,0.0005364331739178008,0.00034877923839875903
5873,1,1,0.9980160778408522,0.9980160778408522,0.0003698772632592651,0.00033110746559936557,0.00039402887512567656,0.0002910829435026934,0.0005978256116608804
5875,5,5,0.9909554829031157,0.0006062157184990772,0.006794479227755851,0.0005972858477722591,0.00045732077322170633,0.9909554829031157,0.0005892155296353149
5878,1,1,0.9911976311826959,0.9911976311826959,0.004091293956914754,0.0008145126511550813,0.0010832979884052303,0.0006512454615753021,0.0021620187592537427
5879,2,2,0.9971929584341848,0.00037096523740337773,0.9971929584341848,0.0005126634115613881,0.0005648154405207851,0.0008368509335486671,0.0005217465427808297
5880,6,6,0.9976107229635828,0.0005387953321023964,0.0005722595578116216,0.0004861513613118784,0.00043037040494246683,0.00036170038024881373,0.9976107229635828
5881,4,4,0.9976021147487091,0.0004597579015039633,0.0004301852971321472,0.0005517644764000309,0.9976021147487091,0.0003061592134412446,0.0006500183628135238
5882,5,5,0.9963784842009399,0.0004996263319761422,0.0015733424851383964,0.0005607863438314607,0.0003762107527725295,0.9963784842009399,0.0006115498853416747
5885,1,1,0.9977595890971916,0.9977595890971916,0.00039597378025506557,0.00044820758313244695,0.00048128411187975677,0.0004155975596317587,0.0004993478679094284
5886,6,6,0.997699381684152,0.0006040497914868412,0.0005038685920966604,0.00036636560311889386,0.0004268972886965086,0.0003994370404491613,0.997699381684152
5888,3,3,0.997817878660539,0.0004360151029097744,0.0004990494964133308,0.997817878660539,0.00043663347207228146,0.0004881280207436725,0.00032229524732200137
5889,4,4,0.9975951965201537,0.0005195684255273075,0.00039598744153626706,0.0005568120177174381,0.9975951965201537,0.00029946565836730507,0.0006329699366979641
5890,4,4,0.9976696968722165,0.0004852402779846677,0.00042751221564067536,0.0005134152322736424,0.9976696968722165,0.0003072528817983307,0.000596882520086178
5891,2,2,0.997169755185426,0.00037447783736713214,0.997169755185426,0.0005065735704851547,0.0005735637171755441,0.0008368753164422806,0.0005387543731039654
5893,5,5,0.9967082337985403,0.0003666147675056241,0.0013630538630607643,0.0006155547787581831,0.00032568698370307066,0.9967082337985403,0.0006208558084320182
5894,2,2,0.9956142302869474,0.00045531942115514595,0.9956142302869474,0.0006219177202636707,0.000712527823472642,0.0007628409449056035,0.0018331638032555407
5895,1,1,0.9977164445730458,0.9977164445730458,0.0003191282706290569,0.00034258336535047094,0.00043805756923360735,0.000268425328594559,0.000915360893146533
5897,5,5,0.9955887376046136,0.0003378898808198859,0.0027529338651317353,0.0004887227348776564,0.00033968774098222694,0.9955887376046136,0.0004920281735748059
5898,6,6,0.997780964392347,0.0005613143941106193,0.0004734331383099458,0.0003979705740988277,0.00040273239725082126,0.0003835851038828297,0.997780964392347
5900,4,4,0.9976412049746737,0.0004635183136858246,0.0004016940944348627,0.0005174244866215192,0.9976412049746737,0.0003106361252518309,0.0006655220053323248
5901,3,3,0.9915719147486605,0.0008826572447560413,0.0018182675190255937,0.9915719147486605,0.0008137213789787448,0.0014664007654295846,0.0034470383431495777
5903,4,4,0.9976419594477172,0.00047149965213077576,0.0004014192638816949,0.0005270619449783875,0.9976419594477172,0.0003074782476844277,0.0006505814436075697
5904,3,3,0.9978498067686742,0.0004123231565788743,0.0005110734413370773,0.9978498067686742,0.00041519320167159827,0.0005000213783056463,0.0003115820534325857
5907,5,5,0.9962565278404809,0.0004702563453946327,0.0013331531415184809,0.0007654726610602958,0.00039829986483202925,0.9962565278404809,0.0007762901467137006
5908,1,1,0.9979488377321456,0.9979488377321456,0.00033683114869898623,0.0003190577302570046,0.0003861090565473557,0.000274472698712645,0.000734691633638537
5909,4,4,0.997625248259985,0.000450623493271261,0.0004214844775420216,0.0005355173839865078,0.997625248259985,0.0003104274085293793,0.0006566989766858378
5910,1,1,0.9978286669864205,0.9978286669864205,0.00037134440450001266,0.00040510997429326587,0.00043505371590825935,0.0003956922064196515,0.0005641327124583114
5911,3,3,0.9978610151539143,0.00038944647624813685,0.0004790748588711424,0.9978610151539143,0.0004041392820571167,0.0005569534439119364,0.0003093707849974046
5913,3,3,0.9977084899278647,0.0004628986614494697,0.0005007288071869826,0.9977084899278647,0.0004758697430204487,0.00048718024745208127,0.0003648326130263269
5915,5,5,0.9965316104807055,0.00046265364290220786,0.0014278419926981093,0.0005865431417142659,0.00037312668557329566,0.9965316104807055,0.0006182240564067124
5916,4,4,0.9976616413191034,0.0004786364696738079,0.0004139277741766508,0.0005267393646630394,0.9976616413191034,0.0002793028060522624,0.0006397522663308819
5918,2,2,0.9972444982363194,0.0003675063418920336,0.9972444982363194,0.0005096509201344927,0.0005807033749972201,0.0007154799409356317,0.0005821611857211795
5919,3,3,0.9977850590502912,0.0004049668946788552,0.0004909331169066864,0.9977850590502912,0.0005255964763487434,0.0004502420342303338,0.00034320242754394694
5920,6,6,0.9969695818465037,0.0008296032997898454,0.0007203619039475303,0.00047262202274903737,0.0005826321089163413,0.00042519881809347947,0.9969695818465037
5922,5,5,0.996632364282236,0.00040787515281320017,0.0012115002209948944,0.0006716517160631179,0.0003736913080860994,0.996632364282236,0.0007029173198066349
5924,3,3,0.9978492328806975,0.00042114049137483516,0.0004563267607052532,0.9978492328806975,0.0003927799725523467,0.0005597327292389427,0.0003207871654311474
5925,5,5,0.996645236680612,0.00038243625130423274,0.0011741406802114151,0.0007815020814998565,0.0003530803245018704,0.996645236680612,0.0006636039818706685
5926,3,3,0.9978423078556206,0.00039303746770542446,0.000472720970728088,0.9978423078556206,0.00046794581740224555,0.0004752763455448807,0.00034871154299875173
5928,4,4,0.9976508924254365,0.0005152385998174535,0.00040580293267907923,0.0005116769895647221,0.9976508924254365,0.00029777987811863545,0.0006186091743836081
5929,4,4,0.9976501484639001,0.00047769019185742645,0.00042829039472865195,0.0004953854091789239,0.9976501484639001,0.0003009738760990321,0.0006475116642358549
5930,5,5,0.9964076413521833,0.0004409196057779304,0.0014082191555956963,0.0006564402996930539,0.00039756272934296635,0.9964076413521833,0.0006892168574070289
5931,3,3,0.9978508686165767,0.0003721308796331701,0.0004678627760183394,0.9978508686165767,0.000399040571602214,0.0006019497364361753,0.000308147419733532
5932,3,3,0.9977488871698224,0.00044954779964415987,0.0005189177299926911,0.9977488871698224,0.0004512954553080416,0.00045333234479742675,0.00037801950043537906
5934,3,3,0.9978271449411518,0.0003983424999097618,0.0004690619373760147,0.9978271449411518,0.00039248782696716094,0.0005893555665993666,0.0003236072279959714
5935,5,5,0.9966651383163379,0.0003643492230093286,0.0014975289818939268,0.0006389831458728527,0.0003325488037632281,0.9966651383163379,0.0005014515291228018
5937,1,1,0.9978722870312082,0.9978722870312082,0.00039095279417494924,0.0003835883605203039,0.00044777348599855406,0.0003568637376630016,0.0005485345904349637
5938,2,2,0.9963097758943505,0.0003355494562479483,0.9963097758943505,0.0007286793834967746,0.0006643980468469077,0.0011380520414406934,0.0008235451776171746
5939,2,2,0.9972249955706308,0.00035379548741430234,0.9972249955706308,0.0005091908711614178,0.0005868082801227332,0.0006539442943227214,0.0006712654963480379
5940,3,3,0.997749335629515,0.0004605742336105341,0.00048432633405565893,0.997749335629515,0.00041240826985823874,0.0005376135530643472,0.00035574197989630263
5942,3,3,0.9963540043221514,0.0005329490576630781,0.0006807323568915481,0.9963540043221514,0.0010361216400915784,0.0006040250865827127,0.0007921675366197414
5943,4,4,0.9976303782409246,0.00048316032454345814,0.00038229293626205807,0.0005490881852938405,0.9976303782409246,0.0003063545217820878,0.0006487257911940226
5944,3,3,0.9974142754237896,0.0005154286855672139,0.0005639436089315652,0.9974142754237896,0.00052142384207587,0.0005081437054433172,0.0004767847341925604
5945,1,1,0.9979929981161807,0.9979929981161807,0.0003344874549258542,0.0003667527803162726,0.00041766376806108357,0.0002995759216275776,0.0005885219588885359
5946,4,4,0.9975719550322296,0.0005350724992716491,0.00041862281162991714,0.000542449272186552,0.9975719550322296,0.0003076367567034496,0.0006242636279788608
5947,1,1,0.9979244081995318,0.9979244081995318,0.00037699971276959366,0.00038690569584491256,0.0004349145577895782,0.0003497200532605223,0.0005270517808037322
5949,2,2,0.9972905138845808,0.0003375620946127076,0.9972905138845808,0.00047743784260916456,0.0005426793477991266,0.0008208741962821629,0.000530932634116073
5950,4,4,0.9975637356594941,0.0005082736687773713,0.00044896355382027185,0.0005316301915833419,0.9975637356594941,0.00030844973426517256,0.0006389471920598025
5952,2,2,0.9968913086910624,0.00034287311312799937,0.9968913086910624,0.0004385098009105712,0.0005710130626146959,0.0007967410033636522,0.0009595543289208164
5954,6,6,0.997875715639624,0.000536377206009319,0.0004353290533597549,0.0003761198117309214,0.00038610079601492586,0.00039035749326110663,0.997875715639624
5955,4,4,0.9976192098510936,0.0005192594282377356,0.00041171712406714016,0.0005298631190740442,0.9976192098510936,0.0003055874617854747,0.0006143630157419734
5957,3,3,0.9977645590895425,0.00046567017986589275,0.0004945372207388926,0.9977645590895425,0.00045994437973580297,0.0004928373824654716,0.0003224517476514898
5959,5,5,0.9956847496722908,0.0004223721148671414,0.0012249484205960524,0.0016966015512440756,0.00036475721817630217,0.9956847496722908,0.0006065710228256026
5960,4,4,0.9976869946695833,0.00047067856075191114,0.00041765638685348395,0.0005424119949393082,0.9976869946695833,0.00027600347294232043,0.0006062549149296209
5961,3,3,0.9978083816282105,0.00043983250985781035,0.0005096011923616077,0.9978083816282105,0.0004487196543290466,0.0004705984850318116,0.0003228665302092471
5962,1,1,0.9979082384880081,0.9979082384880081,0.0003613482418126853,0.0003968251709935306,0.00045376853263020124,0.00034429686045436483,0.0005355227061011842
5964,1,1,0.9978304751005047,0.9978304751005047,0.00039401419681694044,0.00041290974053342233,0.0004463725067113992,0.000372350966398028,0.000543877489035462
5965,4,4,0.9976556604829332,0.000467038232848339,0.00039888622755053786,0.0005457155805435759,0.9976556604829332,0.00030338820411544474,0.0006293112720089147
5966,5,5,0.9947138784483354,0.0002927454293177036,0.003083533019225057,0.0005749025354905525,0.0002839340406049432,0.9947138784483354,0.0010510065270263882
5967,4,4,0.9976682290204006,0.0005006687245626892,0.00040896686010806347,0.00047644904018348647,0.9976682290204006,0.00029027110498917993,0.0006554152497560232
5968,4,4,0.9975432182484282,0.0005323008531057821,0.0004927038111017472,0.0004763071204350101,0.9975432182484282,0.000319312734862932,0.0006361572320663114
5969,4,4,0.9976689420694188,0.0005011283893627689,0.0003934777130105083,0.0005322140748852502,0.9976689420694188,0.00029295276044333186,0.0006112849928793876
5970,5,5,0.9960360649703393,0.0003662745992732694,0.0020219640776670033,0.0005882570124049758,0.00036231406290145637,0.9960360649703393,0.0006251252774140571
5972,2,2,0.9965345049333049,0.0002990072425080087,0.9965345049333049,0.0006723359008542884,0.0005810181363830759,0.0012464873366024923,0.0006666464503473338
5973,2,2,0.9972940982161586,0.0003292069891160688,0.9972940982161586,0.0004831342809339691,0.0005611228910839964,0.0007726098521949076,0.0005598277705124642
5975,5,5,0.9961609370203437,0.0005358375880819394,0.001373563759848876,0.0007328457380873701,0.00042961709753571115,0.9961609370203437,0.000767198796102457
5976,3,3,0.9978040460403935,0.00040111685467772234,0.0004983555695319851,0.9978040460403935,0.0005037811052836054,0.00045679285738566455,0.00033590757272755005
5977,6,6,0.9970376428288231,0.0007095151768684646,0.000606487559497639,0.00048174126699393395,0.0006051137422934758,0.0005594994255233651,0.9970376428288231
5981,5,5,0.996389137976056,0.00044244274052019944,0.001114934319452401,0.0009831783702636088,0.0003682252962448917,0.996389137976056,0.0007020812974629386
5983,2,2,0.9969099524361711,0.0004528254667066861,0.9969099524361711,0.0005251013980065454,0.0006605659384636353,0.0006227918427177783,0.0008287629179343216
5984,6,6,0.997672352913434,0.0005990025081408892,0.0004394579330961953,0.0004802455534302643,0.00042548920078800317,0.0003834518911106497,0.997672352913434
5985,2,2,0.9968894299271405,0.000385268481701559,0.9968894299271405,0.0005911713337137912,0.0006655483856445419,0.000606428376814663,0.0008621534949849799
5989,5,5,0.9959045953905353,0.0003344244517086852,0.001566724689577681,0.0005534974463761919,0.0003242802827952801,0.9959045953905353,0.001316477739006887
5990,5,5,0.9966070779034288,0.0004212685876148097,0.0011460073231679012,0.0008481226653586367,0.0003615938089854181,0.9966070779034288,0.0006159297114443646
5993,6,6,0.9973525192037145,0.0005105458163283905,0.0006187566560913921,0.0003975609586568452,0.00038687857190029796,0.0007337387933085907,0.9973525192037145
5996,5,5,0.9963299152751759,0.0004458387342464578,0.0010982923612616353,0.0008451355563881494,0.00038408788867244496,0.9963299152751759,0.0008967301842554299
5997,2,2,0.9966016148711396,0.0003980612515289778,0.9966016148711396,0.0006461880618538677,0.0007341127156617992,0.0008621450685238972,0.0007578780312918819
5998,2,2,0.9969425242408455,0.0002882311949685019,0.9969425242408455,0.0005662058514091246,0.000555217351586011,0.0011269897759213507,0.0005208315852694556
5999,2,2,0.9971925528481616,0.00036511350160725007,0.9971925528481616,0.0004876900304017754,0.0005691959956266703,0.0007332420432475219,0.0006522055809552954
6002,3,3,0.9977078431997752,0.00047016999424076057,0.000505632254932057,0.9977078431997752,0.00047788984347257657,0.00045511891922499117,0.0003833457883544349
6003,5,5,0.9946721830442184,0.0007940528372934137,0.001432398192653911,0.0018970664868967339,0.000316355834166043,0.9946721830442184,0.0008879436047714098
6004,1,1,0.9979009871674069,0.9979009871674069,0.0003798451018027902,0.0003466581486427321,0.0003958580879182868,0.00028268367857931073,0.0006939678156499585
6005,5,5,0.996595971369531,0.0003998754277326993,0.0012531540445770172,0.0008151062100054628,0.00035311386992281993,0.996595971369531,0.0005827790782310508
6007,1,1,0.9978995569643752,0.9978995569643752,0.00039547771193100404,0.00036597533641570204,0.00040708373634072936,0.00035519580250496704,0.0005767104484324454
6008,5,5,0.9893203407699536,0.0009058241330538223,0.001803257283021119,0.006643552884307429,0.0006250484372475991,0.9893203407699536,0.0007019764924164109
6010,3,3,0.9977474032428081,0.0004430344745756991,0.0005000377631529141,0.9977474032428081,0.0004580719005304552,0.000495640407018278,0.00035581221191454353
6011,5,5,0.9928463886051495,0.0003470827799352491,0.005142124624387486,0.0004090444249813259,0.00041387379799381435,0.9928463886051495,0.0008414857675526602
6013,2,2,0.9966665266810206,0.0004615342933459221,0.9966665266810206,0.0007446363718236709,0.0007628832518118293,0.0006465827695399704,0.0007178366324579466
6014,2,2,0.9968542310963715,0.00028449854837314897,0.9968542310963715,0.0004714608607491818,0.000526596313920582,0.0013057543540829404,0.000557458826502475
6015,4,4,0.9976515816072905,0.0005007909800479504,0.0004331683210207615,0.00048487296099921837,0.9976515816072905,0.0003005171145434894,0.000629069016098024
6016,5,5,0.996354777457302,0.00039213579867176376,0.001728888646532636,0.0005746371226199454,0.0003712689933748543,0.996354777457302,0.0005782919814987197
6020,6,6,0.9978366670456847,0.0004745908747449477,0.000501034382734444,0.0003762161134615069,0.00039896107750739246,0.00041253050586691876,0.9978366670456847
6021,1,1,0.9979909272638271,0.9979909272638271,0.00034750898964368266,0.00036506692452314846,0.00039531162757732325,0.0003395256336814247,0.0005616595607474139
6022,1,1,0.9979577228324533,0.9979577228324533,0.00034642551895766496,0.00037079791099327915,0.0004217317106044119,0.0003257611587099176,0.000577560868281415
6023,2,2,0.9971655950888001,0.0003276253136820965,0.9971655950888001,0.0004547789714000627,0.000553340121164083,0.000932404393654009,0.0005662561112996566
6028,6,6,0.9974014303320947,0.0007152398721394536,0.0005535635611422246,0.00039358700107749344,0.00048180216235255954,0.00045437707119353577,0.9974014303320947
6029,4,4,0.9976165691548333,0.0005068373485947568,0.00043365241705913953,0.0004906337321356495,0.9976165691548333,0.0003010131305632225,0.0006512942168139618
6030,6,6,0.9978675088722939,0.0005459308980601972,0.0004610803937606803,0.0003454961267328807,0.00037899795489755085,0.00040098575425475395,0.9978675088722939
6031,1,1,0.9979848297848711,0.9979848297848711,0.00034939820050926377,0.0003798993077863183,0.0004092462734901256,0.0003360389303081962,0.0005405875030349349
6032,2,2,0.9965419258800065,0.00043131786885318495,0.9965419258800065,0.0006725262559017645,0.0007799015796647572,0.0008879115997677996,0.0006864168158060918
6033,6,6,0.9976396622223432,0.0006553011521151011,0.0005457677795698043,0.00037217879664682276,0.0003732896025507186,0.0004138004467742778,0.9976396622223432
6034,3,3,0.9951690033996003,0.0007320814327092004,0.0007647632305138073,0.9951690033996003,0.0006956100250667059,0.0006215607403337728,0.0020169811717761724
6035,6,6,0.9976668873114536,0.0006218190115917208,0.0005048434489642363,0.00038317693126197475,0.0004204498260494862,0.0004028234706789514,0.9976668873114536
6036,1,1,0.997344316909731,0.997344316909731,0.0003521777987055067,0.0003460848244765491,0.00041101608152690545,0.00026107166243916687,0.0012853327231208472
6038,1,1,0.9980541468538042,0.9980541468538042,0.0003508318914406844,0.00031463245980394705,0.0003689542354872352,0.00031729406330710866,0.000594140496156831
6040,6,6,0.9971919554802938,0.00062442884613698,0.0006654888207677836,0.00041838635965254936,0.00043162598303152943,0.0006681145101173359,0.9971919554802938
6041,3,3,0.9978190196425504,0.0004148894816208611,0.0004815990747700236,0.9978190196425504,0.00043105674793068513,0.0005482221422249251,0.0003052129109031744
6042,3,3,0.9978475106600578,0.0004081956968789244,0.00047457792218845804,0.9978475106600578,0.00041376154226044473,0.0005362535926707427,0.00031970058594360203
6043,3,3,0.9978801084644519,0.0004061652609828544,0.000480855673092124,0.9978801084644519,0.00044779686466642937,0.00048647632128614586,0.0002985974155206162
6044,3,3,0.9978639699521822,0.0004089086230444959,0.00048080274013677956,0.9978639699521822,0.0003849333817602146,0.000552488852148285,0.0003088964507280313
6046,3,3,0.9977705748193805,0.00046618130054970993,0.0004887289963461219,0.9977705748193805,0.0004513465847724554,0.0004676096873126232,0.0003555586116385614
6047,1,1,0.9979051384656104,0.9979051384656104,0.00037339303649981757,0.0004009303242697513,0.0004244600436763269,0.00035433960264766106,0.0005417385272960583
6053,5,5,0.9962444204518962,0.0004851671352272922,0.0013135722705301842,0.0006171382202660869,0.0003646051590656106,0.9962444204518962,0.0009750967630146283
6054,1,1,0.9978655767260779,0.9978655767260779,0.0003597677866031127,0.0004124457112960559,0.0004561297389105401,0.0003695581098745123,0.000536521927238002
6055,1,1,0.9977169319216875,0.9977169319216875,0.0004223525371859287,0.00042518247698617926,0.00044110611249967914,0.0004511859031171353,0.0005432410485235099
6056,3,3,0.9978207807147825,0.0004278555546632691,0.0004972203384977924,0.9978207807147825,0.0004608427358927403,0.00046530528409574276,0.00032799537206801207
6057,5,5,0.9964820796906563,0.00038042749771154,0.001299387239057822,0.0005875807518139236,0.0003538398694662355,0.9964820796906563,0.0008966849512942284
6059,1,1,0.9978383857228634,0.9978383857228634,0.0003350710838964708,0.0003338655158460605,0.0004429174886192362,0.00029124184731862875,0.0007585183414561485
6060,5,5,0.9944542042547179,0.0003297948857971798,0.0029308183561331798,0.0006117064617424017,0.00028342762357635233,0.9944542042547179,0.0013900484180330733
6061,6,6,0.9975511650018882,0.0006763544663734082,0.0005474149485717074,0.0004054438120479971,0.00040090163533686515,0.00041872013578184245,0.9975511650018882
6067,5,5,0.9959863924980302,0.00039024609931538097,0.0014173820246267514,0.0012691566831911755,0.00031308599564347847,0.9959863924980302,0.0006237366991929776
6068,1,1,0.9980233492918388,0.9980233492918388,0.0003498785226947357,0.00035208482578230523,0.0003929670620372937,0.0002989021471342926,0.000582818150512632
6070,4,4,0.9976484277636386,0.0004703713976482841,0.00043155000154697045,0.000518002203173375,0.9976484277636386,0.0002989397937502261,0.000632708840242575
6071,2,2,0.9970743053150245,0.00040320356964782645,0.9970743053150245,0.0005349981624247105,0.0006131394977534692,0.000653320651105596,0.0007210328040439005
6073,2,2,0.9971392798007472,0.0004106698972005171,0.9971392798007472,0.0005295114533129917,0.0006355073651722508,0.000649757414686864,0.0006352740688801491
6074,3,3,0.9978989834079418,0.0004001302775406349,0.00044222498305989283,0.9978989834079418,0.0003969127325163388,0.0005292349046488599,0.00033251369429256674
6075,6,6,0.9973135709558428,0.000967432174268388,0.00044503852208336447,0.0004706980600308803,0.0004090080959633144,0.00039425219181120043,0.9973135709558428
6076,4,4,0.9975903010723693,0.0004642757374301391,0.00043068962211038827,0.0005779503939629747,0.9975903010723693,0.0003041597730550882,0.0006326234010720273
6078,4,4,0.9972861767230012,0.00045838750154135775,0.0004432118333808116,0.0008309397764570715,0.9972861767230012,0.0003070395832249063,0.0006742445823945874
6079,2,2,0.9968979424533851,0.00037844668508936295,0.9968979424533851,0.0007013845070967883,0.0006433967543431518,0.0006601741231820641,0.0007186554769035078
6080,1,1,0.9980118529665939,0.9980118529665939,0.00035797157858656733,0.0003598362903781351,0.0003939939477387189,0.0003172095044381495,0.0005591357122645166
6082,1,1,0.9979588576497606,0.9979588576497606,0.0003696150518832148,0.0003563494974008036,0.000397776470051925,0.0003216909403871732,0.0005957103905163173
6083,2,2,0.9965282556541508,0.00036559129060467137,0.9965282556541508,0.0006093975532314408,0.0006659350576561642,0.0009560832879720773,0.0008747371563848225
6084,4,4,0.9976402158194027,0.0004863990293816085,0.00042724977439321176,0.0005228840555761397,0.9976402158194027,0.0003040833579113184,0.0006191679633350591
6085,4,4,0.997455524894439,0.00044420267833284024,0.0004566441873483211,0.0005544003728636494,0.997455524894439,0.00031962009563583997,0.0007696077713803351
6086,3,3,0.9978326657935533,0.00044497129385735447,0.000485539906913056,0.9978326657935533,0.00043908778020069355,0.0004748737610357383,0.000322861464439809
6088,2,2,0.9970816803886794,0.0003781511138991435,0.9970816803886794,0.0005368512909133617,0.0006029571561392078,0.0006605033511161994,0.000739856699252655
6089,1,1,0.997970654397508,0.997970654397508,0.00034487015111149473,0.0003605109863717138,0.0004152557578757398,0.00031492943959781044,0.0005937792675353586
6090,2,2,0.9968211892802755,0.00040213136047175955,0.9968211892802755,0.0005973156802985258,0.0006934470316143364,0.0007648196955519853,0.0007210969517879089
6091,2,2,0.9971115571439788,0.0003192604048097598,0.9971115571439788,0.00046848310656561897,0.0005583356823173096,0.0009121397726808056,0.0006302238896476437
6092,4,4,0.997581712340993,0.0004834515523287539,0.0004704327963338469,0.0005087027660434715,0.997581712340993,0.00030013866924945916,0.0006555618750514108
6093,2,2,0.9968898839534235,0.0003911407932643446,0.9968898839534235,0.0005521546010482303,0.0006784699824838115,0.0006438881169619298,0.0008444625528183297
6095,3,3,0.997819080740712,0.00038291553564739265,0.0004960524446420388,0.997819080740712,0.00041231855040141206,0.0005874936435607489,0.0003021390850365114
6096,2,2,0.9967301084040465,0.0004463250359263504,0.9967301084040465,0.0006346692625751909,0.0007497558665808618,0.0006331563292045068,0.0008059851016665738
6099,5,5,0.9965816760592139,0.00042915449460667127,0.0013317477823911793,0.0006146381140147649,0.00039527289397424105,0.9965816760592139,0.000647510655799313
6100,5,5,0.9962671952445342,0.0003906848182471395,0.0017106058143409723,0.0005062594103135204,0.0002926625705808505,0.9962671952445342,0.0008325921419833178
6101,1,1,0.9979216259789845,0.9979216259789845,0.000346993584101011,0.0003847093536620892,0.0004336274201758857,0.0003275480638912984,0.0005854955991852178
6102,4,4,0.9976793400645968,0.0004995377605126408,0.000398263568300862,0.0005335692162454551,0.9976793400645968,0.000286137053263337,0.0006031523370809936
6103,2,2,0.9968160440620091,0.0003441808614852908,0.9968160440620091,0.000526219402938408,0.0005946634593492115,0.0008797671280160575,0.0008391250862020378
6104,6,6,0.9976218492018999,0.0005669927425750726,0.0005274681686167209,0.000377431401109781,0.00044945756180157147,0.00045680092399694476,0.9976218492018999
6106,4,4,0.9976448311892517,0.0004869721836935217,0.0004181117648567787,0.0005240191766884259,0.9976448311892517,0.00029782464531265734,0.0006282410401968805
6107,6,6,0.9977978326227358,0.0005296587985220396,0.0005020319878533596,0.0003810973085353766,0.0004223964582741764,0.0003669828240792378,0.9977978326227358
6109,2,2,0.9973205619261413,0.0003230205908031769,0.9973205619261413,0.00047669584331042113,0.0005276297921362646,0.0008049529994820861,0.0005471388481267337
6110,1,1,0.9977756266903587,0.9977756266903587,0.00033072790077280775,0.0003727143676812337,0.00046834178503050587,0.0002933095420459426,0.0007592797141106482
6113,1,1,0.9979620728916543,0.9979620728916543,0.00035853279185993803,0.0003718333306884789,0.00040714768838468845,0.0003339218633826963,0.0005664914340299266
6115,3,3,0.9978375585434605,0.00039010696932603343,0.00046936440863632004,0.9978375585434605,0.0004322041739069041,0.0005541463950049199,0.00031661950966534413
6116,3,3,0.9977944686254362,0.0004118088725629701,0.00048493545378935606,0.9977944686254362,0.0004977527817360332,0.0005173855870303419,0.0002936486794451328
6117,2,2,0.9955987429886873,0.00040445023628168393,0.9955987429886873,0.0006636675346481546,0.0007645989151071313,0.0007280663337625284,0.0018404739915131771
6118,3,3,0.9978460272112478,0.0004049172938383251,0.0005043727096924248,0.9978460272112478,0.00042784273079143686,0.000505967366802555,0.0003108726876274717
6122,2,2,0.9973150005086925,0.00030170114340807565,0.9973150005086925,0.0004712687547193228,0.0005339529712872208,0.0008568951115686703,0.0005211815103241793
6123,4,4,0.9975494464244011,0.00044541786780393004,0.00045209082376624905,0.0005772698151775804,0.9975494464244011,0.0003316043888885358,0.0006441706799625332
6124,1,1,0.9978209131116014,0.9978209131116014,0.00041472194553074707,0.0004231646481113262,0.0004525482007282165,0.00038918708414053475,0.0004994650098878883
6127,1,1,0.9978421459850413,0.9978421459850413,0.00038399110662313716,0.00042511886748097984,0.00045585155425119394,0.000388094194043058,0.0005047982925603322
6130,4,4,0.9975432065748828,0.00045417996360169673,0.0004380790534289441,0.0005198248536947706,0.9975432065748828,0.0003224607272459589,0.0007222488271457566
6132,5,5,0.6513775091131487,0.0014110084374264248,0.32739240434204664,0.01573750400884898,0.001762081896024152,0.6513775091131487,0.0023194922025051167
6135,2,2,0.9973023198154858,0.0003566003828109467,0.9973023198154858,0.00046655900957835776,0.0005660068180621052,0.0007103620364720078,0.0005981519375908037
6137,4,4,0.9976052832356861,0.0005091400054300983,0.00043149121248016876,0.0005286842186529407,0.9976052832356861,0.0003002651447144534,0.000625136183036198
6138,6,6,0.9969885404458433,0.0008016553039695868,0.0006942795212922785,0.0004769245020292213,0.0004987460290529242,0.0005398541978127258,0.9969885404458433
6139,4,4,0.997638479188392,0.0004826111326951136,0.00039429733316099163,0.000573877894223901,0.997638479188392,0.0002999342732703534,0.0006108001782576115
6140,2,2,0.9939051889221647,0.0003224357988711613,0.9939051889221647,0.000550182337664301,0.0005811784428992741,0.004112993623062891,0.0005280208753374361
6143,4,4,0.9975733473369888,0.00046094162086878166,0.00042594592256697984,0.000559641531499053,0.9975733473369888,0.00030624381410651683,0.0006738797739699552
6144,3,3,0.9955008793595739,0.0005120722981318934,0.0019531459865880837,0.9955008793595739,0.0006281853938340339,0.000633812793496704,0.0007719041683753854
6145,5,5,0.9961185616221571,0.0003495059265398825,0.0019764562922335825,0.0005500546046905308,0.00035089426658658536,0.9961185616221571,0.000654527287792375
6146,3,3,0.9977260759005099,0.000492220188414784,0.0004988432310463531,0.9977260759005099,0.0004754839134112496,0.00046275517786563864,0.0003446215887521447
6147,2,2,0.9965193423320194,0.00039530886589626715,0.9965193423320194,0.0005839077728271881,0.0006800838267571479,0.0008598130792868975,0.0009615441232130274
6148,3,3,0.9975689190576816,0.0005025032529508431,0.0005179908583919212,0.9975689190576816,0.0005058294719692588,0.0005028613465284941,0.00040189601247780796
6149,5,5,0.9961248437647534,0.0003683576357531047,0.0018779969207363449,0.00046911206195840606,0.00032784219660634813,0.9961248437647534,0.0008318474201923883
6150,3,3,0.9973419903705094,0.0005972354912761586,0.0005722767432792847,0.9973419903705094,0.0006444625126066428,0.00042182838267030263,0.00042220649965815605
6151,6,6,0.9975443979142719,0.0006232208999086567,0.000563439766528476,0.0004105477041578596,0.0004726850837691506,0.0003857086313640311,0.9975443979142719
6152,4,4,0.9976280971828951,0.0004889270371665514,0.0004186290293896166,0.0005448591313736509,0.9976280971828951,0.0002760158563211724,0.0006434717628538853
6153,1,1,0.9973783261982856,0.9973783261982856,0.0003403804651769213,0.00029259552734129713,0.0003746701608692107,0.0002862682092274337,0.001327759439099565
6154,6,6,0.9974409425706962,0.0008303826395416569,0.0005188345137850606,0.00038412746248687725,0.00044773682397196364,0.00037797598951831056,0.9974409425706962
6155,2,2,0.9949879186883239,0.0002406604506014903,0.9949879186883239,0.0004637283640999507,0.0004957114932346657,0.0032840141441530884,0.0005279668595869029
6156,3,3,0.9978310496595831,0.0004153683852645641,0.000501384087056699,0.9978310496595831,0.0004144995777150894,0.0005223672503888062,0.0003153310399917272
6157,4,4,0.9976003372358957,0.0005395310950813534,0.00040837704571431755,0.0005122429954760736,0.9976003372358957,0.0002934182587232453,0.0006460933691093638
6158,1,1,0.9978850724271795,0.9978850724271795,0.0003314405596427761,0.00033747005783110566,0.00039105512313871766,0.0003027711356937358,0.000752190696514185
6160,6,6,0.9970252017948571,0.0006795898730185147,0.0007418396491538348,0.0004747198302001443,0.0004812062882706572,0.00059744256449973,0.9970252017948571
6162,1,1,0.9978948127763875,0.9978948127763875,0.0003744706005402667,0.00032765234583176725,0.0003799195651386934,0.00032735874639328987,0.0006957859657082999
6165,5,5,0.9963666592401964,0.0003821962896137029,0.0017511301663988518,0.0005968133571527097,0.00034023825602087554,0.9963666592401964,0.000562962690617499
6168,4,4,0.997573006837683,0.0004475397554925584,0.00041729735623214075,0.0006129081740656418,0.997573006837683,0.0003049572771387246,0.000644290599387923
6171,5,5,0.996231248173464,0.0005299114221110288,0.001144318364546315,0.0009426592058521493,0.00039047031514352344,0.996231248173464,0.0007613925188829923
6173,6,6,0.9977864355749405,0.0005192055421573073,0.0004947908036440841,0.00041422912818692197,0.00041743118992692635,0.0003679077611442069,0.9977864355749405
6174,4,4,0.9975998663507214,0.00046295836996097686,0.00041999838188587057,0.0005234970419392603,0.9975998663507214,0.00031449193594802,0.000679187919544484
6178,1,1,0.9979401415399124,0.9979401415399124,0.000345552416923411,0.0003817912310388183,0.000422983401365966,0.00031176245764811904,0.0005977689531115128
6179,3,3,0.9973844805053975,0.0005055249721997243,0.0005750267148980597,0.9973844805053975,0.0005447146718921771,0.0005432786308730489,0.000446974504739535
6180,1,1,0.9980430979474871,0.9980430979474871,0.00035127678581207045,0.00033050215070632946,0.00037760213277571495,0.0002875944300532103,0.0006099265531655638
6181,2,2,0.9971052289834248,0.00029023656614967004,0.9971052289834248,0.000503075507820534,0.0005365215149683183,0.000991922850741103,0.0005730145768955698
6182,2,2,0.9968615367356491,0.00042739104265212787,0.9968615367356491,0.0005446707726063991,0.0006467185187417774,0.0006394845873512068,0.0008801983429993416
6185,6,6,0.9976963381676481,0.0005082726701644134,0.0005124384178250058,0.00047912326316517615,0.00040819964409627787,0.00039562783710101395,0.9976963381676481
6186,1,1,0.997779579882339,0.997779579882339,0.0003708724363986795,0.0004105015472496987,0.0004530934277814086,0.0004267893590173818,0.0005591633472137862
6189,5,5,0.9961838130241544,0.0003642609810078183,0.0015091921674648967,0.0005517792890233951,0.0003470142256951134,0.9961838130241544,0.0010439403126544541
6190,5,5,0.9964746825017263,0.000442464690074949,0.0012169863320637194,0.0007745863980114858,0.0004025432278032919,0.9964746825017263,0.0006887368503202481
6191,4,4,0.9977000503808675,0.0004847929302848758,0.0003943803371260284,0.0004950877701774811,0.9977000503808675,0.00028963332145105216,0.0006360552600930731
6192,6,6,0.997374179678614,0.0005076544489482145,0.0005724816598592092,0.0005127022755239541,0.0004022715449511089,0.0006307103921035324,0.997374179678614
6193,2,2,0.9968131394037945,0.000399804682490037,0.9968131394037945,0.0006649312120885687,0.0006548013326469392,0.0007709759682371704,0.0006963474007428981
6194,4,4,0.9976487608856326,0.0004887551113698257,0.00040392405340722846,0.0005178154602758987,0.9976487608856326,0.0003011124455264392,0.0006396320437880404
6195,2,2,0.9972342830307259,0.0003528702517557592,0.9972342830307259,0.0005446882490099325,0.0005782713877278741,0.0006897870079526442,0.0006001000728278478
6196,3,3,0.9974770416431596,0.0005228957987941554,0.0005525377604623843,0.9974770416431596,0.000536145551059916,0.0004905630132513691,0.00042081623327253873
6198,3,3,0.9977746086945052,0.0004584152245897565,0.0005025167222484777,0.9977746086945052,0.0004720082552091116,0.0004672438419958127,0.0003252072614517128
6199,5,5,0.9964359569501476,0.00045242243011059483,0.001437149181526015,0.0006444717014144956,0.0003753666080434754,0.9964359569501476,0.0006546331287577914
6201,3,3,0.9977932103221431,0.0004017305669711279,0.0004977227135533707,0.9977932103221431,0.0004558033600678338,0.0005421077435865615,0.0003094252936780352
6202,2,2,0.9956856667252746,0.00028205723237476174,0.9956856667252746,0.00044684384307195425,0.0005551377959681248,0.0025307437576936554,0.0004995506456169324
6203,1,1,0.9980110581586318,0.9980110581586318,0.00035090474839573327,0.0003193403654064628,0.0003907271973106744,0.00028156702977150436,0.0006464025004838171
6205,2,2,0.9972605204305246,0.0003702110657764046,0.9972605204305246,0.0005144169295706199,0.000584775494373098,0.0007158361481405681,0.000554239931614775
6206,4,4,0.9976296743377971,0.0005203361090624447,0.00041507508883186883,0.0005267554247359134,0.9976296743377971,0.000304670257442144,0.0006034887821305076
6207,4,4,0.9976082809177288,0.0005057409194415215,0.00039849486548389554,0.000544165720964914,0.9976082809177288,0.00029344580169143164,0.0006498717746893985
6208,4,4,0.9976197650750204,0.0004819413958722569,0.00039446464623916176,0.0005363721113655851,0.9976197650750204,0.00028731021324746064,0.0006801465582552622
6209,5,5,0.9963526422743304,0.0005151631619564285,0.0012437261961256772,0.0006858290663020634,0.00038442366635069685,0.9963526422743304,0.0008182156349347398
6212,1,1,0.997935472138844,0.997935472138844,0.0003557102984106565,0.0003906035438187876,0.00042874704621647443,0.00033349671652300214,0.0005559702561870493
6213,4,4,0.9974999746014515,0.00045159353082490234,0.00045017026624371794,0.0005421190138787526,0.9974999746014515,0.0003206396851789852,0.0007355029024219755
6215,1,1,0.9978937316156724,0.9978937316156724,0.00037959013573676554,0.00040328851131031805,0.00044231182866041316,0.00032199129895230604,0.0005590866096678418
6216,2,2,0.981901155627783,0.0010520195852871928,0.981901155627783,0.003006620707536117,0.003069793252080686,0.0011610960903816173,0.009809314736931326
6217,1,1,0.9979013648638263,0.9979013648638263,0.00036137520663157013,0.00037788365670084336,0.000418615924429141,0.0003428253264917271,0.0005979350219202066
6219,2,2,0.9895314078416249,0.0004940722769806498,0.9895314078416249,0.0008700541890802229,0.0008109239943500595,0.004093927372732629,0.004199614325231692
6220,1,1,0.9979215220891525,0.9979215220891525,0.00038920257180277744,0.000348676385445727,0.0003905001080253838,0.00032769892411449816,0.0006223999214589039
6221,3,3,0.9978451174180383,0.0004252296329178803,0.0004899635409083559,0.9978451174180383,0.00040711802702932825,0.0005141957409406213,0.00031837564016560014
6222,3,3,0.9964732691299554,0.0005806606591065825,0.0006309759441026961,0.9964732691299554,0.0011931689419128022,0.0005023139029306196,0.0006196114219917461
6223,4,4,0.9975967711192104,0.00044869403205270074,0.00041652242597711855,0.0005317811582071053,0.9975967711192104,0.00032542225883299276,0.0006808090057196718
6225,2,2,0.9972605698005205,0.0003455060648080645,0.9972605698005205,0.00047540393972638124,0.0005278172316845905,0.000867749330887637,0.0005229536323728436
6226,2,2,0.9919497063010376,0.000667345635073388,0.9919497063010376,0.0008615322998357481,0.0011022713050609237,0.00091638866285913,0.0045027557961331835
6228,1,1,0.9979198220535405,0.9979198220535405,0.0003591113210328927,0.00039359671457009755,0.0004232445272104005,0.0003376741653148869,0.0005665512183312593
6229,5,5,0.996375152082493,0.0003516409809158093,0.0014875281031365968,0.0004871824390638742,0.00032383227067564496,0.996375152082493,0.0009746641237150738
6231,6,6,0.997308683361175,0.0005549529767495495,0.0007548885990098102,0.00038432680210583894,0.0004157263994142937,0.0005814218615456036,0.997308683361175
6232,2,2,0.9970740500360349,0.00036248778706779715,0.9970740500360349,0.0005392434186466188,0.0006103916933194723,0.0008193267039955941,0.0005945003609356651
6233,1,1,0.9979475193722289,0.9979475193722289,0.00034707042689883057,0.0003660063686250699,0.00041387405001264274,0.0003477004084162523,0.0005778293738183209
6236,4,4,0.9976535541115662,0.0004980661957036694,0.00041239423864573426,0.0005164203519451875,0.9976535541115662,0.00029884127738753004,0.0006207238247517187
6238,2,2,0.9971784732860235,0.00041290682682540875,0.9971784732860235,0.0005507099186165891,0.0006020799275580953,0.0006897269894299942,0.0005661030515464602
6239,4,4,0.9976271770361964,0.0005053913227450706,0.000411699226035049,0.0005051467341592226,0.9976271770361964,0.0002894001018752904,0.0006611855789889685
6240,2,2,0.997252538149798,0.00037489363411653245,0.997252538149798,0.00048647996267716113,0.0005866238581957387,0.0006643177570711128,0.0006351466381415084
6242,3,3,0.9978159121846832,0.00041612412955679994,0.0004849442656621816,0.9978159121846832,0.0004464474961673082,0.0004835954778170584,0.0003529764461133786
6243,1,1,0.9979302626837095,0.9979302626837095,0.00034535447128923987,0.00036930761877048356,0.00044031330047168205,0.00029447166981029385,0.0006202902559485662
6245,4,4,0.9976624705693322,0.00047151793083583806,0.00040619406025252207,0.0005411926787518349,0.9976624705693322,0.0002933931961900244,0.0006252315646375964
6246,1,1,0.9977222889440817,0.9977222889440817,0.000405759796800286,0.0003956909486951942,0.0004478415474915974,0.00044939802028394894,0.0005790207426473297
6247,2,2,0.9969896824116724,0.0003806766465632146,0.9969896824116724,0.0005405977540031548,0.0006551340828984314,0.0006894070472470927,0.0007445020576157488
6248,2,2,0.9950250404196226,0.0005826575925010888,0.9950250404196226,0.00081114311001289,0.0012942705095117437,0.0006353639797922778,0.0016515243885595365
6249,2,2,0.9971800954911044,0.0003321220836281756,0.9971800954911044,0.0004956615695936548,0.000555713656130668,0.0008991977004463052,0.0005372094990965773
6251,2,2,0.996880951857518,0.00035383554814758157,0.996880951857518,0.0005492720717288681,0.0006492605337588766,0.000870660725438888,0.0006960192634077823
6252,1,1,0.9979479058531734,0.9979479058531734,0.00035626574992359044,0.00039877407347054433,0.00042737236795521185,0.00033871189249480316,0.0005309700629825138
6254,4,4,0.9976783337612104,0.00046492708231116896,0.00039618098299113184,0.0005324384516311585,0.9976783337612104,0.00030348161643528506,0.0006246381054209282
6255,3,3,0.9977761790582458,0.00042680663443162616,0.0005036832161031332,0.9977761790582458,0.0004764351598895766,0.0005108152850082697,0.000306080646321593
6259,4,4,0.9975783666680627,0.0005015198460620432,0.00042136638964555806,0.0005218055636025135,0.9975783666680627,0.0002906000371155417,0.0006863414955117273
6261,1,1,0.9979514547310155,0.9979514547310155,0.0003412661340412163,0.00036586018061630373,0.00042471356861521086,0.00034105268654719914,0.0005756526991645538
6262,1,1,0.9969051988034073,0.9969051988034073,0.0006194900221921138,0.0005235845140493738,0.00047385153678595646,0.0008262506292067295,0.0006516244943586315
6263,4,4,0.997572357341203,0.0005492990501356185,0.0004391122527932878,0.0005176299538005309,0.997572357341203,0.00030996364288281313,0.0006116377591847778
6264,3,3,0.9978441865699575,0.0003948303980575123,0.0005033847264884351,0.9978441865699575,0.00043452371887732315,0.0005057686214479693,0.00031730596517122705
6267,5,5,0.996521616859029,0.00036800355304278273,0.0013163294559169628,0.0005532396083448943,0.0003562111477211607,0.996521616859029,0.0008845993759452608
6268,1,1,0.9979507718885897,0.9979507718885897,0.00034762509949931,0.0003764745054028494,0.00042257343215319445,0.00033096455289258105,0.0005715905214623669
6269,4,4,0.9975964913273618,0.000536704223348993,0.00042130093718347557,0.0005227559807588175,0.9975964913273618,0.00029795993106845447,0.0006247876002785443
6270,1,1,0.9977733909851694,0.9977733909851694,0.00040499946281719106,0.00036287128812060606,0.0004055188789010604,0.0003046920592180045,0.0007485273257737641
6272,6,6,0.9977229309569604,0.00048230827435654506,0.0005512800456699173,0.00040889060187051276,0.0003638939259761739,0.00047069619516646073,0.9977229309569604
6273,5,5,0.9965688958950908,0.00042317894037557463,0.0015112722419528398,0.0005828902809640417,0.0003657587721933886,0.9965688958950908,0.0005480038694233232
6274,3,3,0.9976547397693551,0.00045440016907902654,0.0005078260481280591,0.9976547397693551,0.0005679536379383557,0.00043808729547488066,0.0003769930800245115
6275,1,1,0.9979408912549349,0.9979408912549349,0.00037495211823735037,0.00037894883107058615,0.0004121593010773139,0.0003429721582475838,0.0005500763364322217
6276,6,6,0.9968447055101074,0.0005616552307062328,0.000536083442730211,0.0009273134633513155,0.0004994467283599575,0.0006307956247448427,0.9968447055101074
6277,3,3,0.9977266244994395,0.000405558096053021,0.0005146595676532418,0.9977266244994395,0.0005356933716964122,0.000516823786705066,0.00030064067845279245
6278,5,5,0.9964440199910363,0.0003530905138839523,0.0013122701435520168,0.0006610050738044481,0.00033243191708336905,0.9964440199910363,0.0008971823606400089
6279,2,2,0.9971595563875223,0.0003972500280727712,0.9971595563875223,0.0005252348888755593,0.0006207763104331477,0.000683032726320466,0.0006141496587757869
6282,3,3,0.9978672920245961,0.0004146292989638907,0.0004851223523016496,0.9978672920245961,0.00044964938329210687,0.0004555308305529441,0.00032777611029330417
6283,2,2,0.9951124549266406,0.00056061909822663,0.9951124549266406,0.0009021821681644727,0.0011166592327093855,0.0005914585057710387,0.0017166260684879197
6284,4,4,0.9975084558829147,0.0005047618406686223,0.0004701323011826361,0.0004720441316712427,0.9975084558829147,0.00031064308863570206,0.0007339627549270447
6285,5,5,0.995578706843999,0.0005722936478980663,0.0009904373442931318,0.0016032274588961314,0.0004163387932444101,0.995578706843999,0.000838995911669333
6287,5,5,0.9965595784262328,0.00036865141680484916,0.001269213878353437,0.0006940185102215494,0.0003291911330814607,0.9965595784262328,0.0007793466353058945
6288,5,5,0.9962405543765642,0.0004748060598914498,0.0011339780640545797,0.0008862149005646471,0.0004092301862672904,0.9962405543765642,0.0008552164126577905
6289,3,3,0.9977752437365465,0.0004334569555615865,0.0004867648758822531,0.9977752437365465,0.0003986547078085972,0.0005647322415457089,0.00034114748265538753
6291,1,1,0.997905949057388,0.997905949057388,0.00037169668173995884,0.0003477586943710585,0.00041489418672441145,0.0002880550104908486,0.0006716463692857177
6292,2,2,0.997104460676837,0.000418806512703888,0.997104460676837,0.0005016622554938345,0.0006040682611214916,0.000759201436973696,0.0006118008568700847
6293,4,4,0.9974625977461494,0.00048117276853829066,0.00039081072222210987,0.0005796982362802064,0.9974625977461494,0.0003056245888756537,0.0007800959379344269
6294,2,2,0.9972680437343809,0.0003803238364480038,0.9972680437343809,0.0005082146192590757,0.0005618870864900485,0.0007125334549995716,0.0005689972684223169
6295,4,4,0.9976799126924903,0.0004764452863439288,0.000404253844376693,0.0005067326829869632,0.9976799126924903,0.0003006690019753652,0.0006319864918267434
6296,4,4,0.9974798308346995,0.00047644427230124706,0.00044441285541552464,0.0005760474557120385,0.9974798308346995,0.0003246962748145229,0.0006985683070572194
6297,1,1,0.9979716432545283,0.9979716432545283,0.00036188887677356016,0.0003139776305811868,0.0003797147970498246,0.0003153216453770181,0.0006574537956901423
6298,3,3,0.9966677635025225,0.0005396406485042604,0.0007990022485038275,0.9966677635025225,0.0010075523399261156,0.00046022813404247165,0.0005258131265008174
6299,4,4,0.9975464587886208,0.0005093671344686044,0.00039470490131880156,0.0006063129332051413,0.9975464587886208,0.00030735385048827996,0.0006358023918983619
6300,5,5,0.9964417493595421,0.0005427597031835318,0.0011712165637035165,0.0008064191528153943,0.00038794150371607606,0.9964417493595421,0.0006499137170393279
6301,3,3,0.9977596765091732,0.00045878820669218785,0.0004932689357966902,0.9977596765091732,0.000427525109311879,0.0004968540615355674,0.00036388717749044684
6302,5,5,0.9928810474522237,0.0006687651539041285,0.0012011809592688701,0.003595503468610624,0.0005408962540020522,0.9928810474522237,0.001112606711990665
6303,2,2,0.9970075325801658,0.0002872105693476714,0.9970075325801658,0.0005682169581007324,0.0005239687120648148,0.000754321362971285,0.000858749817349689
6304,4,4,0.9975547781544715,0.0005407309116817678,0.00042864110864208595,0.0005140535305838754,0.9975547781544715,0.00029651119736359943,0.0006652850972571541
6305,1,1,0.9977347999270171,0.9977347999270171,0.00032593568404517,0.00035293999045195746,0.0004525471121755452,0.00027236400699253896,0.0008614132793178048
6309,1,1,0.9979140212258893,0.9979140212258893,0.0003620191578518692,0.0004041973364175009,0.00043129990355339796,0.00035934169242813593,0.0005291206838598022
6310,5,5,0.9965850834432902,0.0004277297500296332,0.0014367722224996556,0.0006253639870929202,0.0003538096621528984,0.9965850834432902,0.0005712409349347149
6312,1,1,0.9978771638087002,0.9978771638087002,0.00037546594259946914,0.00039275763496167236,0.0004491198535092345,0.00033119336843112884,0.0005742993917983143
6314,2,2,0.9970436607505908,0.00036853376928449547,0.9970436607505908,0.0005684990853187124,0.0006265924841001104,0.000759656359970696,0.0006330575507351662
6315,5,5,0.99644474864492,0.0004445596364984244,0.0010891364511250964,0.0008542784959388118,0.0003769436394103534,0.99644474864492,0.0007903331321073181
6316,6,6,0.9935295886395666,0.0008313434420271605,0.0032235669423431542,0.0006744090735503604,0.0008578611635392284,0.0008832307389734608,0.9935295886395666
6317,5,5,0.9962973111703745,0.0004070107871298156,0.0011304270138750591,0.001166195505497053,0.0003840809847982479,0.9962973111703745,0.0006149745383253342
6318,1,1,0.9979882626016745,0.9979882626016745,0.0003387713062660855,0.0003692438328392982,0.000406895576171732,0.00034118645862605244,0.0005556402244223928
6319,5,5,0.9965775800444303,0.00041725423290009476,0.0013213919263833282,0.0006354335468316608,0.0003822057697763611,0.9965775800444303,0.0006661344796782579
6320,2,2,0.997279609804381,0.00035815643243802706,0.997279609804381,0.0004678420492378585,0.0005694612190790523,0.000733475335925786,0.0005914551589382831
6321,6,6,0.9976623768417763,0.0005761388760179242,0.00048809848346737325,0.0003848415031436337,0.0004200807977079494,0.00046846349788685893,0.9976623768417763
6322,5,5,0.9967460656111704,0.00036545470444157503,0.0013377406899146367,0.0005599138107474699,0.0003042372998591588,0.9967460656111704,0.0006865878838667474
6323,4,4,0.9976668196699733,0.0004720279172186422,0.00042182814696237273,0.0004989180516888295,0.9976668196699733,0.00029115483160157077,0.0006492513825553902
6324,4,4,0.9975837675238864,0.0004934633136249308,0.00043565224941450573,0.0005203000726589541,0.9975837675238864,0.00029336949834519603,0.0006734473420699247
6325,6,6,0.9977494987737926,0.0005538507782316438,0.0004919621235864262,0.00037589223612984973,0.00041691248409217457,0.0004118836041673403,0.9977494987737926
6326,4,4,0.9976373703883891,0.0005108723310913202,0.0004090636127028162,0.0005458792325455029,0.9976373703883891,0.00030591146152830713,0.0005909029737431028
6327,3,3,0.8348128323974138,0.002985573418223462,0.09888822732699257,0.8348128323974138,0.004904539397426536,0.013959765642281855,0.044449061817661846
6328,4,4,0.9976022793091728,0.0005330201795649707,0.00041379598940817643,0.0005056288768275227,0.9976022793091728,0.0002928008311763367,0.0006524748138502482
6329,2,2,0.9972938404378341,0.00036819424391599875,0.9972938404378341,0.0004828135764248902,0.0005756179857618715,0.0007266244430655105,0.0005529093129976216
6332,1,1,0.9979866876481835,0.9979866876481835,0.00034919217366243617,0.0003713267112184007,0.00042344366248428853,0.0003240119496761019,0.0005453378547752369
6333,4,4,0.997655782468741,0.0004893200981213952,0.00041730689592375304,0.0005157968981417942,0.997655782468741,0.0002926118943345019,0.0006291817447375887
6335,4,4,0.9976347945884825,0.0004997744239312948,0.0004276149086778111,0.0004985952531056575,0.9976347945884825,0.00029122739977358817,0.0006479934260291655
6337,5,5,0.9966604925644771,0.0004277657880613151,0.0012140024894290145,0.0005682274957628245,0.00034448341003192256,0.9966604925644771,0.0007850282522378236
6338,4,4,0.9976443017787556,0.0004969842546027953,0.00041367392405068296,0.0005067329324089658,0.9976443017787556,0.0003099316265261664,0.0006283754836557836
6340,2,2,0.9969808124727897,0.00035287296030255607,0.9969808124727897,0.0005099896054011183,0.0006295645514652154,0.0007931128227367565,0.0007336475873047117
6341,5,5,0.9964474662634341,0.000417476965843228,0.0012858091210011396,0.0006507084617738963,0.00036984310381840175,0.9964474662634341,0.0008286960841292541
6342,1,1,0.9979822063298489,0.9979822063298489,0.0003278498201726231,0.0003271258622585775,0.0003859526014296666,0.00029630431813264545,0.0006805610681575474
6343,3,3,0.9978069165011731,0.00042240817203331916,0.0005218739128027296,0.9978069165011731,0.00040965007203194905,0.0005190110273512571,0.0003201403146073967
6344,2,2,0.9967725560190627,0.0003797294383100213,0.9967725560190627,0.0005757359247961894,0.0006593782454314485,0.000874283509618641,0.0007383168627810202
6346,3,3,0.997827940114347,0.00039265847639296245,0.0005228234227882605,0.997827940114347,0.00043245436014174464,0.0005233566632298401,0.0003007669631002581
6347,2,2,0.997189525178514,0.0003583065206755497,0.997189525178514,0.0004999579696328558,0.0005670254148330938,0.0008152720524469051,0.00056991286389759
6348,1,1,0.9979164889271936,0.9979164889271936,0.0003676312952352617,0.00038097546089068725,0.0004269268916933285,0.0003426974593952519,0.0005652799655918514
6351,5,5,0.996451415656373,0.0004699948072783659,0.0012292749481783614,0.0006869680625130243,0.0003824212908015744,0.996451415656373,0.0007799252348556935
6352,4,4,0.9976656703179301,0.0005030497693601251,0.00040084788248575956,0.0005152853110489852,0.9976656703179301,0.00030686448099425556,0.000608282238180831
6353,4,4,0.9975929231783848,0.0005133011406255317,0.0004392144635567002,0.00048422295246379303,0.9975929231783848,0.00030301174696714537,0.0006673265180021018
6354,5,5,0.9965729332036162,0.0003896461999863167,0.0013108868814359813,0.0005657252988333125,0.0003481593606461084,0.9965729332036162,0.0008126490554820773
6355,3,3,0.997840174078186,0.0004208935458371918,0.0004989533375835794,0.997840174078186,0.0004157157415268544,0.000496973054735793,0.00032729024213054266
6357,1,1,0.9978909494911467,0.9978909494911467,0.00037801275109353996,0.00040170882650730083,0.00043388895903280267,0.0003602537985321029,0.0005351861736876734
6358,3,3,0.9976269434158159,0.0004991329554306479,0.0005257379337337978,0.9976269434158159,0.0005418204792634698,0.00042192092186513035,0.00038444429389102546
6359,1,1,0.9977822262696513,0.9977822262696513,0.0003927914116710786,0.0003767080830148906,0.00044113307469972743,0.00041754031798093763,0.0005896008429820577
6360,3,3,0.9978438157530751,0.000409111216269157,0.000458498842679221,0.9978438157530751,0.00044729357742968526,0.000511732219965388,0.0003295483905814076
6363,1,1,0.9978034704961515,0.9978034704961515,0.00039849588846573855,0.0004388300415186888,0.0004703906414942724,0.0003689957813988331,0.000519817150971035
6364,5,5,0.996531066117404,0.0004065483504582147,0.0014206457372390902,0.0006471857757265898,0.00033653550674549854,0.996531066117404,0.0006580185124265258
6365,5,5,0.9961242806811542,0.0005243819078573557,0.0010466436599725734,0.0010970467189424984,0.00039079102493040256,0.9961242806811542,0.0008168560071430102
6366,5,5,0.9965347708247928,0.00036590656464722887,0.0015296848567437414,0.0005129197717542517,0.00035668105723819213,0.9965347708247928,0.0007000369248237576
6367,3,3,0.997809913809118,0.00042191643315795627,0.0004977353814248917,0.997809913809118,0.000414992747707537,0.0005250226695648601,0.00033041895902679707
6368,3,3,0.997692204105218,0.0004795900783457429,0.0004955354846046562,0.997692204105218,0.0004952194752209238,0.0004496931401021952,0.00038775771650852603
6369,6,6,0.9974878152206411,0.0005924373588268327,0.0006196472874875699,0.00042136332082424885,0.00047229982787883815,0.00040643698434137326,0.9974878152206411
6371,1,1,0.9978344094745484,0.9978344094745484,0.0003512098716671727,0.0003700288163662434,0.00040710337200793164,0.00035717807791334064,0.0006800703874969818
6372,4,4,0.9976586789262306,0.0004678048165793,0.0003968926303048034,0.0005863330264377468,0.9976586789262306,0.0002886360942432207,0.0006016545062042989
6373,1,1,0.9978202536102629,0.9978202536102629,0.0004006594226665658,0.00041401135780075066,0.00045917500184059314,0.00038751039943740403,0.0005183902079917935
6375,6,6,0.9957082969678243,0.0018645766101476344,0.0007623384542668161,0.0004731187986833738,0.0005714690596991266,0.000620200109378844,0.9957082969678243
6376,2,2,0.996972362244534,0.00037138826182267243,0.996972362244534,0.0005231640743224983,0.0006531261284671468,0.0007273509690188273,0.0007526083218348797
6377,6,6,0.9973616912488834,0.0006117130805027066,0.0007044423636910451,0.00042069291780304105,0.00045512312660414913,0.0004463372625156915,0.9973616912488834
6380,5,5,0.9965797746259024,0.0004371858092585564,0.0012555153499611324,0.0007190114610317353,0.00037295810394690014,0.9965797746259024,0.0006355546498992638
6381,2,2,0.9972414871813702,0.0003591727990062955,0.9972414871813702,0.0005464815060199687,0.0006093134664226968,0.000707353082671786,0.0005361919645090335
6383,1,1,0.997785657037127,0.997785657037127,0.00041650058071226987,0.0003571920841515209,0.00042314847905108925,0.00040758808374967903,0.0006099137352084533
6384,5,5,0.9966050064183026,0.0005202648876579976,0.0011456329005072432,0.0006782130002540466,0.0003589877335227976,0.9966050064183026,0.000691895059755322
6385,3,3,0.9978408457764203,0.00042495271842530436,0.0004646838159035365,0.9978408457764203,0.0004671193701594541,0.0004618340267940075,0.0003405642922974996
6386,5,5,0.9966093542225762,0.00042190016683177204,0.0012397420658888927,0.0006749378680112857,0.0003570288622279456,0.9966093542225762,0.000697036814463893
6387,5,5,0.9965821697478761,0.0003728494770399768,0.0012231958768027175,0.0006114978794362963,0.0003353452348927421,0.9965821697478761,0.0008749417839522625
6388,3,3,0.9977444564516862,0.00044389614007985363,0.0005037137967147872,0.9977444564516862,0.0004707078987833198,0.0004767579449445029,0.0003604677677913681
6390,2,2,0.9972866344617899,0.0003482689931190814,0.9972866344617899,0.0004986541829709056,0.0005900196593706189,0.0006979676245363618,0.0005784550782131088
6392,3,3,0.9978693365085927,0.0004020598179751448,0.000486497051206142,0.9978693365085927,0.00047022591314593946,0.000460079996859119,0.00031180071222095413
6393,3,3,0.9978076161043107,0.00044184154300742944,0.0004988830456112196,0.9978076161043107,0.0004521284961633456,0.00046710937355585194,0.0003324214373515011
6395,6,6,0.9972522084428771,0.0008766809267055181,0.0005431731926868276,0.00038824723929059806,0.0005141478831372479,0.00042554231530267817,0.9972522084428771
6396,3,3,0.9977658658856948,0.00043077240935375207,0.0004821942838178946,0.9977658658856948,0.00045132937790782015,0.0005468882628190501,0.00032294978040665147
6398,1,1,0.9978813900754374,0.9978813900754374,0.00037880016272143143,0.0003981154152887097,0.00042661883478495614,0.00033244253210509324,0.0005826329796624549
6399,2,2,0.996799395182163,0.000275533400807079,0.996799395182163,0.00048613439891273666,0.0005242146718779709,0.0013922485493710922,0.0005224737968678912
6400,3,3,0.9977698224184217,0.00043646920957833373,0.0005097910127679164,0.9977698224184217,0.0004413232627876433,0.00044842232724779063,0.0003941717691965666
6401,4,4,0.9976347403595044,0.00047614552003996495,0.0004184469962687065,0.0005421397421943364,0.9976347403595044,0.0002898235080407567,0.0006387038739518627
6402,2,2,0.9962463846342208,0.0002521879462084007,0.9962463846342208,0.0004978942374027029,0.000440182804449209,0.002031582603991883,0.0005317677737271237
6403,3,3,0.9943290630448657,0.0007256910235975044,0.001011748588727626,0.9943290630448657,0.0021041976681076737,0.000597228124759833,0.0012320715499417245
6404,1,1,0.997937796227902,0.997937796227902,0.00037252707218775875,0.00038886389717277296,0.0004127092780163545,0.0003666062758909768,0.0005214972488301447
6405,6,6,0.9973687365442945,0.0007553499053453753,0.0006044752924778509,0.0004133494982689169,0.00047535262150121563,0.0003827361381121263,0.9973687365442945
6407,2,2,0.9970863133869586,0.00040805999129371113,0.9970863133869586,0.0005227498305558531,0.000636999649019778,0.0006574446235825606,0.0006884325185895342
6408,6,6,0.9970995409177543,0.0005567529711640241,0.0005904464764319902,0.00047984807653480915,0.00045411310119345717,0.0008192984569213796,0.9970995409177543
6409,6,6,0.9977467907897216,0.000510339870887828,0.0004965599053107854,0.0003783367960719043,0.000397927748999889,0.0004700448890079546,0.9977467907897216
6410,4,4,0.9976057459042164,0.0005502782070010405,0.00039901179512395746,0.0005427528290734054,0.9976057459042164,0.0002987035452219592,0.0006035077193632793
6412,6,6,0.9973346680243753,0.0007531640784866037,0.0005700254406761256,0.00037286760486235034,0.000475959187867564,0.0004933156637320892,0.9973346680243753
6413,2,2,0.9972628626111986,0.00032844596154663384,0.9972628626111986,0.00045130539864532307,0.000519864857358444,0.000833261315078302,0.0006042598561726832
6414,5,5,0.995352896478505,0.00035391114633382515,0.002768635373758226,0.0005421397102431906,0.00033396931747480647,0.995352896478505,0.0006484479736849359
6419,4,4,0.9975839714796878,0.00046420635127501943,0.0004235877654849504,0.0005758266699654829,0.9975839714796878,0.00030753280889786694,0.0006448749246889103
6420,6,6,0.9977759309443627,0.0006094638124532073,0.00044595346469448457,0.0003766697909710811,0.00043417319503542373,0.0003578087924831082,0.9977759309443627
6421,4,4,0.9976016919684972,0.000494468550865356,0.0004301274979403925,0.0005196129187014643,0.9976016919684972,0.0003096067454927732,0.0006444923185028446
6422,6,6,0.9962590344538452,0.0011793203188327336,0.0007993321743023995,0.0003634128446759231,0.0005555372007894045,0.0008433630075543321,0.9962590344538452
6423,4,4,0.9976193451680219,0.0005379933358837361,0.0004126243934446015,0.0005040742179845842,0.9976193451680219,0.00030343357209609,0.0006225293125690782
6425,3,3,0.9977896077045847,0.00043137138119361633,0.0004516757555455085,0.9977896077045847,0.0004328606823853765,0.0005640035301597773,0.00033048094613110756
6426,5,5,0.9963746958051399,0.0003368492278444064,0.0017112431150770307,0.00047113544054503965,0.0003201329184641785,0.9963746958051399,0.0007859434929294298
6427,4,4,0.997650445455503,0.00047671460367103047,0.00040481013569539407,0.0005596757319418465,0.997650445455503,0.0002755956630425896,0.0006327584101461979
6428,4,4,0.9976413933075567,0.00048815453612085835,0.00041981964791357044,0.0005230300909353028,0.9976413933075567,0.00030557384785291056,0.0006220285696205659
6429,3,3,0.9978404550998842,0.00042315335994158967,0.0004828828922816901,0.9978404550998842,0.00043288274185271396,0.0004982950884159085,0.0003223308176238871
6430,6,6,0.9976893055090013,0.0007040470525686811,0.0004309038950961648,0.00036846849916207414,0.00042280450330070936,0.0003844705408710933,0.9976893055090013
6432,2,2,0.9970496091708141,0.0003307773570284801,0.9970496091708141,0.0005181909276289861,0.0006059705284494646,0.0008489926445645133,0.0006464593715145246
6433,4,4,0.9976574139648596,0.0004668333232323143,0.0003893090918685015,0.0005562286300570972,0.9976574139648596,0.0003068414870206793,0.0006233735029618351
6434,3,3,0.9978263896651436,0.00042582588172239747,0.00047687053659103013,0.9978263896651436,0.0004122199284010939,0.0005328946239814725,0.00032579936416038456
6435,3,3,0.9978222326307151,0.00042738800368158456,0.00048218702765927913,0.9978222326307151,0.00044732465275489373,0.0004722584007500387,0.00034860928443914357
6436,4,4,0.997458394000338,0.0004942801867246024,0.0005229862806786082,0.0005106194243651037,0.997458394000338,0.0003204627613336339,0.0006932573465600357
6437,5,5,0.9965869893416077,0.00038718852301566133,0.0014413876220324944,0.0006533454551545723,0.00031723761545022843,0.9965869893416077,0.0006138514427393508
6439,6,6,0.9969790198881036,0.0006060373984893078,0.0008133299592990315,0.000523182749496211,0.0005174495858097301,0.000560980418802162,0.9969790198881036
6440,4,4,0.9975428011333419,0.00044650494596894106,0.000516741332412836,0.0005532264160579229,0.9975428011333419,0.0003013294891131289,0.0006393966831052766
6441,2,2,0.997273630874441,0.00031249037006879073,0.997273630874441,0.00046422949577511137,0.0005023976608476437,0.0009493760917681646,0.0004978755070992907
6442,3,3,0.997888471459876,0.0004140597947073238,0.0004423284931629838,0.997888471459876,0.00044783883826921087,0.0004971155855611761,0.00031018582842327945
6444,4,4,0.9976765338331767,0.0004706011303999554,0.0003956165968394836,0.0005150908746698465,0.9976765338331767,0.00028859474189746456,0.0006535628230165928
6447,5,5,0.9885810812056574,0.00041158891490148736,0.009118111437383633,0.0007286937032170043,0.0004457998259430938,0.9885810812056574,0.0007147249128975141
6450,5,5,0.9964476582348412,0.00044138119692354124,0.0012705196907267541,0.0006693801899157774,0.0003729940573299106,0.9964476582348412,0.0007980666302628354
6451,1,1,0.9980159172989695,0.9980159172989695,0.0003737717189490636,0.00035777459422321663,0.0003873814854785508,0.0003201988119612011,0.0005449560904184035
6457,4,4,0.9976753521352524,0.000475235803855095,0.0004330346970209648,0.0005023819940664228,0.9976753521352524,0.00030031689461385724,0.0006136784751913737
6458,2,2,0.9966237581524459,0.0003096243240421374,0.9966237581524459,0.00043992076090524463,0.0005630397283486591,0.0013529014136304837,0.0007107556206275944
6459,2,2,0.9972996371951068,0.0003369409148969911,0.9972996371951068,0.0005003393888675362,0.0005328025627731343,0.0007384726685989479,0.0005918072697566321
6461,1,1,0.9978757145069858,0.9978757145069858,0.00040054168003985285,0.00040095638053002427,0.00044799841623004437,0.0003602242591518934,0.0005145647570624604
6462,6,6,0.9969389358258316,0.0008373266251309694,0.0005547855935968805,0.0004479232848367319,0.0005569261221020559,0.0006641025485017917,0.9969389358258316
6463,4,4,0.9976446582452331,0.00045716046198102166,0.0004333901108720127,0.0005550289948943804,0.9976446582452331,0.0002768577403729013,0.0006329044466466009
6464,6,6,0.9977419460874198,0.0005761348341956978,0.0005165183145525757,0.00034913418062491246,0.00041652800053153325,0.00039973858267545954,0.9977419460874198
6467,2,2,0.9973353146225038,0.00031756001276951975,0.9973353146225038,0.00045140511876815904,0.0005182086952872553,0.0008656094819508717,0.0005119020687203486
6468,5,5,0.9964394468674022,0.00047235472613194355,0.0011103291150776824,0.0008362768400798331,0.000364155061018445,0.9964394468674022,0.0007774373902899406
6470,1,1,0.9978541644710277,0.9978541644710277,0.0003938762785935867,0.00042515236047487395,0.0004430723745340449,0.00037117863797601344,0.0005125558773938462
6472,4,4,0.9974930804403577,0.0004688901509867594,0.0004613253674703445,0.000547393537387025,0.9974930804403577,0.00030547512260634585,0.0007238353811918713
6473,2,2,0.9972506413282952,0.0003450860592994123,0.9972506413282952,0.0004887881928844792,0.0005784606581362699,0.0006938086427394497,0.0006432151186451724
6474,4,4,0.9976184836137764,0.00046244810207457017,0.00038709447338744474,0.0005815857946733208,0.9976184836137764,0.00027512100870580287,0.0006752670073825648
6475,1,1,0.997870120216019,0.997870120216019,0.0003733813632181958,0.0004180689920102776,0.0004443074088309317,0.0003865676705198483,0.0005075543494018082
6477,3,3,0.997821988460387,0.0004136365365833525,0.0004897176702789763,0.997821988460387,0.0004870781276324835,0.0004575747615008337,0.00033000444361710546
6478,3,3,0.9977568429395447,0.00041357937763862384,0.0004798954493424299,0.9977568429395447,0.0004685335473943537,0.0005727163197621652,0.0003084323663175507
6479,3,3,0.997827288397003,0.0004318945820113544,0.0004613219614179263,0.997827288397003,0.00042175602926689996,0.0005243522179193508,0.000333386812381526
6480,6,6,0.9973594609596872,0.0008297266956907819,0.0005334291524570306,0.00041917537139321884,0.0004820466304979684,0.0003761611902737972,0.9973594609596872
6481,3,3,0.9978610612138554,0.00042099207702349297,0.0004776310399934211,0.9978610612138554,0.00040942897996642125,0.0004874857422473816,0.00034340094691382686
6482,5,5,0.9935663524361221,0.0003966410076678496,0.004487400490981961,0.00048823425625157973,0.0004143003391973591,0.9935663524361221,0.000647071469779125
6483,5,5,0.995539225060983,0.0003516409828008323,0.0021526871468341966,0.0004380520391175211,0.0003327105399686006,0.995539225060983,0.0011856842302958451
6485,1,1,0.9979482375904699,0.9979482375904699,0.0003463422500850732,0.00036054570526919345,0.0004277857696264675,0.00029745218008680595,0.0006196365044625826
6486,4,4,0.9975617940230116,0.000526456443673031,0.00044143199107416295,0.0005430260689540446,0.9975617940230116,0.000303700648008307,0.0006235908252788651
6488,1,1,0.9978805393366159,0.9978805393366159,0.000316289104426786,0.00035186140959150587,0.0004246210207071117,0.00028384086288298923,0.0007428482657756946
6490,5,5,0.9961674710302243,0.00035926996139837644,0.0020282838757361434,0.0005850832036202059,0.00033722299513959256,0.9961674710302243,0.0005226689338814241
6491,5,5,0.9959123015077734,0.00035829989324105634,0.001521930869844927,0.0005566814482207499,0.0002952009231466311,0.9959123015077734,0.0013555853577733022
6492,3,3,0.9978667822070251,0.0004312914047125762,0.00046484773795724035,0.9978667822070251,0.0004279214144706514,0.0004809198894119984,0.0003282373464225027
6494,2,2,0.9970869537735267,0.0004296112865725223,0.9970869537735267,0.0005377436756828307,0.000592563644813532,0.000712491727823164,0.00064063589158123
6495,2,2,0.9972260842515477,0.00035438719505330815,0.9972260842515477,0.0005378358898407804,0.0005801621153961928,0.0006711552435834233,0.0006303753045786546
6496,4,4,0.9976287699240257,0.0005004931100364974,0.000393725136385617,0.0005551287360719814,0.9976287699240257,0.00029913207962586755,0.0006227510138543683
6498,2,2,0.9971460851523518,0.000362516560976907,0.9971460851523518,0.000510336489719212,0.000576355503314919,0.0006969354104891036,0.000707770883148082
6500,3,3,0.9974683660781013,0.0004930142381254336,0.0005434507695491096,0.9974683660781013,0.0006499547833832496,0.0004324939860089842,0.00041272014483196396
6501,4,4,0.9975562486993085,0.000480263861226823,0.0004626825837031592,0.0005308644291751144,0.9975562486993085,0.00029000778396446415,0.0006799326426219379
6503,4,4,0.9976515670128436,0.0004660928038808227,0.00039672649808942764,0.0005057652848875404,0.9976515670128436,0.00029210407226363486,0.0006877443280348979
6504,6,6,0.9935848158515354,0.0009829887462998268,0.0013765895331228645,0.0010955004300267919,0.0008109661318821344,0.0021491393071330404,0.9935848158515354
6505,1,1,0.9979261124463815,0.9979261124463815,0.00034544346149358604,0.00038311257822381644,0.00044146479765597315,0.0003106623178493231,0.000593204398395874
6512,4,4,0.9976926640583297,0.000459482493204147,0.0004004765968565414,0.00048792013923540183,0.9976926640583297,0.0002937201003020115,0.0006657366120722376
6513,3,3,0.9978455495028462,0.0004220623021255231,0.00047374765009825827,0.9978455495028462,0.0004484262111733767,0.00047746467497962,0.0003327496587769791
6515,4,4,0.9976444155489101,0.0004908760556143064,0.0004409695381692395,0.0004847270860490623,0.9976444155489101,0.0003009038712528932,0.0006381079000043527
6517,5,5,0.9965642013981459,0.00041580648057878137,0.0011397384713390118,0.0007584255010925034,0.00037016009146741987,0.9965642013981459,0.0007516680573764107
6518,5,5,0.9961203261339314,0.0003711103317185571,0.0017057640814601134,0.0005085499103814661,0.0003684986122007936,0.9961203261339314,0.0009257509303076879
6519,2,2,0.9970936777819253,0.0003358648683358562,0.9970936777819253,0.0004973062315395731,0.0005606859923877689,0.0007620505641347979,0.0007504145616768433
6523,5,5,0.9962734768701416,0.0005193892071913626,0.0012164052544089098,0.0007000926712169835,0.00042034937096204183,0.9962734768701416,0.0008702866260790991
6525,6,6,0.9976798976516832,0.0005558909080504746,0.0005031058141729967,0.00039316166990931514,0.0004368696282364271,0.0004310743279476484,0.9976798976516832
6527,4,4,0.9976590504622251,0.00044854317891618626,0.00039588779690434556,0.0005069473246181545,0.9976590504622251,0.0002993294867452663,0.0006902417505909926
6528,5,5,0.9962891501762514,0.0004315337061522376,0.0012368133957761185,0.0007094335857299887,0.0003688038619416694,0.9962891501762514,0.0009642652741486603
6529,6,6,0.994472101867303,0.0008131093566537347,0.0027251312230204276,0.0006192304733865398,0.0005945276088532663,0.0007758994707831125,0.994472101867303
6530,4,4,0.9976684066791062,0.0004997689215919569,0.0004152321825728267,0.0005116647058006846,0.9976684066791062,0.00030207473436521577,0.0006028527765632732
6531,5,5,0.9965126042518356,0.0004369073194392356,0.0013712401439811448,0.00066309504571268,0.00036471113434807535,0.9965126042518356,0.0006514421046832933
6532,3,3,0.9977866058645618,0.0004592847931138338,0.00048394435431933753,0.9977866058645618,0.0004632361040920827,0.0004418554098055462,0.0003650734741074095
6535,1,1,0.9979273836975625,0.9979273836975625,0.0003769174344560286,0.00033622967007451417,0.0003877292741677479,0.0003193729359371711,0.0006523669878020054
6537,6,6,0.9975315385541259,0.0006125863906957474,0.0005703217496737163,0.00036672080945892693,0.00046304590315375825,0.000455786592891933,0.9975315385541259
6538,3,3,0.997774536993123,0.0004336886321693023,0.0005055601919203884,0.997774536993123,0.0004937883910443038,0.0004519875781770643,0.0003404382135659057
6539,6,6,0.9977495006032074,0.0005575586072219806,0.00046733859606830607,0.0003958617717427109,0.000445128590083762,0.00038461183167575564,0.9977495006032074
6540,1,1,0.9978863290323473,0.9978863290323473,0.00040086577711160513,0.00038693190959035976,0.00044463802931426767,0.00033359669082379874,0.0005476385608126285
6541,6,6,0.9977438135376273,0.0005448942948679754,0.0005241309243826605,0.00039589389260063514,0.00040713900115423783,0.00038412834936720896,0.9977438135376273
6542,5,5,0.9966636119084987,0.0004505316528627954,0.0011569192655757762,0.0006901671751791054,0.00036433844863940055,0.9966636119084987,0.0006744315492441737
6544,4,4,0.9976976049563827,0.0004751978919421838,0.0004108163511585635,0.0005232807936634057,0.9976976049563827,0.0002765718253143612,0.0006165281815387843
6545,2,2,0.9971606453779733,0.00037189684144241464,0.9971606453779733,0.0005560632490132498,0.0006099427678252588,0.000663841786205462,0.0006376099775402411
6546,3,3,0.9978683823114444,0.00041755068205688573,0.00049120314072676,0.9978683823114444,0.00042999533547399035,0.0004786475434987455,0.00031422098679928615
6547,3,3,0.9978565582114342,0.00042144171347090187,0.0004739736618283564,0.9978565582114342,0.0004390492980814431,0.000482557400071358,0.0003264197151137682
6549,4,4,0.997685622739225,0.0004735608298596258,0.0004124684875289594,0.000524769279013193,0.997685622739225,0.00027820227955872027,0.0006253763848144832
6550,4,4,0.9976438691527911,0.0004727831603133739,0.00039523047579846524,0.0005648280969304779,0.9976438691527911,0.0002976057238077595,0.0006256833903587971
6553,2,2,0.9961519360463736,0.0002608881498116241,0.9961519360463736,0.00037799616630061956,0.0004996895201623771,0.0021665225630879397,0.0005429675542638397
6554,5,5,0.9928363530198763,0.0003277008258832914,0.005294354002258267,0.0005746947462598774,0.000361434903061128,0.9928363530198763,0.0006054625026612115
6555,2,2,0.9973387200214783,0.00032332175059392827,0.9973387200214783,0.000499132499224782,0.0005757089759697251,0.0007065546026058565,0.0005565621501275592
6556,4,4,0.9976081315366631,0.0005201398466464416,0.0004215037690749328,0.0005127188941452427,0.9976081315366631,0.0003276263130481155,0.0006098796404220297
6557,3,3,0.9977554535176328,0.0004585854992328729,0.0004906086762537221,0.9977554535176328,0.0004908424382165829,0.0004311402673654249,0.0003733696012985324
6558,3,3,0.9973456459733158,0.0004399890455649462,0.0005248662258726537,0.9973456459733158,0.00036377194197552935,0.0009103900193135439,0.0004153367939573787
6560,1,1,0.9979337497988578,0.9979337497988578,0.0003607335399961884,0.00038716918960125525,0.0004119919049152746,0.0003445189810697596,0.000561836585559625
6561,1,1,0.9979269185068664,0.9979269185068664,0.00033180865677453336,0.00036785220713827794,0.00042053671604399607,0.0002904682385410688,0.0006624156746356387
6563,4,4,0.9975998406556529,0.00047058134927345594,0.00041450473235653376,0.0005506855342189156,0.9975998406556529,0.0003105092144048319,0.0006538785140933278
6564,6,6,0.9975293507756042,0.0007081329985148312,0.0005263670584915558,0.0003634515534726459,0.00044214106598081126,0.00043055654793596815,0.9975293507756042
6565,2,5,0.653710780397069,0.000767881979525474,0.33965676912218457,0.0013805869921743362,0.0013560925100498612,0.653710780397069,0.003127888998996828
6566,1,1,0.9937601149305919,0.9937601149305919,0.00045432328356210584,0.0004301224894167653,0.0005248188689288746,0.0003180116883713732,0.004512608739129017
6567,5,5,0.996314261564994,0.0003900967846040565,0.0013898209909928906,0.0005534165145539491,0.00032172641300897103,0.996314261564994,0.0010306777318460606
6568,5,5,0.996173689889031,0.00033927266828621554,0.002044094281425371,0.00048359905974383214,0.0003525324899915365,0.996173689889031,0.0006068116115220948
6569,4,4,0.9976423445475157,0.0005040488353952111,0.00041281813433069963,0.0005402474232452645,0.9976423445475157,0.0002939992428147187,0.0006065418166985338
6571,2,2,0.9970993756861264,0.00040862436704136904,0.9970993756861264,0.0005302111310227646,0.0006248145961585672,0.0006806821398216075,0.00065629207982913
6573,1,1,0.9979448107268217,0.9979448107268217,0.0003649257846271696,0.00036112482422294537,0.00041903717080201753,0.0003092834495997688,0.0006008180439263788
6575,5,5,0.9964325940729126,0.0003177116031791699,0.0014008897844694187,0.0005481285907180092,0.0002977687262014692,0.9964325940729126,0.0010029072225192785
6576,5,5,0.9934937638951216,0.0002474247955396103,0.004414706150159892,0.00048091563708876493,0.0003322778014400399,0.9934937638951216,0.0010309117206502181
6579,2,2,0.9969296302856399,0.0002694252268668181,0.9969296302856399,0.00046336597892559876,0.0005114374996771585,0.001239276863712168,0.0005868641451784207
6580,1,1,0.99792645665616,0.99792645665616,0.00035979126667027303,0.00040348586522637213,0.00043975473798296976,0.00034359251147083626,0.0005269189624895612
6583,1,1,0.9977761885540354,0.9977761885540354,0.00038293831414604163,0.0004537242791469524,0.0004732293480820283,0.0004064405035464539,0.0005074790010432343
6584,6,6,0.997769299206132,0.00048516239781467153,0.0004970386808205119,0.00042885679182907825,0.00039516558842202167,0.00042447733498173043,0.997769299206132
6585,5,5,0.9964826682414165,0.00038536974940721363,0.0016267194653457094,0.0006212441725816007,0.00035657855063478476,0.9964826682414165,0.000527419820614186
6586,5,5,0.9963416122245197,0.00040536450100647824,0.0012664475869276523,0.0006139286507029636,0.0003370750345171488,0.9963416122245197,0.0010355720023261046
6587,3,3,0.9969345739890312,0.0004537479187967436,0.001098612586319971,0.9969345739890312,0.0004781229860692965,0.0006568789315184952,0.00037806358826429095
6590,6,4,0.5592373804854246,0.003692446871164029,0.01697543508985901,0.021868514660810398,0.5592373804854246,0.01696536749247581,0.3812608554002662
6591,2,2,0.9971429498121954,0.0003770143006239894,0.9971429498121954,0.0005078272555519219,0.0005981898742115078,0.000665827815069733,0.0007081909423473838
6592,6,6,0.9976102077430907,0.0006035530219249157,0.0005200972645248939,0.00039613578557278454,0.00044939337949692935,0.00042061280538978167,0.9976102077430907
6593,1,1,0.9979378342597349,0.9979378342597349,0.00036844482230682625,0.000356171591777329,0.00041281596818816877,0.00030845976279683337,0.000616273595195944
6594,5,5,0.9964658251904591,0.00045197111782655983,0.0012715979539899033,0.0007166900488179878,0.0003961945276876871,0.9964658251904591,0.000697721161218735
6595,3,3,0.9972259984592726,0.0005333033297074057,0.0006061736705721449,0.9972259984592726,0.0007630855076933905,0.0004111331403316369,0.0004603058924228337
6597,2,2,0.9970921342148169,0.00035598363439357937,0.9970921342148169,0.0004889802109914405,0.0005848772862208359,0.0007482481084055635,0.0007297765451717035
6598,2,2,0.997049847041531,0.0003592072462605969,0.997049847041531,0.0005370957808008455,0.0006098756073201603,0.0007323341550104975,0.000711640169076864
6601,5,5,0.9960907889022859,0.0003867419279444808,0.0012998250949151165,0.0009272857192411651,0.0003384969176101237,0.9960907889022859,0.0009568614380032939
6603,3,3,0.9976832174879756,0.00045577896650956433,0.0005326126860573682,0.9976832174879756,0.00045223339303366797,0.0005033810953046036,0.00037277637111916275
6604,2,2,0.9970441513380329,0.0003619834766987803,0.9970441513380329,0.0005375603303002955,0.0006264613675744991,0.0007653125585985509,0.0006645309287949257
6605,4,4,0.9976195916291752,0.0005060904190521551,0.0004281218957978341,0.0005338293968966116,0.9976195916291752,0.00031147510859662314,0.0006008915504814824
6607,2,2,0.9972775100410997,0.00037077811174426916,0.9972775100410997,0.0004979425350011629,0.0005746624494690224,0.0006975692730635759,0.0005815375896223843
6608,2,2,0.9971001031881339,0.0002714415897566934,0.9971001031881339,0.0004762801331692158,0.0004700929200810629,0.0012123856138878464,0.00046969655497130965
6609,5,5,0.9966913088068131,0.00042408790479457175,0.001180285078001698,0.0007176323874064687,0.0003590485877807199,0.9966913088068131,0.0006276372352033865
6610,6,6,0.9978486388090484,0.0006090213482312251,0.00045061629898374584,0.0003315103269738218,0.00036800001143245036,0.0003922132053303366,0.9978486388090484
6612,1,1,0.9978728629728737,0.9978728629728737,0.0003527379582933797,0.00041259425875168925,0.00044466344663648727,0.0003502914614114034,0.0005668499020333632
6613,3,3,0.9978333965279869,0.00041151420780296763,0.00048447873061521616,0.9978333965279869,0.0004384698254010896,0.0005102588154376967,0.0003218818927562461
6615,3,3,0.9978571961937603,0.00041771271543376,0.0004617579304662484,0.9978571961937603,0.00043534570842935436,0.0005107792895397257,0.0003172081623705926
6617,3,3,0.997859552093197,0.0004190025562735471,0.00047953698199966905,0.997859552093197,0.0004210707618073301,0.0005121071664483018,0.00030873044027412803
6618,1,1,0.9978886293729872,0.9978886293729872,0.0003507387317024309,0.0004152226048540924,0.00042054505518545335,0.00035125643064103616,0.0005736078046298488
6620,4,4,0.9976877817469932,0.00047526279898620495,0.00040624504653095786,0.0005265721517960438,0.9976877817469932,0.0002813934308373861,0.0006227448248561549
6621,5,5,0.996668197487666,0.0003441541348252783,0.0011308655612951432,0.00070411036772494,0.0003259551036785831,0.996668197487666,0.0008267173448101373
6622,4,4,0.9975592604919359,0.0005451417262976807,0.0004109786041446133,0.00048680365395706304,0.9975592604919359,0.00028605484176666825,0.0007117606818980974
6623,5,5,0.9965644638899127,0.00045376466734096455,0.001234620596558978,0.000800730265968104,0.00037825623319942504,0.9965644638899127,0.0005681643470198241
6626,6,6,0.9978886700032806,0.0004788739242219074,0.00045850371580234207,0.0003930195704307276,0.00035686312351210903,0.0004240696627522337,0.9978886700032806
6628,1,1,0.997886518776015,0.997886518776015,0.00034341493946001613,0.00033230667631890007,0.00040703705043013534,0.000298561191009489,0.000732161366766597
6630,4,4,0.9976447733605539,0.0005059157523463455,0.0004218105965827701,0.0004981890924195025,0.9976447733605539,0.0003116719467321214,0.0006176392513653731
6631,2,2,0.9969680678440189,0.0002490014246804897,0.9969680678440189,0.0005896143713884975,0.0004793999141870667,0.0010756579914257,0.0006382584542991211
6633,5,5,0.9962817860977695,0.0004259995696121549,0.0015313878866604505,0.000630325510867526,0.0003823266824966839,0.9962817860977695,0.0007481742525936716
6634,4,4,0.9976169145011334,0.0005243944613911554,0.0004180364891254124,0.0005238166921330546,0.9976169145011334,0.0003032011528913249,0.000613636703325699
6635,6,6,0.9977903939619436,0.0005948423400641658,0.00044951421697014533,0.00036870058766169417,0.00038300785691362446,0.00041354103644679845,0.9977903939619436
6637,5,5,0.9966875239639426,0.00033991820558710895,0.001442486146427258,0.0005552985530031206,0.0003331914951096966,0.9966875239639426,0.0006415816359303607
6639,1,1,0.9979786183873322,0.9979786183873322,0.000351579332709505,0.0003732797305725541,0.00041688335089121626,0.0003259994815941949,0.0005536397169005153
6640,5,5,0.9966993169528863,0.00035631716404733484,0.0012339853520041827,0.0006269952555116588,0.00033660115159636834,0.9966993169528863,0.0007467841239541963
6642,1,1,0.9980020963200447,0.9980020963200447,0.000366796718959709,0.00035112235841926697,0.00038658083084383874,0.00031622960617470083,0.0005771741655577992
6644,2,2,0.99713340802294,0.00035096112431695533,0.99713340802294,0.00046931461974604547,0.0005854743847762483,0.000785201523533317,0.000675640324687148
6645,1,1,0.9979355029404954,0.9979355029404954,0.0003547076085376579,0.0004058256038891163,0.0004387948003699152,0.0003485118688845833,0.0005166571778233626
6646,1,1,0.9980541537674522,0.9980541537674522,0.0003664053683178303,0.00030869613230707747,0.0003636550559918751,0.0002981148222260207,0.0006089748537050252
6647,2,2,0.9963656364361939,0.0003029898487905376,0.9963656364361939,0.0003945492852485826,0.0005714843212344201,0.0014167031145367126,0.0009486369939958871
6648,3,3,0.9978136821146241,0.00039303895714337184,0.00045138672275550553,0.9978136821146241,0.0003833831795015868,0.0006350814240642731,0.0003234276019111465
6650,2,2,0.9962139077097376,0.00031260579419033706,0.9962139077097376,0.00042411202015533945,0.0005693574414573202,0.001872317743593163,0.0006076992908660521
6651,2,2,0.9960483906044266,0.0004253570513151292,0.9960483906044266,0.0007955159524234582,0.0007048072291554633,0.0006741737013779476,0.001351755461301486
6652,3,3,0.9955605819575786,0.000670242276822706,0.0008351643799246127,0.9955605819575786,0.0005743097016918778,0.000978319261361706,0.0013813824226203539
6653,1,1,0.9978444214992206,0.9978444214992206,0.00038855131472932875,0.00041342283615673623,0.00045468231646737534,0.0003551880525816832,0.0005437339808441153
6654,5,5,0.9965600056920252,0.0004159713064649018,0.00128749070851909,0.000598051405095715,0.000365002345773889,0.9965600056920252,0.0007734785421211874
6656,2,2,0.9970565927530166,0.00040133791778666333,0.9970565927530166,0.0005674880752096764,0.0006494888151352095,0.0006419416681096617,0.0006831507707422284
6658,1,1,0.998021089111595,0.998021089111595,0.0003578064520742271,0.00032909654644721996,0.0003704781996680978,0.00029581413873138135,0.0006257155514841619
6660,4,4,0.9975668009292126,0.0004635768042763867,0.00045093864075489094,0.0005487951466001062,0.9975668009292126,0.00031573316086444075,0.0006541553182916338
6661,1,1,0.9979871231096791,0.9979871231096791,0.0003771050304562287,0.00036638568126610055,0.0004018444818616213,0.00031905749351488985,0.0005484842032220888
6662,5,5,0.9966122780385912,0.0004111282380854349,0.0012567715025151138,0.0006688612594455756,0.00037788226623481995,0.9966122780385912,0.0006730786951278412
6665,1,1,0.9979313856822019,0.9979313856822019,0.0003924816361064446,0.00038349550809032266,0.0004280993412507158,0.00033691406960187483,0.0005276237627487522
6667,3,3,0.9978298852134035,0.00041190736914862637,0.00048328643639446964,0.9978298852134035,0.00042667290694720387,0.0005234044089960477,0.0003248436651100811
6668,3,3,0.9977982947518059,0.0004356129698189698,0.0005231552759053267,0.9977982947518059,0.0004502471311744592,0.00046701771722282916,0.0003256721540725833
6669,2,2,0.9966801910735279,0.00036061145210386324,0.9966801910735279,0.0005419274302490434,0.0006415212550829371,0.0008931963205889771,0.0008825524684472725
6670,1,1,0.9979374284414454,0.9979374284414454,0.00036977475514101115,0.0003748076222715416,0.00043410516268931656,0.00035086011775512806,0.0005330239006977579
6671,1,1,0.9979971552832602,0.9979971552832602,0.00036914185730006977,0.0003186508125599344,0.0003770275405586744,0.0003007092606079792,0.0006373152457132071
6672,4,4,0.9976489653428722,0.0004928803885617336,0.00042432273130119536,0.0005510431172743781,0.9976489653428722,0.00029956408915868775,0.0005832243308318757
6674,1,1,0.9978682404205065,0.9978682404205065,0.00036922303158385035,0.00040774276842233005,0.0004640272225078771,0.00036283567173617996,0.0005279308852432547
6676,6,6,0.9978137360422779,0.0005489014045582201,0.0004628962647557513,0.0003558625298813305,0.0003987061928627907,0.00041989756566410114,0.9978137360422779
6677,3,3,0.9975806647744113,0.000451204719765944,0.0005020069761794526,0.9975806647744113,0.0006428097555906125,0.0004122626542363723,0.00041105111981632554
6678,1,1,0.9979334947963322,0.9979334947963322,0.00036711236596398286,0.0003779284842791957,0.00039924299439639976,0.00032763628005982604,0.0005945850789683421
6679,4,4,0.9975952288638561,0.00048099401798963414,0.00040267318696056854,0.0005697490389181627,0.9975952288638561,0.0002971833745729116,0.0006541715177024534
6681,3,3,0.9978512607983527,0.0004101942884924247,0.0004605457431245222,0.9978512607983527,0.00043537320267755407,0.0004973946517407615,0.0003452313156120696
6682,6,6,0.9971157258416199,0.0006789781000031529,0.0007443775498990952,0.00045817650722977616,0.0005201027933293045,0.0004826392079188112,0.9971157258416199
6684,2,2,0.9971374843483317,0.0003962922535937309,0.9971374843483317,0.0005559975633076747,0.0006303980087703405,0.0006679034724564657,0.0006119243535401216
6686,4,4,0.9975293772817532,0.00047734091094561823,0.00040559798625553297,0.0006307874303776831,0.9975293772817532,0.00029330451795843806,0.0006635918727096102
6688,4,4,0.9976618329436172,0.0004288903454530835,0.0004098161605575296,0.0005559664590869634,0.9976618329436172,0.0002950608625579706,0.0006484332287272822
6689,3,3,0.9978556246628216,0.0004057794079700465,0.0004928818774601885,0.9978556246628216,0.00042529006334543885,0.0004920747700170027,0.00032834921838564726
6690,5,5,0.9451925003901652,0.0008114146052389694,0.044462192076381996,0.0013067472978031734,0.0008757626494573602,0.9451925003901652,0.007351382980953284
6692,3,3,0.997724365311347,0.0004807861466272619,0.0005023570303083416,0.997724365311347,0.0004604529323060073,0.0004871782202174983,0.0003448603591938492
6694,3,3,0.9978522688959968,0.000420578062218105,0.0004677962886984642,0.9978522688959968,0.0004520318505789033,0.0004609241180174502,0.0003464007844903295
6699,4,4,0.9975841259356676,0.0005301719761551575,0.00046878605922379433,0.00048080844438971903,0.9975841259356676,0.00032117879125024103,0.0006149287933135207
6703,2,2,0.9970396429445979,0.00040218568826678005,0.9970396429445979,0.0005015158829084085,0.000596920697842197,0.0007454413499161111,0.0007142934364685458
6704,1,1,0.9979346572355744,0.9979346572355744,0.00038143082785942846,0.0003800423714780186,0.00043824697404996134,0.000333841381340416,0.0005317812096978031
6705,5,5,0.9955305532736667,0.00040151609878508903,0.0024520978517829656,0.0006404922508858283,0.00038469341526520967,0.9955305532736667,0.0005906471096141873
6707,6,6,0.9974812208006192,0.000714969366710556,0.0005100320805006012,0.00038351575878100473,0.0004444282965796981,0.00046583369680891365,0.9974812208006192
6709,6,6,0.9969041723916173,0.0008416794986361818,0.0008211237546757713,0.000364927537848412,0.00046323198037377417,0.0006048648368484958,0.9969041723916173
6712,1,1,0.9979149870694052,0.9979149870694052,0.0003769943656512928,0.0003548121215380644,0.00039430000037066936,0.00036579521016126125,0.0005931112328735541
6716,5,5,0.986964576589217,0.00032906126353227533,0.010861105210669282,0.0006652674591847349,0.00047566584216160684,0.986964576589217,0.0007043236352350592
6717,6,6,0.9977733624398049,0.00048534112923835437,0.0005109857951604227,0.0004159569853342986,0.0004299740887589945,0.00038437956170306835,0.9977733624398049
6718,2,2,0.9959583745000414,0.0005228615455996003,0.9959583745000414,0.0008233504779309719,0.0008873366529748735,0.0007377700733002365,0.001070306750152966
6719,1,1,0.9978979967809719,0.9978979967809719,0.00035368277529676523,0.0003696929691941421,0.00039357703085113614,0.00034161938147904056,0.0006434310622070587
6720,1,1,0.9979157182731403,0.9979157182731403,0.0003620139010782815,0.00036869451016015314,0.0004149203529162669,0.00030349509616315603,0.0006351578665419054
6722,5,5,0.9966385204129299,0.0004060525905647349,0.0011632237396184725,0.0007173743682008927,0.0003417520728838602,0.9966385204129299,0.0007330768158021534
6724,4,4,0.9976124351491441,0.00047723364908031226,0.0004308780884773003,0.0005331631180434936,0.9976124351491441,0.00030480649926116395,0.0006414834959937412
6725,1,1,0.9979675970516021,0.9979675970516021,0.00033632005990219847,0.0002981904646541342,0.00035711180595628794,0.00029567475881304343,0.0007451058590720352
6726,4,4,0.997663183722735,0.0004915338567544425,0.00041418825040363783,0.00048506128176785,0.997663183722735,0.0002898373129872085,0.0006561955753518719
6727,6,6,0.9976013792272617,0.00048301036676609983,0.0004926515628986298,0.0005274819769982021,0.0004790226184054413,0.00041645424766991986,0.9976013792272617
6729,4,4,0.9976796096971768,0.0004993352716975086,0.0004060788320318811,0.0005062750797841222,0.9976796096971768,0.0002898879346265624,0.0006188131846830756
6731,2,2,0.9970533536704601,0.000357641928299589,0.9970533536704601,0.0005782031150134471,0.0005915308078951067,0.0007764640717460111,0.0006428064065857398
6732,1,1,0.9979337817027987,0.9979337817027987,0.00038923296638325303,0.00036629673427055593,0.0004168823306162908,0.000333459903727793,0.000560346362203461
6733,4,4,0.997621232221497,0.0005209762571658334,0.0004032697446098075,0.000531877620666676,0.997621232221497,0.0003026991598698449,0.0006199449961909381
6734,3,3,0.9978223468996003,0.0004480082216173792,0.0004780540795521766,0.9978223468996003,0.00044100444426250856,0.000472718271530045,0.00033786808343768554
6735,4,4,0.9976778444520088,0.0004818835201577972,0.0004023092158497824,0.0005324846672742325,0.9976778444520088,0.00029299786603484467,0.0006124802786745972
6736,1,1,0.9976711700667765,0.9976711700667765,0.0003500126544908448,0.0003323880132423873,0.00039538890687242084,0.00028435804422368837,0.0009666823143941338
6739,2,2,0.9972119567103647,0.00035913990080865794,0.9972119567103647,0.000526679781890249,0.0005867264024435389,0.0006773029436924914,0.0006381942608005122
6740,5,5,0.9966147692827415,0.00042346082686561945,0.0014576763135262208,0.0005931020804102614,0.0003453633159977886,0.9966147692827415,0.0005656281804586368
6741,5,5,0.9961467708861909,0.0005544042144485915,0.0011595858865826865,0.0008460389416325931,0.00041080904493243114,0.9961467708861909,0.0008823910262128436
6742,6,6,0.9967234737102384,0.0007045635725226137,0.0006146276722872225,0.0009112088015549407,0.0005588153147922694,0.00048731092860459,0.9967234737102384
6743,3,3,0.9978283829715313,0.0004310104236767302,0.0004932939570708239,0.9978283829715313,0.00045360349350119554,0.00046180888160381753,0.00033190027261609256
6745,5,5,0.996353353963329,0.0004738471891773656,0.0011756362692353095,0.000737876839067317,0.00036821379238757916,0.996353353963329,0.0008910719468033629
6746,6,6,0.9977369994723164,0.000554874511243793,0.000491999122981725,0.0004024698951659213,0.00041868747999677464,0.00039496951829534664,0.9977369994723164
6747,5,5,0.9955799007913072,0.0005094318779532413,0.0021328721247602157,0.0005009048048545374,0.0003616725452704266,0.9955799007913072,0.000915217855854376
6748,2,2,0.9973590278951942,0.00030687054181641893,0.9973590278951942,0.000486778789205133,0.0005156294468899848,0.0008195019156689613,0.0005121914112254272
6751,6,6,0.9970762993134931,0.0007612008686168814,0.0005944557062980539,0.0004873793060699364,0.0006331371427190178,0.00044752766280304403,0.9970762993134931
6753,6,6,0.9968427668584946,0.0007542995342283102,0.0007158222903432186,0.0004425260232437672,0.0005351081042062362,0.0007094771894839194,0.9968427668584946
6754,4,4,0.9976498091181423,0.00046943364909144016,0.00043697103415337184,0.000537915541532113,0.9976498091181423,0.0002798588719682078,0.0006260117851126134
6755,3,3,0.9978688291120923,0.00040962820823712653,0.00044403804304558425,0.9978688291120923,0.0004074712652978842,0.0005479748578154687,0.00032205851351179245
6757,3,3,0.9978129574214887,0.0004307631560022678,0.0005054569794726644,0.9978129574214887,0.000420458041678171,0.0004995824871789191,0.0003307819141793935
6758,4,4,0.9976425560888055,0.0005216687501986475,0.0004133137817149284,0.0005103137732083436,0.9976425560888055,0.00031165700226519196,0.0006004906038074431
6759,1,1,0.9977833391984046,0.9977833391984046,0.0003477030176617566,0.0003294479605829085,0.0003963201794831272,0.00026878917650717836,0.0008744004673604975
6760,3,3,0.9978532827321497,0.00043268358980864794,0.0004732318056696572,0.9978532827321497,0.00040743228999723494,0.0005041965370076901,0.00032917304536705255
6761,5,5,0.9951828999157827,0.0003783828039229594,0.0028127285336651256,0.0007670510188510666,0.00034717010716066825,0.9951828999157827,0.0005117676206175341
6762,1,1,0.9980117785508192,0.9980117785508192,0.00036689545632942477,0.00033816403646362504,0.00040061253732659213,0.00030939332642394146,0.0005731560926371528
6763,1,1,0.9979843169026292,0.9979843169026292,0.00035275784685633656,0.0003792310700999528,0.0004123657528602409,0.00032349059760623875,0.0005478378299480094
6764,4,4,0.9975811592910118,0.00045987429778756716,0.000407714061767778,0.0005250927827069769,0.9975811592910118,0.000308312457390028,0.0007178471093358753
6767,2,2,0.9962019099203482,0.0004451537919256448,0.9962019099203482,0.0007784946412639168,0.0008097217663330961,0.0009850212135706189,0.0007796986665586277
6768,2,2,0.994146463509901,0.00034821107786528027,0.994146463509901,0.0005826335267687591,0.0006482262184065327,0.0014419836784375015,0.0028324819886209563
6770,5,5,0.9965335371125926,0.0004543875802974014,0.0010910295213241907,0.0007645042099109266,0.0003485404097283026,0.9965335371125926,0.0008080011661465096
6771,3,3,0.9975293348951411,0.0004892622271553107,0.0005464917087302018,0.9975293348951411,0.0005066915218083697,0.0005153868732951705,0.0004128327738699018
6772,4,4,0.9975754601237804,0.0005041193810660338,0.0004697609663898146,0.0005260320650508434,0.9975754601237804,0.00032197920671687085,0.0006026482569960309
6774,2,2,0.9970992050544328,0.0002660467697577773,0.9970992050544328,0.000544366217905949,0.0005396603611445207,0.0008410216330220496,0.0007096999637368148
6776,1,1,0.9974757743905878,0.9974757743905878,0.0003671641647654117,0.0004923245728870757,0.0005156861005117025,0.0003791065137983941,0.0007699442574496712
6777,4,4,0.9972093547542766,0.0005228571745941211,0.0006257763501588061,0.0006193776985086098,0.9972093547542766,0.00031992786768935127,0.0007027061547724803
6778,5,5,0.9963174445045186,0.0004362884463868028,0.0012438500556956485,0.0006921780697764895,0.00037022426081145023,0.9963174445045186,0.0009400146628109874
6779,1,1,0.9975878855880435,0.9975878855880435,0.000333648989421303,0.00034804045646670345,0.0003826180219061005,0.0003076281545969009,0.0010401787895653073
6781,2,2,0.9972011319617688,0.0003889657565212021,0.9972011319617688,0.0005262051374250235,0.0005753770508231227,0.00074929753347869,0.0005590225599828825
6783,3,3,0.9978859598071992,0.00041416989981030335,0.0004276907239606952,0.9978859598071992,0.0003986421047004329,0.000548923597709397,0.00032461386661996434
6785,3,3,0.9978296187996161,0.0004204036970482542,0.00048385653777171725,0.9978296187996161,0.00042982897256745267,0.0005016576628886344,0.0003346343301078196
6786,3,3,0.9966665669917756,0.0004273741029547881,0.0011182449039973102,0.9966665669917756,0.0005472639803783214,0.000618688793548354,0.0006218612273457959
6787,3,3,0.9978705343658681,0.0004156808387192667,0.0004903284564853356,0.9978705343658681,0.0004279187065569547,0.0004838456956363888,0.00031169193673389245
6790,3,3,0.9976976199393823,0.000465484845215685,0.000501760207599544,0.9976976199393823,0.0004426607780798332,0.0005286009815616165,0.0003638732481609702
6791,4,4,0.9976103433857836,0.0005107055250910674,0.0004008073061924667,0.0005463868216889849,0.9976103433857836,0.0002987650552460513,0.0006329919059978982
6792,1,1,0.9979889466337395,0.9979889466337395,0.00034910356300892314,0.0003244529676765262,0.0003726909663030766,0.00028550203052093314,0.0006793038387510423
6794,6,6,0.9976746349340978,0.0005308991482702394,0.00044185260375210746,0.0004900695013085589,0.0004413476814020985,0.0004211961311691792,0.9976746349340978
6796,5,5,0.9965089774700933,0.0004133165102698339,0.001203638832276274,0.0006868718169041814,0.0003538879097271851,0.9965089774700933,0.0008333074607292937
6797,3,3,0.9977142290651894,0.0004570358449587641,0.0005022904126177313,0.9977142290651894,0.0004910347382612056,0.00046957165138414135,0.0003658382875888433
6798,1,1,0.9979858826931776,0.9979858826931776,0.0003479174363114016,0.00031300058405384963,0.0003498735628143886,0.00028588422714995594,0.0007174414964930128
6799,5,5,0.9965722617150464,0.00038465403703224387,0.001581501923117652,0.0005618954923995691,0.000347379364171985,0.9965722617150464,0.0005523074682321064
6800,1,1,0.9979516578436572,0.9979516578436572,0.0003688853793859038,0.0003544384147090542,0.00040818576012851664,0.0003299472539673536,0.0005868853481519686
6801,5,5,0.9964737979082796,0.0003413400788516704,0.0017408593586798462,0.0005685530876200216,0.00033845725693585233,0.9964737979082796,0.0005369923096329698
6802,1,1,0.9979189732858446,0.9979189732858446,0.00035924462673178506,0.0004139988243934935,0.00044846133770728855,0.0003423768623472551,0.0005169450629756643
6803,1,1,0.9979325989479562,0.9979325989479562,0.0003706389858458565,0.0003948251140730304,0.00041882669490283484,0.00032909966881109517,0.0005540105884110278
6804,1,1,0.9979589660545183,0.9979589660545183,0.0003492613724175246,0.0003733474684250979,0.00041067656330402583,0.0003124526540002051,0.0005952958873348928
6806,4,4,0.997658097096042,0.0005066505797632322,0.00041158280463060256,0.0005514634921117913,0.997658097096042,0.00028606846583047136,0.0005861375616218283
6807,5,5,0.9965342418112683,0.0003416084847077711,0.0017235365463841152,0.0005014237317129165,0.00034799825987485213,0.9965342418112683,0.000551191166052126
6809,1,1,0.9978092406031432,0.9978092406031432,0.00041757332318349035,0.00042082390093374045,0.0004656714779988555,0.000352341626802857,0.0005343490679377589
6810,4,4,0.9976194952700733,0.0005293803645680847,0.0004209612279378247,0.0004989904926749065,0.9976194952700733,0.00031503335020364884,0.000616139294542161
6811,2,2,0.9972986818399342,0.00033451879501744425,0.9972986818399342,0.00048196436248313984,0.0005695394493485232,0.0006942964558488042,0.0006209990973678725
6812,3,3,0.9977797979701334,0.00043516685169264107,0.0004886860316492654,0.9977797979701334,0.0004704340007275497,0.000503448018494284,0.0003224671273028686
6813,6,6,0.9977613303333568,0.0005734375224373698,0.00046930012115964023,0.00040639280523005635,0.00042310084799064725,0.00036643836982554163,0.9977613303333568
6814,2,2,0.9972547526166915,0.00035056759958161855,0.9972547526166915,0.0005699020003894087,0.0005705929253819219,0.0007446429263855529,0.0005095419315700082
6815,1,1,0.9978153133513317,0.9978153133513317,0.00036265971064213903,0.00040845627873362263,0.0004499118356197656,0.0003747987153531069,0.0005888601083196796
6816,1,1,0.9979379466146808,0.9979379466146808,0.0003610317833485723,0.0003693669746158151,0.0004121115071582065,0.0003058836934122063,0.0006136594267842006
6817,5,5,0.9966285666404526,0.0003516643426844172,0.0014576527524076404,0.0005436567503249802,0.000327916665146986,0.9966285666404526,0.0006905428489834189
6818,3,3,0.9972276125710534,0.0005413226983244648,0.0006145956168378028,0.9972276125710534,0.000593044751603566,0.00046557004583980434,0.0005578543163409482
6820,2,2,0.995993951823451,0.0004174111443567762,0.995993951823451,0.000781135967147309,0.0010906461174440972,0.0008928010177323391,0.0008240539298684682
6821,1,1,0.9979598192822179,0.9979598192822179,0.0003544122620397392,0.000357701896991524,0.00040640951306360114,0.00030353338387192766,0.000618123661815415
6822,4,4,0.997625078268993,0.0005095583722169332,0.0004082600260181159,0.0005472545229924763,0.997625078268993,0.00029819531587227665,0.0006116534939071936
6823,2,2,0.9970650743999463,0.00040824123246556253,0.9970650743999463,0.0005335425732952536,0.0006155408748637557,0.0006966512767132746,0.0006809496427159533
6826,2,2,0.9971700703947993,0.00042006092754840374,0.9971700703947993,0.0005195790641018431,0.0006041857652212409,0.0006809112069498133,0.0006051926413794289
6827,6,6,0.997876797729583,0.0005121350581282723,0.000462052428252939,0.0003907828784631253,0.0003920292500453836,0.00036620265552727346,0.997876797729583
6828,4,4,0.9976617826071961,0.000509259095334617,0.00043249826077097205,0.0004842907718441349,0.9976617826071961,0.00030076334236406435,0.0006114059224901154
6829,4,4,0.9975981914687684,0.0005135746120822391,0.0004080761994307591,0.0005050494601936351,0.9975981914687684,0.0002891346116065242,0.000685973647918428
6831,3,3,0.9977200036309779,0.0004338158730533573,0.0004882517099229456,0.9977200036309779,0.0005454651874348329,0.00043122385665289435,0.0003812397419581617
6832,4,4,0.9976561760826548,0.0004813981110407303,0.00040755057039140697,0.0005468761461703138,0.9976561760826548,0.00027924268695283795,0.0006287564027899934
6833,2,2,0.9969079764987473,0.0002912734540060391,0.9969079764987473,0.00048143199702705314,0.0005076668874359967,0.0013091335576945029,0.0005025176050890949
6834,5,5,0.9963841992746628,0.000530262798241528,0.001255064806891719,0.0007211125740655477,0.0004139052701469882,0.9963841992746628,0.0006954552759914219
6835,2,2,0.9969610319137265,0.0003633702489170395,0.9969610319137265,0.0005471193442196542,0.0006212594295759638,0.0007155501917224547,0.0007916688718383787
6836,1,1,0.9979277997756557,0.9979277997756557,0.0003528936571689873,0.00030422728470617927,0.0003544407875304533,0.0002998115938033718,0.0007608269011354117
6838,3,3,0.9978653209834465,0.0003873095503658339,0.0004825542570078569,0.9978653209834465,0.0004259353125111486,0.0005193171992664554,0.0003195626974023302
6839,1,1,0.9980099835298988,0.9980099835298988,0.0003608335405375458,0.0003029390366190642,0.0003806525215583819,0.0002940287824754421,0.0006515625889108838
6840,5,5,0.9963839003650122,0.00042165550771844406,0.0014898660517287006,0.0006459415275488914,0.00040165069891700926,0.9963839003650122,0.0006569858490746835
6843,2,2,0.9971995836340038,0.0003611553576949914,0.9971995836340038,0.0005108909346632317,0.0005958256367261648,0.0006913221193730332,0.0006412223175387106
6847,1,1,0.9979003867064505,0.9979003867064505,0.00037044470821638446,0.0003716045831947338,0.0004343002306393452,0.0003415125315740471,0.0005817512399249637
6848,3,3,0.9978288934377331,0.0004240992680505962,0.0004736914089788445,0.9978288934377331,0.0004344586600097682,0.0005045771794346335,0.0003342800457930678
6849,4,4,0.9975584657430545,0.0005536074780791893,0.00040205645284792087,0.0005482632575162328,0.9975584657430545,0.00027468157479929587,0.0006629254937028061
6851,5,5,0.992319620344062,0.000374717528649795,0.0057424694270434935,0.0005776206939820674,0.00044217829332585107,0.992319620344062,0.0005433937129368857
6852,6,6,0.9971501108435187,0.000744486975165841,0.000647505329866697,0.000428278081201668,0.0005069700938635403,0.0005226486763835306,0.9971501108435187
6853,4,4,0.9976271207668123,0.0004991237848401,0.000405962605448334,0.0005023310849135557,0.9976271207668123,0.0002977886819494649,0.0006676730760363124
6854,3,3,0.9978281041284208,0.00043332203596844956,0.0004806211408093316,0.9978281041284208,0.00043141291215777737,0.0004960668916182022,0.00033047289102553667
6859,4,4,0.997650077530319,0.00045915864326964706,0.0004063155172965025,0.0005833746345059879,0.997650077530319,0.00028148316514452513,0.000619590509464378
6861,4,4,0.997680473060237,0.00048247293417453483,0.00041091391674191773,0.0005381152988045443,0.997680473060237,0.0002875491764154229,0.0006004756136266712
6862,5,5,0.9965212622097986,0.00031641449610981636,0.0015779462848713943,0.000573879589444696,0.00030750153509620477,0.9965212622097986,0.000702995884679289
6863,2,2,0.9972177345303728,0.0003587685345227706,0.9972177345303728,0.0005025632962936085,0.0005688239341591437,0.0007805897660475579,0.0005715199386041935
6864,2,2,0.9968150084262214,0.00047898291613761215,0.9968150084262214,0.0007176187506074149,0.0007395509338187921,0.000611126543519034,0.0006377124296958393
6865,4,4,0.997665449756415,0.0004997275759693773,0.0004174999962447326,0.0004911451470233257,0.997665449756415,0.00029301935716374004,0.0006331581671838157
6868,2,2,0.997071632361808,0.0003983697607770463,0.997071632361808,0.0005570170601290336,0.0006175585067571987,0.0007010208526217267,0.0006544014579072135
6869,3,3,0.9978429733598796,0.00042341359123417184,0.00047639661696127913,0.9978429733598796,0.0004347238048016512,0.0004831840082079405,0.00033930861891537633
6870,5,5,0.996479254477701,0.00038103952951025596,0.0012550241600443946,0.0006705009423153341,0.0003445753388219202,0.996479254477701,0.0008696055516070655
6871,2,2,0.9970185598250206,0.0004127508662244662,0.9970185598250206,0.0005494657583765131,0.0006513708400409529,0.000632276282843003,0.0007355764274943874
6873,1,1,0.997939912835186,0.997939912835186,0.00037390867838087193,0.000357358260855472,0.0004538526246393171,0.00030116094544431303,0.0005738066554940439
6874,2,2,0.9972689887064292,0.0003420197919722643,0.9972689887064292,0.0004747659601780895,0.0005520983404851021,0.0007461203909029206,0.0006160068100325076
6875,6,6,0.9975499080503079,0.0006307474996787556,0.0005334061340397489,0.0003770834720100478,0.00046855319831532426,0.00044030164564822806,0.9975499080503079
6876,1,1,0.9979700336533807,0.9979700336533807,0.00033594936400428645,0.0003443201504205703,0.00040871680607342675,0.0003093762542425335,0.0006316037718785012
6877,5,5,0.9966210741213126,0.0004409471856757923,0.0014777130892557422,0.0005096904083482307,0.0003383881912073758,0.9966210741213126,0.0006121870042003016
6878,4,4,0.997618105784296,0.000516190238197125,0.00041253065064093976,0.000524589138731394,0.997618105784296,0.0002979751992006893,0.000630608988933908
6880,3,3,0.9977460283758776,0.0004850793523013979,0.0004847117418269979,0.9977460283758776,0.00044310187992441577,0.00046392593209189565,0.00037715271797774454
6881,4,4,0.9976025095446849,0.0005234585818238627,0.0004201310669118605,0.0005430321904618161,0.9976025095446849,0.0003060641792084542,0.0006048044369091354
6882,1,1,0.9979141375181471,0.9979141375181471,0.00039044546509748413,0.00039240729610496547,0.0004241379219489694,0.00036129335132578357,0.000517578447375798
6884,6,6,0.9977438044196433,0.0005777289972440511,0.0005222012775043496,0.00035104570297958424,0.0004129744898258545,0.00039224511280287923,0.9977438044196433
6886,1,1,0.9978561697125179,0.9978561697125179,0.00041298674690105555,0.000359247194968001,0.0004332672848832336,0.00029004876560326595,0.0006482802951265526
6887,1,1,0.9979362737859813,0.9979362737859813,0.0003496365185430344,0.0004001394945813839,0.0004292514166324827,0.00035829930299938716,0.0005263994812624864
6889,5,5,0.9953619767366629,0.00034030709989908426,0.0026014977882102843,0.0004887508077440304,0.0003569938682849312,0.9953619767366629,0.0008504736991987706
6890,6,6,0.9951965987832779,0.0006417690623741524,0.000723066243773344,0.0007042434586296271,0.0004097716711091574,0.0023245507808357614,0.9951965987832779
6892,3,3,0.9978201358239529,0.00044494724577498403,0.0004898286409323434,0.9978201358239529,0.00042450908090038947,0.00047775561539689513,0.0003428235930424962
6894,1,1,0.9980002458950723,0.9980002458950723,0.0003553644784750549,0.00036571045407344285,0.0004080720996916817,0.0003354562352572749,0.0005351508374302543
6896,2,2,0.996243688321363,0.00040885735127849804,0.996243688321363,0.000572233969224105,0.0007211752622768692,0.0008820401615143827,0.001172004934343143
6897,5,5,0.9941356529874917,0.0005207462418456847,0.003776057988254519,0.000730889700310346,0.0003728305294685501,0.9941356529874917,0.00046382255262912683
6898,1,1,0.9976784742695025,0.9976784742695025,0.00037416276360783656,0.00034733558307516226,0.00039481606191552347,0.000300796787675245,0.0009044145342237469
6900,2,2,0.9710469100666219,0.00041747616793029045,0.9710469100666219,0.0006475643109716129,0.0008232303033776963,0.025226578053281577,0.0018382410978168948
6901,3,3,0.9978327975454271,0.0004320562198227638,0.00047605567484978214,0.9978327975454271,0.00044679602707047586,0.00047323699841563254,0.00033905753441431963
6903,3,3,0.9978421560332381,0.0004084170260914259,0.0004978658810703366,0.9978421560332381,0.0004405457658260176,0.0004676075864663574,0.00034340770730782304
6904,2,2,0.993253529586975,0.0002762649634869321,0.993253529586975,0.0004712880782576729,0.0005549898406377677,0.004754814216772002,0.0006891133138706422
6907,3,3,0.9977550218416131,0.00042419687694405747,0.0004910241260900958,0.9977550218416131,0.0004975681799960116,0.0004698417198766244,0.00036234725547991127
6909,5,5,0.996346192112201,0.00041489903335598506,0.0014421384786748245,0.0008842484240120061,0.0003553406335843651,0.996346192112201,0.0005571813181718406
6910,4,4,0.9976028583997242,0.00043842937662873135,0.00041951907588744675,0.0005417960229359963,0.9976028583997242,0.0003121907580565334,0.0006852063667671307
6914,6,6,0.9934821267217806,0.0004274539266984495,0.0022376083560382604,0.000875603821595249,0.0005159258525367961,0.0024612813213506757,0.9934821267217806
6917,6,6,0.9978664205784831,0.0005655004466307007,0.0004467597324583565,0.0003422597840182498,0.00038565490354644977,0.00039340455486313767,0.9978664205784831
6920,6,6,0.9973395958221499,0.0007541596213353402,0.0005975420066283148,0.00042373549418361483,0.000496161311166393,0.0003888057445364575,0.9973395958221499
6921,3,3,0.9976799297368032,0.0004566702595187724,0.0005235396305466224,0.9976799297368032,0.0005294568469725129,0.00046334871576501777,0.0003470548103938495
6922,3,3,0.9977620029548202,0.00046109651465320545,0.00048444567471048834,0.9977620029548202,0.00046768821236160314,0.0004460918305606075,0.00037867481289369465
6924,6,6,0.9976203041556787,0.0006255958701448169,0.0005005594674112986,0.0004258258642929274,0.0004631944266338902,0.0003645202158383078,0.9976203041556787
6928,4,4,0.9977032564877548,0.000472429325945253,0.00040272486603971745,0.0005245549266958634,0.9977032564877548,0.00029054054241459126,0.0006064938511497609
6929,1,1,0.9978949324015733,0.9978949324015733,0.00037570187399787205,0.00038735798638240117,0.0004415882849196735,0.00034054520597060324,0.0005598742471560527
6930,2,2,0.9969217104420257,0.00035877250423426473,0.9969217104420257,0.0005837581773511611,0.0006611850852378257,0.0007437527196885045,0.0007308210714625952
6931,4,4,0.9975996583597512,0.0005267079670956905,0.0004188535082170882,0.0005165431633008427,0.9975996583597512,0.0002979077389846644,0.0006403292626505161
6932,3,3,0.9978237145400987,0.0004222610225233511,0.00047122591218152766,0.9978237145400987,0.0004669688081005809,0.00044631283257682306,0.00036951688451908706
6933,5,5,0.9966159182447127,0.00042476006170202223,0.0011206690372291789,0.0007450834172633574,0.00035925161945062235,0.9966159182447127,0.0007343176196420932
6934,3,3,0.9977288355238487,0.0004320066735242962,0.0004946636958760496,0.9977288355238487,0.0005011030344656382,0.00048651994974661055,0.00035687112253878525
6936,4,4,0.9976706006626771,0.0004929994514136579,0.00042352438737660756,0.0005035518601564974,0.9976706006626771,0.0003068549006540009,0.0006024687377221406
6937,3,3,0.9978175811436862,0.00041469128986597103,0.00047521631087641726,0.9978175811436862,0.0004573062220432751,0.0005041356505754499,0.00033106938295261485
6938,1,1,0.9979716871796961,0.9979716871796961,0.0003119656302857987,0.0003333517329662896,0.0003875232085624499,0.00030126159225115837,0.0006942106562380268
6943,2,2,0.9960446778720117,0.00037800523552886664,0.9960446778720117,0.0006128472267250292,0.0006732976823413095,0.0010129735253719388,0.001278198458021277
6944,1,1,0.9879895408428702,0.9879895408428702,0.0006914760423589427,0.0006896847016016296,0.0006710739662535969,0.0005067727740694482,0.00945145167284636
6946,4,4,0.9976821404514422,0.0004831948248741631,0.00042726078172773224,0.0005047050886040681,0.9976821404514422,0.00030617938271500824,0.0005965194706368715
6947,4,4,0.9976405170029085,0.0004521557873759423,0.0004241211178409037,0.0005051003066680167,0.9976405170029085,0.0003081335748959496,0.0006699722103107709
6948,3,3,0.9978139922617446,0.000439077469841818,0.0004896075368880821,0.9978139922617446,0.0004232688522757601,0.0005135025367882815,0.00032055134246149257
6949,3,3,0.9977873581480534,0.00045185201532332495,0.00047336280197123797,0.9977873581480534,0.0004316181301351376,0.0005188870718601425,0.0003369218326567274
6950,5,5,0.996464889032692,0.00046751379422834056,0.0012746351357975883,0.0006652307035787757,0.00037561009302523743,0.996464889032692,0.0007521212406780504
6952,3,3,0.9977715774947253,0.00045112992677564465,0.0004941586020347689,0.9977715774947253,0.00044860726491798095,0.0004872122160828579,0.0003473144954634499
6954,1,1,0.9979870486881518,0.9979870486881518,0.0003365218457550148,0.0003862400134091004,0.0004200752290888965,0.00033456967695734516,0.0005355445466378012
6955,5,5,0.9965220409898388,0.00039878975411317916,0.0014072475792492648,0.0005881013183529206,0.0003451464775406537,0.9965220409898388,0.0007386738809052536
6956,3,3,0.9976083034720924,0.0004640698313940862,0.0005418160578033856,0.9976083034720924,0.0005717669261251701,0.0004387530204742126,0.00037529069211070536
6957,5,5,0.9966248007578087,0.0003773599645816591,0.001306969288276805,0.0006627833759285527,0.00036989919784340705,0.9966248007578087,0.0006581874155609389
6958,2,2,0.9972008823695676,0.0003709108701505573,0.9972008823695676,0.0005459810686168702,0.0005972908325105592,0.0006704246283224287,0.0006145102308320226
6959,2,2,0.9971818875941039,0.0003716604962215846,0.9971818875941039,0.000503580314345929,0.0005839436636541715,0.0007180290684296573,0.0006408988632447772
6960,2,2,0.9967254625782009,0.00030993303421719264,0.9967254625782009,0.0004298851583043187,0.0005576236331252746,0.0014535347918520586,0.0005235608043002256
6962,5,5,0.9965499553080914,0.0004569932022078436,0.0012124506651508187,0.0007116571589118733,0.00037611621920710214,0.9965499553080914,0.0006928274464309629
6964,6,6,0.9976780030499487,0.0005502259708494227,0.0005345412759987851,0.00042582487544429485,0.0004577330643702629,0.0003536717633885677,0.9976780030499487
6965,1,1,0.9978511103168151,0.9978511103168151,0.0003809953835405951,0.0004173734536459335,0.0004494517239388306,0.0003726229684110145,0.0005284461536486109
6966,6,6,0.9974144918387128,0.0006600401976306059,0.0006065733748898175,0.0004896154968617195,0.00041923288720006413,0.00041004620470500106,0.9974144918387128
6967,5,5,0.9965968353907542,0.0004403241980388481,0.001106220970382656,0.0006959696173037612,0.00033617921720798454,0.9965968353907542,0.0008244706063125955
6968,2,2,0.996812679453882,0.00040411779966815294,0.996812679453882,0.0006324043563248642,0.0006938823514402613,0.0007787282757829871,0.0006781877629017494
6969,2,2,0.9972778155460396,0.00035785705456213796,0.9972778155460396,0.0004863837188278807,0.0005671248668626964,0.0007214272486781115,0.0005893915650296503
6970,5,5,0.9960938518740853,0.0004317154192315437,0.0012938721503033103,0.0005302594099395072,0.00032910539089219795,0.9960938518740853,0.0013211957555481484
6971,3,3,0.9977102140168288,0.0004706147797981561,0.0005173339705022414,0.9977102140168288,0.0004932625972455401,0.00043265540642826376,0.0003759192291969435
6973,4,4,0.9976802565059942,0.00047969641002580855,0.0004077897457460155,0.0005287120951545384,0.9976802565059942,0.00029054629538567564,0.0006129989476937187
6975,5,5,0.9964655868008755,0.0004205747779323828,0.0013543344415765473,0.0006469365475253323,0.0003917095400107028,0.9964655868008755,0.0007208578920795456
6976,4,4,0.9975893595600851,0.0005172925935721985,0.00040178239973618333,0.000535174161803701,0.9975893595600851,0.0003032856068606062,0.0006531056779422134
6978,4,4,0.997582810102048,0.0005378550880140629,0.00041517971946425646,0.0005211429717883882,0.997582810102048,0.00029602279992889467,0.0006469893187564638
6979,3,3,0.9977765094474506,0.00045651895793216365,0.00048288833960307293,0.9977765094474506,0.00042921831183762667,0.0005065870081095908,0.0003482779350669927
6980,1,1,0.9979577525269234,0.9979577525269234,0.00036263434120007814,0.00037931467653501443,0.000404334568357024,0.0003501051722104654,0.000545858714774011
6982,1,1,0.9978803616945247,0.9978803616945247,0.00033652422297042825,0.0003226992920172477,0.00037389421149155826,0.0002755664233534621,0.0008109541556426894
6984,1,1,0.9979754756979635,0.9979754756979635,0.00035847814728951296,0.0003661979961193815,0.00039895322052452324,0.00030773474844486456,0.0005931601896583225
6986,2,2,0.9969141858748323,0.0003284235259337596,0.9969141858748323,0.0005443103350797195,0.0005778986014134946,0.001012933362238568,0.000622248300502231
6989,1,1,0.9978852948143964,0.9978852948143964,0.00035359718156036666,0.00035530796273162735,0.0003794099479925152,0.0003059717078121126,0.0007204183855070151
6990,5,5,0.9963874641742433,0.0003238937294916304,0.0017815065489840357,0.0005646334512555447,0.0003005815034979248,0.9963874641742433,0.0006419205925276026
6991,4,4,0.9976445908253115,0.0005068558321528168,0.00041839086977208236,0.0005235240613090487,0.9976445908253115,0.00030410699749604703,0.0006025314139585406
6992,2,2,0.9969338808251348,0.000444866744957423,0.9969338808251348,0.0006050940519505557,0.0006883318272209745,0.0006408112644730265,0.0006870152862632872
6993,2,2,0.9972355878502535,0.0003143048644355296,0.9972355878502535,0.0004858036077515678,0.0005071929730019654,0.0009715349797965454,0.00048557572476099506
6994,2,2,0.9968919353175242,0.00044291601743725375,0.9968919353175242,0.0005814851611508344,0.0006749245128873553,0.0006326271636147595,0.0007761118273856049
6995,5,5,0.9701667778137724,0.0004848851415229023,0.027232927321713354,0.0007629183512768579,0.0006280831520801616,0.9701667778137724,0.0007244082196343863
6996,3,3,0.9973611784182218,0.0004770051729422858,0.0005668159208542523,0.9973611784182218,0.0006675565533813531,0.0004337643051503848,0.0004936796294499731
6997,3,3,0.9978848552477573,0.00041510821457351875,0.0004457510278713265,0.9978848552477573,0.0004115026863737931,0.0005155031919616006,0.0003272796314625578
6998,1,1,0.9979350326824654,0.9979350326824654,0.00039195177042908926,0.0003793324356506266,0.0004168985576425177,0.00033161271383946525,0.0005451718399729957
6999,1,1,0.9979663027456543,0.9979663027456543,0.00035620028794001416,0.0003503498365629187,0.0004035562313925275,0.00032851093568791393,0.000595079962762341
7000,1,1,0.9978595441710695,0.9978595441710695,0.0003695496881997591,0.000412523856696231,0.0004548681018068964,0.00032754109760806,0.0005759730846196014
7002,3,3,0.9973793858812285,0.000494617951702934,0.0006050135628296626,0.9973793858812285,0.000665103722699459,0.0004484287719449661,0.0004074501095944292
7003,1,1,0.9978206257292906,0.9978206257292906,0.00038940713081877463,0.00043381040883241716,0.00043946810621819346,0.00039792832500794366,0.0005187602998320591
7004,5,5,0.995956701269093,0.00030163756502741955,0.002457923445126642,0.0005159957708604219,0.00029957890561655066,0.995956701269093,0.00046816304427596935
7006,6,6,0.9971001393740998,0.0010222805129775513,0.0005443537252322364,0.00039887539334416624,0.0005764199790899275,0.00035793101525632504,0.9971001393740998
7008,6,6,0.9978225329617806,0.0005800235142415614,0.0004716805752803256,0.00034922411194964587,0.00038979878102376206,0.0003867400557240727,0.9978225329617806
7009,2,2,0.9972746999906068,0.0003361327118658945,0.9972746999906068,0.00045037557863080113,0.0005430525651665151,0.0007686768682844058,0.0006270622854455662
7010,4,4,0.997619341596773,0.0005036708370856517,0.00039341365176863153,0.0005475693091882008,0.997619341596773,0.00029711661364522393,0.0006388879915393677
7011,2,2,0.9968814947047301,0.00037268785308261965,0.9968814947047301,0.0005201135114253857,0.0006418947076609687,0.000840501693355853,0.0007433075297451586
7014,4,4,0.9976173275299659,0.0004526010953125187,0.0003877446841765101,0.000594459617156082,0.9976173275299659,0.0003108313983721894,0.0006370356750168135
7015,5,5,0.9953516897854229,0.0003503803225767111,0.00278925458248317,0.0004945568595049719,0.0003795430597023276,0.9953516897854229,0.0006345753903099638
7017,1,1,0.9979563931161263,0.9979563931161263,0.00036220290275074655,0.00034760369382763,0.00040066538995461957,0.00032733273043666005,0.0006058021669041438
7018,4,4,0.9976691624691524,0.00047625118138319337,0.00039319719195999984,0.0005296425723018668,0.9976691624691524,0.00029610883901893186,0.0006356377461836238
7019,6,6,0.9978895826116719,0.0005811715989091964,0.0004628038752134939,0.00033397213116677897,0.0003760104316540974,0.0003564593513845328,0.9978895826116719
7020,6,6,0.9978362289165543,0.0005056657509771655,0.0004333298729569891,0.00037594084820267927,0.0003825532962734611,0.00046628131503533086,0.9978362289165543
7025,6,6,0.9975061670974608,0.0006446091935881117,0.0005456228786439714,0.0004286132606072989,0.0004751606448767684,0.00039982692482309966,0.9975061670974608
7026,5,5,0.9965748555183146,0.00039539197122450613,0.0012252767052560785,0.000620177757940196,0.000322985688164319,0.9965748555183146,0.0008613123591003074
7027,6,6,0.9971434906980164,0.0007635053229503666,0.000628092993781749,0.0004440869863196795,0.0005026299259021135,0.0005181940730296063,0.9971434906980164
7032,5,5,0.995897293409649,0.0005341238576766151,0.0011223516197742972,0.001381229726108534,0.00039338981163243553,0.995897293409649,0.0006716115751591199
7035,5,5,0.9963374527021329,0.00047272634792603664,0.0012615806683036865,0.0007125654652558399,0.0004055257753997456,0.9963374527021329,0.0008101490409817783
7036,3,3,0.9978144465346194,0.0004315932068556591,0.0004964867393962019,0.9978144465346194,0.00042622096037767354,0.0004938889317228032,0.0003373636270282608
7037,4,4,0.9976130749213142,0.0004933394969825324,0.000438698190211049,0.0005271516870085091,0.9976130749213142,0.0002928788315469998,0.0006348568729367266
7040,4,4,0.9972548465461406,0.0004858769524562378,0.000544814308015223,0.0005706667764436827,0.9972548465461406,0.00036123149672543465,0.0007825639202188034
7041,2,2,0.997210773743736,0.00030104224339982727,0.997210773743736,0.00043150571873394654,0.0004771540860435391,0.0010663284632468572,0.0005131957448398329
7042,1,1,0.9979624314885602,0.9979624314885602,0.000376578171217854,0.0003623849031085185,0.000400684232654141,0.00032484591110056217,0.0005730752933587549
7045,3,3,0.9978533029449329,0.00041652462668353844,0.00046562564494502957,0.9978533029449329,0.0004408024037962694,0.00047886972245156974,0.00034487465719066355
7046,1,1,0.9976445712845693,0.9976445712845693,0.00035162059394833997,0.0002974317371998814,0.0003860894525108019,0.0002583550148280084,0.0010619319169436628
7047,1,1,0.9979557516152955,0.9979557516152955,0.0003478836859346534,0.0003603636406712888,0.0004311528259150547,0.00029294563926040077,0.0006119025929231214
7050,1,1,0.997997402450925,0.997997402450925,0.0003272488049880916,0.00034457315005903766,0.00040238397675132324,0.0002963704285425771,0.0006320211887337503
7051,1,1,0.9977943372226462,0.9977943372226462,0.0003776644521529698,0.00037281415412289523,0.0004273142977993283,0.0003106218693804953,0.0007172480038982046
7052,6,6,0.9977310151199845,0.0005736796798381257,0.0005004510674558421,0.00036814071970037046,0.0004227052205118504,0.0004040081925092907,0.9977310151199845
7053,5,5,0.9965635588585849,0.00036707751306027633,0.0011886791839524655,0.0008790469829258691,0.00030579762605469047,0.9965635588585849,0.0006958398354218013
7056,4,4,0.9976304744255656,0.0004933532896998299,0.0004131298618175119,0.0005391611471158971,0.9976304744255656,0.000287360423681083,0.0006365208521200892
7057,3,3,0.997842967178367,0.0003893700135727471,0.0005036727242403441,0.997842967178367,0.00046883860943197517,0.00048412909347411134,0.00031102238091397684
7058,2,2,0.996279570790685,0.00047582511741761944,0.996279570790685,0.0007474747502016882,0.0008237024577296166,0.0007621621151451584,0.0009112647688209652
7062,2,2,0.994662933612743,0.0004777915854373271,0.994662933612743,0.0010347953614651447,0.000852817190839563,0.0012825680412222984,0.0016890942082926795
7063,1,1,0.9980092385311654,0.9980092385311654,0.0003689027993989235,0.00031031568426662397,0.0004011934111399542,0.00029113981116132777,0.0006192097628677054
7065,4,4,0.9976501583837901,0.0005045770426216745,0.0004060647139801782,0.0005263825626797465,0.9976501583837901,0.00031337609063842925,0.0005994412062898657
7066,3,3,0.9978019714797067,0.00043484048784402194,0.0004946284512214225,0.9978019714797067,0.0004686952821534454,0.0004557441080960273,0.0003441201909784034
7067,2,2,0.9971959333624721,0.0003987535684248795,0.9971959333624721,0.000533698118496734,0.0005599614175629025,0.0007328830647927347,0.0005787704682507226
7068,6,6,0.9950461685339531,0.0006531346202659883,0.0024158196315245757,0.0006184356355734586,0.0006727099736321791,0.0005937316050507387,0.9950461685339531
7069,2,2,0.997199784033336,0.00036776104039220513,0.997199784033336,0.0005467135398936773,0.0005978144533882297,0.0006721158348156865,0.0006158110981743469
7070,3,3,0.997812635338151,0.0004388499975792058,0.00048260149515555635,0.997812635338151,0.000480074060294335,0.00044846468086475155,0.00033737442795489893
7071,5,5,0.9963223488168269,0.00037595070803424967,0.0018114871537824062,0.0005741372435951818,0.00037297702393465106,0.9963223488168269,0.0005430990538267031
7074,2,2,0.9972379362115863,0.0003479558437846676,0.9972379362115863,0.0005616336127323982,0.0005736420265523995,0.0007291298066661967,0.0005497024986780472
7076,5,5,0.9924622828715763,0.00035901740390848977,0.005607727480233312,0.0007164116289758181,0.000394179225972035,0.9924622828715763,0.00046038138933398535
7077,4,4,0.9976605453345936,0.0004570169093518081,0.00042096549880106337,0.000498442691591261,0.9976605453345936,0.0003008828872826564,0.0006621466783796099
7078,5,5,0.9964835501080989,0.00044887171764727434,0.0012614342669075803,0.0006756077540223774,0.0003811674196175774,0.9964835501080989,0.0007493687337063772
7079,1,1,0.9979251944514747,0.9979251944514747,0.0003730456794129289,0.0003672111754287453,0.0004300632933463152,0.00034660405962942626,0.0005578813407081083
7081,2,2,0.9967073200460669,0.00043124734318191783,0.9967073200460669,0.0006138067476477598,0.0007356084390561356,0.0007936374059110834,0.0007183800181362503
7082,1,1,0.9979801295653081,0.9979801295653081,0.0003713177397276649,0.00036513713417281226,0.0004143510397280287,0.0003410686749924176,0.0005279958460710141
7083,1,1,0.9979289852610043,0.9979289852610043,0.00031650180142275385,0.00032219835241279604,0.00038233606344389976,0.0003047706875529512,0.0007452078341634196
7084,5,5,0.992154988700999,0.0003500414510348222,0.005311062881858225,0.0004729159572629406,0.00035754534964669324,0.992154988700999,0.0013534456591982125
7085,3,3,0.9977960736683037,0.0004540557924991836,0.0004871814235775032,0.9977960736683037,0.00043530073089788427,0.000486507960930601,0.0003408804237911006
7087,5,5,0.9965304105281031,0.0004442257643556193,0.0011917163333712755,0.0007397068664650945,0.0003753539986350998,0.9965304105281031,0.0007185865090698927
7088,4,4,0.9976599953273873,0.00047723158063893445,0.00043249006039275514,0.0005013007674703956,0.9976599953273873,0.00029527508121125496,0.0006337071828994416
7090,6,6,0.9975526375249937,0.0006149342757219081,0.0005560312693603445,0.0004841281065242278,0.00043917476905316915,0.000353094054346719,0.9975526375249937
7091,5,5,0.9964618335509922,0.00030212543838383714,0.0017166562150150227,0.0005358501877891639,0.0003014203399501169,0.9964618335509922,0.0006821142678696862
7092,6,6,0.9975278821452344,0.0006752163068794952,0.00044912751079121327,0.0005335749511259703,0.0004535358970270955,0.0003606631889419074,0.9975278821452344
7093,3,3,0.9977022700181327,0.0004443072352125978,0.0004992656038595932,0.9977022700181327,0.0005433667584858509,0.00043512846834731586,0.00037566191596187103
7094,3,3,0.9978528373875912,0.00043225572219226653,0.00047001101682670767,0.9978528373875912,0.0004523249385779739,0.00044409341460876573,0.00034847752020314
7097,4,4,0.9977127622570371,0.0004907607951367241,0.00039655000500873444,0.0005074380472044601,0.9977127622570371,0.0002947209959844808,0.0005977678996285262
7098,2,2,0.9971108129883969,0.0003390722568877233,0.9971108129883969,0.0006158582947386796,0.0005769370403209152,0.0007692941681923261,0.0005880252514635517
7099,3,3,0.9978232218487708,0.0004291788429195655,0.000461838637048315,0.9978232218487708,0.00042550588136908927,0.0005223469256535346,0.00033790786423867176
7100,6,6,0.9968560735042188,0.0010052115921403994,0.0006714601634122177,0.000511708775563392,0.000526506617863676,0.0004290393468015539,0.9968560735042188
7102,6,6,0.9973715597737787,0.0004938964875142773,0.0005797229855038597,0.0005126650240084766,0.00045287510392473686,0.0005892806252699286,0.9973715597737787
7103,5,5,0.9964418454954491,0.0004733716208795608,0.0012131610034334349,0.0007202288132633771,0.0003956122345035136,0.9964418454954491,0.0007557808324709918
7104,4,4,0.9974308544937373,0.0004241488613476585,0.0004932780834353095,0.0007218600902212591,0.9974308544937373,0.00029016053114913056,0.0006396979401094042
7105,5,5,0.9958305190954926,0.0003076860212295912,0.0023248706092022205,0.0006022086137841134,0.0003252090869572959,0.9958305190954926,0.0006095065733342395
7108,1,1,0.997884532063997,0.997884532063997,0.0003732920456877522,0.0004209311491418632,0.000424982693703423,0.0003755507068384524,0.0005207113406316096
7110,2,2,0.9971735987356519,0.00033806664851677786,0.9971735987356519,0.00048000594960090397,0.0005467942962631811,0.00084864806532495,0.0006128863046423428
7113,3,3,0.9978581755347523,0.0003987791221278631,0.00046688295504685357,0.9978581755347523,0.00040780026137261717,0.0005395373171454054,0.0003288248095549129
7115,4,4,0.9976002017718403,0.0005070685615786394,0.00041923657170636847,0.0005166784141773163,0.9976002017718403,0.0002837597456945177,0.000673054935002883
7117,3,3,0.9978173247793795,0.0004556368435557776,0.0004710784345027232,0.9978173247793795,0.0004197124996401828,0.0004881659344508027,0.0003480815084710355
7118,5,5,0.9965296729402325,0.000379289293426665,0.0013801015434304217,0.0006293198720911208,0.00036395908487238816,0.9965296729402325,0.0007176572659468772
7119,1,1,0.9977498405107902,0.9977498405107902,0.0003441942716620783,0.00035727010005795533,0.0004180726351599672,0.00029713392632130416,0.0008334885560084569
7120,5,5,0.9965836714947,0.000498136374731057,0.0011629945030959333,0.0007563571344351744,0.0003903092180257716,0.9965836714947,0.0006085312750121395
7121,4,4,0.9975779944074183,0.0005376301802540891,0.00041909372375728766,0.0005319725125393966,0.9975779944074183,0.00030729556010247825,0.0006260136159284088
7122,3,3,0.9977481839579854,0.00041641920180759495,0.0004978137379342238,0.9977481839579854,0.0004965371275306372,0.00047116237117975735,0.0003698836035624487
7123,3,3,0.9948217146528373,0.0006528767916464941,0.0010422369809367307,0.9948217146528373,0.0004720722415279209,0.0016989342912531815,0.0013121650417983572
7125,6,6,0.997629424504642,0.0005531858552058775,0.0004979159371086688,0.0003785293808138192,0.00044973751626978893,0.0004912068059598683,0.997629424504642
7126,5,5,0.9963959762127144,0.0003584713163507877,0.0015392911871833317,0.0005157636910813115,0.0003326451600302282,0.9963959762127144,0.0008578524326400154
7128,4,4,0.9976719870102931,0.0004650731119721149,0.0004229994228566264,0.0005279441065770276,0.9976719870102931,0.00028594043866750205,0.0006260559096335725
7130,3,3,0.9977476015885731,0.0004518659268359487,0.0004993950140769751,0.9977476015885731,0.0005003145204978167,0.00045290912453641865,0.0003479138254796713
7132,6,6,0.9974654088086025,0.0006030646840482026,0.0006508777390513668,0.0004621536233644098,0.000461909936983024,0.00035658520795056505,0.9974654088086025
7133,1,1,0.9978956754219713,0.9978956754219713,0.00036390278462929577,0.0003990259842311278,0.00043194337551209246,0.0003649492419129456,0.0005445031917431875
7134,2,2,0.9971390603616305,0.00036276994946102996,0.9971390603616305,0.0005875110880369549,0.0006174568912307098,0.0006826680373499298,0.000610533672290908
7136,5,5,0.9962101454970639,0.0004164356120854387,0.0013237553112091672,0.0006681104158153719,0.00037853791194031533,0.9962101454970639,0.0010030152518858623
7137,4,4,0.9976472292150008,0.0005049661845313654,0.00040986055288977206,0.0005143485598891638,0.9976472292150008,0.000287984726337627,0.0006356107613512158
7139,1,1,0.9977488341608788,0.9977488341608788,0.00033204477164360983,0.00031255850486805426,0.0003514772836420497,0.000275238312256831,0.000979846966710719
7140,4,4,0.9976099374739179,0.0005022388471483757,0.00042816858263622246,0.0005205092417290931,0.9976099374739179,0.00030193660149331765,0.0006372092530751337
7141,3,3,0.9978050812881629,0.00043077620104102515,0.0004976213775789098,0.9978050812881629,0.00042479973003699273,0.0005141116645223079,0.00032760973865788873
7144,6,6,0.997637960889123,0.0006792751195006798,0.0005000496617272469,0.000384929870838049,0.0004329527905388583,0.00036483166827215385,0.997637960889123
7146,5,5,0.9967195727861832,0.0003311153089092882,0.0014596367747208286,0.0005683554528142549,0.00034565962852850523,0.9967195727861832,0.0005756600488440016
7148,4,4,0.9976676529797096,0.00047127287506346625,0.0004111795162170815,0.0005439555619694063,0.9976676529797096,0.00028619753479945957,0.0006197415322409697
7149,6,6,0.9975726675297787,0.000643741305552888,0.00048400418380148565,0.00039408901028489287,0.00048725930154754093,0.00041823866903450827,0.9975726675297787
7150,1,1,0.9979407790293023,0.9979407790293023,0.0003855915045313929,0.00033684817934862856,0.00036644764627894344,0.000317760957146882,0.0006525726833918184
7151,3,3,0.9975487305898375,0.0004724388283780666,0.0005412114979319494,0.9975487305898375,0.0006029220941226867,0.00041066222470173205,0.00042403476502787075
7152,2,2,0.9972680206890723,0.0003154023826281736,0.9972680206890723,0.000428254573907748,0.0005406416860046154,0.0008697811339892393,0.0005778995343979845
7154,1,1,0.9882398919408178,0.9882398919408178,0.000580320779485173,0.0005599801122232681,0.0007223851335580487,0.00040202858816289574,0.009495393445752807
7156,1,1,0.997828467305519,0.997828467305519,0.00033998487945813223,0.0003331710321680637,0.00040810501694483347,0.0002739294260013471,0.0008163423399086684
7158,4,4,0.9976708428269081,0.0004945900940359274,0.00041275431263328963,0.0005330296189172602,0.9976708428269081,0.0002872197112838151,0.0006015634362215805
7159,2,2,0.9970955701836222,0.0003774350700700477,0.9970955701836222,0.0005764664773649907,0.0006277370587812391,0.0006203946872119242,0.0007023965229496372
7161,1,1,0.9979615222523728,0.9979615222523728,0.0003640399667735188,0.00036885368212872534,0.0004178782987838895,0.00033296833899375044,0.0005547374609473634
7162,2,2,0.9972884241103518,0.0002856021628462278,0.9972884241103518,0.0004422843156295877,0.00048412869537809404,0.0009800527070894852,0.0005195080087049161
7163,1,1,0.9978460712666624,0.9978460712666624,0.00039139706820322164,0.00040997136682117643,0.0004546372802187879,0.00035778738056222283,0.0005401356375321786
7164,3,3,0.9978029201004275,0.00043157814369524126,0.00045861758143731234,0.9978029201004275,0.00045236354657863625,0.0005296835479694618,0.00032483707989191244
7165,5,5,0.9966556334178595,0.00036092427392124586,0.0014109082529850053,0.0006304059377711454,0.00032187225748871114,0.9966556334178595,0.000620255859974462
7167,6,6,0.9977037337023951,0.0004565109278058661,0.0005236109732547949,0.000479587413243788,0.00039663718885549995,0.0004399197944449465,0.9977037337023951
7168,4,4,0.9976168621229444,0.00048176218364633745,0.0004477052022404249,0.0005210484247625094,0.9976168621229444,0.00031123254251258953,0.0006213895238937405
7169,4,4,0.9975528012122289,0.0004879620047581338,0.00046858604253154,0.0005034069708555001,0.9975528012122289,0.00032007647328926604,0.0006671672963366222
7175,2,2,0.9961892635995432,0.0002498452877239966,0.9961892635995432,0.0004406926601595497,0.0005036863566157746,0.0021232081812709684,0.0004933039146865425
7176,3,3,0.9977792415621842,0.00041797313997460307,0.000476258773030325,0.9977792415621842,0.0004603792566598379,0.0005237619893232422,0.0003423852788275961
7178,2,2,0.9972133962029217,0.0003842572810207556,0.9972133962029217,0.0005343883968293089,0.0006025352468259268,0.0006826580316923417,0.0005827648407099527
7179,1,1,0.9938194642041492,0.9938194642041492,0.0003910294339843147,0.0004371867088270499,0.00056764671506075,0.0003554609468170468,0.004429211991161653
7180,1,1,0.9977329036911605,0.9977329036911605,0.0003207020137548563,0.00036871274146336335,0.0004276306537882717,0.00029670951379399935,0.0008533413860390195
7181,5,5,0.9962669980861172,0.00048243925626440264,0.0016601170269163767,0.0006157735921354207,0.0003900471695164221,0.9962669980861172,0.0005846248690502427
7182,2,2,0.9966405712488899,0.0004202083835651627,0.9966405712488899,0.0006054019954734879,0.0007141964801945666,0.0009309998790385424,0.0006886220128382746
7183,6,6,0.9977260951622052,0.0006356227958412407,0.00047580895555027615,0.00037380431289261854,0.0004142327329040081,0.0003744360406065989,0.9977260951622052
7185,5,5,0.9965488471826968,0.0004094126407843331,0.0013562526069316348,0.0006562194424818426,0.0003522322859763488,0.9965488471826968,0.0006770358411290632
7187,4,4,0.9976446028749523,0.0004516181068648865,0.0004181575203129309,0.0005189686778831938,0.9976446028749523,0.00030696485179969627,0.0006596879681870358
7188,4,4,0.997568080730724,0.0004884465063684435,0.00041688737521544157,0.00048825974708656004,0.997568080730724,0.0003076713504357202,0.000730654290169821
7190,5,5,0.9962576389683084,0.0004707542717663671,0.001372108203169749,0.0008167504370633947,0.00038563432996726525,0.9962576389683084,0.000697113789724814
7192,6,6,0.9976830941548388,0.0006031799407683862,0.00047161400276299505,0.0004219300074931043,0.00040245523665454613,0.00041772665748215064,0.9976830941548388
7196,6,6,0.9977884959058312,0.0005686482561591473,0.0004924113492622286,0.00035588320509856436,0.0004160267695197089,0.0003785345141291825,0.9977884959058312
7199,5,5,0.9966292713423512,0.0003592485489089553,0.001416378087958143,0.0006214967576318195,0.0003470641127381579,0.9966292713423512,0.0006265411504116981
7200,3,3,0.9978683554187432,0.0004151781264120093,0.0004455319971921454,0.9978683554187432,0.00044354836730851546,0.00048712585523620936,0.0003402602351078884
7201,6,6,0.9978140817927117,0.0005322098270115333,0.0004934337450803894,0.0003873877373003891,0.0004052910754255099,0.00036759582247044767,0.9978140817927117
7202,1,1,0.9977093618680791,0.9977093618680791,0.0003455402341831169,0.0003615674530879897,0.0004256265611530313,0.00028481351499787884,0.0008730903684988313
7203,4,4,0.9976408138020703,0.0004904260103979855,0.0003930450452370789,0.0005636793508514504,0.9976408138020703,0.00029582042582931953,0.0006162153656139542
7205,1,1,0.9979872720688945,0.9979872720688945,0.00034875786573907575,0.00036787550261083103,0.0004143277481327921,0.0003422165470020489,0.0005395502676207533
7206,3,3,0.9978488128432385,0.00043522933753677374,0.0004714472480872897,0.9978488128432385,0.0004133917161262082,0.000498252252796132,0.00033286660221518995
7207,3,3,0.997789231924852,0.00042859468638402196,0.0004965239057357235,0.997789231924852,0.00045219495546500014,0.0005021990367566207,0.00033125549080662394
7208,3,3,0.9977627496595177,0.00041623311692705556,0.00048334908667566957,0.9977627496595177,0.0004765868985087959,0.0004988047642294265,0.00036227647414130356
7210,2,2,0.9973025734990825,0.0003316206994901951,0.9973025734990825,0.0004561667926937035,0.0005566826087934708,0.0007788951947693672,0.0005740612051708477
7211,2,2,0.9971314320701469,0.00039624412674757454,0.9971314320701469,0.0005480609642945609,0.0006197112163344355,0.0006727809433748378,0.0006317706791016668
7214,1,1,0.9979513490391461,0.9979513490391461,0.00035359375166181946,0.00034700889425840305,0.00037074178507474367,0.00030885249574343906,0.0006684540341155825
7215,6,6,0.99774677618348,0.0004401486122577362,0.00045553598220620474,0.0004409542062933129,0.0003961118387577796,0.0005204731770049616,0.99774677618348
7216,2,2,0.997254157950452,0.00036152370974510637,0.997254157950452,0.0004848360673642403,0.0005431058559523375,0.0008004900810250012,0.0005558863354613844
7217,2,2,0.9971013079903449,0.000272980063769539,0.9971013079903449,0.0005122453751713352,0.0005219849726263952,0.0009586793022637262,0.0006328022958242103
7218,1,1,0.9979210080629262,0.9979210080629262,0.0003735336203199964,0.00035190991174804595,0.0004074307920345446,0.0003357108950129891,0.0006104067179583478
7220,6,6,0.9977184390918354,0.0005644513795188824,0.0005000637539624169,0.00038201230379252037,0.00045506384851333925,0.00037996962237739286,0.9977184390918354
7224,1,1,0.998003628462316,0.998003628462316,0.0003471551638663747,0.00034323930181623196,0.00038436927020812564,0.0003115052719443623,0.0006101025298488941
7227,5,5,0.9962295185442214,0.00035445446253848514,0.0020099367067658324,0.0005249908101696795,0.0003384160974882507,0.9962295185442214,0.0005426833788163914
7228,4,4,0.9976480318480783,0.00045217667977128076,0.00041173550668968407,0.0005458121800813551,0.9976480318480783,0.00028663960680565715,0.0006556041785737924
7229,1,1,0.9978578894591077,0.9978578894591077,0.00037690015517540074,0.0004145906014295891,0.0004648859154113344,0.0003684525654917307,0.0005172813033840403
7230,3,3,0.9977697201097852,0.0004477413343099251,0.0004957191446595569,0.9977697201097852,0.00041660692939290896,0.0005349025049818004,0.00033530997687067734
7232,2,2,0.9957375095923832,0.00050886666103329,0.9957375095923832,0.0007331779321769603,0.0009447054612300694,0.000857354614800073,0.0012183857383764618
7236,6,6,0.9974694552766845,0.0006151020828764234,0.0005421682890064068,0.0004614323691361332,0.0004887250981502934,0.00042311688414626674,0.9974694552766845
7238,4,4,0.9975139197394157,0.0004648559716044166,0.00046998604512986305,0.0005646764258442321,0.9975139197394157,0.0003148933763925619,0.0006716684416132294
7239,6,6,0.9973823723365166,0.0006496465258734102,0.0006013828856988808,0.0004039606548271836,0.0004366040067987713,0.0005260335902851122,0.9973823723365166
7241,3,3,0.9976422354041588,0.00042704610639995795,0.0005150213888636563,0.9976422354041588,0.0006191588998283265,0.0004370962983046139,0.0003594419024447369
7244,6,6,0.9976364007157853,0.0006370964458535335,0.0004936409350495628,0.00038258738688919526,0.00046889982789611147,0.0003813746885263359,0.9976364007157853
7245,3,3,0.997678368474977,0.00048516651419304663,0.0005107001754587561,0.997678368474977,0.0004667071203567605,0.000494923863509657,0.00036413385150477185
7246,2,2,0.9939416266849935,0.0003984562783859569,0.9939416266849935,0.0005444511562990718,0.0007866362274612765,0.0015459452397372795,0.002782884413122953
7247,4,4,0.9976286288515346,0.0004391558524092019,0.00041247989579010143,0.0005379547302349942,0.9976286288515346,0.0003015008917549662,0.0006802797782761008
7248,4,4,0.9968163373116903,0.0005655611167882723,0.00046102644419376696,0.0011558986736953751,0.9968163373116903,0.00034609696019972556,0.0006550794934325839
7250,1,1,0.9971461939222136,0.9971461939222136,0.00038139416220810596,0.00034532741045544517,0.000454088438388357,0.00037975532531142354,0.0012932407414231557
7251,1,1,0.9972969550307157,0.9972969550307157,0.00035235559437484296,0.00033225893206477463,0.0003876695158825325,0.0002654775389229474,0.0013652833880391727
7252,1,1,0.9978145566559823,0.9978145566559823,0.00041667654311354865,0.0004272449312361963,0.0004492148338488477,0.000390266181154617,0.0005020408546645962
7255,5,5,0.9964536916119391,0.0003862675530182929,0.001320019154625289,0.0006588785443333913,0.00035244899172980217,0.9964536916119391,0.0008286941443541414
7256,5,5,0.9967329683700471,0.00035916906853788056,0.0014054129389053124,0.0006110540818923577,0.0003278500285591615,0.9967329683700471,0.0005635455120581752
7260,1,1,0.9978004746115683,0.9978004746115683,0.00036105639661375226,0.0004403895633047897,0.00048564322323044304,0.0003765348314409569,0.000535901373841821
7262,5,5,0.996563176780529,0.00032452505885139515,0.0014872385639686297,0.0005901843074341872,0.0003187062140741698,0.996563176780529,0.0007161690751426923
7263,2,2,0.9967021753072374,0.00042557069091928647,0.9967021753072374,0.0006064824658357217,0.0007121848466106265,0.0007985320733959231,0.0007550546160008997
7264,2,2,0.9971998443272856,0.0003913863429230726,0.9971998443272856,0.0004891333280749214,0.0006021260921329534,0.0006581468302840299,0.0006593630792994552
7265,1,1,0.9978961544663469,0.9978961544663469,0.0003980932073849735,0.00039223748782792186,0.00042345754385748186,0.000333611461701134,0.0005564458328815552
7266,6,6,0.9977232780151564,0.0005937428193610928,0.0005057965737455407,0.00037906426459168274,0.00042197957958124954,0.00037613874756404857,0.9977232780151564
7268,3,3,0.9977955882063552,0.00042709606623862447,0.0004567994357929529,0.9977955882063552,0.00044220802657322976,0.0005420444102273837,0.00033626385481265746
7269,1,1,0.997608353730335,0.997608353730335,0.0003105290388812345,0.0003354378735608666,0.00036787822696518637,0.00031750429606668644,0.0010602968341911964
7270,2,2,0.9970048891995932,0.0003765223101563666,0.9970048891995932,0.0005449063477490471,0.0006135936633890625,0.0006649643731025301,0.0007951241060097991
7271,3,3,0.9977563569491599,0.00042907395419487245,0.0005261013572183017,0.9977563569491599,0.0004910374678191275,0.0004624098908776241,0.00033502038073022605
7272,3,3,0.9978496013119121,0.00042230819984064716,0.0004831455384333279,0.9978496013119121,0.00039965593149508534,0.0004935831035426851,0.0003517059147762165
7275,6,6,0.9967400132260608,0.0007370500021894811,0.0005121882268990666,0.0005509872406075349,0.0003713707444474972,0.0010883905597956892,0.9967400132260608
7276,4,4,0.9976584259317219,0.0004919554606032661,0.0004153022534581306,0.0005228263026934852,0.9976584259317219,0.00030136558228812597,0.0006101244692350596
7278,5,5,0.995063815568376,0.0006470148051203235,0.0013771326855742346,0.0008685338900833401,0.0004958058578990396,0.995063815568376,0.0015476971929470746
7279,1,1,0.9980125271514028,0.9980125271514028,0.00034158479593387315,0.00031829488974984753,0.00039779823911795736,0.00027383706698457986,0.0006559578568109321
7280,1,1,0.9978025266367493,0.9978025266367493,0.00037050978140657853,0.00043388299961057044,0.0004619638329676107,0.00036112324226217346,0.0005699935070038137
7281,5,5,0.9884949811560375,0.0003335131495930013,0.009400915815784365,0.0005710388930389766,0.0004209153909953122,0.9884949811560375,0.0007786355945508582
7282,5,5,0.996697654269771,0.0003275124630093193,0.0015053020701564551,0.0006186617900524401,0.00032493619227124727,0.996697654269771,0.0005259332147395896
7283,3,3,0.9979150872135536,0.00040109667966397303,0.00044661728230198085,0.9979150872135536,0.00040276427093827974,0.0005152509537872811,0.0003191835997548735
7284,2,2,0.9971825177244947,0.0003172667732032183,0.9971825177244947,0.0005989548693278765,0.0005268890099725398,0.0008895930629689072,0.0004847785600327644
7285,5,5,0.9966798158673217,0.0003763643582772093,0.0011298649665562354,0.0006647738635159353,0.0003558488371321366,0.9966798158673217,0.0007933321071968232
7286,4,4,0.9976331344850088,0.0005076034754353745,0.0004195421789979225,0.0005176074518438476,0.9976331344850088,0.0003009790776436517,0.0006211333310704037
7287,1,1,0.9979242396454817,0.9979242396454817,0.0003894189668742066,0.0003691691055088719,0.00042697623439811797,0.00031789965678875865,0.0005722963909483474
7288,4,4,0.9976433896443996,0.0004951522462387857,0.0004254064605563708,0.0005069872604311223,0.9976433896443996,0.00032241781478190094,0.0006066465735922943
7289,4,4,0.9975998894036991,0.0004803270226263922,0.00039497983697197046,0.0005543275562262006,0.9975998894036991,0.00029539077934301143,0.0006750854011332416
7290,6,6,0.9976309655188499,0.0005887984367400224,0.0005558016193257602,0.0004256641309466303,0.0004451432084850343,0.0003536270856527071,0.9976309655188499
7293,4,4,0.9976311377748809,0.0005176877939072864,0.00041539012241221976,0.0005169906989149239,0.9976311377748809,0.0003007188401797243,0.0006180747697049755
7294,1,1,0.9978338655531571,0.9978338655531571,0.00038017758778013683,0.00038447308014388494,0.00044912796437457175,0.0003812166817951437,0.0005711391327492467
7295,6,6,0.9978434833619094,0.0006029852541537098,0.00038231515584451133,0.0003656159021419684,0.0003669966169341758,0.00043860370901616905,0.9978434833619094
7297,3,3,0.9962777835211473,0.0005571452392315906,0.0008290853284907063,0.9962777835211473,0.0005672882737377035,0.0008441159440351152,0.000924581693357606
7298,5,5,0.9965404328055536,0.0003592043378543586,0.001246223815266311,0.0007016051716465096,0.0003295243386993592,0.9965404328055536,0.0008230095309799317
7301,4,4,0.9976272277814885,0.000497848565418915,0.000424183401143374,0.0005017767090607986,0.9976272277814885,0.000302706177474466,0.0006462573654139746
7303,4,4,0.9976257908027181,0.0005246150077051452,0.00041155183340303134,0.000528416550125592,0.9976257908027181,0.00029809203209046084,0.0006115337739577754
7304,6,6,0.9976323880167022,0.0006068939132872742,0.0005207982632175023,0.0003687209405236726,0.00041083494005104504,0.0004603639262183157,0.9976323880167022
7305,6,6,0.9978421605595041,0.00052693344820694,0.000483557944700252,0.0003786353796489975,0.00038443687881800723,0.0003842757891216098,0.9978421605595041
7306,3,3,0.9978183256720411,0.00042332460387331137,0.00048826135979190946,0.9978183256720411,0.0004428477729943312,0.0004961779216189781,0.0003310626696804186
7307,3,3,0.9977825748662771,0.0004033278379840709,0.000502603906817304,0.9977825748662771,0.0004493968699319766,0.0005605695360507035,0.0003015269829389555
7308,4,4,0.9976528958710262,0.0005171227697666035,0.00040790908006680337,0.0005259058978867435,0.9976528958710262,0.00030482180456628923,0.0005913445766872761
7309,4,4,0.9976649456835869,0.0005069300037900807,0.00041983373374041515,0.0004888880151090992,0.9976649456835869,0.00031298350036121554,0.000606419063412262
7310,3,3,0.9978445248811083,0.0004093694811348687,0.0004914307827371619,0.9978445248811083,0.00043384955566851265,0.0004930929024080048,0.00032773239694322526
7311,4,4,0.997648144901877,0.000491304597560383,0.0004224744692522837,0.0005109601621640309,0.997648144901877,0.0002924216344202933,0.0006346942347260281
7312,2,2,0.9945458329610386,0.000551348436454212,0.9945458329610386,0.0006149015330783007,0.0008806230281296174,0.0011082302089936522,0.0022990638323055895
7314,1,1,0.9979365801089187,0.9979365801089187,0.00036004206490978147,0.00041370636095079384,0.00043726760192131214,0.0003410311791509955,0.0005113726841484085
7315,1,1,0.9979765538676918,0.9979765538676918,0.00034632535059146626,0.0003458536648335892,0.0003875893997433609,0.00029160514606507574,0.0006520725710747626
7316,6,6,0.9975729806217186,0.0006118213195243055,0.000542624749185712,0.0003876777277269315,0.00047857909129105525,0.0004063164905534208,0.9975729806217186
7318,3,3,0.997807860040472,0.00041819783325888196,0.0004827732046704072,0.997807860040472,0.00045018812149098716,0.0005144801962338642,0.0003265006038739449
7319,2,2,0.9947665508839254,0.000664611377102994,0.9947665508839254,0.000833194551190103,0.00099726040352786,0.0008098461788172035,0.0019285366054364649
7320,2,2,0.9972191198487951,0.00030414695675175517,0.9972191198487951,0.0004983910619142613,0.0005077822840024102,0.0009425012792540946,0.0005280585692824036
7321,2,2,0.9972366468222071,0.0003664187669841071,0.9972366468222071,0.0005327061662033844,0.0005707935310889223,0.000705435348519599,0.0005879993649968467
7322,3,3,0.9976943396166454,0.00044246920774795336,0.0005000294914395657,0.9976943396166454,0.0005725111365564437,0.00045691821393611443,0.0003337323336744622
7323,2,2,0.996645677324229,0.0003942830561239857,0.996645677324229,0.000600529339632324,0.0006927023392736523,0.0007345910188027297,0.0009322169219383025
7325,2,2,0.997157485485199,0.00039457449518975223,0.997157485485199,0.0005569935483761688,0.0006127840796966745,0.0006456485335235669,0.0006325138580148574
7327,1,1,0.9978857489300695,0.9978857489300695,0.0003367131928533219,0.0003425185054186028,0.00037697610551142214,0.0003205670845171079,0.0007374761816300249
7329,5,5,0.9964046090616142,0.000402495704955744,0.0015026775703424233,0.0006213178777699299,0.00039594658587465033,0.9964046090616142,0.0006729531994430632
7330,4,4,0.9976461120624046,0.0005175511838976057,0.00043011216312798103,0.00047702861274204585,0.9976461120624046,0.00029481771590077085,0.0006343782619270796
7331,1,1,0.9958922717215665,0.9958922717215665,0.0003990066412166826,0.00037708761549801943,0.00047058567763583864,0.0003102536384232348,0.002550794705659799
7332,3,3,0.997873055687267,0.0004086981012007308,0.0004696381162858344,0.997873055687267,0.0004123467319652764,0.0005224677088288017,0.00031379365445232424
7333,5,5,0.9961740926793945,0.00042069360123508443,0.001443958981346296,0.0006757854864857343,0.000377188237836397,0.9961740926793945,0.0009082810137020366
7335,2,2,0.9969968187686036,0.00034036240200972724,0.9969968187686036,0.0006179861311886085,0.0006200091388040438,0.0007667972442451263,0.0006580263151490095
7337,2,2,0.9965230858774252,0.0004221850226273338,0.9965230858774252,0.0006940923489490909,0.0009077751304415807,0.0005985302648273057,0.0008543313557294417
7339,5,5,0.9959956591906154,0.0003976041699316193,0.0017843675198632334,0.0006882095604000287,0.0003788276587419209,0.9959956591906154,0.0007553319004478134
7340,1,1,0.9978354580510026,0.9978354580510026,0.00040280970308435626,0.00041232098040368953,0.00044775396268796906,0.00037571243619874623,0.0005259448666226999
7342,4,4,0.9975488045355909,0.00045245803513990995,0.0004719988716698202,0.0005521031814350832,0.9975488045355909,0.0003113235430927784,0.0006633118330715301
7343,3,3,0.9898918290392306,0.0007025765808271121,0.0013707544109764107,0.9898918290392306,0.0005469086803553202,0.00661723310286208,0.0008706981857485174
7345,1,1,0.9979192878425225,0.9979192878425225,0.00034655854374865576,0.00038214079624385383,0.00039959311028070574,0.00033501517985980856,0.0006174045273444828
7346,1,1,0.9978858365319928,0.9978858365319928,0.00039172895413335407,0.0004030696685980039,0.0004354480859317206,0.0003756040649288193,0.0005083126944152537
7347,2,2,0.9961228261072259,0.0004504652141933233,0.9961228261072259,0.0007658561847610995,0.0007826449610014145,0.0009204909368279932,0.0009577165959902866
7348,6,6,0.9973644339332788,0.0005549604385873671,0.0005027410668525905,0.0006648099914433242,0.0004997679360303959,0.0004132866338075126,0.9973644339332788
7350,6,6,0.9977284913985369,0.0005338245348831599,0.0004178773522590243,0.00047886716258982773,0.00039467056985185685,0.00044626898187916943,0.9977284913985369
7351,4,4,0.997638511475426,0.000483589502725297,0.00041675162157642345,0.0005133656912910015,0.997638511475426,0.00031418546900407606,0.0006335962399771509
7352,2,2,0.9970920409196591,0.00038878433494339104,0.9970920409196591,0.0005293674989474553,0.0005886117308904201,0.0006708234287518992,0.0007303720868077082
7356,2,2,0.9971826511711012,0.0003844393358269652,0.9971826511711012,0.0005366665602304743,0.0006012541833313033,0.0006639561111923092,0.0006310326383177563
7357,4,4,0.9975446186231165,0.0005108923232908258,0.00044628164298355375,0.0005525972987644382,0.9975446186231165,0.00031638772192943383,0.0006292223899151971
7359,1,1,0.9979904975381858,0.9979904975381858,0.0003647211882065687,0.00035984900263766513,0.00040732026657190097,0.00030804420689756586,0.0005695677975006162
7361,4,4,0.9976681799329667,0.0004669434416209091,0.0004177570322685174,0.0005487269299089252,0.9976681799329667,0.00027225052666750494,0.0006261421365674051
7362,6,6,0.9978225069705713,0.0005353991204848888,0.000441863543654439,0.000387785426119555,0.00042829638585294627,0.00038414855331687155,0.9978225069705713
7363,1,1,0.9978648553563517,0.9978648553563517,0.00038895709357500364,0.0003881074653907111,0.0004429799477384632,0.00035650032486702,0.0005585998120770769
7364,5,5,0.9966682870898641,0.00039742008400195285,0.0013775798834417745,0.0005576262527678617,0.00034467640490319634,0.9966682870898641,0.0006544102850211204
7365,3,3,0.9978443405660942,0.00041982453057621074,0.0004650496422084303,0.9978443405660942,0.0004173061470175353,0.0005253542924438435,0.0003281248216599121
7366,4,4,0.9976281715334216,0.0005286184124674226,0.00041734110783567686,0.0005057727200273073,0.9976281715334216,0.00030232765710494285,0.0006177685691430017
7368,3,3,0.9978578105013238,0.00038396052640534084,0.0004947884301928215,0.9978578105013238,0.0004511942998581164,0.0004871253629764513,0.0003251208792435611
7369,6,6,0.9977775443188741,0.0005344717186513847,0.00042107588754970764,0.00042450920829916725,0.00038428273693743106,0.00045811612968818554,0.9977775443188741
7372,2,2,0.9966455060549989,0.00034731645072473793,0.9966455060549989,0.0007984603047223071,0.0005656248611582509,0.0009665159111076681,0.0006765764172881215
7373,4,4,0.9976059418458405,0.0004673382021208048,0.0003934117353697684,0.0005715572750556869,0.9976059418458405,0.00031924114568347543,0.0006425097959297251
7374,2,2,0.9969454629946333,0.00040186785358908747,0.9969454629946333,0.0005438013589170249,0.0006721841786898754,0.0007373052813571368,0.0006993783328136139
7376,3,3,0.997875542092747,0.0004188848129543373,0.00044836934975573013,0.997875542092747,0.00043646716401525093,0.0004930764991135568,0.0003276600814141938
7377,4,4,0.997571176311668,0.00046389506315799406,0.0004480419718880725,0.0005299252890119633,0.997571176311668,0.000319602299077818,0.000667359065196136
7378,4,4,0.9976564582179195,0.0004631321323853354,0.00041045166756116915,0.0005709093493342764,0.9976564582179195,0.00027060258262610393,0.0006284460501736704
7381,5,5,0.9963564637279648,0.0003688655182626447,0.001784900743242487,0.0005914900544946453,0.0003636420211033744,0.9963564637279648,0.0005346379349320776
7383,5,5,0.9962708381444939,0.00032518444240306585,0.0017091443485221806,0.0007321609464774485,0.00032929038146573475,0.9962708381444939,0.0006333817366376291
7385,3,3,0.9975340851779617,0.0005192859351008107,0.0005191903581169399,0.9975340851779617,0.000537361219131503,0.0004481611758623472,0.00044191613382670844
7387,6,6,0.9977494796665705,0.0004773283593727418,0.0005250862304242783,0.0004294199924181008,0.0004066190336386267,0.0004120667175757762,0.9977494796665705
7388,2,2,0.996947200938096,0.0003230860366178986,0.996947200938096,0.0005330593990549313,0.0005853524034528611,0.0010043322991062792,0.0006069689236721594
7389,1,1,0.997932419734465,0.997932419734465,0.00036092064173732656,0.000339210581512597,0.0003798738998693382,0.00028490653084754515,0.0007026686115679826
7390,5,5,0.9966909890047698,0.00035686677454824873,0.0013756596024034823,0.000588076538680157,0.00031742142178929476,0.9966909890047698,0.0006709866578089943
7391,1,1,0.9979991038186471,0.9979991038186471,0.0003330650520362423,0.0003568873252489907,0.00040914424714744846,0.0003236354974166502,0.0005781640595036434
7392,1,1,0.9979486703845477,0.9979486703845477,0.00036232909888993893,0.00036084372657071875,0.0004198007578404963,0.00033427233459557226,0.000574083697555542
7393,2,2,0.9970885002161176,0.00042850408128439937,0.9970885002161176,0.0005221739454818234,0.0006127255670504968,0.0007011369511172283,0.000646959238948485
7394,6,6,0.9973121797020476,0.0005507635604510958,0.0006309791880306164,0.000426597540379156,0.00043802041538688527,0.0006414595937046472,0.9973121797020476
7395,5,5,0.9965494951769,0.0004947820019893522,0.0011401315079116192,0.0006823389031252071,0.00037544872915531584,0.9965494951769,0.0007578036809185702
7396,5,5,0.9966796932164756,0.00037429968888788085,0.001279916885082939,0.0006143630198795557,0.00033683103809688556,0.9966796932164756,0.0007148961515770986
7399,5,5,0.9964942677433647,0.0003608775274115862,0.0015756222959173447,0.0005467098277142931,0.0003603744094772462,0.9964942677433647,0.0006621481961148216
7400,1,1,0.9979217848033954,0.9979217848033954,0.0004188493268957096,0.0003656661793127617,0.00041916137817210597,0.0003301281024119237,0.0005444102098120439
7401,6,6,0.9970367875291724,0.000539170796265131,0.0007242235972699335,0.00044983915224876703,0.0005415549819911986,0.0007084239430526268,0.9970367875291724
7402,2,2,0.9973098243676594,0.00032867954668652153,0.9973098243676594,0.0004705418928872954,0.000552605557851543,0.000724656871445296,0.0006136917634699875
7404,5,5,0.9963895321881353,0.00046836271501824323,0.0011845327509985904,0.0007531545756454094,0.00038416157205267487,0.9963895321881353,0.0008202561981498178
7407,3,3,0.9976402951343878,0.0004296044316351755,0.00046476703662341745,0.9976402951343878,0.0005940527900007286,0.0005297443890580536,0.00034153621829490193
7410,3,3,0.9977723611124801,0.0004527616390876697,0.0004911556437293503,0.9977723611124801,0.00046600588965186045,0.0004651185429957454,0.00035259717205523514
7411,4,4,0.9976283988316738,0.0005126823712493356,0.00040851024425231553,0.0005262541277849929,0.9976283988316738,0.0002994308039471022,0.0006247236210925168
7412,2,2,0.9969714533704038,0.0003511885304386543,0.9969714533704038,0.0005208015650899778,0.0006188007480175054,0.0008704492513020398,0.0006673065347480165
7413,2,2,0.9955108726218547,0.00052923665050953,0.9955108726218547,0.0006611044099202959,0.0008656347086919803,0.00066035044613632,0.001772801162887291
7414,1,1,0.9979067022721898,0.9979067022721898,0.0003674374957363779,0.0004003910359412615,0.000402505341949311,0.00036951975842653583,0.0005534440957566553
7415,1,1,0.9979050570410809,0.9979050570410809,0.0003655066398552123,0.0004136735394523729,0.0004379906057076502,0.00035005061349719816,0.0005277215604066734
7416,2,2,0.9966193681481319,0.000304246496101207,0.9966193681481319,0.0003871221192675233,0.000491300434629051,0.001273001888724883,0.0009249609131454134
7418,1,1,0.997909832943408,0.997909832943408,0.0003438826205096082,0.00034151511123948987,0.00040818110124986686,0.00033501916545684087,0.0006615690581362839
7419,5,5,0.99641391609754,0.0004210052263516795,0.0012078773355701415,0.0006846668751000993,0.000361267138742004,0.99641391609754,0.0009112673266960018
7420,5,5,0.9964694893283533,0.000330721112688547,0.0018400137624143401,0.0005009422851647432,0.0003228840914965078,0.9964694893283533,0.0005359494198825725
7421,6,6,0.9973161524307982,0.0006765202071617868,0.0005869243005572129,0.00041642230879115915,0.0005268626691962503,0.0004771180834953583,0.9973161524307982
7422,4,4,0.9976641125541946,0.00048605132356381646,0.00040606456633777483,0.0004982574120770658,0.9976641125541946,0.00029516144972595293,0.0006503526941007505
7423,5,5,0.996697740973841,0.00041684751018527887,0.0013373441191154667,0.0006074745647507301,0.0003518288281213832,0.996697740973841,0.0005887640039861649
7424,3,3,0.9977749740467484,0.00045513243262375384,0.000488736295858168,0.9977749740467484,0.0004361818817143607,0.000486953046037362,0.00035802229701797727
7427,3,3,0.997764196548954,0.00044254848938394794,0.0004651316085729833,0.997764196548954,0.00041329165756925354,0.0005082163699212447,0.00040661532559862763
7429,4,4,0.9976292299577016,0.0005107064522667336,0.00040152418849311413,0.0005250194251145337,0.9976292299577016,0.0002976263654481,0.0006358936109759019
7430,6,6,0.9975333569738983,0.0005288336149053069,0.0006758249605936407,0.0004312225654918836,0.00043792872855266966,0.0003928331565581451,0.9975333569738983
7433,2,2,0.997032011526131,0.00036209503205749375,0.997032011526131,0.0005605534920438765,0.0006041779204851097,0.0008178331487409904,0.0006233288805416284
7434,3,3,0.9978212957400574,0.0004108712164682648,0.0004810147050176495,0.9978212957400574,0.0004106320703018583,0.0005827284561232933,0.00029345781203152026
7435,5,5,0.9895091301899016,0.0003643373001265294,0.0047794712028504,0.0009079435483046098,0.00042843473390088066,0.9895091301899016,0.004010683024915961
7436,5,5,0.9966602404047423,0.00039818775572083204,0.0014599912216554404,0.000504156869621555,0.0003552413573567293,0.9966602404047423,0.0006221823909032226
7438,2,2,0.9953188841537047,0.0004726091249411243,0.9953188841537047,0.0006689654328597359,0.0008586548968691496,0.00067867010565342,0.0020022162859718736
7439,3,3,0.9978780165037667,0.0004112844523219545,0.00046812166875520545,0.9978780165037667,0.0004300685872732047,0.0004940767833863583,0.0003184320044965462
7440,1,1,0.997013951837818,0.997013951837818,0.00046884371576890593,0.0005672109108178157,0.0005276809231338978,0.0007587283227583925,0.0006635842897029676
7441,5,5,0.9966128333929125,0.0003623365142812213,0.0014268843031583146,0.0005772838407469769,0.00034068652434278787,0.9966128333929125,0.0006799754245582563
7442,3,3,0.9978280699525176,0.0004315865466248799,0.0005036995318411302,0.9978280699525176,0.00042549252391932196,0.00048622623016856165,0.0003249252149284798
7443,5,5,0.9960417234608251,0.00033443269155616277,0.002111184554713121,0.0005769957017590329,0.00033204236469392377,0.9960417234608251,0.0006036212264526558
7444,6,6,0.9977845632055197,0.0005550232063288158,0.0004695792197412956,0.00037065171943002754,0.000415065096396676,0.00040511755258349543,0.9977845632055197
7446,6,6,0.997418694556994,0.0006824463848765448,0.0005390909202168543,0.0004534879647067203,0.0004754140350276136,0.00043086613817829765,0.997418694556994
7447,1,1,0.9977788083418603,0.9977788083418603,0.00040205344878754666,0.0004213696628938118,0.0004738571746362295,0.000386053209022718,0.0005378581627993773
7448,1,1,0.9978704621828648,0.9978704621828648,0.00036194155723240476,0.00040577498254618875,0.0004441258281855074,0.00035464289850662485,0.0005630525506642773
7449,3,3,0.9978249266708125,0.00044470610653226045,0.00048137189427633503,0.9978249266708125,0.0004130486509512044,0.000502571820751708,0.0003333748566760112
7451,5,5,0.9965796538810545,0.00037085661679276256,0.0012954170129477582,0.0006309067496258566,0.00034247706576401077,0.9965796538810545,0.0007806886738150675
7454,1,1,0.997846753793053,0.997846753793053,0.00036863349366212414,0.00042516340782823683,0.00043376903241348745,0.0003407186411184905,0.0005849616319246355
7455,1,1,0.9979067167936441,0.9979067167936441,0.00038268700651163877,0.0003842896380908296,0.0004339634754265967,0.0003389940356298596,0.0005533490506970151
7456,2,2,0.991120360208167,0.00029833602723682804,0.991120360208167,0.000412899452633846,0.00055414524288044,0.006539607491816648,0.0010746515772652376
7457,6,6,0.9971476726872643,0.0012273654062284,0.0004112714014065658,0.00039724207381271946,0.0004162348562277799,0.0004002135750601817,0.9971476726872643
7458,5,5,0.9950375099614893,0.0003511292210369981,0.002954167820718325,0.0004693220900606038,0.00039048176221086076,0.9950375099614893,0.000797389144483878
7460,4,4,0.9975289931186955,0.00045974853455210826,0.00046604933936750985,0.000535255135670917,0.9975289931186955,0.0003226382615463503,0.0006873156101677074
7462,5,5,0.9962342510211749,0.0004888339962647964,0.001508393693649175,0.0007462811869146782,0.000400419759616092,0.9962342510211749,0.0006218203423803274
7463,5,5,0.9965702708058433,0.000393036489372344,0.0015207985390913185,0.0005646842905172761,0.00036061089576217703,0.9965702708058433,0.0005905989794136416
7466,5,5,0.9965445800689543,0.00042641641892726543,0.0010408065701042154,0.0008460696894605775,0.00037088881110860134,0.9965445800689543,0.0007712384414449917
7467,6,6,0.9978124182640908,0.0005429227173529697,0.0004891164854206744,0.00034691659191546967,0.0003941688738760555,0.0004144570673439797,0.9978124182640908
7469,2,2,0.9971432382991506,0.00039249833233207654,0.9971432382991506,0.0005159895704370755,0.0006068891701887703,0.000653036909126761,0.0006883477187646676
7470,4,4,0.9976790167576356,0.00047601955527691234,0.00040116261444285336,0.0005335759284813738,0.9976790167576356,0.0002833959480432706,0.0006268291961200131
7472,4,4,0.9975956650826938,0.0005059188403709876,0.0004336906960573508,0.0005413334892344129,0.9975956650826938,0.0003010088283736051,0.0006223830632698384
7473,4,4,0.9975761931175506,0.000469667669932442,0.0004539022702403643,0.0005285643940802833,0.9975761931175506,0.00030334236121100957,0.0006683301869852566
7474,1,1,0.9978208292703414,0.9978208292703414,0.00036346294475221054,0.0003343819324247394,0.000386129822253151,0.0003124832796133515,0.0007827127506150998
7475,3,3,0.9976722164857508,0.00047832850501680136,0.0005347510218315139,0.9976722164857508,0.00047043420776352756,0.0004740040543485069,0.00037026572528887593
7476,3,3,0.9978792822473781,0.00040076184709343437,0.00045864785337232616,0.9978792822473781,0.0003935927586332701,0.0005643684504720368,0.00030334684305088634
7477,2,2,0.9970726219620651,0.0004141426655370948,0.9970726219620651,0.0005265823218287755,0.000626594845687793,0.0006945966470758623,0.0006654615578053219
7478,4,4,0.9976904837083369,0.0004712236614989422,0.0004150251810153299,0.0005274822704989591,0.9976904837083369,0.00028752545594729593,0.0006082597227026096
7479,1,1,0.9978690929205506,0.9978690929205506,0.00040163359026184844,0.0004026711710027533,0.00044868424324836766,0.0003551451942199743,0.0005227728807164995
7481,1,1,0.9979090744923159,0.9979090744923159,0.0003438131553206203,0.00038017472459156627,0.00045433032457250437,0.0003115185553398324,0.0006010887478595715
7482,1,1,0.9979553415624433,0.9979553415624433,0.000374729096392749,0.0003503742277014726,0.00041070311525782114,0.00030863468239248883,0.0006002173158122585
7483,4,4,0.9976639592277872,0.0004928415215204525,0.0004129653033760715,0.0005231114837846067,0.9976639592277872,0.00030295529978812313,0.0006041671637437123
7484,4,4,0.9976405946429263,0.000477805464515147,0.00042744899918693467,0.0005222916873290763,0.9976405946429263,0.00030335873721206607,0.0006285004688304545
7485,6,6,0.9973308522533361,0.0006689803793330206,0.0007561569408214469,0.0003493442600918696,0.0004783445371754843,0.000416321629242114,0.9973308522533361
7486,5,5,0.9962662116370979,0.0003718911997792512,0.0018386430342987674,0.0005654082777705524,0.0003572805526485249,0.9962662116370979,0.000600565298404987
7490,1,1,0.9979999282109812,0.9979999282109812,0.00036409041857399027,0.0003473854026033853,0.0004135529295279375,0.00030479319981357783,0.0005702498384999842
7491,2,2,0.997240395587338,0.0003701894938742564,0.997240395587338,0.0005336201187018198,0.0005632707546201583,0.0007145623161800355,0.0005779617292857287
7493,5,5,0.9960987959560437,0.0005230217562814475,0.0011446420553376498,0.00113886773873267,0.0003592986463747358,0.9960987959560437,0.0007353738472299321
7494,2,2,0.9959054429780426,0.00041470104276101225,0.9959054429780426,0.0010773384144286554,0.0007452803602130836,0.0011003070447659496,0.0007569301597887701
7495,5,5,0.9958392748622452,0.00034149427746206615,0.0016022262698523063,0.0005655207319057801,0.0003210606835183057,0.9958392748622452,0.0013304231750163372
7496,4,4,0.9976352941310304,0.0005102280660559591,0.0004158970463067216,0.0004975258732546643,0.9976352941310304,0.00030398614794832873,0.0006370687354039559
7497,2,2,0.9964629095799514,0.00034374145127525095,0.9964629095799514,0.0005488071628539974,0.000677077235131775,0.001177540896969862,0.0007899236738177211
7498,2,2,0.9972290488804546,0.00032600355231105746,0.9972290488804546,0.00044664514446674447,0.000522738847032299,0.0009696893488545136,0.0005058742268807452
7499,6,6,0.9971219141348916,0.00077683813775621,0.0006107939674409378,0.00045884446269027035,0.0005394907438561375,0.0004921185533648295,0.9971219141348916
7500,4,4,0.997675102944257,0.0004969822968664494,0.00040590317075733464,0.0005173027073423591,0.997675102944257,0.0002977368659512748,0.0006069720148255943
7501,6,6,0.9979019987707917,0.0005441017363890596,0.0004644077390337292,0.00032707119197484115,0.00037333542495958215,0.00038908513685117086,0.9979019987707917
7502,2,2,0.9973161159164446,0.0003347327071774756,0.9973161159164446,0.0004846969649126222,0.0005512060816259538,0.0007306710568090801,0.0005825772730302553
7503,5,5,0.9951227997191748,0.00033848080220228507,0.002170286524622425,0.0008669091640324806,0.00040733971313699146,0.9951227997191748,0.0010941840768310498
7504,4,4,0.9976498608883162,0.0004798968789806783,0.0004390571612141929,0.0004980287111002337,0.9976498608883162,0.0003010590481820188,0.0006320973122066832
7506,2,2,0.9972696136093993,0.0003348339667295009,0.9972696136093993,0.00047026835653161275,0.0005683920706450565,0.0006922082690380918,0.0006646837276564857
7507,6,6,0.9977096528556623,0.0005802749195828282,0.0005318080768755644,0.00037766339002105243,0.0004209103442110458,0.00037969041364723785,0.9977096528556623
7509,2,2,0.9973398165056041,0.00033736832454546033,0.9973398165056041,0.0004761355089483149,0.0005199808092618838,0.0008086395355333801,0.0005180593161069609
7511,4,4,0.9975911557127539,0.00048334917800897957,0.00040383198205244376,0.0005012654672544741,0.9975911557127539,0.0003060726503587971,0.000714325009571492
7512,4,4,0.9975726801311536,0.0004801041886432952,0.0004483099975720573,0.0005122588888910549,0.9975726801311536,0.00029049917919774475,0.0006961476145422533
7514,1,1,0.9978493858118649,0.9978493858118649,0.0003533784749638798,0.0003715549550446134,0.00043079162047495736,0.0003285670771759651,0.0006663220604756585
7516,2,2,0.9966217683514578,0.00035007056216820794,0.9966217683514578,0.0005694167669135049,0.0006415454417707097,0.0008835563454256209,0.0009336425322641984
7517,5,5,0.9958690343882841,0.0004254512542795569,0.0013213890616108025,0.0007547084647577671,0.00035706691150394964,0.9958690343882841,0.0012723499195637982
7518,6,6,0.9977907749977025,0.0005922548943156877,0.0004943877966559538,0.0003640200162200926,0.0003729941819956207,0.00038556811311013934,0.9977907749977025
7519,1,1,0.9979713865768964,0.9979713865768964,0.0003399935304876014,0.0003572757950618136,0.0004004078237952306,0.0003030746466208126,0.0006278616271379285
7520,6,6,0.9974854968567026,0.0007233675412663302,0.0005057172856685455,0.000418676752844607,0.00043638250427703075,0.00043035905924081045,0.9974854968567026
7521,2,2,0.9969507986068475,0.00042936155073956367,0.9969507986068475,0.0006218804538797812,0.0006671889557163708,0.0006229640478825485,0.000707806384934191
7522,4,4,0.9974344796730545,0.0005274314492829256,0.0004517840222857042,0.0005104523923173247,0.9974344796730545,0.0003806311576874565,0.0006952213053720895
7523,6,6,0.9955354390345635,0.0010319993040033527,0.0015871451774582125,0.00046949199538254125,0.0005735666762845227,0.0008023578123077991,0.9955354390345635
7524,2,2,0.997017602871795,0.00038814017153972603,0.997017602871795,0.0006000717870353457,0.0006210628079343474,0.0006981690396760416,0.0006749533220195957
7526,2,2,0.9973373521780183,0.00028883027014828917,0.9973373521780183,0.0004031157680778015,0.0004719710619992282,0.0009977839166741122,0.0005009468050822125
7527,5,5,0.9945573342188575,0.00036037653398221774,0.0036273105703924823,0.0005017866262535234,0.0003779417716840822,0.9945573342188575,0.0005752502788301587
7529,2,2,0.9972585406670028,0.0003574154540939888,0.9972585406670028,0.000528932542289134,0.0005773420434864017,0.0007178333171767175,0.0005599359759510917
7530,6,6,0.9970931842877282,0.0005472184185294199,0.0008799756033932145,0.0005572923600304004,0.00048126160190694483,0.00044106772841177687,0.9970931842877282
7531,2,2,0.9972211807454583,0.00039700264276838385,0.9972211807454583,0.0004988057532225962,0.0005863800581968662,0.0006686242290875287,0.0006280065712663202
7534,6,6,0.9972942522588357,0.0005192390553241733,0.0007571195058190798,0.0004656797706254187,0.0004926454883157743,0.00047106392107983266,0.9972942522588357
7536,3,3,0.9977675940309052,0.0004514420699083957,0.0005139989797964538,0.9977675940309052,0.00044185774172797936,0.0005039232334257749,0.00032118394423614387
7537,2,2,0.9971370779149523,0.0003755891551930612,0.9971370779149523,0.0005284980332235848,0.0006121550155000257,0.0006942465027233051,0.0006524333784076922
7538,2,2,0.9971334880256666,0.0003294143225860588,0.9971334880256666,0.00045217323105013274,0.0005355442379481616,0.0010033532689958894,0.0005460269137529828
7539,3,3,0.9978034955866273,0.00044023006319452167,0.000491208855794156,0.9978034955866273,0.0004497510028484111,0.0004803185227283479,0.0003349959688072528
7541,2,2,0.9971968623389421,0.0003814152122927496,0.9971968623389421,0.000517924817613146,0.0005846464594829626,0.0006546867531610072,0.0006644644185080156
7542,5,5,0.9964781740827054,0.00043794051480144317,0.0011766838540929405,0.0007427464839948271,0.00035848964520623726,0.9964781740827054,0.0008059654191991367
7543,4,4,0.997592773370884,0.0004740942510298605,0.0004345681632271129,0.0005408991852120429,0.997592773370884,0.00029797104852250536,0.000659693981124562
7546,5,5,0.9908635966649807,0.0006328714505301767,0.0016456543991197382,0.005025236742760121,0.0003912982550279088,0.9908635966649807,0.001441342487581313
7547,4,4,0.9976901507465571,0.000464764342141171,0.00041034949514309033,0.0005219277547496764,0.9976901507465571,0.0002831948662576048,0.0006296127951514075
7549,6,6,0.9973085606107803,0.0006987798483447052,0.0006541566354210774,0.000402469371015878,0.0004137542642801409,0.0005222792701578818,0.9973085606107803
7550,2,2,0.9971609815203647,0.0003814493059378737,0.9971609815203647,0.0005358908410007495,0.0006029987991994433,0.000677485684000037,0.0006411938494971848
7552,2,2,0.9964992576022075,0.00028667428940773795,0.9964992576022075,0.00042778004352543434,0.0004683396637930829,0.001870306129148592,0.0004476422719176334
7553,5,5,0.9963866552860561,0.0004177493717327692,0.0013168712718787782,0.0006302088200812592,0.00036310099242668585,0.9963866552860561,0.0008854142578244548
7554,1,1,0.9978077670252934,0.9978077670252934,0.0003558727792253436,0.000379587103348452,0.0005024009563555619,0.0003079854546266405,0.000646386681150723
7555,2,2,0.9969585474441295,0.00034201084149862996,0.9969585474441295,0.0004696298795600889,0.0005832727610533268,0.0009531069565933358,0.000693432117165081
7557,6,6,0.9965576796046373,0.0012148205748648646,0.0007273841378181831,0.00048166462344378783,0.0005567930787712347,0.0004616579804646225,0.9965576796046373
7558,2,2,0.9971551758452526,0.00039388934425305686,0.9971551758452526,0.0005250638278869137,0.0006168718015965244,0.0006669726480571519,0.0006420265329537652
7559,4,4,0.9976177388363219,0.0004973913693419991,0.0004374598548280103,0.0005401238284029503,0.9976177388363219,0.0003039193632074886,0.0006033667478976756
7560,3,3,0.9978482695066114,0.0004269421030355914,0.00045876551173568435,0.9978482695066114,0.00042535041455240603,0.0005106536540687841,0.00033001880999620125
7561,6,6,0.9970373791939453,0.0009661962088938081,0.0005506609275888061,0.00041459196798208085,0.0005454590837205172,0.0004857126178694419,0.9970373791939453
7562,1,1,0.997883315421271,0.997883315421271,0.0003589261383914815,0.0004073054326550197,0.0004312761316843136,0.0003724969626242585,0.0005466799133739781
7563,3,3,0.9978398159275773,0.0003759406127680774,0.000487296409125998,0.9978398159275773,0.0004792440485664912,0.00048687274466287044,0.00033083025729933803
7565,1,1,0.9979928870824455,0.9979928870824455,0.00035073610279449767,0.00036333203556010386,0.0004190509638435093,0.000327441515770539,0.0005465522995859316
7566,2,2,0.9956021177611358,0.00029835477739912573,0.9956021177611358,0.0006200848807968068,0.0005716762416095799,0.002326297821610244,0.000581468517448411
7567,3,3,0.9978535841359616,0.00042077398688435006,0.000460223239814915,0.9978535841359616,0.0004332072597579958,0.0005037676345501095,0.00032844374303109194
7570,4,4,0.9975421222868225,0.00048213005876587026,0.00039967449485462005,0.0005937199207616091,0.9975421222868225,0.0003048309454531117,0.0006775222933423402
7571,3,3,0.9977629105393855,0.0004130097974165559,0.0005218309815873019,0.9977629105393855,0.00046359077609609386,0.0005007769190408625,0.0003378809864737542
7572,4,4,0.9976656475368367,0.00048547089849091334,0.00039438349402618036,0.0005309662155991775,0.9976656475368367,0.0002982472728464037,0.0006252845822005783
7573,3,3,0.9978142152599542,0.0004173202270073,0.0005149286746347912,0.9978142152599542,0.0004381117980414628,0.0005204959459030217,0.00029492809445929213
7575,1,1,0.9980009260346473,0.9980009260346473,0.00034463074040107255,0.00034013411125600985,0.00038752975765765207,0.00031386409150340236,0.0006129152645346438
7576,2,2,0.9973155890963352,0.00031126945504663555,0.9973155890963352,0.00042113269011419973,0.0005184804340305754,0.0008581488539632951,0.0005753794705101037
7577,2,2,0.996703424661754,0.00025647537742384444,0.996703424661754,0.0004776220772453163,0.0004840180229665963,0.0015706138599187545,0.0005078460006915249
7578,2,2,0.9969347303660359,0.00028073868020530245,0.9969347303660359,0.0004486828216851886,0.0004852100773565151,0.0013277062132251707,0.0005229318414919461
7579,3,3,0.9977954496580906,0.0004051915066076167,0.0004927771444598683,0.9977954496580906,0.0004953226815497758,0.0004893890515898361,0.00032186995770228745
7581,4,4,0.9976432317405429,0.0005011668841578971,0.0004043399770051134,0.0005192934493302685,0.9976432317405429,0.0002874213848274741,0.0006445465641363588
7582,1,1,0.9978736884638681,0.9978736884638681,0.00039507864021110325,0.0003956258794832759,0.00044457517072818935,0.00034857834875534643,0.0005424534969539397
7584,4,4,0.9976161201616952,0.0004891424654559632,0.00047904547287208756,0.0004719699528592787,0.9976161201616952,0.00030560167828893475,0.0006381202688285774
7585,4,4,0.9975355808119843,0.0005419626219804963,0.00043876160390781397,0.00048175808938639834,0.9975355808119843,0.0003050037468127058,0.0006969331259282124
7586,4,4,0.9976269331881213,0.00048640089651418267,0.00042567927747852024,0.0004898615746921611,0.9976269331881213,0.0002994532033512997,0.000671671859842322
7588,1,1,0.9979599008971358,0.9979599008971358,0.0003336003154724059,0.00032038455645566914,0.0004047009767463558,0.00029074143057463916,0.0006906718236151494
7589,1,1,0.9978586363990575,0.9978586363990575,0.00037956246895964283,0.0003139333647728528,0.0003768857025400694,0.00030751949214959193,0.0007634625725204536
7590,3,3,0.9977718715562641,0.00045539235753042236,0.0005003066380304926,0.9977718715562641,0.00044834969655445877,0.00046695525061603294,0.0003571245010044531
7592,6,6,0.9978563087571073,0.0004846220204460455,0.0004511269170806758,0.00039413017982326877,0.00040594901242037003,0.0004078631131222951,0.9978563087571073
7593,4,4,0.9976334578889126,0.0005027934116234767,0.00041216576071003775,0.0005329712934667315,0.9976334578889126,0.00029727016889157816,0.0006213414763956185
7594,6,6,0.9971031494937965,0.0007669305738377838,0.0007167320544954184,0.0004939669717590406,0.0005083394909020156,0.0004108814152092413,0.9971031494937965
7595,4,4,0.9976729338740457,0.0004912033711985993,0.0004102892155772751,0.0005033194713882235,0.9976729338740457,0.0003018212391469182,0.0006204328286433305
7596,2,2,0.9972664047574369,0.0003623361673763326,0.9972664047574369,0.0005279756113953742,0.0005932536400049173,0.0007060578159619474,0.000543972007824305
7598,5,5,0.9965322003748284,0.0004298682318583109,0.0011782855710318048,0.0007506249229182142,0.0004007228993800615,0.9965322003748284,0.0007082979999832372
7599,4,4,0.9976608037182729,0.0004896518888568517,0.00039537236516514526,0.0005571752735997369,0.9976608037182729,0.00028840642448019226,0.0006085903296251853
7600,1,1,0.9979569856191595,0.9979569856191595,0.0003439862902146599,0.00038022757295391946,0.00042929922107067393,0.0003152057743712937,0.0005742955222299573
7601,2,2,0.9971695142129681,0.00031855299488860823,0.9971695142129681,0.00041794923668634157,0.0005392508248441478,0.0008639247624857745,0.0006908079681270701
7602,3,3,0.997807697154993,0.0004430519597136476,0.0004725824201545307,0.997807697154993,0.00039768663063453576,0.0005475698285232895,0.0003314120059810219
7606,2,2,0.9971516599054849,0.0003931833035265229,0.9971516599054849,0.000570653183668967,0.0006108849844039887,0.0006574325498518883,0.0006161860730636807
7609,1,1,0.9979715476877083,0.9979715476877083,0.00034433232058661214,0.0003795359339118379,0.00041814501538346244,0.0003330901516909134,0.00055334889071882
7611,2,2,0.9960790081136729,0.0004257201715682343,0.9960790081136729,0.0007283515736079728,0.0008731133831758512,0.0007903143259268297,0.001103492432048256
7612,5,5,0.9964856914670444,0.0004131620148523845,0.0012689926423705398,0.0009435701472783934,0.0003478860824823311,0.9964856914670444,0.0005406976459719798
7613,2,2,0.9972686704772094,0.00034539323579395873,0.9972686704772094,0.0005133025940392141,0.0005648354044482005,0.0007258311482252114,0.0005819671402840931
7614,1,1,0.9979952580166253,0.9979952580166253,0.00039234510065963243,0.0003362357385746782,0.00039555825085560453,0.0003047167849349723,0.000575886108349936
7617,2,2,0.9972591451734607,0.000358610313171672,0.9972591451734607,0.0005128720134280326,0.000571929397140556,0.0007032655125219819,0.0005941775902771326
7619,3,3,0.9978010521886509,0.00043644438570368326,0.0004961348242125743,0.9978010521886509,0.00048125936278724864,0.0004279005494433665,0.0003572086892021878
7620,2,2,0.9965151319266602,0.0004277605232220722,0.9965151319266602,0.0006203493542830696,0.0007672806210422514,0.0008273056983723219,0.000842171876420157
7621,5,5,0.9959022241899006,0.00030580488470960084,0.001993288253833453,0.0006609285958456059,0.00028390206985741244,0.9959022241899006,0.0008538520058533216
7622,3,3,0.9978629538673718,0.0004204580446605235,0.00047804890574018025,0.9978629538673718,0.0004215748459009728,0.0004898491697316616,0.0003271151665948329
7624,5,5,0.996158794526094,0.0004477871187537546,0.001593860706542671,0.0006921533605377157,0.0004095122341533189,0.996158794526094,0.0006978920539185334
7625,2,2,0.9961794139396956,0.0004843066329254651,0.9961794139396956,0.0008623495270651774,0.0009547542536209953,0.0007483524925170746,0.0007708231541757366
7626,6,6,0.9971850456077899,0.0007405945172981738,0.0006252146522261858,0.0004560017233115986,0.0005551421749526758,0.0004380013244215438,0.9971850456077899
7628,4,4,0.9976471056602895,0.0004606443394539555,0.0004004222569750169,0.0005142933218307452,0.9976471056602895,0.0003031779485082938,0.000674356472942509
7629,3,3,0.9978266056666725,0.00043990787085953435,0.0004771804222556289,0.9978266056666725,0.00046533818900139557,0.00046175431389532535,0.0003292135373156257
7630,4,4,0.9976570327309708,0.00047122449852762073,0.0004236220071409833,0.0005163421628500832,0.9976570327309708,0.00028540761261267305,0.0006463709878978774
7631,2,2,0.996946108933668,0.00032834884673036346,0.996946108933668,0.0005440994607321503,0.0005560905875598829,0.0009262741222237555,0.0006990780490856944
7633,3,3,0.9978074432290573,0.0004115739721232886,0.000459270522736997,0.9978074432290573,0.0004701014841385856,0.0005253353738684675,0.00032627541807534946
7634,3,3,0.9961266535023228,0.0005987342099230305,0.0006751664521978168,0.9961266535023228,0.0014874805065043302,0.00046486538695546004,0.0006470999420966404
7635,5,5,0.9963915455227688,0.00047392977719660004,0.001235648378393593,0.0006596396444256574,0.000388446553318729,0.9963915455227688,0.0008507901238966166
7637,6,6,0.9964627979978913,0.000948087346192896,0.0009726832270222857,0.0005184001241901934,0.000638266931766122,0.0004597643729372187,0.9964627979978913
7638,6,6,0.9971194953257102,0.0005306183906097875,0.0007271357675745158,0.00041015487759984954,0.0004472522478315537,0.0007653433906741302,0.9971194953257102
7639,2,2,0.9942849221285859,0.000561808183655716,0.9942849221285859,0.0006845873048573095,0.0008994894896109407,0.0010615038965834038,0.002507688996706747
7640,3,3,0.997825497845049,0.00042480699041575214,0.0004896731960515228,0.997825497845049,0.0004456118913640425,0.0004807000782535884,0.00033370999886602463
7641,3,3,0.9974883217363306,0.0004274075952674697,0.00043805598772324853,0.9974883217363306,0.0004256060973703126,0.0008439961914348991,0.00037661239187343606
7642,4,4,0.9976528987165072,0.0004754095918806314,0.0004177436725103244,0.0005105588100592541,0.9976528987165072,0.00029865045490692514,0.000644738754135689
7643,3,3,0.9978842936943149,0.00040713186745749914,0.00043805544279517804,0.9978842936943149,0.0004062905921675665,0.0005241382543527361,0.0003400901489122066
7645,1,1,0.9980155393388342,0.9980155393388342,0.00035652952504701245,0.0003554743074488217,0.0003850518905432331,0.0003299007421028805,0.0005575041960235791
7647,4,4,0.9974649066691287,0.0005156057329602748,0.0004078085035378761,0.0005938667977162573,0.9974649066691287,0.0003125359897837587,0.0007052763068731022
7649,3,3,0.9965917196878803,0.0007457751131771486,0.0006557919562090554,0.9965917196878803,0.000982670610008496,0.0004746845393876204,0.0005493580933374849
7650,6,6,0.99737950987316,0.0005567245358658592,0.0007193034171020988,0.0005110613840221002,0.0004851447148578253,0.0003482560749920639,0.99737950987316
7653,3,3,0.9978603532829177,0.0004169904406285188,0.00046975868825176566,0.9978603532829177,0.00044595777703571347,0.0004660227746792008,0.000340917036487113
7655,4,4,0.9976728792280968,0.0004962835344342819,0.0004047949136543293,0.0005040051300813249,0.9976728792280968,0.00031030132230931674,0.000611735871423949
7656,2,2,0.9968889296182247,0.00025897950245152467,0.9968889296182247,0.0004244598942164367,0.0004534412264778671,0.0014076967406849775,0.000566493017944418
7658,6,6,0.9977562884182256,0.000531580931997193,0.0004963647737675611,0.0003907014270215096,0.00041023172679964835,0.00041483272218844773,0.9977562884182256
7659,5,5,0.9964595421679447,0.0004457354073056492,0.001414250231029138,0.0006286032721017262,0.00038967750091533797,0.9964595421679447,0.0006621914207034236
7660,3,3,0.9974567134618273,0.0004902740400256811,0.0005582717708827895,0.9974567134618273,0.000590313578133512,0.00048152385607770284,0.00042290329305300875
7664,5,5,0.9959534197672498,0.0002899831100053322,0.001716774735896773,0.0005831851035916346,0.00033954847473609116,0.9959534197672498,0.0011170888085203178
7667,4,4,0.9975185123712506,0.00045713405631107325,0.0004503237601689253,0.0005395337210838499,0.9975185123712506,0.0003152458144523814,0.0007192502767330367
7668,1,1,0.9979877579681767,0.9979877579681767,0.00032178589373892656,0.00035546612727566193,0.00039895909570663424,0.00029399167714497633,0.0006420392379571147
7669,1,1,0.9978948889155546,0.9978948889155546,0.00038471059194843295,0.0003349777363168331,0.00038377598069140606,0.00028529275648375127,0.0007163540190050742
7670,1,1,0.9979292540736568,0.9979292540736568,0.0003597797477260168,0.00038022029752810764,0.0004181320499658379,0.00034379586712196075,0.0005688179640011794
7671,1,1,0.9979030811803967,0.9979030811803967,0.0003535852495760053,0.00037879321149140625,0.000417552091118147,0.0003227198524212133,0.0006242684149966407
7675,2,2,0.9971712154618663,0.0003634323194480521,0.9971712154618663,0.0005480399589118683,0.0005777792386178449,0.0007767465024746358,0.0005627865186815196
7676,4,4,0.9976047147958393,0.00048176803932092893,0.0004021803854448822,0.0005227336010098461,0.9976047147958393,0.00029259550121794474,0.0006960076771670887
7677,4,4,0.9976262528031318,0.00047330689636426536,0.00041634866244804117,0.0005570098917604963,0.9976262528031318,0.0002917046681447202,0.0006353770781506626
7678,5,5,0.996396408159482,0.00039312028090690045,0.0013365158985028545,0.0006768354877357152,0.00036898482534349417,0.996396408159482,0.0008281353480289517
7679,4,4,0.9976756304205079,0.00046794237358958337,0.000406554826145114,0.0005520751764631364,0.9976756304205079,0.0002794714037807351,0.0006183257995135938
7681,3,3,0.9977687911521919,0.000453635457340279,0.000495918226103508,0.9977687911521919,0.0004564577428428527,0.0004601174327854824,0.00036507998873605373
7682,1,1,0.9978440464757562,0.9978440464757562,0.00033936577891432876,0.00032870632695832284,0.0004434593191458981,0.0002683314234444751,0.0007760906757805752
7683,2,2,0.9965605633085802,0.0004438096003991124,0.9965605633085802,0.0006264844870209378,0.0007178024162125631,0.0006522946964702941,0.0009990454913168325
7684,6,6,0.9966971099441294,0.0006426515256601204,0.0006615362430758743,0.0005020942963574238,0.00036114588249996736,0.0011354621082771542,0.9966971099441294
7685,2,2,0.9969223210724162,0.00036711007378099593,0.9969223210724162,0.0005269630965025053,0.0006311142977270415,0.0007644065243054866,0.0007880849352678113
7686,3,3,0.997792257577081,0.0004282282956654401,0.0005007577197060271,0.997792257577081,0.0004855475629366063,0.0004593749826147357,0.0003338338619961893
7687,5,5,0.9965290309746558,0.00034247355830443,0.0016644603842256341,0.0005339620921221024,0.00031730447871062455,0.9965290309746558,0.000612768511981376
7688,4,4,0.9976841907322234,0.0004999128635475393,0.0004155869536381776,0.0005053874108536875,0.9976841907322234,0.00030275899118607926,0.0005921630485511509
7690,4,4,0.9975662623969406,0.00044714719896893405,0.0004265286501421389,0.0005865717651491681,0.9975662623969406,0.00032274509754381145,0.0006507448912554121
7692,2,2,0.9970472539214413,0.00041259512144349944,0.9970472539214413,0.0005603354034432976,0.0006427026105276726,0.0006161749958830148,0.0007209379472612321
7693,2,2,0.9966790536592416,0.00048121771450778116,0.9966790536592416,0.0006467869880404166,0.000712655416492278,0.0006085581759480852,0.0008717280457698161
7694,4,4,0.9975190721227175,0.0005324544916058204,0.00041983360447221945,0.0005433700584528267,0.9975190721227175,0.00032590500274211006,0.0006593647200095503
7696,6,6,0.9977349120714049,0.0004707339431088388,0.0005372131750911105,0.0003626178978354902,0.00042242723031698544,0.0004720956822427002,0.9977349120714049
7698,4,4,0.9972400040309576,0.0005068112802199682,0.0005660496857617134,0.000512586644664241,0.9972400040309576,0.0003113494780955627,0.0008631988803009332
7699,4,4,0.997582306761633,0.0005349895223931659,0.00039252907973145914,0.0005363443058497334,0.997582306761633,0.00028801872648131897,0.0006658116039113663
7701,2,2,0.9966786724007044,0.0004918753223067952,0.9966786724007044,0.0005757220677356788,0.0007026563974002814,0.0006505935403626128,0.0009004802714902757
7702,6,6,0.9975847733981072,0.0006716953627366692,0.0005287716384925566,0.00035499640020762317,0.0004365433502943408,0.0004232198501615401,0.9975847733981072
7703,4,4,0.9975572323654712,0.0004724248174124948,0.0004913685019695086,0.0005279190738503623,0.9975572323654712,0.00033107108286000586,0.000619984158436485
7704,5,5,0.9964755227960047,0.00037218508266262374,0.001249214873456029,0.0006197478537167227,0.00035110942731532966,0.9964755227960047,0.0009322199668446053
7705,2,2,0.9970061615614741,0.00039565928716701453,0.9970061615614741,0.0005610609321314217,0.0006453317753676582,0.0007304892377334024,0.0006612972061264485
7706,2,2,0.9971214466421703,0.0002881279368254323,0.9971214466421703,0.00041872498009391974,0.0004928678652354242,0.001204486651060525,0.00047434592461450127
7707,3,3,0.9976875147855162,0.00043860540731361226,0.0005478137988706196,0.9976875147855162,0.0004754922981817747,0.0005159781102877986,0.0003345955998300112
7708,3,3,0.9946934400737717,0.0006249998000930682,0.0007368818490550472,0.9946934400737717,0.0005214965109372619,0.001701872299350665,0.0017213094667923145
7710,3,3,0.9979093497748844,0.00039456146666900507,0.0004646875814955624,0.9979093497748844,0.0004053367231512475,0.0005100843175311383,0.0003159801362686511
7713,3,3,0.997736127531321,0.0004685501750253842,0.0004803193292782377,0.997736127531321,0.0004689310569119702,0.0005007090103076556,0.00034536289715583795
7714,4,4,0.9976481097590758,0.0005093930165728258,0.00042780314024971607,0.0005213913608777966,0.9976481097590758,0.00030245455194968123,0.0005908481712741732
7716,2,2,0.9971705309980083,0.00039823378555737735,0.9971705309980083,0.0005556987644966486,0.000587864780478175,0.0006653761315472148,0.0006222955399122198
7718,1,1,0.9979210857247768,0.9979210857247768,0.00040331231144141976,0.00036738235087319175,0.00042083494259040653,0.0003448148615701848,0.0005425698087479932
7719,6,6,0.9975212269214931,0.0005370415193535607,0.00044806822789682823,0.0005997762814268727,0.00039639862580645566,0.0004974884240231155,0.9975212269214931
7720,4,4,0.9976422202570635,0.0004795811552223408,0.00041168383953857227,0.0005266465602207611,0.9976422202570635,0.000298980943982554,0.0006408872439722873
7721,3,3,0.9978165189469623,0.0003997299470474952,0.0005096518211350196,0.9978165189469623,0.0004563457423704577,0.0005049394455291952,0.0003128140969555471
7724,1,1,0.9978442822225426,0.9978442822225426,0.00039611844792702484,0.00031121236382180585,0.00037322234938080525,0.0003204901696838067,0.0007546744466440563
7725,2,2,0.9969553161421174,0.0002671437824444133,0.9969553161421174,0.0004516864861329425,0.0005169410970792979,0.0011960154686720694,0.000612897023553867
7726,5,5,0.9965783114283802,0.00035933585488476195,0.0015952597425586516,0.0005470333975066124,0.00033063581338908864,0.9965783114283802,0.0005894237632807236
7727,6,6,0.9968421197800562,0.0006297405760445323,0.001024433966871147,0.0005119317659045767,0.000539735585733382,0.00045203832539012276,0.9968421197800562
7728,5,5,0.9967083894419118,0.00039938656699602993,0.0012563726585852286,0.0006096013799306886,0.0003642158685865812,0.9967083894419118,0.0006620340839896731
7729,1,1,0.9978769886063449,0.9978769886063449,0.0003645672356608278,0.0003329553830312569,0.0003926702723291344,0.0002900249635747952,0.0007427935390591893
7731,6,6,0.9975978989349602,0.0006442397300502169,0.0005411282903351723,0.00040799397863106176,0.00043603706250225767,0.0003727020035210873,0.9975978989349602
7732,6,6,0.997680768172897,0.0006182732665474149,0.0004803235860958153,0.00037338546261422915,0.00041904419142802424,0.00042820532041756767,0.997680768172897
7737,2,2,0.9973658145760449,0.00030974200270539044,0.9973658145760449,0.00044897788912855104,0.0005108740482980112,0.0008503916828691193,0.000514199800954012
7739,3,3,0.9978284677411284,0.0004315031590602378,0.000491065460374685,0.9978284677411284,0.0004364024689903751,0.0004990985835943594,0.0003134625868519104
7740,4,4,0.9975147794908026,0.00048337090780599347,0.0004733393419646501,0.0005167305019235438,0.9975147794908026,0.0002970914164458243,0.0007146883410573903
7741,6,6,0.9974017466043221,0.00047743418052870575,0.0005348590375728454,0.00047161862383479923,0.00043888539914159816,0.0006754561545998803,0.9974017466043221
7743,3,3,0.997842254478198,0.0004075186987060387,0.0004844827935874889,0.997842254478198,0.0003952996584584754,0.0005605830576236281,0.0003098613134263647
7745,4,4,0.9974232986377425,0.0005853031223476165,0.0004554768999980904,0.0004968971516705837,0.9974232986377425,0.00030614462094302936,0.0007328795672981408
7747,3,3,0.997631863852641,0.0004194486353659347,0.0004942899470210686,0.997631863852641,0.0005801535772802694,0.0004507190991140644,0.0004235248885776853
7749,4,4,0.9976549436484494,0.00048241160396050734,0.00043713416784199073,0.0004947841068276405,0.9976549436484494,0.0003008226649613999,0.0006299038079590403
7751,6,6,0.9978713266481664,0.0005327070498854909,0.0004457264940805621,0.00033395520701514367,0.0003850296670049412,0.0004312549338474629,0.9978713266481664
7752,4,4,0.9974061198820575,0.0005222593560557905,0.0004586286952352603,0.0005950625250063733,0.9974061198820575,0.0003312227275662262,0.0006867068140788001
7753,5,5,0.9966427566964946,0.00038995435590054246,0.001181972851994772,0.0006274441558791366,0.0003351530046689081,0.9966427566964946,0.0008227189350620517
7754,2,2,0.9967527102139104,0.00038351847347988676,0.9967527102139104,0.00052726928147646,0.0006694149549659782,0.0008922243417859631,0.0007748627343812826
7756,2,2,0.9971017410081143,0.00037001851058392644,0.9971017410081143,0.0006478142568486533,0.0006112483200598296,0.0007202814571350907,0.0005488964472579779
7757,6,6,0.9972901343428567,0.0007103749666674085,0.0005425058188374528,0.00041934495671716186,0.000583605898958898,0.0004540340159623272,0.9972901343428567
7758,1,1,0.9979986400872205,0.9979986400872205,0.0003270723342967469,0.0003534879599589656,0.0003959474211692202,0.000299093483716148,0.000625758713638485
7760,1,1,0.9979746303030207,0.9979746303030207,0.00037459984651234425,0.0003495116156616944,0.00039206898516219756,0.0002948188795055446,0.0006143703701375268
7761,1,1,0.9979347405620137,0.9979347405620137,0.0003577761675482076,0.0003958541075022519,0.00043726260264078916,0.00033983481947868013,0.0005345317408164806
7762,6,6,0.9976769298178852,0.0005675904804238224,0.0005187083842591563,0.0003833359594932763,0.0004441680304855296,0.00040926732745294984,0.9976769298178852
7763,4,4,0.9976334208320756,0.00048812948484153857,0.0004220349502171228,0.0005434971919615496,0.9976334208320756,0.00030185016285638554,0.0006110673780478434
7764,1,1,0.9979711143596541,0.9979711143596541,0.0003355885263228684,0.0003704672551245178,0.0003930109948139526,0.00030508803224221613,0.0006247308318424351
7766,3,3,0.9977887533765687,0.00046491688302153247,0.0004845827189504501,0.9977887533765687,0.0004346850473193177,0.0004834167904376816,0.00034364518370227475
7769,4,4,0.9972929632188539,0.0004573640015236525,0.0005905373416863356,0.00056441834115675,0.9972929632188539,0.0003329992269287547,0.0007617178698506891
7770,1,1,0.9977489192431465,0.9977489192431465,0.0003810486717693563,0.0004229696889790753,0.0004656335815558139,0.0004015066881254685,0.0005799221264238943
7771,1,1,0.9979425105780085,0.9979425105780085,0.0003652070893915838,0.00039739458720732315,0.0004296743441659164,0.00035866821536585273,0.0005065451858607746
7772,4,4,0.9956412791150726,0.0007254438884178732,0.0006911063186005102,0.0006205663220596049,0.9956412791150726,0.0004913831008976842,0.0018302212549517005
7773,1,1,0.9978878878243128,0.9978878878243128,0.0003720336010557687,0.00041036095384537754,0.00043031343124575464,0.00037118569017887857,0.0005282184993614417
7774,3,3,0.9978025890736771,0.0004483741846880812,0.000480622564840678,0.9978025890736771,0.00045263807010676994,0.00046341163782846,0.00035236446885893977
7775,1,1,0.9979223298924661,0.9979223298924661,0.00037813405356117066,0.0003712039943594291,0.0004142987966253843,0.0003425658226587229,0.0005714674403293355
7777,1,1,0.997936345320789,0.997936345320789,0.0003224331324386798,0.00034354412177172084,0.00039431369254303613,0.00027795976854215465,0.000725403963915386
7778,1,1,0.9973966278237308,0.9973966278237308,0.00033543035035569504,0.00036540685677297795,0.0004249687723651223,0.00027932503822298736,0.0011982411585524033
7779,5,5,0.9894713163951803,0.00039230883705850623,0.0084936199714717,0.000669658824374763,0.000443367142023249,0.9894713163951803,0.0005297288298915215
7782,3,3,0.9978204536099369,0.00040379923478399844,0.0004957315192380621,0.9978204536099369,0.0004644397477275569,0.000492632135680527,0.00032294375263300883
7783,1,1,0.997853347929995,0.997853347929995,0.0004290860058221244,0.0003778127333698767,0.00040438869584488024,0.00035362194652308965,0.0005817426884449718
7784,2,2,0.9972896294675986,0.00033787471104295124,0.9972896294675986,0.0004936145712181309,0.0005500120887020104,0.0007324254050117389,0.0005964437564266263
7785,5,5,0.9965639676817424,0.000409984619688621,0.0012801484725814243,0.0006212142579824591,0.00033960696789497034,0.9965639676817424,0.0007850780001102357
7786,2,2,0.9971356443563169,0.0004072835457190077,0.9971356443563169,0.0005430527408800376,0.0006235759388363373,0.0006705453886929049,0.0006198980295548056
7787,3,3,0.9977540586654133,0.0004768741593448433,0.0004874485707055953,0.9977540586654133,0.00046450011258940743,0.0004731890322537965,0.0003439294596930353
7788,3,3,0.997574266142422,0.0004668569582759776,0.0005037787468471698,0.997574266142422,0.00042211799728786726,0.0006441863928769221,0.0003887937622901745
7789,3,3,0.997862253597136,0.00041361498391186705,0.0004760765754841247,0.997862253597136,0.00044650312638430396,0.000492623412343027,0.0003089283047407731
7790,2,2,0.9965294360878262,0.00035227500444023576,0.9965294360878262,0.000529716794713024,0.0006473371798918698,0.0011454258551665231,0.0007958090779622282
7791,4,4,0.9976582898124574,0.0004638696464295685,0.0004131531992345918,0.0006019325897136772,0.9976582898124574,0.00029380215474891905,0.000568952597415833
7793,4,4,0.9976418196326831,0.00048567949263732675,0.00038753331282519274,0.0005225922889177767,0.9976418196326831,0.000300524528843279,0.0006618507440933755
7794,3,3,0.9976860678540052,0.00044589372132415557,0.000534787562360636,0.9976860678540052,0.000503900771823521,0.00046392834713586027,0.00036542174335079866
7795,6,6,0.9973488143109548,0.0006936691553242993,0.0006622987176422472,0.0004127407275108203,0.0004970913431346119,0.0003853857454332815,0.9973488143109548
7797,1,1,0.9978860688029728,0.9978860688029728,0.00037716899144970656,0.0003839603998448293,0.00042127253161988574,0.00038412320668329287,0.0005474060674296676
7798,4,4,0.9976308301080965,0.0005103163398281695,0.0004010843386126511,0.0005345213552262783,0.9976308301080965,0.00029062587288335243,0.0006326219853530701
7799,6,6,0.9967514824011073,0.0008821069507381865,0.0006205403077520731,0.0003556991639091999,0.00040734873895041825,0.0009828224375427394,0.9967514824011073
7800,4,4,0.9976387332568986,0.0005040856932709894,0.0004052778074637262,0.000518552509346666,0.9976387332568986,0.00028635387729137934,0.0006469968557287257
7802,2,2,0.9970618771934527,0.00040779848463402005,0.9970618771934527,0.0005639553917949228,0.0006346168208391726,0.000637433431592152,0.0006943186776869739
7803,3,3,0.9978401234346257,0.00040306119080834614,0.00048192466115443405,0.9978401234346257,0.0004744008838467047,0.0004822177658534501,0.00031827206371134266
7807,6,6,0.9953907663303098,0.0009279057206629403,0.0016722718610373297,0.000641745219945706,0.000872747268426017,0.0004945635996182028,0.9953907663303098
7809,4,4,0.9975514257771171,0.0004872887145275588,0.00048041957077208877,0.0005194079322347506,0.9975514257771171,0.0002956616586310054,0.0006657963467174629
7812,2,2,0.996017918566358,0.00028093690165619607,0.996017918566358,0.00042421826692964345,0.0005144651165346881,0.002307824196899933,0.0004546369516215904
7813,4,4,0.9976898660726937,0.0004757898400364531,0.00039681383885235106,0.0005345387101096305,0.9976898660726937,0.0002811919859169919,0.0006217995523909015
7814,3,3,0.9977786771974547,0.0004545406931583972,0.0005093591593512941,0.9977786771974547,0.0004603886427121136,0.00045647729130133885,0.00034055701602210705
7815,1,1,0.9951190463060767,0.9951190463060767,0.0004198882968784148,0.00039358355455170016,0.00048260982083063464,0.0003449204622769591,0.00323995155938557
7816,3,3,0.9978594392730429,0.00042405358704547774,0.00046602078757333065,0.9978594392730429,0.0004472534440450611,0.00046384216209124175,0.00033939074620202727
7819,4,4,0.9976762464148454,0.00048474094014978056,0.0004273744060100448,0.0005121952542579496,0.9976762464148454,0.00030149457007683364,0.0005979484146599533
7821,6,6,0.9977936493497253,0.0005372448223434397,0.00044768587723233844,0.00042964237591831903,0.00038744854580311243,0.0004043290289775291,0.9977936493497253
7822,5,5,0.9963735170514215,0.000481835848925626,0.001500261545774495,0.0006251933785179603,0.00040242173677384335,0.9963735170514215,0.0006167704385865923
7824,4,4,0.997607789296943,0.0005389781813321599,0.0004326697798494115,0.000515228583466573,0.997607789296943,0.000308160483774571,0.0005971736746342024
7826,2,2,0.9966941668248835,0.0004556466370834841,0.9966941668248835,0.0005843968709345993,0.0007138468191329057,0.0006286840568285921,0.0009232587911368288
7827,2,2,0.997091354565426,0.0002950018569377111,0.997091354565426,0.0004327545732117767,0.0004971554458897442,0.0012305766168433667,0.0004531569416914469
7828,1,1,0.9977327552697951,0.9977327552697951,0.00039206276287118006,0.0004599446241186874,0.00048404748510181325,0.000431885184709357,0.0004993046734039053
7830,5,5,0.9964970797532295,0.00046364068874834126,0.0012894896597861023,0.0006519048959474542,0.0003744274671165828,0.9964970797532295,0.0007234575351719478
7832,4,4,0.9975547221783332,0.0005142400604925606,0.00039127738070078046,0.0005609027502842413,0.9975547221783332,0.00030125406312781557,0.0006776035670614361
7834,1,1,0.9979361451511457,0.9979361451511457,0.0003489610609513165,0.00039596263631262453,0.0004395363919825222,0.0003479324443782982,0.0005314623152296542
7837,4,4,0.997644543710617,0.0004955964110107925,0.00039131484821415546,0.0005310309669954189,0.997644543710617,0.00029002457729076576,0.0006474894858719459
7838,3,3,0.9977507385408906,0.0004156838481157695,0.0004637403334176947,0.9977507385408906,0.0004558437353667254,0.000588008819731769,0.000325984722477464
7839,4,4,0.9975550635467324,0.0004309716983455928,0.0004544741470662134,0.0006235890238722645,0.9975550635467324,0.00031084368980800617,0.0006250578941754944
7840,5,5,0.9965670549944768,0.00038008166529774354,0.0013659980054270408,0.0005974818751207184,0.00037619854475482096,0.9965670549944768,0.000713184914922873
7842,2,2,0.9969936692835234,0.00039723056002992683,0.9969936692835234,0.0005265800908573167,0.0006561959217356177,0.0006901748769093062,0.0007361492669445867
7843,3,3,0.9978483125166404,0.0004031046572460573,0.00046913161784405117,0.9978483125166404,0.00045674604573684417,0.0004956456450155696,0.00032705951751705643
7844,4,4,0.997563770005447,0.0005635554836921668,0.00043021982840467604,0.0005565130548587796,0.997563770005447,0.0003037545692000759,0.0005821870583972719
7846,5,5,0.996676101650945,0.00044188232910255044,0.0012720168051843144,0.0006986498001420318,0.0003629867330481494,0.996676101650945,0.0005483626815779844
7847,3,3,0.9977839416334916,0.0004357276117877939,0.000486462135757175,0.9977839416334916,0.0004369151935690158,0.0005109357209874214,0.0003460177044069705
7848,1,1,0.9979520212975771,0.9979520212975771,0.0003358426834855642,0.00031647047588252713,0.00037611592287073567,0.0002734986711911635,0.0007460509489927252
7850,3,3,0.9978700613116882,0.00041076318674745715,0.0004802587373672747,0.9978700613116882,0.000451284827173686,0.0004581323762229896,0.0003294995608004217
7851,1,1,0.9978502318833349,0.9978502318833349,0.00037507826737985127,0.00044026519708301035,0.000453634855612891,0.0003906812081898811,0.0004901085883995836
7852,3,3,0.9978425148725059,0.000420462682419942,0.0004970630791980124,0.9978425148725059,0.0004450274756723584,0.00046336762994268033,0.00033156426026112977
7853,5,5,0.99508515649232,0.0004039989922539335,0.0019201648670210065,0.001670656453792517,0.0003177428369007835,0.99508515649232,0.0006022803577118412
7855,1,1,0.997812107622639,0.997812107622639,0.00038984820728310977,0.0004197547491603184,0.0004406900648012423,0.0003854234066160077,0.0005521759495002822
7857,6,6,0.9978664359996442,0.000518320061937863,0.0004566071075538333,0.0003732925920536339,0.0003871493329691311,0.00039819490584132615,0.9978664359996442
7859,1,1,0.9979665908305551,0.9979665908305551,0.00035356361519196507,0.00038377207982895014,0.0004272607379692324,0.00031846666774052227,0.0005503460687142497
7860,6,6,0.9973488999073591,0.0006670551343104182,0.0004306071766838908,0.0006795512131040655,0.0004745355668455956,0.00039935100169692704,0.9973488999073591
7862,4,4,0.9976867559025633,0.0005085715736812997,0.00040666616901269666,0.000523052883193571,0.9976867559025633,0.0002890885842826718,0.0005858648872665768
7863,1,1,0.9979279417694376,0.9979279417694376,0.0003340757810790736,0.00029964041862211836,0.0003698555368270252,0.0002780122845522105,0.0007904742094820416
7864,5,5,0.9965628089106578,0.0004110427522277216,0.0010948707678763167,0.0007700923828962675,0.0003601198076504446,0.9965628089106578,0.0008010653786914347
7866,6,6,0.9966938982093609,0.0010284596857593538,0.0008409872945146546,0.00040856960361041204,0.0005572455974325091,0.00047083960932208066,0.9966938982093609
7867,4,4,0.9976293243131731,0.0005086788339242598,0.0004291508725777179,0.000487851260155184,0.9976293243131731,0.00030303524660684454,0.0006419594735628961
7868,5,5,0.9963176369054102,0.00046045557794645233,0.0012829802151751622,0.0006413383602137734,0.00035512482704495944,0.9963176369054102,0.0009424641142095156
7869,2,2,0.997101494348001,0.000398838634092101,0.997101494348001,0.000504964152059237,0.0005981145129085056,0.00069280638725507,0.0007037819656841237
7871,4,4,0.9976129995539075,0.00046831054344924453,0.00042475828896099084,0.0005808490365631852,0.9976129995539075,0.0003123276255439041,0.0006007549515752371
7872,3,3,0.9978285089788274,0.0004027074371326211,0.0005174624825191185,0.9978285089788274,0.0004552749257007878,0.00046220594530683014,0.0003338402305133162
7874,2,2,0.9971928515456698,0.0003469644635488485,0.9971928515456698,0.0004985923540308153,0.0005856133832643967,0.0008189235839949479,0.0005570546694912325
7875,5,5,0.99645897845736,0.0003320158096205208,0.0018292960577735334,0.0004594135240156077,0.00033630565615477414,0.99645897845736,0.0005839904950756437
7876,1,1,0.9979630016377209,0.9979630016377209,0.00034124357003054227,0.0003490668236992336,0.00038429170691860507,0.0003128077942675163,0.0006495884673632106
7878,3,3,0.9978355183397777,0.0004039002771196679,0.0004818981109556024,0.9978355183397777,0.0004195288604075944,0.0005307482530800068,0.0003284061586595298
7879,5,5,0.9965376700516666,0.00042235428632046625,0.0012037463999358632,0.0006793249526712199,0.00036536296267071136,0.9965376700516666,0.0007915413467351647
7881,3,3,0.9978229831978719,0.0004305904658845772,0.0004660281914723377,0.9978229831978719,0.00046572228111554416,0.0004549629153185058,0.00035971294833712827
7882,2,2,0.9967343075908957,0.00036182056902472236,0.9967343075908957,0.0006791628631713807,0.000655536142509471,0.0007884925584137166,0.0007806802759850696
7883,1,1,0.9979435830259583,0.9979435830259583,0.00036204853781507135,0.0003955046133823622,0.00042535836232449157,0.000339182531274246,0.0005343229292454772
7885,1,1,0.9979306478886095,0.9979306478886095,0.00037430910815830314,0.00039671073395815964,0.00043298982284643915,0.00033320643771221024,0.0005321360087154059
7886,4,4,0.9976129025501169,0.0005077280544944304,0.0004014753008909487,0.0004933958739134714,0.9976129025501169,0.00029361231974151783,0.000690885900842695
7887,5,5,0.9963712417671517,0.0004696870305950801,0.0012737171500351123,0.0006646085560444473,0.000399336779475607,0.9963712417671517,0.0008214087166979787
7888,1,1,0.9978801794724739,0.9978801794724739,0.0003315650652386205,0.00034530157952650215,0.00040118824344833606,0.0003031744510242467,0.0007385911882885049
7889,2,2,0.993161794372874,0.00047316521372485997,0.993161794372874,0.0011182215494951772,0.001005333146616429,0.0012379420183443093,0.0030035436989452498
7890,5,5,0.9966422724917617,0.00039365199482782886,0.0011978431626509624,0.0006425643484778981,0.0003551206172111742,0.9966422724917617,0.0007685473850703927
7891,5,5,0.9935291598889046,0.00036743877690379736,0.004549022385024281,0.000531373439241713,0.00039088892680686686,0.9935291598889046,0.0006321165831188079
7892,6,6,0.9976953570826355,0.0005731861287810027,0.0005167806951227685,0.0003630152680374036,0.0004307822255915366,0.0004208785998318523,0.9976953570826355
7893,4,4,0.9976019073139231,0.0005092155117687866,0.00042897173204638087,0.0005300313301017193,0.9976019073139231,0.00030582092747173797,0.0006240531846883107
7894,5,5,0.9963461234745306,0.0003875349035833835,0.001767045238626933,0.0006051019124683959,0.00035296796168284955,0.9963461234745306,0.0005412265091079305
7895,4,4,0.9976682217614087,0.0004719606148121983,0.00043104339343587404,0.0005239750104939748,0.9976682217614087,0.00030632905426274457,0.000598470165586507
7898,2,2,0.9966478502059275,0.0004086025401978501,0.9966478502059275,0.0005669506830318746,0.0006617751494083917,0.00067928925172433,0.0010355321697100447
7900,5,5,0.9959481352343692,0.0004848494134969231,0.001146231872887509,0.0013418660514500733,0.00037649807763393467,0.9959481352343692,0.0007024193501623349
7901,1,1,0.9979844691811445,0.9979844691811445,0.00034744292101592645,0.00037812100127665574,0.00042570310711096093,0.00032805572796826553,0.000536208061483713
7902,4,4,0.9976724249519692,0.0004723471282996807,0.0004098804972725614,0.0004915166290470896,0.9976724249519692,0.0002892399630968465,0.0006645908303146336
7904,2,2,0.9973320507609558,0.00032508281560791197,0.9973320507609558,0.00041777920989054474,0.0005299361996655253,0.000824033361651815,0.0005711176522283998
7905,2,2,0.9948484355596514,0.0006593448565605337,0.9948484355596514,0.0005673831601702469,0.0011098335358078948,0.00102143438090206,0.0017935685069078973
7906,4,4,0.9976363042990041,0.0004544242629295558,0.0004326216816196165,0.0005392422242352907,0.9976363042990041,0.0002881233190998008,0.0006492842131117611
7907,5,5,0.9965101084263142,0.00032588942047842464,0.0016815457830259416,0.0006441058487337122,0.0003261490557551355,0.9965101084263142,0.0005122014656926858
7908,5,5,0.9965847151117317,0.0004357238626179983,0.001088535014394029,0.0007825158435348846,0.00037314515176935123,0.9965847151117317,0.0007353650159520014
7909,1,1,0.997918152848744,0.997918152848744,0.00036532605156095697,0.0003961167680325562,0.0004386189818760221,0.00036746608524166274,0.0005143192645449689
7910,3,3,0.9976849865063546,0.0004358589554482872,0.0005080393298718961,0.9976849865063546,0.0005484245581389673,0.0004406874842205248,0.00038200316596567784
7911,1,1,0.9977859806360476,0.9977859806360476,0.00038987500403505303,0.0004405066726762945,0.00046631411431732645,0.0004130035837746996,0.0005043199891490496
7912,3,3,0.997840334090048,0.000402321418395149,0.0004750454332119648,0.997840334090048,0.0004718192443442627,0.0004731516759753814,0.0003373281380252235
7913,2,2,0.997272469001728,0.00033110980945117065,0.997272469001728,0.0005518126041372346,0.0005586726682697486,0.0007015556591211133,0.0005843802572928465
7917,2,2,0.9972707792320923,0.00033627678026059733,0.9972707792320923,0.00047097105604729537,0.0005339171126269915,0.0007280733089771005,0.0006599825099957575
7918,5,5,0.996028834072665,0.0003798474411090242,0.0014492409145593001,0.0006675650139702097,0.00037029407914812465,0.996028834072665,0.0011042184785483543
7920,4,4,0.9976247910793403,0.0004988073952688844,0.00040586798197079154,0.0005001976270094897,0.9976247910793403,0.0003049044972850845,0.0006654314191254334
7921,4,4,0.9976593390545319,0.0004891347557672037,0.00041136279118703074,0.0005394694297817718,0.9976593390545319,0.0002931321604212525,0.0006075618083108537
7922,5,5,0.9963298040954982,0.00034525207430893855,0.0018816904964165154,0.0005261396127459547,0.0003391003680717988,0.9963298040954982,0.0005780133529585588
7923,4,4,0.9976380762657777,0.0005021256359700882,0.00041367944712483127,0.0005305330109074654,0.9976380762657777,0.00032212933485495186,0.0005934563053649404
7924,1,1,0.9978768854863467,0.9978768854863467,0.0003508492092204912,0.0003619331702518758,0.0004078786890370466,0.00030753511327380104,0.0006949183318701909
7925,4,4,0.9976477916583196,0.000501401534312588,0.0004140698953039874,0.0005131917881203012,0.9976477916583196,0.00029454446928820844,0.0006290006546553343
7926,5,5,0.9965079296835596,0.000502576404683227,0.0011730869147710346,0.0007020317042912879,0.00039348710048122385,0.9965079296835596,0.0007208881922136669
7927,5,5,0.996427505927952,0.0004487311367646412,0.0011781886336217876,0.0007232532003042218,0.0004011812971556373,0.996427505927952,0.0008211398042016755
7928,4,4,0.9976795774668882,0.0004669053835405475,0.0004133437165381362,0.0005208482233824394,0.9976795774668882,0.0003066581332150443,0.0006126670764356279
7929,6,6,0.9975886343748323,0.000640754995327355,0.0005687262745843355,0.0003690757730080425,0.00042980324355538433,0.0004030053386926878,0.9975886343748323
7930,2,2,0.9971083482965293,0.0003686457299196591,0.9971083482965293,0.0005258759747148691,0.0006112533273051425,0.0006814670629556736,0.0007044096085752084
7931,1,1,0.9979992987498398,0.9979992987498398,0.00036722902186160595,0.0003707972684882665,0.00040100181086927234,0.0003280956556323861,0.0005335774933086284
7932,2,2,0.9968872641468615,0.00026072067118014855,0.9968872641468615,0.0004685334245706317,0.0004979245714828883,0.0012124660680347297,0.0006730911178702248
7934,4,4,0.9976566361662865,0.0004770873306745647,0.00041721291935106585,0.0005093385965693401,0.9976566361662865,0.000305828974573974,0.0006338960125445274
7935,5,5,0.9964478323884424,0.00045182417612049246,0.0012145227895183257,0.0006837178582240701,0.00039052225226578977,0.9964478323884424,0.000811580535428905
7937,4,4,0.9976316844410172,0.00047038143910142684,0.0004364957865209571,0.0005125796997547,0.9976316844410172,0.000290054343195281,0.0006588042904103841
7939,3,3,0.9978935919211254,0.00039986147936308856,0.0004854523968684137,0.9978935919211254,0.0003839133104056191,0.0005417865188383406,0.0002953943733991576
7940,4,4,0.9976439216485394,0.00047668240011189194,0.0004248873008311604,0.0005295251209090818,0.9976439216485394,0.0003020727701398527,0.0006229107594686086
7941,6,6,0.9972283647264761,0.0006781497778705683,0.0006918902206536009,0.0004382307410910289,0.0004901365225901719,0.0004732280113185322,0.9972283647264761
7942,1,1,0.9978468702677792,0.9978468702677792,0.0003620289751753285,0.0003773007722610808,0.00043294085908738824,0.0002899407145431983,0.0006909184111538333
7943,6,6,0.997233347601631,0.0008150439959863392,0.0005589929151998076,0.00044396674641295137,0.000448293409231287,0.0005003553315386165,0.997233347601631
7944,1,1,0.9979929246022214,0.9979929246022214,0.00032948011599888,0.00033926496982164095,0.00040468386480033055,0.00030136400989182,0.0006322824372659646
7946,4,4,0.9975985872472188,0.0005020234378437458,0.0004288699123422692,0.000506258161585346,0.9975985872472188,0.0003206026154376651,0.000643658625572173
7947,2,2,0.9971687696273422,0.00031769900075762075,0.9971687696273422,0.0005051335572445372,0.0005178769028778339,0.0009467113887207282,0.0005438095230569819
7948,6,6,0.9977519737692923,0.0005770668871602582,0.00048634961071127025,0.0003619099890988685,0.0003974270801084071,0.0004252726636289177,0.9977519737692923
7949,6,6,0.9977644083390027,0.0005623466902597759,0.00047590117822232447,0.00038272261102349195,0.00043706563573104093,0.00037755554576065435,0.9977644083390027
7950,2,2,0.9972336653329568,0.00032442643437520665,0.9972336653329568,0.0004963120317445643,0.0005586373518797378,0.0008059382100240858,0.0005810206390195968
7951,1,1,0.9979046220836901,0.9979046220836901,0.00036605785268554715,0.0004124787571622237,0.0004318982023377078,0.0003556312881421354,0.0005293118159823313
7954,5,5,0.9964451400469818,0.00035825781473656956,0.0017399113301589766,0.0005431955259474228,0.0003524256405204556,0.9964451400469818,0.0005610696416547685
7956,2,2,0.9950110878730982,0.0005512348124773929,0.9950110878730982,0.0007370746436790605,0.0009976653348500498,0.0009108352211287453,0.0017921021147664915
7957,2,2,0.9969624012757416,0.000378383452409567,0.9969624012757416,0.0006012967985433463,0.0006471985465420398,0.000760907448706724,0.0006498124780566461
7958,3,3,0.9978524914579973,0.0004238511302781737,0.000476637704173982,0.9978524914579973,0.0004592145809198861,0.0004716277420588315,0.0003161773845719226
7959,3,3,0.9977670762247605,0.0004170948254888685,0.0004986687476814574,0.9977670762247605,0.00047615621024592374,0.0005169620160699123,0.0003240419757534581
7960,5,5,0.9964716163898114,0.00036911508230305125,0.0013090684887324198,0.0005802168586133534,0.00034705504880396296,0.9964716163898114,0.0009229281317357688
7961,2,2,0.9963416349885984,0.00027835103965510253,0.9963416349885984,0.0004128584651987292,0.0004947457874934206,0.001598065236138525,0.000874344482915841
7962,5,5,0.996586509633029,0.0004529521449774936,0.001189797705869996,0.0005743649956647725,0.00035424534493800534,0.996586509633029,0.0008421301755207983
7965,5,5,0.9962442363818598,0.0004893972286636756,0.0012280211325724777,0.0007968364498862582,0.0004151148001817125,0.9962442363818598,0.0008263940068360968
7966,4,4,0.9976103223359291,0.0005177155210685681,0.0004135855090147151,0.00052723951667617,0.9976103223359291,0.00030107499084245363,0.0006300621264690521
7967,6,6,0.9973399707766155,0.0006098113631588859,0.0006604180322034644,0.000431399100231584,0.00046912496756994904,0.0004892757602206531,0.9973399707766155
7970,5,5,0.9957651260115687,0.00045190450507557543,0.0014898335168796785,0.0013744906088247611,0.0003248923284653913,0.9957651260115687,0.0005937530291859007
7971,5,5,0.996281406685851,0.0004435780061507557,0.001209225836574649,0.0007626953921035588,0.0003955157329064497,0.996281406685851,0.000907578346413677
7972,4,4,0.9975734522339749,0.0005057840716216456,0.00042964034989079235,0.0005184637391670979,0.9975734522339749,0.0002980812102818977,0.0006745783950638171
7974,5,5,0.9917795621734979,0.0002834863081481744,0.005094071991010809,0.0007559050673098535,0.00039092987262040403,0.9917795621734979,0.0016960445874128
7976,1,1,0.9979035361483024,0.9979035361483024,0.0003825847336194044,0.00035807389627294034,0.00041251566435562327,0.00032766301429236385,0.0006156265431573196
7977,4,4,0.997565879074908,0.0005029840444226593,0.0004241278062283211,0.0005542853609354809,0.997565879074908,0.00031445605726023227,0.0006382676562452688
7978,1,1,0.9979492396813852,0.9979492396813852,0.00037533017843509173,0.0003911445896232687,0.00042384632477036286,0.0003479847707572123,0.0005124544550289602
7979,6,6,0.9978055391329003,0.0005557186687338296,0.00046124681984782755,0.0003490989923054115,0.00039201788735465545,0.00043637849885805997,0.9978055391329003
7980,4,4,0.9976851842155964,0.0004811179187629697,0.00040651757537149314,0.0005139471595336479,0.9976851842155964,0.00028493048953876377,0.0006283026411967687
7981,4,4,0.9976697429814049,0.0004888674529776948,0.00040725459937322034,0.0005078857604596947,0.9976697429814049,0.0003029850807441006,0.0006232641250404766
7983,4,4,0.9976712784328731,0.0005073431971248527,0.0004124544679221708,0.000517050430258209,0.9976712784328731,0.00029286130216817595,0.000599012169653503
7984,6,6,0.997859610431426,0.0005269404255807208,0.00044981062184240545,0.0003795642811407988,0.00040938464651736194,0.0003746895934926788,0.997859610431426
7985,5,5,0.9965061605168771,0.0005037768589250217,0.001345589218894181,0.0005677430584981073,0.00037051639272002473,0.9965061605168771,0.000706213954085554
7986,2,2,0.9973393448061029,0.00033584974656215724,0.9973393448061029,0.0004943736311518705,0.0005393007502128499,0.0007395106638736303,0.0005516204020965986
7987,4,4,0.9973995328821467,0.0004873244150389886,0.0004252164938198673,0.0007261347231565866,0.9973995328821467,0.0002982268527114996,0.0006635646331263434
7988,5,5,0.9965450774404542,0.0004304932634285625,0.0012823168270582918,0.0007183983544495819,0.0003507513824667518,0.9965450774404542,0.0006729627321427117
7989,6,6,0.9972515660743527,0.0006903537403931671,0.0005665266629944871,0.00042209273494200135,0.0006174243728079692,0.000452036414509604,0.9972515660743527
7992,6,6,0.997524851422009,0.0006826238025118268,0.000551558653140749,0.00040658719806641475,0.0004668523284027132,0.0003675265958693203,0.997524851422009
7993,1,1,0.9980062199822792,0.9980062199822792,0.00036392400764581465,0.0003463168004303992,0.000384535283302561,0.00028927963422952066,0.0006097242921124667
7994,3,3,0.9977671902264369,0.00043142049914411586,0.0004981076841219536,0.9977671902264369,0.00047252448327850526,0.00048643471863913805,0.0003443223883793648
7995,1,1,0.9979475021323606,0.9979475021323606,0.0003574795958696523,0.0003901119995467692,0.00041723906517045174,0.00032872693600941814,0.0005589402710432385
7996,1,1,0.9979537303029031,0.9979537303029031,0.00035664788287589585,0.00032528361369627457,0.00039697764592684,0.00027118575871695825,0.0006961747958808907
7997,3,3,0.9978558399701983,0.0004145709585612504,0.00048177488328756746,0.9978558399701983,0.0004242630009016766,0.0005107605846970086,0.0003127906023541849
7998,1,1,0.9978944814506889,0.9978944814506889,0.0003713260717447243,0.00039285469676567976,0.0004309462808748293,0.0003612831267009966,0.0005491083732248257
7999,1,1,0.997917352757797,0.997917352757797,0.0003923885632304904,0.0003765565179321535,0.00038889208766948853,0.0003423533221616922,0.0005824567512091606
8000,1,1,0.997870924702391,0.997870924702391,0.00038868599323851926,0.0004047579142622479,0.00043570244566110253,0.00038303659048610403,0.0005168923539610205
8001,3,3,0.9977681239848891,0.0004386251792427903,0.0005268898466526757,0.9977681239848891,0.00046076655766612724,0.0004782351125687303,0.00032735931898059237
8002,2,2,0.9969580625695217,0.0004478913283056205,0.9969580625695217,0.0006013802621304155,0.0006806668320292252,0.0006478574461060201,0.000664141561906989
8003,5,5,0.9963433304512616,0.00036423456035868253,0.0017410613639768692,0.0005328460331773703,0.0003494316243578283,0.9963433304512616,0.0006690959668676748
8004,5,5,0.9942917646692786,0.0004550174263285396,0.001992913858858424,0.0006602394160562392,0.0003157201516086721,0.9942917646692786,0.002284344477869488
8005,1,1,0.9979692360557546,0.9979692360557546,0.0003403294919865994,0.0003572212101030548,0.00040697668338611265,0.00031386069254844156,0.0006123758662212429
8008,5,5,0.9965719387180245,0.0004169008339131937,0.0010931399161135255,0.0008407176113371984,0.00036428424953560283,0.9965719387180245,0.0007130186710759856
8010,6,6,0.9978057022506219,0.0005965404262117597,0.0004258048631246351,0.00037416622533836775,0.00037193588228953537,0.00042585035241379294,0.9978057022506219
8012,3,3,0.9976714438094944,0.0004952445834344124,0.000519273230173211,0.9976714438094944,0.0005131241727604931,0.00044891207029309815,0.0003520021338444598
8013,4,4,0.9974179366580821,0.00044564978893383314,0.0004363261148202838,0.0006253326490001375,0.9974179366580821,0.00034792177374164465,0.000726833015421965
8015,2,2,0.9970809630142402,0.00038223255988734307,0.9970809630142402,0.000551900816034292,0.0006196607020776383,0.0006731431804895008,0.0006920997272709989
8018,3,3,0.9978464093788981,0.0004204035690868348,0.0004891991483741876,0.9978464093788981,0.00041224352405174716,0.000518433947368918,0.00031331043222021694
8019,6,6,0.9971222697023503,0.0005060497416609209,0.0005310000490976984,0.0008936935127645589,0.0004324276413313457,0.0005145593527951566,0.9971222697023503
8020,4,4,0.9976451396119238,0.0004850661787898765,0.00043187010699573784,0.0005270932766300747,0.9976451396119238,0.00028305738175601094,0.0006277734439044597
8021,1,1,0.9978964690743016,0.9978964690743016,0.00035612203371737276,0.00039670509061452876,0.00044082589327763285,0.00037221121577610657,0.0005376666923127624
8022,5,5,0.9961308287856284,0.0003529663971037533,0.0016894821390071916,0.0009510853605483376,0.00034210286846560965,0.9961308287856284,0.0005335344492467289
8023,1,1,0.9979532550224616,0.9979532550224616,0.0003401894156125357,0.00037573369796140515,0.0004137055603934992,0.00035255904077266894,0.0005645572627983593
8027,6,6,0.9968756373183127,0.0005469545686827926,0.0008984629472670986,0.0006045012230287897,0.00048003552056360494,0.0005944084221449372,0.9968756373183127
8028,2,2,0.9970347659095584,0.00036529341653105475,0.9970347659095584,0.0005838382975888711,0.0006385264827352344,0.0007069946893638665,0.0006705812042226086
8029,3,3,0.9977737428964015,0.0004509053166171467,0.00048377014503100555,0.9977737428964015,0.00041422011600938713,0.0005482586691124207,0.00032910285682857544
8030,1,1,0.9977913406087434,0.9977913406087434,0.0003812346159445469,0.00041178185241349136,0.00042695862764723433,0.00031949785053991294,0.0006691864447115254
8031,3,3,0.9978303414344122,0.00041548275767548247,0.0004875474601008709,0.9978303414344122,0.00048780232237721045,0.0004495067114957314,0.00032931931393858125
8032,3,3,0.9977789519218769,0.00044287168359476007,0.0004902081559489033,0.9977789519218769,0.00045549116117822537,0.0004855762818860334,0.00034690079551492604
8033,2,2,0.9945086766736607,0.00022559128045408867,0.9945086766736607,0.0004670518919163925,0.0005141237632197086,0.0031507805750589147,0.001133775815690226
8034,1,1,0.9979475966876173,0.9979475966876173,0.00034888373899082185,0.000383157169274117,0.00043237716396435377,0.000350369460554826,0.0005376157795986189
8035,2,2,0.9965612593677469,0.0004207878870586981,0.9965612593677469,0.0005762087015453457,0.0006466575436676702,0.000692376222976967,0.0011027102770044218
8036,2,2,0.9971400023115934,0.000336240873678725,0.9971400023115934,0.0005355888023360976,0.0005943525764354105,0.0008115648137237338,0.0005822506222328734
8037,5,5,0.9964027926189657,0.0004176187140075038,0.0013001143914183391,0.0005751393919956354,0.00035971518509229363,0.9964027926189657,0.0009446196985205815
8038,2,2,0.9972039430662287,0.00037025907545824296,0.9972039430662287,0.0005531318585249,0.000602942540330435,0.0007197654900497472,0.0005499579694079705
8039,5,5,0.9904321985374106,0.0002921161867146804,0.006162228691421108,0.0005742503429038779,0.00037412879165588694,0.9904321985374106,0.0021650774498938176
8040,5,5,0.9965586103950808,0.00044353158031762305,0.0012239108374082835,0.0007221634759882364,0.0003781620485580371,0.9965586103950808,0.0006736216626470797
8041,5,5,0.9967224026541635,0.0003877751597017308,0.0011684830562246806,0.0005896709059051362,0.0003328115571141529,0.9967224026541635,0.0007988566668908699
8042,5,5,0.9964427052668507,0.0004012203014554878,0.0013086516017056869,0.0006141472074145009,0.0002771271600505794,0.9964427052668507,0.0009561484625229725
8044,4,4,0.9975833125779746,0.000529577803544872,0.00039280414275898553,0.000536977918415088,0.9975833125779746,0.0002838461489751575,0.0006734814083313331
8045,3,3,0.997808446126148,0.00043779995601552965,0.0004838474221579746,0.997808446126148,0.000500054063635467,0.00044557751760279397,0.00032427491444018324
8048,2,2,0.9972169832117033,0.0003664218541653952,0.9972169832117033,0.0005056252318109733,0.0005994787332533054,0.0006957670609662708,0.0006157239081008085
8049,1,1,0.9978989595929413,0.9978989595929413,0.0003847243004983062,0.00037396609842238183,0.00043818911513854574,0.0003485735878320583,0.0005555873051674747
8050,1,1,0.9979475476734975,0.9979475476734975,0.00033231082548969423,0.00033077132030206617,0.00038198800391637936,0.00028022152180164056,0.0007271606549928417
8051,4,4,0.997618237007468,0.00044496181881673995,0.0004119127029025437,0.0005351577889255981,0.997618237007468,0.00030436907487284504,0.0006853616070143051
8052,4,4,0.9975945059976061,0.0004458268682143254,0.0004060074160086952,0.0005806158708000251,0.9975945059976061,0.0003098774668386288,0.0006631663805321671
8054,5,5,0.9958875944604618,0.0004806914157444782,0.0016320308482130645,0.0006804954725495003,0.0004275737228367668,0.9958875944604618,0.0008916140801943438
8055,2,2,0.9970757749142619,0.0002731188992714313,0.9970757749142619,0.0004479296480031458,0.0004654263487244252,0.001209993267145103,0.0005277569225941299
8057,4,4,0.9976019992021907,0.0005428319960631288,0.00040650094219941426,0.0005403651552134118,0.9976019992021907,0.00029409029923165947,0.000614212405101662
8058,2,2,0.9969769772263406,0.0003463017948331616,0.9969769772263406,0.000526967868840578,0.0006137046764617844,0.0008714228801017341,0.0006646255534221631
8059,3,3,0.9978739023789457,0.00041116707145767093,0.00048256991433925987,0.9978739023789457,0.00041416354363400977,0.0005110495258420153,0.00030714756578132204
8060,5,5,0.9963961299887407,0.000409877250189782,0.0011979843324634993,0.0006842411278264707,0.0003475373106607655,0.9963961299887407,0.0009642299901187832
8064,1,1,0.9979716270184879,0.9979716270184879,0.00034806111836590365,0.00037194543669391843,0.00039214838272280667,0.0003056455778854964,0.0006105724658440048
8065,1,1,0.9979181152377499,0.9979181152377499,0.00034644513289752764,0.0004113070597362726,0.0004269882606416545,0.00034378676011513544,0.0005533575488595579
8066,1,1,0.9979819284761899,0.9979819284761899,0.0003604449238542369,0.0003525629370004416,0.00037639327033193483,0.0003035432669435853,0.0006251271256798252
8067,2,2,0.9972536210838199,0.00033161739456732524,0.9972536210838199,0.00045406482284911996,0.0005466925274905352,0.0007620459512140876,0.0006519582200590701
8068,5,5,0.9965364732602988,0.00039012610011334955,0.0013960636871436143,0.0006486326907701677,0.00035059666720154065,0.9965364732602988,0.0006781075944724624
8069,2,2,0.9972236247188534,0.00036423978191858146,0.9972236247188534,0.0005339675222097561,0.0005887469917728363,0.0006719070070489825,0.0006175139781964182
8070,6,6,0.9977718155067625,0.0005334606479408073,0.000508521051354999,0.0003863910158435077,0.0004178438751666192,0.0003819679029315122,0.9977718155067625
8073,6,6,0.9977332231342534,0.0005745473829480922,0.00048131020732015614,0.00038059468613267053,0.0004161408236484484,0.00041418376569719504,0.9977332231342534
8074,5,5,0.9907226200058843,0.00046410037369426076,0.0022004427514633706,0.0008192358355218473,0.00044427807563748384,0.9907226200058843,0.005349322957798753
8075,2,2,0.9969145041016593,0.00042340200082696607,0.9969145041016593,0.0005471918256074343,0.0006435455276751044,0.0006506782944301549,0.0008206782498011772
8077,6,6,0.997731159243703,0.0005699891538014707,0.0004855215132699361,0.0003737769767562519,0.0004184385803755067,0.0004211145320937977,0.997731159243703
8078,3,3,0.9978688103293645,0.00041444251794927375,0.00047396817695747413,0.9978688103293645,0.00039787164033354763,0.0005285863479068101,0.00031632098748848885
8079,4,4,0.9976203631829687,0.0005208153571691361,0.00043256505658460586,0.0004944106138679182,0.9976203631829687,0.0003262158100083591,0.0006056299794013026
8080,1,1,0.997989852092819,0.997989852092819,0.0003415757242882088,0.00035516037315506705,0.00041131193345890233,0.0003382181901288861,0.0005638816861499354
8081,2,2,0.9971788905535537,0.0003813044832299632,0.9971788905535537,0.0005090371621741209,0.0005911050244434213,0.0007435587613316055,0.0005961040152672739
8082,2,2,0.9969454827407354,0.00035036882232287303,0.9969454827407354,0.0006031220660803683,0.0006156099948929097,0.0008502627529844337,0.000635153622984102
8084,3,3,0.997804927753359,0.0004385165177196228,0.0005027108648902622,0.997804927753359,0.00044277449537575387,0.00046045149239459804,0.0003506188762605424
8086,4,4,0.9976539589986314,0.0004939053018161071,0.00042748346721972286,0.000483527836944348,0.9976539589986314,0.000303619813462051,0.0006375045819263396
8087,4,4,0.9976680122336073,0.0005047785457059135,0.00040742654868063387,0.0005175321940199863,0.9976680122336073,0.0002884128898340602,0.0006138375881520946
8089,2,2,0.9972095013475091,0.00037488995279643793,0.9972095013475091,0.00048011984241374904,0.0005819237159703951,0.0007411546350561579,0.0006124105062541755
8091,4,4,0.9976332804354924,0.00046764971901685945,0.00041467893987364574,0.0005442629089816015,0.9976332804354924,0.00029792743248393145,0.000642200564151688
8092,1,1,0.9979313360466465,0.9979313360466465,0.00035889448741210434,0.00031262667410964206,0.000368951752330403,0.00031247018281722037,0.0007157208566840778
8093,4,4,0.9976334136023725,0.0005026599172708656,0.00042708489807979114,0.0005095541487436051,0.9976334136023725,0.00031762583307117534,0.0006096616004622175
8094,6,6,0.9976702287490804,0.0005960988901673313,0.0005145728332060742,0.00037547221121499917,0.00044954410784181275,0.00039408320848938026,0.9976702287490804
8095,1,1,0.9978729049752998,0.9978729049752998,0.0003600446779885157,0.0004404854013614394,0.0004492984784483369,0.0003788800382016628,0.0004983864287002682
8096,6,6,0.9975955533350979,0.0005010214840807773,0.0006050904438678214,0.0004419785685308315,0.0004074525467151366,0.00044890362170762154,0.9975955533350979
8097,5,5,0.9964404014407733,0.000376796805510811,0.0015992185444641234,0.0005199649285123163,0.0003585679987314434,0.9964404014407733,0.0007050502820080858
8098,3,3,0.9977893833970316,0.00043166841435320487,0.0004923910609546455,0.9977893833970316,0.00046030577205005355,0.0004868156394853504,0.0003394357161251417
8100,4,4,0.9975471893756236,0.0005208643165884989,0.00044234972147359634,0.000550625485566606,0.9975471893756236,0.00031665479133055396,0.000622316309417171
8103,4,4,0.9976652759015896,0.00045007315471519237,0.00044557390629922544,0.0005130529700671165,0.9976652759015896,0.00029736445564550933,0.000628659611683372
8104,3,3,0.9978900619853805,0.00040577828653249844,0.0004463274071637605,0.9978900619853805,0.00044735226957888513,0.0004998212729325897,0.0003106587784116983
8106,1,1,0.9976418613470257,0.9976418613470257,0.00032265138977174485,0.0003664656031919504,0.0004424822135553861,0.00027214731207539817,0.00095439213437988
8107,2,2,0.9962834931941981,0.00042661176307664725,0.9962834931941981,0.0006644740282610413,0.0008043338105959231,0.0008360267147053403,0.0009850604891627557
8108,1,1,0.9980006803837016,0.9980006803837016,0.00032736692777084414,0.0003525625212251998,0.0004077462940980005,0.0002904988647739094,0.0006211450084304648
8109,5,5,0.9961374420600709,0.0005360089136026966,0.0010405604281286903,0.001037533280509586,0.00038647023101611106,0.9961374420600709,0.0008619850866719803
8110,1,1,0.9966874387981461,0.9966874387981461,0.00038246067019630085,0.0003459711909990537,0.00040568060758302757,0.0003595980405242366,0.0018188506925510648
8111,3,3,0.997865297946476,0.00040906440293028067,0.00045752853403466015,0.997865297946476,0.00044368515268122913,0.0005110511723967338,0.00031337279148118704
8118,5,5,0.9964022915385141,0.00040633922299889184,0.0014556161302695608,0.0005998693108871311,0.00033378366267715706,0.9964022915385141,0.0008021001346531653
8120,6,6,0.9974003208824495,0.0007872234856850814,0.0005412399387907761,0.00040849555870660196,0.0004619769632683771,0.00040074317109971974,0.9974003208824495
8121,5,5,0.9966116802540395,0.00040599343939882917,0.0012555501046482398,0.0006820938608015568,0.00035082581768440703,0.9966116802540395,0.0006938565234275269
8125,4,4,0.997632066159847,0.0005161709472884101,0.00041530553614765897,0.000506658127096454,0.997632066159847,0.0002970555041682524,0.0006327437254522074
8126,6,6,0.9978664000750191,0.0005176064755994035,0.00046740717279266796,0.00033112567066353023,0.00037726659004235223,0.0004401940158828757,0.9978664000750191
8127,2,2,0.9970981458075822,0.0003589578624004074,0.9970981458075822,0.0005281559679910007,0.0005528490532071959,0.0009474133835973498,0.0005144779252218551
8128,2,2,0.9962538926698759,0.0005028075763640824,0.9962538926698759,0.0006677537174838717,0.0007960884024035174,0.0007907739263089111,0.0009886837075637753
8129,6,6,0.997546913909555,0.00048280760633125655,0.0004637939853954041,0.0006201474848848405,0.0004128790427239596,0.000473457971109524,0.997546913909555
8132,1,1,0.9979185650330893,0.9979185650330893,0.00039871045432143115,0.00038014878538807323,0.00043442953217435765,0.00033605522468192745,0.000532090970344969
8133,2,2,0.9969608263115461,0.0004081064866072174,0.9969608263115461,0.0005708394498918862,0.0006612936317669328,0.0006725173494445192,0.000726416770743333
8134,6,6,0.9925864922584979,0.0012964880230602641,0.003760017456993322,0.0007179025120595851,0.0009931966752142122,0.0006459030741746574,0.9925864922584979
8135,5,5,0.996479745365174,0.00036011625216062474,0.0015770800098577648,0.0005768768817815974,0.00037144200705637386,0.996479745365174,0.0006347394839695822
8136,4,4,0.9976536927746715,0.0004963693356344221,0.00039987744553582143,0.0005296697066009249,0.9976536927746715,0.0002869201792828559,0.00063347055827442
8137,3,3,0.9977621698166247,0.00044193544616920533,0.00046998691363293123,0.9977621698166247,0.0004888009118267421,0.0004372645429136675,0.00039984236883273695
8138,2,2,0.9969806140962347,0.00042447707081319226,0.9969806140962347,0.0005239201162164643,0.0006700861312015201,0.0006577514621111792,0.0007431511234228762
8139,2,2,0.9945406634508701,0.00036758035678757014,0.9945406634508701,0.0018303315872640025,0.0006940072606469635,0.0019026247972640739,0.0006647925471673761
8140,2,2,0.9971397869934117,0.00039143833184017,0.9971397869934117,0.0005507799661308214,0.0006304145635600344,0.0006573218690628132,0.0006302582759943253
8141,1,1,0.9978742269280193,0.9978742269280193,0.0003612738972655375,0.00034012030266700356,0.0003899963210736804,0.00029416686929565244,0.0007402156816788126
8143,4,4,0.9976113658077682,0.0005139789815692133,0.0004199591481392558,0.0004924802738606547,0.9976113658077682,0.00032520519971756894,0.0006370105889450428
8144,1,1,0.9978992214961105,0.9978992214961105,0.00036046456374931856,0.00032348555959617076,0.0004012300923854747,0.00030027228790047774,0.0007153260002579854
8145,4,4,0.9976266949437574,0.0005017951344732401,0.0004059796810515934,0.0005161617743293183,0.9976266949437574,0.00029871294749589573,0.0006506555188925219
8147,3,3,0.997824384932187,0.00041947254981501784,0.00048324643942749293,0.997824384932187,0.0004502999113875812,0.0005012000116852703,0.00032139615549770087
8149,6,6,0.9973549497414965,0.0006628882608831327,0.0006717311684228454,0.00039186554302228624,0.0004861287138630529,0.0004324365723121585,0.9973549497414965
8150,1,1,0.9979666011704502,0.9979666011704502,0.00037059809003674957,0.0003728323036864884,0.00041604569826157706,0.000324079286277483,0.0005498434512875339
8152,1,1,0.9979860335036509,0.9979860335036509,0.0003334347125543604,0.0003366157028729563,0.000390432641094763,0.00028732554513353787,0.0006661578946936261
8153,6,6,0.9977987250080884,0.0005935292480261132,0.0004557795691986206,0.00037124085930707195,0.0004083517059055148,0.00037237360947427834,0.9977987250080884
8154,4,4,0.9976594011102163,0.00048824644953679214,0.0004341009290271352,0.0005006778882373992,0.9976594011102163,0.00030686841748430837,0.0006107052054980498
8155,3,3,0.9978411136716354,0.0004196970733674273,0.0004795219536095977,0.9978411136716354,0.0004659733331927021,0.0004811426296961303,0.0003125513384988143
8157,2,2,0.9971950060263362,0.0003685522535740048,0.9971950060263362,0.0005003570116389164,0.0005954636148091154,0.0006800288105814428,0.0006605922830603213
8158,3,3,0.9978252516591997,0.0004024803584926551,0.0004902192675499768,0.9978252516591997,0.0004576301665180076,0.0005100534695347761,0.00031436507870487285
8159,6,6,0.997576094492859,0.0006785564140585799,0.000504927495384142,0.00038504587384982153,0.00043277179197444515,0.00042260393187406453,0.997576094492859
8162,1,1,0.99797357151532,0.99797357151532,0.00034431479913953354,0.0003319061779114272,0.0003897713420851133,0.00032441889775474195,0.0006360172677893031
8163,3,3,0.9978307725906088,0.0003844035122043603,0.0005237705629685434,0.9978307725906088,0.00043460305464852126,0.0005238725427990117,0.00030257773677073074
8164,6,6,0.9974322373684518,0.0005857695623865516,0.0005414611366046295,0.00043946572056728276,0.0005739122550484504,0.00042715395694126694,0.9974322373684518
8165,3,3,0.9978438318418315,0.0004213595404443282,0.0004814436690358469,0.9978438318418315,0.00045562633119519555,0.00047714954449908304,0.0003205890729940959
8166,5,5,0.9966733695545955,0.0003998729321958647,0.001314486874240702,0.0006263215478383913,0.00033307082122918126,0.9966733695545955,0.0006528782699004028
8167,1,1,0.9979576184938894,0.9979576184938894,0.0003697817271425487,0.00037320797569036316,0.0004192396140163131,0.00032840844806538344,0.0005517437411960059
8168,5,5,0.9963142585247813,0.0003419637493516303,0.0018753112029386888,0.0005974767316738385,0.00034587297551225236,0.9963142585247813,0.0005251168157423501
8169,2,2,0.9941509134248738,0.00031673693014453954,0.9941509134248738,0.00039766220491847657,0.0005729788652888049,0.0037135490078149935,0.0008481595669594128
8171,4,4,0.9976873568852273,0.00047047407939998764,0.00042132181255608297,0.0005058201000189886,0.9976873568852273,0.0002929397210403548,0.0006220874017572927
8172,5,5,0.9967586365343967,0.00033069183591962273,0.0013309487796389378,0.0006019159898855576,0.00030327850154512355,0.9967586365343967,0.000674528358614139
8173,6,6,0.9967968878627855,0.0006818161221996684,0.0010313842025173616,0.0004257148461744719,0.0005523184563149979,0.000511878510007982,0.9967968878627855
8174,1,1,0.9979288660807571,0.9979288660807571,0.0003666061414546202,0.00037182541872520945,0.0003893818098287394,0.00030838258936678286,0.0006349379598674515
8175,5,5,0.9965409278825463,0.0004341683597624759,0.0010842849477045178,0.0006705331595475989,0.0003298058858156301,0.9965409278825463,0.0009402797646234069
8176,4,4,0.9975083610822538,0.0004939292922237253,0.00040167238385890495,0.0005114989267217689,0.9975083610822538,0.00030904678814263616,0.0007754915267992185
8177,1,1,0.9980102426920965,0.9980102426920965,0.00035803755841787196,0.0003215603050786002,0.0003739323519797316,0.00029543257659491015,0.0006407945158324051
8178,5,5,0.9946928017902037,0.00033125544172529553,0.0033331110917438,0.000657645829238435,0.00040601168162799706,0.9946928017902037,0.0005791741654608213
8179,2,2,0.9968542930665899,0.00040201219977519377,0.9968542930665899,0.0005843046398904994,0.0006841751836084999,0.0006156573210682292,0.0008595575890676982
8180,1,1,0.9975306624262029,0.9975306624262029,0.0003546191520304984,0.00029975831392530845,0.00035745401070222323,0.0003573266814410067,0.0011001794156980384
8184,2,2,0.9849013499634438,0.0008578087147672477,0.9849013499634438,0.0011164178116128804,0.001561985394202777,0.001161384631243339,0.010401053484729946
8188,3,3,0.9978232781582597,0.00038875381964586944,0.0005244081466935797,0.9978232781582597,0.00045183555976879776,0.0004961132269723783,0.0003156110886597072
8189,3,3,0.997682596426389,0.00047868599204645265,0.0005145620767364926,0.997682596426389,0.0004989549745045969,0.00047459541995813074,0.0003506051103653451
8190,4,4,0.9974777994679006,0.0004884952648829317,0.00048740538467275437,0.000540219114684548,0.9974777994679006,0.00029776881834273257,0.0007083119495164648
8192,5,5,0.9961201401019311,0.0003345669979920828,0.0021165128353239663,0.0004945506448004699,0.00036250658917699746,0.9961201401019311,0.000571722830775404
8194,5,5,0.9966793732979413,0.0003853967324171397,0.0012654702567561045,0.0006695703356740301,0.0003643535847349548,0.9966793732979413,0.0006358357924765211
8195,3,3,0.9978145124268827,0.00042444597505022916,0.00048417116647471263,0.9978145124268827,0.0004407262208641079,0.000487374188459654,0.00034877002226865245
8196,2,2,0.9971598156046224,0.00036671492004713627,0.9971598156046224,0.0004703603226826394,0.0005724953238638765,0.0007557731412572424,0.0006748406875267875
8198,6,6,0.9063888639443519,0.001876991560606308,0.08141250774739733,0.005014639731139852,0.002434639918701231,0.0028723570978033412,0.9063888639443519
8199,1,1,0.9979851552597343,0.9979851552597343,0.00037309639138372714,0.0003182788884762706,0.0003707276305500529,0.0003022763796384638,0.0006504654502173513
8202,6,6,0.9978735223597399,0.0005000673006128126,0.0004335852184616078,0.0004086788303022616,0.0003846335953630264,0.000399512695520381,0.9978735223597399
8204,1,1,0.9978264408927114,0.9978264408927114,0.000388008733886791,0.00041320549261781333,0.00044736620241622455,0.0003777655821036046,0.0005472130962641096
8205,6,6,0.997760808219361,0.0005753089412931247,0.0004660531578696977,0.00037730617511102035,0.00046196590308636367,0.0003585576032787779,0.997760808219361
8206,6,6,0.9975419850167707,0.0006827788046567413,0.0005236170051813174,0.0003845481693327423,0.00045794683364431735,0.00040912417041416425,0.9975419850167707
8207,3,3,0.9978055357352246,0.00041595275977067924,0.0005234859417819252,0.9978055357352246,0.0004275903920394141,0.0005126442992761356,0.0003147908719073288
8208,6,6,0.9971314292904778,0.0009113570722881543,0.000576608454051881,0.0004112968790862395,0.0005073880726495598,0.00046192023144632147,0.9971314292904778
8209,5,5,0.9962538738812421,0.00028732044318793327,0.002027096279318086,0.0004396581321284099,0.0002712148486572904,0.9962538738812421,0.0007208364154661659
8211,4,4,0.9975831327467495,0.0004950245985267873,0.0004412735208358302,0.0005111235566745426,0.9975831327467495,0.00029343671680240335,0.0006760088604109615
8212,4,4,0.9975697428670486,0.00048171094533113205,0.0004454862223581892,0.0005475454980476142,0.9975697428670486,0.0003110514090123004,0.0006444630582021963
8213,3,3,0.9977696679849247,0.00040302022155596566,0.0005150923736624981,0.9977696679849247,0.00046468480354038087,0.000507349881998519,0.00034018473431791284
8215,4,4,0.997658359015688,0.0004989406974817945,0.00042647750702844216,0.00048111003012582136,0.997658359015688,0.00029793181138603137,0.0006371809382899494
8216,4,4,0.9976318022486093,0.0004858972165443253,0.000439657399311978,0.0005008512596078889,0.9976318022486093,0.000277987568813551,0.0006638043071129847
8217,2,2,0.9972461803139362,0.00037948801436406623,0.9972461803139362,0.0005156032999584895,0.0005802515166201208,0.0006908390197920379,0.0005876378353291036
8218,5,5,0.9920799067154557,0.00035001695261878044,0.006047641350730954,0.000540621924178889,0.0004072805721854076,0.9920799067154557,0.0005745324848303203
8222,2,2,0.9970827383271844,0.0004079917724160752,0.9970827383271844,0.0005227284689839625,0.0006151154908400919,0.0006677776480246596,0.0007036482925507679
8223,2,2,0.9966549350365285,0.00040667062470377616,0.9966549350365285,0.000606515005535139,0.000761751976870035,0.0007831361897989832,0.0007869911665636735
8224,4,4,0.9976874492938046,0.0004794725635978441,0.0004032530666245577,0.0005086458355104635,0.9976874492938046,0.00027702015089672264,0.0006441590895658262
8225,6,6,0.9975986934493016,0.0006261457366981948,0.0005008652152777663,0.00037486108533101123,0.0003990154598281493,0.0005004190535632272,0.9975986934493016
8227,1,1,0.9979299817019028,0.9979299817019028,0.00036794366711018006,0.0003957959436424754,0.00043909271972400303,0.0003534633482942608,0.0005137226193264154
8228,1,1,0.997757195659878,0.997757195659878,0.00042915207763996534,0.0003804240320197551,0.000415275051975715,0.00043067132660171235,0.000587281851884939
8229,2,2,0.9964096319288208,0.0003414826768772749,0.9964096319288208,0.00043748128684568445,0.0005295498027151013,0.0014468556573220776,0.0008349986474190745
8230,3,3,0.9977869253927364,0.00045594874885698886,0.00047969418686806233,0.9977869253927364,0.00045461684109875914,0.00047268842889389,0.00035012640154599185
8231,6,6,0.9962070204251862,0.0007215369998461412,0.000899831027210868,0.0004651290756452701,0.000589375571553968,0.001117106900557545,0.9962070204251862
8232,3,3,0.9978411477867862,0.000427157317134727,0.0004752599490947253,0.9978411477867862,0.0004292485726810841,0.0005028652499023334,0.0003243211244009339
8236,3,3,0.9978142670104193,0.0004214935844395641,0.0004972753672683785,0.9978142670104193,0.0004478747247942385,0.0004966744313237823,0.0003224148817547531
8237,4,4,0.997598999458917,0.0004893036937381895,0.00041323404757783805,0.0005108337191315477,0.997598999458917,0.0002865842405806131,0.0007010448400548314
8238,4,4,0.9975565323528182,0.0004852477117005836,0.00048456327694363624,0.0005221331193298177,0.9975565323528182,0.00032739698092696556,0.0006241265582807865
8239,4,4,0.9976222050517707,0.0005012167434049549,0.00040367608090662624,0.0005547197062291938,0.9976222050517707,0.00029887945589706505,0.0006193029617915828
8240,2,2,0.9972256225063825,0.00036104854360577155,0.9972256225063825,0.0005037964639696334,0.0005652302869476742,0.0007074328306107824,0.0006368693684837602
8241,5,5,0.9963655752792909,0.0004494113508693292,0.0012236642996352955,0.0006537444026174003,0.0003751958535159002,0.9963655752792909,0.0009324088140712162
8243,3,3,0.9978113075264186,0.00045018238371306136,0.0004901347806041983,0.9978113075264186,0.00045890256009842474,0.00046725276861679947,0.00032221998054899064
8244,3,3,0.9977691753506247,0.0004493839821283055,0.0004868672978390164,0.9977691753506247,0.0004981262303757803,0.0004346694938057541,0.00036177764522647265
8245,3,3,0.9978662832181159,0.00038984968961551866,0.000447135163726183,0.9978662832181159,0.00043538329950298525,0.0005199666227300382,0.00034138200630938383
8246,1,1,0.9979022249333105,0.9979022249333105,0.00033883545041354224,0.0003916158555250947,0.000424115053655961,0.0003402008856559318,0.0006030078214390889
8247,4,4,0.9976649645569041,0.000506290835032292,0.0004186560842443773,0.0005039650896486295,0.9976649645569041,0.00030925687707249183,0.0005968665570981684
8248,2,2,0.997359542119132,0.00032307542202031825,0.997359542119132,0.0004648237198410407,0.0005236065940160267,0.0007543920153326334,0.0005745601296577436
8250,2,2,0.9962275032287926,0.000509895268104113,0.9962275032287926,0.0006652513987301361,0.0008739937915302556,0.0007957071651221458,0.0009276491477208646
8251,3,3,0.9977661582052891,0.0004599012415241538,0.0005129989112156097,0.9977661582052891,0.0004455267429425269,0.0004621170908066272,0.0003532978082219549
8253,5,5,0.996774019145279,0.0003313330530433835,0.0012771086784413494,0.0007530698795640264,0.00030566475511472035,0.996774019145279,0.0005588044885576531
8255,2,2,0.9969503928795945,0.0004417281301693107,0.9969503928795945,0.0005471828398566763,0.0006527733480257427,0.0006470099743150113,0.000760912828038858
8256,4,4,0.9976462899037841,0.0005010968994807038,0.0004365844087131575,0.0005221450253865896,0.9976462899037841,0.00028716252867186224,0.0006067212339635397
8258,1,1,0.9979423673042249,0.9979423673042249,0.0003425511342137494,0.00039282298841822235,0.0004176055659644415,0.00035046923763260544,0.000554183769545879
8260,2,2,0.9971176524014446,0.0003705714531356938,0.9971176524014446,0.0005531192950230553,0.0006139850096153347,0.0007489366211373659,0.0005957352196439741
8262,5,5,0.996364281186613,0.0004618098834857731,0.0011240569713362467,0.0009324516152352256,0.00037932185843221155,0.996364281186613,0.0007380784848974816
8263,4,4,0.997555150123293,0.0004521772580057778,0.0004473345845686857,0.0005249471044323321,0.997555150123293,0.0003147130628234657,0.000705677866876713
8265,5,5,0.9961538596303744,0.00036058486464798396,0.002093269656435657,0.0005364504589801437,0.00033546764857652603,0.9961538596303744,0.000520367740985268
8267,4,4,0.9976550045759057,0.0005241894867429951,0.0004340460681473589,0.00048208255581659896,0.9976550045759057,0.0003019249396441756,0.0006027523737431282
8268,2,2,0.9971583409325274,0.00040351453128662326,0.9971583409325274,0.0005310878318029662,0.0006214626806625066,0.0006756727004577931,0.0006099213232626525
8269,5,5,0.9964275035209639,0.0004823766488995801,0.0011627201772976949,0.0007278386235856775,0.0003754636374959519,0.9964275035209639,0.0008240973917572719
8270,3,3,0.9977578593952052,0.0004368746044956031,0.0004943111016347073,0.9977578593952052,0.00047872506898824117,0.00048766594039310635,0.0003445638892831659
8271,4,4,0.9975359084206433,0.0005122309484436726,0.0003981235353363058,0.000563360847005474,0.9975359084206433,0.0003183729600275728,0.0006720032885436659
8272,1,1,0.9974806577518722,0.9974806577518722,0.00038676226255963497,0.0004990152515985082,0.0005024065466326749,0.0005335003250888977,0.0005976578622480963
8273,4,4,0.9976576421808229,0.00045461303010664697,0.00040863445017287186,0.0005664417903563458,0.9976576421808229,0.0002903325615661467,0.0006223359869750666
8274,4,4,0.9976424507780639,0.0005094022455837136,0.00041727264480461655,0.0005102665129271463,0.9976424507780639,0.0002993821961235579,0.000621225622497059
8275,1,1,0.9978239812460555,0.9978239812460555,0.0003993760730316468,0.00043465273959314085,0.00046720924566953886,0.00035972961172528044,0.0005150510839248769
8277,5,5,0.9964127789801661,0.0004706996387407193,0.001200655549881513,0.0007330481639153556,0.000400839970697282,0.9964127789801661,0.000781977696599051
8278,4,4,0.997630081586249,0.0005021532243420937,0.0004227098306327763,0.0005192804807186193,0.997630081586249,0.0003029814353843076,0.0006227934426732361
8281,1,1,0.9973190762074529,0.9973190762074529,0.00046196156570122137,0.0005177557060380885,0.00047509143911100143,0.0006386153032537747,0.0005874997784430814
8283,4,4,0.9976462906489335,0.0004828455656269152,0.0004244982634549057,0.0005324911424734271,0.9976462906489335,0.00029662607088260645,0.0006172483086286207
8285,5,5,0.9963591309450193,0.0004743597344954007,0.001253352801265839,0.0007198229735762366,0.00038965789956694504,0.9963591309450193,0.000803675646076301
8286,1,1,0.9979290563015588,0.9979290563015588,0.00034741618136487507,0.00034884515010860705,0.00039389889110543234,0.00031289560969584144,0.0006678878661664897
8287,5,5,0.9965839881961763,0.0004700066872089937,0.0011489347660878688,0.0006828983072120495,0.0003864016809019631,0.9965839881961763,0.00072777036241277
8290,5,5,0.9964701302974961,0.0004911865287980243,0.0011937581440820656,0.0006980729196299203,0.00036360426626939386,0.9964701302974961,0.0007832478437245455
8291,3,3,0.9967251121970708,0.0005690843610185549,0.0005719123804777034,0.9967251121970708,0.0005515013384786181,0.0006549165123856131,0.0009274732105687854
8292,6,6,0.9909821965227436,0.0010103043945983348,0.0009531867907384348,0.0019537307505056475,0.0042419404029382405,0.0008586411384757451,0.9909821965227436
8294,5,5,0.9966074455686681,0.0003911808688043908,0.0013027281099155905,0.0006800203855712893,0.00036413240844499693,0.9966074455686681,0.0006544926585956199
8295,3,3,0.9978793650754824,0.00039360536415909193,0.0004666845366648003,0.9978793650754824,0.000375865151659801,0.0005869925949826408,0.0002974872770513152
8296,4,4,0.9975807156661375,0.000537540910752159,0.00040862183325375193,0.0005346956040168828,0.9975807156661375,0.0003018667476024748,0.0006365592382372537
8299,3,3,0.9978317811200483,0.00042985901485157623,0.00048731198544774547,0.9978317811200483,0.00043252058930210975,0.0004874474928849707,0.0003310797974652665
8300,5,5,0.996396858984535,0.00047691246023140845,0.001231923808765316,0.000779565403818744,0.0004223222071870882,0.996396858984535,0.0006924171354623919
8302,4,4,0.9976314278095306,0.0005033587789853976,0.00040367018550296755,0.0005057044312982666,0.9976314278095306,0.00029624762744829,0.0006595911672344564
8303,6,6,0.9977523501269248,0.0005264754194007841,0.0004777188499737358,0.00040267878636687777,0.0004102003801719856,0.0004305764371618357,0.9977523501269248
8304,3,3,0.9976843273633837,0.0004270394938019268,0.0005385825531013517,0.9976843273633837,0.0005072116479310588,0.00046534395062585305,0.00037749499115605396
8306,6,6,0.9970888634736956,0.0007786525638585803,0.000750334769259227,0.0004507449402112273,0.0004707792024702654,0.00046062505050504187,0.9970888634736956
8307,5,5,0.9965458501342164,0.00041774777541816663,0.0014440612288318232,0.0006162461779258113,0.0003706446284942236,0.9965458501342164,0.000605450055113562
8309,5,5,0.9967043604830549,0.0004372765371387134,0.0012228021616949318,0.000614070425864573,0.0003445022022238418,0.9967043604830549,0.0006769881900231098
8311,5,5,0.9964058101088399,0.0004214762176480857,0.0014075197556833064,0.0006744333457516774,0.0004089041781741691,0.9964058101088399,0.000681856393902901
8312,6,6,0.9977643458475781,0.0005355555314500817,0.00050423835478555,0.0003703864337875934,0.0004208579471610528,0.0004046158852376243,0.9977643458475781
8313,4,4,0.9976582195573228,0.0004482520304182597,0.0004207866883214331,0.0005587574374483376,0.9976582195573228,0.0002886202905325809,0.0006253639959565572
8314,1,1,0.9979644753279242,0.9979644753279242,0.0003599170210408755,0.0003293268296574776,0.0004217693530277143,0.00028784697473169257,0.0006366644936180659
8315,1,1,0.997843516526809,0.997843516526809,0.0003980482920409096,0.0003516905461520075,0.0004265727529042052,0.0003556951750656593,0.000624476707028179
8317,1,1,0.997947877406717,0.997947877406717,0.0003887561928883943,0.0003632472674234221,0.00041919594754527795,0.0003001085732574979,0.0005808146121684834
8318,3,3,0.9970651048999469,0.0005611166001377166,0.0006169866983640265,0.9970651048999469,0.0008069597937959618,0.00042768427158634066,0.000522147736169049
8320,3,3,0.997781671313804,0.00045753819412719886,0.0004782106153281036,0.997781671313804,0.0004436257485770487,0.0005014986268166851,0.0003374555013469119
8321,3,3,0.9976944465859634,0.0004679755430908506,0.0005160057988871928,0.9976944465859634,0.0005251984766952134,0.0004453318313585852,0.0003510417640048231
8322,3,3,0.99781639921601,0.0004163871075466599,0.0004563213203283274,0.99781639921601,0.0005000091417175603,0.0005007848752728474,0.00031009833912463834
8325,4,4,0.9976184770810097,0.0005206338145437733,0.0004056837272892776,0.0005115813010863161,0.9976184770810097,0.00028927451952311594,0.0006543495565479155
8326,3,3,0.9978582476508431,0.00042567870871527557,0.00047708725641430126,0.9978582476508431,0.0004319945027485197,0.00047433665301037836,0.0003326552282684513
8327,6,6,0.9973049187038674,0.0007975577628183127,0.0005802453392656645,0.0004184008003640939,0.0005000908870717764,0.00039878650661275374,0.9973049187038674
8328,4,4,0.9975070869793391,0.0005217792576445138,0.0004989911345724759,0.0004716178197397002,0.9975070869793391,0.000295342770073405,0.0007051820386308492
8330,3,3,0.9978140550466768,0.0004041713237935665,0.00043704671950045234,0.9978140550466768,0.00041085431993782183,0.0005746717191264209,0.00035920087096502173
8331,4,4,0.9976471166548201,0.0005045244500065323,0.00040131375108202284,0.0005239603933117166,0.9976471166548201,0.00030235011546352226,0.0006207346353160985
8332,3,3,0.9978044622127402,0.0004104747783319503,0.0004841591577389098,0.9978044622127402,0.0005030182652387176,0.00047235831119653895,0.00032552727475376297
8333,3,3,0.9977541323714266,0.0004091319761583562,0.0005027123139221784,0.9977541323714266,0.0005291764845217931,0.0004628112252689735,0.00034203562870220887
8334,6,6,0.9978040922138653,0.0005441378381550886,0.00045669922239861187,0.00038245046243238297,0.000439527875342536,0.00037309238780605447,0.9978040922138653
8335,5,5,0.9965269515077583,0.00040254857615782736,0.0013835932652739263,0.0006542657278092181,0.0003630041227097028,0.9965269515077583,0.0006696368002910988
8337,4,4,0.9976672353574392,0.0004669456904945406,0.0004021468901158988,0.0005592752862654297,0.9976672353574392,0.00028037053573451724,0.0006240262399505062
8338,3,3,0.9978152652897211,0.0004235175206351679,0.0004896730602207555,0.9978152652897211,0.0004830392785329271,0.0004606332577853453,0.0003278715931047442
8341,2,2,0.995455961112948,0.0004394356772773832,0.995455961112948,0.0006038372845932984,0.0008277356987209806,0.0010612957101021425,0.001611734516358242
8343,1,1,0.9978833769907918,0.9978833769907918,0.0004028175016213358,0.0003745459534741122,0.0004099313799861072,0.0003265654951171581,0.0006027626790096162
8344,2,2,0.9971957162322085,0.0003955132252154428,0.9971957162322085,0.0005191364884543034,0.0006091872901537672,0.0006520857539793616,0.0006283610099886069
8346,3,3,0.9978554947662879,0.00043245478163848726,0.00047311577269234064,0.9978554947662879,0.0004575763934403088,0.00046632791534881345,0.0003150303705921615
8347,4,4,0.9975358239918287,0.0004752572563933224,0.0004438045722204632,0.0005592744560242743,0.9975358239918287,0.0003312063924693918,0.0006546333310638117
8349,2,2,0.9972465737279874,0.00034385763620334547,0.9972465737279874,0.0005005611790561396,0.0005403488490831603,0.0006807180134189575,0.0006879405942509455
8351,3,3,0.9976632486468281,0.00046863706155941294,0.0004982969203741799,0.9976632486468281,0.0005324603349686319,0.0004665647815419586,0.0003707922547276742
8354,4,4,0.9976409629466007,0.00047392048820755914,0.0004052286756497429,0.0005707260445298308,0.9976409629466007,0.00029154295796208563,0.0006176188870501582
8355,1,1,0.9979642800986455,0.9979642800986455,0.0003560487882370591,0.0003518602521972949,0.00037480859380265095,0.00029875507392761923,0.0006542471931899737
8357,5,5,0.9961870453212639,0.0003572773335081034,0.0018746435293190856,0.0005521395359360002,0.00035194414445136756,0.9961870453212639,0.0006769501355215284
8358,2,2,0.9971810182113785,0.00038688728992374054,0.9971810182113785,0.0005342049833616314,0.0006017990424393088,0.0006734310254840989,0.0006226594474127116
8359,5,5,0.9964393017319262,0.0004498198211121296,0.0012930526005961239,0.0007796561879408586,0.00038471035988635365,0.9964393017319262,0.0006534592985383895
8360,2,2,0.9960988561423085,0.00047406579617836913,0.9960988561423085,0.0007107227746939418,0.0007982073634338822,0.0008151974205829313,0.0011029505028024562
8361,2,2,0.9968095415730666,0.0003558819452943153,0.9968095415730666,0.0006652475349991488,0.0006679525610919785,0.0008847246163666518,0.0006166517691811369
8362,3,3,0.9978175743772937,0.0004245681078714425,0.0005050656308982226,0.9978175743772937,0.0004053632189259242,0.0005124530557302603,0.0003349756092805581
8363,5,5,0.9965630144389328,0.00042175222064260825,0.0011447387480986477,0.0006122067552690604,0.0003569996614225394,0.9965630144389328,0.0009012881756343965
8364,2,2,0.9965075124749005,0.00037052804242729596,0.9965075124749005,0.000962174833611851,0.000625848974053665,0.0007841192203592424,0.0007498164546473668
8365,5,5,0.9966178633003073,0.00039513665634383527,0.0013856745924983884,0.0005986199888674442,0.00036806505879403745,0.9966178633003073,0.0006346404031889761
8366,4,4,0.9976907139966723,0.00047208740117067437,0.0004059298228304874,0.0005611562723808356,0.9976907139966723,0.000285409081183961,0.0005847034257617981
8368,4,4,0.9974821213391198,0.000503200164706167,0.00042720403886418936,0.0005980179414379009,0.9974821213391198,0.0002938671096788721,0.0006955894061930907
8371,3,3,0.9978890098281782,0.00041267079042771104,0.0004618580987980088,0.9978890098281782,0.0004208958823876833,0.0005054477508867994,0.00031011764932166355
8374,5,5,0.9966468530576611,0.0003920269206435562,0.001248375552189321,0.0006237902759656957,0.0003357872007570833,0.9966468530576611,0.0007531669927832463
8375,5,5,0.9963098280009373,0.00048713651449499765,0.0013159838419714296,0.0007231294956990999,0.0003932042789931772,0.9963098280009373,0.0007707178679040627
8378,4,4,0.9976560465366782,0.000475249281222344,0.0004297382509749138,0.0005126985208543048,0.9976560465366782,0.00029432228172671224,0.000631945128543561
8379,3,3,0.9979048889991167,0.0004090475038407999,0.00047829179411598504,0.9979048889991167,0.0004163858882377763,0.0004893129767504573,0.0003020728379383109
8380,4,4,0.9975935466942284,0.000513348422514501,0.0004405090666235425,0.00048210871751063356,0.9975935466942284,0.0003060733692231252,0.0006644137298998025
8381,4,4,0.9974999142671706,0.0004686863540544607,0.00040567265923820145,0.0005182848706341785,0.9974999142671706,0.0003237945885276424,0.0007836472603750363
8382,1,1,0.9979885961219646,0.9979885961219646,0.0003629471227977095,0.0003473890588211289,0.00041160057895400933,0.00028830834034532173,0.0006011587771172947
8383,4,4,0.9975518361571519,0.00044995673393374266,0.00045304919047372156,0.0005557749994832724,0.9975518361571519,0.00031246369356348726,0.0006769192253938804
8384,4,4,0.9976289697920379,0.0004971280492663452,0.00040929059497274054,0.0005265586570286561,0.9976289697920379,0.0002982127138224063,0.0006398401928720358
8386,1,1,0.9979852185201655,0.9979852185201655,0.00031931104699184435,0.0003317960966677806,0.00040361003790967116,0.00029226526225643054,0.0006677990360087157
8387,2,2,0.9971806513255339,0.00034851420331409816,0.9971806513255339,0.0005146728725378736,0.0005893853209654474,0.0006547142281315881,0.0007120620495171216
8388,5,5,0.9963485315257999,0.00036320519997821304,0.0013329175620380423,0.0006468561876105815,0.0003530617295490429,0.9963485315257999,0.0009554277950242116
8390,5,5,0.996498673939608,0.0004556213542944722,0.0011349600630729789,0.0006451017494639291,0.00036328453640454986,0.996498673939608,0.0009023583571560187
8392,6,6,0.9969075876315325,0.000700808285576752,0.0007947747804579508,0.0004908565588276841,0.0005220797319539208,0.0005838930116511082,0.9969075876315325
8393,5,5,0.9965793679824893,0.0003719940640153515,0.0012497038021617906,0.0006260565085023016,0.0003529852774148427,0.9965793679824893,0.0008198923654165146
8394,5,5,0.9959264096354937,0.0004978629442143317,0.00108782053885264,0.0014633285314835701,0.00037136357794739186,0.9959264096354937,0.0006532147720083426
8396,5,5,0.9966063353555222,0.00036361289143977673,0.001220705435436253,0.0006430153640849536,0.0003315254240658458,0.9966063353555222,0.0008348055294509051
8398,1,1,0.997847208587973,0.997847208587973,0.0003838949231700653,0.0003239879763585112,0.00040622803871408794,0.00029344667833169533,0.0007452337954527656
8399,6,6,0.9974616839712039,0.0005143279597000016,0.0006956060002756982,0.0004900321982704387,0.0004395233150466497,0.0003988265555032397,0.9974616839712039
8400,1,1,0.9978122863061677,0.9978122863061677,0.0003766220818789836,0.00044390134956223215,0.0004657315219396722,0.00040003029307163803,0.0005014284473799368
8401,6,6,0.9978489297873058,0.0005450564470182193,0.00048422205251403254,0.000389517524304687,0.0003967520376453015,0.0003355221512119437,0.9978489297873058
8402,5,5,0.995790275424072,0.0004492960455918752,0.0011412485887937536,0.0012344205413229482,0.0003654115034563279,0.995790275424072,0.0010193478967632091
8403,2,2,0.9806934159467259,0.00031926762834856077,0.9806934159467259,0.0005073401345034699,0.0007131593418539138,0.01621695820690163,0.0015498587416665575
8404,3,3,0.9976405315876389,0.0004927840985123975,0.0005148542325479178,0.9976405315876389,0.0005131606223762827,0.0004329632098149153,0.0004057062491096043
8406,2,2,0.9969678190378672,0.0004035163304067503,0.9969678190378672,0.0005116268124182661,0.0006696031555956114,0.0006651545770502353,0.0007822800866619423
8407,2,2,0.9973643115070819,0.00032282195706747436,0.9973643115070819,0.0004746945181204817,0.0005067603646635646,0.0007545790955398599,0.0005768325575267217
8409,5,5,0.9966630327729745,0.0004020328628689939,0.001301201408107612,0.0006397906101124997,0.0003477557616349663,0.9966630327729745,0.0006461865843013613
8410,1,1,0.9979791945003539,0.9979791945003539,0.00036531826864683525,0.00035796480686913043,0.00040162754141033285,0.00032511202173764593,0.0005707828609821533
8411,4,4,0.997470286577444,0.00045962152729245006,0.00046962631852783953,0.0005644412165052784,0.997470286577444,0.00030413943115672017,0.0007318849290737804
8413,3,3,0.9977869244634747,0.0004025704583262704,0.00048385452096475477,0.9977869244634747,0.0004547211488084174,0.0005711656088123912,0.0003007637996133882
8414,1,1,0.9979974222763103,0.9979974222763103,0.00036377644513083145,0.0003546176715963355,0.0004090975209837665,0.0003108534472548125,0.0005642326387240736
8415,2,2,0.9969914871879215,0.0003043235252446065,0.9969914871879215,0.0004108005262675082,0.0005162174202957658,0.0010550045112315465,0.0007221668290390859
8420,4,4,0.9975996648633608,0.00044635011156812435,0.00041191131603674934,0.0005342870154606856,0.9975996648633608,0.0003075335127421292,0.0007002531808315147
8422,1,1,0.9979261000738624,0.9979261000738624,0.00037510855456466413,0.0003655605483704951,0.00043328792562703067,0.0003234076087471514,0.0005765352888282698
8424,1,1,0.9972474617606812,0.9972474617606812,0.0004297347384416456,0.00031959057059548744,0.0003892090828675509,0.0002915233037220623,0.0013224805436920608
8425,2,2,0.9969711714701729,0.0004044755161493059,0.9969711714701729,0.0005072112729128932,0.0006104154266871533,0.0006785580240341892,0.0008281682900435688
8426,1,1,0.9978465604997657,0.9978465604997657,0.0003572384731482824,0.00042667738656156876,0.000454984964103997,0.0003611712153811857,0.0005533674610393431
8427,1,1,0.9978304818987649,0.9978304818987649,0.00042357995574904934,0.0004029890532613551,0.00044212081345876443,0.00039874085430754703,0.0005020874244584242
8429,3,3,0.9977867553644599,0.0004111870346150541,0.0004537446634613927,0.9977867553644599,0.00037898140538001257,0.0006690008998150252,0.00030033063226855193
8430,2,2,0.9970230732058004,0.00041343467855442696,0.9970230732058004,0.0005570228247068119,0.0006504851221544829,0.0006144615639859834,0.0007415226047976953
8432,4,4,0.9974559557193763,0.0004629021879570179,0.0004839348847116075,0.0006134402578796947,0.9974559557193763,0.0003136902921990678,0.0006700766578763632
8433,6,6,0.9972793513587874,0.0005857284445187473,0.0006866882941405445,0.00044200054491433843,0.0005638538308067061,0.00044237752683227424,0.9972793513587874
8434,5,5,0.9960963656749546,0.00045367370546810335,0.002053858122435055,0.0005598669818508877,0.0003421876061985642,0.9960963656749546,0.0004940479090927707
8436,3,3,0.9977301596025876,0.00046428433927009675,0.0005235664823659539,0.9977301596025876,0.0004669325840195057,0.0004323986203270879,0.0003826583714297622
8437,4,4,0.9974281912615462,0.0005704859334660161,0.00041753766815952337,0.0005393511190547383,0.9974281912615462,0.0003237895377669897,0.0007206444800063106
8438,1,1,0.9979548189576523,0.9979548189576523,0.0003972589116441,0.00036255844046970305,0.0003975782389015459,0.0003214299220803002,0.0005663555292521256
8440,3,3,0.9978126573512105,0.0004401665425524029,0.00048783158077458927,0.9978126573512105,0.00044612791013179414,0.00047482912244974383,0.00033838749288093355
8441,5,5,0.9960701322978565,0.00047485503503037974,0.0010138851212444866,0.0013629278205754094,0.0003547803739041572,0.9960701322978565,0.0007234193513890984
8442,3,3,0.9978585281154714,0.0004145120010035956,0.00047986061101359413,0.9978585281154714,0.00043630823936723426,0.00047300959799263955,0.00033778143515160984
8443,5,5,0.9963237349922414,0.0004607755539778643,0.0015772384837804414,0.0005981368776543212,0.0003966449705795778,0.9963237349922414,0.0006434691217664444
8444,1,1,0.9978302756862969,0.9978302756862969,0.0003319689924444574,0.00040457935787342183,0.00041794229516746954,0.0003610157230363524,0.0006542179451813887
8445,4,4,0.9976761987664404,0.0005228456019824119,0.0004106677099904098,0.0004979777175074013,0.9976761987664404,0.0002966111948367426,0.0005956990092425732
8446,5,5,0.9966186865127347,0.0003703293256886144,0.0014817758627338254,0.000603881408686366,0.00035337843893668843,0.9966186865127347,0.0005719484512198514
8447,2,2,0.9972959269358739,0.0003256016097082465,0.9972959269358739,0.0005019816508208499,0.0005503314374312745,0.000788098384356964,0.0005380599818086028
8448,6,6,0.9969123980545753,0.0006108799366396362,0.0009212777135622285,0.0005578357006881732,0.0005450054511670057,0.00045260314336765736,0.9969123980545753
8449,2,2,0.9972670149967585,0.00037326445722126876,0.9972670149967585,0.00048083806523258694,0.0005784754217277348,0.000697772489288758,0.000602634569771202
8451,3,3,0.9977029633510134,0.00048037892278490887,0.0004963060823795294,0.9977029633510134,0.0005018150303999647,0.0004437107133007064,0.0003748259001214972
8452,5,5,0.9964957595765,0.000495936767949833,0.0011831117744741338,0.0006438331175799446,0.0003577713711124742,0.9964957595765,0.0008235873923835439
8453,3,3,0.9975618962187202,0.00047433735364500724,0.0005983855728857204,0.9975618962187202,0.0004902451012556443,0.0004679954829364712,0.00040714027055696237
8456,4,4,0.9976352038031229,0.00047729575649913946,0.0004102637005656407,0.0005423042231852003,0.9976352038031229,0.00028910923244471773,0.0006458232841824852
8457,6,6,0.9977444734971016,0.0006436330941384017,0.00047130826065906544,0.00035318180438064905,0.0004267688339205795,0.00036063450979969294,0.9977444734971016
