dataset_row,true_project_label,predicted_project_label,confidence,p_1_native_advertising,p_2_news_satire,p_3_propaganda,p_4_manipulation,p_5_news_parody,p_6_fabrication
0,1,1,0.9156418604823133,0.9156418604823133,0.027737459079546185,0.008360378821214686,0.005095604012564339,0.02488401657489786,0.01828068102946366
1,1,1,0.8659721286279921,0.8659721286279921,0.053781057420277514,0.013227033216050421,0.0070873560445566626,0.031813807456843105,0.028118617234280215
2,1,1,0.7498833919764971,0.7498833919764971,0.052112096631410136,0.024655238569143128,0.0321549655771347,0.07166475019528099,0.06952955705053393
3,5,5,0.6664353879457965,0.04736068605613649,0.1679015925527042,0.021774658184534876,0.01440324083952195,0.6664353879457965,0.08212443442130604
4,6,6,0.894657376783864,0.015154091400913517,0.03555156147900599,0.007082551473452774,0.009513070886932205,0.038041347975831544,0.894657376783864
5,5,5,0.8021772765046732,0.028999626430563658,0.07819036040232946,0.04630440667839648,0.012547698018336056,0.8021772765046732,0.03178063196570116
7,1,1,0.7552822847771703,0.7552822847771703,0.062880354981875,0.025716003651987264,0.013806612194675891,0.0706040234516704,0.0717107209426212
8,2,2,0.9180002829465721,0.01958870742422661,0.9180002829465721,0.013710733469488147,0.0063831500181089134,0.02169815494183633,0.020618971199767955
9,4,4,0.9381095447812722,0.012799802529528805,0.015588829738123419,0.006320026131295688,0.9381095447812722,0.015320136367769367,0.011861660452010583
10,4,4,0.9595151648052571,0.009543847789064946,0.009520523163812454,0.003830579468741266,0.9595151648052571,0.012118546709338958,0.005471338063785208
11,4,4,0.9357785628748919,0.010007081193145374,0.01543431176660261,0.008580370466074464,0.9357785628748919,0.01918223405680486,0.011017439642480831
12,6,6,0.833558775179394,0.04082660862142539,0.03834938902091375,0.022041554652145485,0.00853442659872706,0.056689245927394376,0.833558775179394
13,1,1,0.7197819743924978,0.7197819743924978,0.0599169007251129,0.021946032327117303,0.015981150965976656,0.10311898457785093,0.0792549570114443
15,2,2,0.5654932597030305,0.061629605816646,0.5654932597030305,0.03080935208124782,0.021466065836863505,0.25170097323868107,0.06890074332353115
16,2,2,0.7775755893574341,0.053390388429401366,0.7775755893574341,0.01566738526495405,0.01770095590054612,0.05881808323133324,0.07684759781633119
19,4,4,0.9762930037068479,0.003609561685902799,0.0058381210663724014,0.002364676129582839,0.9762930037068479,0.0069364568901607955,0.004958180521133268
20,1,1,0.8543336504071894,0.8543336504071894,0.027894295420140863,0.015633044411918748,0.020209761455163493,0.037812622866744576,0.04411662543884285
21,3,3,0.9019914950985403,0.006709746236343776,0.016087835794088647,0.9019914950985403,0.004565142505607493,0.0634765020056307,0.007169278359789113
22,1,1,0.8236377489213703,0.8236377489213703,0.04177737261335449,0.014547616601109143,0.023675523763868073,0.04511641088940756,0.051245327210890534
24,5,5,0.5713530314560141,0.07209432970005863,0.13666118491901935,0.03239387112167007,0.02201537752571353,0.5713530314560141,0.16548220527752422
25,4,4,0.9478119761194593,0.01028613258203117,0.011871890806938833,0.005882580611836481,0.9478119761194593,0.012357660157276068,0.0117897597224582
26,4,4,0.9656786300922497,0.007060035647334553,0.008321425996479802,0.0021872968790739486,0.9656786300922497,0.008467910341880576,0.008284701042981377
27,4,4,0.7584792150869732,0.0413873813571727,0.06596991242276441,0.023365574150715225,0.7584792150869732,0.0629554695592543,0.04784244742312013
28,6,6,0.8339528604118972,0.020147345502656074,0.04201848295727553,0.013575224473914835,0.008740918240805993,0.08156516841345038,0.8339528604118972
29,4,4,0.9386236098288486,0.009442710053656182,0.011932138170798613,0.0062757763155737775,0.9386236098288486,0.020801567912024095,0.01292419771909864
30,1,1,0.7179085022850688,0.7179085022850688,0.05503454120904447,0.021992191654603206,0.012468171705460891,0.06238549221080826,0.13021110093501448
31,1,1,0.8945242068579378,0.8945242068579378,0.024914636661777047,0.010098832393712716,0.013362737400143454,0.02577035663281911,0.03132923005360983
32,5,5,0.6706407246300569,0.07409664144239345,0.12547903307793382,0.03044937885730821,0.017049606110901366,0.6706407246300569,0.08228461588140631
34,5,5,0.7156902606325786,0.04629996310811055,0.10195964814427395,0.028700532820294816,0.03389897234917376,0.7156902606325786,0.07345062294556842
38,6,6,0.6651584157560653,0.07347832767768175,0.08837258695807958,0.0353823505753196,0.01823498968034439,0.11937332935250948,0.6651584157560653
40,4,4,0.9378787348868837,0.022889184392872155,0.008603780213409296,0.0055398860145617545,0.9378787348868837,0.014071324772863065,0.01101708971941003
41,2,2,0.39898434594716276,0.154762790331772,0.39898434594716276,0.04353349581720484,0.016927232984752114,0.14987601912421333,0.235916115794895
43,4,4,0.9006778081164093,0.01687327714669786,0.029698399214651706,0.009187495492863566,0.9006778081164093,0.0250724894356734,0.01849053059370421
44,5,5,0.7435265039173833,0.059642598717575414,0.09973563181069423,0.01873349933337744,0.012355802208327455,0.7435265039173833,0.06600596401264225
46,5,5,0.7420511398008991,0.08093119284759104,0.07674941461111445,0.023913298553236578,0.031875832624977014,0.7420511398008991,0.044479121562181846
48,1,1,0.6976414283535988,0.6976414283535988,0.08368230864999845,0.026589994754267432,0.017581020753964827,0.0834139744870571,0.09109127300111337
49,1,1,0.8206774063694989,0.8206774063694989,0.034589623745371674,0.01501230884370359,0.02728757268085535,0.05344818867411177,0.048984899686458666
50,2,2,0.57136034282867,0.09000178384885485,0.57136034282867,0.03343304589036484,0.017365757791895958,0.1707308629676513,0.11710820667256297
51,4,4,0.9022028000320611,0.020853065380737935,0.026208855396054078,0.009492247614162192,0.9022028000320611,0.02486592886088372,0.016377102716101002
52,6,6,0.6299944153430499,0.011254088429129817,0.32018584816872253,0.008552351064252298,0.006530954747710655,0.023482342247134778,0.6299944153430499
54,6,6,0.5269577729661554,0.04016738574351476,0.24688850809034993,0.03617258182978368,0.027844889063845545,0.12196886230635078,0.5269577729661554
56,4,4,0.9671624627543887,0.006764556450220008,0.0070817602924784255,0.00391807839445391,0.9671624627543887,0.008677101809402975,0.0063960402990560754
57,2,2,0.9130170159167579,0.016704158186423512,0.9130170159167579,0.010040301919662242,0.023954739041221598,0.017238843883653147,0.01904494105228154
58,4,4,0.8175178060853993,0.03461106580055247,0.048992802646833984,0.015879917540512652,0.8175178060853993,0.051834136306956345,0.031164271619745384
59,3,3,0.9289568763221844,0.011086515188715744,0.021483062767573433,0.9289568763221844,0.006099612205240498,0.014631244400587643,0.01774268911569825
60,2,2,0.9253010196009314,0.040424045275791985,0.9253010196009314,0.006967159115597181,0.004148440696265743,0.013545868422069443,0.009613466889344268
62,2,2,0.6436356168712905,0.08897046115728278,0.6436356168712905,0.033978680547572845,0.01856387578439771,0.1089528328125883,0.10589853282686805
63,4,4,0.792354483023505,0.0656363829868532,0.04879515020349167,0.01244917215622445,0.792354483023505,0.0560839727187269,0.02468083891119885
66,2,2,0.7718221131472676,0.05549741426474025,0.7718221131472676,0.025311744524181133,0.015923017067539052,0.07882552446526946,0.05262018653100252
67,6,6,0.6515265731027321,0.06061136357915043,0.1436602681559788,0.03957260571951432,0.01463601767823789,0.08999317176438641,0.6515265731027321
68,4,4,0.885164493567116,0.019496350396576188,0.027381641592343027,0.010229438466436171,0.885164493567116,0.03109410714003505,0.026633968837493537
69,5,5,0.651653657831664,0.10921286099928693,0.11292219508953232,0.03246873565772438,0.012838889073007379,0.651653657831664,0.08090366134878507
70,3,3,0.9159061021613775,0.006471209989490821,0.014274237304383073,0.9159061021613775,0.002900737715489626,0.04991681820572445,0.010530894623534705
71,2,2,0.8349306583079885,0.04815591247418386,0.8349306583079885,0.017684319717776415,0.010635543123866243,0.052667375932241765,0.03592619044394324
72,4,4,0.8825750171538397,0.009812004161263798,0.03305792053750103,0.009795996495003432,0.8825750171538397,0.039929145898741414,0.024829915753650785
74,1,1,0.544933983965584,0.544933983965584,0.06936980539669543,0.025765766041207876,0.009829484712248588,0.19428334319879337,0.15581761668547084
76,2,2,0.6248976266002196,0.07593833272129932,0.6248976266002196,0.021982843909767034,0.012746065538871304,0.16271114335902492,0.10172398787081781
77,4,4,0.9336052380775903,0.01421118397438009,0.01427802053144587,0.006024635067697817,0.9336052380775903,0.019632935952852155,0.012247986396033608
78,5,5,0.7421604240252082,0.041975954258347596,0.07772379521457881,0.08582452123763276,0.013587755384033508,0.7421604240252082,0.038727549880199094
79,5,5,0.47928289915697314,0.045829055767833304,0.13715148474631875,0.053706264727188736,0.07489459938667882,0.47928289915697314,0.2091356962150073
80,1,1,0.878211153201623,0.878211153201623,0.04044175327666347,0.00901948460754318,0.009960646434208124,0.03715984454575827,0.025207117934203986
82,6,6,0.7694945548269392,0.037498682647392104,0.08777294903735702,0.018389786598512193,0.014206934971502265,0.07263709191829729,0.7694945548269392
85,6,6,0.6021017572259109,0.13938282782170305,0.07735261877254722,0.04343690248697504,0.02754733408361037,0.11017855960925349,0.6021017572259109
86,1,1,0.8758718563403974,0.8758718563403974,0.04068288487052974,0.01347051956539504,0.007210772935090051,0.036756265185982705,0.02600770110260498
88,6,6,0.8509827950636993,0.02221076788295959,0.038274092895406245,0.013217994051122594,0.010400439781206604,0.06491391032560569,0.8509827950636993
89,4,4,0.9781498874899287,0.004367180703872705,0.0041748946327805105,0.002734392514935248,0.9781498874899287,0.0062799258364199875,0.004293718822062912
90,1,1,0.6060260385284844,0.6060260385284844,0.08906853212951471,0.026166831322842428,0.04140725134790943,0.137417752437971,0.09991359423327809
95,5,5,0.8029556073727164,0.02515953338568565,0.07239643500021045,0.018702868738297223,0.009330223440914874,0.8029556073727164,0.07145533206217532
96,4,4,0.8607045195305308,0.01852378141755878,0.03317269493076815,0.009883235502273598,0.8607045195305308,0.04058711126811265,0.03712865735075594
97,6,6,0.7262688290606423,0.06839885255730889,0.052920054378824945,0.027526181537457464,0.010790885086649389,0.11409519737911707,0.7262688290606423
98,4,4,0.9750432527877486,0.0036946535763834674,0.006704991728561452,0.0020180734210446987,0.9750432527877486,0.005639059801127662,0.0068999686851340435
99,6,6,0.9664672771714434,0.006194344837407307,0.009604438278093699,0.004710435849726433,0.0024338569962671325,0.010589646867062003,0.9664672771714434
101,6,6,0.5608779735854752,0.1783481669228729,0.08975261511283002,0.02516902863058267,0.011106033778326934,0.13474618196991234,0.5608779735854752
102,5,5,0.6849382269311851,0.04486566469531851,0.11774513359701566,0.02131908356811671,0.034686166597170213,0.6849382269311851,0.09644572461119387
105,2,2,0.7470766410955952,0.04997865714318732,0.7470766410955952,0.014368744321351835,0.011228031940702533,0.1042909714482734,0.07305695405088986
106,2,2,0.8550422849767634,0.030076269279909956,0.8550422849767634,0.011503883609140323,0.01454226694536086,0.060342834023086066,0.02849246116573945
107,4,4,0.8685170284478311,0.022698032216299773,0.029682929630042272,0.01213717682277872,0.8685170284478311,0.04470099743922472,0.022263835443823467
109,5,5,0.9490061055765604,0.006391814857389074,0.017942300393015673,0.006611351804504413,0.0025749437765714193,0.9490061055765604,0.017473483591959073
112,5,5,0.7152223561497362,0.02791057875635382,0.14974546400895097,0.03645153193455414,0.016774005158490743,0.7152223561497362,0.0538960639919141
113,6,6,0.6824863154888854,0.07260788958428448,0.06140905268940702,0.039644578433084526,0.03870251371293374,0.1051496500914048,0.6824863154888854
115,4,4,0.9833238972648891,0.0021236794019570257,0.003928250875047369,0.0011711623973221232,0.9833238972648891,0.004090216282591198,0.005362793778193207
116,5,5,0.6431454007590065,0.11163511465273782,0.05963469691931882,0.022302246101862724,0.1350665927798841,0.6431454007590065,0.02821594878719003
117,2,2,0.3273606757034472,0.23241860086408497,0.3273606757034472,0.05805830188922563,0.03462749696361171,0.14889590267362454,0.19863902190600607
119,3,6,0.23353834726752226,0.12105056356715142,0.18108258652830606,0.2054304884840308,0.030107460570222445,0.22879055358276712,0.23353834726752226
120,5,5,0.6666145016250841,0.08746534709263148,0.07008536777545854,0.02098543199467692,0.01391279117851071,0.6666145016250841,0.1409365603336383
123,6,6,0.8157758012021616,0.04646877722788325,0.04494003637408702,0.018799264950054337,0.01277691133219707,0.06123920891361678,0.8157758012021616
125,4,4,0.9328966932442468,0.021390722891168508,0.011275286335412239,0.0071888600401962145,0.9328966932442468,0.015258663262524789,0.011989774226451434
126,1,1,0.8912906294516563,0.8912906294516563,0.03319214071473903,0.01144652436895262,0.007063602651658059,0.027891442852952125,0.02911565996004185
127,1,1,0.48030701799102943,0.48030701799102943,0.0969120730525312,0.08214038688555218,0.02016213435821243,0.13682026203539394,0.18365812567728085
128,5,5,0.6303270813625844,0.04857411077174889,0.09785073613264933,0.08768322686406986,0.023465760999439384,0.6303270813625844,0.11209908386950822
129,2,2,0.4680539229838449,0.08897151568468396,0.4680539229838449,0.05552500537243872,0.025861633756299837,0.18168237315845048,0.17990554904428213
130,2,2,0.6714749915727164,0.09015396080147157,0.6714749915727164,0.02193704256526591,0.017897254295769566,0.11935654384663143,0.07918020691814509
132,1,1,0.7241147981975182,0.7241147981975182,0.057198539542542705,0.025101375318403795,0.04678245878646351,0.06551049868214459,0.08129232947292724
133,5,5,0.7055367664969706,0.057942760219884364,0.08703841402770682,0.01655538400530312,0.060170799280191666,0.7055367664969706,0.07275587596994353
134,2,2,0.844629151850228,0.03715461246196677,0.844629151850228,0.01699811790749704,0.007671763089691399,0.042925744676200646,0.05062061001441612
135,3,3,0.9331028196562493,0.01954676063574067,0.015061671121726404,0.9331028196562493,0.006028717202988328,0.016378930722886518,0.00988110066040871
136,3,3,0.906964880099465,0.015261873827606517,0.019668659242351196,0.906964880099465,0.004671516077324697,0.015252309868820771,0.038180760884431765
137,3,3,0.9287672829420053,0.011049824344780152,0.02012010450084941,0.9287672829420053,0.0038385735890232846,0.014078391488156917,0.022145823135184976
138,6,6,0.8497259803960953,0.01187981230211578,0.028027026219550336,0.010322254138687363,0.006097331490262848,0.09394759545328846,0.8497259803960953
141,3,3,0.9352587249977546,0.008107870689612277,0.012802339279027972,0.9352587249977546,0.00486936578784415,0.028684237178151797,0.010277462067609145
142,6,6,0.8372309820355187,0.027252563588728865,0.04705535569315468,0.01837256486006573,0.00923859072851883,0.06084994309401322,0.8372309820355187
143,2,2,0.6684740902740821,0.03746826709775421,0.6684740902740821,0.018792791506005494,0.014453119220572491,0.19486591003045692,0.06594582187112885
146,3,3,0.9383796591310114,0.010415201245963438,0.01771131102197703,0.9383796591310114,0.005338251731932759,0.013873345745900916,0.014282231123214402
147,4,4,0.9352136262112937,0.0238035594419443,0.008697169350785022,0.006182763480448567,0.9352136262112937,0.01471919499222032,0.011383686523308149
148,1,1,0.575735882018845,0.575735882018845,0.13181939310381593,0.03159338324906163,0.022271664756238905,0.15380016691057505,0.08477950996146358
149,3,3,0.9410485165561436,0.004107177926859385,0.012170523967609976,0.9410485165561436,0.0049620461279054956,0.03159778683872702,0.006113948582754531
150,3,3,0.9206562517908387,0.00926725101211313,0.024132585806468643,0.9206562517908387,0.01085182938981566,0.01687671763611123,0.018215364364652657
151,6,6,0.5209629775862815,0.062177341740646826,0.31302294759176874,0.019017777335472004,0.011705753950811266,0.07311320179501966,0.5209629775862815
152,6,6,0.4697503128385419,0.14296400355422761,0.07245034922763474,0.05160622825248904,0.0862260983691797,0.17700300775792702,0.4697503128385419
153,4,4,0.9694458133472335,0.00634371723012957,0.005548280302468038,0.002715130694397351,0.9694458133472335,0.011707044844901144,0.004240013580870413
154,3,3,0.9414786042755013,0.012063593658185219,0.012699334446895126,0.9414786042755013,0.002530021651419724,0.021365394743637623,0.009863051224360849
159,3,3,0.9394065146074401,0.014366485386870626,0.010027904099350865,0.9394065146074401,0.004415963148925491,0.014772409972321493,0.017010722785091408
160,1,1,0.7282537200862361,0.7282537200862361,0.0814694709586567,0.026882191134784628,0.012389920163167298,0.08213400667197493,0.06887069098518038
162,2,2,0.8394714709863341,0.024074979758266436,0.8394714709863341,0.010670597112319108,0.008551789184344412,0.07632700662163269,0.040904156337103315
163,6,6,0.8971785165163677,0.02207233500420283,0.02465627991944314,0.015402466392303263,0.007301717634796917,0.03338868453288626,0.8971785165163677
164,1,1,0.8926340720240024,0.8926340720240024,0.027395524693672957,0.012812946161870675,0.007912957026249057,0.02128401294856081,0.037960487145644185
166,3,3,0.9444632882077513,0.007543157732329289,0.009136434635865116,0.9444632882077513,0.0027339348891162736,0.019849126871497823,0.016274057663440214
167,6,6,0.670372030173086,0.0832718103431443,0.08254557480344503,0.026525242143618028,0.011108065351761117,0.12617727718494556,0.670372030173086
168,1,1,0.8475186563655328,0.8475186563655328,0.03533614569532643,0.017542442153642746,0.00710687145545503,0.04382906230530181,0.04866682202474116
169,3,3,0.9331316263730859,0.008921811388800459,0.01065107640694891,0.9331316263730859,0.003141727438053619,0.024338904531466653,0.019814853861644426
171,2,2,0.6981503782526245,0.023700071153552178,0.6981503782526245,0.027956809743749544,0.017599710606956732,0.12147261498850809,0.11112041525460882
172,6,6,0.5025001117123685,0.06108264812540588,0.11597183603918788,0.06995589056201611,0.051359833370746906,0.19912968019027474,0.5025001117123685
173,2,2,0.5413693498951565,0.04347157617327165,0.5413693498951565,0.02989950256330519,0.012115457130331795,0.07838980800370093,0.2947543062342339
174,1,1,0.731072035390376,0.731072035390376,0.07524371815969758,0.020059471997689194,0.013544071721276255,0.07589423495677702,0.08418646777418398
175,2,2,0.7108498740712998,0.03219670773525872,0.7108498740712998,0.030249585007654282,0.04022685504134282,0.11795380472440851,0.06852317342003587
177,6,6,0.6928570078801054,0.038493134555392855,0.09792132242154546,0.024438615476160257,0.03191839058637978,0.1143715290804162,0.6928570078801054
178,1,1,0.8932025268357247,0.8932025268357247,0.02334306326166521,0.009360535408426131,0.008770135358235615,0.028186433259366553,0.03713730587658191
179,3,3,0.9205307629513404,0.011638684639785627,0.013494814060567224,0.9205307629513404,0.005945907972033066,0.03560987988820019,0.012779950488073451
180,3,3,0.9437833674961025,0.013139544574595074,0.010850943407724101,0.9437833674961025,0.004169427145016532,0.011037578327943515,0.017019139048618334
181,1,1,0.8579895136163407,0.8579895136163407,0.03773020130442298,0.01600635905224082,0.03200338866711196,0.03611317820054824,0.020157359159335406
185,2,2,0.5766578925539046,0.13489718797534087,0.5766578925539046,0.03105856218240237,0.021546535533645696,0.18019281833879505,0.05564700341591142
186,1,1,0.8887929352522834,0.8887929352522834,0.030257776365936483,0.014298663699209516,0.006409609086568275,0.037437906122790875,0.022803109473211444
187,3,3,0.942673371749979,0.006778218983053341,0.01202211336067745,0.942673371749979,0.004081692255846077,0.024921287246060554,0.009523316404383617
191,6,6,0.765782240429041,0.061729180799528126,0.03326040413699681,0.01880347791690278,0.009352183120485014,0.11107251359704631,0.765782240429041
194,3,3,0.9267074127287466,0.021149356289753295,0.018920448533364623,0.9267074127287466,0.006601096729906853,0.013248777588491249,0.01337290812973733
195,1,1,0.6419804101551215,0.6419804101551215,0.1365259085705079,0.02506721170597281,0.01650172144901141,0.11204816661664868,0.0678765815027376
197,3,3,0.9251461882180814,0.009181014862328486,0.022710619568511073,0.9251461882180814,0.008934686504296576,0.017749975882465203,0.0162775149643173
198,1,1,0.7684686269786624,0.7684686269786624,0.05486591509962772,0.016224943314606145,0.008219209698072242,0.06010642206801489,0.09211488284101671
199,3,3,0.9223162117482648,0.021207690372585936,0.020527199455583702,0.9223162117482648,0.008158420431865213,0.013301692806593738,0.01448878518510661
200,5,5,0.547933067788396,0.07692774340041962,0.14360366114506046,0.034827655663953586,0.02572790465552202,0.547933067788396,0.17097996734664833
202,1,1,0.6794072750688481,0.6794072750688481,0.0870713815336041,0.02983778137859634,0.0214890518232833,0.10938482004606678,0.07280969014960144
204,1,1,0.8288659665898933,0.8288659665898933,0.05362805807143363,0.014222056717004904,0.008189384699361483,0.05207996548284787,0.043014568439458764
209,5,5,0.6215861397850939,0.06296920259916405,0.20353984848006226,0.027467675759431688,0.01449526541077697,0.6215861397850939,0.06994186796547108
210,5,5,0.6395811205085573,0.06957852054431726,0.14022144975087925,0.03053168662932511,0.018174699743806498,0.6395811205085573,0.10191252282311455
211,2,2,0.5357414516571234,0.19472237146068622,0.5357414516571234,0.049935400000516224,0.016697941430001025,0.08261949011736627,0.12028334533430697
212,4,4,0.8420790225373341,0.06207418609954766,0.020474107344028623,0.01262594821666112,0.8420790225373341,0.03457300642693209,0.028173729375496406
214,5,5,0.5420999901474383,0.05439193156254513,0.10276243524048387,0.04271700750943707,0.02483094713609013,0.5420999901474383,0.2331976884040056
215,1,1,0.6522865367700365,0.6522865367700365,0.10018216940822657,0.01820765364839628,0.02108557935797117,0.12199183967202422,0.08624622114334529
216,3,3,0.9325521173095651,0.01152689606986053,0.019463254674780585,0.9325521173095651,0.006231386636963301,0.014097678067923907,0.01612866724090654
218,1,1,0.8675067758804245,0.8675067758804245,0.03696561762483611,0.01079287885338654,0.0072051688443857675,0.04000201501014099,0.03752754378682619
219,1,1,0.6595342114078862,0.6595342114078862,0.09404021525820591,0.03230897089031038,0.01493933316978904,0.09087602523350757,0.10830124404030096
221,1,1,0.8586451747155021,0.8586451747155021,0.036631742509418905,0.01747850507618677,0.007152050930768617,0.03775774856227307,0.042334778205850465
222,5,5,0.6941058862149271,0.047018095600929066,0.09358499354918985,0.043092642211439026,0.02641156535640405,0.6941058862149271,0.09578681706711095
223,4,4,0.9646790625963733,0.007776031904648197,0.006380521150280137,0.004148003975380497,0.9646790625963733,0.010367094188809508,0.006649286184508297
224,3,3,0.9264379139764192,0.010839029427415032,0.014005510462634643,0.9264379139764192,0.005348512912752568,0.037393323446687096,0.00597570977409155
225,4,4,0.9449176295616168,0.011335552788145622,0.012700680339292347,0.006392015607484744,0.9449176295616168,0.014343125050637383,0.010310996652823149
227,3,3,0.9318194375679787,0.011657471409767025,0.01973979994990733,0.9318194375679787,0.006290955608152393,0.01414699017953126,0.016345345284663235
228,6,6,0.6272157077092707,0.06946825508010326,0.11590777066758234,0.026638916562940183,0.021928233086074247,0.13884111689402925,0.6272157077092707
229,5,5,0.5191897815483142,0.0577914875225112,0.2248542804098522,0.02679487919772723,0.020730832070515126,0.5191897815483142,0.15063873925108007
231,5,5,0.8945045101653193,0.019989021250986887,0.0363897734280856,0.008516051069733018,0.005506943610527034,0.8945045101653193,0.03509370047534829
232,5,5,0.6106992849280692,0.06530620546160548,0.17305840188813543,0.030889618372118666,0.017476851179724445,0.6106992849280692,0.10256963817034678
233,1,1,0.8829419146609104,0.8829419146609104,0.026864613432083677,0.013798796007110453,0.019749356614125097,0.026866283611178387,0.029779035674592044
234,6,6,0.6365516798904672,0.05975743869547935,0.1327220057291564,0.03229512367717562,0.01901017701383608,0.11966357499388533,0.6365516798904672
235,2,2,0.676797614608872,0.056904582818849414,0.676797614608872,0.03527942983611413,0.01563552148210667,0.09111067190563579,0.12427217934842205
236,3,6,0.22953745367218492,0.10694384183808685,0.2145769280416827,0.21106646020735326,0.05255118126870607,0.18532413497198616,0.22953745367218492
239,5,5,0.6525097813736807,0.08192533759280114,0.1268025276065306,0.030585044858763958,0.02372725086737686,0.6525097813736807,0.08445005770084674
243,3,3,0.9397064710642757,0.009608741023986319,0.015705205154149544,0.9397064710642757,0.0050309223403038495,0.01812936541242983,0.01181929500485474
244,2,2,0.9678361945098654,0.00363043739598139,0.9678361945098654,0.0026730928373206895,0.0012634458088227225,0.0037241576723087253,0.020872671775701172
246,3,3,0.9501969520503244,0.004456262290752422,0.01237105441121046,0.9501969520503244,0.0038426206190471457,0.02322767342487202,0.005905437203793587
248,4,4,0.7830112928886638,0.04687040522436603,0.045262325935932116,0.01684955977307213,0.7830112928886638,0.040656054192148745,0.06735036198581719
249,3,3,0.9220310180056165,0.0046291581183520916,0.012461037307685014,0.9220310180056165,0.0042459445776101825,0.05184557773538793,0.004787264255348344
250,3,3,0.9385274723381701,0.010457802853085743,0.01783540448903373,0.9385274723381701,0.005334259288680177,0.013914982943579653,0.01393007808745059
251,1,1,0.5479723398956995,0.5479723398956995,0.12188557793060703,0.02706394603252361,0.02962189886064845,0.17708270371926796,0.09637353356125347
252,4,4,0.9542752289845942,0.00651395199969186,0.010183094767291768,0.005414831884967489,0.9542752289845942,0.011303538608747958,0.012309353754706818
253,2,2,0.8136933995824249,0.03742329585221349,0.8136933995824249,0.012872024164182276,0.009260248753229318,0.08014775159139531,0.04660328005655469
254,3,3,0.9325521173095651,0.01152689606986053,0.019463254674780585,0.9325521173095651,0.006231386636963301,0.014097678067923907,0.01612866724090654
258,3,3,0.9179283668432946,0.010318942479347832,0.011894276421514076,0.9179283668432946,0.0035884028221659153,0.03265780672317401,0.023612204710503612
259,3,3,0.9208988406963287,0.009193598742809164,0.014208870018666298,0.9208988406963287,0.005663045308081527,0.03840574910789736,0.011629896126217034
260,2,5,0.38916338665811545,0.0671182569002671,0.36950870887839415,0.04179947271241975,0.024279362859598533,0.38916338665811545,0.10813081199120489
261,6,6,0.6404641184677656,0.06269289960634881,0.12897980826794744,0.021711746837290245,0.014257984804534624,0.13189344201611328,0.6404641184677656
262,3,3,0.9508775068300735,0.006251707736294908,0.013010331928280426,0.9508775068300735,0.0047430146350750674,0.015925666889508173,0.009191771980767977
266,5,5,0.7242304736345015,0.06750736065037508,0.13188256915748162,0.019664995396167218,0.010712169771757617,0.7242304736345015,0.04600243138971684
267,1,1,0.9174038583888622,0.9174038583888622,0.024052166751528943,0.009754276016179727,0.004214499784817167,0.023169544082152802,0.02140565497645923
269,3,3,0.9281655031340537,0.012792497632138175,0.008541508353878298,0.9281655031340537,0.004316644177821404,0.0311853095564137,0.014998537145694718
270,4,4,0.9064176372354805,0.022724104209054623,0.015744849141985737,0.008221104438983646,0.9064176372354805,0.02495241511906135,0.021939889855434182
272,6,6,0.7361712733452773,0.03557295335984845,0.09679415388838915,0.023215101788280294,0.014384819571645184,0.09386169804655964,0.7361712733452773
273,3,6,0.2817581098187941,0.09746306848750626,0.20737042851357576,0.1744785673814717,0.025229523957437133,0.21370030184121502,0.2817581098187941
274,6,6,0.6758576288539669,0.06824346037999869,0.08943520857556449,0.027604047280238006,0.04046889600984646,0.0983907589003855,0.6758576288539669
275,4,4,0.9515694137396141,0.009447082405778599,0.009962454882275823,0.004719078771287545,0.9515694137396141,0.014316673401667809,0.00998529679937617
277,5,5,0.5461303498008409,0.08090897081551325,0.1567319968014812,0.04486191069129128,0.019140751278066106,0.5461303498008409,0.1522260206128073
278,6,6,0.6984890510213893,0.10800206633682977,0.06600715782861488,0.0299924327604545,0.013470160860488382,0.08403913119222317,0.6984890510213893
279,1,1,0.7110170416309308,0.7110170416309308,0.07562388005995008,0.028409061573088465,0.07030811324748845,0.06657674705378598,0.048065156434756354
282,1,1,0.6124354966203308,0.6124354966203308,0.10902033599402473,0.031723413370434654,0.018836882533947073,0.12304373376462317,0.10494013771663949
284,3,3,0.9235186035535063,0.009915653528413839,0.014160431705632883,0.9235186035535063,0.004726675394742555,0.03480208546979759,0.012876550347906896
285,3,3,0.9346211152058601,0.010431212362203348,0.016765152088566503,0.9346211152058601,0.005815510406303278,0.01904739876758882,0.0133196111694781
286,4,4,0.9793441403853852,0.003818233510119294,0.005064865757322759,0.002019441354133933,0.9793441403853852,0.004688728888462167,0.005064590104576654
287,5,5,0.49476961677683634,0.14243593448307973,0.11158495593615932,0.032153326665260745,0.017447083797395863,0.49476961677683634,0.20160908234126806
288,2,2,0.4822848055559707,0.13047484833746067,0.4822848055559707,0.03857174674468789,0.026906819268918386,0.2122974319994351,0.10946434809352737
289,4,4,0.9774416136618312,0.00635342381009553,0.0035258082964912665,0.0023992792381453093,0.9774416136618312,0.005433963810723235,0.004845911182713335
290,5,5,0.729328588600012,0.054701334583196454,0.12524969047969192,0.02645480184534115,0.014977088314548057,0.729328588600012,0.049288496177210483
291,2,2,0.5928902968249354,0.04262598233611835,0.5928902968249354,0.03718850242418743,0.013296209512460041,0.1605422848967015,0.1534567240055972
292,3,3,0.9301730717101065,0.015294780120304174,0.01159871429603584,0.9301730717101065,0.0031103405975170034,0.026930853224107328,0.012892240051929071
293,5,5,0.6904360506794769,0.06698217931582558,0.12142638472100233,0.023483150050887337,0.01622894155292682,0.6904360506794769,0.08144329367988098
294,2,2,0.7989234726435654,0.02490377368913493,0.7989234726435654,0.022873801015251362,0.02362026391010079,0.09265211696288517,0.03702657177906246
295,2,2,0.5644568573789055,0.049825639789090714,0.5644568573789055,0.022439022180828026,0.02120322268805909,0.2540211367277781,0.0880541212353386
299,2,2,0.8458889444954923,0.021519189931922606,0.8458889444954923,0.014294436963475664,0.010569143368830941,0.058833068839840366,0.04889521640043814
301,5,5,0.5894103242649102,0.09093433294593363,0.1100895797158065,0.031509653785243,0.02864569941800738,0.5894103242649102,0.14941040987009913
304,1,1,0.7077203305637045,0.7077203305637045,0.06753778546344316,0.02184322244530884,0.011887676833490613,0.13703581410264548,0.05397517059140735
305,1,1,0.7736961225123852,0.7736961225123852,0.05808366433606642,0.017573998150820457,0.013281255676788438,0.06244159016052115,0.07492336916341845
306,6,6,0.41468906652512255,0.043143723150668056,0.13198941470852235,0.03729464447068887,0.039256134121907836,0.33362701702309033,0.41468906652512255
307,6,6,0.8461236761634685,0.0262813902293725,0.03879120866397463,0.014472850254033595,0.010327249706883581,0.06400362498226712,0.8461236761634685
308,3,3,0.9280462068856135,0.01122522980639401,0.020538007247203623,0.9280462068856135,0.003955990835184422,0.014668606729610578,0.021565958495993912
309,5,5,0.5171021535708641,0.045464335088016256,0.09984580047710992,0.02071155363467471,0.04416876305121395,0.5171021535708641,0.272707394178121
310,1,1,0.7641847180427461,0.7641847180427461,0.0745853103814421,0.023131025070074904,0.012659870484121438,0.06565385507120136,0.05978522095041402
311,5,5,0.6260777528763646,0.10768448362324658,0.11860646590441677,0.0269673575448912,0.025352831309513067,0.6260777528763646,0.09531110874156792
312,2,2,0.9303188185065258,0.014095693332299472,0.9303188185065258,0.010490229324153869,0.004113989162457773,0.014381088247406726,0.026600181427156575
313,4,4,0.9407407986520049,0.011701678026557806,0.010764524952461095,0.005679972187778694,0.9407407986520049,0.012810038609114859,0.018302987572082603
314,6,6,0.6690714138344923,0.15247423156027387,0.08305443591780957,0.015262335365690825,0.014559398142498896,0.06557818517923458,0.6690714138344923
315,6,6,0.8059083362552014,0.023176854214206316,0.07877691080207407,0.01567383272718526,0.010230714168314675,0.06623335183301828,0.8059083362552014
317,5,5,0.6899739759604873,0.0460265755426545,0.09497738444768945,0.04431810446264356,0.015753705559918077,0.6899739759604873,0.10895025402660714
320,3,3,0.9298067476795863,0.005902227147146743,0.013129318100961351,0.9298067476795863,0.002655089820453235,0.04033172860037496,0.008174888651477467
321,2,2,0.7341501727446941,0.05785895315721192,0.7341501727446941,0.027133818272916173,0.015710118112075497,0.09340865157452415,0.0717382861385783
322,2,2,0.4789221058765669,0.050930821967963356,0.4789221058765669,0.02618950097351964,0.018820355277237934,0.2846224447384217,0.14051477116629038
323,2,2,0.7014411011528504,0.06197040920806053,0.7014411011528504,0.016283285253219024,0.011936441640287943,0.10524297101622286,0.10312579172935937
327,2,2,0.6647184004035033,0.05020820680117873,0.6647184004035033,0.02861891727059558,0.018679855519201802,0.14234599882662993,0.0954286211788906
328,3,3,0.927742712962318,0.01250909840358846,0.017994738433600593,0.927742712962318,0.005446799538310076,0.019910947855598587,0.016395702806584304
329,2,2,0.9497119694524192,0.007315202019114835,0.9497119694524192,0.007395482100583842,0.0033176811830987057,0.01261246369645158,0.01964720154833189
330,3,3,0.9251271366272585,0.005974886990374323,0.01459284272880686,0.9251271366272585,0.004064295576771916,0.04354482135134858,0.006696016725439773
332,1,1,0.8072700944515695,0.8072700944515695,0.04676208665153668,0.024583443559818178,0.018196560135261823,0.04483502713573301,0.058352788066080824
333,1,1,0.7877331080817535,0.7877331080817535,0.0553041773977723,0.019048104514073964,0.0212254426987491,0.06953134561867072,0.04715782168898052
334,2,2,0.5941669857692718,0.18176359067193437,0.5941669857692718,0.02743745346695522,0.01680755373969397,0.09680168548879747,0.08302273086334715
336,4,4,0.9723962912122599,0.008737584210454763,0.005203360280581886,0.0022217832547600236,0.9723962912122599,0.007425184600987073,0.004015796440956476
337,5,5,0.6159215850862199,0.04704821694482965,0.21015710524394537,0.02843424360645628,0.016443670038707083,0.6159215850862199,0.0819951790798418
338,3,3,0.9240126804833589,0.012575374922324334,0.01582868667300885,0.9240126804833589,0.0038842742796935496,0.012288164204121238,0.03141081943749317
339,4,4,0.9579781745283225,0.008488225890244061,0.007178890671725326,0.003945953330758903,0.9579781745283225,0.008980854292818849,0.013427901286130438
340,2,2,0.5256077613896648,0.09825655527409281,0.5256077613896648,0.040119646526536115,0.022394083940187413,0.18754321031760396,0.126078742551915
341,1,1,0.9293938436116338,0.9293938436116338,0.02399081714507942,0.009085376680629836,0.004769006365262014,0.01919019769113498,0.013570758506259953
342,4,4,0.8705443793172603,0.023507607632337803,0.027071625095914622,0.01708113018178937,0.8705443793172603,0.03129587639234697,0.030499381380351027
343,3,3,0.9241476108862218,0.011141034570038469,0.024694501606591823,0.9241476108862218,0.008364890429399974,0.01522570059933223,0.01642626190841589
344,1,1,0.9227139599760978,0.9227139599760978,0.018750007738887634,0.008548366421232446,0.016248289361261846,0.016680059879181676,0.01705931662333856
345,2,2,0.8170879788501628,0.04985627525964676,0.8170879788501628,0.016123931143834536,0.013338861096882216,0.05266544359373982,0.050927510055733705
346,6,6,0.595270672098658,0.05776194051585543,0.13646962500071985,0.04813218455857992,0.021961025898974116,0.1404045519272126,0.595270672098658
348,3,3,0.93467687894806,0.009762329074284131,0.021005947258489113,0.93467687894806,0.0070081736968642125,0.013474044493258888,0.014072626529043798
349,4,4,0.9033792785397328,0.028323085890640746,0.018122239412189496,0.007664281861396289,0.9033792785397328,0.02422319728259921,0.018287917013441443
351,4,4,0.951548097704447,0.009934433628241706,0.012256191950092643,0.003531073463825055,0.951548097704447,0.011598375741597914,0.011131827511795603
352,3,3,0.9205098095349475,0.008691454880669735,0.010270702838102662,0.9205098095349475,0.004673050338393065,0.04670238780863483,0.009152594599252016
353,2,2,0.38120693129791966,0.06653246318599024,0.38120693129791966,0.03159775896108552,0.024079912955637287,0.3319433803890856,0.1646395532102817
355,2,2,0.8778042024290177,0.015077168007925409,0.8778042024290177,0.008345797502101147,0.011991797454842194,0.044155653803110845,0.0426253808030025
356,5,5,0.90641243627332,0.01950914984721239,0.03318315670211452,0.010728198722945136,0.009411933625649238,0.90641243627332,0.02075512482875876
357,5,5,0.6667957396025487,0.08396688463648039,0.11011099985992567,0.026058867098657085,0.02072027259475187,0.6667957396025487,0.09234723620763627
358,3,3,0.9349984387190262,0.010099206460848066,0.014335159438678207,0.9349984387190262,0.004598568823288393,0.023192700386188703,0.012775926171970401
360,5,5,0.619996790221104,0.039186953326174286,0.13839707675674323,0.034205234205146824,0.01743224316983618,0.619996790221104,0.15078170232099555
361,3,3,0.9261220501634757,0.008001596224461503,0.014109157337834204,0.9261220501634757,0.004816644812322219,0.035594800142672293,0.011355751319233866
362,6,6,0.5682702794950006,0.10053354202215435,0.06670563774865025,0.019436015672291952,0.013055484959705958,0.23199904010219682,0.5682702794950006
363,2,2,0.6361440726368244,0.032927019988494656,0.6361440726368244,0.04758345401897634,0.027062772471294905,0.16097854788435056,0.09530413300005913
364,2,2,0.7315994328301577,0.03655441576205586,0.7315994328301577,0.02327882909464762,0.011768834299464244,0.04981253255473471,0.14698595545893972
366,4,4,0.8952014057578728,0.020549740514805265,0.026812254932614923,0.012271903224515171,0.8952014057578728,0.02747651760879395,0.01768817796139784
369,4,4,0.9637491297050048,0.008616762968527081,0.006619652220076984,0.0053233818308294385,0.9637491297050048,0.007792022051802017,0.007899051223759591
373,4,4,0.981199824513383,0.004306527218951818,0.0037756000832779163,0.0017437393298512008,0.981199824513383,0.005493211542878271,0.003481097311657847
374,3,3,0.9230442166316457,0.01273049146375431,0.01607115260554563,0.9230442166316457,0.0039273775629613305,0.012343900812802405,0.031882860923290596
376,2,2,0.4525752429882914,0.025339858424624474,0.4525752429882914,0.051481037762285554,0.012033731738212011,0.43081092408029253,0.02775920500629417
377,6,6,0.7733363897710243,0.04243524356754936,0.05423862693325722,0.023327744137917036,0.014045081421313246,0.09261691416893887,0.7733363897710243
378,1,1,0.7478269723123758,0.7478269723123758,0.07746581155957917,0.024059032402157184,0.019542052768027368,0.07271103450596426,0.05839509645189622
380,3,3,0.937587996445165,0.010135613458192328,0.011481265345377308,0.937587996445165,0.0032453599221040357,0.017511166800047932,0.020038598029113418
381,3,3,0.9223162117482648,0.021207690372585936,0.020527199455583702,0.9223162117482648,0.008158420431865213,0.013301692806593738,0.01448878518510661
382,2,2,0.9540923615758465,0.011033568978033799,0.9540923615758465,0.006151911837198101,0.003726069925584612,0.012749047983393397,0.01224703969994353
383,2,2,0.8980960764640468,0.014935501439449179,0.8980960764640468,0.010741152041440747,0.016971620361602154,0.033001739304786414,0.0262539103886747
384,4,4,0.9649420564320864,0.005506745281647714,0.008116821678737523,0.004208971207214362,0.9649420564320864,0.010554709181318594,0.006670696218995429
385,2,2,0.7062456805767444,0.06478130976667251,0.7062456805767444,0.021043011406867217,0.01578830588670336,0.12057034713643504,0.07157134522657749
386,1,1,0.8459523956438284,0.8459523956438284,0.04518708049028731,0.014098873583366207,0.008420018200687539,0.048309233941196475,0.0380323981406341
387,4,4,0.9723338032773624,0.005598406008360206,0.0045991071202854325,0.002595933115629157,0.9723338032773624,0.00889759859651006,0.00597515188185278
388,4,4,0.9799751330499799,0.005915057756438203,0.003670680678084672,0.002064117758834835,0.9799751330499799,0.004410280405831379,0.003964730350831164
390,3,3,0.9355668677105252,0.01088878060906915,0.016110726005085625,0.9355668677105252,0.004839064137280959,0.01770879320879361,0.014885768329245486
391,2,2,0.7529738045155125,0.08277289843816764,0.7529738045155125,0.018706995301031037,0.009325531133569242,0.07679384324562605,0.059426927366093354
392,5,5,0.5950236158202046,0.11409147668495508,0.12058822465511618,0.03823623579770402,0.01601866985118513,0.5950236158202046,0.11604177719083497
393,4,4,0.9369110497368726,0.011778892934140214,0.01620984790947653,0.006782902973488984,0.9369110497368726,0.01576120508595674,0.012556101360065089
394,5,5,0.4982793634113699,0.0697806695500632,0.2035244299993296,0.048356418829159156,0.013001766598574861,0.4982793634113699,0.16705735161150326
396,5,5,0.6585428090822273,0.06006486314107337,0.130022606606561,0.02581651528520247,0.024517073190343734,0.6585428090822273,0.10103613269459218
397,6,6,0.5734135982698083,0.0861691853573615,0.1698552813326342,0.020863608340607565,0.015193053013180682,0.13450527368640777,0.5734135982698083
398,5,5,0.6135892063438941,0.06562310837882006,0.17357656119472828,0.03420408120867447,0.012567077085353545,0.6135892063438941,0.10043996578852948
402,4,4,0.9413877362945077,0.011401212707524566,0.014516851195897863,0.006051017420856099,0.9413877362945077,0.015298258957952992,0.011344923423260843
403,4,4,0.9466026248057207,0.007541292617158387,0.010401663976715816,0.005770656893835503,0.9466026248057207,0.013627095105202894,0.016056666601366766
404,1,1,0.6757655388346305,0.6757655388346305,0.08372974942101903,0.02651797620998684,0.011586257616814854,0.0902942354442071,0.11210624247334167
405,4,4,0.8793878252938031,0.022029413630569667,0.025925401385750012,0.007078068749173339,0.8793878252938031,0.033185630747542605,0.032393660193161415
406,6,6,0.7942583594278461,0.026360651865824727,0.06417466866646203,0.03051844393588524,0.010625709398485896,0.07406216670549601,0.7942583594278461
407,5,5,0.6043304779312255,0.054404241596398055,0.17134274537919855,0.03203554336217886,0.02294825646697142,0.6043304779312255,0.11493873526402765
408,1,1,0.6597200463073633,0.6597200463073633,0.06162803666674388,0.02815307411373954,0.012390911717010317,0.1400622761216793,0.09804565507346377
409,1,1,0.7901924386312814,0.7901924386312814,0.05783962182449195,0.01975675310081013,0.00946013438383145,0.057513741294786265,0.06523731076479887
412,4,4,0.9480280893491946,0.00984693853944682,0.011366538427794153,0.006385443258649531,0.9480280893491946,0.014128873734207863,0.010244116690707013
413,3,3,0.9346211152058601,0.010431212362203348,0.016765152088566503,0.9346211152058601,0.005815510406303278,0.01904739876758882,0.0133196111694781
414,5,5,0.714698173140213,0.047454513287801495,0.10728702053010165,0.025541694070586207,0.01684313123053211,0.714698173140213,0.08817546774076554
415,3,3,0.9303893796813004,0.016875632201113783,0.013360287105347314,0.9303893796813004,0.004960161994020071,0.013150598032036621,0.02126394098618176
417,1,1,0.8913516990173851,0.8913516990173851,0.035197200657802484,0.009668147307861622,0.004730989586307117,0.02842815353734393,0.030623809893299762
418,1,1,0.6936437345966588,0.6936437345966588,0.0650683087812859,0.03498186995407002,0.04611187746383967,0.08129616289478812,0.0788980463093574
420,1,1,0.7029829784246462,0.7029829784246462,0.0850924161597259,0.03129149093571178,0.01496979216759768,0.08979716518613243,0.07586615712618605
421,2,2,0.7956945793451563,0.03391301010552339,0.7956945793451563,0.018447566124561457,0.011558068772793906,0.08381575959731985,0.05657101605464517
422,6,6,0.5206994415657595,0.03974078950501681,0.31738437351648,0.03340878644040947,0.016410348428143262,0.07235626054419099,0.5206994415657595
423,2,2,0.8017941773137242,0.035478220724792606,0.8017941773137242,0.016016740954125988,0.009530040826953046,0.030500745706985917,0.10668007447341837
424,5,5,0.5734743226444105,0.04867945174133246,0.14661477279742186,0.038773386425128585,0.025962394072645088,0.5734743226444105,0.1664956723190616
425,1,1,0.9035653879772472,0.9035653879772472,0.028502904982411606,0.009121884632871835,0.004469776921632522,0.025132014108895793,0.02920803137694108
426,1,1,0.6180323800114684,0.6180323800114684,0.09731022080987813,0.03247644952817265,0.01790479462163782,0.11850642365087281,0.11576973137797023
427,4,4,0.9726024860880421,0.008939281110450425,0.004546362981097121,0.002938369043939744,0.9726024860880421,0.005513889618802839,0.005459611157667808
429,1,1,0.5151960285888527,0.5151960285888527,0.12235303765517161,0.04004024447101659,0.022375976519908598,0.11826220915074769,0.18177250361430275
430,5,5,0.49970837301647114,0.07446617270082713,0.1654925840623068,0.03987981420902165,0.03035344473367571,0.49970837301647114,0.19009961127769753
431,1,1,0.8758192331210395,0.8758192331210395,0.033759236415507564,0.010924232839360644,0.00962498245933743,0.03529929895036662,0.034573016214388345
432,4,4,0.9455433143533373,0.010000220836797595,0.01215753806324048,0.0034631574081654785,0.9455433143533373,0.013806096407182078,0.015029672931277145
433,3,3,0.9213296446499027,0.02132110459337003,0.02055804960943155,0.9213296446499027,0.008241535986203934,0.013524521222869007,0.015025143938222909
434,2,2,0.5161292044645188,0.0377473300356126,0.5161292044645188,0.020076848780120202,0.013817378786271189,0.3287078361654695,0.08352140176800762
436,3,3,0.9399434059874746,0.00897722168693383,0.015544959365072648,0.9399434059874746,0.0031874770085352448,0.017212656963541004,0.015134278988442676
437,6,6,0.6966864736971473,0.03057830872926818,0.12169573962559652,0.017553615061093673,0.03509124495541105,0.09839461793148331,0.6966864736971473
438,2,2,0.6026007786540027,0.05115087960150319,0.6026007786540027,0.06252938682940043,0.02026671795889791,0.10200185915057196,0.16145037780562388
439,5,5,0.8613686218698762,0.024591450707783277,0.059478613034445876,0.01060635470741465,0.010165659848451561,0.8613686218698762,0.033789299832028316
440,5,5,0.6491912638319126,0.07263561472668291,0.1452550826568992,0.02646735297613283,0.04049174146733922,0.6491912638319126,0.06595894434103321
441,5,5,0.7748024907526817,0.05287525788333005,0.05270976933803555,0.027831820349336307,0.033092124088496676,0.7748024907526817,0.05868853758811975
442,5,5,0.7669513363254991,0.03331813464900927,0.08440883074719001,0.024740865742214967,0.011346593584772177,0.7669513363254991,0.07923423895131455
444,4,4,0.9751348585077457,0.004312282371632111,0.006036750300581327,0.003007717536244482,0.9751348585077457,0.006760042581758289,0.004748348702038049
445,1,1,0.5815800164843089,0.5815800164843089,0.11273338760195117,0.02946301317265056,0.01403348377031394,0.11534786348230971,0.14684223548846562
446,1,1,0.871518974031784,0.871518974031784,0.04386865646213785,0.01211476965444877,0.008770015578065435,0.03850400759655599,0.025223576677007812
447,6,6,0.6388624860284728,0.05584796945426895,0.1187770269175722,0.03386130101570282,0.02014872512263079,0.1325024914613524,0.6388624860284728
451,3,3,0.9287672829420053,0.011049824344780152,0.02012010450084941,0.9287672829420053,0.0038385735890232846,0.014078391488156917,0.022145823135184976
453,1,1,0.7017537668237838,0.7017537668237838,0.06793808113233218,0.025345597983397253,0.016593363322127973,0.0873151132104796,0.10105407752787919
456,1,1,0.551443626901633,0.551443626901633,0.1465333497695792,0.03313847762236394,0.019084550477960517,0.1403221668007076,0.10947782842775587
457,6,6,0.878387977607859,0.02201786468339283,0.03196686133596361,0.01967234188909189,0.006070053892584628,0.04188490059110807,0.878387977607859
458,4,4,0.8802293344214736,0.0292358076705526,0.030183674666932305,0.008863960139340947,0.8802293344214736,0.03210613889732207,0.01938108420437861
459,3,3,0.9479625603062115,0.006522466964004862,0.013920481619875004,0.9479625603062115,0.005235428076002075,0.01738345746891161,0.008975605564995092
461,3,3,0.9506334849521761,0.00933131520821024,0.007101058786392492,0.9506334849521761,0.003286696440390904,0.018691534558289216,0.010955910054540963
462,5,5,0.7564928015606133,0.029915690783132113,0.11015405007538889,0.04533667933444383,0.013070334664865152,0.7564928015606133,0.045030443581556834
463,3,3,0.9241219511675371,0.008395220199133042,0.014921744441837676,0.9241219511675371,0.004861301869525969,0.03625560508365628,0.011444177238309993
466,1,1,0.942842515814533,0.942842515814533,0.012301544079098115,0.006398081170510054,0.007559631862500584,0.013273955444923215,0.017624271628434777
467,5,5,0.9368475428030205,0.010386847150442106,0.024055478976281398,0.012944743587932194,0.004167704094622045,0.9368475428030205,0.011597683387701748
469,1,1,0.8755830648294238,0.8755830648294238,0.031470126556084506,0.012535781831710453,0.013356750481300899,0.04111750509645506,0.025936771205025234
470,1,1,0.8246994205008648,0.8246994205008648,0.05819814937099401,0.011124537650340745,0.007577949088828586,0.06756409329815227,0.030835850090819655
471,1,1,0.8883818184586255,0.8883818184586255,0.027108716744195405,0.009449678693322527,0.007305173836260504,0.03147488929936438,0.036279722968231454
472,1,1,0.6737051832362667,0.6737051832362667,0.1125017042996961,0.02176692351042182,0.015344232992689609,0.07556761119213054,0.10111434476879526
473,3,3,0.9333187013811551,0.009180679846645994,0.019244816766782972,0.9333187013811551,0.004568776864255566,0.014220821295484172,0.01946620384567608
474,3,3,0.9058737177610358,0.012700450973909285,0.027888787366479456,0.9058737177610358,0.0062791484402172975,0.018219349464979172,0.029038545993379065
476,5,5,0.7086644820319841,0.051535265435387174,0.11238921992985236,0.031163818537380424,0.01657672936612789,0.7086644820319841,0.07967048469926813
479,1,1,0.8260813371527191,0.8260813371527191,0.04298880878903479,0.020103862983273726,0.013002052609138838,0.043399265553299,0.05442467291253456
480,4,4,0.9519359317562549,0.009923598094367386,0.01132430431035055,0.005378049620382862,0.9519359317562549,0.012053637771486648,0.00938447844715774
482,6,6,0.5133771255585666,0.0951411565109404,0.26789711557139,0.027046021523569608,0.013954733698535388,0.08258384713699797,0.5133771255585666
483,6,6,0.7067916770726537,0.1101745359819742,0.05747310821245067,0.025995983473738125,0.012956850838936062,0.08660784442024722,0.7067916770726537
484,2,2,0.6425531186609758,0.06337292846679356,0.6425531186609758,0.04027944933587223,0.016945890688622532,0.12140000554441505,0.11544860730332093
485,4,4,0.7901871543778561,0.033578784842962124,0.05781052568978461,0.020160137297271664,0.7901871543778561,0.05471042901521808,0.043552968776907404
486,2,2,0.6221380197964024,0.08388935105828295,0.6221380197964024,0.03993964067990938,0.018114143211636704,0.0996620373500757,0.13625680790369285
487,3,2,0.3083161745266142,0.07492627143854665,0.3083161745266142,0.2337241699801343,0.022971647806931512,0.1103425831225208,0.2497191531252527
488,3,3,0.9303991822716694,0.02144627194757096,0.017407484026134505,0.9303991822716694,0.006464038925538038,0.011841571140733106,0.012441451688354019
489,1,1,0.7195296547519923,0.7195296547519923,0.08284650870021588,0.019867567683633413,0.018991833540166727,0.0976774737737423,0.061086961550249404
490,4,4,0.9737669200018271,0.006786855682533398,0.0051478754576096296,0.002362808979181506,0.9737669200018271,0.0062852959802902056,0.005650243898558293
491,5,5,0.7688606133841142,0.02707943386838428,0.08516438125161523,0.03538183656275889,0.01913245372844055,0.7688606133841142,0.06438128120468689
492,3,3,0.9328400709673871,0.006928222220620213,0.011338778916747217,0.9328400709673871,0.0027824905337990257,0.034255121635401044,0.011855315726045553
493,1,1,0.796350481337707,0.796350481337707,0.06267191137146369,0.02035251450422176,0.008241941033155955,0.05875478782206379,0.05362836393138778
494,2,2,0.6457338027404196,0.0550509711596842,0.6457338027404196,0.03985079592446767,0.027146324849562507,0.12645844104335102,0.10575966428251508
495,3,6,0.28455401797465746,0.1234408364170801,0.13805423782694373,0.2497550749757159,0.022178023988797646,0.18201780881680513,0.28455401797465746
497,4,4,0.9122639243817123,0.014485426537807862,0.020658292303182304,0.004985775829531728,0.9122639243817123,0.02270991773233924,0.024896663215426645
500,6,6,0.8126660064923026,0.01853230679710268,0.06698233700631663,0.023412586107285645,0.00947049623895625,0.06893626735803633,0.8126660064923026
501,5,5,0.6715526275031716,0.0640901547871722,0.15142170943227357,0.029587798859151446,0.019602276155966512,0.6715526275031716,0.06374543326226477
502,4,4,0.8558632006733176,0.031167479292180278,0.03597081384513443,0.015799705388173133,0.8558632006733176,0.03343175556764269,0.027767045233551883
505,4,4,0.8138206978667147,0.04083662265287212,0.04726927231383037,0.01354026658343665,0.8138206978667147,0.05494257053115626,0.029590570051989788
508,5,5,0.9327482235387753,0.01304717157010528,0.021268877754808218,0.010720722717736306,0.005661888882354759,0.9327482235387753,0.01655311553622027
511,5,5,0.5884216832438479,0.0931508000628078,0.09652479286120726,0.023526423514747822,0.01621331860042023,0.5884216832438479,0.18216298171696896
512,5,5,0.7501477027807175,0.0301272575288327,0.121644369377278,0.016511366486709693,0.012259152792979835,0.7501477027807175,0.06931015103348208
513,3,3,0.9402285555586462,0.007985652389290946,0.01836762099074404,0.9402285555586462,0.006511375701444707,0.014601174567591118,0.012305620792283029
514,4,4,0.9838293993408168,0.003948305022180964,0.0027607340506312318,0.0012129086859860275,0.9838293993408168,0.0041776742111002884,0.0040709786892847676
515,5,5,0.6157902239862051,0.04814508248526278,0.14168457419022518,0.03512038078556695,0.06150028310533189,0.6157902239862051,0.09775945544740804
517,1,1,0.8081025083131127,0.8081025083131127,0.040875548445689185,0.022312798162769314,0.008151112942771618,0.04660967931191021,0.07394835282374701
518,5,5,0.8530311306326877,0.01572797414744244,0.05691374891748169,0.009521414596708145,0.009872590084362826,0.8530311306326877,0.0549331416213173
519,4,4,0.9344396490188819,0.01066511393841323,0.017848986444839652,0.007090340634589835,0.9344396490188819,0.018653971019901478,0.011301938943373998
521,1,1,0.8047650642244092,0.8047650642244092,0.036277878146226634,0.015941257215340145,0.0075064661688599415,0.0557567666691321,0.07975256757603205
522,3,3,0.9442383545632523,0.014896844715130466,0.01288047432376634,0.9442383545632523,0.0036885383261639005,0.010040366323804707,0.01425542174788231
523,4,4,0.9762444383399719,0.004310240721465263,0.005666815846575934,0.002624902888778156,0.9762444383399719,0.006131937054269372,0.005021665148939391
524,4,4,0.9680865725903496,0.005969378813678693,0.008140085010729166,0.0021011053588429808,0.9680865725903496,0.007591657430163973,0.008111200796235606
525,1,1,0.8007107426425487,0.8007107426425487,0.06738426394605909,0.0139903835666695,0.017190931505970154,0.0550283061744119,0.04569537216434064
526,6,6,0.5324724208167109,0.04833753320021538,0.20599589227100112,0.019850934620773218,0.0185134194889394,0.17482979960236003,0.5324724208167109
527,6,6,0.8662544164247752,0.02972122980328916,0.04864045826267204,0.013562320709611405,0.006642085982657567,0.03517948881699459,0.8662544164247752
529,2,2,0.773923899687515,0.02342997019706853,0.773923899687515,0.11407500587127813,0.01657212125259103,0.03684714509145052,0.03515185790009692
535,2,2,0.6804300055440181,0.09463048965608548,0.6804300055440181,0.018347332492958883,0.011458849034441465,0.13811862102389114,0.05701470224860502
537,4,4,0.8476964647520224,0.03001950298817595,0.028882075176148693,0.017355575591503716,0.8476964647520224,0.037611030122099216,0.03843535137005005
539,3,3,0.9281176969190585,0.0105723193901302,0.023942551833064894,0.9281176969190585,0.0070938171160175745,0.0156167275481193,0.014656887193609587
540,5,5,0.6925042932401211,0.03312056286305227,0.09833280652417259,0.03737691227548257,0.029791847211591165,0.6925042932401211,0.10887357788558033
541,1,1,0.6074680869979063,0.6074680869979063,0.07724829917524212,0.040013238462783964,0.09509726484513321,0.09279306004089549,0.08738005047803887
543,2,2,0.7822708125832916,0.03013832433786457,0.7822708125832916,0.012368017583818447,0.01613506522496269,0.12214883361107749,0.03693894665898527
544,4,4,0.9095439261569755,0.018135941141299083,0.01927451363676692,0.006954894104893757,0.9095439261569755,0.02733888247780731,0.01875184248225744
545,3,3,0.9337482219842903,0.011182632276632647,0.014755148151378274,0.9337482219842903,0.0035032720522561608,0.012066571857544202,0.02474415367789841
546,4,4,0.97895416416536,0.006993324445708736,0.0038595000566927816,0.0015669832516770614,0.97895416416536,0.004590786895492794,0.004035241185068705
548,1,1,0.8105437500951318,0.8105437500951318,0.05242865832715476,0.01821547847900839,0.020998311574279258,0.05132149727970902,0.04649230424471693
549,2,2,0.6855664853194732,0.04645336712427074,0.6855664853194732,0.034893907876108805,0.015236038836476009,0.04811848230900912,0.16973171853466218
550,4,4,0.9558405206082473,0.008616247439225715,0.009543492326645956,0.004421197625620202,0.9558405206082473,0.011598791159954682,0.009979750840306148
551,3,3,0.9027987228298162,0.02915544110622781,0.02518941096348311,0.9027987228298162,0.008662013401186065,0.01718384432590385,0.017010567373382877
552,3,2,0.34182547367044397,0.2122632960275447,0.34182547367044397,0.12677572205484547,0.03261060900892246,0.10860124923763248,0.177923650000611
554,5,5,0.7130546415979555,0.04318758124507004,0.14089993530336084,0.01911759128387049,0.01568393744845723,0.7130546415979555,0.06805631312128602
555,6,6,0.7026649037151479,0.09226062351090031,0.06939185372500653,0.020152122483619635,0.016303525691852384,0.09922697087347328,0.7026649037151479
556,6,6,0.858172987260564,0.03366966955918442,0.037242660295309524,0.019863463609665285,0.009583742172987172,0.04146747710228955,0.858172987260564
557,5,5,0.7464892703324608,0.04011424073917848,0.09202910237296259,0.03678766111428338,0.018630896348147363,0.7464892703324608,0.06594882909296734
560,3,3,0.9256415312009044,0.013556433332545753,0.020387764998619627,0.9256415312009044,0.005771844651505882,0.014581559307880262,0.020060866508544006
561,5,5,0.521220247922205,0.1764126269142543,0.1522952943959557,0.03298400705131723,0.01871078950397414,0.521220247922205,0.09837703421229363
562,2,2,0.8093903836476005,0.03805103224261444,0.8093903836476005,0.015803855598453816,0.007633725142781452,0.0726567560702229,0.056464247298326865
563,4,4,0.4454239039653708,0.09347860081590816,0.1378527661857101,0.041701963798546356,0.4454239039653708,0.2038882566018033,0.07765450863266135
564,2,2,0.5591074118471228,0.10619147102916374,0.5591074118471228,0.028315860157476832,0.017579015877945716,0.170863513778301,0.11794272730998998
565,1,1,0.8305918259546725,0.8305918259546725,0.04184544952912997,0.01450692116224199,0.008576139485582546,0.056629854601357346,0.04784980926701566
566,6,6,0.5927243524539866,0.08075832076273128,0.15420369250046856,0.02873846893524444,0.02752857677781165,0.1160465885697576,0.5927243524539866
567,4,4,0.9169961381585314,0.015499889572437338,0.01764875576537543,0.014566296791267612,0.9169961381585314,0.021007872246957108,0.014281047465431107
568,6,6,0.7449181919957691,0.04247118234105171,0.09511671130842003,0.032796753103440705,0.011539156810184106,0.07315800444113431,0.7449181919957691
569,1,1,0.7705749434680313,0.7705749434680313,0.0652384679099104,0.020565427000503282,0.017089979630793322,0.06447904035647456,0.06205214163428724
570,2,2,0.805390901465054,0.031507967492662006,0.805390901465054,0.018530940086630882,0.01688313372198415,0.07239181126047389,0.055295245973195
573,6,6,0.7180323427170499,0.05215451044682375,0.09665761438988478,0.030125188186869795,0.014895035096641585,0.08813530916273024,0.7180323427170499
574,4,4,0.9758027880028883,0.0068043751418654895,0.0042535339495804025,0.0021864398250655793,0.9758027880028883,0.00622605222976558,0.004726810850834585
575,2,2,0.8697950127376955,0.015885514144963756,0.8697950127376955,0.01270101436631349,0.010723243952729208,0.023138650250262575,0.06775656454803557
576,3,3,0.9206562517908387,0.00926725101211313,0.024132585806468643,0.9206562517908387,0.01085182938981566,0.01687671763611123,0.018215364364652657
577,6,6,0.8893350265061911,0.034873802756098644,0.021901246349761056,0.010707759449607565,0.003940914979144044,0.03924124995919756,0.8893350265061911
578,5,5,0.6643322117040709,0.06067494961976253,0.12307814728009316,0.03357553638084844,0.02060692166229782,0.6643322117040709,0.09773223335292724
580,4,4,0.9427002130778461,0.009394471449785861,0.013359548282958645,0.005558911980812933,0.9427002130778461,0.013635407474541596,0.015351447734054825
581,1,1,0.6547593716257019,0.6547593716257019,0.10040946250187047,0.029331963066052954,0.01804056002538203,0.10780975469666584,0.08964888808432686
582,4,4,0.9154372548602773,0.013664263688894854,0.019333795743044405,0.005283028831343212,0.9154372548602773,0.023396072258482697,0.022885584617957543
583,6,6,0.6573391285907972,0.05421283380352472,0.15188806214164097,0.030787275237633218,0.017538216562539198,0.08823448366386466,0.6573391285907972
585,3,3,0.9205307629513404,0.011638684639785627,0.013494814060567224,0.9205307629513404,0.005945907972033066,0.03560987988820019,0.012779950488073451
586,2,5,0.38244808807292086,0.042095358294566926,0.3360558845401024,0.04280361005955346,0.02064501532219758,0.38244808807292086,0.17595204371065878
587,4,4,0.9623449904442861,0.00635422985190674,0.009311717577336558,0.002298748403023023,0.9623449904442861,0.009733766118873615,0.009956547604573828
588,5,5,0.6258065761068092,0.04070617370808354,0.15520214133563945,0.01929379915523954,0.015150295688529658,0.6258065761068092,0.14384101400569857
589,4,4,0.9049477690156704,0.013533471725448817,0.02356876099449654,0.008298336084850118,0.9049477690156704,0.03267339668519115,0.016978265494342972
590,4,4,0.9802289363741388,0.0037858361876550767,0.004809061544392541,0.0021970263351537046,0.9802289363741388,0.0059263602540292545,0.0030527793046306647
591,4,4,0.36646757862492596,0.1924288289788061,0.1298159055094088,0.050756297735740474,0.36646757862492596,0.15492423636780947,0.10560715278330914
592,5,5,0.692222025383097,0.03871407230680981,0.0657935177449564,0.014918291089567472,0.015492660485909615,0.692222025383097,0.1728594329896597
593,2,2,0.6389653886832851,0.1410411609410246,0.6389653886832851,0.03649264686609671,0.02492296290037856,0.08387866481517939,0.07469917579403572
594,6,6,0.4807864360146059,0.07835142543902174,0.14157210087773894,0.06719744025411753,0.02984363996078258,0.2022489574537334,0.4807864360146059
598,5,5,0.7336799044925573,0.033189977433703666,0.12146071595877626,0.020622778577470337,0.012283390988438031,0.7336799044925573,0.0787632325490544
599,1,1,0.7060916961327038,0.7060916961327038,0.08401036873370092,0.019947360765390516,0.012710026173835409,0.11487900395857906,0.062361544235790184
600,2,2,0.9666276265044716,0.003981241569673878,0.9666276265044716,0.00288791723378652,0.003097279280868341,0.008300486380827626,0.015105449030372031
601,2,2,0.6694048406210416,0.05096370202151351,0.6694048406210416,0.026933822894915485,0.01417845882793368,0.10955884697152932,0.1289603286630665
602,3,3,0.9228517461667264,0.01693200392723943,0.012443390866672429,0.9228517461667264,0.005781928147460939,0.03357769191577683,0.008413238976124046
603,5,5,0.6901901541999529,0.048301312921626344,0.1339118590220185,0.039701890612702934,0.016901302120172865,0.6901901541999529,0.07099348112352644
604,3,3,0.9363299206372987,0.006138092308165601,0.01640534137638678,0.9363299206372987,0.0036104270810314973,0.025391079245349838,0.012125139351767627
605,6,6,0.6272912549828035,0.01992690041386449,0.31474745466520326,0.012265455698534855,0.008225218011999366,0.017543716227594628,0.6272912549828035
606,3,3,0.9135384385837864,0.017310926218909416,0.015251935112313974,0.9135384385837864,0.007522953903566625,0.03575925690745016,0.010616489273973408
607,3,3,0.9234220288366932,0.012509619298820124,0.01569463634525965,0.9234220288366932,0.0038840375668205843,0.012237181769128197,0.03225249618327822
608,2,2,0.7804542328894944,0.0602862510978021,0.7804542328894944,0.01972188119389648,0.008570556643388875,0.0641429067306549,0.06682417144476316
609,3,3,0.8820710430846365,0.004884271708767878,0.009712032509903904,0.8820710430846365,0.003661826298037853,0.09518788025414647,0.004482946144507407
611,6,6,0.8167856458425286,0.06992938036874792,0.03344529001820673,0.017352255893970336,0.005426379899902021,0.05706104797664442,0.8167856458425286
613,3,3,0.923847013672858,0.010894969869186845,0.01158616936611553,0.923847013672858,0.0026220453322967838,0.04401353516708499,0.0070362665924578625
619,5,5,0.8923440136920651,0.02010020906899308,0.046453107253729455,0.006858009158283108,0.004258513104707297,0.8923440136920651,0.02998614772222192
620,6,6,0.8957056647433689,0.03332354844817869,0.02377336859341635,0.014108873677780282,0.004080364678273271,0.029008179858982547,0.8957056647433689
621,3,3,0.9239356571097193,0.010071756716803533,0.01443056395620252,0.9239356571097193,0.004637548463835954,0.03435946966791678,0.012565004085521933
622,2,2,0.902441870425166,0.01275670048563565,0.902441870425166,0.00994839746700963,0.004109303971533609,0.04428929760791339,0.02645443004274153
623,6,6,0.6674332253470047,0.04768561173476858,0.13020223186632512,0.020828615117282925,0.01689042824219205,0.11695988769242666,0.6674332253470047
624,2,2,0.7827312474506092,0.01958177296134338,0.7827312474506092,0.01537659104033004,0.005514228667146379,0.10758988968355199,0.06920627019701908
625,5,5,0.5850042382607326,0.05962871319442791,0.17889658187364527,0.03633803657892937,0.06662969922477846,0.5850042382607326,0.07350273086748645
626,1,1,0.8681722137038466,0.8681722137038466,0.03357689885727815,0.013123308597184146,0.00801126094682466,0.03444468286470578,0.042671635030160526
628,5,5,0.7981788317050084,0.02139218886309049,0.07909379819924675,0.009887335683717503,0.007575402559851053,0.7981788317050084,0.08387244298908589
629,1,1,0.8082283115151484,0.8082283115151484,0.04743910634507431,0.014884774539193525,0.02303220487665367,0.05516847306436475,0.05124712965956524
630,1,1,0.798968421198347,0.798968421198347,0.06242757206524312,0.017692336587531318,0.015013009273957307,0.05573944501950817,0.05015921585541292
631,2,2,0.8060443535798718,0.031369297183232746,0.8060443535798718,0.010820187964727617,0.010336645302287142,0.09857209814208857,0.0428574178277921
632,4,4,0.9158579573774346,0.023933364601264412,0.013886351862311503,0.007088281871575011,0.9158579573774346,0.01868838137117342,0.020545662916241
633,4,4,0.9820153367996938,0.0033332037838684635,0.0032885755417790385,0.002369442569291946,0.9820153367996938,0.003977037414820765,0.0050164038905458576
634,2,5,0.3875258584223804,0.1531183716665743,0.3156538224833296,0.026742176735622118,0.017286240169508086,0.3875258584223804,0.09967353052258546
638,6,6,0.6386256926597293,0.030560353400374846,0.08260732545937359,0.027245471227806847,0.017573840975948076,0.20338731627676734,0.6386256926597293
640,4,4,0.9167533484106622,0.02659173516849673,0.0160419593200472,0.005531475124558394,0.9167533484106622,0.019923060535820134,0.015158421440415251
642,1,1,0.7961360986564037,0.7961360986564037,0.060598349369316344,0.025418786672081226,0.009490923618108446,0.05207487360847089,0.056280968075619255
643,2,2,0.6627269326377376,0.04972521464524148,0.6627269326377376,0.033653398657586236,0.018192227896286977,0.11357350937774473,0.12212871678540302
644,2,2,0.5975296721597848,0.046688395493273575,0.5975296721597848,0.04016077415667329,0.056320025697647214,0.1256825955503518,0.13361853694226936
645,4,4,0.9517273834979287,0.008796618894024123,0.010453183149712449,0.006930580933775567,0.9517273834979287,0.010862147476101786,0.011230086048457358
648,2,2,0.6726108946940268,0.016654729095905756,0.6726108946940268,0.017621644641010906,0.015308876200593123,0.10203403734516155,0.17576981802330202
649,1,1,0.6838007113837071,0.6838007113837071,0.05760918741783075,0.02233830964232832,0.09244473318656168,0.07112153595172904,0.07268552241784318
651,1,1,0.6282422766730724,0.6282422766730724,0.08522150556655411,0.035166574605364063,0.020600963889087626,0.09287720272239683,0.13789147654352496
652,5,5,0.7673569422011387,0.026881871670556876,0.11647201712627038,0.01898814081603355,0.010929005462925665,0.7673569422011387,0.05937202272307488
653,3,3,0.9228517461667264,0.01693200392723943,0.012443390866672429,0.9228517461667264,0.005781928147460939,0.03357769191577683,0.008413238976124046
654,5,5,0.7420368641747392,0.060927768762613875,0.10363916817063393,0.02569183154002752,0.01499499082897316,0.7420368641747392,0.05270937652301227
656,6,2,0.29318770281370043,0.11082001798010759,0.29318770281370043,0.038301359753518296,0.05417357304593613,0.23107581999176688,0.27244152641497066
657,2,2,0.5916234850747173,0.06773044841314613,0.5916234850747173,0.041264203051325846,0.01720976136310872,0.1400525217866011,0.14211958031110106
658,5,5,0.5402147399388029,0.015816723496400637,0.10239922115859922,0.014175990241435829,0.013037990853025674,0.5402147399388029,0.31435533431173573
660,5,5,0.6995123461667827,0.027887168419831947,0.16322955879679837,0.040286472801847543,0.019499896194654504,0.6995123461667827,0.04958455762008485
661,6,6,0.674223003329077,0.06186717848887811,0.10608045777982282,0.02325855233020562,0.013943317225030172,0.12062749084698621,0.674223003329077
663,4,4,0.9577726091327625,0.005728585948639738,0.007606760679876768,0.00522528698599979,0.9577726091327625,0.014433881914051622,0.009232875338669564
664,6,6,0.6510640854497317,0.05432715199287073,0.13291967377395492,0.0316195571381549,0.022179963442720756,0.107889568202567,0.6510640854497317
665,1,1,0.6624544084495102,0.6624544084495102,0.07631674738241313,0.025898199336079057,0.0313161991429008,0.11515670900529744,0.08885773668379937
666,5,5,0.6769215970125723,0.052222165403086,0.0799888672957683,0.027586872531024365,0.029180747193206825,0.6769215970125723,0.1340997505643422
667,1,1,0.8569472786665754,0.8569472786665754,0.04196510621785937,0.01317479497186751,0.008421053240746885,0.04040668351966936,0.039085083383281614
668,2,2,0.7131297625471976,0.029772860648970736,0.7131297625471976,0.01343488358399877,0.01196977535727027,0.16575610150693623,0.06593661635562634
669,1,1,0.9459716780932703,0.9459716780932703,0.011973669150600486,0.005931068730134189,0.0036769677008877733,0.012472759097960787,0.019973857227146532
670,4,4,0.953332792416716,0.007616448055999753,0.008084851464175454,0.005455242714533044,0.953332792416716,0.014722940680486418,0.010787724668089402
671,2,2,0.6286112770015836,0.030993099937667697,0.6286112770015836,0.019547841918474574,0.010095334265928194,0.0519359232357866,0.2588165236405593
672,6,6,0.745743861073269,0.1108651736027651,0.07483373747755682,0.024036833479827078,0.009940473787062523,0.0345799205795195,0.745743861073269
674,5,5,0.5679638644447873,0.12063333771681625,0.12966294948233517,0.02923615313026934,0.023237152563278317,0.5679638644447873,0.12926654266251372
675,2,2,0.5397786637640594,0.04063088829307344,0.5397786637640594,0.03284857702579462,0.026102603153880258,0.2506230725383142,0.11001619522487814
676,5,5,0.7771192964357714,0.056184469975383025,0.07824917740973203,0.013399361504004996,0.015195022522934967,0.7771192964357714,0.059852672152173644
677,6,6,0.8985847152502262,0.02493101195354168,0.02501614504594872,0.013685818959148634,0.006092584753279225,0.03168972403785553,0.8985847152502262
678,2,2,0.8224682077962894,0.02732328401575532,0.8224682077962894,0.010469746080896878,0.010854750206089604,0.051567310692413076,0.07731670120855573
679,4,4,0.9747800938440662,0.005685034652558105,0.0038143404044950506,0.003162233459329275,0.9747800938440662,0.005566579351095616,0.006991718288455816
681,4,4,0.9516913354584677,0.006996891098822556,0.011000801821355502,0.002727380806291913,0.9516913354584677,0.013320526235282288,0.014263064579780098
683,4,4,0.9637022190512674,0.005906367447347744,0.006492591270314999,0.004668025327569063,0.9637022190512674,0.010826547770333435,0.008404249133167393
684,3,3,0.9208988406963287,0.009193598742809164,0.014208870018666298,0.9208988406963287,0.005663045308081527,0.03840574910789736,0.011629896126217034
685,5,5,0.7197604313899574,0.038705622671560934,0.10627229786803806,0.04895916337993902,0.010428800550961298,0.7197604313899574,0.07587368413954336
687,4,4,0.9508893033803484,0.006998689467717791,0.013810462497752717,0.0034562972253218533,0.9508893033803484,0.016693605952097793,0.008151641476761553
689,6,6,0.9531304652985454,0.006026154010564944,0.016170312902065557,0.005782961566465559,0.00365498664824013,0.015235119574118383,0.9531304652985454
690,3,3,0.9383962245823564,0.010640098530516858,0.013016583016976536,0.9383962245823564,0.005108579501496022,0.021177347234423414,0.011661167134230767
691,1,1,0.624164958330948,0.624164958330948,0.12122446983145127,0.029954534383249364,0.020169893428135816,0.11299366413088241,0.09149247989533323
692,1,1,0.8523086306174802,0.8523086306174802,0.03493949368953648,0.014762648339819816,0.015258745911762212,0.03641817258951705,0.04631230885188422
693,4,4,0.9651286679199343,0.006924239786989394,0.008369290656328342,0.0034529811687766584,0.9651286679199343,0.008771979892804179,0.007352840575167051
694,2,2,0.6428198188203514,0.048515531441698616,0.6428198188203514,0.019559077660535617,0.015073079826296083,0.16003650932374106,0.11399598292737713
695,2,2,0.6921529672374616,0.021817094472960246,0.6921529672374616,0.03661493222266446,0.010882438221072202,0.15212393126977486,0.08640863657606682
696,2,2,0.7374417289274264,0.06390156796574252,0.7374417289274264,0.038725581048566764,0.020284339122603162,0.09378652603563435,0.04586025690002683
698,1,1,0.9412490415106329,0.9412490415106329,0.018360635521914206,0.006949503931139436,0.0042329338804282975,0.016133775765594924,0.013074109390290073
700,4,4,0.9435982715768604,0.011058672857883077,0.014204217861802966,0.008487535838829755,0.9435982715768604,0.014410001237257265,0.008241300627366586
702,6,6,0.9077721872232265,0.01428014485571504,0.044352607988417656,0.008691516800427805,0.004221893362407699,0.020681649769805292,0.9077721872232265
703,5,5,0.6938861591436327,0.03463381689864553,0.15823629561604763,0.02066409860085928,0.012629839842926609,0.6938861591436327,0.07994978989788822
704,3,3,0.9323481680322602,0.011470893418343134,0.019303898460865856,0.9323481680322602,0.006235828834117558,0.014046065011547652,0.016595146242865733
705,5,5,0.7900421246277364,0.02481223273501492,0.1123427182122905,0.01763045954992074,0.011295668809621419,0.7900421246277364,0.043876796065416
706,4,4,0.9783109882236232,0.004407148893518614,0.004798963537554332,0.001984558577281886,0.9783109882236232,0.00664383864660848,0.0038545021214136236
707,2,2,0.6441934186687572,0.07432588665310394,0.6441934186687572,0.024513844850556212,0.01594448957897261,0.1632418199701746,0.07778054027843549
708,4,4,0.9629765747168075,0.00656557338848596,0.009109155025483713,0.0032055351241682293,0.9629765747168075,0.010690127341691833,0.007453034403362785
711,4,4,0.8979696059811355,0.018051668208553386,0.025511467119318405,0.00966887172039766,0.8979696059811355,0.032700740787170085,0.016097646183424963
712,5,5,0.6679766547836955,0.028090173429003572,0.15810384522323997,0.022797457335054803,0.02128299132142138,0.6679766547836955,0.10174887790758479
713,2,2,0.6235421178667364,0.0894851152987272,0.6235421178667364,0.04052858464601043,0.031897396686026945,0.11346832563080023,0.10107845987169889
714,5,5,0.8898408821487497,0.009143865146018016,0.03736998455263728,0.01574766051349198,0.0047081600620007755,0.8898408821487497,0.043189447577102254
715,3,3,0.9320635312918624,0.0174738956422878,0.018293477866386083,0.9320635312918624,0.006664667988493315,0.01304372590704846,0.012460701303921988
716,5,5,0.6331306715226486,0.04576313433609102,0.1500775424633551,0.03087793917116443,0.028181089806988992,0.6331306715226486,0.1119696226997518
717,5,5,0.5864305844717876,0.07388617679357662,0.09731537255717553,0.033240269728385265,0.011237543825001077,0.5864305844717876,0.19789005262407386
718,2,2,0.6771667004072495,0.03585086698873851,0.6771667004072495,0.021240437858524967,0.016799135771314328,0.19764247490394898,0.05130038407022371
719,2,2,0.6273806863703794,0.047372414320248225,0.6273806863703794,0.02149789645533664,0.012370659776791876,0.07749454011088522,0.21388380296635878
721,6,6,0.7604317192797074,0.08141391301413355,0.04635543334041195,0.02023732974751091,0.0189762047739174,0.0725853998443188,0.7604317192797074
723,1,1,0.8060256838904339,0.8060256838904339,0.05687827725053458,0.0163216037513757,0.009812324352213991,0.05880258803371171,0.05215952272173015
724,4,4,0.846989379873007,0.018996524443940763,0.03980401650679244,0.010864263829674743,0.846989379873007,0.046873918227277524,0.03647189711930761
725,2,2,0.7151252414621663,0.03365850638418115,0.7151252414621663,0.019644609324194606,0.017365706726222195,0.14132875524292254,0.07287718086031321
726,3,3,0.9179283668432946,0.010318942479347832,0.011894276421514076,0.9179283668432946,0.0035884028221659153,0.03265780672317401,0.023612204710503612
727,2,2,0.9399431728268797,0.026596488627840083,0.9399431728268797,0.004967052806705947,0.004160110691912237,0.011980753315767735,0.012352421730894386
728,5,5,0.6774235699196522,0.04740539399199695,0.06584946258337479,0.02664546881026545,0.05346694071233795,0.6774235699196522,0.1292091639823727
730,3,3,0.9388714503513405,0.00737465537005908,0.0184639414434665,0.9388714503513405,0.008130531735484114,0.013204501462807343,0.01395491963684249
731,1,1,0.708262164986052,0.708262164986052,0.06492919018751533,0.020370410515128265,0.008561696426867585,0.06819390652581726,0.12968263135861968
732,3,3,0.9447785396608357,0.014903387172852212,0.012211301957350438,0.9447785396608357,0.002810065474528769,0.012798538758296427,0.012498166976136529
734,1,1,0.8591561362073374,0.8591561362073374,0.041329958569077126,0.010477554811563504,0.007028764314356722,0.05194765629745217,0.030059929800213093
735,6,6,0.7091653964812062,0.17549391494889852,0.043957994426459604,0.013655152390956524,0.010186146043687467,0.04754139570879156,0.7091653964812062
737,6,6,0.7954153692675614,0.02563551494210286,0.0675083085085611,0.022822442641186318,0.010060242212139931,0.07855812242844849,0.7954153692675614
739,5,5,0.39186532266043234,0.11631162386510562,0.1891965267060254,0.037249481107355334,0.02930955601770839,0.39186532266043234,0.2360674896433729
740,3,3,0.37781025258448026,0.11607957296385077,0.12821104492042434,0.37781025258448026,0.025125716198229675,0.23653903531524448,0.11623437801777048
741,4,4,0.980345101386606,0.0038403324363966325,0.004005358830042488,0.0024198554561371045,0.980345101386606,0.00514657936405565,0.004242772526762195
743,3,3,0.9413377938912879,0.00641171969579251,0.012519989434023025,0.9413377938912879,0.0035765462180727035,0.023362994115861634,0.012790956644962189
745,1,1,0.9299131908727697,0.9299131908727697,0.018067873543116144,0.007455399660094088,0.007912119481111507,0.021097334169631474,0.015554082273277148
747,3,3,0.5449073286344172,0.10478996724932446,0.09391009529277627,0.5449073286344172,0.02142358902864232,0.13916866019763816,0.0958003595972017
750,3,3,0.93467687894806,0.009762329074284131,0.021005947258489113,0.93467687894806,0.0070081736968642125,0.013474044493258888,0.014072626529043798
751,3,3,0.9338613637315364,0.01593355498632648,0.015986744930854627,0.9338613637315364,0.00652747961069263,0.01626658515777548,0.011424271582814442
752,2,2,0.5153621315915708,0.16672281466179076,0.5153621315915708,0.026356149073687767,0.018059353749749263,0.2004026715940703,0.07309687932913103
753,4,4,0.920110373045761,0.00970910106969342,0.02028339421535949,0.0047187075322041834,0.920110373045761,0.025213696818852622,0.019964727318129198
755,6,6,0.6951925433117986,0.03389503468829488,0.08271714374809422,0.025944365931897015,0.014736953223511998,0.14751395909640325,0.6951925433117986
756,4,4,0.9023627413805428,0.013851701842878057,0.023776390815418602,0.008122295466503658,0.9023627413805428,0.03285805074526291,0.019028819749394025
757,1,1,0.8568839037716364,0.8568839037716364,0.03435592023310866,0.012904861220641276,0.016307118879344176,0.047142704785233414,0.032405491110036155
758,1,1,0.9018309073816715,0.9018309073816715,0.013320401022071823,0.008941764980428741,0.020281069900410606,0.03349726398131107,0.022128592734106438
759,4,4,0.9246949776727392,0.01931463996529674,0.017820398143500553,0.006253289539762031,0.9246949776727392,0.019214906776500732,0.012701787902200822
760,1,1,0.8718069636505862,0.8718069636505862,0.0287138900153382,0.013592133423945215,0.00784840961572532,0.029366498981430417,0.048672104312974813
763,2,2,0.5373805254877995,0.0598449623777723,0.5373805254877995,0.02983118103586002,0.017395590855461426,0.14236669965818252,0.21318104058492424
764,5,5,0.7088685209565632,0.056117135104714264,0.12648443515801622,0.022451499615893676,0.017311035536603448,0.7088685209565632,0.0687673736282093
765,3,3,0.9241476108862218,0.011141034570038469,0.024694501606591823,0.9241476108862218,0.008364890429399974,0.01522570059933223,0.01642626190841589
766,2,2,0.4628623027246052,0.10920041866779692,0.4628623027246052,0.040481869706576884,0.026118973993531112,0.2257913829703217,0.13554505193716823
767,4,4,0.9266368776915013,0.022778661521143714,0.014771253916019153,0.005247392289702189,0.9266368776915013,0.018520086655834288,0.012045727925799412
770,4,4,0.9494468363827699,0.01037883536708813,0.010316237685355119,0.005175921954295682,0.9494468363827699,0.013611161053256157,0.011071007557235012
771,2,2,0.7492997616969935,0.02872048862258332,0.7492997616969935,0.01867171646160991,0.0109235016389857,0.1307198809357631,0.061664650644064324
772,4,4,0.8700997974818305,0.029127883835336398,0.03364931638293729,0.01461813006565192,0.8700997974818305,0.02987879071529554,0.02262608151894834
773,6,6,0.7028544638989667,0.047869271026812425,0.12492908985955398,0.023913282167401868,0.012379477815501399,0.08805441523176363,0.7028544638989667
774,4,4,0.9211522240723637,0.006790987777411597,0.023278640106353336,0.005722291427026489,0.9211522240723637,0.02693485585436197,0.01612100076248292
775,3,3,0.9434339654572071,0.012480830584005023,0.009903697754684963,0.9434339654572071,0.004118533671290451,0.01396377174814684,0.01609920078466556
777,2,2,0.332493284895529,0.05668369041444964,0.332493284895529,0.05074134506415465,0.13054982188366585,0.16938755187843413,0.26014430586376686
778,3,3,0.9267684741549999,0.021266925812375437,0.019123854179434765,0.9267684741549999,0.006599160668234619,0.01319198301305561,0.013049602171899734
780,3,3,0.9115880650396891,0.016304335650238356,0.024432385409326206,0.9115880650396891,0.006827782124347996,0.01694578151313604,0.023901650263262263
781,3,3,0.9256285194735601,0.011633785648270887,0.022565740017514362,0.9256285194735601,0.006211949193623986,0.015792913287457435,0.018167092379573205
782,1,1,0.8907992049485876,0.8907992049485876,0.029316213350539425,0.01317450901236089,0.012235218455301665,0.029682868741643036,0.02479198549156746
784,1,1,0.6880507633216715,0.6880507633216715,0.10520840572768328,0.028499682151430002,0.016836104002521175,0.08292871057046436,0.07847633422622959
789,6,6,0.5674796379729676,0.07373314053437315,0.12405537903772824,0.03803409843669693,0.028212314864791182,0.16848542915344294,0.5674796379729676
790,5,5,0.7776863039539632,0.04052491956236688,0.07885876463252178,0.025673239338375467,0.011637342115574203,0.7776863039539632,0.06561943039719853
791,4,4,0.9348737186084344,0.009472010361497227,0.013457196715043019,0.006169126073111896,0.9348737186084344,0.014250096041093353,0.021777852200820104
792,3,3,0.92258679869924,0.0105203296722039,0.0227279678550419,0.92258679869924,0.005284000256094753,0.01486950433953636,0.024011399177883076
793,4,4,0.9631411522794825,0.007927438171559716,0.007996486319774669,0.003974218206664393,0.9631411522794825,0.010837881156905737,0.0061228238656129575
794,3,3,0.939996864529163,0.008424205324787026,0.017983393672063416,0.939996864529163,0.007362973735937424,0.01413619370427724,0.012096369033771972
796,2,2,0.7774890685087376,0.02611555307528705,0.7774890685087376,0.017773825564102116,0.010052932549716476,0.08335371743362195,0.0852149028685348
797,3,3,0.9361129693184268,0.01132819089374872,0.014735307140668766,0.9361129693184268,0.0066913160940223005,0.018542889168230003,0.01258932738490331
799,1,1,0.8144143529893895,0.8144143529893895,0.050104570271594116,0.021132644218328753,0.02541042279808175,0.044690905512005975,0.044247104210600054
803,4,4,0.921445524542705,0.02131973422949139,0.015935846638488953,0.009387093863766275,0.921445524542705,0.01780854860809866,0.014103252117449746
804,1,1,0.8478652280642529,0.8478652280642529,0.03812754154486562,0.014739846559294464,0.007997185418746248,0.04286628242028098,0.04840391599255971
805,3,3,0.940604146208338,0.006646950320176086,0.015869523546517897,0.940604146208338,0.007587305178559017,0.017809170811568832,0.01148290393484019
806,5,5,0.611318646216807,0.0807690974191895,0.13671563836153067,0.02965492090789977,0.03432330138403239,0.611318646216807,0.1072183957105407
807,1,1,0.8338359387252755,0.8338359387252755,0.043296985811938846,0.013945122448395799,0.009690253063441127,0.03801865847185776,0.061213041479090735
808,3,3,0.936879953255112,0.007310344831455348,0.01713157247243318,0.936879953255112,0.0075701842093837835,0.018858367904597165,0.01224957732701849
810,6,6,0.7985458670576594,0.04035310452461235,0.055142706860549756,0.018993575856040886,0.01104329868909957,0.075921447012038,0.7985458670576594
811,2,2,0.8169710860427244,0.020284262691032617,0.8169710860427244,0.011132004456884207,0.008514412001554806,0.09568182849807617,0.04741640630972792
812,1,1,0.7111703710809311,0.7111703710809311,0.07154137293730578,0.021704006678411696,0.015243952761836857,0.08889568400360409,0.09144461253791049
813,6,6,0.6194563889184648,0.10074287078917459,0.10274970772526644,0.020960471673180648,0.01614650387979099,0.1399440570141226,0.6194563889184648
814,1,1,0.8087626390666952,0.8087626390666952,0.0643576521269011,0.01780840331395921,0.011512816068771971,0.05949579586685566,0.03806269355681707
815,2,2,0.6546795607010331,0.05075067910858733,0.6546795607010331,0.0342554904309071,0.03237695328372882,0.13734566214782346,0.0905916543279202
817,4,4,0.883301018787904,0.014748167929634425,0.027631083466572847,0.009984198680882874,0.883301018787904,0.03537395264324733,0.028961578491758504
820,4,4,0.870481817166596,0.009845959523566794,0.03625860840022583,0.008486791242069573,0.870481817166596,0.04406516234037819,0.030861661327163652
821,5,5,0.6266434026552086,0.08065221067371349,0.0904166482084909,0.040716106645507295,0.09878405343710199,0.6266434026552086,0.06278757837997789
822,4,4,0.9383905420923577,0.012246324860519731,0.012983041877617583,0.009608736613850723,0.9383905420923577,0.015876299094920082,0.010895055460734257
825,2,2,0.8162585048191687,0.022438036488859447,0.8162585048191687,0.009222384551983489,0.013616100480950884,0.0860805158018055,0.052384457857231996
826,2,2,0.5982327493643818,0.03640063961067893,0.5982327493643818,0.021308719626386734,0.01857441466104334,0.23429852568112325,0.09118495105638609
827,3,3,0.8966814210809518,0.0032668657723963403,0.008322486952227582,0.8966814210809518,0.003375449658662126,0.08512502803202682,0.003228748503735282
828,2,2,0.6614864741220005,0.05073930544359882,0.6614864741220005,0.02554226162139919,0.022970872597881713,0.12637694072347969,0.11288414549164022
829,2,2,0.57410118946003,0.10890767664404635,0.57410118946003,0.038914884834466014,0.02374197692972729,0.1654353122961219,0.08889895983560855
833,4,4,0.9488915476614513,0.009507590166454149,0.012480988974915492,0.0036373733328250433,0.9488915476614513,0.014678927856050988,0.01080357200830308
834,1,1,0.9438355794579047,0.9438355794579047,0.013287189058469765,0.006032062281913815,0.0027532927951911855,0.011402637563796449,0.022689238842724037
835,5,5,0.7248261471114148,0.05286596299768592,0.09524770951302973,0.03657083327191275,0.014897504924767779,0.7248261471114148,0.07559184218118908
836,4,4,0.8421911144497275,0.025569140206763628,0.0360234116350113,0.02068895976922708,0.8421911144497275,0.039142615563318134,0.03638475837595224
838,5,5,0.7270351909948126,0.043557790490250825,0.11627695172494203,0.029518688555456255,0.014308155442713353,0.7270351909948126,0.06930322279182495
840,5,5,0.5628793727977102,0.06610720514148118,0.17660595523542907,0.04537803038235955,0.029165339421268786,0.5628793727977102,0.11986409702175133
841,2,2,0.6995451685887599,0.03331136864160408,0.6995451685887599,0.022687085582703874,0.013634258912006588,0.15008266827036226,0.08073945000456333
842,5,5,0.7118388260857487,0.030425506034249306,0.12739488456502054,0.040528013739673276,0.013795722222407797,0.7118388260857487,0.07601704735290035
843,1,1,0.6812262503624388,0.6812262503624388,0.10696667528888708,0.0261557165731135,0.0397070847131093,0.0827664745445446,0.06317779851790682
844,1,1,0.8327244453744195,0.8327244453744195,0.040639501106308845,0.014806333722099224,0.010701639586201248,0.03258602239815443,0.0685420578128167
845,1,1,0.7142642168380737,0.7142642168380737,0.08357077443014561,0.024976745952977664,0.013938723064280806,0.08722516921126842,0.07602437050325381
846,6,6,0.7227231011946097,0.06227188869248141,0.07386250899076734,0.02871881413933908,0.01359197852200932,0.09883170846079317,0.7227231011946097
847,4,4,0.9680986693894768,0.00736439577923026,0.007125408114524923,0.003801385817360658,0.9680986693894768,0.007024400764557508,0.006585740134849998
849,4,4,0.891751536523662,0.01899350018214399,0.02052962172339787,0.011406658725381312,0.891751536523662,0.029923298981103852,0.027395383864311035
851,1,1,0.7613450449613712,0.7613450449613712,0.048103346720607544,0.02690907604913459,0.025667763277346697,0.059767303933155824,0.0782074650583842
854,6,6,0.7394593071196285,0.057121329409280434,0.04153591390363848,0.016424897168548155,0.009236157071707274,0.13622239532719718,0.7394593071196285
856,2,2,0.6362783696652559,0.049168122956113204,0.6362783696652559,0.016113689952855455,0.006270600661580435,0.0574004795223011,0.23476873724189404
857,4,4,0.8987076139641725,0.01498673809458702,0.01996127542206794,0.010044580746406417,0.8987076139641725,0.03676310447656968,0.01953668729619637
859,1,1,0.7000859908206077,0.7000859908206077,0.08352836511648261,0.025783371929686678,0.011133190573831126,0.08117094170508277,0.09829813985430912
860,4,4,0.645968051198423,0.0850455576502372,0.07273443434036704,0.03245881788172155,0.645968051198423,0.09434611728999408,0.06944702163925719
862,1,1,0.953337879753024,0.953337879753024,0.01323626209291466,0.005530465221203073,0.003092348517429007,0.01161170510983184,0.013191339305597457
865,6,6,0.7661797900724503,0.04859133931028358,0.07100753422006033,0.02231945476059037,0.010322916624889456,0.081578965011726,0.7661797900724503
866,3,3,0.9354967675966086,0.01584175854444829,0.01165048585673806,0.9354967675966086,0.004764186518734576,0.0110290636922864,0.021217737791184053
867,2,2,0.825444386811722,0.03465054483881238,0.825444386811722,0.015330860954461433,0.01030051089837642,0.06722630308182061,0.04704739341480697
868,2,2,0.7545436599073325,0.04487976984909304,0.7545436599073325,0.04250088112613836,0.013647835038876692,0.07051795526298126,0.07390989881557823
870,4,4,0.9237457161261552,0.012464398980700115,0.02107118883978367,0.00859685282495636,0.9237457161261552,0.021414378088955483,0.012707465139449085
871,4,4,0.9830025091381502,0.0052641741678433294,0.003373140748748697,0.001266123636961816,0.9830025091381502,0.0038528595960971353,0.0032411927121988463
872,1,1,0.6384358359530267,0.6384358359530267,0.08333098979357251,0.026210662407682626,0.038889706629144,0.1335870246705414,0.07954578054603277
876,4,4,0.8514063560017293,0.03688280381626725,0.035423215603146124,0.009989403990265272,0.8514063560017293,0.0418570835924607,0.024441136996131402
877,5,5,0.5722004937842002,0.058724695246928194,0.1787881110572067,0.0189750619310243,0.01628819119082243,0.5722004937842002,0.15502344678981814
878,2,2,0.6210419978795719,0.09664203912096996,0.6210419978795719,0.02428003171078963,0.01890091332576963,0.165629169658209,0.07350584830468977
879,5,5,0.702567061560978,0.07057446875031789,0.14163632878209945,0.021905548599903835,0.01902383154870963,0.702567061560978,0.04429276075799115
880,4,4,0.9729010678988217,0.007352939974836302,0.004841920430986041,0.002256133402740398,0.9729010678988217,0.0070413459069671586,0.005606592385648505
881,5,5,0.6312146782476777,0.06381093616758092,0.1564765721882157,0.03285870342707123,0.01717170547346026,0.6312146782476777,0.09846740449599418
882,1,1,0.7617503705832765,0.7617503705832765,0.05841765584208659,0.022501722175369016,0.04344365941441346,0.06744901169267442,0.04643758029218004
884,1,1,0.9037680656409393,0.9037680656409393,0.025409868751315123,0.007897214972915009,0.006482771371359622,0.030329909963792246,0.02611216929967878
885,6,6,0.8520096556475526,0.014300228245038129,0.03676296317213865,0.010754015127437094,0.007123626347386827,0.07904951146044674,0.8520096556475526
888,4,4,0.9433839839532785,0.017283812127043503,0.012052482578483192,0.003734958578020183,0.9433839839532785,0.014331897885955175,0.009212864877219465
889,4,4,0.9534021791062431,0.010106246740816626,0.00991376868007512,0.005334206792166314,0.9534021791062431,0.010665077072933623,0.010578521607765205
890,6,6,0.9588961064642291,0.008670849190767846,0.013569239766862966,0.005825269915801036,0.003039620640972482,0.009998914021366635,0.9588961064642291
891,2,2,0.8207104766960512,0.0370710553386943,0.8207104766960512,0.01873509344155445,0.008392710504345289,0.053478852088857415,0.06161181193049742
893,5,5,0.781973800103745,0.051426691123771275,0.07895581456723975,0.014582836792484007,0.011984793195516126,0.781973800103745,0.061076064217243896
894,3,3,0.9446474854572808,0.015190884915745623,0.012931500250721099,0.9446474854572808,0.0029374967645720454,0.00939158054203295,0.01490105206964752
895,6,6,0.6229496175889457,0.05655635616201799,0.12201026595299706,0.03417241298591299,0.02039662950267348,0.14391471780745277,0.6229496175889457
896,2,2,0.9164908241384448,0.02048129895612461,0.9164908241384448,0.007395831882501199,0.004300956847620601,0.028334793576826132,0.022996294598482733
899,2,2,0.9483129074780856,0.01004297944096347,0.9483129074780856,0.006647489310827622,0.0029724108706309566,0.013480679325748788,0.018543533573743658
900,1,1,0.5640179617848411,0.5640179617848411,0.09211416693641103,0.031844516840286316,0.01484571582106179,0.12172410627643634,0.17545353234096348
901,4,4,0.9502253767478076,0.0072309611771815075,0.012452350192173998,0.004767302975061416,0.9502253767478076,0.011791458188760531,0.013532550719015041
903,5,5,0.5205262252305707,0.18014551783181426,0.05285212397195533,0.043019762639121134,0.012375093072940421,0.5205262252305707,0.19108127725359825
904,6,6,0.8461843673401017,0.030387249823473142,0.037035555151701594,0.011860047807157721,0.006902321073965563,0.0676304588036003,0.8461843673401017
907,1,1,0.933057458738256,0.933057458738256,0.019832995539707847,0.010870693982254176,0.005492076028800545,0.019681016465485902,0.01106575924549555
908,4,4,0.9429638780575715,0.010990281330585067,0.013051330644250897,0.00627081242326113,0.9429638780575715,0.014728743527981984,0.01199495401634938
909,4,4,0.9486900796616107,0.014102074126588654,0.008113028876511537,0.003795308244023612,0.9486900796616107,0.013538755886721435,0.011760753204544056
910,6,6,0.7544242505302398,0.026339867090025847,0.12947180775402448,0.014499101565749701,0.010365115286576734,0.06489985777338346,0.7544242505302398
911,2,2,0.7045794648974718,0.03373027025467064,0.7045794648974718,0.020530742405718262,0.012507636235876028,0.17849194992174902,0.050159936284514185
912,1,1,0.8784675536911364,0.8784675536911364,0.025782174322297527,0.011094256938098863,0.00957714050495303,0.04934965406038765,0.02572922048312653
914,3,3,0.9075917443929368,0.012196295365704815,0.02710074185965908,0.9075917443929368,0.006163824851113082,0.01709087536078309,0.029856518169803094
915,2,2,0.9043334731439532,0.01749196223353349,0.9043334731439532,0.006907961483233824,0.003790296106331528,0.015421295205971198,0.052055011826976846
916,1,1,0.7363103762214741,0.7363103762214741,0.05135010668910955,0.017031792523331493,0.06612194569290171,0.07526591442741519,0.05391986444576793
918,2,2,0.8111323039024658,0.024871014279192034,0.8111323039024658,0.0271604234266991,0.0068477277021241015,0.0250238177972787,0.10496471289224032
919,1,1,0.9658710243167621,0.9658710243167621,0.012248475561425349,0.0037310673313304156,0.0019653504259958903,0.008425435783470438,0.007758646581015847
920,5,5,0.6298233355073006,0.03917557067244217,0.13969923448435925,0.022261025855798436,0.015823293352281685,0.6298233355073006,0.15321754012781794
921,3,3,0.9135384385837864,0.017310926218909416,0.015251935112313974,0.9135384385837864,0.007522953903566625,0.03575925690745016,0.010616489273973408
922,2,2,0.7818254660384422,0.021566083752224782,0.7818254660384422,0.015498906175522067,0.009736126058203278,0.08629778731550714,0.08507563066010071
923,5,5,0.5572869194085093,0.2127564100013033,0.06737864922243704,0.026558613623761298,0.017355128748219092,0.5572869194085093,0.11866427899576999
924,5,5,0.6253619694131888,0.03742966187286498,0.142224619543782,0.08412914994333552,0.02073836628179101,0.6253619694131888,0.09011623294503783
925,3,3,0.9394065146074401,0.014366485386870626,0.010027904099350865,0.9394065146074401,0.004415963148925491,0.014772409972321493,0.017010722785091408
926,5,5,0.3999948161202878,0.06858487388387176,0.2792986460654108,0.02752184379957505,0.03113064496373961,0.3999948161202878,0.19346917516711495
927,5,5,0.5572909306485799,0.1113275096857052,0.12311826335036627,0.04068791911714834,0.021768426854723372,0.5572909306485799,0.14580695034347693
929,6,6,0.6797486293012515,0.03920740213519193,0.10684428865315951,0.02469235281792117,0.01420836030291676,0.13529896678955913,0.6797486293012515
930,6,6,0.41374506796843696,0.09905071520756342,0.13791062527823542,0.04031738744159861,0.07641714748291745,0.2325590566212482,0.41374506796843696
932,2,2,0.650656778448275,0.037308783838899545,0.650656778448275,0.02743363608323938,0.019237330876104557,0.13412412858132144,0.13123934217216007
933,4,4,0.9863516101002456,0.0026396691842441584,0.0030418690523007666,0.0013184831521810502,0.9863516101002456,0.004489576158679667,0.0021587923523486755
934,3,3,0.9505865713731243,0.006911758284442457,0.015075754380715753,0.9505865713731243,0.004852738874575477,0.012737463684186014,0.009835713402955948
935,1,1,0.8749218518293504,0.8749218518293504,0.04055379330035792,0.012092546170627402,0.009188797324253203,0.03261084838412436,0.03063216299128677
936,5,5,0.5900302740934775,0.05420770397631976,0.11769970026027486,0.055310949591735964,0.07808064185038607,0.5900302740934775,0.10467073022780578
939,5,5,0.6917678642760339,0.04649819634841815,0.13462956830673015,0.02273004309204545,0.017571749649608986,0.6917678642760339,0.08680257832716338
940,4,4,0.9362274834701324,0.012936451346539597,0.015735622875595316,0.0073434179374465836,0.9362274834701324,0.01838601079398415,0.009371013576301839
941,5,5,0.5617791646952994,0.14568848827204495,0.15189630917023875,0.042087988611651736,0.016615741670230205,0.5617791646952994,0.0819323075805349
942,4,4,0.9645207450666871,0.005453780747581826,0.008462145385777687,0.003864592837504978,0.9645207450666871,0.008836801600688492,0.008861934361760013
943,4,4,0.924247431991356,0.018296989317744372,0.0181483831374955,0.005977303522132875,0.924247431991356,0.02009620763251844,0.01323368439875298
945,3,3,0.9318194375679787,0.011657471409767025,0.01973979994990733,0.9318194375679787,0.006290955608152393,0.01414699017953126,0.016345345284663235
946,5,5,0.6690984668828258,0.06142420325991861,0.10408393790954912,0.07830162698140067,0.031926125086323344,0.6690984668828258,0.055165639879982346
947,1,1,0.9375848376964878,0.9375848376964878,0.012023505639190623,0.00652406006781607,0.011185619527747154,0.013999855891902224,0.018682121176856168
949,4,4,0.859712819781178,0.021539847515286936,0.03994761710307951,0.013535388127241438,0.859712819781178,0.039077860848769096,0.026186466624445078
950,6,6,0.7529330744147047,0.04749228864516551,0.07479382884852598,0.034019197080684384,0.014777506096722697,0.07598410491419676,0.7529330744147047
951,4,4,0.9426029472596958,0.008626101379761792,0.013493143073527286,0.004891602604201722,0.9426029472596958,0.019133684694522334,0.01125252098829109
953,3,3,0.9384148177886219,0.009718278901016784,0.017523230563374907,0.9384148177886219,0.0033707785821374156,0.013322473254069546,0.01765042091077947
955,6,6,0.6771996948045895,0.046218818071351246,0.10186234758067553,0.04550024802008497,0.018234612440756266,0.11098427908254248,0.6771996948045895
956,5,5,0.8167453210130527,0.010270738604869137,0.08699508720644675,0.008596030626328454,0.010675866993763073,0.8167453210130527,0.06671695555553978
957,5,5,0.7357850284947419,0.0531856386349907,0.11219058784802344,0.02567486052283341,0.027964384097469448,0.7357850284947419,0.04519950040194113
958,4,4,0.9771390455192586,0.004110435513980831,0.005161267352188906,0.0023339543230668793,0.9771390455192586,0.005659901959733194,0.005595395331771654
959,5,5,0.70187914195125,0.019245072512325438,0.18466785804778588,0.02379819735297589,0.012054415343189361,0.70187914195125,0.05835531479247355
960,1,1,0.8169604746058777,0.8169604746058777,0.053415293556867895,0.018166220405378318,0.01880488614900914,0.04827170864647014,0.044381416636396866
961,5,5,0.6604426352350967,0.03626263127743094,0.13777244043740078,0.020347482402246358,0.02643437359032936,0.6604426352350967,0.1187404370574959
962,2,2,0.5882428456308847,0.08790201664092939,0.5882428456308847,0.03111458491433281,0.020158887066768046,0.1139413150107569,0.15864035073632826
963,4,4,0.9689584746152338,0.005684535606566506,0.0069326326255475445,0.0032823643197274328,0.9689584746152338,0.008213115221063884,0.0069288776118607365
964,4,4,0.9606769546336157,0.008063294154887482,0.009599285842595366,0.0029190119777586787,0.9606769546336157,0.011395450175396076,0.007346003215746641
967,1,1,0.8830019667756547,0.8830019667756547,0.03724577428252767,0.011251942576415977,0.013738617650560586,0.03422680747202311,0.02053489124281782
968,6,6,0.873722068581754,0.03156615060197694,0.02835751950675961,0.02206887250506975,0.006083023473654355,0.03820236533078536,0.873722068581754
969,3,3,0.9448373118032046,0.012145221316739395,0.010226379585891494,0.9448373118032046,0.004336756016501122,0.021553622034385114,0.006900709243278273
970,5,5,0.8242300559008728,0.04208791097842821,0.0575625855615772,0.012605557578381695,0.014735180104634558,0.8242300559008728,0.048778709876105546
972,1,1,0.5858955140098951,0.5858955140098951,0.12816155826605274,0.037611935626952545,0.02395136384108176,0.13475734073874296,0.08962228751727483
973,3,3,0.9309239862845751,0.007654977197190883,0.012812088446006373,0.9309239862845751,0.004335683768592089,0.0374567867579137,0.006816477545722051
974,2,2,0.7582033402091237,0.056334283559135716,0.7582033402091237,0.02367896055741619,0.013873437017354062,0.08176541462996505,0.06614456402700511
975,5,5,0.605859305539966,0.033910185607054465,0.10357584156833334,0.0362510865945295,0.17246060027252214,0.605859305539966,0.04794298041759455
976,1,1,0.9309719225172728,0.9309719225172728,0.019319783370683057,0.007101058563630422,0.004604877029328478,0.018981948043126074,0.01902041047595931
977,6,6,0.8902090705133833,0.024897392635875985,0.02784643343385597,0.012262124216536502,0.013531856131954345,0.03125312306839396,0.8902090705133833
979,3,3,0.9411203265965497,0.0082554051212469,0.016620451361592344,0.9411203265965497,0.005791136448697929,0.01686339964334211,0.011349280828571204
983,5,5,0.644122103262206,0.024896143735279826,0.13750213100336417,0.016162089957617323,0.011988896465205895,0.644122103262206,0.16532863557632674
985,6,6,0.7228902416172629,0.09518357196028786,0.07423948970836053,0.020568765590050296,0.01293708985250499,0.07418084127153335,0.7228902416172629
986,4,4,0.8596774669856103,0.011203371245256362,0.0348986117840872,0.01172102143950168,0.8596774669856103,0.04489797293038739,0.037601555615157
989,6,6,0.6802925697578838,0.03436840717015905,0.08035775063981054,0.018229164231976288,0.01113671274959081,0.1756153954505795,0.6802925697578838
991,3,3,0.9076464437299933,0.014953832885287769,0.01835158303345899,0.9076464437299933,0.0044434760275724,0.014018193302700118,0.040586471020987426
992,5,5,0.748539891251228,0.048708625315465,0.10272424618338905,0.023928614964897375,0.022441270617287613,0.748539891251228,0.05365735166773297
994,1,1,0.8459729136328806,0.8459729136328806,0.04315436823488854,0.015905385694590064,0.009371391646169293,0.04269313860295379,0.04290280218851769
997,3,3,0.945984448009683,0.012021307068819454,0.009472929222984575,0.945984448009683,0.0039076332765779235,0.014222962881292095,0.014390719540643065
998,4,4,0.9202396363506774,0.02666394471259291,0.014913113200209995,0.005188592514848457,0.9202396363506774,0.018693361596948302,0.014301351624722966
999,2,2,0.7314471775716354,0.03970078572938416,0.7314471775716354,0.028629691381243442,0.018242572746554966,0.09930253979342049,0.08267723277776158
1000,4,4,0.9745100594605483,0.004068331387466917,0.005472452090350847,0.002906014023800221,0.9745100594605483,0.0069717582216335255,0.006071384816200193
1001,6,6,0.5846897522061131,0.04199668197278697,0.09564142867186048,0.024341475438610306,0.019431565951083626,0.23389909575954548,0.5846897522061131
1003,6,6,0.774096502231673,0.04098590765118573,0.07973268581432177,0.027459630678075754,0.0134487073591117,0.06427656626563209,0.774096502231673
1004,1,1,0.8883391274113336,0.8883391274113336,0.028284382439115876,0.012830109280960744,0.007227476195754191,0.030824860593803845,0.03249404407903175
1006,2,2,0.7646464572039474,0.03636420688389544,0.7646464572039474,0.023272204661162293,0.015357752703106325,0.11172095375066157,0.04863842479722701
1007,3,3,0.9301056799134768,0.007714666569838485,0.012901525331964163,0.9301056799134768,0.004368354826630224,0.03804573206550274,0.006864041292587507
1008,1,1,0.8487998001690984,0.8487998001690984,0.043750776209856235,0.011710777771151237,0.01589662028421746,0.0450631156931923,0.034778909872484415
1009,4,4,0.9835281680493322,0.003210242909036602,0.0035805757066466755,0.0013638105886760513,0.9835281680493322,0.004422837344481114,0.0038943654018274575
1011,3,3,0.9370475961761642,0.011486296547386431,0.015159171505889312,0.9370475961761642,0.005321209815599595,0.023415639936954072,0.0075700860180065105
1014,4,4,0.9571310109256764,0.010298056173753272,0.00994096007693142,0.00436434706420025,0.9571310109256764,0.011463525593878402,0.006802100165560239
1015,4,4,0.9450207510421745,0.011092643072405014,0.009062554043000914,0.005329517275215638,0.9450207510421745,0.012076399690399423,0.017418134876804478
1017,6,6,0.7323638382711916,0.10738715445375749,0.05443722938877545,0.025887075645559723,0.010853620632817184,0.06907108160789859,0.7323638382711916
1018,6,6,0.7999408779638545,0.03640622109800795,0.04350632716201606,0.01574779990671321,0.013069139588204968,0.09132963428120344,0.7999408779638545
1019,2,2,0.5059487629796892,0.06008530204509793,0.5059487629796892,0.0276378176044535,0.01996664092121167,0.257777722858283,0.12858375359126484
1020,5,5,0.8197143649859734,0.03604133162430567,0.06221604675446926,0.02120955067518843,0.009187610677903992,0.8197143649859734,0.05163109528215936
1021,1,1,0.8188482880682281,0.8188482880682281,0.04013218843751454,0.023327403687664228,0.030564383682076642,0.038544290605304316,0.04858344551921231
1022,5,5,0.8309927386683572,0.03473639978835437,0.04897444849112625,0.034933024237096405,0.00666013556395685,0.8309927386683572,0.04370325325110889
1023,5,5,0.6512177530408407,0.044890410415582255,0.15690339947251872,0.02681083758547872,0.013655484377258246,0.6512177530408407,0.10652211510832144
1024,6,6,0.6526792822680921,0.06459095401115182,0.07163230443611922,0.020824505521113142,0.015382536708621889,0.17489041705490185,0.6526792822680921
1025,1,1,0.7764755169030276,0.7764755169030276,0.05180087046877437,0.021966841166363132,0.012353877373643851,0.06507149522006953,0.07233139886812134
1026,4,4,0.9562151237548385,0.010191473052909794,0.008619239975564172,0.004374046788927515,0.9562151237548385,0.010831408280985283,0.009768708146774819
1027,4,4,0.9902611560946394,0.001742690880203271,0.0026974081777689637,0.0006212864459113608,0.9902611560946394,0.0023134065609724036,0.002364051840504557
1028,5,5,0.6506705099621607,0.03656911771890881,0.19526799861140376,0.02617591516448194,0.018415949568682404,0.6506705099621607,0.07290050897436232
1031,3,3,0.9163800869890488,0.008697431452152547,0.015372504706910624,0.9163800869890488,0.005489043316065274,0.04152569306831987,0.012535240467502862
1034,6,6,0.7298433030826214,0.0580853777646111,0.07244432726587087,0.026422728661897876,0.026186591546113504,0.08701767167888526,0.7298433030826214
1035,6,6,0.7953988866149895,0.020215936900379382,0.06900890387947135,0.014080278591070342,0.009172474765152672,0.0921235192489368,0.7953988866149895
1036,2,2,0.589039587396412,0.05074700388965891,0.589039587396412,0.028607797039337187,0.02080989717444743,0.1566403322700038,0.1541553822301405
1037,3,3,0.9155304779686325,0.011563562272164783,0.025085814675403058,0.9155304779686325,0.005522938839657932,0.017471362210504573,0.024825844033637093
1038,3,3,0.9351487386818271,0.017784399341623503,0.01373487224269115,0.9351487386818271,0.0032767386291239257,0.014034100297574292,0.016021150807159965
1039,1,1,0.6975915553332978,0.6975915553332978,0.08208331766652639,0.026978858350512985,0.010543491203332119,0.07589508281131549,0.10690769463501534
1042,3,3,0.9261307895457332,0.01472126516675329,0.019283841276183065,0.9261307895457332,0.0065857407120447535,0.015069040752995455,0.018209322546290315
1045,4,4,0.9285001743334975,0.013924054666360609,0.017920953266649185,0.007353249797904099,0.9285001743334975,0.018087505890096556,0.014214062045492028
1046,3,3,0.9345273654612187,0.009714867886343867,0.02083489606706047,0.9345273654612187,0.0070139771527054605,0.013425236562976835,0.014483656869694751
1048,4,4,0.9062264952485444,0.012009844480185725,0.021981189510829207,0.010625704554881188,0.9062264952485444,0.027566089934142283,0.021590676271417256
1050,6,6,0.6769412408616509,0.07247648791120992,0.09461274800951402,0.042022267736295894,0.01621366151241527,0.09773359396891404,0.6769412408616509
1051,5,5,0.8370408226247551,0.021189078115230464,0.08288277895809447,0.018139435248393357,0.008607125933452616,0.8370408226247551,0.03214075912007403
1052,6,6,0.8018486744680057,0.030944253877723808,0.051336963946777885,0.01505057754403176,0.015152391975872698,0.0856671381875882,0.8018486744680057
1054,4,4,0.9393237011555258,0.009692680911737667,0.015122684731912646,0.0041899450023656195,0.9393237011555258,0.016190712676647994,0.015480275521810345
1056,2,2,0.7940651258378751,0.03338569101325353,0.7940651258378751,0.011597191960498044,0.021942451342255656,0.08626012608855725,0.052749413757560426
1058,3,3,0.9273507737900057,0.011941632260772035,0.012740805141728618,0.9273507737900057,0.003616774796686325,0.019069835199306863,0.02528017881150041
1060,3,3,0.9287046385309299,0.008534678337623289,0.014201316128297491,0.9287046385309299,0.0031741163963250455,0.026617310477338427,0.018767940129485905
1061,6,6,0.5879808784233966,0.11156722175681166,0.10396178169783253,0.039061628767335946,0.025906953233528793,0.1315215361210944,0.5879808784233966
1063,4,4,0.9325998386118534,0.010004539210937111,0.01701791425350723,0.006084268936614835,0.9325998386118534,0.02021890691611664,0.01407453207097089
1065,4,4,0.7942131165179795,0.043691692072301974,0.047483709193663036,0.02445623491349817,0.7942131165179795,0.05706884776649549,0.033086399536061795
1066,1,1,0.745836865949281,0.745836865949281,0.07268204109325173,0.01732412286341181,0.011780033065965237,0.100613229641967,0.051763707386123334
1067,3,3,0.9230442166316457,0.01273049146375431,0.01607115260554563,0.9230442166316457,0.0039273775629613305,0.012343900812802405,0.031882860923290596
1068,4,4,0.97121728691835,0.0033679966105150077,0.006612405956837641,0.0028941520551461638,0.97121728691835,0.0090721415113513,0.006836016947799887
1069,1,1,0.6944500985712972,0.6944500985712972,0.054410910426483196,0.021721110442532176,0.00895518407446802,0.07555479728327302,0.1449078992019464
1070,4,4,0.8266998459205566,0.03231313409963903,0.0444399119248532,0.015554269779971888,0.8266998459205566,0.05507140890260085,0.025921429372378495
1071,2,2,0.5490172076211509,0.12675559329524888,0.5490172076211509,0.03380450704033579,0.03490208080234204,0.18816705915190207,0.06735355208902036
1075,4,4,0.9462195431517437,0.008134512606488314,0.015219172139076182,0.005885328021763412,0.9462195431517437,0.015075448705441724,0.009465995375486735
1076,2,2,0.8119975510257261,0.02912864797252435,0.8119975510257261,0.018635682060427136,0.03304404319711734,0.06652619580986673,0.04066787993433846
1077,5,5,0.6883410651307582,0.08025483578936358,0.10977652257472167,0.04277718982615722,0.022497891002425545,0.6883410651307582,0.05635249567657371
1078,3,3,0.9243307812738688,0.01469141765857168,0.014212322794924603,0.9243307812738688,0.006228644745501083,0.03097879426782171,0.009558039259312102
1079,2,2,0.8771381789733788,0.028022341830034818,0.8771381789733788,0.009134047408391173,0.007117931380245644,0.04309624343011403,0.03549125697783566
1082,1,1,0.8699924314590384,0.8699924314590384,0.04120569495001129,0.01247102449494729,0.005529369465071399,0.03871535882145806,0.032086120809473644
1083,3,3,0.9303991822716694,0.02144627194757096,0.017407484026134505,0.9303991822716694,0.006464038925538038,0.011841571140733106,0.012441451688354019
1084,3,3,0.9347778741484329,0.005775007634250633,0.011879268430497643,0.9347778741484329,0.005116412135674763,0.034574362499105206,0.007877075152038742
1085,2,2,0.4740640556323994,0.0951155243223485,0.4740640556323994,0.037847922205582266,0.03302286677229101,0.18678369412830806,0.17316593693907076
1086,2,2,0.5292565192359172,0.11120403174428535,0.5292565192359172,0.03514267134685069,0.02389250493276629,0.16190111467213258,0.13860315806804777
1088,3,3,0.9276438482953638,0.009770433911034002,0.00963861332644084,0.9276438482953638,0.003768310980859013,0.04004329752651081,0.009135495959791445
1089,5,5,0.5409789007883412,0.07065238386603576,0.1983774295562714,0.06763423912026002,0.023855492439826056,0.5409789007883412,0.09850155422926554
1090,5,5,0.9408247063576846,0.012127874309344602,0.020206163491862262,0.00539497508380291,0.009872877696736391,0.9408247063576846,0.011573403060569342
1094,2,2,0.6928131438924829,0.040046180119442276,0.6928131438924829,0.022705861623230482,0.011588693569650877,0.14221041950592098,0.09063570128927244
1095,3,3,0.9076464437299933,0.014953832885287769,0.01835158303345899,0.9076464437299933,0.0044434760275724,0.014018193302700118,0.040586471020987426
1096,4,4,0.9595367727732822,0.006549330676755845,0.009065073833948048,0.004372049255044796,0.9595367727732822,0.011840277284012223,0.008636496176956821
1097,3,6,0.4789342941365619,0.12864374323981553,0.13502650468175106,0.12153149215945898,0.017317138174012547,0.11854682760840002,0.4789342941365619
1098,2,2,0.7792165921411639,0.05052511092418703,0.7792165921411639,0.02111122116512342,0.013734501635283804,0.06210731806158813,0.07330525607265378
1099,5,5,0.9242923309392314,0.014149337589522847,0.031768045036025684,0.0070159851376332795,0.003733212711034364,0.9242923309392314,0.01904108858655254
1100,3,3,0.9396037433251739,0.008942715013506575,0.01484452416744136,0.9396037433251739,0.006235912482988608,0.01916432649335015,0.0112087785175393
1102,2,2,0.7610440318830647,0.07313203966629228,0.7610440318830647,0.01780222075216168,0.011821700107204717,0.0851356718922331,0.05106433569904337
1104,5,5,0.7378877349670264,0.05067881861798002,0.10633964887772453,0.02365488841346028,0.0198814160890107,0.7378877349670264,0.06155749303479802
1105,4,4,0.89066023253126,0.01587207322769147,0.024403840011174686,0.008759267269491493,0.89066023253126,0.03475288980859053,0.02555169715179185
1106,4,4,0.8672403362589494,0.020943421449926534,0.03298580927662504,0.008976428721603254,0.8672403362589494,0.039504826522580826,0.030349177770314983
1109,2,2,0.8941308644679362,0.009881016460693002,0.8941308644679362,0.00754053043321907,0.004774560965942226,0.041630220666646935,0.04204280700556259
1113,1,1,0.9181402116606604,0.9181402116606604,0.019570564454985315,0.00840030175553733,0.012461758277872242,0.01617415673158758,0.0252530071193572
1114,4,4,0.9104701245201653,0.019205955328975434,0.015987419491485844,0.006204398252679946,0.9104701245201653,0.021417618584295944,0.02671448382239758
1115,1,1,0.7974038489407442,0.7974038489407442,0.0419444485296011,0.02199527348388871,0.008495213506250219,0.054070391696888806,0.07609082384262691
1117,2,2,0.4844070651740658,0.07463842961140212,0.4844070651740658,0.06086282392453202,0.028053465181649084,0.24097277954933366,0.11106543655901736
1120,2,2,0.6182421520743503,0.06330675039383882,0.6182421520743503,0.03638498871596125,0.05178613609334517,0.14565075632332009,0.0846292163991845
1121,5,5,0.5942110492226429,0.0595888470411939,0.06623682346583447,0.03179494910095564,0.016077591506485148,0.5942110492226429,0.23209073966288807
1122,3,1,0.28169556708493815,0.28169556708493815,0.13408244876515807,0.17568432927678854,0.01798321500906304,0.19813866406370806,0.1924157758003441
1124,3,3,0.34415924930196845,0.0904512525685881,0.27713380659514714,0.34415924930196845,0.022272634199844876,0.11874648518413534,0.14723657215031624
1126,1,1,0.8724178498477417,0.8724178498477417,0.02083135971275679,0.010051399535103518,0.006755974980893738,0.03477733643351308,0.05516607948999116
1127,2,2,0.6389432409743946,0.1468122602882148,0.6389432409743946,0.028712411864681858,0.017349229860580732,0.08036966760988322,0.0878131894022448
1129,1,1,0.8689577400019078,0.8689577400019078,0.026151871515738546,0.014566111245101319,0.024959990624450264,0.028505513291256192,0.03685877332154588
1131,4,4,0.9525663241170602,0.009376453041121759,0.008454116614364036,0.005079666317949314,0.9525663241170602,0.010237830234945709,0.01428560967455892
1132,6,6,0.878527024098826,0.0273754991346921,0.03484725030929476,0.01717298926216493,0.0077579967508760814,0.034319240444146165,0.878527024098826
1133,2,2,0.6911540469169423,0.014911976430564062,0.6911540469169423,0.024372162862990564,0.011655594758855862,0.13262504478960727,0.12528117424104
1134,4,4,0.7795280516744996,0.048234256836249816,0.040469256806578154,0.014504150534540586,0.7795280516744996,0.08934915784174771,0.02791512630638416
1135,2,2,0.48818440115431694,0.07928293006140234,0.48818440115431694,0.021615294879830636,0.015233973719381465,0.2050786494000857,0.1906047507849827
1136,5,5,0.7965512670317638,0.0327498873261989,0.0829116103392384,0.03126518106582625,0.008044175774410607,0.7965512670317638,0.048477878462562025
1137,1,1,0.8715168985620616,0.8715168985620616,0.03735437380386805,0.012714048325549742,0.007447134783869258,0.03442801699768444,0.03653952752696684
1138,1,1,0.8974644459882719,0.8974644459882719,0.023859760162024953,0.008056668144487297,0.009118320923486247,0.03550532193497374,0.02599548284675589
1139,5,5,0.8120780658245514,0.023026943631372223,0.07416408098751202,0.026484869271232652,0.01357887052742449,0.8120780658245514,0.050667169757907
1140,3,3,0.9380705177292362,0.011529829688886026,0.014697210760191532,0.9380705177292362,0.0054218432383669945,0.016184836329349347,0.014095762253969914
1141,4,4,0.9741264889464412,0.005585613801778555,0.005231823663078716,0.0028728139648647225,0.9741264889464412,0.0066857645904027044,0.00549749503343407
1142,4,4,0.7989522099944594,0.030424494873824346,0.03525261302807641,0.016419789673017323,0.7989522099944594,0.062061484941022156,0.0568894074896004
1146,2,2,0.7115399355751778,0.043335534798269223,0.7115399355751778,0.027912791716676127,0.015086530398297075,0.11712490536760851,0.08500030214397121
1147,2,2,0.5302901993766086,0.11639423928165084,0.5302901993766086,0.049492851196640354,0.022445216619973427,0.13291594854015348,0.1484615449849733
1150,4,4,0.9411364200291104,0.012842737236040897,0.01361298877109653,0.005364539091669472,0.9411364200291104,0.018102087678575213,0.008941227193507553
1152,3,3,0.9359181158397234,0.0065712721579586015,0.016280319454459624,0.9359181158397234,0.0041842644039670855,0.027931759694157583,0.009114268449733573
1153,1,1,0.7055192210712019,0.7055192210712019,0.08032507112457347,0.06178047482217916,0.02082790421751475,0.06345823714019733,0.0680890916243334
1155,4,4,0.9421923732048367,0.0073068129734673365,0.014702876608676528,0.005315527821228598,0.9421923732048367,0.018290082934169796,0.012192326457621066
1160,6,6,0.7033152772038436,0.10256886803656251,0.0854827226457571,0.027114925192226896,0.013181719878899021,0.06833648704271092,0.7033152772038436
1163,5,5,0.7319770519291364,0.029516282932444078,0.13250645855649903,0.013238636799994118,0.015374157103670287,0.7319770519291364,0.07738741267825607
1164,4,4,0.9447913088227221,0.007341428217631075,0.011376043037819073,0.004975450561116464,0.9447913088227221,0.02032773203642357,0.01118803732428774
1165,1,1,0.8092340393324647,0.8092340393324647,0.05515411501198197,0.01444274384831042,0.0079310488042236,0.07331233206593071,0.039925720937088564
1166,4,4,0.908694794362654,0.028719676826876955,0.013120353907684831,0.007619051459940588,0.908694794362654,0.01931839686599387,0.022527726576849712
1167,5,5,0.7535597583012865,0.04452374437961071,0.11460715925929436,0.030049386436725115,0.014156380528799493,0.7535597583012865,0.04310357109428379
1168,3,3,0.9395312930966587,0.00415675839745418,0.011386852954352213,0.9395312930966587,0.003816560359131332,0.03661294490004857,0.0044955902923548355
1169,3,3,0.9369649814628552,0.011472689826101428,0.015117351232992215,0.9369649814628552,0.005318174936507537,0.023577204678570225,0.007549597862973372
1170,4,4,0.9711495396377934,0.007322431933837861,0.006586109548460293,0.002589878053736604,0.9711495396377934,0.008459354762848691,0.003892686063323063
1172,6,6,0.716437461035026,0.03897065040357426,0.06570765057974798,0.019371369030697742,0.01404388991347777,0.14546897903747624,0.716437461035026
1173,4,4,0.8612163335119809,0.023694017173616123,0.0390826764630718,0.013422548315426878,0.8612163335119809,0.040295060243839366,0.022289364292064944
1174,4,4,0.9671474063446317,0.007073516586946721,0.006594262061680168,0.0029257890023400555,0.9671474063446317,0.009512270465821211,0.006746755538580078
1177,4,4,0.9726296485189305,0.0036244318227883028,0.007269526224393457,0.0035785550715155376,0.9726296485189305,0.00705436793817748,0.005843470424194648
1178,5,5,0.5865886312302069,0.1064349506347717,0.12085475744141976,0.03914175754818726,0.02134656715691324,0.5865886312302069,0.1256333359885011
1181,4,4,0.9205154829651374,0.015669361316672122,0.019004770983012027,0.00782065183831035,0.9205154829651374,0.025665301411312506,0.011324431485555609
1182,5,5,0.619996790221104,0.039186953326174286,0.13839707675674323,0.034205234205146824,0.01743224316983618,0.619996790221104,0.15078170232099555
1183,3,3,0.9409351263708217,0.006682381111058587,0.01455068744739518,0.9409351263708217,0.0041877348244926385,0.0253629244572748,0.008281145788957113
1185,4,4,0.9125203372857001,0.020851314793604768,0.01796162577927896,0.007365338210327825,0.9125203372857001,0.027828539475351723,0.013472844455736632
1186,5,5,0.8701552844943679,0.025681999408845774,0.0469589135318384,0.010902042803902905,0.007585574496608115,0.8701552844943679,0.038716185264437014
1187,4,4,0.6288463641579696,0.0791727937789392,0.07652086839499506,0.03913508199288262,0.6288463641579696,0.1086520809267885,0.06767281074842492
1191,4,4,0.893003743129254,0.015890208638298712,0.030219377771370095,0.008415062538861685,0.893003743129254,0.03598222042727968,0.016489387494935757
1192,2,2,0.6087623735369927,0.0806072317095755,0.6087623735369927,0.03323359262192005,0.020993887899712564,0.16313874082956953,0.09326417340222962
1193,3,3,0.9394004006605331,0.01828852415696901,0.013650099046295681,0.9394004006605331,0.0030414045455791003,0.008593526376821784,0.01702604521380134
1196,1,1,0.5980184268670272,0.5980184268670272,0.09626978493478569,0.029793412668766478,0.04077908638213427,0.12476753350070374,0.11037175564658268
1197,3,6,0.33071135162880005,0.11342227950855173,0.12675348257007943,0.25228766556997845,0.0224171919649618,0.1544080287576286,0.33071135162880005
1198,1,1,0.67220881973835,0.67220881973835,0.10245494497885115,0.027758897992455345,0.014227800063447918,0.10254614438107075,0.08080339284582493
1200,2,2,0.7218029828466895,0.04772401477009604,0.7218029828466895,0.0323576573828007,0.019881411720555464,0.09913400940120039,0.07909992387865791
1201,3,3,0.9152931995079556,0.008285347578723422,0.011382849638867596,0.9152931995079556,0.004216649388722311,0.050732411731675475,0.010089542154055435
1202,1,1,0.7072506556205832,0.7072506556205832,0.0698381051291905,0.020326029039224734,0.012400860298912724,0.0926036971050735,0.09758065280701525
1203,6,6,0.6309355448216094,0.09868951621566885,0.07043970783388562,0.027124819188074495,0.0175592474471772,0.1552511644935844,0.6309355448216094
1204,4,4,0.9614875901782245,0.004983704403852182,0.007292574186065345,0.00488915253695697,0.9614875901782245,0.012392797519650499,0.008954181175250509
1205,3,3,0.9379037485104476,0.00895490241273107,0.016333957690953603,0.9379037485104476,0.00493310768107419,0.019068374854684194,0.012805908850109468
1206,5,5,0.6943973318477246,0.04711922539384075,0.11074714735975422,0.05626377638244979,0.015398491142493457,0.6943973318477246,0.07607402787373738
1208,4,4,0.9800913534045245,0.0057521828570619715,0.0034989500800564613,0.0017195662739011338,0.9800913534045245,0.005206172718503931,0.003731774665952141
1210,2,2,0.9654690932989044,0.011448132346065095,0.9654690932989044,0.00628702088468429,0.0027290732546898025,0.00632202249475919,0.0077446577208972
1214,1,1,0.7477202220035916,0.7477202220035916,0.055858404957928424,0.019997869320571033,0.06396508877531777,0.05807952673702458,0.05437888820556661
1215,5,5,0.6628056054959471,0.019375249495625,0.1528817468100253,0.03578793559662515,0.024676522867939234,0.6628056054959471,0.10447293973383825
1216,2,2,0.568870033457562,0.08386648981534676,0.568870033457562,0.03123276069562598,0.01696325330396643,0.1717048420762111,0.12736262065128784
1217,3,3,0.9472197417610537,0.007224111059237138,0.01617957296057517,0.9472197417610537,0.005611710223943321,0.012881425826045744,0.01088343816914489
1218,6,6,0.4918828172971023,0.05176181112658057,0.15761685524120386,0.04091416166225154,0.018744066993647942,0.23908028767921372,0.4918828172971023
1220,1,1,0.8046311227104079,0.8046311227104079,0.046717976932757324,0.01901657869256285,0.009125099084076535,0.05376136314261388,0.06674785943758159
1223,4,4,0.9763119798519678,0.004631080427291628,0.006109958507665936,0.0026133057424966065,0.9763119798519678,0.006561711810195693,0.0037719636603824056
1225,1,1,0.7911122764581737,0.7911122764581737,0.048417372019553775,0.016943019438984293,0.00989645578442418,0.0581895540745839,0.07544132222428014
1226,4,4,0.8807988282097364,0.020409888877861132,0.021634703647153954,0.010388925029135417,0.8807988282097364,0.04098974258239846,0.025777911653714642
1227,2,2,0.837165309490945,0.05327026902231085,0.837165309490945,0.012292172615924728,0.007565797541956358,0.05605591710469532,0.03365053422416754
1229,3,3,0.938890391438174,0.007462446045056027,0.01020183741703419,0.938890391438174,0.003658339342701229,0.03094528653265814,0.008841699224376338
1230,2,2,0.6784946631083737,0.07161101430989628,0.6784946631083737,0.02290882970246533,0.014571799905894463,0.1347473867406446,0.07766630623272573
1231,6,6,0.8679455951265242,0.02542140014726378,0.03576298331214924,0.013363317216435442,0.007649431943777527,0.04985727225384985,0.8679455951265242
1234,1,1,0.8156775996370075,0.8156775996370075,0.061836360529029986,0.019035955282580664,0.014297366466710051,0.053700077286511196,0.0354526407981607
1235,1,1,0.9062699880072348,0.9062699880072348,0.016507517468224746,0.008010441949597713,0.020000082609595616,0.025168726672397834,0.024043243292949122
1236,3,3,0.9362622659191374,0.016974807034461636,0.01577050978042287,0.9362622659191374,0.007027857727563571,0.013133762692480426,0.010830796845934096
1237,2,2,0.659631996413496,0.08722712417645233,0.659631996413496,0.03005344807010563,0.01855526542102317,0.09142642931262415,0.11310573660629883
1238,3,3,0.9163800869890488,0.008697431452152547,0.015372504706910624,0.9163800869890488,0.005489043316065274,0.04152569306831987,0.012535240467502862
1239,4,4,0.9582750740440923,0.010349360239381473,0.008122521985383392,0.004586733150021675,0.9582750740440923,0.012533317220631638,0.006132993360489359
1240,3,3,0.923384719129187,0.01042730840487832,0.022548316022094575,0.923384719129187,0.005237246510912017,0.014554962055846245,0.023847447877081845
1241,3,3,0.9208147371779128,0.013506013843258067,0.021222622908235785,0.9208147371779128,0.007405737792928772,0.01797750560425954,0.01907338267340493
1242,3,3,0.9353821868335674,0.01037881992270667,0.013840865082137187,0.9353821868335674,0.004265077999062568,0.012686196841315906,0.02344685332121018
1243,3,3,0.9389199857288054,0.005302433285864814,0.010923805463006961,0.9389199857288054,0.00554281210517544,0.032263229407256226,0.0070477340098911824
1244,1,1,0.6557087463017378,0.6557087463017378,0.08829972384091982,0.024703783582448076,0.028948764807165586,0.11402080074247145,0.0883181807252573
1245,6,6,0.7983708023762165,0.02750465762667641,0.0751112678773878,0.016976927483067297,0.013187130916695615,0.06884921371995632,0.7983708023762165
1246,2,2,0.7971906319650455,0.027749486799998304,0.7971906319650455,0.01388773239347951,0.015746708594021146,0.09930767263764166,0.046117767609813724
1247,1,1,0.7628523077715279,0.7628523077715279,0.057822999552518385,0.022174999382959245,0.009484327587546634,0.08856770786256567,0.059097657842882345
1248,5,5,0.8822405969482044,0.015092353094695069,0.04883353862208384,0.020105433533905922,0.00979665089818614,0.8822405969482044,0.02393142690292465
1249,5,5,0.6252745552512018,0.03715788770210502,0.167642033247231,0.028501002387267944,0.04238121410734577,0.6252745552512018,0.09904330730484856
1250,4,4,0.9620353044151854,0.0069620953052679825,0.010165885129230823,0.002358359030485054,0.9620353044151854,0.009057321268958186,0.009421034850872537
1252,1,1,0.9047342658003353,0.9047342658003353,0.01731686413414728,0.009383175704208982,0.011652842140737708,0.024948956993184054,0.03196389522738671
1253,3,3,0.9391505264327571,0.008857545000018466,0.015351224496435164,0.9391505264327571,0.0033232447981115854,0.016617940683067878,0.016699518589609795
1254,1,1,0.8436573166172745,0.8436573166172745,0.03695800916448829,0.013186892342811977,0.018361792508866326,0.04921036034188924,0.0386256290246697
1258,4,4,0.938292433135171,0.012978584795434251,0.010909856435979545,0.0056906067036523525,0.938292433135171,0.013873611076384348,0.018254907853378625
1259,2,2,0.5365946331899853,0.07415957149227584,0.5365946331899853,0.06157648767253739,0.021592711746829245,0.0865736333570118,0.21950296254136048
1260,1,1,0.7030976948610492,0.7030976948610492,0.10301271071612618,0.027097716819142206,0.03454719528615628,0.0764943402827772,0.05575034203474898
1262,1,1,0.795425092091278,0.795425092091278,0.03994296708840541,0.017105636751994092,0.007810854533180616,0.050895233265040404,0.0888202162701015
1263,3,3,0.9268015879837488,0.010545690194903416,0.018534468396459235,0.9268015879837488,0.003857948165249448,0.020143472390719855,0.020116832868919274
1264,5,5,0.8779022389946242,0.013407190021582291,0.06022919790533933,0.01002507018199222,0.0062648655020776396,0.8779022389946242,0.03217143739438436
1265,2,2,0.6878326214892403,0.06498902407260024,0.6878326214892403,0.019707232961588238,0.013421150784276147,0.12767223720157259,0.08637773349072249
1266,3,3,0.945038094562834,0.004503912093782291,0.01391614861277309,0.945038094562834,0.005279637136109827,0.023984392286141337,0.007277815308359414
1267,3,3,0.9318194375679787,0.011657471409767025,0.01973979994990733,0.9318194375679787,0.006290955608152393,0.01414699017953126,0.016345345284663235
1268,3,3,0.9423254497394393,0.009515463073649155,0.010242585517709955,0.9423254497394393,0.0022720744905276565,0.029224101443197453,0.006420325735476482
1269,6,6,0.644038701032609,0.06635528843971265,0.05492799414418437,0.021297329408533183,0.04609784056346931,0.1672828464114916,0.644038701032609
1270,6,6,0.5158932685662087,0.07432639224669779,0.10266452922070957,0.027263983394606835,0.028329167762404718,0.25152265880937236,0.5158932685662087
1271,3,3,0.9367340821953859,0.008816421277375168,0.018081732574594903,0.9367340821953859,0.006540440106261727,0.018236187485127366,0.011591136361254967
1272,6,6,0.5859629597522987,0.048300875216810875,0.15137362004135324,0.03080327336953745,0.02267833322176421,0.1608809383982356,0.5859629597522987
1275,3,3,0.9259096018277158,0.013621971410943142,0.020554331603452006,0.9259096018277158,0.005768501779050984,0.014635308701049916,0.019510284677788238
1276,5,5,0.7193012100893356,0.01889601400660735,0.13096675013678066,0.020677094876025454,0.009971783543083432,0.7193012100893356,0.1001871473481676
1278,2,2,0.4448968400501913,0.0667123702315094,0.4448968400501913,0.04458085566497873,0.045892126546081304,0.29462345351818275,0.10329435398905655
1279,6,6,0.5837935326004519,0.06630062112073777,0.1436182011782615,0.02549629678530424,0.02545420024097836,0.15533714807426635,0.5837935326004519
1283,4,4,0.6442438165916057,0.049769066586628906,0.08038202070979943,0.03538455874070771,0.6442438165916057,0.10136533918544713,0.0888551981858112
1285,5,5,0.6711844999988265,0.031653998484162886,0.05597709145846314,0.021296607933748133,0.02501938882319907,0.6711844999988265,0.1948684133016003
1286,1,1,0.8764517231035275,0.8764517231035275,0.03863004105835385,0.011702002047286225,0.00817860176832252,0.033146126560783584,0.0318915054617262
1287,4,4,0.919839514058025,0.018751510617306916,0.014026231336953344,0.007268623459665547,0.919839514058025,0.02427985065110986,0.01583426987693946
1288,3,3,0.9297764711119515,0.014411115964576105,0.01826462050636492,0.9297764711119515,0.006511085313330656,0.012904069292842716,0.01813263781093414
1289,5,5,0.45252271717122833,0.05360977713469939,0.07938693581592908,0.15457370935122874,0.02964225466708113,0.45252271717122833,0.23026460585983338
1291,1,1,0.6895151939536981,0.6895151939536981,0.09670218064399078,0.023172492499561027,0.019903548554168853,0.08826941806557909,0.08243716628300232
1292,2,2,0.7222565479895273,0.041034873901985944,0.7222565479895273,0.023132874570356923,0.013407505356704224,0.12242890490427714,0.07773929327714847
1293,2,2,0.39652431970991775,0.10569968806785114,0.39652431970991775,0.03322713671226778,0.06156801210149736,0.2733151862908275,0.12966565711763853
1294,1,1,0.6053796177851236,0.6053796177851236,0.08168661529862578,0.032803946137669134,0.06545375021923557,0.09755218423192852,0.11712388632741735
1297,3,3,0.9414482151647795,0.009162333607103435,0.014861696127937564,0.9414482151647795,0.004982026322880842,0.017825745934366838,0.011719982842931798
1300,3,3,0.9172377775656898,0.007423544201025063,0.01185193833682547,0.9172377775656898,0.002999775287095489,0.04579988573165553,0.01468707887770871
1301,5,5,0.5712887926242356,0.07035093674078716,0.18805155575750923,0.02646215279672426,0.015742214681850403,0.5712887926242356,0.12810434739889343
1305,3,3,0.9333301684731768,0.009403066444674956,0.019183157677561263,0.9333301684731768,0.00659601713534292,0.019182095149742184,0.01230549511950182
1306,3,3,0.9232497468318057,0.022956431103269618,0.017835685383105697,0.9232497468318057,0.0037971308084183836,0.011209000316140342,0.020952005557260164
1307,4,4,0.9370153382657319,0.011489260853232684,0.01326075490307895,0.0048667869634633236,0.9370153382657319,0.013223322876448396,0.02014453613804474
1308,5,5,0.4963618424526864,0.09954917047605813,0.21159041481947766,0.05857309011411771,0.0292406700425981,0.4963618424526864,0.10468481209506206
1309,1,1,0.8597499855595018,0.8597499855595018,0.04826269121448133,0.010037554599572111,0.00885757754162667,0.04648431270175743,0.026607878383060682
1310,2,2,0.7178162626159116,0.04343555158521552,0.7178162626159116,0.018879842881738038,0.018189994577332145,0.12371132033111339,0.07796702800868933
1311,3,3,0.935343738035608,0.012027885408070736,0.009038603812745145,0.935343738035608,0.002671811054700163,0.030882070631089362,0.010035891057786562
1312,2,2,0.627607776778764,0.040868147625278475,0.627607776778764,0.03836150320012152,0.014428201811326468,0.11287301924690783,0.1658613513376017
1313,1,1,0.9264686174234438,0.9264686174234438,0.017699817933083284,0.007051742163936171,0.004423535415098319,0.01841721880998022,0.02593906825445813
1314,3,3,0.9333871858447191,0.005643002605357525,0.014536060294429744,0.9333871858447191,0.0033910801627473498,0.03299780429658323,0.010044866796162932
1315,5,5,0.5880057959523645,0.06389580603620999,0.16274850878571784,0.032768724342992966,0.03460449272498604,0.5880057959523645,0.1179766721577287
1319,2,2,0.9058954546890928,0.03634994769461958,0.9058954546890928,0.008596197191503178,0.00527200005169189,0.020763685999951903,0.02312271437314059
1320,2,2,0.5874103492175469,0.18613649447189043,0.5874103492175469,0.03382425955058538,0.017754382965065103,0.10065031994305225,0.07422419385185988
1321,1,1,0.9247489363335395,0.9247489363335395,0.021716668687746347,0.008246624039297944,0.004967934724062477,0.019535757656810673,0.020784078558542998
1323,6,6,0.9019022365561965,0.015472885691031482,0.026354605863304393,0.011883069364880174,0.0059558338411870426,0.038431368683400496,0.9019022365561965
1324,6,6,0.8488749192100966,0.026174970902197392,0.05126875255885637,0.016838323040447762,0.009137733328144508,0.047705300960257366,0.8488749192100966
1325,6,6,0.718416452495356,0.09664332795966436,0.07026332181416867,0.033363788152767714,0.014249271159503283,0.06706383841853998,0.718416452495356
1326,1,1,0.6597595210718211,0.6597595210718211,0.11078779433114244,0.030343777048062737,0.030052658015463078,0.09563427494311873,0.07342197459039194
1327,1,1,0.7074808070479438,0.7074808070479438,0.07995160437394395,0.029714707111953547,0.014721352772818169,0.07924496132414831,0.0888865673691923
1332,6,6,0.66845257544239,0.036851785360135156,0.12636304213357458,0.04783787217750342,0.0168876781094104,0.1036070467769864,0.66845257544239
1334,3,3,0.7098252898650881,0.04610999443235996,0.07610669006948846,0.7098252898650881,0.018473735337389833,0.06811256363074686,0.08137172666492684
1335,4,4,0.981848043049905,0.0033221634985460954,0.004653487535874162,0.0020950787171714995,0.981848043049905,0.0046023684199941964,0.0034788587785090346
1336,6,6,0.7206863656598888,0.0671090636620451,0.1004226590066504,0.022064954086870286,0.015247039217181669,0.0744699183673639,0.7206863656598888
1338,5,5,0.6197237530863209,0.04347972217123703,0.19737823984862457,0.031571580253961964,0.018268614565272307,0.6197237530863209,0.0895780900745833
1341,2,2,0.434752587337849,0.1093250409295363,0.434752587337849,0.05508210119384114,0.03593484771268292,0.22677990973117654,0.13812551309491417
1342,4,4,0.9526428067059568,0.010641952442032154,0.008324669520002301,0.004371688126148854,0.9526428067059568,0.01043001138976432,0.013588871816095627
1343,3,3,0.9223453052136716,0.0211822963610275,0.02046580131680111,0.9223453052136716,0.008154221812957791,0.013405787176770026,0.014446588118771952
1344,3,3,0.9429725406462501,0.016056867972688564,0.013826701390928805,0.9429725406462501,0.002961459414141499,0.009497528819868624,0.014684901756122316
1345,4,4,0.9789582754843548,0.0022809595588460605,0.00545262145023158,0.002186592101670116,0.9789582754843548,0.0063954190105753985,0.004726132394322105
1347,5,5,0.5256324304051291,0.09253631086570789,0.16213848502460787,0.035769480173369714,0.046389285160905076,0.5256324304051291,0.13753400837028043
1348,3,3,0.9223162117482648,0.021207690372585936,0.020527199455583702,0.9223162117482648,0.008158420431865213,0.013301692806593738,0.01448878518510661
1349,5,5,0.718424095109428,0.03982896466660976,0.12267306565871158,0.029177928825099293,0.01312200193929165,0.718424095109428,0.07677394380085983
1350,5,5,0.6099469615986913,0.04854784808647634,0.16144806850202792,0.050547931447433685,0.02496524661570295,0.6099469615986913,0.10454394374966781
1351,2,2,0.8570859808476583,0.020087177235920285,0.8570859808476583,0.016269848797084457,0.008184268897685162,0.04817743208741496,0.05019529213423681
1352,2,2,0.8159818842030224,0.03589595412869228,0.8159818842030224,0.017777437443416196,0.028897977130629488,0.06287618572991983,0.03857056136431981
1353,2,2,0.5918412821162804,0.06658992600756239,0.5918412821162804,0.029824077734876196,0.03503177439479536,0.16293439287503564,0.11377854687145007
1354,2,2,0.7074591550882868,0.03943920568556652,0.7074591550882868,0.021253964151972383,0.01501888945107414,0.14306810989601532,0.07376067572708485
1355,6,6,0.6630900383029452,0.12137923793905071,0.0751394775520113,0.03298809959524073,0.013218755063426266,0.09418439154732575,0.6630900383029452
1356,2,2,0.5617791334990344,0.07559707547413505,0.5617791334990344,0.033955767504771,0.023228789951842518,0.15763717769974836,0.14780205587046857
1360,5,5,0.6941796300766611,0.03983135348051748,0.12357858517039849,0.024379721432537343,0.052324919066198544,0.6941796300766611,0.06570579077368707
1362,1,1,0.8463033813332906,0.8463033813332906,0.04287828312129396,0.013948425665482385,0.009296901054720764,0.033025067521753465,0.05454794130345873
1364,5,5,0.7535194240409981,0.038192226263910924,0.11978630862606844,0.025586478898003213,0.02093314259141833,0.7535194240409981,0.04198241957960091
1365,1,1,0.8543618598950091,0.8543618598950091,0.03993995719544161,0.010176356413312446,0.00708956283215598,0.0614095363774669,0.027022727286613896
1367,3,3,0.9481294070027914,0.008888188699568405,0.009302448685487482,0.9481294070027914,0.003299930887489111,0.020061082923461124,0.010318941801202531
1368,4,4,0.9508554147186471,0.009049571542110276,0.010649435295924922,0.006241266811977596,0.9508554147186471,0.013288730665052444,0.00991558096628766
1369,5,5,0.7490528637598023,0.027598007807715683,0.10211284736134933,0.018174088139884383,0.020040557586953132,0.7490528637598023,0.08302163534429524
1371,5,5,0.48767186879766095,0.10284431151027056,0.19785443912685277,0.03808731212468578,0.022890032213144545,0.48767186879766095,0.1506520362273853
1374,2,2,0.47657539743188276,0.07606960112525352,0.47657539743188276,0.05582635908489523,0.02436427009890654,0.20125368919899336,0.16591068306006856
1375,3,3,0.9301622136333298,0.005247711652451529,0.011182250265669026,0.9301622136333298,0.005996605400518691,0.03905002158036811,0.008361197467662881
1377,3,3,0.9075917443929368,0.012196295365704815,0.02710074185965908,0.9075917443929368,0.006163824851113082,0.01709087536078309,0.029856518169803094
1378,1,1,0.7917475528774516,0.7917475528774516,0.05090601586255949,0.0172725837169437,0.0085199771145216,0.058976553886447326,0.0725773165420764
1379,2,2,0.6985974410075257,0.12141193965852608,0.6985974410075257,0.029419125423195948,0.013495311315579633,0.0629688776339312,0.0741073049612414
1380,2,6,0.3900426074528544,0.08713098739960203,0.32105591594360955,0.028851812601678344,0.03517484503557763,0.13774383156667816,0.3900426074528544
1381,1,1,0.8159774083728017,0.8159774083728017,0.04637306830448937,0.014935179080849915,0.009954506786350292,0.045548281795647655,0.06721155565986102
1382,1,1,0.6765637913727084,0.6765637913727084,0.08581395633551926,0.025482662485333873,0.03480257770720486,0.08523814943231625,0.09209886266691739
1383,2,2,0.8813472340977347,0.025444412471513408,0.8813472340977347,0.010594736364049966,0.007630390977793487,0.04986415124236603,0.025119074846542206
1384,5,5,0.6183166464161666,0.053528928592224786,0.15951239849496918,0.04773823366186044,0.020106951311733023,0.6183166464161666,0.1007968415230461
1385,6,6,0.7302188684604154,0.02928444943191111,0.10183256180731959,0.018201065549859854,0.016857264229218245,0.1036057905212759,0.7302188684604154
1386,6,6,0.40288866863401,0.12798115311971664,0.17202627361391754,0.03675098675995737,0.03730715178032651,0.223045766092072,0.40288866863401
1388,1,1,0.7730276523440881,0.7730276523440881,0.05070912929328652,0.016441967326738582,0.020551527032532116,0.05364162932736199,0.08562809467599264
1389,5,5,0.47236370377739895,0.04502219106517569,0.13402988135177635,0.031906352006066306,0.03773863819082211,0.47236370377739895,0.27893923360876055
1390,4,4,0.966294286791419,0.004959868354587718,0.006516622920243656,0.003948307110860438,0.966294286791419,0.012311081449620304,0.005969833373268872
1393,1,1,0.8864108945939779,0.8864108945939779,0.037923537230797694,0.011394774099730918,0.008409389361340966,0.02880657368964838,0.027054831024504202
1396,2,2,0.47200869066702417,0.0415770097258413,0.47200869066702417,0.03331838704696519,0.016621837120580282,0.34297125302202486,0.09350282241756423
1397,1,1,0.6851587819577672,0.6851587819577672,0.0974882140339682,0.023784125556650677,0.026524418526490286,0.08842204763262111,0.07862241229250257
1398,4,4,0.9186120169070268,0.015885688692755386,0.020964652915692036,0.008487451574104554,0.9186120169070268,0.025279458369620453,0.010770731540800972
1399,3,3,0.9520485115478289,0.006597351021277961,0.01427298526783107,0.9520485115478289,0.004803072356176865,0.012528055264966512,0.009750024541918744
1400,6,6,0.692006906447533,0.03601266734884596,0.0954518991874764,0.032091932006778255,0.014665533126803293,0.12977106188256307,0.692006906447533
1401,3,3,0.9346710646636045,0.012263839066846265,0.016621616508155874,0.9346710646636045,0.007087973925295525,0.014144527744831761,0.015210978091266168
1402,5,5,0.49031903064432153,0.11498375913679189,0.13971281654574108,0.06344830767504747,0.06601963480387597,0.49031903064432153,0.12551645119422214
1403,2,2,0.5248514652763469,0.09383762606641145,0.5248514652763469,0.033072845422426264,0.016027307529491684,0.2121506472102727,0.12006010849505101
1404,2,2,0.43351242408202834,0.04879823100919777,0.43351242408202834,0.04382693218942182,0.01657118296604923,0.4046980006064789,0.05259322914682394
1405,5,5,0.9048882196702802,0.014445145643394544,0.03973175129958125,0.006868582583413693,0.006758544359474578,0.9048882196702802,0.027307756443855774
1406,4,4,0.9655001388025964,0.007150542828661992,0.007347011350377255,0.003994409117950529,0.9655001388025964,0.010535400352989131,0.0054724975474246705
1407,1,1,0.7922751280005662,0.7922751280005662,0.06262017426995971,0.02356420842525585,0.01336742677107492,0.0468535322908878,0.06131953024225546
1409,4,4,0.9663667624254312,0.006271520387813126,0.007293736298944879,0.003643364685858851,0.9663667624254312,0.010035186015943014,0.006389430186008991
1411,4,4,0.9230638334792353,0.026369931044454092,0.01248496118967031,0.0061341358072249845,0.9230638334792353,0.0154739686910461,0.016473169788369175
1412,4,4,0.9725637609811985,0.007377974974868777,0.005041833584205148,0.003129815728062492,0.9725637609811985,0.007201718045363752,0.004684896686301408
1413,2,2,0.6611910910931141,0.051319879906508006,0.6611910910931141,0.03724308775244144,0.014345959805293297,0.15816068622939852,0.07773929521324473
1415,3,3,0.9241768660993738,0.00857726784331147,0.02170892969085142,0.9241768660993738,0.011338880904876216,0.01862566542675723,0.015572390034829936
1416,3,3,0.9303991822716694,0.02144627194757096,0.017407484026134505,0.9303991822716694,0.006464038925538038,0.011841571140733106,0.012441451688354019
1418,3,3,0.9421906452984449,0.010957842421708207,0.007861723072757879,0.9421906452984449,0.0037528306600596324,0.02229858625047626,0.012938372296553237
1419,6,6,0.7681004288266801,0.058265392294233366,0.0397767484170538,0.015792147391457276,0.011470221330331353,0.1065950617402442,0.7681004288266801
1420,1,1,0.7370367013606346,0.7370367013606346,0.08019479099328798,0.0239535168156339,0.013286205082085162,0.08746647382359446,0.05806231192476405
1421,4,4,0.8919401601969015,0.017653622676495093,0.02306324227152101,0.009417665311772476,0.8919401601969015,0.04352578429924183,0.014399525244068151
1422,2,2,0.8077198396694572,0.04713443971896652,0.8077198396694572,0.017793135644173994,0.012946848124985491,0.06253699337173689,0.05186874347068008
1423,2,2,0.5235147048173999,0.10854923551983131,0.5235147048173999,0.028055602990321202,0.024687404989793243,0.1945618908358624,0.12063116084679197
1424,3,3,0.9284832327578773,0.011061315148300645,0.020127531862172508,0.9284832327578773,0.003921344079094753,0.014575125923940913,0.021831450228613877
1425,1,1,0.8737827234922992,0.8737827234922992,0.03924918604088985,0.012402951662489463,0.01396792500588668,0.033802097529476174,0.02679511626895843
1427,1,1,0.8220956948528682,0.8220956948528682,0.040324402751977274,0.015145929250054797,0.006745206284057149,0.05084206641356713,0.06484670044747558
1428,5,5,0.5465996694758954,0.10686442820924513,0.1363624549654471,0.04924327114831954,0.02013362142465695,0.5465996694758954,0.14079655477643588
1429,6,6,0.7082741678328843,0.09473343318880728,0.0680316448919689,0.023989221570487128,0.016190052800225396,0.08878147971562701,0.7082741678328843
1431,3,3,0.911975201089493,0.011822935705790513,0.013419960577272473,0.911975201089493,0.0047604573545902565,0.051760112946038564,0.006261332326815185
1432,1,1,0.6548809027478177,0.6548809027478177,0.09509571714044056,0.029023366337017853,0.016869499015556143,0.11862095078644423,0.0855095639727236
1433,5,5,0.5688317312750034,0.04695681624182688,0.12375713868957523,0.029563463351217373,0.028914754908036626,0.5688317312750034,0.2019760955343405
1434,1,1,0.9122497867433744,0.9122497867433744,0.029175537348690536,0.008788214424265974,0.0047449876780370805,0.02380138290105522,0.021240090904576753
1436,4,4,0.9664513482064897,0.00622692738441601,0.007226715666591017,0.0044808120346331234,0.9664513482064897,0.008094766833937872,0.007519429873932271
1437,2,2,0.9390095141710879,0.008825495021600915,0.9390095141710879,0.00845089960960531,0.004740481785514686,0.024713815530250857,0.01425979388194042
1439,5,5,0.6371179079095889,0.04454300637499267,0.13531546769090538,0.024399362735507524,0.016711850131946687,0.6371179079095889,0.14191240515705883
1440,4,4,0.9666650624680984,0.00417197613650949,0.006698663828706326,0.003645836433825802,0.9666650624680984,0.010987143343367794,0.007831317789492188
1444,2,2,0.7387761794688343,0.04846835202547007,0.7387761794688343,0.023623838740791256,0.013409446509781991,0.09431566046192705,0.08140652279319537
1445,1,1,0.7582854101236239,0.7582854101236239,0.07272917140871447,0.01781263368332198,0.015418662493650119,0.07214714283931212,0.06360697945137736
1447,4,4,0.9436579081513361,0.008146138757606723,0.010873301290452919,0.006605619487352323,0.9436579081513361,0.01975466422523637,0.010962368088015538
1448,1,1,0.7886402307083514,0.7886402307083514,0.04669665886618706,0.022861065833959658,0.021322924100343685,0.05733815010230321,0.06314097038885484
1449,2,2,0.5493590516213037,0.1609901389965566,0.5493590516213037,0.02596799860560744,0.015717037171641496,0.07624254653783039,0.17172322706706042
1450,3,3,0.9451359953928326,0.014550455038844256,0.01196775311894962,0.9451359953928326,0.002898915903117662,0.01205995274403121,0.01338692780222483
1451,2,2,0.35813013994920917,0.17265981280888298,0.35813013994920917,0.02757059434709833,0.06416485893801838,0.16097126338078588,0.21650333057600524
1453,1,1,0.8343149902307574,0.8343149902307574,0.04252354397193355,0.014983165406854852,0.006230205058970007,0.05873398892849737,0.04321410640298685
1454,2,2,0.49902760902615073,0.016242182882820037,0.49902760902615073,0.015397474059901915,0.011660846848547856,0.312842817558685,0.14482906962389452
1457,2,2,0.7225775820249254,0.04888061726219531,0.7225775820249254,0.03224812863749955,0.016894950262702102,0.11792457733115227,0.061474144481525356
1458,2,2,0.6468691170394965,0.06423405273905934,0.6468691170394965,0.02867776733769581,0.018837086283765347,0.15526222625153985,0.08611975034844323
1461,6,6,0.6292704653120929,0.1261825483518937,0.12793612329672535,0.033888567414443876,0.015554364714848558,0.0671679309099956,0.6292704653120929
1462,3,3,0.939771104257765,0.00895003330799847,0.01961816526191975,0.939771104257765,0.005906177884094671,0.013185499671660996,0.012569019616561138
1463,5,5,0.39690473888477956,0.06063312135697207,0.1143618525425243,0.05397898476517919,0.1069953879303986,0.39690473888477956,0.26712591452014633
1464,2,2,0.7980960692294636,0.04178731801698505,0.7980960692294636,0.019926396405409254,0.01088657863962081,0.06583722430057604,0.06346641340794529
1469,1,1,0.88890904394465,0.88890904394465,0.03077478052031189,0.011318622991466461,0.005118911198502061,0.03104943586329537,0.03282920548177428
1471,4,4,0.9649848577442153,0.011654181844031547,0.005804109878035503,0.0031146654146021542,0.9649848577442153,0.010348217924416002,0.004093967194699572
1473,4,4,0.9653635660161544,0.005567592937606441,0.008912781286067647,0.0029053817224749816,0.9653635660161544,0.00919125244738959,0.00805942559030697
1474,5,5,0.8430797029862555,0.01514161602195769,0.06100540750207813,0.03427770514843343,0.025205214881854572,0.8430797029862555,0.021290353459420795
1475,2,2,0.9003083286981898,0.007410853803273825,0.9003083286981898,0.007188625438839657,0.003679462005700518,0.02019684242751056,0.06121588762648582
1476,1,1,0.9659668517332515,0.9659668517332515,0.006972518638348545,0.0034325203574990075,0.001504386507429432,0.009479427878335167,0.0126442948851364
1477,4,4,0.9709504046080522,0.002578944635159418,0.0075319431976109295,0.002537966844277977,0.9709504046080522,0.01023788836463263,0.0061628523502669065
1479,4,4,0.9768296743676573,0.0038988447088746723,0.005077648460755283,0.0026002204629995782,0.9768296743676573,0.005559193888939372,0.006034418110773743
1480,2,2,0.8903374136793792,0.02724583993385628,0.8903374136793792,0.02219962451939059,0.008441994353415687,0.029036089974276792,0.02273903753968145
1481,6,6,0.9451178933093641,0.008565820220258178,0.013304510165240669,0.006667370670014604,0.0037459320929422767,0.022598473542180166,0.9451178933093641
1482,2,2,0.6290968953579197,0.045969265839155886,0.6290968953579197,0.024793298242375694,0.04167347290203962,0.15667026781666138,0.10179679984184789
1483,1,1,0.8633241633730492,0.8633241633730492,0.046486859996721135,0.01385460573699958,0.00849522068226178,0.030528895085745127,0.037310255125223214
1484,3,3,0.922079609376956,0.010688882537233746,0.02279367254791252,0.922079609376956,0.005306044190159996,0.015346789990459768,0.02378500135727791
1487,3,3,0.9402285555586462,0.007985652389290946,0.01836762099074404,0.9402285555586462,0.006511375701444707,0.014601174567591118,0.012305620792283029
1489,2,2,0.9539675464141509,0.010754858772075005,0.9539675464141509,0.004580134733805827,0.005584770718365289,0.013615205169577713,0.011497484192025233
1490,3,3,0.9418174509422029,0.008672305310746264,0.01808842960825001,0.9418174509422029,0.005864729669281464,0.013233475237491611,0.012323609232027589
1491,2,2,0.5691773459562779,0.09518692956751837,0.5691773459562779,0.030646776621172732,0.032139217047085784,0.1684678597175837,0.10438187109036146
1492,3,3,0.35854247270537065,0.23344036436361684,0.12290155784068643,0.35854247270537065,0.02906905081796441,0.11317922657598448,0.14286732769637728
1495,6,6,0.496966025601315,0.1055453384474386,0.15987520329262186,0.028513747827694873,0.0689229238110407,0.14017676101988896,0.496966025601315
1497,4,4,0.9599796708497141,0.006932418738643776,0.008414728561703937,0.004790099865779794,0.9599796708497141,0.010253551358742613,0.00962953062541577
1498,2,2,0.5424534806760765,0.09388796141508575,0.5424534806760765,0.029908905074847742,0.021737310236991592,0.2081508158007106,0.10386152679628788
1500,3,3,0.9382907999087937,0.009842791132628861,0.017095242658941145,0.9382907999087937,0.006665084754004729,0.014712747081684545,0.013393334463947065
1501,4,4,0.8745446394876528,0.030240031325921565,0.022330464971202595,0.014164786401837801,0.8745446394876528,0.03168499785073287,0.02703507996265237
1502,1,1,0.8736025522545449,0.8736025522545449,0.04087556261731625,0.009762879164153448,0.015176848976384754,0.03320531213948802,0.02737684484811275
1503,4,4,0.9546662006194068,0.006160861469040932,0.011027231034266049,0.004538598902800268,0.9546662006194068,0.014948536625923275,0.008658571348562684
1505,3,3,0.9433767505773968,0.012811231061517957,0.010747967552008004,0.9433767505773968,0.005159810122763553,0.011619523433378407,0.016284717252935167
1506,5,5,0.7616329593358433,0.043123689463375144,0.07084854392502883,0.030390346358157426,0.02816846508975129,0.7616329593358433,0.06583599582784412
1507,1,1,0.84653627435246,0.84653627435246,0.03350260802585208,0.01503735063459855,0.005590224973972423,0.03330836707801744,0.06602517493509948
1508,4,4,0.8712304745118568,0.027101773226796824,0.028983669699712267,0.015127654329097988,0.8712304745118568,0.03671761611378341,0.02083881211875272
1509,1,1,0.9226735955737131,0.9226735955737131,0.016588929438940993,0.007190670471766589,0.004609132267411707,0.01723324290059901,0.031704429347568654
1511,2,2,0.5401729688640169,0.1256162750229841,0.5401729688640169,0.038274932553039036,0.02135366281139783,0.17944011022688705,0.09514205052167507
1513,2,2,0.6293086314717866,0.09658710585415851,0.6293086314717866,0.0343563236505509,0.018473927059999836,0.12350908109464069,0.09776493086886356
1514,5,5,0.6295371033876229,0.09328304069293405,0.10381687492851337,0.027825871918461,0.017219159963236117,0.6295371033876229,0.1283179491092325
1516,4,4,0.8855398850749159,0.021350721085426464,0.029333719307800418,0.011436529128670072,0.8855398850749159,0.03425817986491253,0.01808096553827465
1517,3,3,0.9394065146074401,0.014366485386870626,0.010027904099350865,0.9394065146074401,0.004415963148925491,0.014772409972321493,0.017010722785091408
1518,5,5,0.7540679222143083,0.021557288287960764,0.12290281238449967,0.02607783582731895,0.030982612832237577,0.7540679222143083,0.04441152845367477
1519,4,4,0.9431624231847031,0.01877033700193341,0.010721050844028482,0.0037866363710477788,0.9431624231847031,0.013513958090155744,0.010045594508131491
1520,6,6,0.7665924566970886,0.00682047554003323,0.19660386189940224,0.008329482625061953,0.0052457632778598355,0.016407959960554122,0.7665924566970886
1521,2,2,0.6118268021191059,0.08352493342723341,0.6118268021191059,0.03952344902651283,0.022184264895906847,0.1246126978857285,0.11832785264551253
1522,6,6,0.8629749582649948,0.026266775700677328,0.04248919030654985,0.015321973941096637,0.006478777998731371,0.046468323787949996,0.8629749582649948
1525,1,1,0.8610324726932652,0.8610324726932652,0.052064504293337976,0.014264849347703777,0.008580405342292166,0.03852388408054489,0.025533884242856034
1531,5,5,0.7218284168972492,0.07752831541379028,0.09360154616208613,0.017610965452231352,0.012955586126581849,0.7218284168972492,0.07647516994806135
1532,3,3,0.9440521535754537,0.00649387984865744,0.014911985393586947,0.9440521535754537,0.006597978316313372,0.016649779264553948,0.011294223601434668
1533,1,1,0.8535317368874077,0.8535317368874077,0.04090233371858473,0.012987659615433854,0.011672314118414509,0.04014393978809849,0.04076201587206074
1534,3,3,0.9338549085640927,0.009885984035256248,0.021328264402362126,0.9338549085640927,0.007083071195571939,0.013571143717582928,0.014276628085134123
1536,3,3,0.9273507737900057,0.011941632260772035,0.012740805141728618,0.9273507737900057,0.003616774796686325,0.019069835199306863,0.02528017881150041
1538,6,6,0.4541949663357265,0.06136989889786658,0.18857778784601723,0.03854557740651368,0.023394471530692185,0.23391729798318378,0.4541949663357265
1539,2,2,0.6090189196982309,0.04085369292638408,0.6090189196982309,0.029169572285085314,0.04594384902320421,0.15750934187435833,0.1175046241927372
1540,5,5,0.5021227260866231,0.036453623115150456,0.24049192282793339,0.045014390874955554,0.027038945855728722,0.5021227260866231,0.14887839123960875
1542,6,6,0.5915116482169063,0.14909959348110255,0.08225487637771109,0.03628863470793268,0.01714975383354957,0.12369549338279778,0.5915116482169063
1543,1,1,0.782103204841955,0.782103204841955,0.04106309850182351,0.017784037406057517,0.02061252251212274,0.08014034365700186,0.058296793081039355
1544,3,3,0.9409071782570361,0.007748437554819488,0.01590808722390833,0.9409071782570361,0.006937140984773978,0.018534745517905876,0.009964410461556295
1545,4,4,0.9735712933102121,0.005064012078741329,0.006805432034109766,0.0029424755012197076,0.9735712933102121,0.007368995771109297,0.004247791304607834
1546,1,1,0.7544968144482873,0.7544968144482873,0.07375916355499153,0.0201049895954176,0.026476663340228794,0.0674954662031249,0.057666902857949856
1548,2,2,0.8662245369461061,0.03984074034454156,0.8662245369461061,0.012766404467962724,0.00762859478205392,0.04044556950629022,0.03309415395304547
1550,5,5,0.6292607256021759,0.033856891521951746,0.22502171760838055,0.035473854535122744,0.024832334546047,0.6292607256021759,0.051554476186321946
1551,5,5,0.6273503283038586,0.07700580600362564,0.1340682535867026,0.020558205481608617,0.0136846512407282,0.6273503283038586,0.12733275538347638
1552,4,4,0.8621554748410528,0.028264623149865532,0.034852345818560566,0.010309392684978628,0.8621554748410528,0.043370363202625516,0.02104780030291697
1553,2,2,0.6368290262334407,0.010966842471516391,0.6368290262334407,0.04649178596749525,0.01486541251085198,0.2269167401668533,0.06393019264984257
1554,3,3,0.937057712351857,0.01661444576984564,0.014665434173226953,0.937057712351857,0.0055101030645488954,0.015924811752540975,0.010227492887980541
1556,1,1,0.7469603785692839,0.7469603785692839,0.07081326139152484,0.02411044496141321,0.012107062912266318,0.08322178036710902,0.06278707179840275
1557,3,3,0.9510987445180282,0.009796177465861353,0.007298563465178663,0.9510987445180282,0.0021374648044111843,0.02200671513051414,0.007662334616006444
1561,3,3,0.9087917999402091,0.029694522137803415,0.022701954384713806,0.9087917999402091,0.008443463357221959,0.014906627887488845,0.015461632292562904
1563,4,4,0.9398415492856734,0.012507032091843324,0.011072326352712027,0.008555249533265653,0.9398415492856734,0.015710086770242118,0.01231375596626355
1564,1,1,0.8466424023006204,0.8466424023006204,0.03684802145177186,0.015586757217588478,0.006775125529014538,0.04043832999893954,0.05370936350206516
1565,3,3,0.9402285555586462,0.007985652389290946,0.01836762099074404,0.9402285555586462,0.006511375701444707,0.014601174567591118,0.012305620792283029
1566,3,3,0.9300152254072781,0.00544125812029558,0.014447243674255523,0.9300152254072781,0.004680209605570844,0.039629546980257585,0.005786516212342341
1567,1,1,0.710717039832239,0.710717039832239,0.09365221850087005,0.023011501038335692,0.01717655629755312,0.09307372476727906,0.06236895956372308
1570,2,2,0.35691807889987415,0.14623982519776826,0.35691807889987415,0.04782939162943373,0.02110356124310223,0.3022759254524446,0.12563321757737714
1571,2,2,0.7753644251454662,0.03839135299906878,0.7753644251454662,0.02643978242245439,0.028870015911691645,0.047584010470861055,0.08335041305045786
1572,4,4,0.9724927238110308,0.0045003877478314025,0.00760580208899229,0.0024907273361145757,0.9724927238110308,0.007560950044484061,0.005349408971546829
1573,3,3,0.923419421631264,0.013991652757797424,0.018143723724701074,0.923419421631264,0.0064073394300013745,0.029213663518468297,0.008824198937767837
1574,4,4,0.8211364017321784,0.02986367881546585,0.03906849852270448,0.025978616932107446,0.8211364017321784,0.04483517527831751,0.039117628719226444
1575,3,3,0.9249099414955547,0.009879693664584788,0.020262707098518993,0.9249099414955547,0.005010751316721334,0.020180028980300725,0.019756877444319455
1576,3,3,0.9233903206351693,0.012786539702248825,0.016769588722510352,0.9233903206351693,0.004043667956860832,0.013037968591790655,0.02997191439142003
1578,4,4,0.9633931502690445,0.007450859451220388,0.0076160822584780095,0.004101908067260688,0.9633931502690445,0.007616200573671931,0.009821799380324495
1579,1,1,0.7432445157613786,0.7432445157613786,0.08696091002037416,0.022325783970071858,0.015009474743010573,0.08752351803539891,0.04493579746976579
1581,5,5,0.563083818204065,0.06804808183383347,0.10945709900403763,0.04189237702181164,0.03562007665339619,0.563083818204065,0.1818985472828561
1582,2,2,0.9058473786940917,0.012996852600982694,0.9058473786940917,0.006465840766354587,0.005823368624885929,0.046761247502254064,0.02210531181143091
1584,2,2,0.9249400523617354,0.009711989900213559,0.9249400523617354,0.010002839968107953,0.004408717354083195,0.03379691871821686,0.01713948169764305
1585,6,6,0.6382517582465457,0.12907735241984833,0.08586117511376379,0.029920256375709872,0.014310407760187436,0.10257905008394487,0.6382517582465457
1586,4,4,0.9374835820783334,0.021394093296639605,0.009635397905125163,0.00494453359660909,0.9374835820783334,0.013434738162399549,0.013107654960893177
1587,3,3,0.9522903595473194,0.006049218388520386,0.012547415188660845,0.9522903595473194,0.004527956187355132,0.016325256074499844,0.00825979461364438
1588,5,5,0.7159982645482981,0.047766522860877056,0.07646147765198998,0.06514856444105081,0.019170224353352826,0.7159982645482981,0.07545494614443131
1590,3,3,0.9248938113762137,0.005965932889823103,0.014547171354069908,0.9248938113762137,0.004060983745037909,0.043856684034426274,0.006675416600428929
1591,2,2,0.8560216016854199,0.007036951497288701,0.8560216016854199,0.010939246879216604,0.00618938087493333,0.1018686715734471,0.017944147489694327
1594,6,6,0.4714292443524483,0.1145009450648025,0.15365177116996084,0.03636371660913831,0.026159500268751162,0.1978948225348988,0.4714292443524483
1595,4,4,0.9343133658948667,0.012768321115868536,0.015940386108214178,0.00755326819890295,0.9343133658948667,0.017585187690238042,0.01183947099190954
1596,6,6,0.7156706927991073,0.0879056635200349,0.06483269288465952,0.03836389548136976,0.013048280347398,0.08017877496743053,0.7156706927991073
1598,1,1,0.6532979096452626,0.6532979096452626,0.0952063200762005,0.030456615764782542,0.024686682253448004,0.10540622252663544,0.09094624973367105
1599,3,3,0.9347778741484329,0.005775007634250633,0.011879268430497643,0.9347778741484329,0.005116412135674763,0.034574362499105206,0.007877075152038742
1600,4,4,0.9548014492830732,0.009628440529367472,0.009901453639737552,0.003996911144863491,0.9548014492830732,0.011735871778424308,0.009935873624534002
1601,2,2,0.9466979945615854,0.012095511200572487,0.9466979945615854,0.006520353259026756,0.003637703017948362,0.01480305250945493,0.01624538545141192
1605,3,3,0.9137392101218273,0.004731443827313323,0.014150365764066383,0.9137392101218273,0.0058961757468948646,0.05556975773150409,0.005913046808394019
1606,3,3,0.9237524789722666,0.01548283312792881,0.020435418676601418,0.9237524789722666,0.006650346222036368,0.01531160622627456,0.018367316774892152
1608,6,6,0.831640204288321,0.027909684248317596,0.05151301609588307,0.01798476272824248,0.007525323199246875,0.06342700943998902,0.831640204288321
1612,2,2,0.8299919228819754,0.034959447636925864,0.8299919228819754,0.014022127737590711,0.010085005450592401,0.06892545885393782,0.0420160374389777
1613,5,5,0.7087907124481193,0.029343384841396668,0.11299047791407141,0.02728470893329188,0.02986670358733079,0.7087907124481193,0.09172401227578995
1615,5,5,0.701127640567543,0.07497982196723998,0.11827948691355243,0.025606688423580548,0.01892355628384541,0.701127640567543,0.0610828058442387
1616,1,1,0.807004615093297,0.807004615093297,0.06445287999564665,0.01710628687469602,0.011943103794024279,0.05612039686931783,0.04337271737301823
1617,1,1,0.8478695743057905,0.8478695743057905,0.039282777564032846,0.014708794970877717,0.019369242343702908,0.047455399724031795,0.03131421109156418
1619,2,2,0.7455279478815935,0.03083313754825719,0.7455279478815935,0.01924658212681673,0.018061395142530398,0.11615105898430933,0.07017987831649285
1620,2,2,0.9060215665083875,0.014356577441612475,0.9060215665083875,0.009646580410068254,0.005631972336854155,0.03944664035830301,0.02489666294477466
1621,3,3,0.9346100652937261,0.01873952131391247,0.015103856642952242,0.9346100652937261,0.0033249513890334214,0.010680376739643508,0.01754122862073224
1623,4,4,0.9677425312028016,0.009572936957234827,0.004750226068050917,0.003330494942700185,0.9677425312028016,0.00700057001589254,0.007603240813319957
1624,4,4,0.8373492167831103,0.028647129405240855,0.03712942962875411,0.01525217936642632,0.8373492167831103,0.04964922152285392,0.031972823293614665
1627,3,3,0.9323400217961436,0.016436313614820303,0.017425629708147993,0.9323400217961436,0.00824372143282264,0.013658870619872013,0.011895442828193473
1628,4,4,0.9157957870332384,0.010098928571836186,0.02025248611472927,0.00866770207381488,0.9157957870332384,0.030559242314431585,0.014625853891949724
1632,5,5,0.5478040962916465,0.03252315665338498,0.16256953430501175,0.04990644198146863,0.03225167559840289,0.5478040962916465,0.17494509517008533
1633,3,3,0.9393853643096389,0.011725763396589222,0.01380711613515064,0.9393853643096389,0.004442893900856209,0.023874562250069925,0.0067643000076951475
1634,3,3,0.9494964840863966,0.0047384189163262,0.010528581874415152,0.9494964840863966,0.005241179705850053,0.0222618886062253,0.0077334468107865505
1637,3,5,0.21219924966278883,0.18774517685799313,0.19144411462229352,0.17818205849456056,0.024450541225870506,0.21219924966278883,0.2059788591364934
1638,6,6,0.7892653783401532,0.0444548392798329,0.057608094679186775,0.021441011378214817,0.010575548377093659,0.0766551279455186,0.7892653783401532
1639,3,3,0.5319832211641486,0.0701481228957335,0.09817155139173116,0.5319832211641486,0.021042444414812275,0.12300510092937754,0.15564955920419699
1640,5,5,0.793715074708786,0.02826586617148168,0.10143461207697999,0.01622753883185933,0.009519041278568539,0.793715074708786,0.05083786693232445
1641,3,3,0.404423563825466,0.18527494193983102,0.07965251202004843,0.404423563825466,0.016245207744260623,0.08947177612183153,0.22493199834856223
1642,1,1,0.8396367835087999,0.8396367835087999,0.041705659704351035,0.013688231760557562,0.015405618286141072,0.05424615671891084,0.03531755002123961
1643,1,1,0.8645135627941058,0.8645135627941058,0.027453253790419758,0.012218550463692432,0.015940297989234846,0.03367001592864455,0.046204319033902694
1644,5,5,0.7265109722479736,0.05530411105437802,0.06709003769389564,0.02557655357947155,0.033477708031940036,0.7265109722479736,0.09204061739234115
1646,5,5,0.6519711657032067,0.06269284992516941,0.08676823723972996,0.03769221456158757,0.01859133374259427,0.6519711657032067,0.14228419882771207
1647,6,6,0.7125533608185807,0.04404078357258283,0.09258186161483245,0.028841674126105995,0.016010932954863152,0.10597138691303486,0.7125533608185807
1649,6,6,0.8578772646886424,0.015074323867329318,0.03840969430715096,0.013855590556884187,0.013678523469661997,0.061104603110331196,0.8578772646886424
1650,6,6,0.774755334270497,0.04910723720718516,0.0584641420873042,0.013532608989531847,0.009302809085841923,0.09483786835963985,0.774755334270497
1651,1,1,0.8492998647836486,0.8492998647836486,0.03731657354950513,0.009555558361796801,0.017003462114938205,0.038875618020920176,0.04794892316919112
1656,5,5,0.8963574333472507,0.012696807605054821,0.04279628470271174,0.008838444912293755,0.006633702994752772,0.8963574333472507,0.03267732643793616
1657,6,6,0.6830702469444512,0.03811102802404418,0.12272061373861824,0.020265473893419466,0.009986803741290505,0.12584583365817648,0.6830702469444512
1659,6,6,0.8901985241519986,0.019945134011551596,0.033344263948144805,0.014097569023451322,0.008254696984695813,0.034159811880157924,0.8901985241519986
1661,2,2,0.8957225532969798,0.01905829821184659,0.8957225532969798,0.01041806197494368,0.015797076345677532,0.029550660454925954,0.029453349715626572
1663,3,3,0.9394925847460582,0.008548729230419235,0.018343863326669846,0.9394925847460582,0.007421166040864262,0.01425643208308134,0.011937224572907051
1665,6,6,0.7082868020305719,0.051290705449343894,0.08014064489435427,0.015384749019214742,0.008715624933708853,0.1361814736728063,0.7082868020305719
1666,5,5,0.5207149101269255,0.1744137926298416,0.15681027753327198,0.03433007203142939,0.037246452228358984,0.5207149101269255,0.07648449545017255
1667,2,2,0.4353960975351714,0.08869564492141013,0.4353960975351714,0.036482878994446646,0.017791151275961117,0.18661923539029415,0.23501499188271663
1668,5,5,0.5435194747517311,0.0593954001145529,0.16155407705183172,0.04840396513872914,0.024748279477049096,0.5435194747517311,0.16237880346610598
1669,5,5,0.7225533520092089,0.04615200459687632,0.09715150050750132,0.022174834524920937,0.03070534604337111,0.7225533520092089,0.08126296231812147
1671,3,3,0.9397731860325957,0.009308724069111448,0.01673757308346272,0.9397731860325957,0.0033617288246337545,0.013215592329494489,0.017603195660701863
1672,5,5,0.8672598262102713,0.01612632344686814,0.03877641278578219,0.015955921658867087,0.018551232746012537,0.8672598262102713,0.04333028315219877
1673,5,5,0.609749135148762,0.020148800806882857,0.2169109341908314,0.04159657621949157,0.036291541520780915,0.609749135148762,0.07530301211325131
1674,6,6,0.9237178812794007,0.017805676095083697,0.019661816934586566,0.01205359707563238,0.00547815506233146,0.02128287355296517,0.9237178812794007
1675,1,1,0.9514906338303603,0.9514906338303603,0.014060850076178985,0.006499094540800542,0.0055002706160451114,0.01186498773095303,0.010584163205662142
1676,6,6,0.6846681697763589,0.15767461806049105,0.04098532305669276,0.039708539772308885,0.010588816247795958,0.06637453308635238,0.6846681697763589
1677,4,4,0.9619656929602256,0.007952470469916996,0.006246253375803695,0.0037651569829751214,0.9619656929602256,0.008260742997305174,0.011809683213773377
1678,3,3,0.9359013196994872,0.006543177683534248,0.016163041797468927,0.9359013196994872,0.0041876368434207506,0.027850645276528703,0.009354178699560222
1679,5,5,0.6291144914084704,0.061049985683202926,0.13758767882371284,0.07578755996979572,0.030147551278957394,0.6291144914084704,0.06631273283586066
1680,6,6,0.741307370385424,0.052267192299904223,0.08891988903092816,0.02945299525025308,0.012823731076448353,0.0752288219570421,0.741307370385424
1681,5,5,0.5402391054837166,0.10315006068373508,0.15304362912095618,0.03188935572113845,0.04505856001050026,0.5402391054837166,0.12661928897995348
1683,6,6,0.6098937917333929,0.028609573817927936,0.13321893604040447,0.024948503748792556,0.04654586056038049,0.15678333409910164,0.6098937917333929
1684,3,3,0.26284615499539393,0.08576494688896592,0.23766270874523002,0.26284615499539393,0.02611827952899129,0.1390930718464639,0.248514837994955
1685,3,3,0.9467062430411315,0.0072808114559867985,0.01628504324741785,0.9467062430411315,0.005652931320422511,0.013123221824718541,0.010951749110322718
1687,4,4,0.8685440610556393,0.017644039364837112,0.03197368009378217,0.013045944883857677,0.8685440610556393,0.03998571186208241,0.028806562739801325
1688,2,2,0.5355790070145737,0.059170952471616384,0.5355790070145737,0.03196656712073641,0.020510910050311946,0.18613112869386916,0.16664143464889244
1689,4,4,0.945415390753159,0.007604623687606954,0.013006684675655729,0.0035836184723472787,0.945415390753159,0.02041664089916836,0.009973041512062644
1691,4,4,0.980501587614685,0.003646331445232224,0.005437232372007812,0.00213020212274248,0.980501587614685,0.005070185501185328,0.003214460944147235
1692,4,4,0.7990961174433254,0.03172206708910064,0.04798791199202534,0.0151833772160581,0.7990961174433254,0.06035551929832508,0.045655006961165444
1693,3,3,0.9159182585637164,0.02307714415865653,0.020865016361362426,0.9159182585637164,0.009289516295040602,0.017165997544122843,0.013684067077101212
1694,1,1,0.9287826709501132,0.9287826709501132,0.02159136017620045,0.006074275256459285,0.011436736744719778,0.023031762045064758,0.009083194827442477
1695,4,4,0.9655455964027545,0.008751196235424282,0.005762649355994502,0.003471341080048611,0.9655455964027545,0.008612260593093213,0.007856956332684949
1696,3,3,0.9289568763221844,0.011086515188715744,0.021483062767573433,0.9289568763221844,0.006099612205240498,0.014631244400587643,0.01774268911569825
1697,5,5,0.8382096138726743,0.024007272761907582,0.05911814121343765,0.015588306414933266,0.02514690230223954,0.8382096138726743,0.037929763434807626
1698,2,2,0.8418005176101705,0.026374104188341,0.8418005176101705,0.012897742701096317,0.011864585914406266,0.06356326356114794,0.04349978602483797
1699,6,6,0.8523688393241631,0.01927240064300661,0.05978675915253061,0.011123747175483069,0.008732805691674747,0.04871544801314185,0.8523688393241631
1700,6,6,0.5368308401422948,0.10386350092121169,0.1280169369370761,0.03836854548962357,0.028546891714746715,0.16437328479504715,0.5368308401422948
1701,1,1,0.7830415764397791,0.7830415764397791,0.05554064056892245,0.01585581248227852,0.015198664768082503,0.07148083251425506,0.05888247322668226
1702,3,3,0.9346211152058601,0.010431212362203348,0.016765152088566503,0.9346211152058601,0.005815510406303278,0.01904739876758882,0.0133196111694781
1703,4,4,0.9258333749993981,0.017668199835695533,0.017660002858995136,0.007351488229822472,0.9258333749993981,0.021860371699899024,0.009626562376189668
1704,1,1,0.6490768687645753,0.6490768687645753,0.05813052714157693,0.029652505622513526,0.01077206800181019,0.09131411031215654,0.16105392015736755
1705,5,5,0.6772598238670207,0.05784671990920787,0.07035347366793249,0.022480414927538023,0.07183129945322095,0.6772598238670207,0.10022826817508004
1708,2,2,0.4891815119098916,0.10402935133712679,0.4891815119098916,0.030952974449563853,0.03143241446015944,0.19270264488488795,0.15170110295837042
1709,3,3,0.9290427950624156,0.009631459769035088,0.0164369867637689,0.9290427950624156,0.005146388325554401,0.029194052624412273,0.010548317454813848
1711,1,1,0.9735958484630773,0.9735958484630773,0.007824164969934252,0.002360937080842887,0.002173657549802029,0.00676139491078199,0.007283997025561613
1712,1,1,0.886970174748854,0.886970174748854,0.024890558017245906,0.009983035726106496,0.019927727359551558,0.030402123224044807,0.027826380924197303
1714,4,4,0.9616597411000894,0.008106999961694061,0.007640056057492324,0.005358131042028025,0.9616597411000894,0.009806749712492171,0.00742832212620396
1715,3,3,0.9390527499186174,0.0072977955966850964,0.01819808429037976,0.9390527499186174,0.008097679154117306,0.013075611305005766,0.01427807973519471
1716,4,4,0.9695117416241605,0.003880943797565073,0.007040647943344379,0.0021657037907852014,0.9695117416241605,0.010254243619068461,0.007146719225076404
1717,6,6,0.7992709090708141,0.03654132696441702,0.05349583689977489,0.024036239917350787,0.011127963308177488,0.07552772383946567,0.7992709090708141
1719,4,4,0.9338039684728707,0.014008926303608952,0.016366415628494255,0.006651244608382383,0.9338039684728707,0.016593748573832532,0.012575696412811033
1720,4,4,0.690636929023926,0.06688571868824149,0.07674224341832434,0.02540622660489592,0.690636929023926,0.08450639788398549,0.055822484380626765
1721,5,5,0.5310065557290141,0.09267444168181892,0.14384192134360918,0.036505848145348956,0.018043115993739846,0.5310065557290141,0.17792811710646894
1723,4,4,0.8934393642232464,0.02474439038977889,0.022164266262584654,0.008596433263544343,0.8934393642232464,0.03580734828494501,0.015248197575900733
1724,1,1,0.8704300827048068,0.8704300827048068,0.0344419865303797,0.013146554776115272,0.014219085764719393,0.04420437604715001,0.02355791417682887
1726,6,6,0.7097534880023698,0.030506073150237397,0.11575399661024988,0.02377916779632191,0.013700917806095555,0.1065063566347255,0.7097534880023698
1727,1,1,0.8486930766645278,0.8486930766645278,0.04659872505619483,0.014037706690982279,0.009007342015072996,0.04111978627575463,0.040543363297467536
1728,4,4,0.9381295934225719,0.009167232854852644,0.010641913310186471,0.007794150077246472,0.9381295934225719,0.01867372072278862,0.015593389612353929
1731,2,2,0.7497809512166148,0.042601730817747464,0.7497809512166148,0.023033245629129232,0.015820286266449445,0.10488377250262823,0.0638800135674308
1732,5,5,0.9109184038130411,0.017008034794306855,0.03408718938144102,0.009308513376564305,0.008581410408785205,0.9109184038130411,0.020096448225861548
1734,3,3,0.9299545166653514,0.013418078742169668,0.01698275233322991,0.9299545166653514,0.006147939889205081,0.018436718929644148,0.015059993440399747
1735,4,4,0.9531591057108993,0.007837240346558918,0.011397365386317061,0.0035689962496260924,0.9531591057108993,0.014318495903856362,0.009718796402742168
1736,2,2,0.7993989157562691,0.048388271695114636,0.7993989157562691,0.015477473287265531,0.014371171393104778,0.07034796878011573,0.05201619908813033
1737,1,1,0.6828372868325046,0.6828372868325046,0.06686053844372732,0.029737700685143375,0.014584548492768377,0.08161122996561668,0.12436869558023973
1738,1,1,0.7504201154892338,0.7504201154892338,0.055773578087028666,0.02146926278129282,0.0612138236923922,0.06876249448662074,0.042360725463431816
1739,2,2,0.6688199507759464,0.01907472530517622,0.6688199507759464,0.023305239355874093,0.012859438294185014,0.24075404302861375,0.035186603240204624
1740,6,6,0.8324724953739119,0.03495810366095776,0.05618336466821124,0.01435320309038719,0.008150232585806664,0.05388260062072523,0.8324724953739119
1742,1,1,0.9043248447005767,0.9043248447005767,0.025171736500333223,0.009435908362396599,0.007101149089685767,0.02582477849217363,0.02814158285483404
1743,4,4,0.9562712467804809,0.005486010263671973,0.011995582306543856,0.003905158276381556,0.9562712467804809,0.013643931737657882,0.008698070635263821
1744,4,4,0.9857983709822399,0.0028553755521091243,0.0025350905004932274,0.001217707581871145,0.9857983709822399,0.0035214895424724277,0.0040719658408142
1745,6,6,0.8778619877777152,0.03195442290275524,0.03132411705282557,0.014286083021414547,0.00898177663055023,0.03559161261473923,0.8778619877777152
1746,2,2,0.8496247689239101,0.009488756045801842,0.8496247689239101,0.009332171975613883,0.015077387488940878,0.027015636087167297,0.08946127947856614
1747,2,2,0.9725727937085158,0.0051856302166877295,0.9725727937085158,0.005206714476419419,0.0028636353521294443,0.006058577733879385,0.008112648512368243
1748,1,1,0.8381760665683233,0.8381760665683233,0.04338859122114302,0.017796667492266435,0.02200023461601241,0.03789950513353461,0.04073893496872031
1749,2,2,0.6694572204241925,0.03497652727221176,0.6694572204241925,0.06341081268062927,0.02405857274118856,0.13718673601443537,0.0709101308673425
1750,3,3,0.9294021833528591,0.010788569381889202,0.012478182785574124,0.9294021833528591,0.00433607256360822,0.03817507633525421,0.004819915580815166
1751,4,4,0.9447961659980456,0.007764687898439288,0.014957996123516726,0.0038881751279026223,0.9447961659980456,0.016007636015791974,0.012585338836303767
1752,5,5,0.8186553340023356,0.0274226407380123,0.06680044014776558,0.021626654852264303,0.008014515561641447,0.8186553340023356,0.05748041469798086
1753,5,5,0.8680309320802049,0.023659075021891154,0.04777262610913426,0.01348905425954544,0.007081278009799493,0.8680309320802049,0.03996703451942484
1754,3,3,0.9197688018553822,0.020852161706640032,0.02103818703221315,0.9197688018553822,0.008069251669284015,0.015313212943223794,0.014958384793256875
1756,5,5,0.6891432212597234,0.04675726319379779,0.12512865326338668,0.02881731093644006,0.04420407083613166,0.6891432212597234,0.06594948051052038
1757,6,6,0.6394769675011724,0.0717549302052666,0.08114199793802028,0.029923288367380896,0.01560183184769628,0.16210098414046345,0.6394769675011724
1758,2,2,0.5835009848546243,0.0865747517561625,0.5835009848546243,0.025445490450556742,0.013855700528111716,0.13305837595843453,0.15756469645211021
1759,5,5,0.7595973975955147,0.02761926147627435,0.10861354478312601,0.05866627324178098,0.0101924024628653,0.7595973975955147,0.035311120440438666
1760,6,6,0.6295212237072634,0.05180600753461957,0.12703700843505908,0.02728853331050747,0.017517043827092967,0.14683018318545762,0.6295212237072634
1761,2,2,0.7162832074949766,0.048042266528907335,0.7162832074949766,0.03253540412538493,0.019851883543960638,0.1271506102579984,0.056136628048772126
1763,1,1,0.7934105969020703,0.7934105969020703,0.0552250489029533,0.015465036169488302,0.04608329767617618,0.05588507154383856,0.033930948805473274
1766,3,3,0.9392149822377556,0.007344419220845999,0.018408212859765277,0.9392149822377556,0.008096094987223133,0.013019280504675886,0.013917010189734165
1767,2,2,0.7848089412379223,0.04003861652904678,0.7848089412379223,0.014626503696038967,0.009230920520262845,0.13215876498510193,0.019136253031627082
1768,5,5,0.6746113582818153,0.056764862713391394,0.12870193534883606,0.03817659715345176,0.01944651314830806,0.6746113582818153,0.08229873335419745
1770,6,6,0.6452279301277678,0.02910646954080472,0.05245198246116615,0.017043266958585792,0.008881995243136034,0.24728835566853954,0.6452279301277678
1772,3,3,0.9223544591958098,0.012110936966474802,0.01506928291190268,0.9223544591958098,0.003963663749503951,0.017950382534604497,0.028551274641704254
1773,3,3,0.93580707541948,0.010754949087643507,0.012134130810648156,0.93580707541948,0.004160987651117779,0.031632833834963306,0.005510023196147226
1775,4,4,0.9341151499341825,0.01680363770758475,0.010121872545137195,0.00477760401092994,0.9341151499341825,0.01199199943770821,0.02218973636445734
1776,2,2,0.6699569576852635,0.035501484936553813,0.6699569576852635,0.017303829255382066,0.022587415025037475,0.16473497599721812,0.089915337100545
1777,6,6,0.7126143459203943,0.11106625654206244,0.03401430519912173,0.02267217417716412,0.020379166499348234,0.09925375166190925,0.7126143459203943
1780,6,6,0.4891796630205158,0.10605819872323313,0.14622785045918643,0.06777706982037347,0.03125469845345517,0.15950251952323605,0.4891796630205158
1781,2,2,0.8193833458894877,0.0553032745417052,0.8193833458894877,0.02172397247595598,0.00963249305441014,0.05805445846173703,0.03590245557670401
1782,5,5,0.6032284697432257,0.06937311776262224,0.11250169872579076,0.022460393704633375,0.011877169095868556,0.6032284697432257,0.18055915096785938
1783,2,2,0.7166907181673279,0.08509022368381652,0.7166907181673279,0.03494336436665935,0.029874385173399985,0.05478885088420463,0.0786124577245916
1784,6,6,0.7825045668996075,0.03446271637586153,0.07659612187063897,0.01705739512400883,0.012233888694624837,0.0771453110352584,0.7825045668996075
1785,3,3,0.9479625603062115,0.006522466964004862,0.013920481619875004,0.9479625603062115,0.005235428076002075,0.01738345746891161,0.008975605564995092
1786,4,4,0.9692968013315181,0.004955507818437522,0.007111253240873163,0.003169304668853855,0.9692968013315181,0.010566805093632595,0.004900327846684867
1787,5,5,0.6338264178357634,0.07601592862901213,0.14159499516946078,0.03669854317525187,0.021714619124282696,0.6338264178357634,0.09014949606622914
1789,5,5,0.6370626446594072,0.0370510622794138,0.08575847298665214,0.020836027232682623,0.01660040039622752,0.6370626446594072,0.2026913924456168
1792,4,4,0.9339764818530423,0.02527765664049978,0.00860388119136581,0.006302690501860676,0.9339764818530423,0.01454403816609618,0.011295251647135391
1794,3,3,0.9315918443736658,0.010901377114327381,0.01784707159661893,0.9315918443736658,0.005907685119079852,0.019862120156356744,0.013889901639951368
1795,3,3,0.9459288267630483,0.006655607536379602,0.011178734819103904,0.9459288267630483,0.002664788428051973,0.022070190861179544,0.011501851592236649
1796,5,5,0.7160006734046371,0.07281783428876769,0.08807753400072535,0.023238798715401125,0.01592627552647218,0.7160006734046371,0.08393888406399647
1798,2,2,0.6261011639316818,0.05914402942262052,0.6261011639316818,0.032083528092966315,0.017340819890551116,0.19788059680546796,0.06744986185671227
1799,6,6,0.6852532281527024,0.1050507256920886,0.07205667547153628,0.027376358475708167,0.0132618983621917,0.0970011138457729,0.6852532281527024
1800,3,3,0.9394004006605331,0.01828852415696901,0.013650099046295681,0.9394004006605331,0.0030414045455791003,0.008593526376821784,0.01702604521380134
1803,2,2,0.6564456168456565,0.05217411910639977,0.6564456168456565,0.03414366055453539,0.01623376416995256,0.07213119815698794,0.16887164116646775
1804,4,4,0.9680413953459597,0.006665669244653779,0.006257045536480287,0.0032372230176361326,0.9680413953459597,0.011135063413215556,0.004663603442054614
1806,5,5,0.583662379470031,0.0529992991377518,0.10128641765282317,0.026268843243648244,0.014433796203494158,0.583662379470031,0.22134926429225163
1807,5,5,0.554574409273622,0.08112611008364423,0.2129194005737401,0.03192200564325521,0.021609256970989085,0.554574409273622,0.09784881745474937
1809,4,4,0.8639136517151115,0.049202729036926324,0.023036543097863595,0.008981536128969268,0.8639136517151115,0.0248143156821746,0.03005122433895473
1810,3,3,0.9300512959882855,0.021663044211922763,0.017677638867196862,0.9300512959882855,0.006493224766556851,0.01196689926182478,0.012147896904213161
1811,1,1,0.917796447782722,0.917796447782722,0.025489187356913016,0.009170861705715933,0.0040399310250964025,0.02373876566785832,0.019764806461694377
1813,2,2,0.7638932674292658,0.056385360980993414,0.7638932674292658,0.01908556165828384,0.01343807269401905,0.09529944373563867,0.05189829350179921
1814,6,6,0.797899197566451,0.016775005321684376,0.09475571716359531,0.0172926962283342,0.011264739262703343,0.062012644457231765,0.797899197566451
1815,3,3,0.9270782966668463,0.01077137040023317,0.013948095387407579,0.9270782966668463,0.005296478101082917,0.037139325929272084,0.005766433515158032
1817,2,2,0.5801765969047515,0.058704012429961316,0.5801765969047515,0.019260076327306766,0.040699158530017585,0.2458619629616964,0.05529819284626649
1819,3,3,0.585036276886799,0.06537945524652626,0.11645877545008973,0.585036276886799,0.022449918722418565,0.09996176798502883,0.1107138057091376
1820,3,3,0.32018166819557803,0.09967242842390515,0.18789539752877968,0.32018166819557803,0.02250650764872932,0.1463904306401082,0.22335356756289954
1821,5,5,0.5822772058509001,0.1396043596376883,0.08838580058801723,0.03138380583874598,0.07698179199154905,0.5822772058509001,0.08136703609309931
1822,5,5,0.5727768455467555,0.06829439452972191,0.16446782587760952,0.03861006240977279,0.025443041124919238,0.5727768455467555,0.13040783051122107
1825,4,4,0.886321020957638,0.0168549318686732,0.027484939728762973,0.0074373301360805616,0.886321020957638,0.035059984300725766,0.02684179300811954
1826,2,2,0.6343630501684766,0.03873683307135672,0.6343630501684766,0.0406885096224197,0.025710977436804,0.2243631077741055,0.036137521926837654
1827,2,2,0.7515209279639108,0.023028140042589594,0.7515209279639108,0.04178485801568642,0.0169312903777944,0.09659088865027735,0.07014389494974153
1828,2,2,0.7927614567838904,0.03503478007775554,0.7927614567838904,0.02091398163852515,0.009982514746005203,0.08352358259717324,0.057783684156650264
1830,3,3,0.9287780115041618,0.011108939722618835,0.02027244859924136,0.9287780115041618,0.003919547817067679,0.014622121102644551,0.021298931254265775
1831,3,3,0.9108045567741565,0.011646978478461342,0.014762125396550588,0.9108045567741565,0.005741641708513915,0.049769994476094905,0.007274703166222767
1833,1,1,0.8392572344966643,0.8392572344966643,0.04710417517425484,0.017018043580910733,0.0074746522501519305,0.045801939514883254,0.043343954983134904
1837,2,2,0.4246492592974609,0.04335205948513632,0.4246492592974609,0.02722492280559479,0.020459860169311173,0.39359229493221065,0.09072160331028628
1838,2,2,0.48255015878420116,0.09619906596025901,0.48255015878420116,0.036912989939520476,0.02127514959923155,0.22144703016715844,0.14161560554962935
1840,2,2,0.6346402559037994,0.04149540610274008,0.6346402559037994,0.0327103894588381,0.020238330057360854,0.10550743779009113,0.16540818068717061
1841,4,4,0.9398529183185458,0.013094532249352486,0.013607978309234842,0.005449350573782301,0.9398529183185458,0.01625588229997856,0.011739338249105953
1842,5,5,0.6041931376848586,0.08311453946724791,0.06146696711997329,0.028507694937228798,0.022154865275123704,0.6041931376848586,0.20056279551556785
1843,3,3,0.9454728820053359,0.00672724542789981,0.01132827846208938,0.9454728820053359,0.0026901373213479482,0.02213152270302086,0.011649934080306158
1846,5,5,0.7954434716371184,0.028840661244997384,0.06400244606740517,0.020733415430163462,0.012434025846245466,0.7954434716371184,0.07854597977407016
1847,1,1,0.8663573031753503,0.8663573031753503,0.043092034048368505,0.01625047748268162,0.008360843876348835,0.03787020941752112,0.0280691319997297
1848,2,2,0.7768194205378827,0.025364955757938012,0.7768194205378827,0.018056987771579526,0.01084486847573604,0.08666628034797753,0.0822474871088863
1849,2,2,0.7718975249144756,0.052283753444898724,0.7718975249144756,0.024708960237752545,0.014505934604024873,0.07818919308436258,0.05841463371448564
1852,1,1,0.760971854286762,0.760971854286762,0.053482486276134826,0.02307142284143032,0.014021969449979323,0.05227006071233695,0.09618220643335659
1854,1,1,0.7805410320222671,0.7805410320222671,0.0676368108928112,0.028528431824743135,0.012079258858826483,0.06739795228340334,0.04381651411794865
1855,5,5,0.6220361545332241,0.0452745897395036,0.1548005635221324,0.03258511649069516,0.013999956072679932,0.6220361545332241,0.13130361964176476
1856,3,3,0.9504363028718494,0.006400685860632889,0.014150176837822973,0.9504363028718494,0.005988714375949176,0.0134774108289997,0.009546709224745875
1858,4,4,0.9904992460950368,0.0017127935814533046,0.002721892612858569,0.001011239198400753,0.9904992460950368,0.0024613185529066503,0.0015935099593439711
1859,4,4,0.9717350283190705,0.0047817358575765,0.005997603507490242,0.0030714050527475057,0.9717350283190705,0.009254100706423471,0.005160126556691753
1861,1,1,0.9234881092156231,0.9234881092156231,0.019351474048072786,0.009501796633200929,0.0046135043671392565,0.019134482783260746,0.02391063295270326
1862,1,1,0.38123419941405173,0.38123419941405173,0.16390006031440374,0.04031466460348461,0.02947843181871889,0.21598704336946142,0.1690856004798797
1863,2,2,0.6391188280821586,0.07990647896025546,0.6391188280821586,0.027521475908091824,0.01676628482634613,0.1467469973325829,0.08993993489056512
1864,5,5,0.5906518851072851,0.05467622057674326,0.20104250544461155,0.04148160210140084,0.020588053896518344,0.5906518851072851,0.09155973287344099
1865,5,5,0.3855601755070608,0.22001484271501281,0.1696720335647564,0.06624516838367374,0.06008851880144723,0.3855601755070608,0.09841926102804908
1867,5,5,0.6172747027747351,0.10585602931406767,0.14154504589420613,0.020434459772587458,0.05395082809730368,0.6172747027747351,0.06093893414709994
1868,4,4,0.9721692215303097,0.004835006414499815,0.006008773013803936,0.0027820722689345582,0.9721692215303097,0.007126533958428653,0.007078392814023381
1869,2,2,0.6824691687077883,0.08433216292090281,0.6824691687077883,0.02077442552575962,0.014112958839958,0.12006899020588299,0.07824229379970826
1870,5,5,0.6868740226787772,0.029008207568630835,0.11969253583850799,0.05800649211506334,0.03246686810872871,0.6868740226787772,0.07395187369029199
1871,5,5,0.8405849148643565,0.02354572224121341,0.061467525389236874,0.01685041599550767,0.013503906328264075,0.8405849148643565,0.0440475151814215
1872,3,3,0.9396908376485725,0.012700027582935139,0.009931944701751886,0.9396908376485725,0.0027218475177635424,0.023970161098988384,0.0109851814499885
1873,5,5,0.7163595320542192,0.035776348902888465,0.14580635956945204,0.01808625321026043,0.01653444402003446,0.7163595320542192,0.06743706224314545
1875,3,3,0.9394065146074401,0.014366485386870626,0.010027904099350865,0.9394065146074401,0.004415963148925491,0.014772409972321493,0.017010722785091408
1876,5,5,0.7869451682008597,0.028382208458344087,0.10959711468230168,0.017984943513874616,0.008649244375174763,0.7869451682008597,0.048441320769445156
1878,5,5,0.7575626887789156,0.04018865342136005,0.05798050817199639,0.021368937076233954,0.01481614891879358,0.7575626887789156,0.1080830636327004
1879,5,5,0.7444297927162988,0.05960207616905594,0.10728274685404943,0.02049312891877865,0.019031751248994918,0.7444297927162988,0.049160504092822285
1881,3,3,0.9360069857554714,0.017118451600447768,0.015973832095358957,0.9360069857554714,0.007051740212846891,0.013244622887119868,0.010604367448755075
1882,5,5,0.8091014850007231,0.024321675674909487,0.08721929592410031,0.020420726396284502,0.01004839756404448,0.8091014850007231,0.048888419439938165
1883,3,3,0.9284163986880314,0.010587796732054934,0.013067298787197751,0.9284163986880314,0.005141434539704856,0.031351605042847036,0.011435466210164029
1884,6,6,0.9163322134464945,0.01163191342838109,0.02907552982485206,0.011865667136102364,0.005273199610505511,0.02582147655366454,0.9163322134464945
1885,3,3,0.932518429555323,0.015493582487819076,0.012332144647091868,0.932518429555323,0.006122690719121268,0.01363714903109286,0.019896003559551855
1887,2,2,0.5551775334105725,0.14637993894492016,0.5551775334105725,0.03656064700291996,0.02517288938551972,0.12740887951995297,0.10930011173611465
1889,6,6,0.6811151482186809,0.09468670647653674,0.06594105890038028,0.05209290674538914,0.02535366625368357,0.08081051340532942,0.6811151482186809
1890,2,2,0.8477650518673537,0.039439872292488166,0.8477650518673537,0.017451764445978863,0.008105111671229091,0.05318903369246064,0.03404916603048955
1891,2,2,0.6935120285745506,0.06588054767447965,0.6935120285745506,0.03601417169127112,0.01660153780410325,0.09680398722862522,0.09118772702697017
1893,3,3,0.9390527499186174,0.0072977955966850964,0.01819808429037976,0.9390527499186174,0.008097679154117306,0.013075611305005766,0.01427807973519471
1894,2,2,0.7555551937332551,0.03223880279885774,0.7555551937332551,0.023692134740093164,0.01178992783261784,0.11586535033693462,0.06085859055824155
1897,5,5,0.6991183169227216,0.032165323159985965,0.16890430814065727,0.02979752225405511,0.015393702639009778,0.6991183169227216,0.054620826883570256
1898,1,1,0.852450476651461,0.852450476651461,0.03610011410795112,0.014729858216465217,0.025308656617752626,0.04484342336723423,0.026567471039135832
1901,1,1,0.6687718919890628,0.6687718919890628,0.09177501631651487,0.029630281013384902,0.022251979474452187,0.10770669245041137,0.07986413875617389
1902,3,3,0.9370970606173266,0.016833492164179672,0.014833340981078438,0.9370970606173266,0.0052985256929660345,0.016497510620136244,0.009440069924313009
1903,2,2,0.6209302640236148,0.0558855929883282,0.6209302640236148,0.03359735332557452,0.031635360400375005,0.15078738589832594,0.10716404336378156
1905,1,1,0.6879972993671618,0.6879972993671618,0.06062792719505805,0.02121637524085314,0.009650076205801538,0.10076082655437947,0.11974749543674607
1907,4,4,0.9792215130221039,0.003604744407417414,0.004776355877335788,0.0016677519530204385,0.9792215130221039,0.005049735631732389,0.005679899108390054
1909,3,3,0.9292517351359708,0.01463008184612018,0.018631225023126946,0.9292517351359708,0.006568149743666657,0.013106004602110349,0.017812803649005022
1910,4,4,0.8725667160496262,0.02548014240637387,0.03045812471799643,0.010126953798933552,0.8725667160496262,0.03299693445220133,0.028371128574868485
1911,3,3,0.9254264871686614,0.011566315193168128,0.022327245867487976,0.9254264871686614,0.006212727065916455,0.015858649113404403,0.018608575591361632
1912,3,3,0.9187264852333206,0.004521924673711129,0.01340740648198321,0.9187264852333206,0.005643976281238744,0.05079055985427286,0.0069096474754734025
1914,2,2,0.696358478860911,0.044378098748110835,0.696358478860911,0.03316847802652166,0.01731189912216083,0.10165387792359191,0.1071291673187038
1915,6,6,0.96042644752081,0.009969554053206727,0.01154867036871875,0.004942185699873463,0.0024074154988481056,0.01070572685854304,0.96042644752081
1916,6,6,0.7675861521829447,0.010098840563751753,0.18578433662495292,0.010886238795471449,0.006651294579189526,0.018993137253689743,0.7675861521829447
1917,5,5,0.7582591320071509,0.03227767350117449,0.0726442872109674,0.025476922561241344,0.013798813113192079,0.7582591320071509,0.09754317160627375
1918,5,5,0.6815429990952278,0.05085099191535697,0.11729025043676644,0.033531981814638706,0.017066399764373155,0.6815429990952278,0.099717376973637
1921,6,6,0.6744697029902826,0.08626442559193634,0.07058594817304455,0.024601630177340267,0.011686407704669197,0.13239188536272709,0.6744697029902826
1924,2,2,0.7329245899947461,0.04328084214485831,0.7329245899947461,0.017697806472983788,0.013302827796768855,0.08461540688977283,0.10817852670087022
1927,6,6,0.6119357348213041,0.06675043801703594,0.06925882886510093,0.03467471883845538,0.03208970989821479,0.1852905695598889,0.6119357348213041
1928,2,2,0.8852449723450228,0.011964290181836803,0.8852449723450228,0.013287916085485716,0.012283492423079195,0.052644718118594974,0.024574610845980508
1929,1,1,0.7731153080325913,0.7731153080325913,0.056888184083079815,0.02192380025496686,0.011764136090580279,0.0617600899071078,0.07454848163167395
1931,5,5,0.42307774958007244,0.06235866179476381,0.2925525621827179,0.03607348408872707,0.0551736652654976,0.42307774958007244,0.13076387708822118
1932,1,1,0.896986406451151,0.896986406451151,0.030220971588644754,0.013641153499694884,0.00662960094484236,0.02788152181007607,0.02464034570559088
1933,4,4,0.933570365764255,0.01239981023886479,0.011759384864356895,0.00730314356216784,0.933570365764255,0.02133680225057105,0.013630493319784574
1934,5,5,0.7411588970007097,0.057200326812355394,0.06229394728033463,0.02060299086287026,0.011113198549919701,0.7411588970007097,0.10763063949381031
1935,4,4,0.9714949706862281,0.0038899777601603927,0.007848492784237276,0.002543637184535849,0.9714949706862281,0.007426383099888827,0.006796538484949443
1936,1,1,0.5544849076805581,0.5544849076805581,0.07132745250786438,0.027727740292455717,0.009869040337909696,0.08584796148718939,0.25074289769402264
1938,1,1,0.7021657363297331,0.7021657363297331,0.05633946733064418,0.03625731482974688,0.016251987300937906,0.071480564053384,0.11750493015555395
1940,2,2,0.3511457903750644,0.08815734009054682,0.3511457903750644,0.06401539749480575,0.028455606353812373,0.30443817546517404,0.1637876902205966
1941,3,3,0.9244043926300696,0.009105481558264041,0.018181068822978364,0.9244043926300696,0.004588194454604354,0.032038721937582726,0.011682140596500915
1942,1,1,0.8421342299315986,0.8421342299315986,0.039829548829060125,0.015492357998355775,0.03366158146383965,0.037592563039457606,0.03128971873768824
1943,3,3,0.9390527499186174,0.0072977955966850964,0.01819808429037976,0.9390527499186174,0.008097679154117306,0.013075611305005766,0.01427807973519471
1944,5,5,0.6228341410496107,0.06340547531735799,0.15945998589913543,0.030291523258190903,0.019415103945092747,0.6228341410496107,0.10459377053061236
1945,2,2,0.8475694131656539,0.023545057580844995,0.8475694131656539,0.013724185888909538,0.011662237441026789,0.04718384945114684,0.05631525647241793
1946,5,5,0.643323682077947,0.06386470633038029,0.09816903936451943,0.02768881422430946,0.014724223425505814,0.643323682077947,0.1522295345773381
1949,4,4,0.8976743888638887,0.02333272148935087,0.017517924371474983,0.008821423501193065,0.8976743888638887,0.02035752063588163,0.03229602113821077
1951,4,4,0.9482388162940102,0.015639777835763424,0.008219294298983965,0.004345696026518754,0.9482388162940102,0.013073245752534957,0.010483169792188747
1953,2,2,0.4486365520923237,0.03439236882266017,0.4486365520923237,0.01720218928100518,0.013127775779820302,0.42431839563227064,0.06232271839191991
1954,3,3,0.9346211152058601,0.010431212362203348,0.016765152088566503,0.9346211152058601,0.005815510406303278,0.01904739876758882,0.0133196111694781
1955,5,5,0.5992446978262219,0.07894445332612764,0.11241565599470399,0.06350884594335295,0.03549196757216058,0.5992446978262219,0.11039437933743293
1956,2,2,0.7192363956818862,0.0200118873548423,0.7192363956818862,0.018612990741744693,0.005913030465098231,0.026994267131027545,0.2092314286254009
1959,1,1,0.8841994346444618,0.8841994346444618,0.03528331335920587,0.010543287726032498,0.006506984108681629,0.03244826337508461,0.03101871678653353
1960,4,4,0.8203911988601558,0.03464418544022488,0.03678398089556429,0.016662249237105683,0.8203911988601558,0.050771603194912286,0.04074678237203714
1961,2,2,0.8643592444523409,0.022988904475380507,0.8643592444523409,0.015618535254708087,0.009224698244218914,0.043026338610789444,0.044782278962562184
1966,3,3,0.9332037589473828,0.016039296381418176,0.01300584477076427,0.9332037589473828,0.004938622206349565,0.012062844979047251,0.020749632715037936
1967,6,6,0.7012281568076312,0.06625428628377032,0.06781120768662698,0.029434130653922145,0.014460111094635263,0.12081210747341417,0.7012281568076312
1968,2,2,0.6721956927253819,0.044554851822365564,0.6721956927253819,0.03675333229427612,0.023890624769972637,0.14509721457714536,0.07750828381085853
1969,5,5,0.6193099783557052,0.08835669967943027,0.08529095905533161,0.024083914241198105,0.041724502837578926,0.6193099783557052,0.14123394583075585
1970,1,1,0.8508396277071016,0.8508396277071016,0.04938719417225286,0.012457314781478742,0.007469298043603621,0.04972143720072352,0.030125128094839568
1972,5,5,0.6270751439088392,0.06014425776940624,0.11027904191596363,0.013364153435480636,0.017846859411108217,0.6270751439088392,0.17129054355920204
1973,4,4,0.9537127212530083,0.0060787775262070316,0.00979990628989379,0.005478781062389329,0.9537127212530083,0.012527087114200463,0.012402726754301104
1975,5,5,0.7414191931934148,0.040170907263633995,0.10461702941085424,0.03101469415610382,0.018045709224351395,0.7414191931934148,0.0647324667516418
1976,5,5,0.5501776224991756,0.07288027506598818,0.2276881259142597,0.04964798900768439,0.021870255317128905,0.5501776224991756,0.07773573219576328
1977,5,5,0.6384583118464844,0.0599895030170489,0.1060363456097465,0.038056988642081034,0.012604982596267621,0.6384583118464844,0.1448538682883715
1978,2,2,0.769436940921788,0.04997182765706297,0.769436940921788,0.018880171051785535,0.011188054607456727,0.10097203768031775,0.049550968081588945
1983,2,2,0.8073229745377151,0.03708609491453672,0.8073229745377151,0.01501805411730801,0.013570972729331778,0.07233568164035213,0.05466622206075635
1984,6,6,0.8069543171537044,0.049259557422405016,0.059090164975535396,0.02105496591865012,0.010309739350767922,0.05333125517893718,0.8069543171537044
1985,2,2,0.8901547900860436,0.018403606458224003,0.8901547900860436,0.009538996948412993,0.008389929804197482,0.0448937230277831,0.028618953675338916
1986,5,5,0.7674871005909513,0.04314866995280094,0.08557030959395946,0.018292754482409797,0.013662312418392752,0.7674871005909513,0.07183885296148575
1987,3,3,0.9199768375663804,0.008893348814743981,0.014867008729105347,0.9199768375663804,0.003482964655875287,0.03653476871697286,0.016245071516922328
1988,5,5,0.8057935655030452,0.027017595278716243,0.06788543812150158,0.027483032984865916,0.010074740684484874,0.8057935655030452,0.06174562742738623
1989,3,3,0.9272567955238413,0.010785377309407797,0.013988414691049465,0.9272567955238413,0.005300072421041624,0.036886489875914946,0.005782850178744905
1990,1,1,0.8064328854688317,0.8064328854688317,0.033566989107489904,0.016320627375928425,0.005808392957240723,0.05489111509639413,0.0829799899941152
1991,5,5,0.6732322966098446,0.042129455124513694,0.06856833176048911,0.04281216460573517,0.03648822476000697,0.6732322966098446,0.13676952713941054
1992,4,4,0.8237343557348505,0.05061477102043476,0.03869890915585563,0.018317179763105342,0.8237343557348505,0.03268541608246542,0.035949368243288295
1993,4,4,0.966077814876677,0.00518499654175665,0.006918001044648634,0.003514101121595986,0.966077814876677,0.011044516765218384,0.007260569650103301
1995,3,3,0.9403669754458074,0.00997248964556983,0.01687711124243591,0.9403669754458074,0.005282214949909521,0.013692451913390592,0.013808756802886686
1996,3,3,0.9274376597912861,0.014562288191021141,0.01924337028428722,0.9274376597912861,0.0065290175385693695,0.01389956163040764,0.018328102564428534
1997,3,3,0.9309183870707318,0.010230998868421971,0.017898836627435702,0.9309183870707318,0.003699286264425265,0.019096972908720717,0.018155518260264604
1998,4,4,0.8278559489919769,0.04784585875357293,0.03782636589400249,0.013970134868414558,0.8278559489919769,0.0423122356378777,0.030189455854155466
2001,3,3,0.9384848681628477,0.010483475115659223,0.010563851801907016,0.9384848681628477,0.0037974453568073185,0.024452212273740486,0.012218147289038247
2004,2,2,0.5647555100399043,0.08151170547696547,0.5647555100399043,0.03502653894000854,0.020717059864913904,0.21014234046745617,0.08784684521075167
2005,5,5,0.7494337090940496,0.11620042721764963,0.06655676161445308,0.025345892285954876,0.01347516789566032,0.7494337090940496,0.028988041892232565
2006,5,5,0.7262909721043692,0.0335523052972979,0.11121112449427081,0.028598317849825836,0.018314273278769392,0.7262909721043692,0.0820330069754669
2007,5,5,0.7514909731525166,0.023487888018935237,0.14443658706865792,0.016628296291759527,0.010555992571657472,0.7514909731525166,0.053400262896473365
2008,4,4,0.6524572522421074,0.05679514699715471,0.10061644123160875,0.028284420194585685,0.6524572522421074,0.0935554533767797,0.06829128595776382
2011,1,1,0.8103326590442099,0.8103326590442099,0.04325638060546213,0.016462411015694046,0.015607067635865115,0.037658218787933025,0.07668326291083569
2012,4,4,0.8973360495917789,0.027908895152019216,0.02095352176282152,0.007842616686717634,0.8973360495917789,0.025040263034496385,0.02091865377216636
2014,5,5,0.7699007106423174,0.04781726202410905,0.059406155258428156,0.021580007013959755,0.01045112157324803,0.7699007106423174,0.09084474348793747
2015,1,1,0.8062165195390576,0.8062165195390576,0.033227613872140134,0.02057143231155905,0.029213753960944135,0.04527369005303227,0.0654969902632668
2018,3,3,0.9292517351359708,0.01463008184612018,0.018631225023126946,0.9292517351359708,0.006568149743666657,0.013106004602110349,0.017812803649005022
2019,3,3,0.9163800869890488,0.008697431452152547,0.015372504706910624,0.9163800869890488,0.005489043316065274,0.04152569306831987,0.012535240467502862
2020,1,1,0.9215305932229731,0.9215305932229731,0.025471192467989845,0.00932623183060088,0.006459538478672898,0.023579137026231364,0.013633306973531717
2023,2,2,0.6219531901456425,0.0962561407378831,0.6219531901456425,0.04063136829536779,0.022613585811395866,0.118627196369729,0.09991851863998172
2024,5,5,0.9204734557194828,0.011008653523989168,0.025057958618264965,0.00958617591583183,0.015172066933984481,0.9204734557194828,0.018701689288446743
2025,1,1,0.7104790646939578,0.7104790646939578,0.06730609119908673,0.02051414927642129,0.028535359724032504,0.10599005495119915,0.06717528015530254
2026,5,5,0.7757853949664948,0.02922085277774137,0.09572850287144365,0.02365131890536457,0.012957374866553763,0.7757853949664948,0.06265655561240192
2027,1,1,0.934789657098027,0.934789657098027,0.015051501146450154,0.0066229593849715515,0.007653053834824531,0.01506524907701484,0.02081757945871203
2028,5,5,0.6684314662371793,0.04757195167651297,0.09390629604374312,0.03049394620102431,0.03049357438492173,0.6684314662371793,0.12910276545661856
2029,3,3,0.9206836530577196,0.020683582347002117,0.021382942003111364,0.9206836530577196,0.008025009977967148,0.014262754266750131,0.014962058347449663
2030,4,4,0.9532311999757944,0.00845675040165406,0.011454376980575056,0.003013233188994768,0.9532311999757944,0.011154879766365906,0.01268955968661582
2032,5,5,0.8750763102156142,0.016887459909407716,0.04110306727801588,0.020348758753191563,0.007031892931044962,0.8750763102156142,0.03955251091272576
2034,2,2,0.6952646851908961,0.024693807687469763,0.6952646851908961,0.03824930764510169,0.011193663634314843,0.089136116784196,0.14146241905802157
2035,1,1,0.7919986318235346,0.7919986318235346,0.05528434748350679,0.028383425574543007,0.021359428087192784,0.05216715303665376,0.05080701399456915
2036,5,5,0.5943068460733797,0.08565266804625664,0.07582789940396568,0.02103708156768081,0.01536546400874083,0.5943068460733797,0.2078100408999764
2039,2,2,0.8252500057201753,0.04000900117963113,0.8252500057201753,0.011428088840391305,0.009004824175386393,0.08543718207854689,0.028870898005869054
2040,3,3,0.9443023158595621,0.01303564241399557,0.010771388718396894,0.9443023158595621,0.00413677751236671,0.01085323022347785,0.01690064527220078
2042,3,3,0.9373307743086461,0.01521273603240408,0.012803215504751938,0.9373307743086461,0.005172324047087997,0.02089994352364732,0.008581006583462662
2043,2,2,0.796949904737991,0.07050825116814238,0.796949904737991,0.015389279708309896,0.00914379553021256,0.06679684668704856,0.04121192216829548
2044,2,2,0.8287541269878232,0.020979136730614707,0.8287541269878232,0.015330977843207765,0.009667011505315846,0.09233185273324342,0.03293689419979505
2045,3,3,0.9352757393568498,0.018346295923748195,0.016952233048693727,0.9352757393568498,0.005634789872184167,0.012562173819703917,0.011228767978820244
2046,6,6,0.7488018755797754,0.07418876008392465,0.05624490745721789,0.028507081910045837,0.010493281447356416,0.08176409352167978,0.7488018755797754
2047,3,3,0.9412258545262832,0.008762421573818315,0.018318098155232183,0.9412258545262832,0.005916865908149211,0.01330559714411374,0.01247116269240351
2048,3,3,0.9087917999402091,0.029694522137803415,0.022701954384713806,0.9087917999402091,0.008443463357221959,0.014906627887488845,0.015461632292562904
2049,5,5,0.7577581562828343,0.027582133782444025,0.06350454378938974,0.03135631995623645,0.03692572436894152,0.7577581562828343,0.08287312182015402
2053,5,5,0.6032158441022962,0.08535020686212812,0.1218488389654357,0.039659857107147214,0.031949765164908835,0.6032158441022962,0.11797548779808398
2057,3,3,0.923384719129187,0.01042730840487832,0.022548316022094575,0.923384719129187,0.005237246510912017,0.014554962055846245,0.023847447877081845
2058,5,5,0.9122910831847945,0.015229364625273347,0.037384562414831055,0.009454684815026567,0.0048369594719014615,0.9122910831847945,0.02080334548817305
2059,2,2,0.6097668015778851,0.04693331325090222,0.6097668015778851,0.053817553799162574,0.021821944348862265,0.16130505141409318,0.10635533560909471
2060,4,4,0.9358832676172644,0.01673810004185662,0.012437120159540968,0.004691064388284361,0.9358832676172644,0.014484081392012106,0.015766366401041548
2062,1,1,0.5869542550668493,0.5869542550668493,0.133156453061784,0.04869449722908381,0.03143937963132127,0.12195192467977198,0.07780349033118962
2063,1,1,0.7007442771767182,0.7007442771767182,0.11151590266005482,0.02452135896969102,0.015750355383379593,0.09893334004668952,0.048534765763467
2065,4,4,0.9103312873885616,0.025564438084795103,0.012544337607867388,0.008055039110373054,0.9103312873885616,0.01931992517043679,0.02418497263796607
2066,3,3,0.9533232302163017,0.010615075760721777,0.008305222699214082,0.9533232302163017,0.0022652133862448628,0.01643972515032911,0.009051532787188512
2067,3,3,0.9402285555586462,0.007985652389290946,0.01836762099074404,0.9402285555586462,0.006511375701444707,0.014601174567591118,0.012305620792283029
2069,6,6,0.6947322044723713,0.05686765361062047,0.09970774677129393,0.029313450028412902,0.0224157813325821,0.09696316378471938,0.6947322044723713
2071,3,3,0.9387640767827882,0.006146312843011262,0.01041595322612554,0.9387640767827882,0.003809225987903155,0.032924512825000675,0.007939918335171318
2072,3,5,0.22319314606759402,0.19397967788919487,0.22105947752345606,0.21527610480089823,0.020011622472494342,0.22319314606759402,0.1264799712463624
2073,4,4,0.8989496909279543,0.01968851957190534,0.022406943930447676,0.014092192350321367,0.8989496909279543,0.029218254830328215,0.015644398389043145
2074,2,2,0.6241046366971258,0.08567143955162138,0.6241046366971258,0.027890436607600252,0.015702105417325647,0.1468238068657876,0.09980757486053937
2075,5,5,0.6331208598993637,0.05394263528520561,0.15953807330964312,0.029706743218413656,0.018144433590585284,0.6331208598993637,0.10554725469678858
2076,4,4,0.9541801249429771,0.006218972045801536,0.011412751770486135,0.004311281729208114,0.9541801249429771,0.014377757315937444,0.009499112195589647
2078,5,5,0.6556613909968243,0.056129868159921166,0.12674036168230177,0.02294048163586408,0.013926070814177183,0.6556613909968243,0.12460182671091151
2079,4,4,0.9497024620696509,0.0049682820874130135,0.012358760512537039,0.005349851991061829,0.9497024620696509,0.011884388118464916,0.01573625522087224
2081,5,5,0.6642179444847301,0.06546686983640426,0.1320752147368251,0.02989077507954267,0.035689173695299815,0.6642179444847301,0.07266002216719815
2082,1,1,0.8809919341958227,0.8809919341958227,0.029550207512080165,0.011550480987340407,0.0095882765395119,0.03282130249974104,0.035497798265503866
2083,4,4,0.9858112408718932,0.0015267472125918063,0.003882432467660984,0.0014123338776060698,0.9858112408718932,0.004194053117754509,0.0031731924524933705
2085,5,5,0.805056890018128,0.0397648958180031,0.08452162066606056,0.01622053915987861,0.009442004596056526,0.805056890018128,0.04499404974187324
2086,3,3,0.919995049591131,0.019586446076565126,0.014950516012973945,0.919995049591131,0.005801141037420727,0.014040344408040044,0.025626502873869254
2091,1,1,0.8283940614111639,0.8283940614111639,0.037354216711877775,0.015219788456824803,0.0074985475981835335,0.07126276685229035,0.040270618969659513
2092,3,6,0.3008308796652762,0.09643176103660704,0.17162809304468377,0.2591189067618657,0.020463022975598374,0.15152733651596895,0.3008308796652762
2093,3,3,0.9041308563496057,0.0066014619437157656,0.01571644019435531,0.9041308563496057,0.004489051580182759,0.06038567905497917,0.008676510877161344
2094,5,5,0.7250657286557876,0.031200132653876906,0.13974730125862006,0.015595576171629991,0.009487962375795706,0.7250657286557876,0.07890329888428978
2095,4,4,0.9683557714919364,0.006948814717944863,0.005840728085732086,0.003269856864854483,0.9683557714919364,0.009819573847211577,0.0057652549923205895
2097,5,5,0.7397780334248868,0.07449616040396051,0.09646061910201167,0.02432964588481442,0.015858454387744483,0.7397780334248868,0.049077086796582126
2098,4,4,0.8125075425172671,0.050138931847663035,0.042577565922773467,0.014176927969246706,0.8125075425172671,0.044469606240773736,0.03612942550227588
2099,2,2,0.5446608473697657,0.2141825420105614,0.5446608473697657,0.02312468984294335,0.01221631211308623,0.09128107156391563,0.11453453709972759
2101,2,2,0.8887165607243418,0.019417615854603176,0.8887165607243418,0.02627026641795417,0.0073256240920614845,0.03385369582428728,0.024416237086752002
2103,6,6,0.6615390170906339,0.06985679010761418,0.1160418002403364,0.020641605013886098,0.018255849883370073,0.11366493766415942,0.6615390170906339
2105,6,6,0.6348424865316348,0.02974164660334021,0.11182920396244968,0.021695499689233847,0.01648683453842115,0.18540432867492035,0.6348424865316348
2106,1,1,0.9339140960307747,0.9339140960307747,0.01658345594875508,0.00612084933912726,0.00832829574787263,0.016364718452007782,0.01868858448146256
2108,5,5,0.5991215727739916,0.07339270891455692,0.1049060706026378,0.043096472552754526,0.04380241745628903,0.5991215727739916,0.13568075769977012
2109,3,3,0.9351518048134738,0.009530693140146478,0.018616295902637973,0.9351518048134738,0.006595904203420984,0.015599364180625653,0.014505937759695055
2112,3,3,0.9264166049809395,0.021334536111318598,0.01917475481857232,0.9264166049809395,0.0066254719748560925,0.013367274130890923,0.013081357983422534
2113,4,4,0.9429592680734652,0.011089893123235422,0.011369616262894856,0.004851301978483979,0.9429592680734652,0.02083653708228882,0.008893383479631811
2114,6,6,0.639981625946715,0.09354178711505716,0.08839666515514298,0.021393631629326143,0.018819692214237297,0.13786659793952138,0.639981625946715
2115,3,3,0.9252209398408898,0.007345047948843115,0.014159145489776436,0.9252209398408898,0.00394926539350601,0.041513367312183386,0.007812234014801311
2118,2,2,0.4219161236175154,0.07638962555950794,0.4219161236175154,0.033775559543517936,0.01715721180424826,0.36287939756485016,0.08788208191036033
2120,2,2,0.7362566739691088,0.034420481616734,0.7362566739691088,0.024592420049025534,0.0268734761479787,0.08157818992330883,0.09627875829384427
2121,3,3,0.9142675441068296,0.005838397623212595,0.015145777659516144,0.9142675441068296,0.005007890279153622,0.052700996933568375,0.007039393397719731
2122,2,2,0.9006210929966886,0.020626465943741738,0.9006210929966886,0.010789415290409086,0.006141306086600148,0.0297372666280416,0.03208445305451893
2123,3,3,0.9422041426623935,0.009461952178873436,0.010134275820969355,0.9422041426623935,0.0022720146707266866,0.02935402530504979,0.0065735893619872695
2124,1,1,0.6981387734214782,0.6981387734214782,0.07701911127953563,0.023645668956466543,0.014290416942844912,0.10131905487128216,0.08558697452839246
2125,5,5,0.6256815574114146,0.05423770820207073,0.16760212298415475,0.027372317650658198,0.029854414017469282,0.6256815574114146,0.09525187973423246
2126,4,4,0.9759823549493885,0.0027934918417673827,0.004869356407168884,0.0029399220440690724,0.9759823549493885,0.008113027728414626,0.005301847029191541
2127,4,4,0.9142315108649443,0.028737734630726527,0.015398223953816802,0.005118062832429641,0.9142315108649443,0.020828579912433153,0.0156858878056497
2128,4,4,0.9637502400687408,0.005643464033863136,0.008588415592840619,0.004035137371519164,0.9637502400687408,0.010653069400208326,0.007329673532828051
2129,1,1,0.6288703244765691,0.6288703244765691,0.10974036825002052,0.0228443346146752,0.014205237117754234,0.11777633857310979,0.10656339696787119
2130,3,3,0.9452025727250621,0.01210625421099631,0.010198534752384568,0.9452025727250621,0.004319776215600441,0.021289497565986998,0.006883364529969647
2131,2,2,0.5204425008580624,0.11440649519963508,0.5204425008580624,0.06030792731560499,0.037983384813001085,0.1045941102252815,0.1622655815884148
2133,1,1,0.8951041516050866,0.8951041516050866,0.03135286797697091,0.009272351660345306,0.005521507030441637,0.0354045536649071,0.023344568062248328
2135,2,2,0.8038847778388448,0.061718974023950296,0.8038847778388448,0.018981130111954857,0.010297023125216407,0.047041105877959746,0.058076989022073824
2136,4,4,0.9244678492004952,0.01423628652019415,0.019006957660992002,0.0076439671603792236,0.9244678492004952,0.020064208222627188,0.014580731235312174
2139,3,3,0.939650840961933,0.018383787112249597,0.013774247567677847,0.939650840961933,0.0030402320180558167,0.008630275140924359,0.01652061719915949
2142,3,3,0.9421101318489046,0.006741707006068616,0.016503128550115508,0.9421101318489046,0.00850216750053882,0.014224346522160808,0.011918518572211734
2143,2,2,0.8295369178315376,0.025420725425793475,0.8295369178315376,0.016836991827178512,0.01014534710168792,0.05639508678385974,0.06166493102994285
2144,3,6,0.3268084041608553,0.07583486288757017,0.1538649945797833,0.25049236559400806,0.026341519364487843,0.16665785341329534,0.3268084041608553
2146,6,6,0.7234816899822832,0.017799708241715503,0.21513064041247226,0.014796355656344348,0.007294856736720613,0.021496748970463973,0.7234816899822832
2152,6,6,0.6508966739687181,0.094932108576579,0.09447478915666713,0.02871703478603664,0.013573022334784586,0.11740637117721466,0.6508966739687181
2153,2,2,0.6118344145415388,0.08386557784084143,0.6118344145415388,0.03057360945404984,0.017507927759854835,0.13760430409781985,0.1186141663058952
2154,3,3,0.9128251581401673,0.008807678531115361,0.017288328148016868,0.9128251581401673,0.0048870031013598676,0.03877161269476665,0.01742021938457382
2155,5,5,0.5554873254620668,0.14698487522199719,0.1246507254230147,0.037613037486937,0.018547142024935962,0.5554873254620668,0.11671689438104832
2156,5,5,0.7269086661856614,0.03319568337993196,0.13929573230231623,0.043878362367133696,0.010758570701030798,0.7269086661856614,0.045962985063925973
2157,2,2,0.8215901173375925,0.034927707346990015,0.8215901173375925,0.01381827000477493,0.00902538178694425,0.07722378858162372,0.04341473494207459
2158,3,3,0.9402023455202905,0.004129195590074472,0.011327163732864859,0.9402023455202905,0.003793126153677451,0.03607752578789403,0.00447064321519875
2160,3,3,0.9035423584923788,0.008295939627326764,0.015816440533654573,0.9035423584923788,0.0044425990337232345,0.05969065827422386,0.00821200403869253
2161,1,1,0.8934817621183742,0.8934817621183742,0.029072657135813165,0.013698887256044172,0.009537059400464084,0.0276830718238687,0.026526562265435687
2162,4,4,0.926665240566909,0.016134751369472053,0.01399239007751062,0.008241504703914932,0.926665240566909,0.01939175917095866,0.015574354111234671
2163,2,2,0.8272137767572992,0.04533307205520751,0.8272137767572992,0.017154225801917222,0.009458513752886906,0.07159101130559081,0.029249400327098392
2165,3,3,0.9332828966037445,0.006820669363366388,0.011105501728877368,0.9332828966037445,0.002755920182211269,0.03406218802127966,0.01197282410052063
2166,6,6,0.4219678870568859,0.06778033407922494,0.24469643747004055,0.029653688274541467,0.0697596507191144,0.1661420024001927,0.4219678870568859
2167,3,3,0.9289805119005555,0.01107103967250887,0.021412888019525008,0.9289805119005555,0.006095790813601618,0.014753270773013628,0.017686498820795437
2170,2,2,0.604434744612821,0.08109829880186038,0.604434744612821,0.026432732178442556,0.05401928345402998,0.15593248951560526,0.07808245143724081
2171,6,6,0.8275262247810135,0.03361188582845088,0.03701607461849473,0.018491259915067563,0.008009428827015176,0.07534512602995816,0.8275262247810135
2174,2,2,0.5291190284275439,0.13221435795615313,0.5291190284275439,0.0184645661124415,0.009324780415036404,0.16035214022118086,0.15052512686764435
2175,1,1,0.9676466894124564,0.9676466894124564,0.010163011796448811,0.0030759707757593087,0.0025230335931080055,0.00987914335942747,0.006712151062799979
2176,3,3,0.9323481680322602,0.011470893418343134,0.019303898460865856,0.9323481680322602,0.006235828834117558,0.014046065011547652,0.016595146242865733
2177,4,4,0.9432919190910997,0.011589678850458555,0.010612840260196002,0.00817116936561918,0.9432919190910997,0.014642855832385738,0.01169153660024085
2178,2,2,0.7867297932893996,0.017270185933348222,0.7867297932893996,0.01406818110760416,0.00965154088278727,0.05115415754796824,0.12112614123889229
2179,1,1,0.9158703852044474,0.9158703852044474,0.019464680782927336,0.008497587754359522,0.010544477439100607,0.026249228423467167,0.019373640395698045
2180,4,4,0.9619755241856344,0.01028159863140609,0.006956356260420741,0.0038888699042433157,0.9619755241856344,0.010841441293002444,0.0060562097252930035
2181,3,3,0.9307235849217114,0.00656879096999783,0.01853003707137207,0.9307235849217114,0.005484741433577195,0.03024498491113994,0.008447860692201619
2185,1,1,0.741761177029545,0.741761177029545,0.05259071550288765,0.02523814391565321,0.009986756901162231,0.06025640474676973,0.11016680190398219
2186,3,3,0.9428355465687912,0.01291518432015699,0.010828806737748877,0.9428355465687912,0.005200092906196492,0.01181897775669919,0.01640139171040734
2187,4,4,0.9475199295833675,0.012220408348412246,0.010675634468331046,0.005718592817480198,0.9475199295833675,0.01294350851306481,0.010921926269344148
2188,2,2,0.9460653836398046,0.01947321688130052,0.9460653836398046,0.0057095041182703915,0.004719738222175948,0.009325277579134816,0.014706879559313596
2189,6,6,0.619339632129636,0.13647608304435158,0.0925861883610805,0.027878347158115328,0.013300575581007772,0.11041917372580873,0.619339632129636
2191,5,5,0.9141548376628101,0.0325602086678827,0.025720252167781857,0.007250361373767729,0.004464425133029455,0.9141548376628101,0.015849914994728206
2192,3,3,0.9327533433867813,0.008666256110572113,0.01831460053491873,0.9327533433867813,0.005480773980542522,0.014766702417838992,0.020018323569346422
2193,2,2,0.5316852612751808,0.06106262809012095,0.5316852612751808,0.0380734301233776,0.018606941945921166,0.19363697751542905,0.15693476104997048
2194,5,5,0.5011806115204315,0.09051347220754045,0.1953438341857756,0.05361927789739789,0.025812665855457294,0.5011806115204315,0.13353013833339739
2195,3,3,0.9190958511801751,0.009738597569251278,0.015389886761190557,0.9190958511801751,0.005776952417401004,0.0376947124904831,0.012303999581499074
2196,1,1,0.8608195357647399,0.8608195357647399,0.04356682637491329,0.013122213261893991,0.009613987972787813,0.03776368642044098,0.035113750205224115
2199,3,3,0.93615948758331,0.012845625101806127,0.01717190656812345,0.93615948758331,0.0055812061597028395,0.013068230287921622,0.015173544299136003
2200,4,4,0.9435650903156274,0.011747599497919122,0.009888663065337448,0.0052575809576787405,0.9435650903156274,0.012650171379679631,0.016890894783757732
2201,6,6,0.504191049274025,0.07451354906885212,0.17140045623470418,0.030898751895929933,0.02458044695632952,0.19441574657015923,0.504191049274025
2202,4,4,0.8050189442938651,0.045400129045983326,0.040922644672944423,0.013697226160373013,0.8050189442938651,0.04145331122247092,0.053507744604363305
2203,5,5,0.7847731582996884,0.017446508610179736,0.11528461838393977,0.023481909779023175,0.008263986700749565,0.7847731582996884,0.050749818226419344
2205,2,2,0.9780844976597642,0.0032425683042007444,0.9780844976597642,0.003161447228406849,0.0017229769995101552,0.004572291769161788,0.009216218038956229
2206,5,5,0.5296642393031743,0.06557965208813618,0.1257707950351854,0.029022882775129908,0.02260900537032496,0.5296642393031743,0.22735342542804926
2207,3,3,0.913629642962142,0.011126362520445835,0.015394950531061172,0.913629642962142,0.005335370436499808,0.04006422814008824,0.014449445409762986
2208,5,5,0.7750146703156618,0.04375014935911961,0.09245443706421722,0.030662684783216775,0.0170110872075601,0.7750146703156618,0.04110697127022448
2210,1,1,0.7726224748092716,0.7726224748092716,0.07891007818186782,0.02285348725258184,0.011959256248971194,0.05945080869707556,0.054203894810232
2211,4,4,0.9058578928720916,0.017875254611218284,0.020167061166446024,0.008923382197620724,0.9058578928720916,0.024467741712799404,0.022708667439823877
2213,1,1,0.9541117319289096,0.9541117319289096,0.011856286575921391,0.00535238875784076,0.003168886529068039,0.011397199730057062,0.014113506478203234
2216,1,1,0.8826397066992089,0.8826397066992089,0.03830581403591903,0.011728011068660463,0.00825210296342079,0.03766308631929172,0.021411278913499077
2217,3,3,0.9408101200171362,0.00756046390134999,0.014599153705540453,0.9408101200171362,0.0054530669839062025,0.02198242120851396,0.009594774183553116
2218,4,4,0.9632622475347105,0.00947793433446039,0.006598120263488899,0.0035279043046875596,0.9632622475347105,0.008064600785147383,0.009069192777505342
2219,2,2,0.9726443325108507,0.012782126651219838,0.9726443325108507,0.0032663240053726872,0.001832086908684567,0.0036330254867685133,0.005842104437103842
2220,4,4,0.943944919530943,0.009102482419594061,0.014441792551204596,0.0049129133644337485,0.943944919530943,0.01769834328610014,0.009899548847724633
2221,3,3,0.923384719129187,0.01042730840487832,0.022548316022094575,0.923384719129187,0.005237246510912017,0.014554962055846245,0.023847447877081845
2222,1,1,0.8338643749675786,0.8338643749675786,0.04672538440822828,0.019216670655854112,0.008838570864230157,0.0521351752073358,0.03921982389677313
2223,3,3,0.9387903532886364,0.008983990864543342,0.01565284495359218,0.9387903532886364,0.0033514595631219802,0.016714098597647064,0.016507252732459073
2224,4,4,0.8956733950975951,0.014472000405787493,0.019362750368608905,0.009972983563078635,0.8956733950975951,0.03669406541103224,0.0238248051538976
2229,5,5,0.849396857957983,0.019395638572777145,0.060816387980992946,0.014869854675562705,0.019115346265494028,0.849396857957983,0.036405914547190145
2230,3,3,0.9333618429335651,0.0068495170621228636,0.011184411967104652,0.9333618429335651,0.002754617757059938,0.03416198246781181,0.011687627812335748
2231,5,5,0.9075644425094187,0.014753998508750811,0.030513633974249662,0.011586671905731271,0.004854819294573288,0.9075644425094187,0.030726433807276292
2232,4,4,0.8823467922142944,0.018028432847717955,0.02298729695673853,0.01111033117234862,0.8823467922142944,0.039913654464859234,0.02561349234404138
2233,5,5,0.699051849860644,0.06630558044184057,0.11750665028747395,0.02790447210619522,0.03307175622313685,0.699051849860644,0.056159691080709485
2234,5,5,0.6834912016339711,0.07127661751968066,0.08916332873326932,0.027285079183917146,0.015520074311658198,0.6834912016339711,0.11326369861750352
2235,4,4,0.8976556308999107,0.02003182080645718,0.020692726965438495,0.010365837094735287,0.8976556308999107,0.022644207673893756,0.028609776559564554
2237,5,5,0.6107980814850653,0.1644474810538456,0.028137324012200513,0.017199793181579645,0.08761290139008718,0.6107980814850653,0.09180441887722182
2238,6,6,0.8865266677157173,0.021697468562030857,0.045399423613475855,0.006750466027787913,0.005603266193688974,0.03402270788729909,0.8865266677157173
2239,2,2,0.6103901635238275,0.04415514232752674,0.6103901635238275,0.0230668800937929,0.015630411732905723,0.1901826294623385,0.11657477285960886
2241,3,3,0.9238969524419043,0.013838394052433992,0.021416191464601487,0.9238969524419043,0.00584219756616406,0.01541024874901373,0.01959601572588248
2242,2,2,0.8221320327828324,0.023795372889159967,0.8221320327828324,0.014999968421658226,0.014974791027748343,0.0895614307356699,0.034536404142931174
2243,5,5,0.5780745330943879,0.08894288757094583,0.13217628232953596,0.03155981014904189,0.028438966276750365,0.5780745330943879,0.14080752057933796
2244,2,2,0.6639809732081409,0.058560444936232824,0.6639809732081409,0.05166498454086811,0.012979656917554597,0.1460992680633216,0.06671467233388198
2245,6,6,0.7651380557697274,0.09812436447334263,0.04545887538883985,0.01646795393913857,0.011091706396077733,0.06371904403287378,0.7651380557697274
2247,2,2,0.8194294431632787,0.031682587120605565,0.8194294431632787,0.012201774599712837,0.007297399896362417,0.08704519473552559,0.04234360048451484
2248,1,1,0.8403063484150277,0.8403063484150277,0.04745264170423148,0.014929413161511924,0.011623832244606502,0.042078494854238056,0.04360926962038424
2249,2,2,0.7940245102960332,0.04891157087533556,0.7940245102960332,0.019214552150590498,0.019949875199299943,0.05481057615934381,0.063088915319397
2250,1,1,0.7254476719134957,0.7254476719134957,0.06652497676243278,0.03017058942907774,0.01288081299877259,0.07356151260728566,0.09141443628893538
2253,5,5,0.7508118343783079,0.03543563375077335,0.08635189863131858,0.027476573964699432,0.014511434517809235,0.7508118343783079,0.08541262475709153
2254,4,4,0.968860723947012,0.0032123358888387836,0.008690506204628873,0.002583369055141263,0.968860723947012,0.009159346759834616,0.007493718144544425
2255,5,5,0.8602847538646775,0.023226177907330295,0.05968218323403428,0.011325102519425869,0.010712700251682621,0.8602847538646775,0.03476908222284945
2256,2,2,0.7380703467989986,0.031909363836378074,0.7380703467989986,0.014236289161047872,0.009438516754890235,0.16848703811738977,0.037858445331295405
2260,3,3,0.9249634116995425,0.005940598207125307,0.014442382596498379,0.9249634116995425,0.004064613464884214,0.043736216194519256,0.006852777837430348
2261,4,4,0.9779384920791708,0.0074816970342937265,0.0032289117750685424,0.002115948887096457,0.9779384920791708,0.0049972190989537955,0.004237731125416663
2262,4,4,0.954612034360707,0.00992145431163387,0.009132699667193774,0.00476718173529541,0.954612034360707,0.010050119330361963,0.01151651059480811
2263,1,1,0.5479251613177271,0.5479251613177271,0.14061219978266723,0.03957049626591219,0.024536011559091204,0.12239310955463496,0.12496302151996738
2264,4,4,0.9864311037515251,0.0020969194149838373,0.0030116487363353664,0.0014321871832147003,0.9864311037515251,0.004546372509104693,0.002481768404836264
2265,2,2,0.7057371664505113,0.07495139069599514,0.7057371664505113,0.02250379987550722,0.016316871066774,0.11266320108847219,0.06782757082274013
2266,4,4,0.978132435778349,0.003341492072917563,0.004823852579050031,0.00213257657863256,0.978132435778349,0.006901284934521187,0.004668358056529762
2267,2,2,0.5018409028766301,0.08373019855368272,0.5018409028766301,0.037379956516761036,0.03038141594806232,0.2263292844196056,0.12033824168525839
2269,1,1,0.860631508633759,0.860631508633759,0.029164314873209078,0.012837593042576794,0.007441181224697724,0.05131564728814193,0.038609754937615474
2270,6,6,0.5962030189263603,0.04289005859748388,0.050754066848316716,0.02273330382700129,0.00937406278492861,0.2780454890159092,0.5962030189263603
2272,6,6,0.3979270165682954,0.07934262465770864,0.17844342520523582,0.04153962155858903,0.037481103921592526,0.26526620808857854,0.3979270165682954
2273,3,3,0.9183056727507287,0.012096841284969649,0.026511016209361964,0.9183056727507287,0.0084804548164551,0.017043516093916654,0.01756249884456798
2274,6,6,0.5596626736211572,0.06965633841300842,0.12199353604232258,0.04135121185947005,0.01845480024579477,0.18888143981824704,0.5596626736211572
2275,5,5,0.6421763858384573,0.04410811726477706,0.1198617785132172,0.03901278237066312,0.02213472475293071,0.6421763858384573,0.13270621125995463
2279,4,4,0.9763653032090637,0.0028522285200137496,0.004208599015249865,0.0031049630083033945,0.9763653032090637,0.0079791108580584,0.0054897953893109355
2281,5,5,0.5437541000551078,0.060113790379732336,0.2060896350649366,0.028759246398944945,0.02000208702020888,0.5437541000551078,0.14128114108106932
2282,5,5,0.7659035937555497,0.06905950322592862,0.07681808226230145,0.013578909459850876,0.010844058132956046,0.7659035937555497,0.06379585316341335
2283,1,1,0.6250752241891532,0.6250752241891532,0.12976994052832508,0.026576214887285947,0.017325792067486533,0.1195124999257419,0.08174032840200748
2284,5,5,0.5176718030916548,0.20654968423271802,0.0967359733335928,0.0340869670501081,0.031933097033725655,0.5176718030916548,0.11302247525820054
2285,2,2,0.8407521749501516,0.0173023587177175,0.8407521749501516,0.01178025638063144,0.017963407831038912,0.056087327853093116,0.0561144742673675
2287,2,2,0.6996432036817256,0.04573044905396392,0.6996432036817256,0.026923880621935712,0.016965769380715295,0.12606373097655846,0.08467296628510106
2288,1,1,0.6589218387349439,0.6589218387349439,0.06724263323995398,0.02682449072622986,0.024303604122989243,0.12268211659896015,0.10002531657692287
2291,1,1,0.7533050327854668,0.7533050327854668,0.05942865963232498,0.018661985459631773,0.015669526590894843,0.057993709569797186,0.09494108596188461
2292,5,5,0.6004984792991465,0.06614183139370533,0.14696403091232493,0.055451641438454144,0.02268450184416583,0.6004984792991465,0.10825951511220336
2293,6,6,0.9828980158111841,0.0027676415859635905,0.0029206502401458163,0.0021465842185028013,0.0014452028047400286,0.007821905339463713,0.9828980158111841
2295,4,4,0.958702896188643,0.005139102013514947,0.008937700496804125,0.0035438432139256056,0.958702896188643,0.01517432854302882,0.00850212954408344
2297,3,3,0.9355243465442303,0.0181953899285106,0.016740025751656316,0.9355243465442303,0.005615154404507712,0.012458126189836997,0.011466957181258097
2298,3,3,0.9426192073985146,0.01684187245220483,0.011912268777510953,0.9426192073985146,0.002853558634141351,0.012078006119907643,0.013695086617720731
2299,2,2,0.8534762070356819,0.040229229322207655,0.8534762070356819,0.015264403598340548,0.010255842949030035,0.050229541920640386,0.030544775174099283
2300,3,3,0.9222730128494036,0.010463951554400124,0.022538612832450424,0.9222730128494036,0.0052827186506197,0.014769673110779905,0.02467203100234628
2301,4,4,0.9741843939740141,0.007705901867517704,0.0054641017197732044,0.002217754636680391,0.9741843939740141,0.006737250361965062,0.003690597440049545
2303,5,5,0.6981089746271755,0.06971534449311498,0.12283300791493809,0.020504347282881873,0.016376861744591374,0.6981089746271755,0.07246146393729813
2304,3,3,0.9301883111597279,0.008910474953731415,0.010793537235775566,0.9301883111597279,0.003219808332275959,0.028021333780892936,0.018866534537596208
2306,4,4,0.9342138921233316,0.012954755841943916,0.015787633885152638,0.00449823921215602,0.9342138921233316,0.01889350828398546,0.013651970653430226
2307,5,5,0.7568992347740319,0.03650531837403598,0.10327932021999334,0.029182162800661247,0.021157696910139877,0.7568992347740319,0.05297626692113776
2309,3,3,0.9454101007095158,0.007061918794592174,0.011146044972467836,0.9454101007095158,0.00418131291281471,0.023325979158240254,0.008874643452369081
2310,2,2,0.6875337467444049,0.06953582525170862,0.6875337467444049,0.02931815191742946,0.018407908872547177,0.10639045123762539,0.08881391597628438
2311,1,1,0.9057710852244829,0.9057710852244829,0.01718164762562272,0.010196141247833504,0.0043263216894617006,0.016311469168649596,0.0462133350439497
2312,3,3,0.9357001440802645,0.010208999922464651,0.012916006398832575,0.9357001440802645,0.003433727485853874,0.015016517188010033,0.02272460492457444
2314,2,2,0.7769893140781714,0.019989659499510537,0.7769893140781714,0.019795415367846285,0.010088821259495586,0.15298994806422042,0.020146841730755857
2316,4,4,0.885959722174662,0.025545971903513494,0.026053273622867325,0.013628257425864822,0.885959722174662,0.02674685600572794,0.02206591886736444
2318,3,3,0.9451832843435491,0.006805993269106685,0.016204722116601858,0.9451832843435491,0.006658394769062329,0.01290287357741087,0.01224473192426914
2319,2,2,0.7639330433217336,0.04387798486372701,0.7639330433217336,0.014906867206655187,0.009928993784540013,0.0876995679999596,0.0796535428233846
2320,1,1,0.7603345715071356,0.7603345715071356,0.046680701096155276,0.017249968023419597,0.02462634200636739,0.07958106375886545,0.07152735360805683
2321,2,2,0.6503312394283133,0.04392594326258484,0.6503312394283133,0.03757103996385381,0.03459921736945333,0.14474394495298618,0.08882861502280859
2323,6,6,0.8258026126574188,0.04951382283184359,0.041876137692082774,0.020978636830144094,0.008621431483627576,0.05320735850488316,0.8258026126574188
2325,5,5,0.6557082339564785,0.05056369313127197,0.15579381138885623,0.02402338605698806,0.016955470760683048,0.6557082339564785,0.09695540470572218
2326,5,5,0.6892761981324298,0.05596328631546472,0.09192531344684933,0.01917257548266484,0.013255576563758255,0.6892761981324298,0.13040705005883313
2328,3,3,0.9457943902874162,0.006258718856173732,0.01428651590374835,0.9457943902874162,0.006302260495299042,0.016966312830914442,0.010391801626448307
2330,1,1,0.5825683776609935,0.5825683776609935,0.06700257177795418,0.024798762619500703,0.010259142407228047,0.08405464291373438,0.23131650262058934
2332,1,1,0.8498506151744321,0.8498506151744321,0.035709779718828216,0.016443022053012884,0.014434992306428111,0.045035198976111836,0.03852639177118679
2334,3,3,0.9102624196319375,0.013837312503323195,0.02733061875401164,0.9102624196319375,0.007465004233023617,0.01886430493822868,0.02224033993947531
2336,2,2,0.632591664244116,0.06718593968295825,0.632591664244116,0.03844220664972908,0.022974489089747332,0.13688971384711018,0.10191598648633932
2339,4,4,0.9768366222179388,0.008013916183782848,0.003594899979252826,0.0019948606321341603,0.9768366222179388,0.004878264897405362,0.004681436089486055
2340,4,4,0.9725387098477454,0.0036855159689811166,0.0062965739612020726,0.003765307001166109,0.9725387098477454,0.006831476838470931,0.006882416382434429
2341,6,6,0.7672331911341777,0.07699228167845208,0.07421791000157123,0.021521016135643025,0.011771613020539652,0.048263988029616324,0.7672331911341777
2342,3,3,0.9394004006605331,0.01828852415696901,0.013650099046295681,0.9394004006605331,0.0030414045455791003,0.008593526376821784,0.01702604521380134
2343,6,6,0.732779701824806,0.07158031932943824,0.0895142130065314,0.020178645693109825,0.015533848950046548,0.07041327119606795,0.732779701824806
2344,1,1,0.7606740973166605,0.7606740973166605,0.056489532753503095,0.022174116852851606,0.015955476005986347,0.06510555881480667,0.07960121825619189
2347,5,5,0.6254106287768778,0.09563877790555886,0.19291972612463998,0.018916190540722418,0.017312381169703787,0.6254106287768778,0.04980229548249725
2348,5,5,0.6193181492219716,0.054473927024390904,0.1926785576956378,0.03736971748037283,0.018659123757058797,0.6193181492219716,0.07750052482056813
2350,6,6,0.6876272181466112,0.08617897152258054,0.06873102632993723,0.03759064063034625,0.010333806241154845,0.10953833712937,0.6876272181466112
2351,2,2,0.5197623173430219,0.11419362072743548,0.5197623173430219,0.025673238403882078,0.04007174398288925,0.22750928362721884,0.0727897959155526
2353,6,6,0.7588059622111971,0.019556093760924206,0.06955294567642871,0.015339872625791558,0.011584263996821772,0.1251608617288367,0.7588059622111971
2354,4,4,0.9269147426739602,0.01289375038113545,0.016323122583916154,0.007102863570020375,0.9269147426739602,0.01741751536550666,0.01934800542546131
2355,4,4,0.9468767001842872,0.00937469491941561,0.010892511361860929,0.005808888993336616,0.9468767001842872,0.016710796249848205,0.010336408291251481
2357,5,5,0.7679245364207307,0.04107386414763248,0.0788453364672802,0.03382495520810207,0.014895894769943244,0.7679245364207307,0.06343541298631118
2358,5,5,0.6647867065266425,0.06522233487793155,0.12892763294230628,0.028033796160748466,0.015924747281725275,0.6647867065266425,0.09710478221064596
2359,5,5,0.5405842265390969,0.04624629202681522,0.15050314651005053,0.032832282531367614,0.014838363055142889,0.5405842265390969,0.21499568933752686
2360,3,3,0.9511844371637773,0.00925324095229482,0.007045137943235201,0.9511844371637773,0.003259778412040092,0.018383722643678657,0.010873682884974055
2365,4,4,0.9679443453339173,0.006849416106078247,0.007309530801944815,0.0033875706562276242,0.9679443453339173,0.008719398286756802,0.005789738815075182
2366,4,4,0.9512179338832064,0.008839230213633182,0.011905621455697684,0.004180922304078516,0.9512179338832064,0.012647560680726115,0.01120873146265805
2367,2,2,0.6900345079556476,0.05254360395031908,0.6900345079556476,0.039435605473064045,0.013732247725651401,0.0869678928158722,0.11728614207944565
2368,2,2,0.9328093692268361,0.014085736915103782,0.9328093692268361,0.006482858995427422,0.00566840321771286,0.022495624189491126,0.018458007455428665
2369,4,4,0.9567068049747408,0.008963996044487459,0.011258663385653062,0.004413879437157221,0.9567068049747408,0.01175443365881615,0.006902222499145333
2370,5,5,0.7142808436876404,0.04984269866373352,0.10511503505685765,0.01671139197495833,0.011393868724646924,0.7142808436876404,0.10265616189216319
2371,5,5,0.7675636616946886,0.04847890875730734,0.09779985710416889,0.019555497745647445,0.011486118816625788,0.7675636616946886,0.0551159558815619
2372,4,4,0.9632914317612274,0.0064608528667993645,0.008869995476839657,0.0035221884159374354,0.9632914317612274,0.01097267183353594,0.0068828596456602
2373,2,2,0.6452987032103844,0.04912406253765161,0.6452987032103844,0.14660176861975313,0.01730267135603035,0.07911566449667287,0.06255712977950775
2374,2,2,0.7337113566465092,0.052745851229630984,0.7337113566465092,0.024263149156014407,0.014144398553920244,0.11795322097676819,0.057182023437157045
2375,6,6,0.8386255717713432,0.032695865390594075,0.07570369084915247,0.016918654614987372,0.009424570147577185,0.026631647226345707,0.8386255717713432
2376,5,5,0.6851016186826782,0.04000829185257052,0.11952916695423874,0.02025787088849089,0.017397890857718323,0.6851016186826782,0.1177051607643034
2377,6,6,0.6747653282312107,0.053978328827316645,0.09405020734609716,0.02329570994087763,0.030601196546554087,0.12330922910794381,0.6747653282312107
2378,4,4,0.8702075442780193,0.024371345262599004,0.0326059493964844,0.017653680313746475,0.8702075442780193,0.0328596236877323,0.022301857061418587
2379,5,5,0.5788194009245051,0.07532704160221369,0.159929339904574,0.026428195282400244,0.019902699427809263,0.5788194009245051,0.13959332285849776
2380,1,1,0.6501712408531656,0.6501712408531656,0.08817575221120397,0.0451715979586817,0.02073200810347714,0.12620547173683277,0.06954392913663887
2381,2,2,0.39376653028072295,0.08681942136952188,0.39376653028072295,0.030690539954460458,0.04114226672094258,0.3243582153347052,0.12322302633964705
2382,1,1,0.8606391899071575,0.8606391899071575,0.04505744636830134,0.013157320244740554,0.019810817969235568,0.03717386021327217,0.024161365297292958
2383,3,3,0.9346756318446446,0.011192875963401102,0.017539991069824734,0.9346756318446446,0.006112673943498932,0.014967927240956061,0.01551089993767449
2384,2,2,0.851478849496725,0.025902590731673794,0.851478849496725,0.010957089971280956,0.013560641328660394,0.04499699223519886,0.05310383623646096
2385,3,3,0.9240126804833589,0.012575374922324334,0.01582868667300885,0.9240126804833589,0.0038842742796935496,0.012288164204121238,0.03141081943749317
2387,5,5,0.9204154763064286,0.014739198183403511,0.034100554097207574,0.0070875831395026045,0.004784597265282002,0.9204154763064286,0.018872591008175746
2388,4,4,0.953639322968763,0.00821449920034938,0.010239210339265142,0.0033926510680238366,0.953639322968763,0.0134903857655112,0.011023930658087515
2390,3,3,0.9218229533128903,0.01128921747399254,0.022514914437382967,0.9218229533128903,0.008024706026036273,0.01868990079365397,0.017658307956043992
2391,3,3,0.9241476108862218,0.011141034570038469,0.024694501606591823,0.9241476108862218,0.008364890429399974,0.01522570059933223,0.01642626190841589
2392,1,1,0.9594859050220692,0.9594859050220692,0.011280713865102553,0.006479636608594141,0.003527246001238071,0.012047992456640342,0.007178506046355601
2394,5,5,0.6928491664865951,0.03429519029422732,0.10279046698683543,0.07918316370366428,0.020686122223715273,0.6928491664865951,0.07019589030496255
2395,5,5,0.7597457502604689,0.04330093225991641,0.13069632194530695,0.017646617904628185,0.013762751964440507,0.7597457502604689,0.03484762566523911
2396,1,1,0.47670400333191637,0.47670400333191637,0.12987850652383323,0.03493597040104435,0.12841325062221695,0.1467807942790892,0.08328747484189994
2398,5,5,0.7274631301128808,0.04044193966730707,0.08392285616972299,0.040429777333993534,0.01289822320181415,0.7274631301128808,0.09484407351428151
2399,3,3,0.9298556445250327,0.006194202934434258,0.013248651396748398,0.9298556445250327,0.0041529419653962025,0.04012881791887707,0.006419741259511542
2400,3,3,0.9479625603062115,0.006522466964004862,0.013920481619875004,0.9479625603062115,0.005235428076002075,0.01738345746891161,0.008975605564995092
2401,6,6,0.8536812472595692,0.020135639984447184,0.05720030436880707,0.012689043003755509,0.010434597379165233,0.04585916800425595,0.8536812472595692
2404,3,3,0.9331028196562493,0.01954676063574067,0.015061671121726404,0.9331028196562493,0.006028717202988328,0.016378930722886518,0.00988110066040871
2405,3,3,0.9312357459825356,0.0222428864096298,0.01500650137282738,0.9312357459825356,0.003256462656929543,0.008962419502629828,0.019295984075447883
2407,5,5,0.7730495249427953,0.08652803673976664,0.05636990256834275,0.015128573795591361,0.02319258662791293,0.7730495249427953,0.04573137532559097
2408,2,2,0.6571051429131232,0.03887232395944241,0.6571051429131232,0.03144341372319574,0.0164270722198378,0.1754849921923052,0.08066705499209587
2409,1,1,0.7727777100416253,0.7727777100416253,0.05196783647584559,0.02158565816861402,0.025023777082696406,0.06802429529859065,0.06062072293262798
2412,2,2,0.8494635776775368,0.029055630845288546,0.8494635776775368,0.016208611845365123,0.009090037112680296,0.05540193310535708,0.04078020941377223
2413,6,6,0.8626805964932172,0.020536267032585723,0.048344524322648096,0.013910445804975559,0.00778144228582727,0.04674672406074632,0.8626805964932172
2414,5,5,0.54668184007088,0.08149702952750942,0.12030169197461349,0.044916676169742153,0.025495669429666072,0.54668184007088,0.1811070928275889
2415,2,2,0.4941035375578635,0.02490630549131178,0.4941035375578635,0.019381397150476487,0.012461175286786383,0.06974663347124448,0.3794009510423174
2417,6,6,0.7690826846825404,0.04320168272688709,0.06267388948302502,0.024849596122773963,0.018979734411266182,0.08121241257350732,0.7690826846825404
2418,3,3,0.9457496655844032,0.006963015091694593,0.010930229931818549,0.9457496655844032,0.004149460746127,0.023214172528462248,0.008993456117494449
2419,6,6,0.5717499205159359,0.0809915432007361,0.1072568439052602,0.0486362071628988,0.026587731344943827,0.16477775387022522,0.5717499205159359
2420,3,3,0.9376543150640835,0.017311960062531856,0.015820841795424763,0.9376543150640835,0.005563164498706661,0.012268225121156677,0.011381493458096645
2421,1,1,0.9235539099050906,0.9235539099050906,0.023450200292721962,0.008737854318482102,0.004862625971562706,0.017962486072437993,0.02143292343970468
2423,1,1,0.7628461545834314,0.7628461545834314,0.07803998544621975,0.01947940801930599,0.009873320398059295,0.07160804339652223,0.05815308815646136
2424,4,4,0.8657572065917993,0.02625203379945792,0.027787930635707035,0.015184860754069324,0.8657572065917993,0.03622812616851416,0.028789842050452298
2425,5,5,0.6783215812090304,0.04018997657370487,0.12463629612595223,0.049229021557090386,0.02922226226603374,0.6783215812090304,0.0784008622681883
2426,2,2,0.8404742739206007,0.045122210189329326,0.8404742739206007,0.014265928345325656,0.0082524465392914,0.05234038190105699,0.03954475910439585
2427,3,3,0.9351697052084824,0.018588600430151644,0.015512312259524685,0.9351697052084824,0.003374142825076962,0.009984009283170132,0.017371229993594153
2428,5,5,0.8481842926049549,0.025253308923331726,0.04549570091826183,0.013280463791857442,0.009431841428126439,0.8481842926049549,0.058354392333467675
2431,2,2,0.7450221616563414,0.0494035498134467,0.7450221616563414,0.030052547541268265,0.017163141230367714,0.10154667378375984,0.056811925974816206
2432,5,5,0.7271689671666648,0.04349806298797559,0.11877528052789903,0.0207466510798449,0.04472258951895847,0.7271689671666648,0.045088448718657276
2433,3,3,0.9287458995959951,0.011013698030767611,0.021228670125981314,0.9287458995959951,0.006099620918186314,0.014695588360963907,0.018216522968105872
2436,5,5,0.4774522213922249,0.12853284838796106,0.11282014726115079,0.03735788313359081,0.013895588177041085,0.4774522213922249,0.22994131164803144
2437,2,2,0.6704636973601148,0.0541000434724404,0.6704636973601148,0.0237680251826789,0.023901122859264066,0.1316982641672245,0.09606884695827742
2439,4,4,0.9248925317301749,0.02123645366322958,0.012772590628657614,0.0054941025646414255,0.9248925317301749,0.01706092328695614,0.0185433981263403
2440,1,1,0.866000009109333,0.866000009109333,0.02949231820487808,0.011809664552669793,0.005104114588160595,0.03229253313611193,0.05530136040884677
2441,2,2,0.5320141874675024,0.10419261346446465,0.5320141874675024,0.03334879273492729,0.02429444698995226,0.17690162103297127,0.1292483383101823
2442,4,4,0.9572066510604296,0.006845794419475378,0.012150975564063374,0.0047458110489429104,0.9572066510604296,0.011626325006492908,0.007424442900596007
2443,5,5,0.7416320522076526,0.04253296122875757,0.11939598676887603,0.013265155600383903,0.013302338822865871,0.7416320522076526,0.06987150537146401
2446,5,5,0.7320133400763436,0.0451027226984051,0.10472200738451487,0.01695630969057167,0.013366304484422512,0.7320133400763436,0.08783931566574237
2447,3,2,0.26908381711117974,0.2636008953647031,0.26908381711117974,0.21965546932173174,0.02353403964272515,0.11892817014137898,0.1051976084182812
2449,4,4,0.9713593220165622,0.005070131901250989,0.007266791556319427,0.0036477030736537246,0.9713593220165622,0.008286563589249377,0.004369487862964421
2450,1,1,0.9327117346832647,0.9327117346832647,0.018724511126294988,0.008673974556262875,0.00373335556914692,0.01861627588768171,0.017540148177348933
2451,6,6,0.7241739573103068,0.09593042313835881,0.05771982353598982,0.03940541565879657,0.009477618423909286,0.0732927619326388,0.7241739573103068
2452,6,6,0.6678115650217008,0.08298593231873003,0.08673517082630071,0.05279220158096425,0.017581835615935296,0.09209329463636887,0.6678115650217008
2453,1,1,0.6376180117703089,0.6376180117703089,0.08662982839373162,0.025815370774063342,0.015958665897584684,0.11158688277177133,0.12239124039254012
2454,3,3,0.9443935032124231,0.01497860963232325,0.013015944851796517,0.9443935032124231,0.003688228582231206,0.00999954242813048,0.013924171293095457
2455,2,2,0.47098864011012226,0.08093219809543191,0.47098864011012226,0.050074215669822175,0.026084124031746474,0.2708277806536266,0.10109304143925056
2456,1,1,0.9264960865044592,0.9264960865044592,0.018971305282292537,0.006353134917729504,0.005134780361398848,0.024465772351177275,0.018578920582942658
2457,3,3,0.9223821019453372,0.006762356456483097,0.010943369654578271,0.9223821019453372,0.002879286252676625,0.04591268509711592,0.011120200593808886
2458,5,5,0.43214881198775756,0.07044558311601018,0.11658877872267834,0.03463013673111207,0.013222538994434848,0.43214881198775756,0.3329641504480069
2460,2,2,0.8729679718967022,0.017104389538222034,0.8729679718967022,0.005784376481707316,0.008580596711409027,0.07345277146889212,0.022109893903067522
2461,5,5,0.6685895091647033,0.04174617194716137,0.0982907064294242,0.022921433120000726,0.024624122746449373,0.6685895091647033,0.14382805659226108
2462,5,5,0.47021785994902116,0.08257875135910957,0.27845354179281834,0.030848209467375074,0.024235434018990993,0.47021785994902116,0.11366620341268481
2464,6,6,0.6706211582637895,0.04379042820552173,0.06313104633382757,0.018039077088167363,0.01058488289949917,0.1938334072091946,0.6706211582637895
2465,1,1,0.833860892625577,0.833860892625577,0.045610179309644366,0.013860670588427276,0.011704400838447475,0.050560282394351064,0.04440357424355272
2466,2,2,0.5974850169445561,0.09918306200627866,0.5974850169445561,0.03354050821445124,0.015977786169104485,0.16814644091802652,0.08566718574758304
2467,1,1,0.9053655841088679,0.9053655841088679,0.022388376216183566,0.011897656451547037,0.007804655918621435,0.02415780564780601,0.02838592165697402
2468,5,5,0.5842188453632029,0.05979275386280809,0.2281658313183528,0.0240701972935082,0.021272916687081686,0.5842188453632029,0.08247945547504636
2470,6,6,0.6330545240246231,0.07852646558762727,0.1037239390677975,0.02255192113900064,0.013269788833902039,0.14887336134704937,0.6330545240246231
2471,4,4,0.8965914968180744,0.016172161488014234,0.021930234882300535,0.008817377043337264,0.8965914968180744,0.04251494172434072,0.013973788043932995
2472,6,6,0.6672763760809557,0.10074469460768161,0.07513259582194746,0.030847156555828696,0.01754723870725163,0.10845193822633495,0.6672763760809557
2473,5,5,0.5264608781286065,0.06652990650709564,0.2622590280283239,0.027297798329002348,0.019965234906405695,0.5264608781286065,0.09748715410056594
2475,3,3,0.9394004006605331,0.01828852415696901,0.013650099046295681,0.9394004006605331,0.0030414045455791003,0.008593526376821784,0.01702604521380134
2476,2,2,0.5297581818275221,0.032399706662786104,0.5297581818275221,0.015286581198652342,0.013765654082778208,0.23213771418532883,0.1766521620429325
2477,2,2,0.7443147377589606,0.044925225150893075,0.7443147377589606,0.024060564039510263,0.013635349876220544,0.08416639943631463,0.08889772373810098
2478,6,6,0.5077224481248888,0.11510607653388102,0.22227044733630455,0.04302951260748663,0.012944286259060484,0.09892722913837866,0.5077224481248888
2479,5,5,0.9378048773920447,0.008964573324843185,0.025749531015943204,0.007675519415896517,0.004367562354936606,0.9378048773920447,0.015437936496335835
2482,2,2,0.8259479684948394,0.021586662742876177,0.8259479684948394,0.012472422950076355,0.02755949446519098,0.06850360892484515,0.04392984242217187
2483,1,1,0.8416504611554266,0.8416504611554266,0.03831150339379054,0.019791114849459116,0.015156971924482655,0.045559493947737194,0.03953045472910387
2484,6,6,0.4292100343342932,0.022474169042365818,0.41571369308893924,0.021250813055032864,0.02143536416569504,0.08991592631367389,0.4292100343342932
2485,2,2,0.47171663906533146,0.06518948027032777,0.47171663906533146,0.039773645881550655,0.019817892854938894,0.16832106108695064,0.23518128084090073
2486,6,6,0.8703495536126881,0.021034182897428883,0.035175296773290086,0.012262572428254787,0.00672225461042378,0.05445613967791443,0.8703495536126881
2488,6,6,0.67075006939078,0.04632791072994717,0.0778026610668212,0.025854952201050517,0.03316074028055273,0.14610366633084843,0.67075006939078
2489,5,5,0.5013322736682232,0.03331457299910772,0.17064657404076672,0.02135212288980485,0.013210122182078234,0.5013322736682232,0.2601443342200193
2490,4,4,0.8568055849661659,0.05801465873804687,0.020323958618614118,0.011342125449892736,0.8568055849661659,0.026943398544043394,0.026570273683237004
2491,5,5,0.6180496916184003,0.0480952139927829,0.19004721477427675,0.027243938470131762,0.018886242233924128,0.6180496916184003,0.09767769891048408
2492,5,5,0.7344011652550214,0.0398391199220766,0.1201609208705455,0.04304988884047592,0.014504904057958729,0.7344011652550214,0.04804400105392179
2493,1,1,0.8579330788449441,0.8579330788449441,0.037185910906213426,0.01316006753892747,0.007226475203411177,0.03678749572730834,0.04770697177919557
2494,3,3,0.9351490613059227,0.014754229155498242,0.009931999533514792,0.9351490613059227,0.0027618407252752017,0.02557108152245558,0.01183178775733348
2495,2,2,0.9304077444624619,0.008864775828246107,0.9304077444624619,0.007529343149005613,0.0035387520100645144,0.015463579540842614,0.03419580500937928
2496,2,2,0.5600694808679252,0.032682626067346225,0.5600694808679252,0.037344900545485976,0.012960187542649765,0.27942905826390096,0.07751374671269198
2497,4,4,0.9144091201057905,0.019883798235231495,0.0163278125013062,0.006025754991788776,0.9144091201057905,0.022401252521813245,0.0209522616440698
2502,1,1,0.7849072060486985,0.7849072060486985,0.05606583362687033,0.020446512858932044,0.011082054657039429,0.05283646009675797,0.07466193271170156
2503,4,4,0.9625872022194151,0.006724700557825673,0.009698305568820238,0.002938384187935952,0.9625872022194151,0.012063946370568682,0.00598746109543438
2504,5,5,0.7616612879979983,0.04093244137289828,0.09221317577286117,0.01824688575649485,0.01264124503935054,0.7616612879979983,0.0743049640603969
2505,3,3,0.5994741956832649,0.0496108880608369,0.1285216508307428,0.5994741956832649,0.028705353104234718,0.11771984865734691,0.07596806366357388
2506,1,1,0.6412093537135936,0.6412093537135936,0.08134452502015431,0.044013976088492404,0.038070790084402985,0.08269574696947667,0.11266560812388014
2507,5,5,0.6592068576594452,0.05083754310644638,0.13253440398765393,0.025782838052417354,0.017432725907798447,0.6592068576594452,0.11420563128623873
2508,4,4,0.9440640137297415,0.008167290368408525,0.01545932552474856,0.0048432064608302655,0.9440640137297415,0.018899171864633017,0.00856699205163822
2509,6,6,0.8639633239907861,0.021153574296440006,0.034110259069478,0.013328071969995544,0.007514655107454261,0.05993011556584609,0.8639633239907861
2510,1,1,0.633407611404153,0.633407611404153,0.08570615447936739,0.02457758285718146,0.028512648497420613,0.13230358003470571,0.09549242272717173
2513,2,2,0.8549867885702158,0.04168586644634043,0.8549867885702158,0.009616743694319887,0.011807569719079307,0.04358387235619083,0.03831915921385393
2514,3,3,0.9123333294042,0.008429549796197202,0.01658504147406189,0.9123333294042,0.004808453734506668,0.040347880329180165,0.01749574526185415
2515,1,1,0.7509460736247124,0.7509460736247124,0.0589243421031038,0.023492297009885477,0.013325552976933556,0.09381102053023645,0.059500713755128325
2516,2,2,0.5846146787168672,0.06838906475795613,0.5846146787168672,0.038051385191630094,0.022033662487075382,0.17783286380629432,0.10907834504017695
2517,2,2,0.9083719184776173,0.04376561375002056,0.9083719184776173,0.008705579269943534,0.003650559164635846,0.01725951734520869,0.018246811992574063
2519,4,4,0.8512447596054442,0.02504880110209939,0.03187410942492179,0.014001472044263453,0.8512447596054442,0.05308703264592837,0.02474382517734286
2521,4,4,0.9482264148626193,0.013477168084784916,0.011274520628542221,0.005592915868646842,0.9482264148626193,0.011933924404512424,0.009495056150894396
2523,1,1,0.9248941792865053,0.9248941792865053,0.01325108551590658,0.016732162290679576,0.005361874035817244,0.02417509956816163,0.015585599302929692
2525,3,3,0.9385521732249383,0.005256240651230227,0.013608073263617003,0.9385521732249383,0.004351857864273472,0.03207181191643291,0.006159843079508004
2526,1,1,0.8797735555565971,0.8797735555565971,0.03127547917051912,0.012056788609298387,0.016619881186898455,0.03247762002276136,0.027796675453925664
2527,4,4,0.9433143801659697,0.008033986680104502,0.015097255779704409,0.00492815721005149,0.9433143801659697,0.019668154062350302,0.00895806610181957
2528,6,6,0.6772959566106235,0.06868962153513361,0.06659401842058461,0.01614772729369079,0.01133264206458753,0.1599400340753799,0.6772959566106235
2530,2,2,0.9355176002026573,0.01221220892863663,0.9355176002026573,0.0068656763880753,0.004449827343780845,0.021824192474599966,0.01913049466224996
2531,3,3,0.9289805119005555,0.01107103967250887,0.021412888019525008,0.9289805119005555,0.006095790813601618,0.014753270773013628,0.017686498820795437
2532,1,1,0.775181377619362,0.775181377619362,0.04683008931438582,0.017578496870356817,0.0484231099198575,0.05707070425362532,0.05491622202241249
2533,2,2,0.6434835408160969,0.12182245099429352,0.6434835408160969,0.02785303093524582,0.02056663077713524,0.10880911339362093,0.07746523308360743
2535,3,3,0.9267354925774373,0.011563779790220502,0.02023225410082748,0.9267354925774373,0.008019190851646409,0.017486537258085577,0.0159627454217828
2536,2,2,0.734305961606264,0.03413447763054356,0.734305961606264,0.01673146164162003,0.00878452488290825,0.14839940853813968,0.05764416570052461
2537,5,5,0.9279900800772037,0.012285532299309426,0.02344597843703028,0.005098544049590529,0.003114823412363558,0.9279900800772037,0.02806504172450256
2538,3,3,0.9081564182716433,0.0079123411002813,0.014938634583068232,0.9081564182716433,0.004248583614103532,0.05522275411016471,0.009521268320739034
2539,6,6,0.5736514409325407,0.05205018921770805,0.1569713557790608,0.03516341350698903,0.017875690054595623,0.16428791050910582,0.5736514409325407
2540,1,1,0.8873168262330736,0.8873168262330736,0.03137857743172798,0.011287924937221127,0.007689289905272395,0.032807505632918996,0.029519875859785882
2541,2,2,0.5621397073186475,0.028312805067131755,0.5621397073186475,0.02684694944983463,0.010008161114435369,0.2511061467978649,0.12158623025208579
2542,2,2,0.7685357364310748,0.0430604752169712,0.7685357364310748,0.027147839773748253,0.015014993580828698,0.07804730777299715,0.06819364722437994
2543,5,5,0.5900041340110656,0.08252478645025832,0.0954215338111321,0.028339406518122716,0.02847563922051102,0.5900041340110656,0.17523449998891028
2544,2,2,0.9476909644603617,0.008412527419340267,0.9476909644603617,0.005754302404728495,0.0032834244277317607,0.017875079670059257,0.01698370161777848
2545,3,3,0.9292594264171655,0.010868199224323303,0.019670844013953463,0.9292594264171655,0.0037998164792120634,0.013970972854381921,0.022430741010963897
2548,2,2,0.896607888827092,0.02394929027197819,0.896607888827092,0.008370045478154745,0.003228235095214034,0.037371239187474,0.030473301140087002
2549,1,1,0.8882721733633924,0.8882721733633924,0.036935650758478614,0.01016317820630321,0.0062466197228708805,0.032626622011903084,0.02575575593705185
2551,6,6,0.8789682439427823,0.01918252640835811,0.03102154283592601,0.01462612013055112,0.00621378984574401,0.04998777683663842,0.8789682439427823
2552,1,1,0.6571704502579985,0.6571704502579985,0.06913119867744989,0.038918664544131204,0.050045717818074556,0.08003074409271528,0.10470322460963068
2554,1,1,0.8065009125320506,0.8065009125320506,0.04480295865447904,0.01942714529463618,0.008833279820589447,0.04114726890393022,0.07928843479431452
2555,2,2,0.9284430815136682,0.01366666855757132,0.9284430815136682,0.0063498224491943195,0.004755924322761103,0.02138477827513667,0.025399724881668452
2556,6,6,0.73037307174341,0.028075824212067092,0.07208658756561259,0.02104337242866001,0.009053454297188852,0.13936768975306138,0.73037307174341
2557,2,2,0.47859548115120654,0.05791102101649722,0.47859548115120654,0.05047864948278893,0.06446221531912494,0.16268588713380264,0.18586674589657967
2558,2,2,0.5294041577733197,0.11336954448176312,0.5294041577733197,0.044091533030425956,0.018891927325713164,0.1059972786956328,0.18824555869314524
2563,3,3,0.9173260542286792,0.022353583688338417,0.01907077378753265,0.9173260542286792,0.0071400555943980405,0.020926743739279757,0.013182788961772034
2565,5,5,0.6482051015400355,0.06928737273059993,0.09846723500822784,0.03113544000877983,0.01628836772376849,0.6482051015400355,0.1366164829885885
2568,3,3,0.9210676878214682,0.012242404972114167,0.023965223411660453,0.9210676878214682,0.0063388910942819305,0.017672257776721694,0.018713534923753508
2570,6,6,0.7144582677707247,0.09828340816007769,0.04839872588456755,0.024925015051590227,0.015916915853132714,0.09801766727990702,0.7144582677707247
2573,4,4,0.9647024772357456,0.0033258530268059894,0.00978287524127528,0.00320180467586411,0.9647024772357456,0.01256080715087982,0.0064261826694291865
2575,6,6,0.6895073087540075,0.03888143661541281,0.10602908952096123,0.03373355738779039,0.018326135122128898,0.11352247259969929,0.6895073087540075
2576,2,2,0.7221987678915123,0.05107098858134169,0.7221987678915123,0.022810091754212027,0.015395996935675518,0.11457467041505467,0.07394948442220388
2577,2,2,0.6796786497877836,0.0998879622073264,0.6796786497877836,0.03440333044592044,0.011263081559411343,0.0395456341790741,0.13522134182048415
2580,6,6,0.7160883624087993,0.0560269643968033,0.11565578285138463,0.014610346802872296,0.016510710527684158,0.08110783301245647,0.7160883624087993
2581,4,4,0.9851133625444095,0.005114985738360232,0.0028054332163396974,0.0010803037383137085,0.9851133625444095,0.0031923860225715815,0.002693528740005333
2583,3,3,0.9230431769007609,0.01906624688530618,0.018792792309802728,0.9230431769007609,0.007588645111542861,0.018854142694008525,0.012654996098578732
2584,1,1,0.9171644339852489,0.9171644339852489,0.026874199182544422,0.007996982494216357,0.005101707152281248,0.027858531675478648,0.015004145510230429
2585,5,5,0.5400366785328288,0.1065750655819845,0.14460136267725157,0.037191190449208954,0.018753991656098753,0.5400366785328288,0.15284171110262754
2588,1,1,0.900519261599011,0.900519261599011,0.029752806202425115,0.009712276074452046,0.006024305854347304,0.03150603460375673,0.022485315666007834
2589,1,1,0.9180907314350871,0.9180907314350871,0.02691882687675595,0.008808652481424692,0.004951581553483289,0.026185710024731437,0.015044497628517497
2590,5,5,0.675882028099731,0.034814636346638825,0.1212660779932126,0.02542108683774485,0.012620639245996197,0.675882028099731,0.12999553147667647
2591,4,4,0.9136299853446022,0.019638345071324156,0.018911133177150027,0.011019536587726291,0.9136299853446022,0.02152375747236884,0.015277242346828653
2592,5,5,0.7605934803935238,0.029641936772902465,0.1156508526223212,0.03149781114443814,0.011860041264472175,0.7605934803935238,0.05075587780234232
2594,5,5,0.6761027428094667,0.04042571043925621,0.15835902978598104,0.022879547756652387,0.014742498269902546,0.6761027428094667,0.08749047093874115
2597,4,4,0.9860663078230314,0.002732711861375215,0.0028433157739656354,0.001175752724034164,0.9860663078230314,0.0046815575160907685,0.002500354301502679
2598,4,4,0.8486375542109647,0.03802118939686191,0.035788581453762534,0.010021338290126131,0.8486375542109647,0.04276432978521858,0.024767006863066213
2599,4,4,0.9413698379934144,0.012347472340013784,0.014534264495146988,0.005999374378156985,0.9413698379934144,0.014486593555112134,0.011262457238155619
2600,4,4,0.9598521836604355,0.007986867341413,0.009568137378896386,0.004314411648172846,0.9598521836604355,0.010903594873095753,0.0073748050979865675
2601,4,4,0.7036342746721084,0.047958181761941276,0.07401541612651538,0.03693904563798823,0.7036342746721084,0.08347578480605918,0.053977296995387655
2602,1,1,0.5296291735169931,0.5296291735169931,0.1398318849330376,0.040978328609488864,0.02135748058534918,0.11241818692623669,0.1557849454288946
2603,1,1,0.6820915806163034,0.6820915806163034,0.03776350207831339,0.024357437337132883,0.05024313256529922,0.10479489691514404,0.10074945048780708
2604,5,5,0.7577100309887936,0.034796794402683975,0.07726297234435127,0.03701033549716718,0.014170014105868782,0.7577100309887936,0.07904985266113516
2605,5,5,0.571128103014481,0.04873357912958891,0.22490010404365662,0.02875590106755111,0.020828742621964918,0.571128103014481,0.1056535701227575
2606,1,1,0.7877373981376062,0.7877373981376062,0.059715693440996725,0.021424631384186557,0.013414273496455475,0.05299357677586042,0.06471442676489446
2608,3,3,0.9359454593660174,0.010621736104134888,0.012113657732375936,0.9359454593660174,0.003274489158353591,0.01780958412646895,0.020235073512649363
2609,1,1,0.39263139182145806,0.39263139182145806,0.1589397956047726,0.04207612344010877,0.07728977018713437,0.19813996049103744,0.13092295845548874
2610,5,5,0.5659464864121269,0.04194842921167346,0.24207443308750348,0.024854301588442793,0.04545343260976558,0.5659464864121269,0.0797229170904878
2611,4,4,0.9176947253395568,0.012831360269186916,0.01927030518533966,0.009682277141197354,0.9176947253395568,0.027951280930806358,0.012570051133913006
2612,5,5,0.6670836619511338,0.11552847970086894,0.08015581563983872,0.05458862657596246,0.017736503688148313,0.6670836619511338,0.06490691244404774
2613,2,2,0.9271293685222183,0.0074588509101895595,0.9271293685222183,0.006705243966438651,0.0038787224427174038,0.018863569015933567,0.03596424514250251
2614,4,4,0.9679602855117155,0.006615196037188523,0.008253996880128213,0.0034007088917141675,0.9679602855117155,0.00725470419793554,0.006515108481318161
2618,5,5,0.5749170204053995,0.04796476503562515,0.18795321280401187,0.04319974562731512,0.01915124211947291,0.5749170204053995,0.12681401400817538
2619,2,2,0.4051379273115386,0.10279678193307273,0.4051379273115386,0.045634409843885525,0.18000288033908451,0.11857132405616749,0.1478566765162512
2621,1,1,0.8081499969321064,0.8081499969321064,0.0440390146224397,0.02200301903525496,0.03144153895748243,0.040255221315265384,0.05411120913745119
2622,2,2,0.9307231137758921,0.021513487998442132,0.9307231137758921,0.00835726404673701,0.004442676597036099,0.014050750752821329,0.02091270682907136
2623,3,3,0.929686822758379,0.009661401993751957,0.019914918172446505,0.929686822758379,0.006955933680349141,0.020271917984572795,0.013509005410500523
2624,3,3,0.94308266574865,0.007158977587260618,0.017169753099879097,0.94308266574865,0.006770746747754411,0.013424025135001199,0.012393831681454722
2625,1,1,0.8619483847828274,0.8619483847828274,0.0361173546078322,0.011766193590761772,0.005255966292483183,0.03178390086175825,0.05312819986433727
2627,2,2,0.8688657453547711,0.027898743369988935,0.8688657453547711,0.01163190821601052,0.006758900337321573,0.04963732420577262,0.03520737851613508
2628,3,3,0.9256902417757952,0.01398454769719533,0.017617915714606906,0.9256902417757952,0.006499195688975288,0.0195150546787709,0.01669304444465633
2629,2,2,0.6483086521665976,0.0254668050737614,0.6483086521665976,0.016441525863947325,0.010443616921360026,0.2032789015406032,0.09606049843373053
2631,3,3,0.9386812878543546,0.00970983011345297,0.016774795424703365,0.9386812878543546,0.0066187310567618835,0.014634794136577917,0.013580561414149346
2633,3,3,0.913629642962142,0.011126362520445835,0.015394950531061172,0.913629642962142,0.005335370436499808,0.04006422814008824,0.014449445409762986
2634,4,4,0.9665892710261147,0.008197405649438645,0.006650662893924762,0.00370338722826911,0.9665892710261147,0.00825894612898496,0.0066003270732678575
2636,2,2,0.7299958493471483,0.023525185502170493,0.7299958493471483,0.029213274903681506,0.010357193554250976,0.166466464237032,0.04044203245571656
2637,1,1,0.7799432387417923,0.7799432387417923,0.05310397284860605,0.01999530745462747,0.010622790054962429,0.0563936767121213,0.0799410141878904
2639,6,6,0.5242321693363208,0.07651940216968285,0.14743389834526696,0.03142398088788322,0.019876605366931355,0.2005139438939149,0.5242321693363208
2640,2,2,0.6382445027508976,0.049420658063150526,0.6382445027508976,0.02820476394265293,0.016815000466492456,0.15515539621568625,0.11215967856112029
2641,2,2,0.525519279872215,0.10222534102224404,0.525519279872215,0.04839556499364286,0.02579356121742147,0.18365310762234813,0.11441314527212845
2642,2,2,0.9533311719853632,0.00925040027558684,0.9533311719853632,0.005486140121059332,0.004947145072094795,0.008190175498072404,0.01879496704782336
2643,2,2,0.45486700652726236,0.09487888194902903,0.45486700652726236,0.029393716332622596,0.023332632721933765,0.3232478544064395,0.07427990806271273
2644,5,5,0.5932260409931257,0.05489876950879411,0.1592634076677218,0.030462403339264015,0.0183625087883552,0.5932260409931257,0.14378686970273916
2646,1,1,0.8574949168947752,0.8574949168947752,0.03384306118098306,0.01486110581775159,0.016130323178105196,0.037636694021228934,0.04003389890715615
2647,2,2,0.5709480439984109,0.07906028919987824,0.5709480439984109,0.03149219965512618,0.02577432697781469,0.15799350745817128,0.13473163271059874
2648,6,6,0.7602223979445648,0.06792229526118894,0.06133082223270699,0.01864146837338182,0.022608271760309367,0.06927474442784802,0.7602223979445648
2649,4,4,0.913220978005463,0.017635335888067018,0.014124056703797478,0.011609292013315353,0.913220978005463,0.017542553854464283,0.025867783534892965
2650,2,2,0.6376326165842164,0.06026843665069636,0.6376326165842164,0.045795820230478484,0.019454847676489005,0.10251110229735699,0.13433717656076286
2651,3,3,0.9449736008393576,0.014471824173024493,0.011844344282234716,0.9449736008393576,0.00289898596502702,0.012109358056115507,0.01370188668424076
2652,6,6,0.5667931871143352,0.03242286054578494,0.0820846387831676,0.018561318881343183,0.01566111064612633,0.2844768840292427,0.5667931871143352
2653,1,1,0.8425143540133129,0.8425143540133129,0.04714719530562298,0.013998198425832392,0.0075650694956580266,0.04175266420096222,0.04702251855861149
2654,2,2,0.5578588487163774,0.04587564022837034,0.5578588487163774,0.03202039950685603,0.02979108229028388,0.16799600528233924,0.1664580239757732
2655,4,4,0.9772872804444696,0.004698109459973345,0.004909705292637743,0.00297812521853458,0.9772872804444696,0.005697589108053546,0.004429190476331285
2656,4,4,0.9342997969368798,0.012320796787308788,0.016875997061744627,0.006371226250604244,0.9342997969368798,0.017537197760334702,0.012594985203127799
2657,3,3,0.9243856431443949,0.007607516368746552,0.014697239016709437,0.9243856431443949,0.0042275356647262065,0.03425305484402019,0.014829010961402813
2659,2,2,0.7946881313056249,0.04120067060773451,0.7946881313056249,0.015513980276087297,0.016055488411598377,0.0782075345923685,0.05433419480658642
2660,5,5,0.7157417705775664,0.027363058862647328,0.07954006580332666,0.019242653182170204,0.008385481697333327,0.7157417705775664,0.14972696987695608
2662,3,3,0.9384456133442638,0.01209339734278449,0.015986386332209234,0.9384456133442638,0.0054879098113974865,0.012702614503076255,0.015284078666268673
2665,3,3,0.9140343164103365,0.009391714941435888,0.016770094144431463,0.9140343164103365,0.00567172479311313,0.04079381742056554,0.013338332290117279
2667,5,5,0.7619445700206025,0.045588722718647244,0.0983742108117492,0.016306883187347725,0.012040177329714241,0.7619445700206025,0.0657454359319391
2668,6,6,0.8570657573692851,0.02050483397274663,0.054010554803169915,0.014499797145431285,0.010871478489895194,0.04304757821947185,0.8570657573692851
2669,5,5,0.7518986519180034,0.03333354086231216,0.11332005490272072,0.02622181207362544,0.01992256478892468,0.7518986519180034,0.0553033754544135
2670,2,2,0.7084933035556749,0.0643852688040962,0.7084933035556749,0.029708258766351633,0.019794932992874683,0.06233752896288399,0.11528070691811852
2671,1,1,0.7424668209344211,0.7424668209344211,0.05872581391842073,0.020506365153604076,0.018134448599919934,0.06276640074981665,0.09740015064381752
2672,3,3,0.9211603832868697,0.012448002888216321,0.016414975026886738,0.9211603832868697,0.0050356378179194075,0.015024535440760094,0.029916465539347778
2673,3,3,0.9313906507590201,0.009966695198138836,0.018331071328442392,0.9313906507590201,0.005668108127120137,0.020150669534720545,0.014492805052558087
2675,5,5,0.6645321327136728,0.04868459993036276,0.13631261547048118,0.039251811019723526,0.01886117353131133,0.6645321327136728,0.09235766733444843
2677,4,4,0.9388320429546205,0.007452187348856104,0.01647051328887981,0.005343543986735515,0.9388320429546205,0.01968194846868361,0.01221976395222435
2678,2,2,0.6612018793839703,0.09089390084104174,0.6612018793839703,0.03064564755508348,0.01793032446663391,0.10998839824625142,0.08933984950701923
2679,5,5,0.6118481941423861,0.058941841686664914,0.13618473882697388,0.020213297318115515,0.017020466937878488,0.6118481941423861,0.15579146108798103
2682,1,1,0.8405777819573576,0.8405777819573576,0.022502913024526797,0.016683872534622515,0.03341054494515223,0.025939788062692055,0.06088509947564882
2683,3,3,0.9259096018277158,0.013621971410943142,0.020554331603452006,0.9259096018277158,0.005768501779050984,0.014635308701049916,0.019510284677788238
2685,6,6,0.5680987326197131,0.03385038597774812,0.12455771660960817,0.02868645036375672,0.015189298252072483,0.22961741617710138,0.5680987326197131
2686,3,3,0.9366567816962141,0.009788911309402012,0.018669095041849736,0.9366567816962141,0.005244664698402211,0.014439857944713563,0.015200689309418357
2687,1,1,0.8093555544886548,0.8093555544886548,0.043431327949984236,0.013735797158182732,0.020513109915936332,0.05008528924539135,0.06287892124185045
2688,4,4,0.9798005071761249,0.004270551465042034,0.004646250306874782,0.002279079619925369,0.9798005071761249,0.004468564478874106,0.004535046953158927
2689,4,4,0.9454507897722599,0.014865061244237242,0.011636404587668497,0.005572150958408278,0.9454507897722599,0.014425110945602854,0.008050482491823274
2693,1,1,0.910608574017791,0.910608574017791,0.025959808530805508,0.007653895223951229,0.00578985321073054,0.02682914902949946,0.023158719987222343
2694,1,1,0.8711533132254697,0.8711533132254697,0.04395104180015088,0.010583533341824334,0.007636113290417566,0.045234362595625646,0.021441635746511895
2695,2,2,0.73799892429043,0.06244044757474628,0.73799892429043,0.021797010255280528,0.009509102706710557,0.034233201248966894,0.13402131392386563
2700,6,6,0.7868692421711949,0.021170552996292356,0.04562387300250199,0.013944642956864688,0.009987395413983023,0.12240429345916297,0.7868692421711949
2701,6,6,0.7576554200640577,0.03965615442613205,0.07871096325318237,0.01999151526439862,0.011650269169293263,0.092335677822936,0.7576554200640577
2703,4,4,0.8809931662231525,0.009499600673514198,0.03690262733257432,0.007020218072795832,0.8809931662231525,0.03653511099379406,0.029049276704169173
2704,3,3,0.9177892146851117,0.023563853819968426,0.02096368144510121,0.9177892146851117,0.007241116704135803,0.01598895906381597,0.014453174281866963
2706,5,5,0.6808209665304086,0.09153240983094967,0.0919069957986917,0.024408494400936183,0.014988216839079617,0.6808209665304086,0.0963429165999343
2707,6,6,0.5912238598787551,0.08998943376746228,0.1365787356657078,0.04966708851361445,0.013263310331850573,0.11927757184260981,0.5912238598787551
2708,5,5,0.6563802096043276,0.045729291632400776,0.12840280878941063,0.04116631168065185,0.018326211684535288,0.6563802096043276,0.10999516660867381
2711,4,4,0.8748678244768385,0.019884656573501587,0.03080199059154197,0.008416191004392006,0.8748678244768385,0.0372396419799318,0.028789695373794125
2713,4,4,0.975434216782976,0.0034225150597776903,0.004428242320434597,0.003680948143532125,0.975434216782976,0.008093204122106375,0.004940873571173242
2714,1,1,0.7054406042938297,0.7054406042938297,0.06562101330878552,0.027068063630188977,0.013710845574731878,0.08176199832295437,0.10639747486950954
2717,1,1,0.8187615467054496,0.8187615467054496,0.03613967119450047,0.01267212411789644,0.05950868294921151,0.050666009101179986,0.02225196593176188
2718,5,5,0.7728664600606161,0.0283658839485038,0.08399218291565522,0.03347200434602429,0.015233438134050094,0.7728664600606161,0.06607003059515051
2719,4,4,0.9747125906469795,0.004796331227791597,0.005128748185062792,0.0021769772813984047,0.9747125906469795,0.009663185545098959,0.003522167113668838
2720,4,4,0.9721557268073336,0.004365542825263091,0.006187487152361912,0.0034137927989185356,0.9721557268073336,0.00879091048868277,0.005086539927440087
2721,3,3,0.9170594152301346,0.02190935296665797,0.02225661498662612,0.9170594152301346,0.00814853748654985,0.015551448074393352,0.015074631255638113
2723,5,5,0.6866815892958584,0.11705287576087922,0.08422183766495361,0.022404515139227026,0.040703664335436755,0.6866815892958584,0.04893551780364511
2724,2,5,0.6859109172502524,0.013591932195599763,0.22016125545337648,0.016715073470291594,0.013832513393683105,0.6859109172502524,0.049788308236796565
2725,6,6,0.7937097447127525,0.038670521220746656,0.06874152749466668,0.01631849373349808,0.01068782317925236,0.07187188965908374,0.7937097447127525
2726,4,4,0.9364018895436171,0.012371171551140174,0.014913162060318584,0.00616022084652501,0.9364018895436171,0.017163284876598274,0.012990271121800857
2728,5,5,0.803353479944768,0.0373433131692898,0.07606330865690446,0.025038629024436935,0.014156739002967723,0.803353479944768,0.04404453020163318
2730,2,2,0.457093833667837,0.13113288482781774,0.457093833667837,0.03531725980562177,0.026786458174422205,0.2169786781733661,0.13269088535093523
2731,3,3,0.932343431808991,0.016418728088815226,0.017379496389306054,0.932343431808991,0.008239973464728677,0.013753625719888016,0.011864744528270993
2732,3,3,0.9341098784011597,0.011297579259846991,0.01774839828230857,0.9341098784011597,0.00616041556747952,0.014998045526035935,0.015685682963169464
2733,5,5,0.8515105460214966,0.02787327223745621,0.05894323797531277,0.013680767892067154,0.016643862739860443,0.8515105460214966,0.03134831313380691
2734,2,2,0.5211116901568488,0.05359525397331419,0.5211116901568488,0.021396606283327978,0.01071696512690702,0.31493772013058496,0.07824176432901712
2735,4,4,0.9011229267120499,0.0226090724596882,0.02195858216262735,0.007015945326044409,0.9011229267120499,0.022487349855097562,0.02480612348449263
2736,4,4,0.581323415696568,0.060502486196978136,0.10337737788331096,0.0425073027051226,0.581323415696568,0.14516496041924726,0.06712445709877311
2737,6,6,0.5465551496413525,0.07164065392745926,0.15142418667420268,0.031250490979707855,0.02569227917510961,0.17343723960216798,0.5465551496413525
2738,4,4,0.7068438656954854,0.048432506123878324,0.07523700837677523,0.016500352214450186,0.7068438656954854,0.08160501428315929,0.07138125330625157
2739,5,5,0.7924609481303293,0.03086582546624499,0.06342647581520669,0.024141944764205846,0.013179905680967488,0.7924609481303293,0.07592490014304581
2740,2,2,0.941679726666599,0.013720643724247982,0.941679726666599,0.006316290096658393,0.0037860663790536746,0.015577102869954715,0.018920170263486257
2741,2,2,0.9484633550270888,0.008904121576071206,0.9484633550270888,0.0038064184305820303,0.0024454506268190394,0.011392041025594695,0.024988613313844225
2743,1,1,0.5992453870412174,0.5992453870412174,0.1026959265633119,0.02416642130905518,0.01564881791227684,0.14161664118815173,0.11662680598598688
2744,3,3,0.9409148849116546,0.006451150061951105,0.01480997702639088,0.9409148849116546,0.002715293310918251,0.02405092604005857,0.011057768649026583
2745,5,5,0.5693919833526556,0.08206288526371708,0.11165326459878215,0.0581061906389249,0.01670414533677748,0.5693919833526556,0.16208153080914275
2746,4,4,0.9724319198654573,0.004806552323860852,0.005644132640776973,0.0024265671985725127,0.9724319198654573,0.009860202632805922,0.004830625338526405
2747,5,5,0.6643282571015546,0.03970680081056571,0.14039895777083988,0.04714388209616388,0.022449357630612787,0.6643282571015546,0.08597274459026315
2749,4,4,0.9802629162482333,0.0038763881209147102,0.004496856145661887,0.002321930910833723,0.9802629162482333,0.0048404173632396975,0.004201491211116723
2751,4,4,0.9826410851930533,0.0025095627774343516,0.004433275091034473,0.001329445573330696,0.9826410851930533,0.005322560881765834,0.003764070483381302
2752,3,3,0.9360313354552044,0.006580155228006192,0.016328761477457227,0.9360313354552044,0.004187094049548599,0.027731847258004517,0.009140806531778976
2753,3,3,0.9251532055240272,0.01936884101541524,0.01777988289155394,0.9251532055240272,0.0076625191625778535,0.01799963146079474,0.012035919945630935
2754,6,6,0.5470372873552631,0.03941125323524447,0.2630006371310676,0.030568587538557585,0.01629138000846016,0.10369085473140711,0.5470372873552631
2756,1,1,0.9256745418064368,0.9256745418064368,0.015866978225330654,0.008279731546199424,0.005791503620532161,0.019377657396121434,0.02500958740537951
2757,6,6,0.7082740112216571,0.035645601538705815,0.09318909422713992,0.028283729862624476,0.023018469442960304,0.11158909370691249,0.7082740112216571
2758,3,3,0.9367340821953859,0.008816421277375168,0.018081732574594903,0.9367340821953859,0.006540440106261727,0.018236187485127366,0.011591136361254967
2760,4,4,0.9633334720302225,0.011322134192542044,0.005624645093925116,0.003402439460967692,0.9633334720302225,0.009185551306215968,0.007131757916126677
2763,5,5,0.8046373807521682,0.0367025250514407,0.05858457304153172,0.017985609861591728,0.013575843077113259,0.8046373807521682,0.0685140682161543
2764,4,4,0.9013839075548641,0.0336255640741096,0.017949523536228248,0.005851783734427258,0.9013839075548641,0.026065691977178024,0.015123529123192819
2765,1,1,0.6769198768635756,0.6769198768635756,0.08581650160923643,0.03749030658277215,0.016956619710266498,0.08467800690805725,0.09813868832609202
2767,1,1,0.7813985665665096,0.7813985665665096,0.07387268060061776,0.02093757813124206,0.020927311766751316,0.061302764539892335,0.04156109839498682
2768,2,2,0.6804899346024952,0.0488842692216304,0.6804899346024952,0.03096239003756074,0.018269873704477687,0.1410467011427751,0.08034683129106095
2769,4,4,0.9526825840298618,0.004394678305117287,0.013428267265728926,0.003939536338267781,0.9526825840298618,0.014039195282437097,0.011515738778587102
2770,2,2,0.7565550895047506,0.02217084818919274,0.7565550895047506,0.024773673447642527,0.014253323251241274,0.14171480458588898,0.04053226102128366
2771,2,2,0.766183578172409,0.0501512173798178,0.766183578172409,0.01754205962529322,0.009381844880982803,0.047932116914156844,0.10880918302734036
2772,4,4,0.8586121759810666,0.02695156162812218,0.030567905091544244,0.014554734821605807,0.8586121759810666,0.04718641368509999,0.022127208792561113
2773,4,4,0.985932286859666,0.0027869528824948707,0.002969828715607524,0.0019950993054387136,0.985932286859666,0.0036479013374870538,0.0026679308993058422
2776,2,2,0.699011391575597,0.05202534954000856,0.699011391575597,0.03149905622208754,0.0176972084517987,0.11237517010099855,0.08739182410950957
2778,5,5,0.5831153433767052,0.0868784555640892,0.04925982998407056,0.026222381109869772,0.017480123743733037,0.5831153433767052,0.23704386622153217
2779,6,6,0.5923207960949726,0.035323760506530376,0.24096856986841664,0.027682838384797938,0.014817731508976494,0.08888630363630605,0.5923207960949726
2781,2,2,0.8179067339192175,0.04914626525760839,0.8179067339192175,0.01344783466939144,0.009127312490396928,0.05634873138763733,0.05402312227574845
2783,6,6,0.5546529563087408,0.07190780781627394,0.14165934975799793,0.03316790749703113,0.01977931539923386,0.1788326632207224,0.5546529563087408
2784,1,1,0.8933962089190627,0.8933962089190627,0.026124999124487694,0.00907026760451353,0.006853445485450768,0.032300677394185906,0.032254401472299396
2785,2,2,0.48320365880811533,0.17878042201969718,0.48320365880811533,0.051903669658533824,0.024653244944711473,0.10261935735583445,0.15883964721310784
2786,5,5,0.6082079823291573,0.07470388536098495,0.07616098873563347,0.09112198220139366,0.04975015398527554,0.6082079823291573,0.10005500738755503
2788,1,1,0.6020503378056256,0.6020503378056256,0.0916464405585243,0.027005496754040948,0.01697177197684564,0.09858608456136488,0.1637398683435987
2789,1,1,0.7977523665162922,0.7977523665162922,0.056341797961905186,0.01761224087292422,0.024210915167382517,0.05255667571294615,0.051526003768549745
2792,1,1,0.681635991706062,0.681635991706062,0.07307603489688991,0.03170675809443195,0.01623497942074282,0.07291316220678597,0.12443307367508737
2793,6,6,0.9679950819295707,0.006169696510262557,0.011221547654546289,0.0038394228962104556,0.001908530932201114,0.008865720077208835,0.9679950819295707
2794,1,1,0.6127567495517883,0.6127567495517883,0.07101957238897731,0.04175541321966335,0.059623792276744934,0.07942224543792156,0.13542222712490462
2795,4,4,0.9806826908447481,0.0035682868199325675,0.004464802768474645,0.001377325300120478,0.9806826908447481,0.0049940735266423165,0.004912820740081904
2796,3,3,0.9437807841194155,0.007735798825609009,0.017059780382038234,0.9437807841194155,0.00571761747703553,0.013902207998770625,0.011803811197131038
2797,2,2,0.5148936508953649,0.05434513382867031,0.5148936508953649,0.04738881806304104,0.026476254396541207,0.2946721456598916,0.0622239971564909
2799,3,3,0.9439438513274478,0.005512310064864976,0.010280661477542582,0.9439438513274478,0.004311391120093483,0.02941126064896218,0.006540525361089009
2800,4,4,0.8437616926179393,0.020553251592382037,0.03488515508669529,0.016440274688336164,0.8437616926179393,0.03636305431643863,0.04799657169820857
2802,4,4,0.804056657814493,0.03804377381831804,0.05377163040426249,0.0138547541535558,0.804056657814493,0.05758646262065247,0.03268672118871826
2803,4,4,0.9532175209808866,0.009268527021657948,0.011756371916504388,0.003145508916913083,0.9532175209808866,0.010615439388693722,0.011996631775344314
2805,4,4,0.9702981447534047,0.0037189262177701955,0.006746298540376415,0.004288091546674697,0.9702981447534047,0.00728366739534188,0.007664871546432057
2807,6,6,0.7010648092863698,0.04559921725423905,0.048975216316169926,0.021992739899693817,0.026812682246030357,0.155555334997497,0.7010648092863698
2808,2,2,0.694960875618652,0.0386545486342276,0.694960875618652,0.02222423992280419,0.011125705126139387,0.15914436422963124,0.07389026646854556
2810,4,4,0.9243459924495497,0.01751407218754815,0.015913176595219927,0.00668237990032264,0.9243459924495497,0.02357569276421458,0.011968686103144987
2811,5,5,0.7733982634234313,0.03230473066402862,0.08324715299141314,0.01759754026711432,0.015223459288469838,0.7733982634234313,0.0782288533655428
2812,6,6,0.6163535307442293,0.06768519125012784,0.12565884531611887,0.03341525950323588,0.017931738091001317,0.13895543509528682,0.6163535307442293
2813,6,6,0.6762523222247557,0.03559841833024406,0.09951845622154658,0.0216965163422743,0.015283337373686774,0.15165094950749253,0.6762523222247557
2815,3,3,0.92258679869924,0.0105203296722039,0.0227279678550419,0.92258679869924,0.005284000256094753,0.01486950433953636,0.024011399177883076
2816,1,1,0.7620590289586949,0.7620590289586949,0.07130225808450287,0.01738930085577226,0.010048823227822952,0.0698548385688142,0.06934575030439277
2817,4,4,0.8855235330662536,0.014497617976522057,0.027138487836287386,0.012179831381244233,0.8855235330662536,0.03608282777740795,0.024577701962284815
2818,1,1,0.7645825201220885,0.7645825201220885,0.06041750943305115,0.01787800030748838,0.00693362364399884,0.06341167009483648,0.08677667639853658
2821,6,6,0.8040705650356047,0.015575986951031767,0.07733615387052205,0.020421950902542403,0.011370368685599996,0.0712249745546992,0.8040705650356047
2823,1,1,0.7327819952666023,0.7327819952666023,0.09115241909515112,0.019173003292319295,0.011801231527057036,0.07944011762543184,0.06565123319343846
2825,3,3,0.8948575019589023,0.0055325726840137635,0.008372502064733552,0.8948575019589023,0.0024788789871796266,0.08005918247821113,0.008699361826959441
2827,2,2,0.5871432976670196,0.06156000299467369,0.5871432976670196,0.04035355334329121,0.014437352572016518,0.14198598760075065,0.15451980582224842
2828,4,4,0.9497565494955877,0.008422011024369552,0.011302752410292067,0.005417449094151037,0.9497565494955877,0.014548487475723036,0.010552750499876659
2829,5,5,0.6364440475470969,0.06104836137069699,0.13344222299311786,0.03768762786740137,0.025446594239343204,0.6364440475470969,0.10593114598234366
2830,5,5,0.7776408382030621,0.05453623208894163,0.06914904955490381,0.02325699891749182,0.009182862630736054,0.7776408382030621,0.06623401860486469
2831,5,5,0.6046232494717615,0.1053375832051271,0.11765646790624147,0.04042643323032676,0.02190668923965888,0.6046232494717615,0.1100495769468843
2833,2,2,0.7767276275734952,0.026326865364773324,0.7767276275734952,0.024639190881438282,0.026093247062371747,0.06112963230574605,0.08508343681217531
2834,1,1,0.7795607081602368,0.7795607081602368,0.06737014150716106,0.019752824240430775,0.016425328373509858,0.07235144259943516,0.044539555119226346
2835,3,3,0.9286587162896434,0.005759339355904553,0.013234731766813309,0.9286587162896434,0.007294251795199165,0.03519360552834072,0.009859355264098873
2836,1,1,0.895024087985148,0.895024087985148,0.02792070157629716,0.010940312740677085,0.006071196770916029,0.028114069534299263,0.031929631392662465
2837,5,5,0.656836226776973,0.0663567860660368,0.12939112946221193,0.03860107692665272,0.020994297927876646,0.656836226776973,0.08782048284024899
2839,2,2,0.7586992064010606,0.039162916506100924,0.7586992064010606,0.017300531640424267,0.010931571965065822,0.1093387253995806,0.06456704808776796
2840,5,5,0.6364420304754873,0.10914259741108845,0.08746236314029779,0.04567006859628629,0.06238775909150021,0.6364420304754873,0.05889518128534001
2842,1,1,0.7929856049033918,0.7929856049033918,0.05317632241104783,0.018483070720165792,0.04430923715742595,0.04973550310029207,0.04131026170767657
2843,3,3,0.933808982245184,0.011719977764115553,0.017977763673871668,0.933808982245184,0.0050411904498034645,0.014407960479718523,0.01704412538730684
2844,6,6,0.8366314947152574,0.027183680247997586,0.05444811463613515,0.017706078232200485,0.010741539084767066,0.05328909308364234,0.8366314947152574
2845,6,6,0.7773740402578979,0.042093007817009254,0.08277583779222922,0.022387006875091802,0.009822667910430464,0.06554743934734138,0.7773740402578979
2846,3,3,0.9467062430411315,0.0072808114559867985,0.01628504324741785,0.9467062430411315,0.005652931320422511,0.013123221824718541,0.010951749110322718
2847,3,3,0.9354932948332939,0.010675381349107971,0.013986991399846996,0.9354932948332939,0.0034719202069918346,0.011876892796597417,0.024495519414161858
2848,3,3,0.9391851627329244,0.00940271141751364,0.01694859106208551,0.9391851627329244,0.0033918626470537884,0.013255545750644807,0.01781612638977776
2849,6,6,0.6459110856505611,0.03477407925731135,0.07403745520015836,0.02560832820209444,0.0371527654634899,0.1825162862263848,0.6459110856505611
2851,1,1,0.9248925273142344,0.9248925273142344,0.02040942866474506,0.008411791137893795,0.01717931012719634,0.017089867905957526,0.012017074849972855
2852,2,2,0.6705288577292432,0.02686661507012177,0.6705288577292432,0.021529333435335255,0.01933662780439053,0.07966151734385112,0.18207704861705815
2853,1,1,0.686796279935366,0.686796279935366,0.08605776772910795,0.02699562247227803,0.023031634655727513,0.09271949103477743,0.08439920417274321
2854,3,3,0.9364783755533441,0.01578870021121983,0.011655486326246658,0.9364783755533441,0.004722317335345402,0.010863899107541949,0.020491221466301956
2856,2,2,0.43411944567795696,0.09661820183820008,0.43411944567795696,0.05370470062584086,0.04913204745542944,0.2530752003544138,0.11335040404815888
2857,6,6,0.7033595565931492,0.03277116106872497,0.1029334349186232,0.022877275694043686,0.018814349770473957,0.11924422195498509,0.7033595565931492
2858,4,4,0.9822047348687086,0.003752985084083766,0.003328590126945723,0.001720545750800976,0.9822047348687086,0.004693100353616267,0.004300043815844787
2861,2,2,0.5642521440548469,0.04532700714509423,0.5642521440548469,0.03197558155439876,0.012016346368714008,0.12903879537498236,0.21739012550196377
2862,3,3,0.9293397152059798,0.005967453559413574,0.013305491893474214,0.9293397152059798,0.0026807461069043655,0.040422063011771016,0.008284530222457077
2865,2,2,0.5759219220380549,0.06132737796260368,0.5759219220380549,0.030960024439344907,0.01905659402171965,0.14412728311994136,0.16860679841833554
2867,6,6,0.5456432292106296,0.0436993090203161,0.08418168912220902,0.031169768654443503,0.0256883125134134,0.26961769147898845,0.5456432292106296
2868,2,2,0.8662335877039852,0.021842664493496387,0.8662335877039852,0.012242694471250305,0.00877303020163349,0.05422077466960148,0.03668724846003327
2869,1,1,0.7694393621641036,0.7694393621641036,0.04204801006211034,0.020684902861958912,0.010544152527639926,0.0570053358945331,0.10027823648965412
2870,1,1,0.7968579285201748,0.7968579285201748,0.053857090965666744,0.02144620815129951,0.010069898177313862,0.0723736411418853,0.04539523304365988
2873,1,1,0.6786565770004018,0.6786565770004018,0.08039081255406494,0.02526019188661101,0.02236851098665399,0.07857086674805337,0.11475304082421497
2874,2,2,0.6128197095143264,0.0845927649709053,0.6128197095143264,0.025718940235657566,0.017489009174508467,0.08991753864455189,0.16946203746005048
2875,1,1,0.7536070482557358,0.7536070482557358,0.04387096163320813,0.017165917612628156,0.05350505231036684,0.07410444447959245,0.05774657570846867
2876,3,3,0.9422394714212823,0.007919050163278124,0.01768126537416074,0.9422394714212823,0.005700875108281555,0.015006483522456097,0.011452854410541271
2877,1,1,0.519086586095279,0.519086586095279,0.14716610761306065,0.037750321856489306,0.025832970627171013,0.137574921615481,0.132589092192519
2878,3,3,0.9385519178599503,0.009599907215735094,0.015656629272870433,0.9385519178599503,0.005288023378149868,0.017655434582110347,0.013248087691184065
2879,3,3,0.9399956054227393,0.008349468059059666,0.008572387266082915,0.9399956054227393,0.00328721555384314,0.03190426942387391,0.007891054274401049
2881,1,1,0.7988918666273943,0.7988918666273943,0.044598476220230804,0.01817418211913305,0.02045285878038963,0.0491653150217607,0.06871730123109152
2882,2,2,0.7609005075283971,0.02841570613109947,0.7609005075283971,0.020523480847328784,0.030377564863898483,0.0973501777976475,0.062432562831628645
2886,5,5,0.5439934715637204,0.10007374523412348,0.20402873582438247,0.02626902794917029,0.020975711151767714,0.5439934715637204,0.10465930827683557
2887,4,4,0.964807589741562,0.005661032044561839,0.00782375881780683,0.0038590716062357833,0.964807589741562,0.008612530252224282,0.009236017537609227
2888,2,2,0.8690590999083532,0.0339789156105583,0.8690590999083532,0.01694416869025559,0.009089996042798443,0.03721486747188316,0.03371295227615126
2889,4,4,0.9423526378954101,0.007936049451792068,0.016147409582633727,0.004545463882178889,0.9423526378954101,0.015903501499530466,0.013114937688454769
2890,2,2,0.6942483508621073,0.04625135911735427,0.6942483508621073,0.023780723909144617,0.01626229709598548,0.1004090751073297,0.11904819390807869
2892,4,4,0.767276824968172,0.051588388999922755,0.05764810681697225,0.01698921030397637,0.767276824968172,0.05897688993718759,0.04752057897376921
2895,5,5,0.6434408711362137,0.05375432325595432,0.10481522717431234,0.05065852939755554,0.024331803594141534,0.6434408711362137,0.12299924544182247
2896,3,3,0.9390754561906007,0.010984234636375493,0.010112199725688135,0.9390754561906007,0.004951447585649279,0.028122790358125555,0.006753871503560841
2897,5,5,0.5788975481700853,0.06238951451411979,0.15543319592690139,0.03571166051401178,0.021935397353260954,0.5788975481700853,0.14563268352162084
2899,2,2,0.7894756607348192,0.021782528256029093,0.7894756607348192,0.011091681224095292,0.0066538081858591005,0.15021779684831058,0.020778524750886755
2902,1,1,0.8552938502790047,0.8552938502790047,0.03268465226545027,0.0143049022751608,0.008800219161328142,0.03476032612850372,0.05415604989055241
2905,2,2,0.5975236699644942,0.01992533931498889,0.5975236699644942,0.019615855616055736,0.029653156741780227,0.28878386066331796,0.044498117699362974
2906,5,5,0.6338168455375969,0.060685495206873205,0.10819363219605356,0.034317549220368344,0.015617134548716891,0.6338168455375969,0.14736934329039103
2907,3,3,0.9222730128494036,0.010463951554400124,0.022538612832450424,0.9222730128494036,0.0052827186506197,0.014769673110779905,0.02467203100234628
2908,3,3,0.9359204011927149,0.0051697905780037365,0.010028295974870073,0.9359204011927149,0.00437027168513982,0.03773094317102118,0.0067802973982502256
2909,4,4,0.9672044286883759,0.0045082086810792595,0.009039509166075986,0.0037911172407450885,0.9672044286883759,0.007835381705382664,0.0076213545183411655
2911,5,5,0.7584316011589411,0.05677673372675065,0.05061586960260599,0.028408524639622713,0.04711659718573736,0.7584316011589411,0.05865067368634218
2913,5,5,0.39736528855346487,0.06783456759549283,0.15424520471234265,0.03963764524190304,0.02522162845963421,0.39736528855346487,0.31569566543716243
2915,1,1,0.6117860514814948,0.6117860514814948,0.10737067632661418,0.03443734164334033,0.019325869124320154,0.1120706589932675,0.11500940243096311
2916,3,3,0.9396002453247901,0.018407891773910806,0.013820155905934038,0.9396002453247901,0.0030421160770080636,0.008556383661172187,0.01657320725718469
2917,1,1,0.8717553074980605,0.8717553074980605,0.044208980264146755,0.009597387244061076,0.007864328874431552,0.04461021011106565,0.021963786008234395
2918,2,2,0.8106491353393276,0.018626947156782418,0.8106491353393276,0.012350306009176417,0.007746477450830638,0.05231348770956631,0.09831364633431663
2922,2,2,0.7793074853580989,0.024934417598661756,0.7793074853580989,0.014294155394616143,0.009093741269075839,0.12470109050035684,0.047669109879190576
2923,4,4,0.7705187249671083,0.029610508861834417,0.0833490845281947,0.010768558490532175,0.7705187249671083,0.0570566350754071,0.04869648807692329
2924,3,3,0.9323205906316868,0.019762719438041577,0.016034463404365644,0.9323205906316868,0.0033506406466111585,0.010842995619246986,0.017688590260047862
2925,1,1,0.905525632320766,0.905525632320766,0.031231669446750793,0.008969808234210777,0.006097966581398027,0.027172120529311748,0.021002802887562698
2926,6,6,0.4577781584840012,0.0701395281924337,0.1980512051000135,0.02383568724482388,0.022400925621669277,0.22779449535705848,0.4577781584840012
2927,2,2,0.5911834996544261,0.05052746053435325,0.5911834996544261,0.02465310066427859,0.0404102658586932,0.15585683553878735,0.13736883774946163
2929,1,1,0.5775451752803857,0.5775451752803857,0.09513903548674474,0.03364993800928987,0.03284382621241339,0.11814740417209241,0.14267462083907395
2930,2,2,0.8216237751944109,0.03452571172856528,0.8216237751944109,0.020714292186178703,0.01225729620608927,0.06118560533147663,0.049693319353279065
2931,5,5,0.6178223822731369,0.05020191110764774,0.18430079107027128,0.02148617004674532,0.0179522901655651,0.6178223822731369,0.10823645533663374
2932,3,3,0.94289694756564,0.007957481418860518,0.015922890896019646,0.94289694756564,0.00553170255238322,0.017249315798914117,0.010441661768182462
2934,4,4,0.9575471475170105,0.007744881806769417,0.009583243650456116,0.005425024931026472,0.9575471475170105,0.010426711915065787,0.00927299017967172
2935,5,5,0.9326584913652894,0.010561416886047276,0.02523096776143866,0.006083827578185132,0.009551234443547649,0.9326584913652894,0.01591406196549184
2937,6,6,0.7200414343554457,0.03277391263521192,0.06024219960661723,0.06423555202744513,0.028973281961507485,0.09373361941377263,0.7200414343554457
2939,4,4,0.964673418401453,0.00518877810345221,0.006905558318875721,0.0041263839058239314,0.964673418401453,0.012833652309862494,0.006272208960532711
2940,1,1,0.8853038152159571,0.8853038152159571,0.026647071994488535,0.010923971225959209,0.010891069898966117,0.03549237815874344,0.030741693505885476
2941,2,2,0.6246566465546601,0.061878072653564126,0.6246566465546601,0.03696564738141449,0.022049314408413904,0.17608264199461943,0.07836767700732794
2942,2,2,0.8299646271662839,0.03493850369869232,0.8299646271662839,0.013647195943136773,0.009755747350785045,0.07119171585418752,0.040502209986914436
2944,4,4,0.9723434607678091,0.004644517833610945,0.005881104102607618,0.0031710111215261373,0.9723434607678091,0.007480453135557899,0.006479453038888355
2945,2,2,0.9086465241799775,0.01853119763572101,0.9086465241799775,0.012372365649834337,0.0056616826722201965,0.019845377359156122,0.03494285250309082
2946,2,2,0.6477144559859451,0.0800086811273689,0.6477144559859451,0.03468906473959574,0.018985101396064852,0.11622767994284124,0.10237501680818416
2947,4,4,0.5674017507683458,0.08510255694747863,0.07579277829455182,0.03134863021843441,0.5674017507683458,0.10923701587951182,0.13111726789167746
2949,6,6,0.760469920714299,0.03544200520302657,0.07808477690419868,0.01571863314595703,0.009073584398966014,0.10121107963355283,0.760469920714299
2950,6,6,0.6754835245239794,0.13172808540186154,0.06589077499229032,0.028355193098591108,0.014597834324729192,0.08394458765854851,0.6754835245239794
2951,4,4,0.5016509457175738,0.08736534008480644,0.14953329984278735,0.033185160745744284,0.5016509457175738,0.145406375597479,0.08285887801160911
2952,5,5,0.636453414217272,0.08322145570428931,0.08992001182877314,0.03791824039397634,0.014928706310872277,0.636453414217272,0.13755817154481703
2953,2,2,0.7238909238289583,0.0582728095625537,0.7238909238289583,0.023571723213951852,0.028364395386044156,0.08570551306978952,0.08019463493870259
2955,4,4,0.9513999997524175,0.008183948005188868,0.012910453337552398,0.006018690134700202,0.9513999997524175,0.012414274507971364,0.009072634262169714
2956,5,5,0.6304368032157605,0.03438511219674939,0.18139787283606562,0.02122655141985748,0.012358588621296332,0.6304368032157605,0.12019507171027073
2957,1,1,0.8165966687760089,0.8165966687760089,0.040681296410928144,0.019263205374007036,0.006890435328611905,0.050742248311755785,0.06582614579868833
2958,4,4,0.8802687004485638,0.01758478189635042,0.023091988034255873,0.011028256032727899,0.8802687004485638,0.041537982678130726,0.026488290909971488
2959,6,6,0.835402208321594,0.03234927621239307,0.048052141480437946,0.01950714941215479,0.010945551927657364,0.05374367264576283,0.835402208321594
2960,5,5,0.7714875443439919,0.07520871311292372,0.09006512537760729,0.01367672134384631,0.008085788013597215,0.7714875443439919,0.04147610780803361
2961,2,2,0.6382616258980508,0.0463921327510018,0.6382616258980508,0.022124901700350807,0.01669720630210058,0.2328798267270439,0.04364430662145217
2962,4,4,0.9821769384198809,0.0033136899261110623,0.0044049091423522015,0.0013767627546110016,0.9821769384198809,0.0044865154773494065,0.004241184279695408
2964,5,5,0.5524607042244762,0.1747449136815846,0.1067015392038481,0.03575987474424051,0.023812685602198982,0.5524607042244762,0.10652028254365165
2967,2,2,0.8757966128763379,0.03058203411534511,0.8757966128763379,0.013622966476221837,0.004468361182172303,0.014379467689643554,0.06115055766027917
2968,4,4,0.4937786413957182,0.04891128982215761,0.15594199780018336,0.03643216018791146,0.4937786413957182,0.18159235511184943,0.08334355568217994
2970,2,2,0.7143012393349186,0.037777998489110017,0.7143012393349186,0.02482048582780426,0.01160692590440889,0.14828331759697364,0.06321003284678452
2971,1,1,0.7276553281627265,0.7276553281627265,0.08554646405990828,0.02997262642288588,0.01533521844171379,0.07555141286064222,0.06593895005212323
2972,2,2,0.7797857635956524,0.03397899499148361,0.7797857635956524,0.025845031188330814,0.01325707337699676,0.0744194404774713,0.0727136963700651
2974,4,4,0.9744958813173801,0.005869665992073279,0.004814679860907619,0.002425355689882754,0.9744958813173801,0.0052948028891637786,0.007099614250592561
2976,4,4,0.9190867724024174,0.029972500409841486,0.014152451706337003,0.00523725704274943,0.9190867724024174,0.019057571374332696,0.012493447064321992
2977,4,4,0.9403993948434035,0.013696066645435778,0.011791269014577305,0.004763415485138378,0.9403993948434035,0.020197189994508008,0.009152664016937062
2978,3,3,0.9345273654612187,0.009714867886343867,0.02083489606706047,0.9345273654612187,0.0070139771527054605,0.013425236562976835,0.014483656869694751
2980,6,6,0.6443053540570355,0.051808980279028166,0.15100274393004406,0.023868837755344954,0.021161138857103218,0.10785294512144415,0.6443053540570355
2982,5,5,0.6229686392250542,0.05744670236135813,0.11829841656789876,0.03387130980724392,0.02265056601105876,0.6229686392250542,0.14476436602738635
2983,5,5,0.9226425056414095,0.00970799918006059,0.0394119277228983,0.006972274905847088,0.003819869471273691,0.9226425056414095,0.017445423078510776
2985,6,6,0.6617672819875241,0.039586099550792106,0.08129546795005689,0.027285664268820682,0.017403852241107593,0.17266163400169862,0.6617672819875241
2986,3,3,0.94493202448589,0.004479200485101316,0.013778440395717984,0.94493202448589,0.005280933824806746,0.02408521936159175,0.007444181446892278
2987,2,2,0.6201861327049994,0.08946714845005106,0.6201861327049994,0.03630286296157255,0.02212578789004519,0.11337171139219103,0.11854635660114064
2988,3,3,0.9359341962425627,0.009305785767470591,0.017112422076995804,0.9359341962425627,0.005174069106420926,0.01850084737027878,0.013972679436271266
2989,4,4,0.9807693889373686,0.0026144027429547564,0.00509381384341992,0.0019766779703432264,0.9807693889373686,0.005198945833277945,0.004346770672635426
2992,3,3,0.9424427528220198,0.008054905370055179,0.011451366216476654,0.9424427528220198,0.0038705144299957706,0.02355469397706139,0.010625767184391214
2994,3,3,0.9268090116464383,0.008253152632837976,0.01951360965919496,0.9268090116464383,0.008663691155850872,0.022038616778716626,0.014721918126961334
2995,1,1,0.8327927373269218,0.8327927373269218,0.03041818756684481,0.01702044982586147,0.009931413991554085,0.040080457107975184,0.06975675418084266
2997,2,2,0.932035581537928,0.009994555943577324,0.932035581537928,0.0057581425091257415,0.004845680694673491,0.01530786512244967,0.032058174192245784
2998,3,3,0.9388714503513405,0.00737465537005908,0.0184639414434665,0.9388714503513405,0.008130531735484114,0.013204501462807343,0.01395491963684249
2999,2,2,0.4781785881489438,0.1482307255754327,0.4781785881489438,0.03348075270186842,0.0202711596993442,0.18546231083485473,0.13437646303955608
3000,2,2,0.7108171900852155,0.017013858512342845,0.7108171900852155,0.021112963822141503,0.009239618655355289,0.20209157775027392,0.039724791174670974
3001,2,2,0.5408801154037944,0.10930105485163459,0.5408801154037944,0.036819527376412794,0.06442647750930149,0.13207310608680947,0.1164997187720472
3002,2,2,0.8790463874824347,0.02319323465332147,0.8790463874824347,0.019597715774913663,0.008500951949416254,0.026204682896415993,0.04345702724349799
3005,4,4,0.9081284682616093,0.016782600706264344,0.022906765401072376,0.007318622016531884,0.9081284682616093,0.021596889511353762,0.023266654103168288
3007,2,2,0.6908731032325741,0.04104450153123163,0.6908731032325741,0.01607659926625168,0.009783284059400722,0.14907893335251748,0.09314357855802428
3008,3,3,0.9307755546788684,0.00761348692419859,0.01268417549704733,0.9307755546788684,0.004336394417603403,0.037618286034666146,0.006972102447616189
3009,3,3,0.92471447770929,0.010202321770145186,0.012813851568389236,0.92471447770929,0.006572565685499807,0.03445736858392007,0.011239414682755725
3010,1,1,0.9266056568108396,0.9266056568108396,0.019520419652030115,0.0073081687476476715,0.002869278823591833,0.01941578321382206,0.024280692752068848
3014,1,1,0.6946565766988684,0.6946565766988684,0.09405734286687813,0.02467552592824999,0.012870122187907016,0.09688403116455714,0.07685640115353935
3016,1,1,0.853935253779528,0.853935253779528,0.042312707870893675,0.013149027154159935,0.025703458429511713,0.04065394691430483,0.024245605851602008
3021,2,2,0.8553720809990294,0.021930997802571222,0.8553720809990294,0.020651294903043547,0.007343306290131706,0.03427745803613309,0.06042486196909107
3022,5,5,0.6656579148834155,0.05038068569035881,0.13681055813880483,0.029506265271153933,0.016108432710511517,0.6656579148834155,0.10153614330575536
3023,4,4,0.868515741057413,0.021978363687381326,0.031082214420054412,0.011110699224961754,0.868515741057413,0.039924440045225384,0.02738854156496419
3024,3,3,0.9339091588229842,0.005907381559010873,0.013489898384147148,0.9339091588229842,0.006796025863825855,0.030045017527920565,0.009852517842111469
3026,4,4,0.9318801018709167,0.01857821870651401,0.012528106578189677,0.0081914945167859,0.9318801018709167,0.016737709450800522,0.012084368876793108
3027,3,3,0.9543457995326138,0.004696042063424297,0.009503691564575248,0.9543457995326138,0.0038255045705481022,0.021322790305726962,0.0063061719631116436
3028,3,3,0.920041331063983,0.014515106483744837,0.022460912992452998,0.920041331063983,0.005909686275543907,0.016995928638376474,0.020077034545898778
3029,4,4,0.9754299314841124,0.0037846907422241045,0.0061320675450494055,0.0016590536493262733,0.9754299314841124,0.006596521131635829,0.0063977354476520525
3030,3,3,0.9471065264808635,0.007180886567074538,0.01600368248128302,0.9471065264808635,0.00561316840105974,0.012938021658479973,0.01115771441123929
3031,5,5,0.6047397378699108,0.10962485943493867,0.13147279598781,0.055238354775467624,0.02269901938993973,0.6047397378699108,0.07622523254193322
3032,5,5,0.6098478911980386,0.0819918020615856,0.13262042499962134,0.045005119992785475,0.02006251416117522,0.6098478911980386,0.11047224758679379
3034,4,4,0.9676142168474148,0.009463119439550837,0.00635098798287466,0.0030618242257316225,0.9676142168474148,0.008162911777617063,0.005346939726810968
3035,2,2,0.3813571330166876,0.09123605808061323,0.3813571330166876,0.0287272527557578,0.03649708761438439,0.1907956355788463,0.27138683295371074
3036,5,5,0.5966978792003543,0.06581508354767611,0.1710484672094352,0.036956431973844475,0.016208662730067047,0.5966978792003543,0.11327347533862286
3037,1,1,0.775139108491881,0.775139108491881,0.06944698579199626,0.02393966109701618,0.013173971463692067,0.06348753462610784,0.0548127385293066
3038,1,1,0.9332384078937055,0.9332384078937055,0.017723917846655245,0.008313444524896083,0.010779980036949603,0.015920157713702122,0.014024091984091354
3041,5,5,0.6059008894012362,0.07150885766836212,0.06531120536305847,0.027709697819760508,0.010469757328059675,0.6059008894012362,0.2190995924195231
3042,4,4,0.9803556375309033,0.003400019788785287,0.0047592331365880515,0.0018407038197376991,0.9803556375309033,0.006448407382365412,0.003195998341620424
3043,1,1,0.8690859321829637,0.8690859321829637,0.025392457324841213,0.016717803255129733,0.010387445987296925,0.04555783327928171,0.03285852797048676
3045,1,1,0.8173240004040324,0.8173240004040324,0.06052141241314403,0.017883758374522,0.011904152124167044,0.05677599993067296,0.03559067675346164
3047,4,4,0.9062922384094385,0.014968055143062632,0.022785144559368142,0.009696186122440595,0.9062922384094385,0.02427829537982264,0.021980080385867577
3049,1,1,0.7557818046090077,0.7557818046090077,0.07365270677564033,0.018214629898529584,0.008429188872605884,0.06239629223138327,0.08152537761283324
3053,6,6,0.7753202697154409,0.07360242985739056,0.058879999270548454,0.02339893682381094,0.014526278950646551,0.054272085382162605,0.7753202697154409
3055,3,3,0.9393015164350955,0.008376506926013117,0.008567935938323518,0.9393015164350955,0.003313286472687871,0.032297055470469564,0.008143698757410443
3056,2,2,0.5253451214649678,0.044178109087253836,0.5253451214649678,0.02529453760449551,0.01888845644166223,0.25116999546487884,0.13512377993674177
3058,5,5,0.7244220348034992,0.04359951845657318,0.09777721434801402,0.0294046624274713,0.03510460627159446,0.7244220348034992,0.06969196369284779
3059,1,1,0.9049348863206612,0.9049348863206612,0.03506614202941716,0.008112081754112545,0.00492455254730071,0.027780871926390695,0.01918146542211764
3060,3,3,0.9297764711119515,0.014411115964576105,0.01826462050636492,0.9297764711119515,0.006511085313330656,0.012904069292842716,0.01813263781093414
3061,4,4,0.855569852233555,0.02646734702647799,0.037909752479278365,0.013301474791940526,0.855569852233555,0.0403561920805391,0.026395381388209054
3062,5,5,0.5382045960618024,0.11460450116554001,0.1230804824949044,0.035755765199072816,0.02319969576030589,0.5382045960618024,0.1651549593183745
3069,1,1,0.6527163706294018,0.6527163706294018,0.07960420243459115,0.027562029805865845,0.038461839514793095,0.10381630444810983,0.09783925316723831
3070,4,4,0.9411909338271411,0.011138391862817048,0.013129632944957385,0.008841371628492144,0.9411909338271411,0.014660324261429063,0.01103934547516323
3071,4,4,0.8823750425725633,0.029057892506338518,0.029697327994125923,0.013118372584556236,0.8823750425725633,0.025240206990541286,0.020511157351874868
3073,2,2,0.9245702846199007,0.015429120208191588,0.9245702846199007,0.0073003774774462295,0.005009714654256783,0.025187364893742396,0.022503138146462306
3074,4,4,0.8843565827353452,0.01803890160877317,0.028261470585667064,0.008493985687518843,0.8843565827353452,0.036603847506011075,0.024245211876684658
3076,5,5,0.6017710848698756,0.047529548408384775,0.14852417085469669,0.039336746836904544,0.01597488100825099,0.6017710848698756,0.14686356802188733
3077,3,3,0.9340713201038882,0.011599435831608152,0.008884002286931455,0.9340713201038882,0.003932224055269541,0.028254818365555618,0.013258199356747097
3078,6,6,0.7298631796879799,0.026297117913305423,0.08712674895032774,0.018261551050277047,0.01188924506932096,0.126562157328789,0.7298631796879799
3079,3,3,0.9425078037638402,0.006740005820015573,0.011898943015138864,0.9425078037638402,0.004082044106716362,0.025026242867451365,0.00974496042683772
3080,4,4,0.9771488919561383,0.0033802095383165466,0.00509149415667662,0.002917501314679128,0.9771488919561383,0.006311759500536791,0.00515014353365259
3081,4,4,0.941681307652012,0.011954421623604751,0.014224886021312352,0.0067090379150958075,0.941681307652012,0.016911058923752807,0.008519287864222238
3082,1,1,0.7197826668448142,0.7197826668448142,0.09950194747030305,0.022249831931441373,0.02009922301601031,0.08518145607785449,0.053184874659576574
3083,6,6,0.6581632139195139,0.010068513071555783,0.29072653496893697,0.01271042379813929,0.006959151054279688,0.021372163187574383,0.6581632139195139
3084,3,3,0.9327683364365325,0.013144092103048602,0.015878680373328246,0.9327683364365325,0.00608332172916079,0.017543727444489343,0.014581841913440464
3085,3,3,0.9137382151505651,0.013253327388696152,0.02451877068117006,0.9137382151505651,0.0045612544784316995,0.01734919593273002,0.026579236368406926
3086,3,3,0.9396002453247901,0.018407891773910806,0.013820155905934038,0.9396002453247901,0.0030421160770080636,0.008556383661172187,0.01657320725718469
3087,4,4,0.9677030598987377,0.004446408880543097,0.00677073905377276,0.0030730731899522566,0.9677030598987377,0.009283886001073759,0.008722832975920414
3088,5,5,0.6629401537545376,0.07621961200181926,0.12049245890949489,0.04874323474134539,0.02112798491360562,0.6629401537545376,0.07047655567919725
3090,1,1,0.8921079580997244,0.8921079580997244,0.02282913094568282,0.008818338591717406,0.02039402710554183,0.03141873358910636,0.024431811668227176
3091,4,4,0.9209086867470843,0.01402341992464898,0.02263758275689605,0.008283608479120318,0.9209086867470843,0.021862815728849246,0.012283886363401126
3092,3,3,0.9352166526118476,0.01038547923473511,0.015609674894975297,0.9352166526118476,0.00581658256124364,0.01966309418577632,0.013308516511422043
3093,3,3,0.9264133332369358,0.014017490904468497,0.013472568906067418,0.9264133332369358,0.006168540351377938,0.030441232788034907,0.009486833813115539
3095,5,5,0.7680738287693017,0.03528661385562812,0.10834257251561161,0.017005674659534908,0.010936531888444135,0.7680738287693017,0.060354778311479576
3097,1,1,0.6574000765019308,0.6574000765019308,0.1102927705043134,0.02326922227702155,0.01829599827340962,0.11411965868579717,0.07662227375752743
3098,1,1,0.650099386486902,0.650099386486902,0.09521883417500829,0.02902655786113331,0.013392252267295214,0.10068409825668607,0.11157887095297514
3099,5,5,0.6371493035745743,0.06900658721558169,0.09395949476097161,0.03943209370726256,0.024084425207593414,0.6371493035745743,0.13636809553401644
3100,5,5,0.6296855722533504,0.07995901239717568,0.11936568024826576,0.04236078230174684,0.02325965510150758,0.6296855722533504,0.10536929769795363
3102,6,6,0.6186341158306019,0.052772210916036136,0.11903201918514597,0.07051628761886092,0.020558038725679538,0.11848732772367561,0.6186341158306019
3103,6,6,0.5646663581417989,0.04552139977864473,0.10109515035234527,0.053201875468095586,0.0729483726642251,0.16256684359489054,0.5646663581417989
3104,2,2,0.6018322289291171,0.09471429964983057,0.6018322289291171,0.03393936004701738,0.013628335799210637,0.15781756986118617,0.0980682057136382
3108,5,5,0.4836668658810331,0.16906296851520666,0.14200780019135198,0.05823099503199631,0.015693741181053544,0.4836668658810331,0.13133762919935846
3109,5,5,0.6763890440183841,0.051514366456026466,0.14259406138621206,0.018703727827175495,0.009296143794164574,0.6763890440183841,0.10150265651803736
3111,5,5,0.6116682223815232,0.1148249943501745,0.1016432620264895,0.033657984059275996,0.037531078955269345,0.6116682223815232,0.10067445822726753
3112,4,4,0.7359635776368431,0.07569036669541727,0.06042405099279283,0.018037124128045298,0.7359635776368431,0.06087905964373603,0.04900582090316553
3113,1,1,0.8484302017324767,0.8484302017324767,0.0466302114703266,0.014561812485322187,0.009930452791671325,0.04062430231535464,0.039823019204848466
3114,5,5,0.5953827236370551,0.16882329062157964,0.07060780752398305,0.025855519169399644,0.011279902747328265,0.5953827236370551,0.12805075630065427
3115,2,2,0.5334470530962307,0.11599956332312045,0.5334470530962307,0.04247072604851115,0.024865035799883795,0.17595725144512245,0.10726037028713152
3116,2,2,0.8533805769599034,0.010104767003070158,0.8533805769599034,0.01063441356524852,0.011249241722089904,0.08354328937553548,0.031087711374152522
3117,4,4,0.7595822147047699,0.044475199514269544,0.06282304289239712,0.022178753132965343,0.7595822147047699,0.07263598518141978,0.03830480457417833
3119,4,4,0.9696067782403858,0.006741025889760234,0.006252590138175084,0.0034636169447118345,0.9696067782403858,0.009962015733920864,0.003973973053046293
3120,5,5,0.565644986863687,0.10264908192530964,0.14490449285456802,0.03354073590605088,0.05857418065706343,0.565644986863687,0.09468652179332099
3121,1,1,0.8319769513689703,0.8319769513689703,0.04628609909191211,0.020465894899802148,0.010251542711841465,0.03976662508686646,0.051252886840607595
3122,6,6,0.7415023573442386,0.044005639667123654,0.09262164020628935,0.023207740107693515,0.013458069866120366,0.08520455280853455,0.7415023573442386
3124,3,3,0.9285412080420334,0.011873150420851592,0.020263337450750107,0.9285412080420334,0.006314427198099642,0.016277817541851553,0.016730059346413768
3126,6,6,0.50976031914994,0.09407781419879388,0.15279565051909566,0.0374323042562271,0.025644318809858898,0.18028959306608444,0.50976031914994
3127,3,3,0.9212577092813893,0.008085593873815335,0.015762515472284595,0.9212577092813893,0.004324415205514773,0.035384800219583075,0.015184965947413026
3130,1,1,0.4724713767358314,0.4724713767358314,0.1890991810770125,0.04316299708809868,0.025806408217727707,0.15527273103205805,0.11418730584927163
3132,3,3,0.9261624869927773,0.006764877545162453,0.01264090201205125,0.9261624869927773,0.005326653463589908,0.04058898607968509,0.008516093906734046
3135,3,3,0.9344461439059801,0.011066349676110072,0.014566111756137267,0.9344461439059801,0.003470605289618676,0.012025559161356421,0.024425230210797365
3136,6,6,0.3490822498568523,0.11628319449960288,0.2774094598946652,0.04489531470315011,0.02459030817258389,0.18773947287314557,0.3490822498568523
3139,2,2,0.8668543757835137,0.03136425433908743,0.8668543757835137,0.014059020420840382,0.007018422569486786,0.05749877164486167,0.023205155242210142
3140,1,1,0.8671218135871692,0.8671218135871692,0.033452832907563484,0.01575536406395954,0.007804487289833676,0.036316461287160956,0.03954904086431316
3141,5,5,0.6476293748972087,0.08974137323024162,0.12252842522580876,0.02298082081131072,0.014071826008070162,0.6476293748972087,0.10304817982736002
3142,4,4,0.9288036205574638,0.01147985908916118,0.013279850323454287,0.0068477063915420135,0.9288036205574638,0.022332402878324657,0.017256560760054135
3143,1,1,0.7836914459992913,0.7836914459992913,0.044307655026497965,0.021838926992010198,0.008589344073814934,0.050792299069711166,0.09078032883867453
3145,1,1,0.6208085636654912,0.6208085636654912,0.08253572743740198,0.04027007499501878,0.03558682664136843,0.11916577148107083,0.10163303577964873
3147,4,4,0.8513289962774145,0.033633036444840766,0.028672507116602526,0.016599289970869943,0.8513289962774145,0.03583300869546089,0.03393316149481129
3149,1,1,0.9260190069565896,0.9260190069565896,0.013147750548309228,0.008387555833845647,0.01924169167244854,0.01781628769994889,0.015387707288858165
3150,3,3,0.9213296446499027,0.02132110459337003,0.02055804960943155,0.9213296446499027,0.008241535986203934,0.013524521222869007,0.015025143938222909
3152,3,3,0.9198287409976644,0.009231067405061816,0.015619390005726382,0.9198287409976644,0.00363219573643855,0.03541227341246664,0.016276332442642177
3153,5,5,0.6020540022653336,0.07983965494284698,0.1631701404763322,0.04361000395467475,0.03919013974104747,0.6020540022653336,0.07213605861976512
3154,2,2,0.8311770896517183,0.03699035551194691,0.8311770896517183,0.013506563755262097,0.012360904689666137,0.06075438563192599,0.04521070075948056
3155,3,3,0.9354967675966086,0.01584175854444829,0.01165048585673806,0.9354967675966086,0.004764186518734576,0.0110290636922864,0.021217737791184053
3156,5,5,0.6343636825127492,0.019297034908716523,0.13027506129594857,0.017072806329956787,0.014686531813177951,0.6343636825127492,0.18430488313945095
3157,5,5,0.6860238127180065,0.05301569913117854,0.08407998967048652,0.022453178064552465,0.01455487585014611,0.6860238127180065,0.13987244456562992
3161,2,2,0.9681438681021516,0.006131424031751072,0.9681438681021516,0.0027798616142475914,0.0025165940803544068,0.007352692111521012,0.013075560059974371
3163,4,4,0.9732410904794285,0.004871108652853153,0.006414462437228547,0.0025354432018096533,0.9732410904794285,0.006330617824582353,0.006607277404097851
3164,5,5,0.6985016805067152,0.0333238425866816,0.12452768604905706,0.021019824719815484,0.027346915891319264,0.6985016805067152,0.09528005024641138
3165,4,4,0.9782280754970725,0.0056800909385380524,0.004791724720820987,0.0015287568319671929,0.9782280754970725,0.005283589358267891,0.004487762653333369
3167,2,2,0.38053000138007737,0.13338532751773974,0.38053000138007737,0.04110767079390685,0.04460217838211029,0.19648606172648203,0.2038887601996837
3168,3,3,0.8858090182514404,0.006049080507277778,0.009342797770836273,0.8858090182514404,0.003846759383823103,0.09005348994263271,0.004898854143989686
3169,4,4,0.9781856849703993,0.004071336294635762,0.005561204632636806,0.0026618874156532487,0.9781856849703993,0.005302993998519233,0.0042168926881557545
3171,5,5,0.7827589389231931,0.04561801895516087,0.08960569238935312,0.01745225424938202,0.011497381243099288,0.7827589389231931,0.05306771423981142
3172,5,5,0.8754750370643387,0.023504936930641734,0.04660474056281126,0.014668959206367203,0.008034984230663384,0.8754750370643387,0.031711342005177647
3173,1,1,0.8401530474907597,0.8401530474907597,0.04737299771823237,0.01584649025166368,0.007915824096092474,0.042613296838091,0.04609834360516087
3174,5,5,0.3161872649297865,0.10574118404789325,0.20610359032082246,0.06462980482650618,0.02503925892764312,0.3161872649297865,0.28229889694734855
3175,5,5,0.5870153549955619,0.08336507144187616,0.1898873532299631,0.05619165111270471,0.0241399566816042,0.5870153549955619,0.059400612538290036
3176,4,4,0.909818938508328,0.0174362406144133,0.019007533600031847,0.00876945659191167,0.909818938508328,0.021010644235530816,0.023957186449784458
3177,6,6,0.8040948384540242,0.11129648708722843,0.02348327816190595,0.021850993371666873,0.008027980712622966,0.031246422212551573,0.8040948384540242
3178,3,3,0.9273507737900057,0.011941632260772035,0.012740805141728618,0.9273507737900057,0.003616774796686325,0.019069835199306863,0.02528017881150041
3179,2,2,0.9357080190284389,0.021684226315271775,0.9357080190284389,0.006118252497500473,0.003544623663884502,0.013587237200280145,0.019357641294624296
3184,5,5,0.8490060004163255,0.050945430981098126,0.04646337287347295,0.01604836614452987,0.009558748875708956,0.8490060004163255,0.027978080708864702
3186,3,3,0.2804160928913153,0.21682160245331566,0.18474919118938382,0.2804160928913153,0.04168417157941627,0.1491530384609398,0.1271759034256293
3188,1,1,0.9542128359770725,0.9542128359770725,0.011640268910895469,0.006783241013439606,0.003098148036352183,0.011168372355592492,0.013097133706647722
3189,5,5,0.5393243086792479,0.07642402749675237,0.19723697564177792,0.0499819372719841,0.02268995256630187,0.5393243086792479,0.11434279834393594
3190,1,1,0.8234929361657481,0.8234929361657481,0.04511564438434912,0.013910288150030637,0.013596635827430145,0.053776914167612995,0.0501075813048291
3191,5,5,0.6645245776347822,0.047157696409311785,0.1364806413105114,0.03316192868629364,0.023271388511779,0.6645245776347822,0.09540376744732203
3192,6,6,0.958629998059817,0.007271316823301135,0.010970236652126767,0.005647771495507702,0.004261832496490229,0.013218844472757195,0.958629998059817
3193,4,4,0.9132525507572009,0.012745826262238507,0.01957957550669241,0.0068611783403669515,0.9132525507572009,0.027495517962535986,0.020065351170965265
3194,1,1,0.9791067348785198,0.9791067348785198,0.004321973467039845,0.003013728646069165,0.0017155390227738148,0.005028527430383613,0.006813496555213704
3196,3,3,0.9325521173095651,0.01152689606986053,0.019463254674780585,0.9325521173095651,0.006231386636963301,0.014097678067923907,0.01612866724090654
3198,4,4,0.8927269987209752,0.01390955665252321,0.022551365899639846,0.008758792334609416,0.8927269987209752,0.03737689496030307,0.02467639143194929
3199,2,2,0.5909015183394586,0.050999737863217966,0.5909015183394586,0.04504874850141105,0.024209507188921477,0.1256137427872117,0.1632267453197792
3201,5,5,0.6516774821542481,0.04291705197197437,0.11479386722126157,0.04354182850428013,0.0249420327777699,0.6516774821542481,0.12212773737046595
3202,2,2,0.9715639119905602,0.0024624005218803597,0.9715639119905602,0.0027660605885963395,0.004530103260845741,0.0038856532831847783,0.014791870354932603
3203,3,3,0.9223453052136716,0.0211822963610275,0.02046580131680111,0.9223453052136716,0.008154221812957791,0.013405787176770026,0.014446588118771952
3204,5,5,0.4820042622510853,0.10829710119462997,0.1547916557781838,0.0671666772094499,0.0339694715705306,0.4820042622510853,0.15377083199612035
3207,2,2,0.5109283335758353,0.08057619735625722,0.5109283335758353,0.04902016997306877,0.020855682341434808,0.18247826097765749,0.15614135577574642
3208,4,4,0.8281789114217806,0.03172700136000042,0.03335157006620226,0.020049969702719692,0.8281789114217806,0.05652588523835533,0.030166662210941705
3210,1,1,0.8891244586953038,0.8891244586953038,0.02433588649410444,0.012186501115962051,0.02171476038980024,0.028486711512960564,0.024151681791868922
3211,4,4,0.9621816096066007,0.01179080604510926,0.005831182242369731,0.0032673137718050083,0.9621816096066007,0.01102815103870743,0.0059009372954078095
3212,2,2,0.6998577125677009,0.040278111272306884,0.6998577125677009,0.02805733648024961,0.01652780002047067,0.13057741013729485,0.08470162952197718
3213,1,1,0.9165462680129446,0.9165462680129446,0.023262477051310945,0.008501722377872396,0.005354715023297759,0.021885497266804776,0.024449320267769595
3214,3,3,0.9312357459825356,0.0222428864096298,0.01500650137282738,0.9312357459825356,0.003256462656929543,0.008962419502629828,0.019295984075447883
3215,6,6,0.9765393740163325,0.00482492570063948,0.007420233135478,0.0032976322640001126,0.0017917184925590804,0.0061261163909908795,0.9765393740163325
3216,3,3,0.9364783755533441,0.01578870021121983,0.011655486326246658,0.9364783755533441,0.004722317335345402,0.010863899107541949,0.020491221466301956
3217,3,3,0.9472197417610537,0.007224111059237138,0.01617957296057517,0.9472197417610537,0.005611710223943321,0.012881425826045744,0.01088343816914489
3218,2,2,0.7479598698673005,0.03889870679193986,0.7479598698673005,0.010854511524889537,0.1406687755626984,0.023401873177035105,0.03821626307613665
3220,1,1,0.7232042244755797,0.7232042244755797,0.06484735331460689,0.026277802593501775,0.012136711330145317,0.059374376251219455,0.11415953203494687
3222,5,5,0.6655114848900636,0.07003204716029182,0.10096316664320797,0.0450615144234315,0.015911356999375667,0.6655114848900636,0.10252042988362944
3224,1,1,0.7709468767109898,0.7709468767109898,0.06729671896729368,0.02058440218357908,0.01019682472341963,0.059808065259245397,0.07116711215547232
3225,5,5,0.5693081913029343,0.08854032016790114,0.17331102422831207,0.04406280070343298,0.031561773752808844,0.5693081913029343,0.09321588984461063
3227,2,2,0.39264038724059763,0.05255464103455289,0.39264038724059763,0.07608834742389185,0.060560313137111146,0.3685725469586203,0.049583764205226144
3228,1,1,0.471445800882493,0.471445800882493,0.11843639117570968,0.031087151004105813,0.024856573419624613,0.15663536908638626,0.19753871443168053
3232,6,6,0.6703105828374464,0.042110354572644136,0.06118655511231463,0.015963953702268968,0.0111836593490713,0.1992448944262545,0.6703105828374464
3233,3,3,0.927742712962318,0.01250909840358846,0.017994738433600593,0.927742712962318,0.005446799538310076,0.019910947855598587,0.016395702806584304
3234,3,3,0.9360510386243468,0.006892973768961743,0.009915183444128808,0.9360510386243468,0.0025780581414411485,0.032233976840727575,0.012328769180393826
3237,3,3,0.9467062430411315,0.0072808114559867985,0.01628504324741785,0.9467062430411315,0.005652931320422511,0.013123221824718541,0.010951749110322718
3238,5,5,0.663180902219318,0.06720540216518303,0.13023019270155212,0.03177886274476062,0.013147877274457126,0.663180902219318,0.09445676289472912
3239,4,4,0.9863239624547965,0.0025725794304815863,0.0038193542013590454,0.0013119493226006246,0.9863239624547965,0.0032424925381222686,0.002729662052640016
3240,4,4,0.9740792051924582,0.005740382788017263,0.004823931690182962,0.002260667571447898,0.9740792051924582,0.00944270215121086,0.0036531106066828665
3242,6,6,0.5828627080669253,0.07250191339244226,0.15536175147147083,0.021660114994842928,0.028973872158431134,0.13863963991588757,0.5828627080669253
3243,4,4,0.9813015781694561,0.00534277724968313,0.003230925957569966,0.0015741236339130843,0.9813015781694561,0.0037338267785079664,0.004816768210869778
3244,2,2,0.7052425281530239,0.0457940497470903,0.7052425281530239,0.02741435341890411,0.024329780289924947,0.11898016864997492,0.07823911974108182
3245,2,2,0.7097249962236444,0.04514287512914028,0.7097249962236444,0.02052055605006452,0.017925308393857024,0.11044655232002329,0.0962397118832705
3246,5,5,0.6019590597393981,0.0496128728160272,0.20620915569467727,0.025176997756786456,0.03890538516377006,0.6019590597393981,0.07813652882934098
3247,6,6,0.7874819553492095,0.048371499804260545,0.04004353042721593,0.019271582968853843,0.007436185856768862,0.09739524559369124,0.7874819553492095
3248,1,1,0.892522592212262,0.892522592212262,0.03033201419390116,0.010750692761571522,0.005830580524782776,0.02894872934871396,0.031615390958768516
3249,6,6,0.7075348934606297,0.046590472749154864,0.0748928156969177,0.030643482825926906,0.0201307694027682,0.12020756586460268,0.7075348934606297
3250,6,6,0.8154281399372275,0.025740824920673974,0.05971544477213375,0.021211080622851843,0.011595889163403492,0.06630862058370939,0.8154281399372275
3251,4,4,0.9573275274345034,0.007603150582198354,0.009406284544951994,0.003978736904997713,0.9573275274345034,0.011304276388542228,0.01038002414480631
3252,1,1,0.8990705875832958,0.8990705875832958,0.026694345072377102,0.010000466919869198,0.007340045132934774,0.03037967706371234,0.026514878227810807
3253,5,5,0.49465820561630813,0.08149597156736786,0.2512995979893912,0.027139460336530287,0.02412416745597491,0.49465820561630813,0.12128259703442745
3254,5,5,0.6445884323386497,0.04796379524124263,0.11925607111280502,0.04242700518043985,0.01243208123213541,0.6445884323386497,0.13333261489472747
3255,3,3,0.9516598519823867,0.006638860749315992,0.014346238629212187,0.9516598519823867,0.004832083396575685,0.012724881176069385,0.00979808406644007
3256,3,3,0.9346822214772239,0.010260706409249034,0.019696627378980446,0.9346822214772239,0.005291788435690441,0.014778788101589894,0.015289868197266184
3257,1,1,0.9155779003215943,0.9155779003215943,0.019718060162652238,0.008246976752594972,0.008226043674977266,0.02274011943462336,0.025490899653557855
3258,2,2,0.5968644136974249,0.03970273250818869,0.5968644136974249,0.028687872995694606,0.027499535182923182,0.17544156608558478,0.13180387953018385
3262,5,5,0.6767937999679968,0.09598930683334933,0.10939626449330139,0.026492510547571086,0.01630402736515912,0.6767937999679968,0.07502409079262232
3263,6,6,0.7107427303006362,0.0629994269525944,0.07460930716530333,0.046400165241318965,0.01736425073227791,0.08788411960786928,0.7107427303006362
3264,6,6,0.9104125468539762,0.01802739388180306,0.022770876455819936,0.008457236550516346,0.0054962802595405254,0.03483566599834396,0.9104125468539762
3267,1,1,0.8982414613755181,0.8982414613755181,0.018946846612899818,0.009158890704820788,0.005588356093052184,0.025039967370016406,0.04302447784369262
3268,1,1,0.9098606749311698,0.9098606749311698,0.03319358891183401,0.010876191062876493,0.006359034882504781,0.02335201679697127,0.016358493414643557
3269,2,2,0.6459871234522111,0.06884835831978851,0.6459871234522111,0.03976157361674092,0.03857489222145658,0.13463306901243138,0.0721949833773714
3271,2,2,0.71255708820284,0.06673640290708183,0.71255708820284,0.020531984712964926,0.014052733154043939,0.13875684861000862,0.04736494241306075
3272,4,4,0.9854843312717618,0.0023854939130952485,0.0037312238872729752,0.0011926953585194048,0.9854843312717618,0.003703524779688191,0.003502730789662409
3273,1,1,0.6176703223291451,0.6176703223291451,0.12081921270941776,0.04188374085011233,0.020536783945831815,0.09596833203935791,0.10312160812613513
3274,5,5,0.533106127844478,0.05269851559343501,0.126218532557494,0.037013475904590754,0.017173991602541624,0.533106127844478,0.2337893564974607
3275,5,5,0.744921233858359,0.02770436855304627,0.03879252239676769,0.0250600261059529,0.007373697991850833,0.744921233858359,0.15614815109402336
3276,2,2,0.7911711114584208,0.04706026390672505,0.7911711114584208,0.01601123758558043,0.009630187402424028,0.08989242856425671,0.046234771082592975
3277,4,4,0.976421913999997,0.005317154995628295,0.005032137123071282,0.0027263020006915327,0.976421913999997,0.006311446660427413,0.004191045220184489
3278,2,2,0.7789588643941023,0.025238331712247115,0.7789588643941023,0.014674654959400709,0.012099325417569534,0.07026923059075826,0.09875959292592205
3279,5,5,0.6267177718062522,0.046574846153076624,0.15350157760146227,0.015894377196145233,0.047026333851731834,0.6267177718062522,0.11028509339133184
3280,3,3,0.9099288714811917,0.007885115939574782,0.011493571320956894,0.9099288714811917,0.0030621079245470462,0.05571354452018934,0.011916788813540122
3281,5,5,0.873306181869476,0.018805342586547744,0.045945184769915,0.019213664334613856,0.009338181546070738,0.873306181869476,0.033391444893376775
3283,4,4,0.8577825680268193,0.026539182010490193,0.029059178319228707,0.018411942738638578,0.8577825680268193,0.03500825056838395,0.03319887833643924
3284,5,5,0.5924470331926756,0.07245107762759637,0.150126003989857,0.054322335102262205,0.021161821038538777,0.5924470331926756,0.10949172904907016
3288,4,4,0.9861396529675087,0.0024035722730529952,0.003592523435123937,0.0017889069509404122,0.9861396529675087,0.0033858078688526676,0.002689536504521295
3289,2,2,0.6259732204369451,0.045824024086963566,0.6259732204369451,0.030429278745686742,0.01872810866762332,0.1635534836870685,0.11549188437571263
3291,1,1,0.6525070580980208,0.6525070580980208,0.07772994284069937,0.03442103894854138,0.012250902206609848,0.08614658259264538,0.13694447531348336
3292,2,2,0.8606107489369278,0.020605244302238743,0.8606107489369278,0.012225939082819305,0.00849139035048997,0.060865705536958546,0.03720097179056565
3295,5,5,0.483247045906661,0.06028955216296382,0.08685121345105211,0.019734301422496336,0.015405607681369535,0.483247045906661,0.3344722793754572
3296,3,3,0.9351490613059227,0.014754229155498242,0.009931999533514792,0.9351490613059227,0.0027618407252752017,0.02557108152245558,0.01183178775733348
3298,1,1,0.8547309250741618,0.8547309250741618,0.04459949716101485,0.012768893053283867,0.00796743643389709,0.03913151121999731,0.04080173705764508
3299,5,5,0.4576882532360309,0.09207892706632363,0.20491561245988715,0.04726902011205183,0.018094963193312663,0.4576882532360309,0.17995322393239374
3300,4,4,0.9456382809483171,0.00563497344620542,0.010806203036381651,0.006071456185324422,0.9456382809483171,0.01667243229193616,0.015176654091835204
3301,2,2,0.7429920412334559,0.0646823611677258,0.7429920412334559,0.02255642784136927,0.01362654481786302,0.050816167268046504,0.1053264576715396
3302,5,5,0.6299607645240168,0.09615744596958642,0.11251927844635475,0.02769301466560668,0.02237938257955151,0.6299607645240168,0.11129011381488389
3303,3,3,0.9199768375663804,0.008893348814743981,0.014867008729105347,0.9199768375663804,0.003482964655875287,0.03653476871697286,0.016245071516922328
3304,4,4,0.9281314451181059,0.012070537281119639,0.019231476006856603,0.007457587698663526,0.9281314451181059,0.018813417937576588,0.014295535957677779
3306,5,5,0.46764042888645396,0.13373120977270897,0.20671823645946136,0.03694779136654726,0.022192859703049607,0.46764042888645396,0.13276947381177878
3307,4,4,0.8783711619247205,0.026520062313662034,0.02477378937186389,0.009869491211552811,0.8783711619247205,0.034458106630961334,0.026007388547239465
3310,3,3,0.9227153914135939,0.007744128796464775,0.009055924213787462,0.9227153914135939,0.0029723656324538144,0.04204060962892217,0.015471580314777798
3311,4,4,0.4256484433431701,0.07007184201080753,0.1781667386222181,0.05521980151123282,0.4256484433431701,0.1600118850398944,0.11088128947267703
3312,3,3,0.9280149853238365,0.00870912121343885,0.021376206130323514,0.9280149853238365,0.008782806922542043,0.017034247074268375,0.01608263333559073
3313,2,2,0.6904478515293722,0.0690445590643598,0.6904478515293722,0.033958125433716256,0.016122116555141928,0.11978163854779303,0.07064570886961684
3314,6,6,0.5070197438749922,0.05719798673831199,0.16082042713554384,0.061613050675715944,0.021234820508540718,0.19211397106689537,0.5070197438749922
3315,2,2,0.7615762643280264,0.060372444899194674,0.7615762643280264,0.023456667236234515,0.016262166312615504,0.0910171531759796,0.047315304047949376
3316,5,5,0.9128395710219995,0.012727063150524206,0.03226442759431839,0.011198553316191602,0.004836300370193033,0.9128395710219995,0.026134084546773205
3317,5,5,0.9260060712814978,0.00871907902611265,0.024353448797214263,0.014414291482772042,0.005093846701542637,0.9260060712814978,0.021413262710860588
3321,2,2,0.7620887366972658,0.04159777044661162,0.7620887366972658,0.020488807561258687,0.016027007219683132,0.10119514890281442,0.05860252917236631
3322,4,4,0.9581313536557221,0.005666738289570316,0.011251818531020417,0.0026665271975039283,0.9581313536557221,0.011752996539497495,0.010530565786685792
3324,2,2,0.6958799373360822,0.05207950258121494,0.6958799373360822,0.03351307537541635,0.016247344557301435,0.11570880604937452,0.08657133410061049
3325,2,2,0.860788160858378,0.02694712452752275,0.860788160858378,0.012343148087754663,0.010646760601094924,0.05275277191274024,0.036522034012509516
3330,5,5,0.6214751217339102,0.04681998146932361,0.1893752744162253,0.029351423615059664,0.01945432390546512,0.6214751217339102,0.09352387486001619
3331,5,5,0.5956024876761267,0.06133776196206379,0.1905553743498458,0.03673680105113733,0.01762739427412972,0.5956024876761267,0.09814018068669668
3332,4,4,0.9743228443518586,0.0039910534720209835,0.00585914363644199,0.00280478854052196,0.9743228443518586,0.007401485511704609,0.005620684487451927
3333,3,3,0.925682512000215,0.00958623530523073,0.01978832930421133,0.925682512000215,0.004955599005527011,0.019859698778262033,0.02012762560655389
3334,6,6,0.6869708376593384,0.03531489834293791,0.1179771896836442,0.02408786515460236,0.020324781914219582,0.11532442724525754,0.6869708376593384
3335,1,1,0.7029593381678572,0.7029593381678572,0.04481003315893504,0.01833817890196888,0.021783654602163686,0.11629421916321989,0.09581457600585536
3336,3,3,0.8777811165028081,0.004610289713638155,0.011249251149086759,0.8777811165028081,0.003209588357048161,0.09650754647601617,0.006642207801402672
3337,5,5,0.8355583494492805,0.01965902756021675,0.08433538070871247,0.011416307563688024,0.008744305454808629,0.8355583494492805,0.04028662926329359
3338,2,2,0.5808329236122998,0.07292111339772565,0.5808329236122998,0.02409283796442451,0.019212454173754754,0.1714386321943035,0.13150203865749188
3339,6,6,0.5997192036108109,0.13899242167191458,0.1015549440598149,0.029915268936414247,0.014891026629088276,0.1149271350919572,0.5997192036108109
3340,4,4,0.7310784606521596,0.05622252329488952,0.049556947068874264,0.022236891167218623,0.7310784606521596,0.07885651999116937,0.062048657825688636
3341,6,6,0.5711004033792942,0.0837518575352746,0.2374944594482173,0.03486614072976259,0.013217350289809417,0.05956978861764192,0.5711004033792942
3342,4,4,0.8954597369664236,0.023768079902951524,0.02525988685189095,0.010892628615312035,0.8954597369664236,0.027184384043723326,0.017435283619698618
3344,5,5,0.5860222039425728,0.10871028119376576,0.07500765066293248,0.05991477948495389,0.10498853862756018,0.5860222039425728,0.0653565460882149
3345,1,1,0.7984489857304847,0.7984489857304847,0.06285923745562545,0.019010559159017674,0.009679937471842377,0.056420695506849895,0.053580584676179904
3346,3,3,0.928499330116802,0.009894859641110868,0.021785155530372094,0.928499330116802,0.008977265320775581,0.016797849617717103,0.014045539773222369
3348,2,2,0.31383699508553947,0.1754188164165279,0.31383699508553947,0.03298426717325085,0.11447814981899189,0.22152482723487607,0.1417569442708138
3350,2,2,0.8730922189594134,0.017333588354884324,0.8730922189594134,0.012057900770777764,0.008751307481059399,0.045002170431836096,0.04376281400202898
3351,2,2,0.6777928082516775,0.028027824850452885,0.6777928082516775,0.027291402609028733,0.028512944834258216,0.16862678937119893,0.06974823008338375
3353,6,6,0.6907636963982974,0.05167959183335413,0.1137496027694765,0.021534643894776776,0.020930413739468117,0.10134205136462712,0.6907636963982974
3355,2,2,0.6259928161875197,0.04901052609875741,0.6259928161875197,0.02353971558408703,0.016766764494617486,0.14103692103956328,0.1436532565954552
3357,1,1,0.7694531759868827,0.7694531759868827,0.049242569820224076,0.01851999773803997,0.010411014346718461,0.0444225760203963,0.1079506660877385
3358,5,5,0.7616744180451059,0.04850600199033776,0.07885004568162443,0.05060353234955674,0.0113949261162852,0.7616744180451059,0.04897107581709001
3359,6,6,0.7203591918147707,0.026570189903957375,0.05700127479203712,0.017865972300743018,0.011362057759700582,0.16684131342879127,0.7203591918147707
3360,4,4,0.97530049637325,0.00541631989893458,0.00516591629348276,0.0024589894374285235,0.97530049637325,0.007056318949040122,0.004601959047864047
3363,5,5,0.48811128773089596,0.08527152162925651,0.14640949969309228,0.049962388868522924,0.022685637348814108,0.48811128773089596,0.20755966472941823
3364,3,3,0.9286587162896434,0.005759339355904553,0.013234731766813309,0.9286587162896434,0.007294251795199165,0.03519360552834072,0.009859355264098873
3365,1,1,0.9794867226068673,0.9794867226068673,0.0060253535256079,0.002850218090987211,0.0019428304838071528,0.004917608887424478,0.0047772664053061225
3366,5,5,0.7525701729034614,0.020798830131541417,0.0869587758863332,0.0159033989051187,0.01086195717694502,0.7525701729034614,0.11290686499660026
3367,4,4,0.9843094722961944,0.003304094830464774,0.003606413695804815,0.00220802971779756,0.9843094722961944,0.0032235647191060576,0.0033484247406325228
3368,2,2,0.7503722844904361,0.02751427812621784,0.7503722844904361,0.018521410028000947,0.011287695512549727,0.09624978693966009,0.09605454490313531
3369,5,5,0.6676380314521362,0.059533301486128516,0.12581079630201183,0.023572423716538445,0.018643100451819966,0.6676380314521362,0.10480234659136507
3371,6,6,0.520059403864323,0.14995596480064444,0.09093601933766976,0.047991624767828235,0.03924266821866639,0.15181431901086812,0.520059403864323
3373,2,2,0.45855773267798317,0.06900233258064672,0.45855773267798317,0.07097246994615812,0.025101053792062022,0.08385075443854566,0.2925156565646044
3374,5,5,0.7593358550335154,0.022458382691398306,0.10540317502638807,0.009870563805705777,0.006995272474349911,0.7593358550335154,0.0959367509686426
3376,2,2,0.7637945627152464,0.0499264709773467,0.7637945627152464,0.020802975533834266,0.015316532454081447,0.09648174410500285,0.05367771421448833
3378,1,1,0.6981967738739528,0.6981967738739528,0.08909544606754866,0.028119624557417424,0.016927259016894725,0.09062605084809591,0.07703484563609043
3380,2,2,0.4063525843489484,0.1052188381283099,0.4063525843489484,0.062114561526279935,0.039062820159032896,0.18214987334146043,0.2051013224959684
3381,2,2,0.7970789711047608,0.06689215844391744,0.7970789711047608,0.017912452276493615,0.013596723061856985,0.030536564017620508,0.07398313109535071
3385,6,6,0.6923911822081276,0.03407343377664981,0.1087152571466628,0.023184839529672072,0.01671738559386236,0.12491790174502544,0.6923911822081276
3386,3,3,0.9309299735202637,0.007821677610033438,0.014036443966441494,0.9309299735202637,0.004790763020135619,0.031214280993328944,0.011206860889796845
3387,3,3,0.9340585343453315,0.011018070605769426,0.014461372390776198,0.9340585343453315,0.003471266052939868,0.0119850579701954,0.025005698634987538
3388,3,3,0.9321628924855558,0.009966413666773557,0.0172804112271518,0.9321628924855558,0.0035601399596271776,0.018700967753522726,0.01832917490736896
3390,1,1,0.7773244114145911,0.7773244114145911,0.07087040958112521,0.021561392912497056,0.014281514476102078,0.07168954634803429,0.04427272526765033
3391,3,3,0.9418185470627715,0.01386736046119245,0.011557875517316022,0.9418185470627715,0.00423232861616764,0.011207806704119314,0.01731608163843317
3392,1,1,0.8347769789311046,0.8347769789311046,0.03750549836260688,0.01304895741042595,0.007567845611131953,0.03603359900657409,0.07106712067815649
3393,3,3,0.9348382778530335,0.012328260738138419,0.016785597627664347,0.9348382778530335,0.007086018355692878,0.01408813794751116,0.014873707477959519
3395,1,1,0.80746981293308,0.80746981293308,0.05484134936127869,0.019107420713381885,0.01378282053064544,0.04866554760896752,0.05613304885264656
3396,6,6,0.8011521131769825,0.032800797931328035,0.06821859126168156,0.019789380172165,0.01205923661756231,0.06597988084028054,0.8011521131769825
3398,2,2,0.4651716305897541,0.05083870655062716,0.4651716305897541,0.047121423696960964,0.01687741847649578,0.2916700007532549,0.12832081993290703
3400,5,5,0.7641511141633925,0.04920353442306619,0.09103829950780652,0.02799175628154324,0.011260575284713342,0.7641511141633925,0.05635472033947823
3402,3,3,0.923384719129187,0.01042730840487832,0.022548316022094575,0.923384719129187,0.005237246510912017,0.014554962055846245,0.023847447877081845
3403,5,5,0.6585310241653624,0.042776243688832725,0.1414236919779198,0.023653797813285988,0.02070975497813999,0.6585310241653624,0.11290548737645925
3405,6,6,0.6543470642301941,0.08025719732716582,0.12978269588940775,0.03746301787256065,0.016708615904146892,0.0814414087765249,0.6543470642301941
3406,3,3,0.9387020416671357,0.009134483212936605,0.016813115758760443,0.9387020416671357,0.004160816001180309,0.014173484309480238,0.017016059050506634
3407,1,1,0.7541534449193207,0.7541534449193207,0.060018314859605126,0.021645688620495145,0.014781356189591342,0.08736315614782698,0.062038039263160843
3408,1,1,0.889170799643,0.889170799643,0.030984091791183204,0.010284600453123476,0.006420588324240254,0.032957228441579084,0.030182691346873763
3409,2,2,0.7790064353756971,0.052424957389980105,0.7790064353756971,0.019909119915871236,0.010091039556024932,0.07829723809192422,0.06027120967050231
3410,3,3,0.9442070255953602,0.0064381488559543,0.014731791215632194,0.9442070255953602,0.006576674644282059,0.016521097050416166,0.011525262638355202
3411,6,6,0.6147117575044222,0.13860320983058702,0.08763357917040943,0.03665548856475762,0.015540222418968427,0.10685574251085535,0.6147117575044222
3412,1,1,0.9620754548612414,0.9620754548612414,0.009598984538295977,0.00500312891440521,0.004895298829777693,0.01059753045269718,0.007829602403582568
3413,2,2,0.8150668070226283,0.06616586418912158,0.8150668070226283,0.01639546225901338,0.010819403665838528,0.05377349571938269,0.03777896714401553
3414,4,4,0.9446452340420943,0.007014456311318504,0.012682228382353364,0.005328841872027452,0.9446452340420943,0.01472460406074634,0.015604635331459967
3415,5,5,0.770443927042528,0.03295700718375503,0.07884831494778995,0.04681571037840452,0.015043030111691415,0.770443927042528,0.055892010335831195
3417,2,2,0.8971861561245695,0.022295557512851828,0.8971861561245695,0.020041096787720022,0.00754795217661906,0.03634585150351614,0.016583385894723423
3418,1,1,0.8900667585313592,0.8900667585313592,0.03165497713997586,0.014580901682413903,0.006265545344912046,0.029006239097662215,0.028425578203676857
3419,2,2,0.7158737767061328,0.08132069620941867,0.7158737767061328,0.037371379599815104,0.020559448635279354,0.08843000625891784,0.056444692590436114
3420,3,3,0.9232670567278535,0.007079404003028822,0.019773732195342092,0.9232670567278535,0.0041904092065393654,0.03145828283130406,0.014231115035932315
3421,5,5,0.7858095393603135,0.023763862997710616,0.08860488262175203,0.03137713807417043,0.019781499441443005,0.7858095393603135,0.050663077504610445
3422,6,6,0.5525124035270056,0.05849790381354025,0.17664425375336265,0.04357649464640727,0.03231849610540502,0.13645044815427929,0.5525124035270056
3423,3,3,0.914423335434157,0.006156460745935237,0.017130385105487558,0.914423335434157,0.005496256512372259,0.050462286169683956,0.006331276032363965
3424,1,1,0.717155557321222,0.717155557321222,0.05476596846492691,0.023109262343916196,0.021616539206355836,0.12337218855098092,0.05998048411259811
3425,5,5,0.6942445603045223,0.05491828530036185,0.1352373944703956,0.024300986814134624,0.019646560167398717,0.6942445603045223,0.07165221294318697
3428,6,6,0.7041630191943775,0.03259834870385912,0.07385177239218295,0.02081513729796582,0.009303330325280858,0.1592683920863338,0.7041630191943775
3431,2,2,0.8285675710858624,0.02172202040351244,0.8285675710858624,0.014272125593044596,0.016650106556137433,0.08449540773027121,0.034292768631171984
3432,4,4,0.9224940501744137,0.013504750657968566,0.019247946983407888,0.010091362634318406,0.9224940501744137,0.021482354202894113,0.01317953534699738
3434,4,4,0.868502202947777,0.02240614877667462,0.029384121880327217,0.01357613163102332,0.868502202947777,0.0330739020313951,0.03305749273280265
3435,6,6,0.6883489907729171,0.07706414952983433,0.07047869711292364,0.0237070377586382,0.012836009049820338,0.12756511577586646,0.6883489907729171
3436,4,4,0.9607780610529717,0.007059631479012978,0.009274842805568426,0.005547837417815276,0.9607780610529717,0.0098308514727523,0.00750877577187918
3437,3,3,0.9435764674936516,0.005941030530394734,0.013088227569213417,0.9435764674936516,0.006212878051248069,0.02163727260284833,0.009544123752643826
3438,3,3,0.936690208260939,0.01090018303994329,0.008276400252962873,0.936690208260939,0.0038433680145160258,0.027349329229406517,0.012940511202232413
3440,5,5,0.7923880010589038,0.032802655459665396,0.09858609258755145,0.01724227258222344,0.010605471461541225,0.7923880010589038,0.04837550685011462
3441,2,2,0.6074544315656307,0.11032920919024178,0.6074544315656307,0.030713670674918,0.020659215806787538,0.14798268415938054,0.08286078860304137
3442,2,2,0.7192538112559145,0.03873101209022104,0.7192538112559145,0.018656139259721677,0.013172785324079658,0.056377801722739734,0.1538084503473235
3443,5,5,0.4912215873737832,0.07672190313927127,0.16988422174498075,0.04098549034431479,0.020586639348261934,0.4912215873737832,0.20060015804938808
3444,2,2,0.5981356521302814,0.055005889071445956,0.5981356521302814,0.03567114291296204,0.024810613340315615,0.10549254950188741,0.18088415304310754
3445,1,1,0.9258798806471973,0.9258798806471973,0.014473224879416338,0.008734323647853912,0.011124410746300486,0.014116798090202004,0.025671361989030042
3446,5,5,0.7426380764899535,0.08510191829753402,0.08428639864145254,0.028511308467887082,0.019951255547200175,0.7426380764899535,0.0395110425559727
3447,4,4,0.9361667297708407,0.010950620732263964,0.01677648991278902,0.006651474536187024,0.9361667297708407,0.018229968000904807,0.011224717047014506
3448,1,1,0.6115282455788852,0.6115282455788852,0.05578166375584399,0.02801641554189937,0.018912855557689835,0.08594985150594057,0.19981096805974094
3449,2,2,0.6003307739717281,0.03707145537979877,0.6003307739717281,0.0172388222363765,0.012475659839347076,0.2161423498730965,0.11674093869965324
3450,6,6,0.7636692794801806,0.09364097727238332,0.04777084289869495,0.02892644255895311,0.012227230019721301,0.053765227770066794,0.7636692794801806
3451,4,4,0.9497433939787665,0.008371358564567725,0.01117100735588697,0.003892167746538345,0.9497433939787665,0.015362826015480748,0.011459246338759747
3453,6,6,0.7936015081770917,0.030162367564577457,0.06265333188533974,0.021990626700040195,0.011825658854382682,0.07976650681856824,0.7936015081770917
3454,5,5,0.6839365040556857,0.05414077157491461,0.1353298293882618,0.03102711076368042,0.016219194437127524,0.6839365040556857,0.07934658978033
3455,3,3,0.9335908649593463,0.008640475242174775,0.018324409623349785,0.9335908649593463,0.005440171290795631,0.014580453812090858,0.019423625072242698
3457,6,6,0.7449454905897043,0.06304918989785589,0.08012399136578997,0.019215816804140504,0.011592553599224752,0.08107295774328474,0.7449454905897043
3458,2,2,0.649373558220651,0.05371237334017894,0.649373558220651,0.049787512999539416,0.016903154226270495,0.13295361091817004,0.09726979029518998
3462,1,1,0.8599767940055834,0.8599767940055834,0.038281244901313495,0.01742921710545154,0.010397207123520316,0.0373980891980395,0.03651744766609192
3463,5,5,0.8894934145353063,0.010810142677543719,0.035000452021367826,0.007830677895551894,0.0056806494042041305,0.8894934145353063,0.05118466346602613
3468,3,3,0.9386816770106745,0.009639019329646574,0.01576608042293293,0.9386816770106745,0.0052839768254509464,0.017707092761509124,0.012922153649785969
3470,2,2,0.6008107170472636,0.047912499899758515,0.6008107170472636,0.038295887569829316,0.03530173019908735,0.17438354974673304,0.10329561553732824
3472,3,6,0.2558589213541847,0.09095577759725752,0.23333456140862283,0.15847736028852305,0.025535856572187265,0.23583752277922465,0.2558589213541847
3473,2,2,0.45992154964374643,0.05305602300600773,0.45992154964374643,0.03148321932392675,0.028713897860291895,0.17958337771734917,0.24724193244867812
3474,6,6,0.6254572660789902,0.08410685553527968,0.0966026119613708,0.04596750197029286,0.015123934118985312,0.13274183033508113,0.6254572660789902
3475,5,5,0.6410434326818427,0.07244222086024821,0.13671759445578954,0.03254418137820085,0.02050423298326839,0.6410434326818427,0.09674833764065033
3476,6,6,0.5285523779802741,0.10970054641726885,0.12788390268964844,0.035681746596208555,0.030907232814970386,0.16727419350162964,0.5285523779802741
3478,3,3,0.9190727963067546,0.010226616613719252,0.02223246125124814,0.9190727963067546,0.006539671569779905,0.017637326606898727,0.024291127651599343
3480,2,2,0.520475490113302,0.1029263568326838,0.520475490113302,0.037205956203391816,0.018941335925600402,0.16494918614138393,0.15550167478363805
3481,3,3,0.9289805119005555,0.01107103967250887,0.021412888019525008,0.9289805119005555,0.006095790813601618,0.014753270773013628,0.017686498820795437
3482,3,3,0.9464708932741009,0.005234703427193458,0.010790621802571706,0.9464708932741009,0.004419340145772289,0.02596750784492221,0.007116933505439369
3483,3,3,0.9467062430411315,0.0072808114559867985,0.01628504324741785,0.9467062430411315,0.005652931320422511,0.013123221824718541,0.010951749110322718
3484,2,2,0.6041582035142441,0.046381135471831016,0.6041582035142441,0.054415269926666246,0.023311923915380017,0.1962491225389113,0.07548434463296735
3485,3,3,0.9292517351359708,0.01463008184612018,0.018631225023126946,0.9292517351359708,0.006568149743666657,0.013106004602110349,0.017812803649005022
3486,4,4,0.9486855792185156,0.016195622767685155,0.010253034558275234,0.003489801157464376,0.9486855792185156,0.012930039723060801,0.008445922574998767
3491,1,1,0.9180590799809255,0.9180590799809255,0.0167004023362719,0.010087611239380127,0.009649860419769727,0.020910828946609464,0.02459221707704329
3492,6,6,0.4420457279603656,0.12527893122727365,0.13788462808532703,0.03147638530175426,0.02505867995907757,0.23825564746620187,0.4420457279603656
3494,5,5,0.5323059170832792,0.04780148256410016,0.10981135389603919,0.04442194911615217,0.023657989131007886,0.5323059170832792,0.2420013082094213
3496,1,1,0.7231341109795839,0.7231341109795839,0.07440299107771396,0.022472502043300265,0.013869334824581882,0.07057056367684525,0.09555049739797475
3498,5,5,0.5947413781584058,0.04030253369008935,0.13931609036149634,0.040063283670147935,0.016468860582687685,0.5947413781584058,0.16910785353717295
3499,4,4,0.6023302132109808,0.05933167418194188,0.07494463998462943,0.028343905947032438,0.6023302132109808,0.10436106649423817,0.13068850018117736
3500,3,3,0.93367782456736,0.007136824575877434,0.013430970144334236,0.93367782456736,0.0036919923592339393,0.033708033251125216,0.008354355102069222
3502,3,3,0.9199768375663804,0.008893348814743981,0.014867008729105347,0.9199768375663804,0.003482964655875287,0.03653476871697286,0.016245071516922328
3503,3,3,0.9063252591040979,0.026637841533838146,0.024398742105874956,0.9063252591040979,0.009997343080032077,0.015441242553451147,0.0171995716227058
3504,1,1,0.8088632608014055,0.8088632608014055,0.05493162144532479,0.017941785024443956,0.022277472715207674,0.0554440297265718,0.040541830287046283
3505,3,3,0.9186780657304912,0.012034540623396933,0.014681086768908476,0.9186780657304912,0.006031313625827163,0.03519082724494049,0.013384166006435792
3506,4,4,0.9402258136459559,0.019729831303099517,0.010343858439190926,0.005987947492738579,0.9402258136459559,0.01416097415384965,0.009551574965165418
3507,3,3,0.9072011958498027,0.006769774207056285,0.01714603985999229,0.9072011958498027,0.00473240308501459,0.056547347806124845,0.007603239192009367
3508,6,6,0.7925737317734036,0.05416834139932755,0.052667713152828935,0.016906952222352167,0.008730738221616338,0.07495252323047136,0.7925737317734036
3510,4,4,0.9335731277467593,0.022963036910073995,0.010724274841674446,0.00697377330137208,0.9335731277467593,0.015248257190242422,0.010517530009877782
3511,2,2,0.7354252051751997,0.023593174883272096,0.7354252051751997,0.027551127578895315,0.029459406502481682,0.07405647514837414,0.10991461071177716
3512,2,2,0.7366507180421036,0.02100896683604251,0.7366507180421036,0.012633097778452089,0.010386467920169201,0.14040531095308587,0.07891543847014679
3513,6,6,0.7959106001042178,0.08633971457676845,0.05198877306357407,0.01570048358553179,0.008245415059470455,0.04181501361043755,0.7959106001042178
3514,4,4,0.982211057689957,0.002644882630424446,0.004919209562170019,0.0018447706209819743,0.982211057689957,0.005053758268893893,0.0033263212275727026
3515,6,6,0.5654005020881971,0.1324169858191318,0.11405958450420522,0.036533105408237974,0.018773281770665423,0.13281654040956245,0.5654005020881971
3517,2,2,0.8779189975873604,0.016125644832326584,0.8779189975873604,0.011181228067370364,0.006249756321400305,0.0381281652700333,0.050396207921509124
3518,2,2,0.9039571209597177,0.009999783553578808,0.9039571209597177,0.01537423683241088,0.0051749780376095155,0.04077894450245462,0.02471493611422843
3519,6,6,0.8206987507302412,0.025760657027013106,0.047261573625611404,0.01757590866770608,0.013174255055445864,0.07552885489398234,0.8206987507302412
3522,4,4,0.9118887251411354,0.016973307841422328,0.01907065821170075,0.011451224787006904,0.9118887251411354,0.02075490294402664,0.019861181074708
3523,2,2,0.8754111353910292,0.020413390413094812,0.8754111353910292,0.015176988322899964,0.0076847393787454615,0.03901475009955204,0.04229899639467862
3525,4,4,0.9574176440555615,0.0076650535662229026,0.010564206022834076,0.0040433043311283185,0.9574176440555615,0.011708769538521577,0.008601022485731623
3526,3,3,0.9451352772818994,0.01453387411374981,0.011933692808721886,0.9451352772818994,0.0028973690550358894,0.012149393915256537,0.013350392825336599
3527,6,6,0.7519823274820862,0.05384133143895598,0.06968392379026163,0.030192037761312133,0.015046121622242947,0.07925425790514122,0.7519823274820862
3528,1,1,0.846068874759309,0.846068874759309,0.03533485601255243,0.01401766243128258,0.005392950093448495,0.04158423442752537,0.05760142227588213
3530,1,1,0.6805222959126059,0.6805222959126059,0.0782989879327831,0.02143816916668556,0.02125244213892634,0.10178894320249038,0.09669916164650876
3531,5,5,0.6080531873621458,0.052841584449007294,0.1635397668749067,0.024562410931632157,0.015184760588170849,0.6080531873621458,0.13581828979413718
3533,5,5,0.6969160537292196,0.04550259085330065,0.15153033043649303,0.020992016316994957,0.013404639148511963,0.6969160537292196,0.07165436951547986
3534,1,1,0.8553115828150005,0.8553115828150005,0.05913881542707941,0.013426294654292787,0.008125310960396603,0.039420889191059856,0.024577106952170757
3535,3,3,0.9358717020373406,0.009665641422392839,0.010564889926593416,0.9358717020373406,0.003201856734691994,0.02216996391653992,0.01852594596244138
3536,5,5,0.702283280559203,0.0512741908078029,0.10450781123868155,0.025604705661002473,0.013941346927106291,0.702283280559203,0.10238866480620384
3537,3,3,0.927261190952328,0.005604821582974243,0.018155891725999792,0.927261190952328,0.006863646353297555,0.03287539844836042,0.009239050937040163
3539,6,6,0.7753793855456703,0.0198477746198176,0.1397067396457619,0.020771641597600816,0.009101894392870784,0.035192564198278625,0.7753793855456703
3540,5,5,0.6519379799175703,0.060884046023112495,0.05004264995222583,0.07140127295740958,0.02065947504167816,0.6519379799175703,0.1450745761080036
3542,4,4,0.7576132921192844,0.03718187304026235,0.05837645159748995,0.022304424377652496,0.7576132921192844,0.07369965762546878,0.05082430123984218
3544,2,2,0.6287110754841061,0.10404135982835835,0.6287110754841061,0.02703472233567023,0.02497065233791637,0.1277341662763829,0.08750802373756597
3545,3,3,0.9274869482209005,0.008022328330495722,0.012872944685497257,0.9274869482209005,0.006108085566800463,0.03553624797633756,0.009973445219968555
3546,3,3,0.9317241460141931,0.010345355417149267,0.007566012461381439,0.9317241460141931,0.003777184423608365,0.034704946526579974,0.011882355157087857
3547,4,4,0.8248653253758605,0.021447953959294237,0.037424316441273205,0.010409279952099058,0.8248653253758605,0.06808436306548125,0.037768761205991805
3548,2,2,0.5706738282775569,0.08362992134730461,0.5706738282775569,0.03239352877254383,0.02032808230381008,0.13837065771324528,0.15460398158553934
3550,2,2,0.8349757694340856,0.03208125694508173,0.8349757694340856,0.013884171830059938,0.00862806462808412,0.05918457526676048,0.051246161895928226
3551,2,2,0.4942489725217556,0.057304828843935056,0.4942489725217556,0.03611569866986221,0.0727580824927216,0.1518406329368794,0.18773178453484618
3552,5,5,0.6369227843186744,0.086928691562976,0.08835498922547194,0.036293590519427585,0.0809203691632395,0.6369227843186744,0.07057957521021051
3553,4,4,0.9721352155814449,0.003945651275561527,0.005552102957412916,0.0023781941963776383,0.9721352155814449,0.011785860992981756,0.004202974996221253
3554,2,2,0.6668082633861906,0.03794896836217943,0.6668082633861906,0.021744186833774316,0.014237953925620238,0.11766147935961338,0.14159914813262206
3555,4,4,0.9643481858312207,0.0043420419558600366,0.0062251513130228515,0.004254706952676221,0.9643481858312207,0.01193052693894649,0.008899387008273625
3556,1,1,0.8305892406846853,0.8305892406846853,0.04321100552821757,0.01580336786264184,0.009096440770938219,0.04684660618582197,0.054453338967695254
3558,3,3,0.9256442859886783,0.01161939391694926,0.02249963837378076,0.9256442859886783,0.006208559262736791,0.015912675321974105,0.018115447135880793
3559,1,1,0.8066122939308698,0.8066122939308698,0.05189380585146398,0.01611515731248028,0.0089661972303875,0.04734624908344783,0.06906629659135073
3560,5,5,0.5604895721364793,0.05770114059277712,0.20262309919988752,0.045337547901971545,0.03857404162439517,0.5604895721364793,0.09527459854448928
3562,3,3,0.9234294054261344,0.007762196279614656,0.01532822010717952,0.9234294054261344,0.006376789281818165,0.036992661652828725,0.010110727252424486
3563,5,5,0.6467471525639953,0.023690928010599764,0.13383074431801464,0.020062162112533498,0.014901289391251677,0.6467471525639953,0.16076772360360503
3565,3,2,0.3473632188753501,0.10481432864278484,0.3473632188753501,0.19126079098315324,0.02570733556580358,0.15404240844156106,0.17681191749134711
3566,5,5,0.5775951724574736,0.1474462719490047,0.10105538607154053,0.05291733421094482,0.016944962275818713,0.5775951724574736,0.10404087303521763
3567,2,2,0.5227446156903947,0.12568656823690805,0.5227446156903947,0.037620766715209676,0.02297927079358141,0.1963916413106557,0.09457713725325059
3568,1,1,0.751859294377393,0.751859294377393,0.059651205404456606,0.021203431025329046,0.023779388597442302,0.07781206195705512,0.06569461863832395
3569,3,3,0.916000489658301,0.012816545029435661,0.023541284193346387,0.916000489658301,0.00433829252110247,0.01624119447997233,0.027062194117842005
3570,2,2,0.6289888631022473,0.0929820447832754,0.6289888631022473,0.02261748986088839,0.013744551468184778,0.0827107302513128,0.15895632053409137
3572,6,6,0.7503574838105471,0.04716034235953055,0.0583936808468508,0.018781369563164212,0.009711926250877231,0.11559519716903015,0.7503574838105471
3574,2,2,0.7752046033978944,0.02740566445757695,0.7752046033978944,0.022123231954216824,0.008960962174041241,0.0502130538866683,0.1160924841296023
3575,4,4,0.945305506904177,0.008362335924174983,0.012098815868474942,0.006894851488766619,0.945305506904177,0.014824695449800621,0.01251379436460592
3576,2,2,0.6481907103494394,0.0432655696219942,0.6481907103494394,0.028406294840471,0.02011546723732654,0.11225815692066002,0.1477638010301089
3578,2,2,0.7899533365712569,0.03739459277443718,0.7899533365712569,0.01841544952849336,0.016073791219199617,0.05720157831396432,0.08096125159264864
3579,3,3,0.9394396154031848,0.011789785681991094,0.013950254940189226,0.9394396154031848,0.004441902032089027,0.023770743929804983,0.00660769801274103
3580,1,1,0.611668974351376,0.611668974351376,0.08507734588611009,0.023733182634510172,0.013754328870651247,0.11026527819323131,0.1555008900641213
3581,4,4,0.8782932588059837,0.017689387438007444,0.031631188420177356,0.009075696738303647,0.8782932588059837,0.03728432556365075,0.026026143033876903
3582,4,4,0.9402371585522684,0.015293980633543128,0.010780751002293485,0.0059504393733198786,0.9402371585522684,0.011067978706895104,0.016669691731680036
3586,6,6,0.9649502538000548,0.009162156421675501,0.008727322176896514,0.004555574033702719,0.002485847544227536,0.010118846023442912,0.9649502538000548
3587,5,5,0.5292086636671097,0.07262636898334075,0.21695361990881964,0.0447683054081816,0.02190785454729886,0.5292086636671097,0.1145351874852494
3588,3,3,0.9458201412169515,0.01387965988768533,0.011470236232636238,0.9458201412169515,0.003498454607514369,0.013510545919551566,0.01182096213566104
3589,3,3,0.9357801205228009,0.01593961512025647,0.011762916789190505,0.9357801205228009,0.004767310666135333,0.01108489771535397,0.02066513918626287
3590,2,2,0.6296960051678456,0.05413145613416666,0.6296960051678456,0.03322927974472318,0.01985189186045298,0.15978623871155945,0.10330512838125211
3591,3,3,0.940604146208338,0.006646950320176086,0.015869523546517897,0.940604146208338,0.007587305178559017,0.017809170811568832,0.01148290393484019
3592,6,6,0.6558203484820897,0.049438177459957405,0.12390032390755244,0.029469641391058145,0.018225435488373104,0.12314607327096927,0.6558203484820897
3593,1,1,0.8710457926257489,0.8710457926257489,0.03260082041984338,0.012818503483901652,0.020727610849464676,0.0340355058330104,0.028771766788030985
3594,4,4,0.9738425312048679,0.005245464042060784,0.005400037851330069,0.0022847094249556174,0.9738425312048679,0.008440811178888761,0.004786446297896984
3596,4,4,0.8202465696443804,0.02546999515532008,0.03347456413622639,0.015124560621637008,0.8202465696443804,0.07862250477720446,0.027061805665231697
3597,6,6,0.6292395987653704,0.04629914551156418,0.12221819360724237,0.02285923679442589,0.014537851403853478,0.16484597391754363,0.6292395987653704
3598,2,2,0.9649076759963485,0.0055379436382537416,0.9649076759963485,0.003439713776996858,0.0027332745639314076,0.00856267330391974,0.014818718720549844
3599,2,2,0.7920818362500734,0.029331451655082285,0.7920818362500734,0.02783317510611835,0.013837281735272041,0.07823420392786691,0.058682051325586876
3600,5,5,0.7287280086032023,0.04602523257377025,0.09840747434592508,0.020171278564989768,0.013663412779055507,0.7287280086032023,0.0930045931330571
3601,4,4,0.9054224057744996,0.031407666979636484,0.014081632050647644,0.007878897199462711,0.9054224057744996,0.017983507735538043,0.023225890260215588
3602,1,1,0.9134742507070631,0.9134742507070631,0.026246622023100248,0.009539515655093983,0.005295857884321372,0.02658415926569181,0.018859594464729366
3604,4,4,0.9592355917037265,0.004802661208611297,0.007414381300180756,0.0044361822202263505,0.9592355917037265,0.013702998668626839,0.010408184898628275
3607,2,2,0.801365956617521,0.029554381346911938,0.801365956617521,0.01644240948433994,0.01069392551760124,0.0998178914058338,0.04212543562779207
3608,2,2,0.6273429961848561,0.05447682631941166,0.6273429961848561,0.03299411503683561,0.018538731632913745,0.11910047192522247,0.1475468589007605
3609,1,1,0.8857205158175981,0.8857205158175981,0.03175562618457122,0.010781357711584076,0.006967718137122344,0.027850508213741933,0.03692427393538232
3610,6,6,0.7072374461896288,0.034581303850783625,0.09484513689888026,0.023092287682859446,0.018949066685051627,0.12129475869279618,0.7072374461896288
3611,3,3,0.9347012682116408,0.010113879543056528,0.01220136366177173,0.9347012682116408,0.005095790268962994,0.02665976132716308,0.011227936987404822
3612,5,5,0.5345640783195146,0.06080786425002432,0.05927518825873356,0.02641619122253562,0.01182059707397401,0.5345640783195146,0.3071160808752179
3615,6,6,0.4948309250168389,0.20445142668944477,0.09395046517754266,0.04638072324294035,0.01569864880435294,0.14468781106888046,0.4948309250168389
3616,6,6,0.7860726579731544,0.08993579361814692,0.04439095339044925,0.021797354816953718,0.011239368591382328,0.046563871609913474,0.7860726579731544
3618,6,6,0.358202781450098,0.22508040224084494,0.11668817296997785,0.033507822860976734,0.09852318164543979,0.16799763883266275,0.358202781450098
3619,1,1,0.47103909184066406,0.47103909184066406,0.09583767686879754,0.04240815367857733,0.022574107538268152,0.14123818545017702,0.22690278462351582
3620,4,4,0.9691511905223709,0.006236326236788442,0.006741506632043706,0.0038050685378214323,0.9691511905223709,0.007757551145195432,0.0063083569257800926
3621,6,6,0.639809151109639,0.09611287101106386,0.07269267080497718,0.03864459291680076,0.021758392516601485,0.13098232164091766,0.639809151109639
3623,3,3,0.9392606322774412,0.00908005607660695,0.02000488875984034,0.9392606322774412,0.0059538422342126016,0.013297066310350353,0.012403514341548632
3624,3,3,0.9318194375679787,0.011657471409767025,0.01973979994990733,0.9318194375679787,0.006290955608152393,0.01414699017953126,0.016345345284663235
3625,4,4,0.8713841498983641,0.03311070040380823,0.030879612871981304,0.009053257235685013,0.8713841498983641,0.0354370752732149,0.020135204316946424
3626,4,4,0.9854834097986407,0.002909811665356484,0.003353604395409915,0.0018158234559060879,0.9854834097986407,0.003599448938681863,0.002837901746005013
3627,4,4,0.8689245836787483,0.015529988178762087,0.03034740837563553,0.010227500822032885,0.8689245836787483,0.04473431487142095,0.03023620407340032
3628,1,1,0.8956585041616052,0.8956585041616052,0.028105695166265866,0.013961147878089405,0.019834263847250545,0.024864787472486303,0.017575601474302743
3629,1,1,0.7922939996528369,0.7922939996528369,0.05303175868956771,0.01860175578407006,0.01770673595318816,0.048482998644031834,0.06988275127630535
3631,2,2,0.6270477747175855,0.07280947021483701,0.6270477747175855,0.03775996652209701,0.01693496126751651,0.09726234222451707,0.148185485053447
3632,2,2,0.7362566739691088,0.034420481616734,0.7362566739691088,0.024592420049025534,0.0268734761479787,0.08157818992330883,0.09627875829384427
3633,3,3,0.9323128405592631,0.016082350270787426,0.012993466678123356,0.9323128405592631,0.004976563019661093,0.012223257518621192,0.021411521953543764
3634,4,4,0.9631077053688666,0.012123195081916815,0.00724287034794052,0.0027166666606266866,0.9631077053688666,0.009070882601027926,0.005738679939621504
3636,2,2,0.9855145691087143,0.0027417395605331602,0.9855145691087143,0.0020418344701271258,0.0017439514106496027,0.004080620749168914,0.003877284700806887
3637,4,4,0.9747927727862054,0.004031487561385992,0.006481120098511582,0.001919107396818261,0.9747927727862054,0.007617109916779274,0.005158402240299403
3638,1,1,0.6111300071390054,0.6111300071390054,0.10967384538271562,0.033130863398564754,0.07033399180397937,0.11256735196807836,0.06316394030765646
3639,1,1,0.9467441004811984,0.9467441004811984,0.014452059972459408,0.008784003333089452,0.0028904815499602517,0.013536432736340167,0.013592921926952292
3640,4,4,0.9767408683127983,0.004164946857093556,0.004923473538267127,0.0024002529504780572,0.9767408683127983,0.007448773601494723,0.004321684739868337
3641,6,6,0.6130627470514517,0.05441853718476853,0.10025447363454662,0.02007438648646104,0.04639075125565593,0.16579910438711618,0.6130627470514517
3643,1,1,0.8517940724271156,0.8517940724271156,0.0405271362381971,0.015838708245114103,0.01743175601837782,0.03307617332371692,0.04133215374747847
3644,1,1,0.8208747219821412,0.8208747219821412,0.06169746272907012,0.014591084613745853,0.014366610731712044,0.04925571487405623,0.03921440506927462
3645,5,5,0.5265375925798406,0.04347614449308935,0.11211518846333682,0.024687621694871237,0.012998498706008946,0.5265375925798406,0.2801849540628532
3646,2,2,0.9058411126932908,0.021975911467325148,0.9058411126932908,0.009530390361324727,0.008895099563932161,0.02732784210510427,0.02642964380902283
3647,1,1,0.5614251401154323,0.5614251401154323,0.15025855440052757,0.03515266576295099,0.020875726254145046,0.1357349135452546,0.09655299992168952
3648,5,5,0.6780992075680526,0.03397105423645078,0.05258475855316475,0.015995382804776758,0.009372388150655199,0.6780992075680526,0.2099772086868998
3649,6,6,0.7785715765338335,0.04201549453069514,0.0479152817529203,0.013148180337322402,0.007036639711595636,0.11131282713363311,0.7785715765338335
3650,5,5,0.5567529227273207,0.09169343801818111,0.19520252246343056,0.023876266436906667,0.0738196916696016,0.5567529227273207,0.058655158684559394
3651,1,1,0.8351935484838535,0.8351935484838535,0.035476182365791496,0.01394579067766163,0.010949614784291748,0.04232409041433219,0.06211077327406933
3654,4,4,0.9582626515296384,0.005319647484934855,0.011025263670403377,0.0027952018606841916,0.9582626515296384,0.012158336010457545,0.010438899443881619
3656,4,4,0.9148474428224703,0.021407573223822213,0.01856826486958914,0.011119611917012766,0.9148474428224703,0.020776356819484247,0.013280750347621382
3657,2,2,0.35488302902328644,0.08105756625423131,0.35488302902328644,0.03158539635874202,0.01589836876203979,0.3302700963716616,0.1863055432300389
3658,6,6,0.7166447858438287,0.027317647070106026,0.15983766531715105,0.01606739894740445,0.014004393449392128,0.06612810937211759,0.7166447858438287
3659,4,4,0.9838743052657606,0.0031917031945129484,0.00318330859053269,0.0016943141087102003,0.9838743052657606,0.004311278013113025,0.00374509082737058
3662,2,2,0.8056149050347965,0.031123817882356478,0.8056149050347965,0.016891211197893816,0.011345802504794375,0.08440168072007194,0.05062258266008693
3663,3,3,0.9251532055240272,0.01936884101541524,0.01777988289155394,0.9251532055240272,0.0076625191625778535,0.01799963146079474,0.012035919945630935
3664,6,6,0.7661450727496641,0.04927074525757085,0.07074972273285932,0.02408565906037896,0.012329058729823749,0.07741974146970301,0.7661450727496641
3665,3,3,0.9256415312009044,0.013556433332545753,0.020387764998619627,0.9256415312009044,0.005771844651505882,0.014581559307880262,0.020060866508544006
3666,5,5,0.8228567660003842,0.022490463051987174,0.08682833420087709,0.015783239000446408,0.0200310939596142,0.8228567660003842,0.03201010378669099
3668,5,5,0.7491363873884268,0.04639514767898411,0.09456141310761573,0.031037896785105653,0.015052733507217529,0.7491363873884268,0.06381642153265021
3670,2,2,0.8214867943461761,0.02119289217483537,0.8214867943461761,0.009202120253092931,0.008317582211009743,0.07222448998771568,0.06757612102717014
3671,2,2,0.7629769943808153,0.058129101377439645,0.7629769943808153,0.02941870935760188,0.01697271338537018,0.059762489884968725,0.07273999161380412
3673,4,4,0.9693201657070606,0.005574952892720771,0.0079603455835439,0.0027841671300980913,0.9693201657070606,0.008013205278386172,0.00634716340819049
3674,2,2,0.5574115118485441,0.02366366542444516,0.5574115118485441,0.022624786079455894,0.02594184577412938,0.23804773311305757,0.13231045776036798
3675,5,5,0.6927343183052731,0.04577440097490914,0.1266794860846023,0.03032945902769912,0.012953262969519586,0.6927343183052731,0.09152907263799664
3676,5,5,0.5126809435100981,0.08260641928095329,0.12928816785735514,0.049001669691435996,0.04320537248882169,0.5126809435100981,0.18321742717133596
3677,6,6,0.9477120276282078,0.008976015833809099,0.018125553981924454,0.008127863210571,0.002779763056192803,0.014278776289294868,0.9477120276282078
3678,3,3,0.35055586615372825,0.09592188140306553,0.14281061091393304,0.35055586615372825,0.03225300675388798,0.20680884712689193,0.17164978764849334
3679,4,4,0.9331904570297364,0.015792794903972028,0.013075187970541904,0.005729469976965891,0.9331904570297364,0.023429813358430845,0.008782276760352927
3681,3,3,0.9163800869890488,0.008697431452152547,0.015372504706910624,0.9163800869890488,0.005489043316065274,0.04152569306831987,0.012535240467502862
3682,1,1,0.461984481322582,0.461984481322582,0.1477266651896736,0.03169978478980225,0.017028547537116242,0.18661627202240244,0.15494424913842336
3683,5,5,0.45762322311074877,0.08192097232435602,0.13217617353093225,0.03583280711127225,0.02401666616256322,0.45762322311074877,0.2684301577601275
3685,3,5,0.2730190287016747,0.1438401722238674,0.2525263428904764,0.12041222812238743,0.02738266508466271,0.2730190287016747,0.18281956297693128
3686,3,3,0.92258679869924,0.0105203296722039,0.0227279678550419,0.92258679869924,0.005284000256094753,0.01486950433953636,0.024011399177883076
3687,4,4,0.952371610041545,0.012426437306415294,0.008564536544152398,0.003626164495703963,0.952371610041545,0.011491824929458792,0.011519426682724506
3688,3,3,0.9360367427725415,0.00939815288699026,0.017280772766355614,0.9360367427725415,0.00497984988271895,0.01939282088676709,0.012911660804626744
3689,5,5,0.9042301258580643,0.012235552626923305,0.030908018351440195,0.009519173003712125,0.005777438564655805,0.9042301258580643,0.03732969159520438
3690,3,3,0.9138717622964749,0.008299115724127384,0.013551598693951101,0.9138717622964749,0.004713692762245821,0.050935065495034876,0.008628765028165843
3691,2,2,0.7024664886133258,0.07369530527986677,0.7024664886133258,0.029245113109869544,0.01733762957216199,0.1021980910733707,0.07505737235140508
3693,6,6,0.7567279954445637,0.02903389428785417,0.06278198740310477,0.019648423378029016,0.010525920186774838,0.12128177929967354,0.7567279954445637
3694,2,2,0.6595306598442331,0.04794251394984773,0.6595306598442331,0.025391764260684915,0.042354740919393216,0.16108036135229867,0.06369995967354249
3695,3,3,0.9403295078548224,0.005719299852236163,0.011581040144084348,0.9403295078548224,0.0044964222341807745,0.030415271203474724,0.007458458711201565
3697,4,4,0.9809257485124042,0.0031915833904783103,0.0036840968844976418,0.0017779687231549738,0.9809257485124042,0.004413018023859464,0.006007584465605287
3699,1,1,0.7072713130263206,0.7072713130263206,0.08734317924207576,0.025150094048523246,0.016725646385996377,0.09048385717380526,0.07302591012327876
3702,6,6,0.46873796092808184,0.14050692893792682,0.10827627809881205,0.038261875923489314,0.08045212442148779,0.16376483169020215,0.46873796092808184
3703,4,4,0.9447306822964876,0.00904320417836123,0.014001271700135492,0.004779898466749397,0.9447306822964876,0.01772453092250307,0.009720412435763263
3705,5,5,0.41052289853944957,0.10040127738042393,0.11618620871316475,0.0481629120209181,0.015923358004767827,0.41052289853944957,0.30880334534127574
3706,5,5,0.41480293660001455,0.08142049440693497,0.2467613012771778,0.08218144631284707,0.030768043289737545,0.41480293660001455,0.14406577811328822
3708,2,2,0.8196140362360017,0.017848025319905637,0.8196140362360017,0.030522920548996153,0.011399570068922405,0.08085649890811825,0.03975894891805588
3710,6,6,0.898590152044936,0.01105972084800025,0.02865128941126339,0.008173446495725932,0.005346251997588458,0.04817913920248603,0.898590152044936
3711,4,4,0.9289344581818784,0.009501571961806274,0.01812875580113775,0.004376495873237624,0.9289344581818784,0.022200815920440296,0.016857902261499656
3712,5,5,0.8954614140986368,0.018723913067238182,0.04144656045131769,0.00993730868955736,0.005137000327243801,0.8954614140986368,0.029293803366006177
3713,4,4,0.9592921309456532,0.004052955612499697,0.010834438543100025,0.0034591105813730374,0.9592921309456532,0.012685213096725502,0.00967615122064851
3714,3,3,0.9468567073315274,0.004027247632968756,0.010738169879398627,0.9468567073315274,0.003576341741706895,0.029872914755272702,0.004928618659125714
3716,5,5,0.6666856715432188,0.04810600477652378,0.1454866159888693,0.03384343214830718,0.021843409322665222,0.6666856715432188,0.08403486622041573
3717,1,1,0.9161372285195274,0.9161372285195274,0.017633496933269162,0.010901387337292765,0.008266907563754596,0.01894083186669084,0.02812014777946529
3718,3,3,0.9360022088293887,0.010057671977104048,0.01265688812531841,0.9360022088293887,0.0034022577991180236,0.014918738922773643,0.022962234346297235
3722,3,3,0.9299889075734231,0.014500241218746586,0.018475029139451926,0.9299889075734231,0.006510472154511113,0.012848890036806785,0.017676459877060593
3723,4,4,0.9742255250642624,0.006866918529645729,0.005273974254674299,0.0021427225627093263,0.9742255250642624,0.007501348349789598,0.003989511238918693
3724,5,5,0.89768925160914,0.027654772510253806,0.03431236802707975,0.010776385049087137,0.004259185973740424,0.89768925160914,0.025308036830698922
3725,3,3,0.9281655031340537,0.012792497632138175,0.008541508353878298,0.9281655031340537,0.004316644177821404,0.0311853095564137,0.014998537145694718
3726,3,3,0.9185016724115672,0.007975942061053396,0.013044624072574685,0.9185016724115672,0.003153280541583957,0.04310046071040921,0.014224020202811587
3728,4,4,0.7950769683791953,0.057402698119191416,0.040809569474684164,0.015959595086138787,0.7950769683791953,0.056036871204662435,0.03471429773612797
3730,3,3,0.9381867678237208,0.009678992091009813,0.01740426133668658,0.9381867678237208,0.0033724945784663184,0.013282507730124954,0.018074976439991598
3732,4,4,0.9061485622332226,0.015927518135988618,0.016387510096588852,0.011317707719301507,0.9061485622332226,0.026371982546365268,0.023846719268533132
3733,4,4,0.9330544255742318,0.013719007333427248,0.013757559422343602,0.006789038203712915,0.9330544255742318,0.017417283464573077,0.015262686001711441
3734,2,2,0.6043787435606476,0.09014233762469469,0.6043787435606476,0.0279146679191761,0.022948769025492536,0.16668624462120332,0.08792923724878578
3735,2,2,0.8749961136228745,0.01459658714760499,0.8749961136228745,0.008380379860384788,0.02094372734085619,0.019750055420711995,0.061333136607567625
3736,5,5,0.7650948588637091,0.042725687963525175,0.08635902212525041,0.03346606733541477,0.01614368806933036,0.7650948588637091,0.0562106756427701
3737,6,6,0.7458721600215531,0.037602142744982865,0.06653525405639077,0.010399400586909217,0.025117090959698458,0.11447395163046563,0.7458721600215531
3738,6,6,0.6054298190444874,0.053147542003329315,0.11713916045654185,0.02170699361125392,0.025609923322615153,0.1769665615617723,0.6054298190444874
3739,5,5,0.562308013916131,0.04932867018271054,0.20381264832873794,0.06119124721584462,0.023670701766580943,0.562308013916131,0.09968871858999491
3740,2,2,0.7869307787960047,0.023330429982881255,0.7869307787960047,0.014683631666392662,0.010619598951137045,0.09888126263462062,0.06555429796896375
3742,5,5,0.9282715288724918,0.015044137955859712,0.023781810366665334,0.008222608526119408,0.007600635743722424,0.9282715288724918,0.01707927853514143
3743,2,2,0.5936358693304027,0.03710559653649125,0.5936358693304027,0.020220728035104933,0.014396284072470802,0.17605435396205438,0.15858716806347592
3744,1,1,0.874174710554842,0.874174710554842,0.030640255594394133,0.011437340202540782,0.00688757684769406,0.03295060066377742,0.043909516136751536
3745,3,3,0.9355847335029737,0.007938617499753114,0.01935533731600089,0.9355847335029737,0.008019318173820157,0.014202186738153303,0.014899806769298838
3748,1,1,0.7803656847705479,0.7803656847705479,0.07282101676256506,0.017928474847691802,0.013855045728827599,0.0632152042973042,0.05181457359306349
3750,1,1,0.828960350008033,0.828960350008033,0.038441192701853755,0.012539685165365671,0.010976485587451486,0.043272561527418214,0.06580972500987788
3756,3,3,0.9210915173271532,0.01331528032636852,0.01234149717134444,0.9210915173271532,0.0060665305814841365,0.03847446676520211,0.00871070782844765
3757,4,4,0.8377219914608732,0.029344706730602185,0.04328928409448763,0.014368958216993402,0.8377219914608732,0.046548968383923715,0.028726091113119856
3759,5,5,0.542394004296372,0.03651742565090841,0.1735811521926312,0.039117561413568494,0.02977046266080249,0.542394004296372,0.17861939378571737
3760,6,6,0.6352880704927318,0.08508486195748469,0.0878484059532552,0.022860930312436904,0.021924350164439714,0.14699338111965163,0.6352880704927318
3761,5,5,0.6999892640669965,0.07400971940043498,0.1401352627381655,0.017981307691288022,0.014870543352520547,0.6999892640669965,0.05301390275059451
3762,5,5,0.5116708474275438,0.02732257840166965,0.06173350711421597,0.02509262120169976,0.025429781534863114,0.5116708474275438,0.34875066432000773
3763,3,3,0.9382420290012518,0.011590256682805333,0.014841891369693433,0.9382420290012518,0.005420707176918577,0.016120091822079043,0.013785023947251947
3764,4,4,0.9442748069243301,0.013946840116793556,0.009560728585501761,0.004622586694079117,0.9442748069243301,0.012286082824001203,0.015308954855294247
3765,2,2,0.9457022646477308,0.006674767296772412,0.9457022646477308,0.0031292342872941384,0.002773289859423639,0.013416834865272143,0.028303609043506903
3766,2,2,0.8412281105649515,0.03344987923830524,0.8412281105649515,0.010649204543890943,0.010742013300002507,0.03688857474933554,0.06704221760351434
3767,4,4,0.9349298251514436,0.01351399940204529,0.011264521358888157,0.005457454858712637,0.9349298251514436,0.022770033557520292,0.012064165671390039
3768,4,4,0.9330677496854104,0.012208053530303247,0.011416147140361413,0.009751493981623444,0.9330677496854104,0.01534591218163101,0.018210643480670436
3769,3,3,0.9115880650396891,0.016304335650238356,0.024432385409326206,0.9115880650396891,0.006827782124347996,0.01694578151313604,0.023901650263262263
3770,3,3,0.9409648452467887,0.008197374103818832,0.013948357247411856,0.9409648452467887,0.004365225708956693,0.023524979526653042,0.00899921816637099
3771,2,2,0.34808157234500153,0.1669953969646119,0.34808157234500153,0.04576519893308787,0.026453990221837292,0.11020937869767955,0.30249446283778186
3772,4,4,0.9698543339606809,0.005662621896465612,0.006764616494165625,0.0027010991935176513,0.9698543339606809,0.009588036078338354,0.005429292376831925
3774,5,5,0.6772808013306533,0.05461817238703696,0.15976047810001703,0.020639573130952188,0.02038944422599266,0.6772808013306533,0.06731153082534785
3775,5,5,0.7587993644670816,0.03980394015593513,0.0629348781250256,0.029904464601851782,0.0179046387607458,0.7587993644670816,0.09065271388936014
3776,3,3,0.938703073485988,0.00589969293463722,0.01109090777224424,0.938703073485988,0.003361187867039691,0.030335064381031195,0.010610073559059748
3777,1,1,0.9364482059480954,0.9364482059480954,0.018634378724594582,0.0068932873237619085,0.009595287286394772,0.01735761448815966,0.011071226228993564
3778,4,4,0.9524393258372509,0.009452854602112825,0.009875741487785828,0.004208654118375382,0.9524393258372509,0.010221941197297633,0.013801482757177559
3779,5,5,0.40223196248628007,0.08504621986190847,0.2148216602630972,0.120783759432522,0.022700292278135893,0.40223196248628007,0.1544161056780565
3781,5,5,0.6308910754354341,0.029135686525535043,0.13986022185157215,0.02169885802190229,0.01908568733106851,0.6308910754354341,0.15932847083448798
3783,5,5,0.5004976789156665,0.06236466360877217,0.24406358267624043,0.042583874744021435,0.04864331449812633,0.5004976789156665,0.10184688555717315
3785,4,4,0.8096238021386594,0.034683792922098285,0.04357949833426293,0.016945273023072,0.8096238021386594,0.04752769727016959,0.04763993631173782
3786,2,2,0.8741211014976751,0.014532795453490963,0.8741211014976751,0.010129765921919658,0.006336311024285936,0.05507188204380176,0.03980814405882668
3787,2,2,0.5997120842852033,0.06122973087204235,0.5997120842852033,0.04490185207762093,0.021447276222619337,0.06621810525282398,0.20649095128969017
3790,1,1,0.8839986025616019,0.8839986025616019,0.03275460388209548,0.01162594346298175,0.01588969607960857,0.0292621290627248,0.026469024950987484
3791,6,6,0.7400249000841242,0.04810530135500254,0.09010794546229489,0.02460448436603943,0.016131346770114557,0.0810260219624244,0.7400249000841242
3792,1,1,0.7029759474273394,0.7029759474273394,0.10025080976583876,0.01640127497893099,0.010222840318717617,0.09607006160281577,0.07407906590635761
3793,3,3,0.9327683364365325,0.013144092103048602,0.015878680373328246,0.9327683364365325,0.00608332172916079,0.017543727444489343,0.014581841913440464
3794,2,2,0.8575307763430547,0.017515935833064593,0.8575307763430547,0.008688532243804416,0.005110784393279474,0.014511034080938281,0.09664293710585856
3795,5,5,0.38712863282901866,0.10731415768750416,0.1672049119523871,0.05897835475403313,0.20387115632400146,0.38712863282901866,0.07550278645305547
3796,4,4,0.899757562213141,0.019248317858546752,0.019463864727162064,0.007685914121443287,0.899757562213141,0.029166574581382925,0.024677766498323993
3799,2,2,0.42982307139499476,0.08190622165742996,0.42982307139499476,0.055999422652231276,0.02727759560083452,0.1088094424324805,0.29618424626202905
3801,1,1,0.7078333001270597,0.7078333001270597,0.07827574377019404,0.024051155166352516,0.02777653809627391,0.09654441853023984,0.06551884430988006
3803,6,6,0.9338743955523252,0.012427774870839972,0.019326175820552797,0.010235937936114761,0.0032558048330879135,0.02087991098707947,0.9338743955523252
3805,1,1,0.7967576836080406,0.7967576836080406,0.04845480860367521,0.020954378197582536,0.012702958553776057,0.045135798921746795,0.07599437211517887
3806,2,2,0.8286596458178473,0.0237575105291606,0.8286596458178473,0.01234652656096084,0.009987860069283901,0.0589277060524203,0.06632075097032687
3808,4,4,0.6188286417684803,0.07768717169051768,0.10443513033605932,0.02628236569300371,0.6188286417684803,0.10693011361238909,0.06583657689954987
3809,5,5,0.5758432126111335,0.13542857240824877,0.12462651008469372,0.020148084640534625,0.018493340469113974,0.5758432126111335,0.1254602797862754
3810,1,1,0.7448453028144753,0.7448453028144753,0.05150535900386387,0.018660870077127835,0.02696611234821443,0.10779844794224709,0.05022390781407151
3811,4,4,0.9272671148224406,0.014649361729602958,0.018529426677940625,0.005569839463890599,0.9272671148224406,0.019031773223110816,0.014952484083014458
3812,4,4,0.934089694033813,0.013002988104990145,0.017013470178882634,0.0060070816469793035,0.934089694033813,0.019461904748217924,0.010424861287116989
3817,5,5,0.5233726113353101,0.07395204972053206,0.1853530354599117,0.04954114332270857,0.04426451825704319,0.5233726113353101,0.12351664190449445
3818,2,2,0.49366878970324435,0.08824645342951955,0.49366878970324435,0.04088812128822355,0.022091674513076847,0.19297472084370831,0.16213024022222752
3819,2,2,0.5602928524113129,0.1600621853182272,0.5602928524113129,0.03836672838576701,0.01960886525957867,0.13261594621912007,0.08905342240599419
3821,3,3,0.9115880650396891,0.016304335650238356,0.024432385409326206,0.9115880650396891,0.006827782124347996,0.01694578151313604,0.023901650263262263
3824,5,5,0.5415230059974069,0.16788091046900927,0.14033624962835026,0.026284025412205415,0.05816788846115105,0.5415230059974069,0.0658079200318771
3825,5,5,0.7202800741237068,0.08589685890127445,0.07551330016297629,0.040138086693564536,0.01627113308860139,0.7202800741237068,0.06190054702987653
3826,6,6,0.5878072399044285,0.05087043628262085,0.12335425551771899,0.03401121286401256,0.034508683095890405,0.1694481723353287,0.5878072399044285
3827,2,2,0.4213061324984339,0.19190436900341015,0.4213061324984339,0.04103690960372823,0.042363914530311624,0.16396042988583512,0.13942824447828095
3828,4,4,0.9514548102486489,0.007881767077261353,0.012588964636802103,0.004924130792080699,0.9514548102486489,0.014218599162579226,0.008931728082627832
3829,5,5,0.6971672670996978,0.075644372122224,0.10132335898059971,0.027429072675602507,0.016646498043507298,0.6971672670996978,0.08178943107836877
3830,3,3,0.9416240758663944,0.011954989085183818,0.011509423762806979,0.9416240758663944,0.0052582555986873175,0.021674441191093165,0.007978814495834262
3831,3,3,0.9303089703627068,0.010094624533366615,0.012370764896028282,0.9303089703627068,0.005092330636687235,0.030790147534205198,0.011343162037005954
3832,1,1,0.8066652149975269,0.8066652149975269,0.05279279098733691,0.027843872465811787,0.02114440117214694,0.05299685622812873,0.03855686414904879
3834,6,6,0.9039023402903152,0.02286730890466816,0.024882293519788774,0.012909174350872165,0.005211466819890865,0.030227416114464823,0.9039023402903152
3835,3,3,0.9349734936008504,0.01848232716369264,0.015343252170458297,0.9349734936008504,0.003374031604642533,0.01002539343384529,0.017801502026510777
3836,2,2,0.6412331867958899,0.057345180294546355,0.6412331867958899,0.04761312603889658,0.10146706115366964,0.09185847570303747,0.06048297001396002
3838,1,1,0.6671756976383413,0.6671756976383413,0.09420689574054149,0.022565915480348222,0.023128079708314157,0.11769888973585685,0.07522452169659788
3839,3,3,0.9421727385603196,0.009502562023254363,0.010210969019941183,0.9421727385603196,0.0022704234430107246,0.029442234502557268,0.006401072450916966
3840,6,6,0.6354424677661494,0.13676114497360686,0.07243931974951838,0.04580315514704794,0.011743273795684458,0.09781063856799287,0.6354424677661494
3841,2,2,0.8682744201674181,0.03940826621186495,0.8682744201674181,0.011695143546739518,0.007250967822351887,0.03801881166683312,0.035352390584792476
3842,5,5,0.696294114061401,0.03245621900706949,0.10179877383788871,0.026099183521320988,0.018936505377168497,0.696294114061401,0.12441520419515131
3844,2,2,0.391360187328052,0.0815034955463984,0.391360187328052,0.041394686665875965,0.04862866758457959,0.1738406900850477,0.2632722727900464
3845,4,4,0.9694390254912958,0.005376590892925683,0.006756705544345304,0.00471662760656475,0.9694390254912958,0.008598461927744735,0.005112588537123797
3847,1,1,0.8048120567993343,0.8048120567993343,0.046169303158612215,0.021673538609056416,0.01446614670491955,0.06487818351707912,0.04800077121099854
3849,4,4,0.9484620519954374,0.012617254479186478,0.012379655454040179,0.005385838976851409,0.9484620519954374,0.013357485564217026,0.0077977135302675395
3850,2,2,0.7842477241553717,0.03364002253374362,0.7842477241553717,0.017810158379521147,0.022850285318677038,0.08867268800044527,0.05277912161224117
3851,6,6,0.7240021790350176,0.0468528023820914,0.08286970980537361,0.02153900799193649,0.013738594382817314,0.1109977064027636,0.7240021790350176
3852,4,4,0.8590657122406888,0.030947155229489116,0.03744883107084667,0.012763799406209028,0.8590657122406888,0.034361635749353456,0.025412866303412874
3853,3,3,0.9292594264171655,0.010868199224323303,0.019670844013953463,0.9292594264171655,0.0037998164792120634,0.013970972854381921,0.022430741010963897
3854,3,3,0.9299889075734231,0.014500241218746586,0.018475029139451926,0.9299889075734231,0.006510472154511113,0.012848890036806785,0.017676459877060593
3855,2,2,0.9504837924555435,0.0047047036051978686,0.9504837924555435,0.004074025556556553,0.011716700758060083,0.009236657707110546,0.019784119917531307
3856,2,2,0.6331197692374987,0.09884415353189721,0.6331197692374987,0.032444462511007,0.02056910510195446,0.08641845800179246,0.12860405161585026
3858,2,2,0.6147658039300677,0.07896342629274336,0.6147658039300677,0.0328655985101269,0.022028409948141044,0.14938026264502421,0.10199649867389682
3860,3,3,0.913312407826705,0.011431851334373608,0.01631169355647438,0.913312407826705,0.005412454880233757,0.038758009628506375,0.014773582773706943
3861,5,5,0.6126484745079186,0.042779486509583985,0.21874664102965707,0.03186598861670159,0.019009881834436627,0.6126484745079186,0.07494952750170217
3862,4,4,0.9676036829590001,0.005181155735350455,0.005792896920998954,0.003978549627976906,0.9676036829590001,0.009092489378041718,0.00835122537863192
3864,1,1,0.856918452010479,0.856918452010479,0.03234386601685159,0.014213567480728766,0.009312828826462097,0.03480966069629035,0.052401624969188175
3866,5,5,0.6784765527738741,0.04857599287508943,0.12925064273775533,0.02137076997556673,0.02054397258930352,0.6784765527738741,0.1017820690484109
3867,3,3,0.9110972541518241,0.00514695974493319,0.01644915362282398,0.9110972541518241,0.006773957422489261,0.0537377234655823,0.0067949515923473765
3870,5,5,0.616966621259248,0.032830319351800516,0.15611265271611446,0.031064103633345292,0.027835870643257047,0.616966621259248,0.13519043239623468
3871,3,3,0.9321628924855558,0.009966413666773557,0.0172804112271518,0.9321628924855558,0.0035601399596271776,0.018700967753522726,0.01832917490736896
3873,4,4,0.728827549371527,0.03933408907624042,0.051752940963436744,0.02643426762783898,0.728827549371527,0.08713919210686011,0.06651196085409664
3874,6,6,0.810212418865878,0.030445532741069287,0.06191723661708493,0.020792376264295614,0.008426913491191242,0.06820552202048091,0.810212418865878
3876,1,1,0.7337378571329137,0.7337378571329137,0.06819692479063201,0.02601781761447775,0.014539283510784802,0.1003076596370196,0.05720045731417215
3878,1,1,0.6480743936626381,0.6480743936626381,0.07331371693227422,0.03065405055443148,0.01697657762497575,0.09475031871018923,0.13623094251549128
3880,4,4,0.9726738702484817,0.0034851494455486495,0.00495202069235952,0.0030581945998196863,0.9726738702484817,0.008580919700953043,0.007249845312837301
3881,1,1,0.8228664417417948,0.8228664417417948,0.048500986581971495,0.021338946491229745,0.014653206026081245,0.060086411865160526,0.03255400729376204
3882,4,4,0.9836238967223999,0.003574525612525039,0.003312024048871143,0.0016039723101153405,0.9836238967223999,0.005020315735016063,0.002865265571072423
3883,1,1,0.8927053580073964,0.8927053580073964,0.029866628558545695,0.011489638821823755,0.006911714210990229,0.02805826019656785,0.03096840020467606
3884,4,4,0.9098891902877226,0.014072622773548876,0.013319117387045122,0.009668007533031578,0.9098891902877226,0.029022740368162155,0.02402832165048968
3886,1,1,0.6523684361328284,0.6523684361328284,0.09795603966907888,0.023127587994237316,0.016093337946393043,0.1405133537749437,0.06994124448251868
3887,2,2,0.5073122350966288,0.046939433820395296,0.5073122350966288,0.0404380449176774,0.020411985398592947,0.2563050390528996,0.12859326171380592
3888,6,6,0.9098256108605886,0.015372745680202264,0.027708028996461877,0.011410517027509337,0.006598783831344604,0.029084313603893373,0.9098256108605886
3889,5,5,0.5941485650857218,0.07532710156045809,0.151235513151742,0.03283472593126641,0.018416315755254462,0.5941485650857218,0.12803777851555725
3890,2,2,0.9281668236452126,0.023587535257888807,0.9281668236452126,0.007442213538689812,0.0037412911406790655,0.019961236182671285,0.017100900234858295
3891,5,5,0.535450924721217,0.07213031797353886,0.1401525145658218,0.03533564086054123,0.015411953029450032,0.535450924721217,0.20151864884943102
3892,3,3,0.9338549085640927,0.009885984035256248,0.021328264402362126,0.9338549085640927,0.007083071195571939,0.013571143717582928,0.014276628085134123
3895,1,1,0.7993628650770777,0.7993628650770777,0.06814033205348664,0.016586262192937122,0.01450487896697139,0.04919400250114096,0.052211659208386246
3896,3,3,0.9179283668432946,0.010318942479347832,0.011894276421514076,0.9179283668432946,0.0035884028221659153,0.03265780672317401,0.023612204710503612
3897,3,3,0.9499873325900944,0.005751829329425747,0.011523531100464593,0.9499873325900944,0.004463149021733344,0.02067147131770468,0.007602686640577298
3899,1,1,0.8508434159564939,0.8508434159564939,0.040072117040155675,0.013338621232847965,0.008100166798292728,0.04673114823249731,0.04091453073971233
3900,4,4,0.6749351178814184,0.05492230864865612,0.08391081099914814,0.025127402449251594,0.6749351178814184,0.1041813564737806,0.05692300354774528
3901,6,6,0.7063599498401528,0.04557368140114654,0.09788031453018997,0.033895806118719146,0.015524623770149773,0.10076562433964174,0.7063599498401528
3902,4,4,0.914024900120499,0.015104169693618212,0.013952250387158532,0.006249526145342184,0.914024900120499,0.017618183654489958,0.0330509699988922
3904,3,3,0.9083190078685326,0.006677466355135868,0.01840587285308077,0.9083190078685326,0.0042068809675065875,0.051522777533367606,0.010867994422376615
3906,3,3,0.9299889075734231,0.014500241218746586,0.018475029139451926,0.9299889075734231,0.006510472154511113,0.012848890036806785,0.017676459877060593
3907,6,6,0.4341423973852551,0.055444641242950586,0.3787117817677811,0.0414217609338642,0.019593458057136855,0.07068596061301213,0.4341423973852551
3908,1,1,0.8659421865741171,0.8659421865741171,0.038287760008741074,0.014084423117565258,0.005600209413178837,0.03191297786555361,0.044172443020844075
3909,6,6,0.6392276111318167,0.15989458022218536,0.06916928702667446,0.019087965421460382,0.014362663651255018,0.09825789254660806,0.6392276111318167
3910,4,4,0.957481880877021,0.009886445537513031,0.010513370494025221,0.004680973723683474,0.957481880877021,0.011481633308153773,0.005955696059603533
3911,3,3,0.9392544774804815,0.008420009237487036,0.008638093420130643,0.9392544774804815,0.0033140296077570483,0.032420947415407894,0.007952442838735932
3912,1,1,0.6745451684258601,0.6745451684258601,0.058335677367711364,0.02611807607103087,0.01937401403356943,0.07529537035389683,0.1463316937479313
3913,2,2,0.49370345484737355,0.12025510167598913,0.49370345484737355,0.04853753756692668,0.036552053191074727,0.21509793021633444,0.0858539225023015
3914,4,4,0.9839937543290893,0.003867181554560604,0.003312231450179622,0.001552295575666331,0.9839937543290893,0.0039407265874955655,0.003333810503008635
3916,2,2,0.8255031786778624,0.03955119613292048,0.8255031786778624,0.020595612231122665,0.01171667426779914,0.052663591195124544,0.049969747495170906
3917,4,4,0.7617962496602434,0.05324367776512078,0.04974582569049801,0.017834907308255602,0.7617962496602434,0.07522366303159289,0.0421556765442893
3919,6,6,0.826319983689769,0.0581748224923833,0.04257753289062994,0.015260006293744252,0.006712865048527513,0.05095478958494595,0.826319983689769
3920,3,3,0.9363552266137587,0.009940306914081994,0.01147181951406483,0.9363552266137587,0.004026892821270757,0.018842944652742184,0.019362809484081582
3921,5,5,0.7465780962340447,0.03436291603184608,0.07023335433701715,0.02361982888317527,0.014064172317208792,0.7465780962340447,0.11114163219670807
3923,5,5,0.49333333738874036,0.09406361411348826,0.24466547743109612,0.031394178718724214,0.01789305086803735,0.49333333738874036,0.11865034147991366
3925,4,4,0.9784350408887782,0.0029381410369189176,0.00552763063499561,0.002945356139511414,0.9784350408887782,0.005963531779916134,0.004190299519879661
3926,5,5,0.6253616905837879,0.06203953339544923,0.17644223825492863,0.0275798651862792,0.025337479199365326,0.6253616905837879,0.0832391933801898
3927,1,1,0.5718756166359458,0.5718756166359458,0.0837110206123468,0.0500495091224406,0.025497787266642168,0.07747935562400754,0.19138671073861713
3928,6,6,0.7938569819307812,0.016840180499368806,0.057247770970447545,0.013029520933267216,0.008853090778076477,0.11017245488805864,0.7938569819307812
3929,2,2,0.8147626547852579,0.026322331606109407,0.8147626547852579,0.01683239412861067,0.011734694298097129,0.06977360740079554,0.060574317781129317
3930,6,6,0.829321240168922,0.06009826532090304,0.03270993891053053,0.01130602744436061,0.004798779414311611,0.06176574874097225,0.829321240168922
3932,3,3,0.9260276863488532,0.005815433449809131,0.015406034301542524,0.9260276863488532,0.003609556356900237,0.03997232836218644,0.00916896118070851
3933,3,3,0.9137180786085871,0.006823111344435404,0.01161594764424609,0.9137180786085871,0.004390586955300768,0.05438140016446276,0.009070875282967794
3934,4,4,0.9081902094130345,0.018532821151129225,0.02110484679596619,0.006853937867313021,0.9081902094130345,0.033316841604309304,0.012001343168247842
3937,3,3,0.9298567601026833,0.010695191686425562,0.012317320332584418,0.9298567601026833,0.004320421647372919,0.03788834822424289,0.004921958006690942
3940,1,1,0.8053085896401606,0.8053085896401606,0.046857856699671616,0.016409032298918453,0.012165564692990367,0.05390617338883626,0.06535278327942275
3942,4,4,0.9226309788934899,0.014924637975096418,0.015579586143825881,0.008127675063579578,0.9226309788934899,0.020835953723894334,0.01790116820011392
3945,2,2,0.48416806177420557,0.13403371236139033,0.48416806177420557,0.03711919261627618,0.01849402050890137,0.0895260275025612,0.23665898523666545
3946,2,2,0.5855950546135751,0.13490373343149692,0.5855950546135751,0.051356877400695625,0.01730481962045739,0.1277802579748907,0.08305925695888433
3947,1,1,0.8603102306347802,0.8603102306347802,0.038478350339634836,0.011880099505461247,0.01006643729159546,0.05173203952755443,0.027532842700973795
3948,4,4,0.9046615763844098,0.01289417517798445,0.02140672315303296,0.007651173812479248,0.9046615763844098,0.02887903859110131,0.024507312880992328
3950,5,5,0.7290841331626808,0.047086040749378145,0.109000891797713,0.017413292759459464,0.018598930996179597,0.7290841331626808,0.07881671053458905
3952,3,3,0.9251532055240272,0.01936884101541524,0.01777988289155394,0.9251532055240272,0.0076625191625778535,0.01799963146079474,0.012035919945630935
3955,3,3,0.9402138965601738,0.00993183729589786,0.016759735869190603,0.9402138965601738,0.005286128223754259,0.013651492595274841,0.014156909455708617
3956,5,5,0.8308569914761536,0.03924459891671315,0.0689955873345299,0.011405260493206525,0.016780668260257328,0.8308569914761536,0.03271689351913948
3958,5,5,0.5613514772753851,0.09866478993915706,0.17849698503056255,0.03849306336189975,0.031937610200673955,0.5613514772753851,0.0910560741923216
3959,4,4,0.936926718778463,0.016336469902077756,0.0134420914035136,0.0044832829796368715,0.936926718778463,0.014180685480048782,0.014630751456260025
3960,5,5,0.7502857962421058,0.0575378992370459,0.03249003206991833,0.024954668030089715,0.028389167283771003,0.7502857962421058,0.10634243713706935
3961,4,4,0.9583153565959026,0.007903295876055857,0.010113937536508407,0.003210034038475523,0.9583153565959026,0.01051455812687535,0.009942817826182275
3962,2,2,0.49901705364885984,0.03196896038387074,0.49901705364885984,0.020483535425270667,0.025992413205592667,0.2398222910251395,0.18271574631126655
3963,3,6,0.2893851792365958,0.11088131200728234,0.1801688856000701,0.21068683063659963,0.02930505839009953,0.17957273412935265,0.2893851792365958
3964,1,1,0.573594716719524,0.573594716719524,0.14261681684480443,0.027113907340555056,0.020321420522364377,0.16747151877549257,0.06888161979725953
3965,4,4,0.9146495903715498,0.019497638954234973,0.015113701106067705,0.00655854841178128,0.9146495903715498,0.023144035868852494,0.021036485287513815
3966,3,3,0.937767545983317,0.007474883363782816,0.012157664405221667,0.937767545983317,0.0040903735427921155,0.03095984591411536,0.007549686790771015
3967,1,1,0.7662280518897407,0.7662280518897407,0.08139429285027289,0.019044767315025815,0.014290913911335239,0.07571189875002347,0.0433300752836019
3971,4,4,0.9781866848585543,0.004491934066640913,0.0046343268957390145,0.0019368972196080246,0.9781866848585543,0.0057466465913672765,0.005003510368090403
3972,6,6,0.6651482151434681,0.10108136188058668,0.09089597100486764,0.029311474151218802,0.009925307225088059,0.10363767059477068,0.6651482151434681
3973,3,3,0.9471065264808635,0.007180886567074538,0.01600368248128302,0.9471065264808635,0.00561316840105974,0.012938021658479973,0.01115771441123929
3974,1,1,0.7524040558773627,0.7524040558773627,0.048325866216345215,0.020595587018568694,0.011291497648029837,0.05293484273332435,0.11444815050636925
3975,5,5,0.6182331220076214,0.10375147767940099,0.09313163760851445,0.0267938580899817,0.016730382075576606,0.6182331220076214,0.141359522538905
3976,1,1,0.5203945764605568,0.5203945764605568,0.17556929978304217,0.0337271316586202,0.022408891553332172,0.14989853033881959,0.09800157020562925
3978,3,3,0.9169213978702759,0.012778804575502923,0.025170510411321994,0.9169213978702759,0.007181188257622876,0.016772459822514366,0.0211756390627618
3979,4,4,0.978977733487193,0.0034097788375200646,0.005389289990013079,0.0026632895352044737,0.978977733487193,0.005568173682218803,0.0039917344678506205
3980,5,5,0.6105779825410617,0.059520558648365224,0.11377230070810085,0.025363822840230168,0.028726834197815042,0.6105779825410617,0.16203850106442713
3981,5,5,0.525735962157424,0.11226279776456077,0.10831297230072597,0.024735996351935078,0.03375726068666138,0.525735962157424,0.19519501073869286
3983,5,5,0.7532193924981634,0.030417968795937306,0.11702143177724515,0.023107336070264887,0.01238478248436692,0.7532193924981634,0.06384908837402242
3984,5,5,0.7485438669219909,0.04528882015235796,0.0856984989340501,0.030183559688367213,0.019708714815132953,0.7485438669219909,0.07057653948810085
3985,4,4,0.796993088420494,0.029003602384488274,0.047520860924450264,0.026041712598027483,0.796993088420494,0.07282978587002381,0.0276109498025162
3986,5,5,0.6564429227436434,0.03670810455659508,0.10219674101752835,0.024677732019029407,0.011367997891756174,0.6564429227436434,0.16860650177144768
3987,5,5,0.9407455437227201,0.007506904691806932,0.026938302806648672,0.007895068445013465,0.003930699090616606,0.9407455437227201,0.012983481243194255
3988,3,3,0.9315895049558184,0.0165127501143633,0.017444430537087496,0.9315895049558184,0.008315951803626211,0.013855339585288827,0.012282023003815786
3990,4,4,0.893154965578555,0.019423457835594404,0.022818304668650195,0.013065344331189575,0.893154965578555,0.027666569240626947,0.023871358345383904
3991,1,1,0.6999504866747274,0.6999504866747274,0.07692258642950557,0.023864761541148433,0.05502552569598274,0.08221737424902037,0.062019265409615554
3993,6,6,0.7568893952550388,0.03386491416750468,0.0960709488318302,0.019109454121159886,0.012952807918406046,0.08111247970606038,0.7568893952550388
3995,2,2,0.3903255746004186,0.0698242400871764,0.3903255746004186,0.04686491229136247,0.031007426195443492,0.30711856399585474,0.1548592828297443
3996,3,3,0.9323481680322602,0.011470893418343134,0.019303898460865856,0.9323481680322602,0.006235828834117558,0.014046065011547652,0.016595146242865733
3998,3,3,0.9339855561381549,0.011915687313635645,0.01834710971055639,0.9339855561381549,0.004948308347250552,0.014138509306833259,0.01666482918356922
3999,6,6,0.5317057218117299,0.1092499421262121,0.09336296064998294,0.026616600368812478,0.05495522715689892,0.18410954788636372,0.5317057218117299
4001,3,3,0.9320517503114233,0.01749220388482395,0.01834135612963868,0.9320517503114233,0.006667666509008383,0.012954535936748567,0.012492487228357205
4002,5,5,0.7512241335132132,0.026155759311726416,0.06674090433918603,0.026997775435150907,0.008730803330047276,0.7512241335132132,0.12015062407067625
4003,3,3,0.8825628917299068,0.0042848594270893554,0.010599171058488767,0.8825628917299068,0.004132331850233984,0.09438674051695382,0.0040340054173273725
4004,1,1,0.7690503425489482,0.7690503425489482,0.040565166457002956,0.013855078506967293,0.021924023807548338,0.08005829062460951,0.07454709805492367
4006,4,4,0.932401334911744,0.01297992551858857,0.015335734295138686,0.007275581654728762,0.932401334911744,0.01623229048317572,0.015775133136624184
4007,2,2,0.45714153079556014,0.06385396578206584,0.45714153079556014,0.025967638092169183,0.017576393597351175,0.29442534004704257,0.14103513168581108
4008,6,6,0.7561792193014882,0.028665722991147637,0.07094655080759052,0.01623500678246139,0.02640515875629169,0.10156834136102047,0.7561792193014882
4009,5,5,0.6937528170047744,0.024561556577722694,0.10889682763041965,0.07272378082473346,0.02928771294730557,0.6937528170047744,0.07077730501504419
4010,2,2,0.7441354072291947,0.045004773719183926,0.7441354072291947,0.024591148686772087,0.01256432421093321,0.0838977846946092,0.08980656145930693
4012,5,5,0.768569119892901,0.029010475688573505,0.08227740945792193,0.01797740977274663,0.01541253334802853,0.768569119892901,0.08675305183982841
4014,2,2,0.8073140767730093,0.02741584641820037,0.8073140767730093,0.015061510819908489,0.01190785657061878,0.07271400564642831,0.0655867037718349
4015,2,2,0.46627324495640105,0.060701979937463006,0.46627324495640105,0.027652044477030898,0.019687230656471977,0.317180289967963,0.10850521000467026
4017,6,6,0.8332891939698879,0.028733535368479536,0.05832671801860189,0.021607578782187834,0.00847218584015124,0.049570788020691745,0.8332891939698879
4018,2,2,0.8682172105015051,0.023960312952280065,0.8682172105015051,0.009234136420993874,0.007531364011184447,0.05818038040137621,0.03287659571266021
4019,1,1,0.8223378422287277,0.8223378422287277,0.051351881592570765,0.01548296713395022,0.008943878544075134,0.06493350812826632,0.03694992237240987
4020,3,3,0.9234294054261344,0.007762196279614656,0.01532822010717952,0.9234294054261344,0.006376789281818165,0.036992661652828725,0.010110727252424486
4021,1,1,0.8093068015942187,0.8093068015942187,0.040058158265327846,0.018827641927489345,0.0165805232002656,0.04637042003102896,0.06885645498166952
4023,1,1,0.9204439053814331,0.9204439053814331,0.026436340057586185,0.010710789305819913,0.0054391548538696086,0.02256912526056989,0.014400685140721403
4024,2,2,0.6548597841498152,0.07075932551437071,0.6548597841498152,0.034242338127288954,0.022432331775455873,0.11430276905872028,0.10340345137434903
4025,6,6,0.815742458753914,0.03413945456875026,0.049994547764181545,0.02145640926478905,0.011673286296721421,0.06699384335164371,0.815742458753914
4026,1,1,0.45529059899445506,0.45529059899445506,0.15760783502299133,0.08999523139170447,0.04782518267197249,0.125468127959701,0.1238130239591756
4029,3,3,0.9222730128494036,0.010463951554400124,0.022538612832450424,0.9222730128494036,0.0052827186506197,0.014769673110779905,0.02467203100234628
4030,5,5,0.7394628637126524,0.044063418768316785,0.03707714139250169,0.01971792945056781,0.026921859942131334,0.7394628637126524,0.1327567867338301
4031,1,1,0.8979330326572089,0.8979330326572089,0.03892629019081061,0.009864066882079112,0.006174098572463372,0.02954606574702015,0.017556445950418
4032,6,6,0.7987675575258478,0.027053584808489788,0.08763330489904074,0.01726425237242688,0.00907918794361412,0.060202112450580665,0.7987675575258478
4034,3,3,0.9354022315613982,0.010844741167034305,0.015999354989510706,0.9354022315613982,0.004842302205883283,0.017656601736803928,0.015254768339369453
4038,2,2,0.8881379056546966,0.013633925840060828,0.8881379056546966,0.013696380784170358,0.008292158841627595,0.03645035564970683,0.03978927322973782
4039,1,1,0.662549704102246,0.662549704102246,0.0920468064021247,0.027436757871557527,0.025167052419551587,0.1041345482666752,0.08866513093784506
4042,6,6,0.6379234800203282,0.04411870172846704,0.06444876653637532,0.03271798843455114,0.024218936788230106,0.19657212649204817,0.6379234800203282
4043,3,3,0.9501222474079727,0.0064751427123723995,0.014360179270313196,0.9501222474079727,0.006021904283649034,0.013635629659078882,0.009384896666613943
4044,5,5,0.5907816200678787,0.05942521770824308,0.18845278966811677,0.05035799123612729,0.0215771197744724,0.5907816200678787,0.08940526154516179
4045,4,4,0.9776248413325337,0.005784465165706906,0.004711295404430867,0.0024628377801681547,0.9776248413325337,0.005464679541934101,0.003951880775226333
4046,4,4,0.9724662586361708,0.005373474914770037,0.00518347783592401,0.0023680088138716103,0.9724662586361708,0.008594931721850258,0.006013848077413316
4047,5,5,0.5743417305570292,0.0557824189370193,0.1950206421420457,0.029999049730013567,0.030877548541070866,0.5743417305570292,0.11397861009282131
4048,5,5,0.8023164493530675,0.03770509258535392,0.08133359046209578,0.014564529393964997,0.011562269790548984,0.8023164493530675,0.0525180684149689
4049,1,1,0.8842404479725069,0.8842404479725069,0.036072790550503234,0.012218441754754825,0.006994513543922063,0.03266737719897623,0.027806428979336634
4050,4,4,0.49282945034110054,0.11300322350263282,0.11353306338131526,0.028807052298137906,0.49282945034110054,0.16957435713032545,0.08225285334648802
4051,3,3,0.9334457429727131,0.016764812734865207,0.01740080970742533,0.9334457429727131,0.006660822913128735,0.012938374318647475,0.012789437353220148
4054,4,4,0.9505884213108492,0.007238243568035139,0.012046412147244103,0.00345161874094527,0.9505884213108492,0.012978031306828104,0.013697272926098243
4056,3,3,0.9398491653373129,0.010065442267800132,0.017075142538990853,0.9398491653373129,0.005323987298274516,0.013723716341474018,0.013962546216147509
4057,3,3,0.913629642962142,0.011126362520445835,0.015394950531061172,0.913629642962142,0.005335370436499808,0.04006422814008824,0.014449445409762986
4058,3,3,0.9458048082605542,0.006991713536125301,0.011007662366149583,0.9458048082605542,0.004146155662936177,0.023280169624295258,0.008769490549939477
4059,6,6,0.8054113942950387,0.06137138922666372,0.04934752890072981,0.01565491292438817,0.006784988980796339,0.06142978567238317,0.8054113942950387
4061,4,4,0.9372385796468437,0.007328304797286239,0.016157536093716222,0.006613572132041227,0.9372385796468437,0.015932003400916307,0.0167300039291964
4062,2,2,0.5786041323765465,0.10872203602728496,0.5786041323765465,0.04586896062249404,0.015578137228532735,0.13035987589163098,0.1208668578535109
4063,1,1,0.9539388981319893,0.9539388981319893,0.013440628311706962,0.005538859939884957,0.0029496786603145347,0.011996566891494862,0.012135368064609353
4065,1,1,0.8853871648431088,0.8853871648431088,0.031942069613567596,0.011563393738861897,0.004623421328184727,0.02581772354668509,0.040666226929591966
4068,6,6,0.5693852931525185,0.0666215684670122,0.1477497978062522,0.05560759406850374,0.02318528692789491,0.13745045957781843,0.5693852931525185
4069,1,1,0.8897576690090925,0.8897576690090925,0.02317763749141019,0.011127649672380795,0.009123741088382872,0.027380835892283677,0.03943246684644998
4070,1,1,0.7983039380813827,0.7983039380813827,0.04082097086856642,0.01889737727381978,0.010288153308871768,0.047545815946682245,0.08414374452067704
4071,4,4,0.9397692781421129,0.014111605266928022,0.010595433092680615,0.006208925691226447,0.9397692781421129,0.013893161650487202,0.0154215961565649
4072,1,1,0.7882181323693254,0.7882181323693254,0.05861916874958626,0.024913983965992054,0.012670742915967847,0.05228002505535809,0.06329794694377032
4073,2,2,0.5807485233382721,0.058154304372820806,0.5807485233382721,0.025543158987653053,0.01867571300884414,0.19197423796941962,0.12490406232299034
4074,4,4,0.9123812431298496,0.019351108292084016,0.015419224837637871,0.0059975281134956775,0.9123812431298496,0.02093237808178908,0.0259185175451439
4075,4,4,0.924073976236601,0.011727753990095366,0.01415206939759482,0.00839134231519971,0.924073976236601,0.02852534484037487,0.013129513220134184
4079,4,4,0.9752929256962338,0.00403295655427489,0.005528187179030171,0.0033420785831235213,0.9752929256962338,0.007509932342324045,0.00429391964501354
4081,2,2,0.9602312566851477,0.007654136697053653,0.9602312566851477,0.003159220226527381,0.0021541081587627634,0.006935963073986175,0.019865315158522422
4083,3,3,0.9306304902673243,0.008242994817555664,0.012929346032716222,0.9306304902673243,0.004884218729569006,0.0328527351467422,0.010460215006092727
4084,1,1,0.9405165361386468,0.9405165361386468,0.01371095790215425,0.006945631191073723,0.011159287221697985,0.0141742266601322,0.013493360886294948
4085,6,6,0.9629149917998626,0.011201470371190007,0.01116264880551756,0.0033430994350345153,0.0023677529190092557,0.009010036669386106,0.9629149917998626
4086,6,6,0.874579241656238,0.013714512462667196,0.03643107715593657,0.016362475341181418,0.011275288530619262,0.04763740485335765,0.874579241656238
4088,1,1,0.87426617999597,0.87426617999597,0.03157591541222998,0.01443239542463562,0.006864292126826221,0.031253937924498015,0.04160727911584012
4089,5,5,0.5520516080508087,0.05129547922875047,0.19931437823118103,0.028955994326890555,0.016277320080189638,0.5520516080508087,0.1521052200821797
4090,2,2,0.6104639296443104,0.07836044057378605,0.6104639296443104,0.04540224881747248,0.025095682033296058,0.15101377554068024,0.08966392339045488
4093,4,4,0.9622309347438485,0.005898598154110822,0.008839732731853497,0.003312479312465537,0.9622309347438485,0.012212993924294745,0.007505261133426963
4095,5,5,0.770441900724662,0.050349648687318,0.07513684866420889,0.03230657939656646,0.008032645097811332,0.770441900724662,0.06373237742943336
4097,1,1,0.6926224719438674,0.6926224719438674,0.07491235633273312,0.019806838283694228,0.018572979453883098,0.09237434214179382,0.10171101184402837
4099,4,4,0.9122005087882193,0.016671875422931075,0.015756872146465924,0.006314562427596531,0.9122005087882193,0.020009320934326752,0.02904686028046042
4102,2,2,0.6464140316862724,0.055123164277141194,0.6464140316862724,0.03596011538025066,0.01859963489390077,0.13591434257339988,0.10798871118903493
4104,2,2,0.7665147414088186,0.04892443248530486,0.7665147414088186,0.01934714943727275,0.012331833640900802,0.0801592263422894,0.07272261668541351
4107,6,6,0.8294628110534672,0.02780703274986458,0.04139781716964487,0.023230922625678115,0.010596934223791703,0.06750448217755355,0.8294628110534672
4109,3,3,0.9094368301657433,0.006133287400437444,0.016053880615626577,0.9094368301657433,0.005238385861946771,0.057083118344798164,0.006054497611447739
4111,3,3,0.9122549636314452,0.017229690968881866,0.01636859932314311,0.9122549636314452,0.007471617604514018,0.03536920524445089,0.011305923227564942
4112,4,4,0.9290331170199458,0.024038413320533025,0.011250322314401389,0.006145349421515172,0.9290331170199458,0.016307713451493604,0.013225084472110866
4113,3,3,0.9341771660973672,0.016688641261876584,0.017382775632883464,0.9341771660973672,0.006602678479162481,0.01275672194293634,0.012392016585774013
4114,5,5,0.6539857286446479,0.10782338332039398,0.13873686716403588,0.022505791124306562,0.019473861833958727,0.6539857286446479,0.05747436791265702
4115,2,2,0.7496142920956601,0.030338467050524377,0.7496142920956601,0.011946566528208634,0.007724247672389868,0.09917406374830096,0.10120236290491613
4118,6,6,0.76827214211759,0.0263255839534362,0.09421266501187832,0.017102496346810513,0.015827901044557443,0.07825921152572753,0.76827214211759
4119,1,1,0.8776104293901951,0.8776104293901951,0.03253017584404726,0.009833255186043199,0.015299096462703235,0.038093357167150704,0.026633685949860646
4120,2,2,0.898925152530825,0.013363237306867858,0.898925152530825,0.009728635785795811,0.006313612878161959,0.027518780824578225,0.04415058067377112
4121,2,2,0.2982188563947563,0.10734679629692306,0.2982188563947563,0.043861534058739444,0.03161352790914553,0.25113049967340295,0.2678287856670327
4122,4,4,0.982952877539863,0.002480161902000957,0.004582592524511985,0.0016074255002419004,0.982952877539863,0.004566404047448668,0.0038105384859333977
4125,5,5,0.6765093589846253,0.03652780749329921,0.15454497744456344,0.022468548765095596,0.024116091949767108,0.6765093589846253,0.08583321536264939
4126,1,1,0.7103558738554971,0.7103558738554971,0.07237220887490244,0.029550066457490465,0.010561127752384035,0.05946216737299069,0.1176985556867352
4127,3,3,0.9475416274723955,0.00896360871019153,0.009373911256172318,0.9475416274723955,0.0033271673215984816,0.020396119778689208,0.010397565460952983
4128,3,3,0.9228517461667264,0.01693200392723943,0.012443390866672429,0.9228517461667264,0.005781928147460939,0.03357769191577683,0.008413238976124046
4129,6,6,0.674155914390405,0.039745007046824266,0.158426593296192,0.03779515169746388,0.0154856565438596,0.0743916770252553,0.674155914390405
4130,1,1,0.7346445039964318,0.7346445039964318,0.07599416890438376,0.02740531689446339,0.010788601135594081,0.07299275109578954,0.07817465797333757
4131,1,1,0.8062589330035981,0.8062589330035981,0.05595700778537585,0.015870212110741633,0.00758770960667555,0.049752981901894526,0.0645731555917145
4133,2,2,0.5805424516959001,0.0701719606198909,0.5805424516959001,0.03787667796533564,0.03914660680515825,0.17433705921582693,0.09792524369788821
4134,6,6,0.7020897689729523,0.02616368464735313,0.08884820624163296,0.014451212734846824,0.01246194896474399,0.15598517843847085,0.7020897689729523
4135,6,6,0.7712030056171721,0.04987087140636106,0.05522592909166862,0.02698759129570325,0.01727198614575371,0.07944061644334119,0.7712030056171721
4137,4,4,0.9431228441127318,0.008772472295401306,0.01329884376909699,0.004124768941865816,0.9431228441127318,0.014611412293766567,0.016069658587137516
4139,1,1,0.9057764734313912,0.9057764734313912,0.0206998345118219,0.011340341877177572,0.009895383380372965,0.02937228170284612,0.022915685096390137
4140,4,4,0.9825798765645422,0.00472741727691575,0.0029047074670834868,0.0015620451760906138,0.9825798765645422,0.004782868021074656,0.0034430854942934025
4141,3,3,0.942655334482438,0.01284720474314298,0.010739742050331517,0.942655334482438,0.005198178855312248,0.011769286519264798,0.016790253349510478
4142,4,4,0.893617045775285,0.017870185140356813,0.027803635917124415,0.012511774584206055,0.893617045775285,0.030666196728311026,0.01753116185471675
4144,2,2,0.6991329905624879,0.044531488983721834,0.6991329905624879,0.033105962529717245,0.02090944908130272,0.109783778468172,0.09253633037459827
4145,1,1,0.8293989810658784,0.8293989810658784,0.030957985508381632,0.012863087012269294,0.06832518549682916,0.03323629884194724,0.025218462074694404
4146,4,4,0.9069023148117628,0.017962106579263313,0.02445994342535584,0.008634421749100354,0.9069023148117628,0.02619259990292327,0.01584861353159451
4147,4,4,0.8888892718435331,0.038722788183184365,0.020993135339590394,0.007892450231882845,0.8888892718435331,0.024840452860059918,0.01866190154174952
4148,5,5,0.6279874691102268,0.02658864822778102,0.12774983096621448,0.01992966170740146,0.02102562022550435,0.6279874691102268,0.1767187697628719
4149,1,1,0.8476123016791087,0.8476123016791087,0.033671908385886365,0.014466305827970875,0.009543551802651568,0.04494615665083229,0.049759775653550435
4150,2,2,0.8286454860741919,0.019482471314638844,0.8286454860741919,0.012428723867365914,0.011076524231505243,0.07576589083253657,0.05260090367976145
4151,2,2,0.6369454951199651,0.04593361255774104,0.6369454951199651,0.02577043130793367,0.017432293794784143,0.12609850938854586,0.1478196578310301
4152,6,6,0.6181994229204052,0.05031795176946503,0.13039850947489193,0.024235640482473775,0.01752569686226135,0.15932277849050278,0.6181994229204052
4153,5,5,0.6189232051272262,0.05852049478096616,0.11255909452147594,0.03389600817204562,0.034932213386385094,0.6189232051272262,0.1411689840119011
4154,5,5,0.6301842166805066,0.050767446649523616,0.12195583640228626,0.022679391721429673,0.021838251483204788,0.6301842166805066,0.15257485706304907
4155,4,4,0.8891484322216121,0.017734128643430384,0.029685661737725424,0.012315431592082692,0.8891484322216121,0.03338893201805323,0.01772741378709606
4157,6,6,0.7873496075763255,0.06660957933034033,0.05234582825619096,0.026708625529944317,0.013700993041391404,0.05328536626580746,0.7873496075763255
4158,4,4,0.9641152712929764,0.007883771889904337,0.007986965130290869,0.004187045020928889,0.9641152712929764,0.0077778964419781054,0.008049050223921408
4160,2,2,0.6229780516009763,0.06686951137907597,0.6229780516009763,0.04336076830012205,0.01973132532531996,0.1374196094651449,0.10964073392936087
4161,2,2,0.815416821996211,0.023241771530722665,0.815416821996211,0.011828345850888829,0.007253185555418296,0.0523408196146905,0.08991905545206859
4163,2,2,0.5705776388452436,0.09958105722289715,0.5705776388452436,0.0372896092648681,0.019430499380420328,0.14158482387434693,0.131536371412224
4165,6,6,0.8133540685689393,0.04368363038909449,0.06328371999703289,0.015635248308872737,0.013213115436767302,0.0508302172992933,0.8133540685689393
4167,2,2,0.8830220155733607,0.02349471550095123,0.8830220155733607,0.012940755028679373,0.0077567074594932,0.04402563993198737,0.028760166505528
4168,4,4,0.8106162836690098,0.04842013951219273,0.04401708498566104,0.014116649649037742,0.8106162836690098,0.042610220735279696,0.04021962144881907
4169,6,6,0.3259105294093436,0.12170902388138617,0.1328664914884281,0.05236311571200247,0.05486809937845616,0.3122827401303836,0.3259105294093436
4171,5,5,0.7632880848622428,0.06783039608111875,0.061940433194737424,0.022040892781555407,0.010956744476997205,0.7632880848622428,0.07394344860334849
4172,5,5,0.83270454959293,0.02674967580827818,0.06701378328574976,0.028905541378136775,0.019280483228719645,0.83270454959293,0.02534596670618542
4174,4,4,0.9644136174443405,0.006957747132164375,0.006123720820205666,0.003800169260649792,0.9644136174443405,0.012330884435320464,0.0063738609073191385
4176,4,4,0.8319410633502864,0.04655165516874499,0.037274278302432455,0.012625610066822621,0.8319410633502864,0.03936370909971866,0.032243684011994816
4177,6,6,0.7261555550428512,0.05039079932701063,0.08609697037921427,0.02456961287973231,0.011284513403719157,0.10150254896747249,0.7261555550428512
4178,4,4,0.9804431423019682,0.002365079383529879,0.00457380341546343,0.0014514885132850333,0.9804431423019682,0.006357875095866806,0.004808611289886631
4180,3,6,0.3588967640547687,0.10149853010062208,0.09883684246601246,0.30486792638094623,0.01681323886371337,0.11908669813393719,0.3588967640547687
4181,6,6,0.9300664111968158,0.012668809299997894,0.019557363355403118,0.010066513210564669,0.004605636441303095,0.023035266495915398,0.9300664111968158
4182,1,1,0.9241287054929314,0.9241287054929314,0.01829842585457909,0.006657119787126084,0.005936012299378807,0.020471233808262965,0.024508502757721647
4183,3,3,0.9363179541487411,0.017065485928827038,0.01593292790175909,0.9363179541487411,0.00702540688623327,0.01307887466373872,0.010579350470700882
4184,2,2,0.6962019808134862,0.04851255073687929,0.6962019808134862,0.019578005981640893,0.011413589491010971,0.12780021998915864,0.09649365298782385
4188,4,4,0.8879262337339013,0.01609335064441179,0.024462002426462362,0.010705852100965993,0.8879262337339013,0.025266073019349407,0.03554648807490892
4189,3,3,0.9401577920776479,0.011181146589876862,0.014188351491195059,0.9401577920776479,0.00517954467353682,0.01662058366773427,0.012672581500009151
4190,2,2,0.6344278588418155,0.04834410858560806,0.6344278588418155,0.036565914949139605,0.02209822793933302,0.1148665362493484,0.14369735343475543
4191,3,3,0.9345273654612187,0.009714867886343867,0.02083489606706047,0.9345273654612187,0.0070139771527054605,0.013425236562976835,0.014483656869694751
4194,2,2,0.7358258872814107,0.016938981875669307,0.7358258872814107,0.022335133030742284,0.007924616191655194,0.08908384826555986,0.12789153335496256
4195,5,5,0.6580981414731908,0.06814686318908275,0.11723949746094092,0.03262493132007995,0.01971262841669033,0.6580981414731908,0.10417793814001518
4196,3,3,0.9331350122347137,0.01602418401523053,0.016046700891501817,0.9331350122347137,0.006588257658500265,0.016383377285399604,0.011822467914653991
4197,1,1,0.892019156653067,0.892019156653067,0.032093275589915926,0.011244328459309226,0.007933442027869162,0.03183218862686859,0.024877608642969985
4199,5,5,0.49076790592248615,0.10392383047129194,0.17576152562320277,0.031153174153011776,0.03045244950340423,0.49076790592248615,0.16794111432660322
4200,3,3,0.9243475642567068,0.013648610356036777,0.02100351457043568,0.9243475642567068,0.005798272609062612,0.01532738584860209,0.0198746523591559
4201,6,6,0.6445878126278326,0.06459841100239942,0.11249740632014277,0.02448693637070895,0.026164698897188622,0.12766473478172763,0.6445878126278326
4203,5,5,0.8525663451883781,0.032624925764986705,0.05088955653115467,0.01317795730245622,0.0075685658134572245,0.8525663451883781,0.043172649399567074
4205,2,2,0.8538084842353962,0.04339229176330648,0.8538084842353962,0.012694435699385383,0.011493065792426588,0.045955596513956636,0.03265612599552873
4206,5,5,0.6964860347015548,0.040626975399277954,0.05132856492627738,0.018850272116715028,0.016604495715390556,0.6964860347015548,0.17610365714078433
4207,5,5,0.6290912750127245,0.05069745833583847,0.12452712529109967,0.030892020552457506,0.015121332975538313,0.6290912750127245,0.1496707878323415
4208,1,1,0.8502716971198174,0.8502716971198174,0.04648790316268558,0.012957945838232407,0.012090271277925816,0.038852051714898535,0.039340130886440276
4209,4,4,0.9046229881843655,0.01911388615472356,0.02295392506465507,0.008420636961192409,0.9046229881843655,0.0245016512547279,0.020386912380335555
4210,1,1,0.7874870221090066,0.7874870221090066,0.055477857291912736,0.01857725747084722,0.016277070233432934,0.05946090282526103,0.06271989006953951
4213,1,1,0.9084735854630906,0.9084735854630906,0.02876615702900413,0.007732072866466948,0.005378054099670913,0.02055992561877486,0.029090204922992573
4214,3,3,0.9213296446499027,0.02132110459337003,0.02055804960943155,0.9213296446499027,0.008241535986203934,0.013524521222869007,0.015025143938222909
4215,2,2,0.6892442435808385,0.05271722376398026,0.6892442435808385,0.03092231607655212,0.014179514390863115,0.11992235668048981,0.09301434550727639
4216,6,6,0.6013047648870968,0.026759499762170885,0.10544847675934087,0.01702060573116749,0.013654487623199043,0.23581216523702483,0.6013047648870968
4217,4,4,0.9081291948830528,0.01646022714445685,0.023988083055890105,0.009522121762310327,0.9081291948830528,0.02337389223346719,0.01852648092082281
4218,4,4,0.9851460612717567,0.0023940338815595374,0.0035874740304966735,0.0017189244384430602,0.9851460612717567,0.003743408307092804,0.0034100980706511996
4221,6,6,0.4970140153499803,0.048297618013050714,0.20483019886076329,0.039636254887169854,0.01769549177002985,0.19252642111900597,0.4970140153499803
4222,4,4,0.977740347034548,0.00469192871511778,0.004317618182200054,0.0023859088393955556,0.977740347034548,0.0070326308163413676,0.0038315664123972203
4223,4,4,0.9376412685285017,0.011286781138130043,0.012178898261802906,0.006586946396384388,0.9376412685285017,0.01847938350438714,0.013826722170793879
4224,2,2,0.8564099023143261,0.0291688985810907,0.8564099023143261,0.018731469692298636,0.009375744622082193,0.0561645526915373,0.03014943209866489
4225,1,1,0.47374058490469156,0.47374058490469156,0.1316663543156478,0.036367808434653044,0.02615799041950004,0.15889223404191616,0.17317502788359146
4227,1,1,0.9674534769415628,0.9674534769415628,0.010579138437284428,0.0031101130885692768,0.002199961506905943,0.009544458307482188,0.007112851718195391
4228,5,5,0.6640184544345398,0.03562062078984652,0.1136746512600239,0.019421434697243754,0.015168361778969788,0.6640184544345398,0.1520964770393763
4231,5,5,0.55962310362195,0.0506305432919199,0.1500390890017585,0.03429196067676944,0.02116875977165726,0.55962310362195,0.1842465436359448
4232,3,3,0.9314602372648487,0.010245845645539936,0.02176828132589613,0.9314602372648487,0.00701644535504346,0.014474716404377606,0.015034474004294258
4235,1,1,0.8745267902339902,0.8745267902339902,0.025623166627943398,0.013165992123275677,0.014189454386398495,0.03228470639204023,0.04020989023635214
4237,2,2,0.9734194581948962,0.006030591178508568,0.9734194581948962,0.0038116043930253177,0.0019111010995064978,0.00603556550983521,0.008791679624228275
4238,1,1,0.7059519632254786,0.7059519632254786,0.07031131845776686,0.0326025764630142,0.014923020586400281,0.06952437717244811,0.106686744094892
4239,4,4,0.9318371451514276,0.020753928653242257,0.011274218338314032,0.005251400448567644,0.9318371451514276,0.015532022579654615,0.015351284828793868
4241,5,5,0.6192572919820799,0.1001188008546197,0.14017217382134728,0.022410111016361072,0.018759180974594166,0.6192572919820799,0.09928244135099781
4242,1,1,0.9042950921257413,0.9042950921257413,0.028052082767889806,0.008379446889092172,0.0045721556304718,0.029435901411970274,0.02526532117483464
4243,4,4,0.909029588070043,0.01302776931236823,0.01801937825946886,0.008956764855753847,0.909029588070043,0.03323747371248404,0.01772902578988217
4244,1,1,0.8417731098296876,0.8417731098296876,0.02648012254357169,0.013427929406569308,0.02390722092136878,0.05238574352334546,0.042025873775457204
4245,4,4,0.9470579522133652,0.01061926626812396,0.011925243269735727,0.00590813063860499,0.9470579522133652,0.012642453340578048,0.011846954269592128
4246,1,1,0.6648711806037978,0.6648711806037978,0.09054376783498497,0.024260727243988645,0.012182365507832226,0.08520648902840408,0.1229354697809922
4247,6,6,0.9296363289084834,0.012768861755750618,0.01931638739806276,0.009905720806652613,0.006049754293303761,0.022322946837746858,0.9296363289084834
4248,4,4,0.905016863418138,0.01672459132556126,0.019604385380435824,0.009355536720384302,0.905016863418138,0.0305376714353891,0.018760951720091488
4249,4,4,0.9691626901461262,0.005496410125379001,0.005285230927131618,0.004101616885525685,0.9691626901461262,0.008642804583531673,0.007311247332305929
4250,1,1,0.5987175699163777,0.5987175699163777,0.1370726301464409,0.04126630139892843,0.02319325096606301,0.11327944123997614,0.08647080633221382
4252,2,2,0.5538771260429511,0.08046930499244397,0.5538771260429511,0.03119376206512503,0.0222764882807444,0.17751037852445453,0.1346729400942811
4254,5,5,0.8170676930068914,0.02429640240155376,0.06699291033178055,0.024063995616563628,0.01130143141563013,0.8170676930068914,0.05627756722758057
4255,4,4,0.9815088173425195,0.004148308173053536,0.0039445172061883665,0.0024240766265509616,0.9815088173425195,0.004635592888588384,0.0033386877630992677
4257,3,3,0.9376642604718429,0.011675900868470984,0.01494335755784939,0.9376642604718429,0.005460440442536727,0.01638421592652297,0.013871824732777071
4258,2,2,0.8818220677449207,0.019577205473375634,0.8818220677449207,0.008332985814286653,0.006457456971899854,0.04640209399088206,0.037408190004635265
4260,4,4,0.9084476905990697,0.018673110440369678,0.02073917909582759,0.010912631353710523,0.9084476905990697,0.021257345741424846,0.019970042769597737
4261,2,2,0.5598958472572496,0.04017534090764817,0.5598958472572496,0.02956931001795891,0.014567058557524515,0.2844290791855757,0.0713633640740431
4264,1,1,0.8416396624504272,0.8416396624504272,0.050240631830931054,0.016132913103812697,0.009225328598012264,0.04283072840144589,0.039930735615370895
4265,1,1,0.885511513653387,0.885511513653387,0.027562023340922948,0.017045169669879134,0.007913254234514201,0.03658254442529283,0.025385494676003987
4266,2,2,0.6809347771083445,0.050919350492341565,0.6809347771083445,0.01777151750663331,0.009462526704168877,0.18146029474601968,0.059451533442492085
4267,2,2,0.8515901886460787,0.029119016331110713,0.8515901886460787,0.010352505697037146,0.007594462492409639,0.04673771889852766,0.0546061079348362
4268,5,5,0.6185175709683062,0.0658273550192988,0.17967593531666207,0.03009835463329171,0.01623692030545676,0.6185175709683062,0.08964386375698445
4269,6,6,0.6261292344008014,0.035646207186053554,0.15332365600691578,0.022540677153294966,0.019933799305901775,0.1424264259470325,0.6261292344008014
4270,1,1,0.531530384268028,0.531530384268028,0.14833492939733345,0.021652644608042095,0.02024154303054954,0.12990600692754053,0.14833449176850655
4272,5,5,0.5747935503105038,0.08043881720141872,0.17229225210588678,0.032509371060553904,0.017921571356182588,0.5747935503105038,0.1220444379654542
4273,6,6,0.6819364902367622,0.10482168775386567,0.09987448817455026,0.028661021070746917,0.01753877029263341,0.06716754247144156,0.6819364902367622
4276,5,5,0.7110072921744066,0.044641147287324226,0.11922608775858429,0.025897096915993758,0.01617099452361133,0.7110072921744066,0.08305738134007982
4277,5,5,0.9270935190261305,0.014115957054916846,0.02632012088250999,0.0060432238254625875,0.0035792988378794918,0.9270935190261305,0.022847880373100645
4278,2,2,0.8661022859839107,0.025683695109708082,0.8661022859839107,0.011019785723625369,0.017050389902593017,0.054685887606771545,0.02545795567339131
4279,4,4,0.9390059581025789,0.011233099393063722,0.015903972687924976,0.006369026079339796,0.9390059581025789,0.01388522561550348,0.013602718121589233
4280,2,2,0.36732184995766065,0.16801939967009719,0.36732184995766065,0.06783989474510632,0.13770895762676472,0.13743123029776652,0.12167866770260466
4281,1,1,0.812128435729095,0.812128435729095,0.04769056531895962,0.017044783216606706,0.009943568783559023,0.0592515534119193,0.053941093539860215
4282,1,1,0.9030909103386653,0.9030909103386653,0.023724285438016596,0.012334836586855271,0.005324331123259051,0.023689053571333413,0.0318365829418703
4283,2,2,0.6941544645266745,0.06169282163725706,0.6941544645266745,0.025139096259827597,0.014649302576497148,0.11102173898277821,0.09334257601696545
4285,4,4,0.7432500214955039,0.06658647185456872,0.04647761283093807,0.02126011397266798,0.7432500214955039,0.05532965983614992,0.06709612001017136
4286,6,6,0.5322901881304083,0.1199769680653677,0.0790670999967414,0.02022669317299962,0.015430586275944066,0.23300846435853892,0.5322901881304083
4287,4,4,0.9159657958332024,0.01522202270752449,0.026737206910731837,0.008000340905086454,0.9159657958332024,0.021359452038256347,0.01271518160519847
4288,2,2,0.7028877261692077,0.03740747046521491,0.7028877261692077,0.015305616050167038,0.02036846012587404,0.13694665172130732,0.08708407546822915
4289,4,4,0.9839583505699389,0.004412254121995526,0.0033356217754060063,0.0016775950695174836,0.9839583505699389,0.003899743197474572,0.0027164352656676278
4291,1,1,0.8597805915296699,0.8597805915296699,0.03880937730208778,0.013721518159281985,0.00952078173431074,0.03605769221469912,0.04211003905995047
4294,5,5,0.6575225871324661,0.040457452036377704,0.15555165959063916,0.03834067558370778,0.019250899831788276,0.6575225871324661,0.08887672582502092
4295,1,1,0.7071609183930715,0.7071609183930715,0.09949414121265375,0.02365277571362544,0.03271767144077538,0.07286874481650239,0.06410574842337151
4296,3,3,0.32855649036438117,0.08602557493954446,0.1477666467676869,0.32855649036438117,0.02554289652252492,0.17303651869162553,0.23907187271423702
4297,4,4,0.9629006201918411,0.013256742262161282,0.005764017990314317,0.003069790122211968,0.9629006201918411,0.007278670445144445,0.007730158988326914
4298,1,1,0.8885669729591019,0.8885669729591019,0.025063420920172504,0.008716553571040581,0.018787662765509097,0.029246799786599057,0.02961858999757675
4299,1,1,0.9321354415866305,0.9321354415866305,0.0199880718328466,0.007128483916453411,0.012972357779811499,0.01838483175773268,0.009390813126525363
4300,6,6,0.6016741404609147,0.07506446453225121,0.13336423915895068,0.04687379822698468,0.02032859915003394,0.12269475847086482,0.6016741404609147
4301,4,4,0.9767278587458185,0.005574512338308435,0.0050100120692889,0.002838476610856043,0.9767278587458185,0.006064145474176801,0.003784994761551409
4302,2,2,0.8805540474280494,0.014849080076433688,0.8805540474280494,0.00590460150722082,0.0048407730607274895,0.04277765753766166,0.05107384038990691
4303,5,5,0.8505717141479481,0.019619227402212554,0.05599911002395905,0.014404830152445054,0.008628029789722888,0.8505717141479481,0.05077708848371241
4304,5,5,0.6339475382182821,0.08640755124024518,0.16371811592907973,0.016080384229253643,0.01440078837559451,0.6339475382182821,0.08544562200754476
4305,1,1,0.9059724124904966,0.9059724124904966,0.024471174618737872,0.009968278113242489,0.006738312470626903,0.026557852077824556,0.026291970229071527
4306,4,4,0.8778284308719775,0.026752567492826135,0.024544857016327123,0.017602083384186323,0.8778284308719775,0.030382572448917,0.02288948878576597
4307,3,3,0.9232021722703683,0.007916078139564827,0.01199729592495159,0.9232021722703683,0.004855677273630308,0.04230559393931469,0.009723182452170338
4308,5,5,0.5085746545331354,0.05491042646264785,0.16276670200433965,0.05208488682769753,0.02416162603820067,0.5085746545331354,0.1975017041339788
4309,5,5,0.6595777887598295,0.06364223604876067,0.1413381030374122,0.03721989686141719,0.020696378216089266,0.6595777887598295,0.0775255970764911
4310,3,3,0.919427812922033,0.019868726142066303,0.01929086671588215,0.919427812922033,0.007974338307986776,0.019687668003791774,0.013750587908239966
4311,1,1,0.8687453190630625,0.8687453190630625,0.03775517094023684,0.012932506271076892,0.008181412079376515,0.037073202676294346,0.0353123889699529
4312,3,3,0.9341005156630913,0.004180771742302198,0.012750588318649671,0.9341005156630913,0.005240103707557595,0.03824551252962041,0.005482508038778937
4313,2,2,0.7086044111703997,0.051224209705306986,0.7086044111703997,0.025469903214226295,0.014571015482558208,0.09932932898876339,0.10080113143874543
4314,5,5,0.7336889683703837,0.04837310071536801,0.14330017428618758,0.023908612659649688,0.018904832390249066,0.7336889683703837,0.03182431157816204
4315,2,2,0.556475086095524,0.04126735850110264,0.556475086095524,0.030527346290428727,0.028057896280006635,0.27574837976325334,0.06792393306968474
4316,5,5,0.7778051529274516,0.024945050955801587,0.11251090765737223,0.026608948228275656,0.013400061583021788,0.7778051529274516,0.04472987864807716
4318,5,5,0.5642786118812331,0.07758096806043503,0.16866434291204832,0.07038963583252837,0.023386431470929673,0.5642786118812331,0.09570000984282556
4320,6,6,0.6966732177061739,0.02362088690329127,0.15104821930005316,0.014299598552804313,0.01181222423301711,0.10254585330466037,0.6966732177061739
4321,2,2,0.6605248236504274,0.06817596824298217,0.6605248236504274,0.03229128098729598,0.018966827284648602,0.14891147126855472,0.0711296285660912
4322,3,3,0.9323251479501808,0.007154627582970171,0.01385669883448418,0.9323251479501808,0.0054278985148771795,0.03192162080179074,0.009314006315696873
4326,4,4,0.9014348773789228,0.03068028184968186,0.01647151966924708,0.008026821003903242,0.9014348773789228,0.025725485695547893,0.017661014402697142
4328,3,3,0.9297764711119515,0.014411115964576105,0.01826462050636492,0.9297764711119515,0.006511085313330656,0.012904069292842716,0.01813263781093414
4329,5,5,0.510510043225738,0.09407112759624627,0.12315565901477717,0.030715692506882622,0.014544398602690405,0.510510043225738,0.2270030790536655
4330,5,5,0.7293020649756186,0.04685612124625242,0.12384048018048537,0.016482280360560785,0.012454404035719999,0.7293020649756186,0.0710646492013629
4331,2,2,0.4969095882916597,0.06763000756669284,0.4969095882916597,0.02850218541425968,0.22116369130682273,0.11585779447415277,0.06993673294641237
4332,4,4,0.9177049181641346,0.012407281079184923,0.018020890142196714,0.007040189266971284,0.9177049181641346,0.02178966934951755,0.023037051997995054
4335,1,1,0.7757306365353606,0.7757306365353606,0.049739853461632975,0.025868791047761953,0.017040594016618317,0.06416842668261434,0.06745169825601194
4336,1,1,0.8073502043681243,0.8073502043681243,0.051665678192867576,0.01579391229246946,0.01787427151508755,0.04385079624677295,0.06346513738467799
4337,3,3,0.9293510505560751,0.007395701927294012,0.017434460805076078,0.9293510505560751,0.003076713705563906,0.02963185974190243,0.013110213264088495
4338,3,3,0.9297764711119515,0.014411115964576105,0.01826462050636492,0.9297764711119515,0.006511085313330656,0.012904069292842716,0.01813263781093414
4339,1,1,0.7597686752901475,0.7597686752901475,0.05922824951402099,0.022875423120365102,0.023295994480194645,0.06044112943520584,0.07439052816006615
4341,1,1,0.813985781635581,0.813985781635581,0.04211175956192293,0.014773493716741769,0.009294491490144363,0.04920704908326906,0.07062742451234097
4342,6,6,0.6074666998590963,0.07165396599161723,0.12434572052450285,0.04171265811501993,0.018514492455733094,0.1363064630540306,0.6074666998590963
4343,2,2,0.8018885700289062,0.023471963217924115,0.8018885700289062,0.0364487833222855,0.018212358643329495,0.05448504760819813,0.06549327717935655
4345,2,2,0.417793835001438,0.11033190448277379,0.417793835001438,0.035900039654417355,0.023899148331438264,0.20580320325262091,0.20627186927731173
4346,6,6,0.6468600660407959,0.09082309224497148,0.0703684064985092,0.02912855125351275,0.07219878705465715,0.09062109690755343,0.6468600660407959
4347,1,1,0.7814499284123206,0.7814499284123206,0.04378448132110118,0.01528015320525954,0.02364274855864557,0.07877433787180271,0.05706835063087044
4348,4,4,0.8732473915474326,0.018684860152992647,0.028393614750942087,0.01045071002677396,0.8732473915474326,0.03325627686745968,0.03596714665439912
4350,4,4,0.9541911062921413,0.00825523087917448,0.010257672780468163,0.004399067514157893,0.9541911062921413,0.01360149364920343,0.00929542888485482
4351,5,5,0.7704449298421094,0.0421730435755986,0.10689949215043408,0.02528849915901872,0.010567186581803126,0.7704449298421094,0.044626848691036135
4353,2,2,0.8239695625479606,0.007946127606367615,0.8239695625479606,0.011485014728895316,0.007529564854533645,0.10391156042134768,0.045158169840895324
4354,1,1,0.8903358780291593,0.8903358780291593,0.031526045644281235,0.012650927956403109,0.008849350906124787,0.0290084206328032,0.027629376831228514
4356,3,3,0.9197607440064419,0.009106292217140497,0.012498163088599095,0.9197607440064419,0.00451032188765614,0.04269725998696225,0.011427218813200087
4357,3,3,0.9508959639534873,0.00633758652344791,0.01325241189742017,0.9508959639534873,0.00457448425083639,0.016609927220767925,0.0083296261540403
4359,4,4,0.9755950538696883,0.005263214728948196,0.006241730069338392,0.0027389962844214686,0.9755950538696883,0.006446722780288735,0.0037142822673149768
4361,1,1,0.9426881384771031,0.9426881384771031,0.021437460156472316,0.005252124153503032,0.0036496586915916464,0.016216244195171807,0.010756374326158195
4362,5,5,0.5747457593434253,0.08922466522327543,0.16224834440561753,0.03670470670339359,0.01992849716701332,0.5747457593434253,0.11714802715727488
4363,3,3,0.9063252591040979,0.026637841533838146,0.024398742105874956,0.9063252591040979,0.009997343080032077,0.015441242553451147,0.0171995716227058
4364,2,2,0.5020030854538097,0.12360931863083126,0.5020030854538097,0.029017207666142773,0.016917631381903886,0.1035005980574392,0.2249521588098733
4365,5,5,0.5122312418300886,0.10805023090664805,0.12884212217509994,0.032591462494835965,0.03593101859616282,0.5122312418300886,0.18235392399716452
4366,5,5,0.3964565060407568,0.060242666199236405,0.13899790112707922,0.03071679565116019,0.015923179051690904,0.3964565060407568,0.35766295193007647
4367,4,4,0.6930967905367149,0.032803467027903974,0.07839802671774997,0.019730361500700577,0.6930967905367149,0.09997523224077817,0.07599612197615249
4368,5,5,0.7748466618680984,0.09180289959844709,0.06338221802094941,0.0120919902164791,0.014823975492853535,0.7748466618680984,0.04305225480317246
4369,6,6,0.47317332428745856,0.06236308278841497,0.30676499521652084,0.03993814819003668,0.014204049094664337,0.10355640042290454,0.47317332428745856
4371,2,2,0.7134758804363751,0.033521395792034614,0.7134758804363751,0.028757711048441662,0.015102179938879242,0.12462941382820059,0.08451341895606881
4372,2,2,0.4886642170683749,0.10837051029011731,0.4886642170683749,0.03435117575747717,0.022217950241326587,0.24231296569009259,0.10408318095261147
4374,1,1,0.8024150163572547,0.8024150163572547,0.043639176438254705,0.021944335679971057,0.018118989449478942,0.04322296554698386,0.07065951652805687
4376,1,1,0.7596105494512989,0.7596105494512989,0.05929240726689887,0.02443352509332413,0.013133445446687389,0.08462388659825612,0.05890618614353456
4377,6,6,0.8588267211483773,0.031489592105806936,0.04393664474582411,0.01709575161170464,0.00738777929608312,0.04126351109220392,0.8588267211483773
4381,2,2,0.8446302595243773,0.016796136996010423,0.8446302595243773,0.013963225967758465,0.012578640161101782,0.07857872643951332,0.03345301091123872
4382,1,1,0.6484514402914704,0.6484514402914704,0.09650264150402749,0.025023903910780708,0.044259953593485814,0.07874844380695721,0.1070136168932785
4384,3,3,0.9256415312009044,0.013556433332545753,0.020387764998619627,0.9256415312009044,0.005771844651505882,0.014581559307880262,0.020060866508544006
4385,6,6,0.6113760021575692,0.01622046574930618,0.294424933820701,0.01591544095165588,0.010586351723392066,0.05147680559737576,0.6113760021575692
4387,5,5,0.7480225412552439,0.04447276199578146,0.09479131535247254,0.03362719454290179,0.013632033090631095,0.7480225412552439,0.06545415376296926
4388,1,1,0.8268082091119106,0.8268082091119106,0.037862878901064455,0.01252328751614527,0.012311886735384291,0.04907551124353789,0.0614182264919576
4389,6,6,0.9771669539501557,0.004095123279417276,0.0076138946423062225,0.003547709870832616,0.0017842204565189442,0.00579209780076919,0.9771669539501557
4391,2,2,0.6987065900066053,0.07893484498744728,0.6987065900066053,0.029413936335517542,0.01775458338730378,0.10938286858378525,0.0658071766993409
4394,2,2,0.6177908348317944,0.04997509532317493,0.6177908348317944,0.026175182483201137,0.022257230844982517,0.1720184015533908,0.11178325496345615
4395,1,1,0.8592147190547975,0.8592147190547975,0.03401736125541761,0.019814920657276275,0.010040342282678603,0.030679859419740208,0.04623279733008988
4397,3,3,0.9331028196562493,0.01954676063574067,0.015061671121726404,0.9331028196562493,0.006028717202988328,0.016378930722886518,0.00988110066040871
4398,3,6,0.4798610780074592,0.05220021104727695,0.09737703614205322,0.22172881195443292,0.01499703305463531,0.13383582979414232,0.4798610780074592
4399,6,6,0.8777979906799152,0.020486664026708346,0.039174641558703996,0.01611829503344892,0.008825317193661536,0.037597091507562096,0.8777979906799152
4400,2,2,0.8025050460202432,0.035027383016717165,0.8025050460202432,0.025950846695930216,0.012024284069077403,0.06569273964182273,0.05879970055620936
4401,4,4,0.9279562833331824,0.015769454379335836,0.016049130380190506,0.00699469707236431,0.9279562833331824,0.019075737059468318,0.014154697775458596
4402,2,2,0.8482309349040731,0.02926214504120444,0.8482309349040731,0.014395825785679744,0.008863571908366511,0.05796941605595524,0.04127810630472095
4403,5,5,0.7659555880252261,0.028018075417641404,0.10497728753256542,0.02337977795387802,0.008540699744672458,0.7659555880252261,0.06912857132601666
4404,4,4,0.9861619624389407,0.0025226917837926064,0.0029493160823041843,0.0013029611566425597,0.9861619624389407,0.004975718334966771,0.0020873502033531663
4405,6,6,0.599193259719753,0.07700576593658179,0.12254419155607557,0.03232589330183307,0.021202766841669732,0.14772812264408677,0.599193259719753
4406,4,4,0.9699980091022574,0.0042579987192352415,0.006788428948691904,0.0033523088693157093,0.9699980091022574,0.008622529160951244,0.00698072519954844
4408,4,4,0.9137919181861764,0.01862845004018599,0.01947641634117438,0.011346148895249635,0.9137919181861764,0.022146111643533216,0.014610954893680448
4412,4,4,0.9579447234680522,0.008075596760477135,0.007312285846444993,0.004209080294858183,0.9579447234680522,0.009617129727723146,0.012841183902444337
4413,4,4,0.9389483300399812,0.009898468716466657,0.013365972324630432,0.004957917484834341,0.9389483300399812,0.020029248620754295,0.012800062813333027
4414,3,3,0.9331070691892557,0.009139164585955597,0.019107665284687093,0.9331070691892557,0.0045685296036345234,0.014140084354939955,0.01993748698152722
4416,2,5,0.5172006224137953,0.03555693811795087,0.34153415161483236,0.03770738653668047,0.024983086902475762,0.5172006224137953,0.04301781441426526
4417,6,6,0.7661979611546933,0.05843557608997232,0.061500866565977745,0.022211291536198077,0.010015225826094062,0.08163907882706445,0.7661979611546933
4418,1,1,0.7284408945415856,0.7284408945415856,0.06986813295431181,0.022719562265087638,0.011528875984319412,0.0770719563728275,0.09037057788186814
4419,4,4,0.8652646802402131,0.01996555692635945,0.025922808663126264,0.014319025788752864,0.8652646802402131,0.033233747123371425,0.041294181258176826
4420,5,5,0.8167151441780857,0.029153743667164393,0.052979211712040376,0.013347534413215897,0.011433897225793738,0.8167151441780857,0.07637046880369994
4423,3,3,0.9403245795290514,0.008261795239157137,0.014046376531681995,0.9403245795290514,0.0043986769002219706,0.023907860407298833,0.009060711392588733
4425,6,6,0.609445647627311,0.11758729110873818,0.0993772232954798,0.02643331167607808,0.019132498088784585,0.12802402820360834,0.609445647627311
4428,1,1,0.9173758879256276,0.9173758879256276,0.019409609501673364,0.006469484729784675,0.004292603441693712,0.02918098249841084,0.023271431902809846
4430,3,3,0.9179283668432946,0.010318942479347832,0.011894276421514076,0.9179283668432946,0.0035884028221659153,0.03265780672317401,0.023612204710503612
4431,1,1,0.6827464591467124,0.6827464591467124,0.0975130020947692,0.02688062506258992,0.01390241530205436,0.11609101162642885,0.06286648676744525
4433,1,1,0.7723925795150297,0.7723925795150297,0.05041516904742538,0.016448133961897198,0.02071733932386427,0.07844011602391446,0.06158666212786912
4434,5,5,0.7880611092396289,0.035035169260056544,0.0635714171151815,0.02022023404389333,0.014562851881925935,0.7880611092396289,0.07854921845931377
4435,4,4,0.9420228382963918,0.008293032077112978,0.012478640888609014,0.005876137985495708,0.9420228382963918,0.020341861580569238,0.010987489171821229
4436,5,5,0.7759350181526888,0.04006774636313257,0.08921039070705183,0.031156396151265434,0.018973092379358097,0.7759350181526888,0.044657356246503264
4438,1,1,0.8425042060668537,0.8425042060668537,0.029929754409667875,0.01353626640169203,0.014379851445381878,0.032186089352578676,0.06746383232382586
4439,3,3,0.933894426986448,0.008590010546871377,0.017332176829763887,0.933894426986448,0.00445124287618058,0.017568486790275548,0.0181636559704606
4440,2,2,0.8878852199065498,0.019013060795401847,0.8878852199065498,0.013725549254184823,0.005912031567041221,0.016432443405939443,0.0570316950708829
4441,5,5,0.7447268260945936,0.0538347309429691,0.12365451950237721,0.021525385431005,0.019381650539368016,0.7447268260945936,0.03687688748968704
4442,5,5,0.5137789190978866,0.08299814709433397,0.10217035851637875,0.04047746784828329,0.01702202308017267,0.5137789190978866,0.24355308436294465
4444,4,4,0.9020053124826268,0.01856547575531948,0.021119320253601245,0.014985796638796975,0.9020053124826268,0.02453592336415484,0.018788171505500578
4445,3,3,0.9176661491048401,0.0173334023016235,0.02142784551782625,0.9176661491048401,0.007743655834941341,0.014641097122982918,0.021187850117786008
4446,2,2,0.7877165906888841,0.04391844879441029,0.7877165906888841,0.023423904120527066,0.013945042919093426,0.07505715094375319,0.055938862533331905
4449,6,6,0.945135772061434,0.007580993020274581,0.01937690116317294,0.005781148256084994,0.004829837712322479,0.01729534778671109,0.945135772061434
4450,6,6,0.8603988312380281,0.024012897678291352,0.03542407353263254,0.022495089416468692,0.008818993864850033,0.04885011426972935,0.8603988312380281
4451,5,5,0.6488313319777771,0.06357963724785143,0.1432767904427659,0.028959940671060884,0.016254194584771692,0.6488313319777771,0.099098105075773
4454,3,3,0.9123333294042,0.008429549796197202,0.01658504147406189,0.9123333294042,0.004808453734506668,0.040347880329180165,0.01749574526185415
4455,5,5,0.7025867415931296,0.05321147818241063,0.1398102986757644,0.018290304712639857,0.012491443014771956,0.7025867415931296,0.07360973382128354
4458,1,1,0.6979665543551136,0.6979665543551136,0.09870789061491045,0.025179428642699356,0.016453174831320177,0.08326945688957225,0.07842349466638414
4459,6,6,0.6262046951357636,0.09716687647026653,0.12980044420097755,0.019668765634834703,0.030411029930443437,0.09674818862771416,0.6262046951357636
4460,3,3,0.9256415312009044,0.013556433332545753,0.020387764998619627,0.9256415312009044,0.005771844651505882,0.014581559307880262,0.020060866508544006
4462,2,2,0.7461041599700242,0.04581409105893958,0.7461041599700242,0.01980398535481222,0.023989558315181157,0.09649957180068995,0.06778863350035286
4463,2,2,0.8332821583124794,0.018342378560068717,0.8332821583124794,0.00931534978343357,0.00841546090356444,0.07998160584700117,0.05066304659345255
4464,4,4,0.8513974515018845,0.024521565780032704,0.036293856279501616,0.013205356062804862,0.8513974515018845,0.03938799116570618,0.03519377921007015
4465,5,5,0.5957997619051602,0.09195326410571808,0.11844491988679084,0.03263966888695987,0.026803408171180383,0.5957997619051602,0.13435897704419056
4466,6,6,0.7857039693505877,0.06286392708068834,0.05539835032004405,0.026052084631587348,0.00846934077150255,0.06151232784559003,0.7857039693505877
4470,3,3,0.9190811592924352,0.00754761451577385,0.012826002674367475,0.9190811592924352,0.004717652833402833,0.04547527318964361,0.010352297494377
4472,4,4,0.9484007459216717,0.011274353208976,0.011293859524908668,0.005065823258186584,0.9484007459216717,0.013833021084944096,0.010132197001313027
4473,5,5,0.8521066264671818,0.012765330726750524,0.07251985749477584,0.019025039413378374,0.013218166148644928,0.8521066264671818,0.0303649797492684
4474,3,3,0.9498363321000621,0.004722203651029683,0.010502076556395838,0.9498363321000621,0.005222207116414451,0.022001385375474244,0.0077157952006238
4478,6,6,0.8419704964953987,0.030041184195930642,0.050477138792833734,0.016841792576109266,0.007711389778314341,0.052957998161413306,0.8419704964953987
4480,5,5,0.7152076276337216,0.018511552136501193,0.16088615160624578,0.02622585088463285,0.03407373388382941,0.7152076276337216,0.04509508385506927
4481,2,2,0.8201523957671091,0.03611945374011054,0.8201523957671091,0.015223901472065666,0.011327532812635295,0.07084102963358385,0.04633568657449558
4482,1,1,0.8158360299956348,0.8158360299956348,0.050305345911248786,0.015081380480514191,0.030831225083232796,0.04993010677025391,0.03801591175911552
4483,1,1,0.6806579130337763,0.6806579130337763,0.08616092294963336,0.018714199151793343,0.0179537588870736,0.12044964236150534,0.07606356361621804
4484,2,2,0.37057936147159537,0.1271559343261021,0.37057936147159537,0.029259675731785915,0.011238997841469511,0.1506519616771953,0.3111140689518519
4485,6,6,0.81920359973993,0.04776719272192333,0.053734523074706796,0.021145432100301717,0.009876065358866334,0.048273187004271856,0.81920359973993
4487,3,3,0.9374231770657327,0.017455974801473626,0.016021654004910492,0.9374231770657327,0.0055826674748559475,0.012370656510641814,0.011145870142385385
4488,5,5,0.6928561266940281,0.05662892613470155,0.12556786267656625,0.04715457172931555,0.019985960445532375,0.6928561266940281,0.057806552319856236
4489,1,1,0.6992757196620047,0.6992757196620047,0.06556358694852894,0.04357547093334543,0.03246713378205763,0.10645151518946962,0.05266657348459366
4490,3,3,0.9174440603983919,0.012161903039588074,0.011267972256534154,0.9174440603983919,0.005687853331438325,0.04573257477311428,0.007705636200933294
4492,5,5,0.6566265791619472,0.08184753653259377,0.08312518139071565,0.01857643801390902,0.012739576113411087,0.6566265791619472,0.1470846887874233
4493,3,3,0.9287638006139954,0.008642397992891744,0.013658863358713942,0.9287638006139954,0.004931287304395221,0.03345923533504318,0.010544415394960491
4495,6,6,0.8697796411040223,0.047091172932725404,0.02603470411191022,0.01092410929507484,0.00894065532927774,0.037229717226989555,0.8697796411040223
4496,5,5,0.8028281046145936,0.055121732716085205,0.0723657910701444,0.017916539358511008,0.011409921598475615,0.8028281046145936,0.04035791064219006
4497,1,1,0.6027145651593491,0.6027145651593491,0.08512649250368996,0.03034151085180227,0.03177470330904549,0.14930122477534966,0.10074150340076353
4498,4,4,0.978254292980902,0.004579346013054235,0.004496975356032215,0.0016469308701067295,0.978254292980902,0.005945676860986408,0.0050767779189184
4499,5,5,0.5711561746334889,0.09291455263055699,0.1011382854450155,0.03334610123380848,0.018231874186730113,0.5711561746334889,0.18321301187040004
4500,3,3,0.9345273654612187,0.009714867886343867,0.02083489606706047,0.9345273654612187,0.0070139771527054605,0.013425236562976835,0.014483656869694751
4501,3,3,0.9388714503513405,0.00737465537005908,0.0184639414434665,0.9388714503513405,0.008130531735484114,0.013204501462807343,0.01395491963684249
4503,6,6,0.5200836817275621,0.07440452950975067,0.12252552879626437,0.03225320368108406,0.01921038670353048,0.2315226695818083,0.5200836817275621
4504,4,4,0.9728002894210518,0.005788797559817674,0.004915577506699911,0.003100962920153636,0.9728002894210518,0.00620018073407256,0.007194191858204351
4505,5,5,0.6196340157626741,0.056263699360554476,0.11228153585165918,0.027190293135150777,0.024648518100235273,0.6196340157626741,0.15998193778972614
4507,1,1,0.8234437591549247,0.8234437591549247,0.055968812163145455,0.016941831306584516,0.009431217447562274,0.05232126374565984,0.041893116182123186
4508,3,3,0.9456034331074737,0.008132617997915972,0.008118652140731998,0.9456034331074737,0.003096172401287583,0.02634686833137347,0.008702256021217237
4509,1,1,0.678892956379711,0.678892956379711,0.0524926697920575,0.025461874804696676,0.04187230850215063,0.06675702705305842,0.13452316346832582
4511,3,3,0.9376805495368823,0.017190420367862103,0.013608921784730303,0.9376805495368823,0.00319324030651749,0.013664523146010066,0.014662344857997795
4512,3,3,0.9405058451631545,0.0067499383648435786,0.014729631186399254,0.9405058451631545,0.004223241558654883,0.025410151967855774,0.00838119175909207
4514,1,1,0.8608628277662398,0.8608628277662398,0.041614030572139665,0.013459397051943408,0.007785536185286072,0.04597800851257255,0.030300199911818527
4516,3,3,0.9175216722370709,0.020495625362411427,0.021047479017993777,0.9175216722370709,0.010214616655864308,0.016429926683173033,0.01429068004348656
4517,3,3,0.8985726118525018,0.0066693647076431556,0.006291158465574572,0.8985726118525018,0.0029300969838345382,0.07979312405750964,0.005743643932936391
4519,6,6,0.5920211511188488,0.09358251325487224,0.12290431095983982,0.03379774217445938,0.01793718284529815,0.13975709964668162,0.5920211511188488
4520,5,5,0.7435205461680932,0.04386258157786667,0.053227171831021006,0.04392320833468972,0.06284689953333047,0.7435205461680932,0.052619592554999
4523,5,5,0.5840981068807695,0.05736139439828133,0.12769404424751724,0.03853231870831387,0.029587321916632468,0.5840981068807695,0.16272681384848559
4524,1,1,0.8196638879896319,0.8196638879896319,0.06507437291670368,0.0173725535745602,0.009437116823103185,0.05152807428654223,0.036923994409458726
4525,3,3,0.9390391299340888,0.01182750747950065,0.013985855962159144,0.9390391299340888,0.004459168270945452,0.02406407538110196,0.006624262972203795
4526,4,4,0.8139569633027284,0.033165979529324874,0.04931363878753803,0.014189724063755533,0.8139569633027284,0.047542258814155525,0.041831435502497676
4529,2,2,0.7615295133706018,0.030762256637839287,0.7615295133706018,0.017251757375119237,0.02533940178147365,0.11814899374981909,0.046968077085147
4531,5,5,0.7038565901503215,0.06644012906919898,0.11361948186920659,0.027772261925513606,0.04098974710359294,0.7038565901503215,0.04732178988216642
4532,1,1,0.7566766362010505,0.7566766362010505,0.08504074152072358,0.017302025163298648,0.015863645897709486,0.06939554834305571,0.055721402874162024
4533,4,4,0.9465394422694968,0.016513505021717133,0.010363918090034719,0.0040543567082157094,0.9465394422694968,0.013466541385673415,0.009062236524862348
4539,6,6,0.684091718323088,0.05514010577625001,0.07850677891458815,0.027876477542477615,0.02287202637513847,0.13151289306845781,0.684091718323088
4540,2,2,0.7764973296395168,0.01811467622077802,0.7764973296395168,0.011393573576281851,0.007581302686101247,0.1182733280394576,0.06813978983786453
4541,3,3,0.9441618249269261,0.007660946647347458,0.009329702032042428,0.9441618249269261,0.002760386907155258,0.019975466271430292,0.016111673215098276
4542,2,2,0.7744415323004614,0.03078245026299452,0.7744415323004614,0.03295944331687899,0.01033196335556058,0.0733170464252665,0.07816756433883788
4543,1,1,0.7387500933602824,0.7387500933602824,0.051623182995236175,0.019711855036198902,0.011364466858692598,0.0778114247591084,0.10073897699048162
4545,2,2,0.7188140361473839,0.028837631059364537,0.7188140361473839,0.019478749585244107,0.018103308361409956,0.11089004012034251,0.10387623472625497
4546,5,5,0.8109847352433024,0.029885211851393163,0.09864565369562484,0.010562519981816442,0.013855857617553197,0.8109847352433024,0.03606602161030991
4547,2,2,0.5483348987099241,0.06655267997324539,0.5483348987099241,0.032334741811128165,0.014263957063036578,0.16915930083167857,0.16935442161098715
4549,1,1,0.7915610092906331,0.7915610092906331,0.04790553221749428,0.0223015640110285,0.03142412046485938,0.04795306293415691,0.05885471108182794
4550,2,2,0.5160446209289209,0.09301881084591124,0.5160446209289209,0.039596026042567234,0.014785040864691715,0.15998649254340772,0.1765690087745013
4551,5,5,0.8555485459591875,0.02893057749099462,0.040813482094889796,0.017844215197819716,0.010516592978826862,0.8555485459591875,0.046346586278281476
4554,6,6,0.8621046093001271,0.03022474963297292,0.04485781644367873,0.017503927006659016,0.008128573948515216,0.037180323668047056,0.8621046093001271
4557,4,4,0.7790453344760058,0.04435569828475809,0.053549714978136286,0.015182311546619032,0.7790453344760058,0.05664059967822792,0.05122634103625302
4558,5,5,0.7396004656041092,0.051732656006126955,0.09625375374124365,0.02272466500468772,0.01653937171852147,0.7396004656041092,0.07314908792531111
4559,1,1,0.64999914842024,0.64999914842024,0.08863505241263274,0.024628234537430366,0.013452976742720975,0.1519205378615465,0.07136405002542959
4560,3,3,0.9374256634928754,0.015676828949495143,0.013943465016822703,0.9374256634928754,0.0066293543100527305,0.01743463658753592,0.008890051643218154
4562,1,1,0.8114972176505163,0.8114972176505163,0.05471531724888682,0.019619764876862227,0.009949561854770311,0.05089797345870863,0.05332016491025574
4563,2,2,0.8181156954640209,0.045254949347979155,0.8181156954640209,0.01788996648617573,0.012172927893859906,0.05545060581259196,0.051115854995372405
4565,1,1,0.7525269224326006,0.7525269224326006,0.06684809612799408,0.019381519522313866,0.011698165660196286,0.0715588997097418,0.07798639654715345
4567,4,4,0.9154738690901566,0.013400476741900594,0.019183154333252187,0.009072190172979385,0.9154738690901566,0.019715649052432206,0.02315466060927907
4568,1,1,0.7870682688149284,0.7870682688149284,0.056028425976915604,0.017528675709163995,0.01030707077306645,0.05551761535918458,0.07354994336674085
4569,6,6,0.3988695210884757,0.1252111075248771,0.15705536187137215,0.04007735844734877,0.0689580519214863,0.2098285991464399,0.3988695210884757
4571,1,1,0.9242133360472655,0.9242133360472655,0.021829615116072062,0.006174611848667673,0.010311025127110093,0.018260700087612016,0.019210711773272698
4572,3,3,0.9337530380470389,0.01616950675427714,0.016200543629999623,0.9337530380470389,0.006315270379766457,0.016927084505376118,0.010634556683541728
4573,5,5,0.6197561447221792,0.08975542204823772,0.15809985563095105,0.027191029447390817,0.0302052281371539,0.6197561447221792,0.07499232001408723
4576,3,3,0.9304389379698809,0.02158116872462877,0.017618625900148552,0.9304389379698809,0.006462794491707513,0.011787881624340763,0.012110591289293638
4577,6,6,0.8348451243106956,0.023060892449821725,0.033842961598996524,0.012113864863129384,0.007727518701890126,0.0884096380754666,0.8348451243106956
4578,5,5,0.4468574411352829,0.07461253133803504,0.12541776555436632,0.035572668603295665,0.026374420739442874,0.4468574411352829,0.29116517262957714
4579,5,5,0.8050063123258453,0.01221060864305724,0.10436848288794777,0.02106711369113566,0.01807350427928526,0.8050063123258453,0.03927397817272887
4581,1,1,0.8464005907869235,0.8464005907869235,0.0401618595110808,0.019529071035149812,0.009748810779288547,0.0362102654016086,0.047949402485948804
4582,3,3,0.9401726931877149,0.007186873251868843,0.007546289247020532,0.9401726931877149,0.002552235631062541,0.029555189923103235,0.012986718759229974
4584,6,6,0.7507553346092811,0.02226617476882381,0.10562379257037165,0.022615593087950074,0.012371212563201396,0.08636789240037197,0.7507553346092811
4586,4,4,0.9374139641981761,0.012107381047272162,0.01391214677180506,0.007578962125438617,0.9374139641981761,0.015438748858129429,0.013548796999178495
4587,3,3,0.9230588221941461,0.010657970238310667,0.02281035013084033,0.9230588221941461,0.005265527535803088,0.015147578004102883,0.023059751896796855
4588,1,1,0.8599503590919555,0.8599503590919555,0.03787444187392363,0.010830763732170985,0.012624035666517076,0.04739012623596068,0.0313302733994722
4589,4,4,0.8908604780903847,0.012415347979147279,0.028064851596678826,0.0059123310050594935,0.8908604780903847,0.035090863587879564,0.02765612774085014
4590,2,2,0.6093069112156999,0.06621050549035719,0.6093069112156999,0.023663849296442295,0.01711386943587885,0.16730968341394226,0.11639518114767956
4591,2,2,0.7701433334934766,0.06455232903576655,0.7701433334934766,0.018383745583144533,0.01568035879206265,0.0832589306216217,0.047981302473928
4592,5,6,0.39303582676982257,0.11460803371665111,0.11601766410223405,0.03818863227065265,0.03077179931175382,0.3073780438288858,0.39303582676982257
4594,5,5,0.7651865270169229,0.04048739043246597,0.10110168455139397,0.027064459494468337,0.018863827648906838,0.7651865270169229,0.04729611085584205
4595,6,6,0.732775919657157,0.03747918958814419,0.03575273708705809,0.015849677408393922,0.007421870628173546,0.1707206056310732,0.732775919657157
4596,2,2,0.5890035109863362,0.09704575764478121,0.5890035109863362,0.03816826302020636,0.019704400283032594,0.15163782643351761,0.10444024163212605
4597,4,4,0.6767000036944945,0.046141410124454975,0.07968001534602816,0.0283727715988564,0.6767000036944945,0.08024234380169298,0.08886345543447306
4598,1,1,0.779473311227418,0.779473311227418,0.07406089355721779,0.020082004770227268,0.013408909450146014,0.057921157827908805,0.05505372316708211
4602,5,5,0.4244798892451109,0.10068801743035022,0.24944327733208152,0.042790027909765625,0.07387937089694133,0.4244798892451109,0.10871941718575051
4603,3,3,0.48963640039442435,0.061931186955250406,0.13823180852395897,0.48963640039442435,0.02903069502988864,0.17395605762636399,0.1072138514701136
4604,1,1,0.8042969631349158,0.8042969631349158,0.038107264788035104,0.013609957555040963,0.01091094834808658,0.06444936445784884,0.06862550171607266
4605,4,4,0.8197601815375379,0.035240663279875524,0.047476315106633506,0.012478470396638767,0.8197601815375379,0.05726079207680085,0.02778357760251348
4606,5,5,0.5444895971693462,0.05646048957183925,0.12089579056571668,0.026879855130065456,0.014721075307720348,0.5444895971693462,0.23655319225531213
4607,2,2,0.6842234199042253,0.04852306671635741,0.6842234199042253,0.025169238288796917,0.009819815329540257,0.10066429338108014,0.13160016637999997
4609,2,2,0.798280006327275,0.020682173738627532,0.798280006327275,0.0201178929374251,0.01393130637304393,0.09616751212982291,0.05082110849380558
4610,3,3,0.9245893147282915,0.013707644659925177,0.021158075026377305,0.9245893147282915,0.005794681677382568,0.015377181704689819,0.019373102203333565
4611,2,2,0.8807316878362771,0.013263559136334173,0.8807316878362771,0.010790220653040907,0.010257621030938354,0.023348330874823037,0.06160858046858657
4613,3,3,0.9350380854703968,0.01098983505960394,0.016301435422831842,0.9350380854703968,0.0048776238870900344,0.01774069467332885,0.015052325486748671
4614,3,3,0.9199768375663804,0.008893348814743981,0.014867008729105347,0.9199768375663804,0.003482964655875287,0.03653476871697286,0.016245071516922328
4615,6,6,0.43905882642386673,0.07016325775747127,0.2144734902427817,0.04037721336609912,0.02502091547285987,0.21090629673692132,0.43905882642386673
4616,1,1,0.8862954648956032,0.8862954648956032,0.03357041654050865,0.008416023394650307,0.005495284729778484,0.04070949626923285,0.025513314170226682
4617,5,5,0.4563097218403195,0.21046435885042306,0.1436865020425608,0.04985481611310273,0.01834808819271911,0.4563097218403195,0.12133651296087479
4618,3,3,0.9363390967018422,0.006165656950902284,0.016522269673312932,0.9363390967018422,0.0036100402469680967,0.02553069367239171,0.011832242754582728
4619,3,3,0.935543311418533,0.008494007442894075,0.01493467890799445,0.935543311418533,0.004857038491957173,0.024429700662266476,0.011741263076354765
4620,2,2,0.8026981586285911,0.03021286840166913,0.8026981586285911,0.013517225255063983,0.00895851342938104,0.07843791415158319,0.06617532013371173
4621,4,4,0.9029320862283454,0.02110928608963711,0.020806253444178142,0.01371959172647364,0.9029320862283454,0.02377053794960484,0.01766224456176091
4622,4,4,0.9678928608820095,0.005161046568191132,0.007702536663884401,0.002567566586438296,0.9678928608820095,0.008173983172035696,0.008502006127440957
4623,2,2,0.601690995938908,0.03083146112459953,0.601690995938908,0.019603661432491298,0.020364224461728187,0.24549041238596186,0.0820192446563113
4624,1,1,0.7383790435769467,0.7383790435769467,0.08935300324799705,0.021686523754238043,0.013533567807969955,0.08668377210199159,0.05036408951085648
4625,1,1,0.7721901601187421,0.7721901601187421,0.041697903279150565,0.022822615175825744,0.034032477503467926,0.06574875959399785,0.06350808432881588
4626,1,1,0.7264820020240047,0.7264820020240047,0.06531117995536248,0.019116892441664445,0.008813954728303075,0.09611663611348588,0.08415933473717947
4629,6,6,0.5812779015890813,0.027573069071245092,0.19394487131214036,0.025817248020367906,0.024168456602033445,0.14721845340513184,0.5812779015890813
4631,2,2,0.6994490108328766,0.04881422131735669,0.6994490108328766,0.05979392222793478,0.02429907624742493,0.09872860745276975,0.0689151619216373
4632,6,6,0.7299434296635663,0.0795447163652467,0.07304685025271698,0.021230248454501863,0.012928287002870971,0.08330646826109724,0.7299434296635663
4633,3,3,0.9256725626895613,0.018985014336218103,0.012852782037575292,0.9256725626895613,0.005426319942689643,0.012148908550048774,0.024914412443906957
4634,2,2,0.8563558010768046,0.012185706854170088,0.8563558010768046,0.008820025836803849,0.006826628744352731,0.08213077827161794,0.0336810592162508
4635,3,3,0.9357801205228009,0.01593961512025647,0.011762916789190505,0.9357801205228009,0.004767310666135333,0.01108489771535397,0.02066513918626287
4636,4,4,0.9779775440848889,0.004733351611646106,0.0041387469276316325,0.001997972944881536,0.9779775440848889,0.005692426082219281,0.005459958348732484
4637,4,4,0.8159231687594175,0.04833521378264982,0.042061530977107575,0.013542172939965562,0.8159231687594175,0.041013419240918,0.03912449429994154
4639,5,5,0.6487584399890324,0.05994125700680736,0.14851108841206784,0.03979997132034533,0.019067599974082177,0.6487584399890324,0.08392164329766495
4640,1,1,0.7120307282179617,0.7120307282179617,0.07835550691847444,0.01834006301168417,0.01946550476190116,0.10410244537379246,0.06770575171618637
4641,6,6,0.6489433743611576,0.12615652046553322,0.07344763944741871,0.03624270462530132,0.014419460899480823,0.10079030020110835,0.6489433743611576
4642,1,1,0.8154603290913952,0.8154603290913952,0.046865341301041905,0.013938635100008118,0.00951311170955887,0.06786804306406427,0.04635453973393163
4645,2,2,0.6619952678070469,0.07115465319866118,0.6619952678070469,0.03403632061931362,0.01621621981648741,0.15411535343969984,0.06248218511879096
4646,2,2,0.8635213311810666,0.018411541790984674,0.8635213311810666,0.012859532802510919,0.007147335208494494,0.0409469398017711,0.05711331921517216
4647,4,4,0.9388814023714833,0.008314439689221109,0.01378136739257543,0.007266311348863065,0.9388814023714833,0.01546352189100046,0.0162929573068567
4648,1,1,0.8104394849511256,0.8104394849511256,0.05349167752271371,0.020208051222259618,0.013111176404554718,0.04796379645232638,0.054785813447020035
4649,3,3,0.9398449849209914,0.00842638774096121,0.014891426862914578,0.9398449849209914,0.00393412614835603,0.018338745964437207,0.01456432836233962
4651,2,2,0.7311280110895101,0.05767069373157863,0.7311280110895101,0.022309932151032417,0.014705230422987006,0.103616080592261,0.07057005201263092
4653,4,4,0.9768477349801307,0.003809528870894572,0.005598023774559977,0.002013323564892421,0.9768477349801307,0.0058658080859864395,0.005865580723535962
4655,4,4,0.8131324029013545,0.03457440454524802,0.03784627991777696,0.014073532425990068,0.8131324029013545,0.0581199084518612,0.042253471757769355
4656,3,3,0.9258786510099268,0.0064362918203939275,0.014568438083113082,0.9258786510099268,0.007317073542028592,0.035105304009424,0.010694241535113532
4657,5,5,0.6328934188231782,0.07546342072531273,0.06691485418470987,0.030091997187012446,0.05090435414458242,0.6328934188231782,0.14373195493520444
4658,4,4,0.8983855684730774,0.017025343447193815,0.019184761577680145,0.01024739518997569,0.8983855684730774,0.035221163828465414,0.019935767483607612
4660,5,5,0.6648808093503238,0.08345457536120451,0.11489726795816353,0.03301614123690086,0.024999046163674325,0.6648808093503238,0.07875215992973296
4661,6,6,0.9503023443674438,0.005665823393325375,0.012061904457209102,0.005122445260332553,0.0031535086308881444,0.023693973890801027,0.9503023443674438
4662,3,3,0.27282718496545727,0.08082515050192411,0.2265248004159975,0.27282718496545727,0.04803681817684398,0.1823776991677207,0.18940834677205637
4663,5,5,0.707175337012722,0.04525590095109568,0.09505666101294588,0.03491154363449183,0.011561684222726075,0.707175337012722,0.1060388731660186
4664,2,2,0.6016885861966308,0.08284786705825065,0.6016885861966308,0.031027900904841824,0.017618798396683063,0.17006637630627502,0.09675047113731859
4665,2,2,0.7266729169600302,0.03308387342852387,0.7266729169600302,0.01654746844310928,0.02452403464193913,0.09501174282742665,0.10415996369897092
4666,1,1,0.9148832553375525,0.9148832553375525,0.02066759504555684,0.010057332093404706,0.01392448356907217,0.021458238825538566,0.019009095128875175
4668,4,4,0.9817622104047432,0.0023945797687385255,0.0043451492157590334,0.0019283937019159705,0.9817622104047432,0.006415708773545909,0.0031539581352973446
4669,5,5,0.8229376872580813,0.020392483035563968,0.07693880161198327,0.013053425553160759,0.012847924428641947,0.8229376872580813,0.0538296781125688
4670,2,2,0.5278498156967094,0.08829081584069541,0.5278498156967094,0.05685253488477612,0.022164518837971894,0.16550380096543413,0.13933851377441298
4672,4,4,0.9824748619552589,0.003462317016654925,0.0040146170918951675,0.001977733811539482,0.9824748619552589,0.00416779378420951,0.00390267634044211
4673,4,4,0.9375846242481501,0.009544467079912997,0.014577831220348302,0.0074768819264000785,0.9375846242481501,0.01731862065837524,0.013497574866813286
4675,1,1,0.9189253625896856,0.9189253625896856,0.02081151229935753,0.00927916918605591,0.015254541852286621,0.022518353804352187,0.013211060268262216
4676,6,6,0.6626332275248583,0.04184681189430362,0.13070975872817842,0.024174137187510585,0.015595113043753606,0.12504095162139553,0.6626332275248583
4677,3,3,0.9309382060910353,0.00968240381389581,0.020495996016851807,0.9309382060910353,0.004638590069991574,0.014426071019487695,0.01981873298873786
4678,6,6,0.7849355777140831,0.05008702989443806,0.05880472633741303,0.021530634408198582,0.009954308703854992,0.07468772294201226,0.7849355777140831
4680,6,6,0.7425620409717697,0.034971987774754056,0.09624604914321902,0.024058232277279573,0.01472023440206586,0.08744145543091184,0.7425620409717697
4681,1,1,0.8664807530251865,0.8664807530251865,0.03383101621805768,0.01609984158018601,0.00724149314878821,0.03407510630256514,0.042271789725216544
4682,1,1,0.8399590926248836,0.8399590926248836,0.052003519411847235,0.014949307731079246,0.009063146737386726,0.04715112580382145,0.03687380769098188
4683,2,2,0.8834009097874457,0.021707565854940727,0.8834009097874457,0.019732127166676883,0.009206501199899712,0.04103914316335411,0.02491375282768293
4684,4,4,0.9769147659151542,0.0018311947024795242,0.005886278383877704,0.002111274489599885,0.9769147659151542,0.007912507235401862,0.005343979273486838
4686,4,4,0.9524007154755452,0.006975964649380459,0.01158931683054639,0.004693477079313381,0.9524007154755452,0.01349248171907332,0.010848044246141228
4687,2,2,0.6210675039607239,0.05084631227175651,0.6210675039607239,0.020302630220233594,0.017339189122135928,0.23112945001506058,0.05931491441008947
4688,5,5,0.6399159226299682,0.08124885398113058,0.11739858117612777,0.05019799075914447,0.028648449640242126,0.6399159226299682,0.08259020181338693
4689,3,3,0.9413967019371628,0.006440680159094441,0.012610153610181413,0.9413967019371628,0.003576351160365494,0.023492530852902625,0.012483582280293256
4690,4,4,0.8634150708400845,0.03398193643932801,0.03271439628000237,0.009236194537530969,0.8634150708400845,0.038248238785003406,0.02240416311805077
4691,2,2,0.5362152843544535,0.07341004385104537,0.5362152843544535,0.033984124150908276,0.020270373623601276,0.2347928094856239,0.10132736453436773
4693,3,3,0.9297970317031445,0.006219413150856776,0.013341397173754913,0.9297970317031445,0.004149119956373928,0.04023499648313738,0.006258041532732612
4695,5,5,0.7034347254927117,0.08619364297324132,0.11492195362342875,0.020333137959088546,0.014811064886087461,0.7034347254927117,0.060305475065442246
4697,2,2,0.5985374971195501,0.07854673643332266,0.5985374971195501,0.050462226754090164,0.019652477617344212,0.13884788119316052,0.11395318088253233
4698,3,3,0.9208988406963287,0.009193598742809164,0.014208870018666298,0.9208988406963287,0.005663045308081527,0.03840574910789736,0.011629896126217034
4699,5,5,0.7027763480021006,0.042680451863426866,0.10739084332644319,0.0170831197506144,0.015999882489478437,0.7027763480021006,0.1140693545679364
4702,4,4,0.9517386711622521,0.0069592605088141125,0.008794065786498191,0.005372375688272395,0.9517386711622521,0.015625949672047435,0.011509677182115876
4704,3,3,0.9240126804833589,0.012575374922324334,0.01582868667300885,0.9240126804833589,0.0038842742796935496,0.012288164204121238,0.03141081943749317
4706,6,6,0.9234189990162415,0.018060145244403445,0.012949367691536812,0.011190555361879071,0.003102884034164158,0.031278048651775116,0.9234189990162415
4708,3,3,0.9028857663130309,0.026086064932236492,0.02597939503459203,0.9028857663130309,0.009884310636751598,0.017047062989342825,0.018117400094046377
4709,2,2,0.9070150671332746,0.006118177793017945,0.9070150671332746,0.005042587935964534,0.00370878840189034,0.027597462394504866,0.05051791634134766
4710,1,1,0.6894897087505751,0.6894897087505751,0.10714312148960402,0.025022924772017802,0.014205099367466122,0.0941817404776905,0.06995740514264634
4711,2,2,0.935542166748723,0.01046970131483805,0.935542166748723,0.008338100427971389,0.004679441132758911,0.01571261813154226,0.025257972244166475
4712,5,5,0.8016180397927877,0.034048631778632155,0.08039797184140178,0.017624233740880485,0.013748970940399025,0.8016180397927877,0.052562151905898864
4713,5,5,0.6874961938385201,0.03475815465761631,0.1158477882190798,0.023122230171254924,0.05880656306299594,0.6874961938385201,0.07996907005053294
4714,1,1,0.8598729054803969,0.8598729054803969,0.03946099324704742,0.011511138499284061,0.01031180410439164,0.037687530741281665,0.041155627927598464
4716,5,5,0.6860765064789304,0.05057595594270561,0.09819314494549036,0.050654352613678545,0.012520521638585561,0.6860765064789304,0.10197951838060959
4719,2,2,0.5843522098609217,0.10000513241133019,0.5843522098609217,0.03647717622832333,0.018953422732580518,0.15269644024233045,0.1075156185245137
4720,3,3,0.9101615936892347,0.013030322753266295,0.016578906846720004,0.9101615936892347,0.0063558922739713536,0.04728517041939435,0.006588114017413169
4721,4,4,0.9450009344869001,0.009111437397652333,0.012587416679400623,0.006607573083958608,0.9450009344869001,0.016106171172580123,0.010586467179508048
4722,6,6,0.4829140587222312,0.09142440323527408,0.17046578962563638,0.02596794042236761,0.01863235375278149,0.21059545424170914,0.4829140587222312
4725,1,1,0.8916638355549648,0.8916638355549648,0.03253299905305017,0.01138590982977897,0.0074522377584885285,0.03097767896499752,0.025987338838720106
4726,1,1,0.7640242589945522,0.7640242589945522,0.04710284588120188,0.02319217008699616,0.03185122042150736,0.0629176392986153,0.07091186531712719
4727,5,5,0.5963893577846356,0.04897367797409733,0.18741450488710615,0.053987968796286374,0.03300823526830802,0.5963893577846356,0.0802262552895664
4728,6,6,0.661833517904472,0.09538876121774041,0.07483086506454283,0.03192934987066717,0.013167550340643586,0.12284995560193401,0.661833517904472
4729,4,4,0.8767868336651011,0.012004259343572818,0.033231931837378575,0.012440755575174732,0.8767868336651011,0.038139113724941734,0.027397105853831132
4730,3,3,0.9237386738686009,0.012589430387295843,0.016419424286989184,0.9237386738686009,0.004004940739438738,0.012943741481966496,0.03030378923570889
4731,1,1,0.7596771407104557,0.7596771407104557,0.0779650219387035,0.028070702735171142,0.01376569453992305,0.06365644682336029,0.05686499325238652
4732,4,4,0.9660802531943096,0.005468886886061455,0.008022561205700957,0.005405017770197214,0.9660802531943096,0.009085705279480258,0.005937575664250625
4733,2,2,0.7033820721139209,0.045242462509260895,0.7033820721139209,0.020352482318058782,0.020420306563309436,0.12448332421296548,0.08611935228248457
4738,5,5,0.5488289453876228,0.09092800641698716,0.1832502164316996,0.05271636377474747,0.025325562182539976,0.5488289453876228,0.09895090580640294
4739,3,3,0.9352098361694733,0.018567112073643633,0.01546645406150893,0.9352098361694733,0.003372373509612945,0.010062173207873611,0.017322050977887592
4741,3,3,0.9272692767076829,0.011073119809604381,0.020178400387549807,0.9272692767076829,0.003908860021265557,0.01574727519913181,0.021823067874765702
4742,6,6,0.9713559520090298,0.005650056085202202,0.008958623214753051,0.004079887119440155,0.0020036512442320317,0.007951830327342813,0.9713559520090298
4743,1,1,0.8269797532364374,0.8269797532364374,0.03810418406310476,0.013742087261255533,0.012245353265578844,0.046638201277844286,0.062290420895779235
4745,3,3,0.9446366198438562,0.011458795127995292,0.008699515132556875,0.9446366198438562,0.003855737015372436,0.018075954017922908,0.013273378862296337
4747,4,4,0.9752627170601346,0.004400854767503224,0.005089636393007162,0.002769203406604626,0.9752627170601346,0.007887483119306404,0.004590105253443981
4748,5,5,0.6513498460912747,0.115780856904231,0.1058502981649119,0.0315578045094794,0.018665420501915168,0.6513498460912747,0.0767957738281879
4751,4,4,0.9559512016381916,0.008324333316583405,0.012026748400280085,0.0032106735866202613,0.9559512016381916,0.014731122154778318,0.005755920903546335
4752,3,3,0.9413300045433239,0.0063565056316537225,0.01451935774924559,0.9413300045433239,0.0026913986311077266,0.02391999854395176,0.011182734900717268
4753,4,4,0.9805004624522188,0.0042822741121856,0.0048965447457086425,0.0018612186349596584,0.9805004624522188,0.005756813763010566,0.002702686291916801
4754,4,4,0.9858245460161285,0.0028085926177909976,0.0032409930954413625,0.001659744944463435,0.9858245460161285,0.003843656169276034,0.0026224671568997565
4755,6,6,0.743142859844644,0.059070333890013815,0.0693854251168467,0.025209633459137248,0.012196627938270213,0.09099511975108808,0.743142859844644
4756,1,1,0.7159810359989388,0.7159810359989388,0.08638259728134982,0.02188576889028719,0.01288999892610436,0.07226012828563531,0.09060047061768466
4757,5,5,0.563051728051819,0.2102732908540073,0.12602149544125765,0.024548693396701165,0.018035896028668376,0.563051728051819,0.05806889622754652
4758,4,4,0.9687269464290474,0.0061915547603524,0.006071174964802227,0.0025826663490133425,0.9687269464290474,0.0071660824425693135,0.009261575054215201
4759,5,5,0.6584947294092522,0.0645590432737214,0.1345439747108474,0.02923395084435421,0.020856382681838447,0.6584947294092522,0.09231191907998623
4760,1,1,0.5858246767129877,0.5858246767129877,0.09443543156972493,0.03109307666858932,0.01869621461222943,0.12137638457235482,0.14857421586411396
4761,5,5,0.7487439692042769,0.029876789598001757,0.08607289542706813,0.05796888669431974,0.026011369706927575,0.7487439692042769,0.05132608936940592
4762,3,3,0.9479625603062115,0.006522466964004862,0.013920481619875004,0.9479625603062115,0.005235428076002075,0.01738345746891161,0.008975605564995092
4763,3,3,0.9351490613059227,0.014754229155498242,0.009931999533514792,0.9351490613059227,0.0027618407252752017,0.02557108152245558,0.01183178775733348
4765,4,4,0.46613194835219407,0.06892988316479769,0.12734859216280967,0.038090630506010754,0.46613194835219407,0.153669971727122,0.14582897408706594
4768,1,1,0.8803320517494642,0.8803320517494642,0.03159341360417895,0.011161472376924188,0.007008885380667981,0.04092073030390807,0.028983446584856604
4769,1,1,0.6276439396038412,0.6276439396038412,0.10094632002095817,0.019119060536632117,0.01627829940847707,0.10147892605235657,0.13453345437773492
4771,2,2,0.7845345293338106,0.025594755633417773,0.7845345293338106,0.014098433876272328,0.01569110856404895,0.09984049564784518,0.060240676944605165
4772,5,5,0.8261873697334525,0.029871390643894567,0.06473513289148333,0.012743071397728093,0.01736341576128494,0.8261873697334525,0.04909961957215636
4773,2,2,0.8931492187324186,0.037270040405133355,0.8931492187324186,0.008084830646782202,0.006124376054060234,0.022622101448368792,0.032749432713236715
4774,5,5,0.49715491525507605,0.05647543563902543,0.17165541875109142,0.04602901884808173,0.01868215008456688,0.49715491525507605,0.21000306142215855
4775,2,2,0.8469229834603598,0.12848217905075607,0.8469229834603598,0.004437979808323989,0.002948713648217865,0.0071090057385496215,0.010099138293792652
4776,1,1,0.6814838015808745,0.6814838015808745,0.0910722291791352,0.02416262588893268,0.018847199040165435,0.1040983356333236,0.0803358086775686
4778,1,1,0.8978051031524881,0.8978051031524881,0.023252080046953432,0.012902405105330125,0.014389346232246199,0.030495917832486768,0.021155147630495454
4780,5,5,0.6585466830779202,0.06962258047937551,0.04982191494984106,0.024555812816327235,0.017951627424112916,0.6585466830779202,0.1795013812524232
4782,4,4,0.9727939266458768,0.00527600981501988,0.006003835498541059,0.0029918174072983686,0.9727939266458768,0.006360169815373382,0.006574240817890436
4783,2,2,0.8729740252103471,0.022252793547769253,0.8729740252103471,0.011881734780470167,0.010167832212448399,0.054892224604227706,0.027831389644737477
4784,4,4,0.98547478289705,0.002607688319980719,0.0029059059202895575,0.001409824731535346,0.98547478289705,0.004609877699196165,0.0029919204319481664
4786,5,5,0.5938609927956493,0.0387265225812131,0.09487461252806327,0.026585341051462937,0.024715989394376355,0.5938609927956493,0.22123654164923504
4787,3,3,0.9296378789247801,0.007431372116967894,0.014848724773580943,0.9296378789247801,0.00415594072466003,0.02883168827274868,0.015094395187262287
4788,4,4,0.9571239979776431,0.006677667104490855,0.006734074384167034,0.004729104255367778,0.9571239979776431,0.0199710632828132,0.004764092995518062
4792,1,1,0.9288611262089361,0.9288611262089361,0.01713943394423377,0.00910294352143388,0.006601301759747073,0.01679717123708116,0.02149802332856798
4793,6,6,0.9507184696511147,0.012425060688206636,0.011539784147519374,0.008525613058681703,0.003653443550796103,0.01313762890368145,0.9507184696511147
4794,3,3,0.9256725626895613,0.018985014336218103,0.012852782037575292,0.9256725626895613,0.005426319942689643,0.012148908550048774,0.024914412443906957
4795,4,4,0.9190274474887274,0.017419248987511748,0.013890971376692407,0.00773247747580528,0.9190274474887274,0.021767175985166816,0.02016267868609632
4796,3,3,0.9303235357493436,0.009753376036574366,0.020628856293103192,0.9303235357493436,0.004673131517477803,0.014689692378572292,0.01993140802492879
4797,4,4,0.9623150531389321,0.006307618442301512,0.009146329811967382,0.0035531816722508378,0.9623150531389321,0.012062809697217021,0.006615007237331155
4800,2,2,0.6821821667769424,0.037179483458780395,0.6821821667769424,0.021830292482627533,0.013946622590213086,0.1213593438996293,0.12350209079180727
4802,3,3,0.8850475983948286,0.008651724230649508,0.010352488467609446,0.8850475983948286,0.00474820295303601,0.08699181292793588,0.004208173025940544
4803,6,6,0.8432252218747326,0.02281080888856453,0.05290457922475467,0.010930523538919254,0.007634916202701612,0.0624939502703273,0.8432252218747326
4804,4,4,0.8506582666848274,0.022921265367540144,0.041494494059597944,0.013728151125890856,0.8506582666848274,0.04277373831307242,0.02842408444907134
4805,1,1,0.6670145378923169,0.6670145378923169,0.0940137698976346,0.038011647814682095,0.01815724609114682,0.08642026224869495,0.09638253605552456
4806,1,1,0.8797814746572815,0.8797814746572815,0.029661557599647115,0.01395407062100514,0.0056302827933240075,0.024262918499265946,0.04670969582947618
4807,4,4,0.8730000079448125,0.010245149150008607,0.03947279931915851,0.010073346600362935,0.8730000079448125,0.04099371269593771,0.02621498428971973
4808,5,5,0.830776102620807,0.031070472515499846,0.0759255343505034,0.01209356354149226,0.007292352111041136,0.830776102620807,0.04284197486065632
4809,1,1,0.8962269571023617,0.8962269571023617,0.030335089624641817,0.011755806884449922,0.007477389533839509,0.02334442491739554,0.03086033193731158
4810,6,6,0.44948949183989845,0.13062591324414988,0.13583830416232254,0.058559881947870804,0.028558030508646897,0.19692837829711146,0.44948949183989845
4812,4,4,0.9241748046577422,0.020073111723103235,0.015546550571518294,0.007970642213301302,0.9241748046577422,0.0208370012973627,0.011397889536972437
4813,1,1,0.7864889124115884,0.7864889124115884,0.0555914564139152,0.02064751133352849,0.010022787933590188,0.05552216739946179,0.07172716450791596
4814,4,4,0.749138292222277,0.04277350337967339,0.058088250847411,0.017429007746269338,0.749138292222277,0.07279569952648379,0.059775246277885476
4815,5,5,0.625271622534402,0.10712516081809226,0.12468516189043172,0.03629453025511469,0.01586977556268735,0.625271622534402,0.09075374893927199
4816,4,4,0.9026456332014584,0.02130777027120378,0.024473325722809657,0.010374460759622502,0.9026456332014584,0.025913007074814455,0.015285802970091187
4818,5,5,0.721785749055554,0.031199054415487155,0.14033015864166196,0.02131987794279279,0.012849093385806119,0.721785749055554,0.07251606655869793
4819,1,1,0.9004443485559928,0.9004443485559928,0.017512146337870058,0.010758200609176866,0.006258781138437618,0.029189656380920356,0.035836866977602265
4821,3,3,0.9337369171326333,0.005838522072677715,0.012986274317739901,0.9337369171326333,0.0062085590897614845,0.03198137671745852,0.009248350669729177
4822,1,1,0.8456270902812334,0.8456270902812334,0.03710335672633092,0.018979398581541653,0.010491532602110007,0.03645755524060923,0.05134106656817479
4823,1,1,0.8353691019024464,0.8353691019024464,0.04979301147505105,0.019362758465830035,0.010368501382279533,0.047737183568785695,0.0373694432056074
4824,6,6,0.5131556156673254,0.04769106818024685,0.18484771439270634,0.030109100738516,0.0357104693058312,0.18848603171537417,0.5131556156673254
4825,5,5,0.7588703652034156,0.043737813684223976,0.07551201020455858,0.031876525268394296,0.024063517336388944,0.7588703652034156,0.0659397683030187
4826,1,1,0.8171398256527641,0.8171398256527641,0.033610130701278586,0.013133448733582596,0.008499191106514443,0.048195812264883245,0.07942159154097712
4827,3,3,0.9222730128494036,0.010463951554400124,0.022538612832450424,0.9222730128494036,0.0052827186506197,0.014769673110779905,0.02467203100234628
4829,4,4,0.8167212654018341,0.01847418996220953,0.04162888489068161,0.022244820804693824,0.8167212654018341,0.06191164720694709,0.039019191733633926
4831,5,5,0.5988896044287066,0.023087386106646447,0.16819560127049016,0.03610964911684511,0.020524394533449924,0.5988896044287066,0.15319336454386176
4832,1,1,0.7005631900159371,0.7005631900159371,0.09417679884519725,0.025822631106865487,0.015312722898746136,0.10028454161448878,0.06384011551876524
4833,4,4,0.8905514507370844,0.022085521128244474,0.022883562265515914,0.01644928664367773,0.8905514507370844,0.029381910355395193,0.01864826887008234
4834,2,2,0.8652936997513329,0.025015975955245164,0.8652936997513329,0.01455473136409626,0.008697002053577414,0.050620280749465896,0.03581831012628247
4835,6,6,0.7120148653302396,0.05251001587032051,0.09858073825696494,0.02750758363101634,0.013675481307449552,0.09571131560400904,0.7120148653302396
4836,4,4,0.8738022928510758,0.018436915642929486,0.024629648352424673,0.01159392381621516,0.8738022928510758,0.043796429272214686,0.02774079006514014
4837,2,2,0.7669602910069989,0.027242294563690653,0.7669602910069989,0.019269334529610705,0.012164112605183302,0.09281783740503373,0.0815461298894827
4838,2,2,0.7244515210454472,0.034132489080843306,0.7244515210454472,0.044563273178043365,0.014587558752367452,0.1367080506207037,0.045557107322595096
4839,2,2,0.7897195853840959,0.03175070556529943,0.7897195853840959,0.01766050453228452,0.008195978091977672,0.06443509416759033,0.08823813225875211
4840,5,5,0.7665989993871632,0.03238331131452325,0.06585923742253129,0.036654460062256006,0.009300995988555027,0.7665989993871632,0.08920299582497127
4841,1,1,0.7696934980625251,0.7696934980625251,0.06715956862625526,0.022146778076218704,0.011477035715849113,0.05902740366431483,0.07049571585483708
4842,1,1,0.9019051412341605,0.9019051412341605,0.023525879546158642,0.009645471628031803,0.0066395255481359996,0.029642070537499753,0.0286419115060134
4843,4,4,0.9458602507110052,0.013598578744514417,0.011158338539127018,0.005156782859928814,0.9458602507110052,0.015757450475083222,0.008468598670341302
4844,1,1,0.8065531892471322,0.8065531892471322,0.03162365382810863,0.015011308275793514,0.018843276107106115,0.06523644872692053,0.06273212381493909
4845,1,1,0.5545113101372724,0.5545113101372724,0.1147579464596652,0.03666116393522188,0.017780915819261167,0.14018608195307955,0.1361025816954997
4847,5,5,0.6930147221503873,0.03140035274366199,0.1593113006047509,0.020714181985664066,0.017180330318451256,0.6930147221503873,0.0783791121970845
4848,1,1,0.8296864794888872,0.8296864794888872,0.04232530739251147,0.013744402476483116,0.017304474429805795,0.054818527531307504,0.04212080868100494
4849,2,2,0.44125205638716153,0.1962786426283843,0.44125205638716153,0.05209639560807572,0.02231102578731022,0.10470600931452333,0.18335587027454497
4850,5,5,0.5904505886235129,0.05123782846044471,0.16995244431737205,0.028041660874524924,0.01599693266438794,0.5904505886235129,0.14432054505975753
4851,3,3,0.9456146874833732,0.012670509210193864,0.009269859326288262,0.9456146874833732,0.0025088148816710186,0.019410834744134835,0.010525294354338754
4852,1,1,0.8120680856599855,0.8120680856599855,0.03936539736154664,0.017392911140348726,0.008804922990144673,0.06483592992854165,0.05753275291943293
4853,5,5,0.39652634296368794,0.12505330953348037,0.1794287340492725,0.05693092190123479,0.1063858674090198,0.39652634296368794,0.1356748241433046
4855,4,4,0.968644886334175,0.0059269363878254175,0.007428635284285294,0.0034845388036231703,0.968644886334175,0.00733217235728626,0.0071828308328049685
4856,4,4,0.9748945134978717,0.004276717723751565,0.005497368133839775,0.0023746850522405804,0.9748945134978717,0.00708657967420616,0.005870135918090278
4859,1,1,0.9193727178153237,0.9193727178153237,0.027805219697077548,0.00805328372101895,0.006226402990280344,0.020452596134699172,0.01808977964160036
4860,1,1,0.7787296850391772,0.7787296850391772,0.06751541809735996,0.019963953680625292,0.01768278483942616,0.06926723250683212,0.04684092583657936
4861,4,4,0.9579494556887275,0.006638092599420492,0.012948514948472352,0.0038084287808999072,0.9579494556887275,0.010796901234300103,0.00785860674817971
4862,3,3,0.916000489658301,0.012816545029435661,0.023541284193346387,0.916000489658301,0.00433829252110247,0.01624119447997233,0.027062194117842005
4863,4,4,0.9626457241199323,0.005267848393127301,0.010072853143357504,0.0034978896520479084,0.9626457241199323,0.010696326922703508,0.007819357768831438
4864,4,4,0.9420879155306396,0.00982422397914935,0.010773009861522662,0.0074401931559803704,0.9420879155306396,0.016211535593459774,0.0136631218792482
4865,5,5,0.6243527934463686,0.07597453572343331,0.14428560669966192,0.03210152272414493,0.017841557627425758,0.6243527934463686,0.10544398377896534
4866,2,2,0.6039656192755298,0.08657480665977059,0.6039656192755298,0.026711465454027077,0.015367868158627064,0.1115298316186246,0.1558504088334209
4867,2,2,0.8434691282322909,0.02238059874350134,0.8434691282322909,0.014573931090632646,0.01413637402443626,0.05592703848030231,0.0495129294288366
4868,2,2,0.6658081982328495,0.05816935594356965,0.6658081982328495,0.017695224321872476,0.01402134559114036,0.12443505431328926,0.11987082159727881
4870,1,1,0.8485620948873066,0.8485620948873066,0.03368384175285501,0.015940624533535678,0.006407931975782502,0.054463943868081094,0.04094156298243915
4873,1,1,0.8402409542107905,0.8402409542107905,0.04620492345933126,0.013976043888393574,0.008361839592545566,0.04013371642065481,0.051082522428284344
4875,1,1,0.8439602355736706,0.8439602355736706,0.05282319433014432,0.01768419391784815,0.008260726762916226,0.04251957389789664,0.03475207551752417
4876,4,4,0.891554321287041,0.01754835740865869,0.02288356293885078,0.009187882413383723,0.891554321287041,0.026652702337061438,0.03217317361500442
4877,3,3,0.3009730777961218,0.11547618243708264,0.14174815435635704,0.3009730777961218,0.024008276706119425,0.1779590073789052,0.23983530132541397
4879,3,3,0.913629642962142,0.011126362520445835,0.015394950531061172,0.913629642962142,0.005335370436499808,0.04006422814008824,0.014449445409762986
4880,1,1,0.7163503585908454,0.7163503585908454,0.07169099097617228,0.025177616235068586,0.012046034639683558,0.0919717949802624,0.08276320457796793
4881,1,1,0.9036711624979996,0.9036711624979996,0.0223293813175725,0.008193358357662666,0.005105383949887459,0.02052024866977171,0.040180465207106074
4883,2,2,0.4665854114621288,0.12758076855669873,0.4665854114621288,0.027352550036211787,0.10065723725558323,0.08562528645494172,0.19219874623443584
4884,2,2,0.5491440093318796,0.057195838682466325,0.5491440093318796,0.02519880998436545,0.023188191147436883,0.2120982504970207,0.13317490035683113
4887,1,1,0.48408339233297776,0.48408339233297776,0.11508064461723287,0.048051808197761045,0.016393431736760552,0.11174513857506628,0.2246455845402013
4888,5,5,0.46501194265438406,0.08987896920832998,0.18023170591566873,0.044356123678430635,0.02672853373121881,0.46501194265438406,0.19379272481196785
4891,1,1,0.8083828817970464,0.8083828817970464,0.05101231983999132,0.018017840141253922,0.0185125961066626,0.06293726050890411,0.04113710160614161
4892,5,5,0.5820946396757178,0.12042549741744371,0.07965197257080624,0.04048325108431854,0.025581037239827322,0.5820946396757178,0.15176360201188638
4893,2,2,0.913509934814734,0.014070202415132167,0.913509934814734,0.009980239798882691,0.0059835368853727875,0.03400927454758448,0.022446811538293834
4897,6,6,0.8422481934286987,0.030908293640761635,0.05714789120790706,0.020463068873507233,0.009202716810752892,0.04002983603837251,0.8422481934286987
4899,5,5,0.7217250696200023,0.06605753624016532,0.08117921198028472,0.019985907374951074,0.01515600626137894,0.7217250696200023,0.09589626852321764
4900,4,4,0.9439034637070037,0.011674472564502178,0.009873850531516392,0.005230881307357236,0.9439034637070037,0.012394823687415292,0.016922508202205228
4901,3,3,0.950506444008604,0.005889569463864643,0.012532943091711,0.950506444008604,0.005642141818856563,0.017539257360830996,0.00788964425613287
4902,4,4,0.9768607683700633,0.004567037572218913,0.00533235641141001,0.002517906569812402,0.9768607683700633,0.005713625351769686,0.005008305724725611
4903,2,2,0.39759368067567236,0.056898696124716076,0.39759368067567236,0.030724818793280144,0.03295776010430046,0.21736908717282605,0.2644559571292049
4904,4,4,0.8895851226004848,0.018449294938847772,0.029020270432770997,0.012900310464812706,0.8895851226004848,0.03183087906314051,0.01821412249994317
4906,2,2,0.5370903893073065,0.0772194786219529,0.5370903893073065,0.030160485804545972,0.02129013448423145,0.22327187487347458,0.11096763690848864
4909,2,2,0.9354211400887632,0.004266516317534983,0.9354211400887632,0.011406244854130035,0.002330276363628468,0.04026863878364616,0.006307183592297155
4910,1,1,0.7149913835761359,0.7149913835761359,0.06594515707597126,0.018571746659204292,0.03329233451178186,0.10292605398262891,0.06427332419427784
4911,1,1,0.8392221065224933,0.8392221065224933,0.04157451038928944,0.016844344559273593,0.01963185631390561,0.04827706747609983,0.03445011473893817
4913,3,3,0.9335030726417715,0.01580673761811668,0.012400009718851914,0.9335030726417715,0.004843559246102718,0.01271483724049102,0.020731783534666242
4914,4,4,0.9867637909735378,0.004324090109037473,0.0019220578329337049,0.0014292558474031185,0.9867637909735378,0.002891308287406011,0.0026694969496818518
4915,5,5,0.5678323997627336,0.09282577845240232,0.21880019551650703,0.01795140417274424,0.01457901677016166,0.5678323997627336,0.08801120532545108
4916,2,2,0.8097484378863814,0.09175081315797172,0.8097484378863814,0.012364267633835187,0.0058949838985911445,0.025485642733861585,0.05475585468935902
4918,1,1,0.8699788793146387,0.8699788793146387,0.040408182354154075,0.013320490181247537,0.0069160779836957755,0.03695546185179019,0.03242090831447379
4919,5,5,0.5990053838832933,0.05753943244796141,0.1363649903920298,0.01877729597568495,0.02178383605619364,0.5990053838832933,0.1665290612448369
4920,1,1,0.7110945797856021,0.7110945797856021,0.07301733818598932,0.02141535789958249,0.010557340818775879,0.08342591235820415,0.10048947095184609
4922,2,2,0.8602725380519334,0.03357347504417625,0.8602725380519334,0.009458619354638858,0.006302158333933581,0.031397724150790764,0.058995485064527106
4923,4,4,0.8916945767958286,0.01973280688970508,0.027130375444404352,0.010847778523560364,0.8916945767958286,0.03286908588859472,0.017725376457906873
4925,6,6,0.37043158501219153,0.24281852055051725,0.11417335694088081,0.04624850573888356,0.08604378777226514,0.14028424398526174,0.37043158501219153
4926,5,5,0.5928956781502396,0.16302011429356555,0.0951601364021373,0.049119196836920696,0.024450843031098415,0.5928956781502396,0.07535403128603851
4927,5,5,0.504032125905062,0.04922605327106222,0.11255801443499672,0.023748723155398676,0.01393801593535912,0.504032125905062,0.29649706729812125
4928,5,5,0.75589398004983,0.041160010450845816,0.08987646768685145,0.0171597127879913,0.030676716792263685,0.75589398004983,0.06523311223221782
4929,3,3,0.940841400513425,0.008153604648367882,0.013810654051899738,0.940841400513425,0.004366082310341477,0.02362384506545884,0.009204413410507024
4930,2,2,0.6350319917920583,0.03619008150831429,0.6350319917920583,0.0212244669004339,0.0233147999347495,0.1959436354937891,0.08829502437065502
4931,4,4,0.7395628780619129,0.0481838908229536,0.06432034146343937,0.035311266868499135,0.7395628780619129,0.07909581310988312,0.033525809673311924
4933,6,6,0.8603574012644664,0.07641131044106447,0.015066462103037623,0.014599489706641693,0.007990829732314618,0.025574506752475187,0.8603574012644664
4934,3,3,0.30436607922651,0.16384138592174494,0.2107881108360853,0.30436607922651,0.025444116095492197,0.18368405750665795,0.11187625041350963
4935,3,3,0.9128126362314087,0.017814730785399274,0.023245476692833215,0.9128126362314087,0.007874044955090849,0.016363173550939972,0.02188993778432803
4936,3,3,0.9076464437299933,0.014953832885287769,0.01835158303345899,0.9076464437299933,0.0044434760275724,0.014018193302700118,0.040586471020987426
4937,5,5,0.667562932560968,0.04664476157268923,0.09332144316595019,0.01677270331018315,0.09535269012238642,0.667562932560968,0.08034546926782314
4938,2,2,0.8795823243514034,0.024789680964361613,0.8795823243514034,0.013290031723911987,0.008102766434061767,0.023479407173475395,0.050755789352786004
4940,1,1,0.9441880908270872,0.9441880908270872,0.01754214306997019,0.005194204932643914,0.0026317947285910016,0.014421235038921003,0.01602253140278673
4941,5,5,0.5503822499155075,0.02902817802131032,0.21354957070773756,0.024216288899823003,0.013384266743692584,0.5503822499155075,0.16943944571192904
4942,2,2,0.825471844794008,0.032239592129306924,0.825471844794008,0.013152585942991972,0.010570260875031885,0.09224843397491828,0.02631728228374303
4943,5,5,0.7065100797593169,0.04036441425680925,0.1131572415381899,0.030215262853844203,0.02570855697510896,0.7065100797593169,0.08404444461673079
4944,6,6,0.5709484224608511,0.060287646001472905,0.12230630667053585,0.023846306783162435,0.014501022550077805,0.20811029553389992,0.5709484224608511
4945,3,3,0.9321628924855558,0.009966413666773557,0.0172804112271518,0.9321628924855558,0.0035601399596271776,0.018700967753522726,0.01832917490736896
4946,4,4,0.963391273096102,0.003834313782423621,0.008853478209325019,0.0041871917285815465,0.963391273096102,0.009919245489123256,0.009814497694444596
4947,5,5,0.5755425711021259,0.06629013622608121,0.12210917078025263,0.03221402247385972,0.019295290921795064,0.5755425711021259,0.18454880849588554
4948,3,3,0.940604146208338,0.006646950320176086,0.015869523546517897,0.940604146208338,0.007587305178559017,0.017809170811568832,0.01148290393484019
4950,5,5,0.7306900738332545,0.05013873484169223,0.13326420774719866,0.022221020843431073,0.012649275967111588,0.7306900738332545,0.051036686767312024
4951,3,3,0.9287458995959951,0.011013698030767611,0.021228670125981314,0.9287458995959951,0.006099620918186314,0.014695588360963907,0.018216522968105872
4954,2,2,0.7549692664937792,0.036288972170331314,0.7549692664937792,0.024685273996887684,0.009448663022142301,0.08733678677358149,0.08727103754327804
4955,5,5,0.7096896234534873,0.039780589531880205,0.11240681234384564,0.04645167350587291,0.019070757775272458,0.7096896234534873,0.0726005433896415
4956,1,1,0.7555014505509596,0.7555014505509596,0.04774830232839322,0.02275535115244333,0.02499557639273369,0.045577328070516995,0.10342199150495322
4957,6,6,0.7872444376529216,0.06611273765630556,0.041485125768327656,0.021766093121983784,0.013966100510501452,0.06942550528995997,0.7872444376529216
4959,3,3,0.916000489658301,0.012816545029435661,0.023541284193346387,0.916000489658301,0.00433829252110247,0.01624119447997233,0.027062194117842005
4960,1,1,0.5441090479137914,0.5441090479137914,0.11801409070445207,0.033882213364677505,0.017537239856417957,0.1611331835365077,0.12532422462415319
4965,2,2,0.9503659373694364,0.012240918383155571,0.9503659373694364,0.0027251319877683155,0.0021050051333951583,0.013163215520291576,0.019399791605952964
4966,1,1,0.8512751547887444,0.8512751547887444,0.0378719849245949,0.016927144795838373,0.011465363381873601,0.042180047424040606,0.0402803046849082
4967,6,6,0.8716269750008189,0.01772520006670562,0.04029682387261718,0.010194083555417574,0.007695229043507589,0.05246168846093321,0.8716269750008189
4968,6,6,0.6501184251951484,0.06176276565437196,0.1106927621827736,0.024476935525142244,0.015251357109142745,0.13769775433342107,0.6501184251951484
4969,2,6,0.4493265687695955,0.06429400546899447,0.3348569607513557,0.036080475071991504,0.020456873739422683,0.0949851161986401,0.4493265687695955
4972,6,6,0.7533392356847508,0.06579790429459541,0.06681766753954231,0.02289298572580817,0.013206592334574177,0.07794561442072907,0.7533392356847508
4973,2,2,0.8530972090753366,0.023303924250851697,0.8530972090753366,0.013733032578638778,0.014040392333885095,0.045371712888217224,0.05045372887307063
4974,2,2,0.6334836977140009,0.022124533013071247,0.6334836977140009,0.022827754092296558,0.03174896554160671,0.15220850968908872,0.1376065399499359
4975,1,1,0.6596803015227343,0.6596803015227343,0.06330069119247816,0.0267825590409268,0.02169193330119201,0.09122097065659655,0.13732354428607224
4976,1,1,0.8530048644360645,0.8530048644360645,0.033688577491524194,0.010542464338297959,0.03358484255591065,0.03936932870144546,0.029809922476757195
4977,1,1,0.8696389750042056,0.8696389750042056,0.03414696736195844,0.012565550400902254,0.017941652901736778,0.03354283735491436,0.03216401697628263
4978,3,3,0.9533799222059467,0.01062817164880246,0.008329894227229333,0.9533799222059467,0.00226660899627678,0.016318048691603467,0.009077354230141364
4980,2,2,0.4751597399865676,0.18554270601424536,0.4751597399865676,0.026043401224449918,0.014113287315150606,0.11583206755095553,0.18330879790863108
4982,3,3,0.942524840861953,0.008087765081854766,0.011531728908566075,0.942524840861953,0.003867753119073803,0.023621893469034583,0.010366018559517768
4983,5,5,0.4919645951353405,0.060685010964865345,0.22062293526675175,0.02197042550031382,0.016327402449621376,0.4919645951353405,0.18842963068310714
4987,3,3,0.9499456784712424,0.010169561056562065,0.011172709664611636,0.9499456784712424,0.0022884576816861457,0.017861989438767663,0.008561603687129994
4988,2,2,0.6844017735422981,0.056602572495161596,0.6844017735422981,0.023430390892376033,0.020784799066966248,0.13725413050742938,0.07752633349576847
4990,6,6,0.9271053869168887,0.011463249702770462,0.019278213196949875,0.006257061982402381,0.004611871008751719,0.03128421719223684,0.9271053869168887
4991,2,2,0.7092339259581751,0.037549420101049044,0.7092339259581751,0.026893300047693684,0.018787630925496058,0.15519437069342806,0.05234135227415799
4995,1,1,0.8731817554902268,0.8731817554902268,0.04100265234997327,0.011707372231636731,0.007203158518872792,0.0354026719325699,0.031502389476720585
4996,5,5,0.706052857386563,0.03937333561868295,0.12854220126942337,0.02957047477320609,0.02150628802269495,0.706052857386563,0.07495484292942971
4997,3,3,0.9446698566036377,0.004519430393934372,0.013949396199464543,0.9446698566036377,0.005298738023661845,0.024268027024100976,0.007294551755200645
5000,1,1,0.959110859607337,0.959110859607337,0.012489088236260494,0.005793051779534462,0.0031146715207909545,0.009932772632168659,0.009559556223908519
5001,1,1,0.635373053065065,0.635373053065065,0.09229169170305736,0.03777516658157406,0.02061509948919776,0.08511309675954334,0.12883189240156254
5004,5,5,0.6063821495899935,0.08813833703570723,0.17566520177318826,0.023815631695132237,0.01682528228558406,0.6063821495899935,0.08917339762039468
5006,6,6,0.7368027743438558,0.04011660129949671,0.04236923141969669,0.018976469552676255,0.011673193082535257,0.15006173030173942,0.7368027743438558
5007,2,2,0.7298082142990826,0.024226498234151315,0.7298082142990826,0.012484879645870505,0.01018056202756462,0.18522145543632884,0.038078390357002063
5009,6,6,0.5051748837038076,0.1124892161405103,0.13978473525052845,0.03646056221176078,0.03357991800605392,0.172510684687339,0.5051748837038076
5010,1,1,0.6406216726389717,0.6406216726389717,0.12176018019164282,0.02895773796098179,0.020223862746017736,0.09726126700122661,0.09117527946115937
5011,1,1,0.8446832322978086,0.8446832322978086,0.037127905930143236,0.016430445830950574,0.012352721912236093,0.03906123955448965,0.05034445447437171
5012,5,5,0.5625197825159407,0.06048958503118064,0.18082804242710124,0.04016513193208821,0.026188366283050584,0.5625197825159407,0.12980909181063868
5014,5,5,0.6673683337951533,0.07899500251430915,0.106396792861968,0.023262723381004245,0.017650796754097694,0.6673683337951533,0.10632635069346758
5015,6,6,0.8246258747881999,0.031404976564439545,0.05087151368465542,0.02220636640363504,0.010054160053668548,0.06083710850540151,0.8246258747881999
5016,4,4,0.9483698337738745,0.015805769060931476,0.008321103920029469,0.004259557110316547,0.9483698337738745,0.012025639109286902,0.01121809702556112
5018,1,1,0.6930830624790446,0.6930830624790446,0.07120690848847325,0.033861139840779625,0.05431463327408092,0.06068927382283734,0.08684498209478433
5019,5,5,0.49194060856428984,0.11638178781014212,0.12015693579882362,0.03352999127319807,0.0227974917560412,0.49194060856428984,0.21519318479750527
5020,6,6,0.5846261275573492,0.1562978029259118,0.1066230875278877,0.035670800698152275,0.016923649234906454,0.09985853205579263,0.5846261275573492
5021,3,3,0.933960405685975,0.004157439446754793,0.012622846428402053,0.933960405685975,0.005241173221446183,0.03841019634379004,0.005607938873631751
5023,4,4,0.8496524911010238,0.040546200941427274,0.03249185073297091,0.014298670323138155,0.8496524911010238,0.04518625373731256,0.01782453316412735
5024,1,1,0.6263437412342135,0.6263437412342135,0.08649827839210704,0.031557784648611566,0.03583440220452543,0.12415579151729794,0.0956100020032446
5025,2,2,0.5869505565836554,0.0668728782255385,0.5869505565836554,0.02299386273416172,0.03060449649205436,0.1545958614475669,0.13798234451702332
5026,5,5,0.5316034287432748,0.10464559641937975,0.1996720565913076,0.029701147072473937,0.03288123074747685,0.5316034287432748,0.10149654042608706
5027,4,4,0.8164497660859206,0.02369156592615213,0.04294496782021741,0.015355248085892127,0.8164497660859206,0.04587434278300796,0.055684109298809896
5028,4,4,0.972959634982677,0.004356132525480858,0.007697378985859379,0.0032086724431962914,0.972959634982677,0.007134593286975341,0.00464358777581118
5029,1,1,0.8674331823415302,0.8674331823415302,0.03536915367241418,0.01316387058774718,0.007124662836870765,0.027800603647752557,0.049108526913685197
5030,1,1,0.8782883936208954,0.8782883936208954,0.028795869099645058,0.009723084553164537,0.027736533510877227,0.028724896251129946,0.02673122296428787
5031,1,1,0.7921462518119825,0.7921462518119825,0.05353777747505234,0.02464280469644476,0.00941498805840474,0.06731472445909376,0.0529434534990218
5032,4,4,0.9542346807349046,0.00951563761494433,0.011074743366998156,0.004800885510635137,0.9542346807349046,0.011404953082283162,0.008969099690234674
5033,6,6,0.8554412414900446,0.029961343124349053,0.04633187013023075,0.020359085170549754,0.008899043501777526,0.03900741658304827,0.8554412414900446
5034,1,1,0.7145910379389093,0.7145910379389093,0.05563813286243971,0.03973106232896674,0.012738233126578173,0.0681746626541888,0.10912687108891733
5038,1,1,0.9305234620308399,0.9305234620308399,0.01236119281750528,0.005985957513827898,0.005717498475785553,0.01796935892506228,0.027442530236979155
5040,3,3,0.9063252591040979,0.026637841533838146,0.024398742105874956,0.9063252591040979,0.009997343080032077,0.015441242553451147,0.0171995716227058
5041,1,1,0.8174254666482094,0.8174254666482094,0.0313980945865523,0.015802340177197928,0.008598274661454621,0.0395183737051531,0.08725745022143276
5042,3,3,0.279581275348185,0.15075410434255943,0.18311238313373845,0.279581275348185,0.044182753090317696,0.1681079555588781,0.17426152852632126
5043,1,1,0.8920494329271689,0.8920494329271689,0.03351138103435777,0.012157607875766882,0.00560416417678693,0.02738932068833756,0.029288093297582078
5044,2,2,0.7793545856766028,0.02989926763886115,0.7793545856766028,0.016466958343400197,0.012750717453938638,0.08619338222857262,0.07533508865862466
5045,4,4,0.8793662508749681,0.030797054718821784,0.025066183415190305,0.010962416748056434,0.8793662508749681,0.03534943916086823,0.01845865508209523
5046,1,1,0.8268656872541431,0.8268656872541431,0.053779080121634466,0.01593721195746053,0.008772251786379099,0.06236942956348237,0.03227633931690044
5048,1,1,0.8102747454864615,0.8102747454864615,0.048485604858568315,0.015180829527726002,0.014613681668107512,0.043363396823528175,0.06808174163560843
5049,5,5,0.6158372758735021,0.056471303224058494,0.14703852454650104,0.024936764943087282,0.02243259190368812,0.6158372758735021,0.13328353950916305
5050,1,1,0.9026751632579093,0.9026751632579093,0.025996036025933193,0.013381657917363789,0.006713223218850234,0.021113133379166635,0.030120786200776857
5052,1,1,0.7145489708599778,0.7145489708599778,0.11121466718753129,0.029440099294454077,0.014030941330967285,0.07539296937085162,0.05537235195621797
5054,6,6,0.7076389526633213,0.08269545242898003,0.08206724850452246,0.02371388562516345,0.016014137695389407,0.08787032308262335,0.7076389526633213
5055,2,2,0.7801027359181325,0.03680825415934132,0.7801027359181325,0.018998688388236512,0.014693323572536676,0.09743565198069586,0.05196134598105694
5056,6,6,0.902406186125019,0.009277656984682263,0.02690276767215421,0.010792224271459745,0.005364674633191213,0.04525649031349368,0.902406186125019
5057,1,1,0.7358500673595114,0.7358500673595114,0.059145643520015785,0.022703074859949865,0.011111669223468441,0.06330021634454955,0.10788932869250506
5058,2,2,0.5388892723375507,0.09813500962815659,0.5388892723375507,0.06485899232474061,0.021023178306041706,0.1568296117313931,0.12026393567211736
5060,6,6,0.5618293105343642,0.07705235281597667,0.06728269559145077,0.044403550173904946,0.013643798668554223,0.23578829221574915,0.5618293105343642
5061,2,2,0.7787824110195929,0.022716497068556638,0.7787824110195929,0.01703894759376587,0.006975448525721529,0.03620174360384897,0.13828495218851417
5062,5,5,0.559345940479403,0.04280013791442493,0.17721942159315998,0.019439768213190895,0.016634395240497653,0.559345940479403,0.18456033655932358
5063,3,3,0.9259096018277158,0.013621971410943142,0.020554331603452006,0.9259096018277158,0.005768501779050984,0.014635308701049916,0.019510284677788238
5067,5,5,0.6684443627961035,0.039500954064975176,0.11481815809561371,0.07494268742841016,0.014451410191842016,0.6684443627961035,0.08784242742305548
5069,3,3,0.9505563241904419,0.009282589997256825,0.007042803435593706,0.9505563241904419,0.0032855537632957904,0.018616515577095233,0.011216213036316598
5070,5,5,0.4373546511807973,0.09634002569995986,0.14652585562943518,0.031561926032880945,0.02304617189379228,0.4373546511807973,0.2651713695631344
5072,1,1,0.937360043622453,0.937360043622453,0.01788223362398067,0.006118799701950674,0.004311397595587608,0.016843753559432687,0.017483771896595494
5073,1,1,0.7098244800586385,0.7098244800586385,0.07981432475082179,0.021072564698623578,0.013430192855160769,0.07051227790408342,0.10534615973267189
5075,1,1,0.6754951365716904,0.6754951365716904,0.06739613782108879,0.02599688150253087,0.01423346050105622,0.07455569991629774,0.14232268368733603
5076,6,6,0.8449700080042685,0.025429186514047308,0.03931103027639067,0.018543526862156174,0.021132728405061422,0.05061351993807601,0.8449700080042685
5077,5,5,0.5895721265093916,0.06871754408952893,0.19365831653562418,0.0366602037176493,0.032752202158897056,0.5895721265093916,0.07863960698890896
5078,5,5,0.7461767077054164,0.04274882260859028,0.12413583667791266,0.026574262439955733,0.015013357730969675,0.7461767077054164,0.0453510128371553
5079,3,3,0.9367340821953859,0.008816421277375168,0.018081732574594903,0.9367340821953859,0.006540440106261727,0.018236187485127366,0.011591136361254967
5082,1,1,0.8925601871640579,0.8925601871640579,0.02704693830374163,0.011531288537741465,0.013246414172538554,0.030865615671146925,0.024749556150773552
5083,1,1,0.9182396656007404,0.9182396656007404,0.01866121127018969,0.0077154640167847064,0.003505590858533219,0.02225921628254454,0.029618851971207498
5084,3,3,0.9461506190644319,0.0043103776700990784,0.009182798106107804,0.9461506190644319,0.00491092620325707,0.028954758635045992,0.006490520321058086
5085,6,6,0.7933390407264523,0.05108680193087727,0.05176280434654015,0.038342714738271146,0.015340538875899683,0.05012809938195937,0.7933390407264523
5087,1,1,0.7361893327204734,0.7361893327204734,0.09400976466186389,0.01994170090177068,0.01893167962160144,0.08976126597212442,0.04116625612216621
5088,1,1,0.8547282005866802,0.8547282005866802,0.03234161720387768,0.012725248702127453,0.006763453588801892,0.03544985718470616,0.05799162273380667
5089,2,2,0.6721743840196281,0.04151775382011454,0.6721743840196281,0.015445259896031509,0.011971443131251982,0.1598627463293547,0.09902841280361913
5092,5,5,0.607278007994382,0.03487010479145546,0.20022563047291153,0.030450079595778452,0.025708068458284036,0.607278007994382,0.10146810868718842
5094,1,1,0.8607167972416953,0.8607167972416953,0.044316672727233775,0.01497386442516042,0.009765916266458587,0.04060801807284029,0.029618731266611492
5095,1,1,0.7984033094906902,0.7984033094906902,0.049372242251738786,0.0154646412695793,0.01936954603837855,0.0487683204112685,0.06862194053834464
5096,3,3,0.944874437899972,0.008632733206879201,0.01061928039759499,0.944874437899972,0.004351900378873749,0.02193465455408178,0.0095869935625983
5097,6,6,0.5627591433259795,0.1016042704740232,0.12734913682849666,0.03502244618094475,0.023369341109942952,0.14989566208061297,0.5627591433259795
5098,3,3,0.9327683364365325,0.013144092103048602,0.015878680373328246,0.9327683364365325,0.00608332172916079,0.017543727444489343,0.014581841913440464
5099,6,6,0.7103123498864219,0.04619214129351229,0.10077346266815645,0.0285723164105104,0.017343632354342435,0.0968060973870565,0.7103123498864219
5100,4,4,0.9147810971891512,0.020303692998922818,0.016780775962229644,0.009055445849641184,0.9147810971891512,0.022076585508506465,0.01700240249154852
5101,4,4,0.8803761586407162,0.01999757521864539,0.02613467376519905,0.008845840728588274,0.8803761586407162,0.04079467189224212,0.02385107975460908
5103,5,5,0.8180173048293847,0.028303498710591554,0.061565711457554906,0.010704754325296127,0.007282591055110031,0.8180173048293847,0.07412613962206273
5104,4,4,0.9352048217699905,0.0067249903060120665,0.01969169249062949,0.006144037274262542,0.9352048217699905,0.017969818033897692,0.014264640125207687
5105,5,5,0.6602550037781136,0.03295774176481621,0.1691113304950499,0.022375819981997717,0.011825912353298025,0.6602550037781136,0.10347419162672446
5107,2,2,0.7548383268172054,0.03876846317652424,0.7548383268172054,0.020975280271066602,0.008973484214087448,0.09658373635234462,0.07986070916877158
5108,5,5,0.7316859814309785,0.0642226548034761,0.08204830181047011,0.029322076232478025,0.014616646037429105,0.7316859814309785,0.07810433968516815
5109,4,4,0.9330207032832442,0.010986828500073962,0.015341642391391689,0.004487008682131896,0.9330207032832442,0.018222583598533213,0.0179412335446251
5110,3,3,0.9226305588637781,0.011012729684185043,0.020550441119641185,0.9226305588637781,0.0061859981569921604,0.022676539139372533,0.016943733036031052
5112,2,2,0.711336820692608,0.06679906869773078,0.711336820692608,0.026712056325061267,0.011879239685698565,0.09284288904694923,0.09042992555195216
5113,2,2,0.36245890092209215,0.0885936954325537,0.36245890092209215,0.04105020494917152,0.04204500771726382,0.27287978701619914,0.1929724039627196
5115,2,2,0.862740377231031,0.04142530307142302,0.862740377231031,0.017227578992593456,0.012021690483442987,0.0417576441486474,0.02482740607286217
5116,2,2,0.5212939959812384,0.05325729556641041,0.5212939959812384,0.023030357704927562,0.027248767792756066,0.23144667410395678,0.14372290885071068
5119,2,2,0.5607020570872546,0.09555789714896971,0.5607020570872546,0.026371914975386743,0.02046639053975869,0.1805238115421886,0.11637792870644147
5122,1,1,0.7494107318197318,0.7494107318197318,0.04660958558264648,0.018446374543471495,0.019117459517994737,0.05261546838767432,0.11380038014848111
5124,4,4,0.9417374968933575,0.020156241876370586,0.011049375307724008,0.004132364786983129,0.9417374968933575,0.013852184182869296,0.009072336952695447
5126,3,3,0.953242183901336,0.010569297618869381,0.008242260467020028,0.953242183901336,0.0022665382574795956,0.016387154862402276,0.009292564892892789
5128,2,2,0.6929901240474399,0.062070437853828334,0.6929901240474399,0.04655336311933089,0.014679515941363533,0.11984910747341385,0.06385745156462355
5130,4,4,0.9504369499380086,0.013427582326540344,0.009728622953181778,0.0037657646630780144,0.9504369499380086,0.011233743735728394,0.011407336383462847
5131,6,6,0.7597824523550564,0.028513296826627014,0.08217030371243657,0.014088454071198676,0.015106777634591178,0.10033871540009018,0.7597824523550564
5132,1,1,0.9093186898177318,0.9093186898177318,0.027848394937845095,0.012078356734716933,0.006610543570105107,0.02133913011208505,0.022804884827515977
5134,1,1,0.8785090739215442,0.8785090739215442,0.04166632377627335,0.011432506044084524,0.0075285147688998,0.03871780673258474,0.022145774756613477
5135,4,4,0.9609376296352593,0.008761867171033227,0.008905097455851775,0.003714228583766265,0.9609376296352593,0.010695564964941782,0.006985612189147514
5137,1,1,0.8272326191389479,0.8272326191389479,0.052091251517033366,0.013418232895521803,0.00906025599272015,0.05672823702560419,0.041469403430172753
5139,5,5,0.9013375730651376,0.01465576281423493,0.03855960578124612,0.011017648850082854,0.004899785928178605,0.9013375730651376,0.02952962356111991
5140,1,1,0.9281067043937736,0.9281067043937736,0.021764050438706516,0.008296015034333505,0.004725097061873154,0.019087569141280094,0.0180205639300331
5141,5,5,0.5947370351545112,0.05181491070479753,0.15595756282919893,0.03591050871905104,0.01431729073783125,0.5947370351545112,0.14726269185461005
5142,3,3,0.9383682139908455,0.011730005024717318,0.014991565048948831,0.9383682139908455,0.005230254063370567,0.016899260880125312,0.012780700991992619
5143,5,5,0.8696939891941348,0.020439582223230602,0.0603299095939313,0.011197212751713568,0.012967638040856422,0.8696939891941348,0.025371668196133353
5145,2,2,0.6555554138061288,0.08040899516700666,0.6555554138061288,0.02482039940734536,0.03786001628943908,0.08416983645785615,0.117185338872224
5147,4,4,0.884212502763889,0.019482303660808584,0.028050366716701018,0.01324800704919498,0.884212502763889,0.02889996787698596,0.026106851932420422
5148,4,4,0.867304909854841,0.01614165455525318,0.031130870873875057,0.014637608713649558,0.867304909854841,0.04485664841528786,0.025928307587093274
5149,6,6,0.6020805179536345,0.14894070632808157,0.061742519541543514,0.046382411868807615,0.027695031342181424,0.11315881296575143,0.6020805179536345
5150,1,1,0.7402910002198804,0.7402910002198804,0.07282088012090698,0.021833698191367986,0.013383832989744873,0.0757080691855942,0.07596251929250579
5154,2,2,0.5653929324462529,0.04586151021746977,0.5653929324462529,0.02293098395634562,0.038183909644449406,0.09209331552003938,0.2355373482154429
5155,3,3,0.9108523235423619,0.008572115235676836,0.014126488867929277,0.9108523235423619,0.004863429362210255,0.05428795873235036,0.007297684259471318
5157,3,3,0.3911692935209166,0.15939311332336595,0.12189155194542492,0.3911692935209166,0.022085220298401646,0.13115055535079934,0.17431026556109153
5158,5,5,0.696711381176276,0.06546811857109139,0.11979612797836613,0.049207710928542474,0.016129002968730332,0.696711381176276,0.052687658376993636
5159,5,5,0.7835434773197532,0.05873472779947722,0.0702956357757896,0.027198174497584503,0.027892420951426022,0.7835434773197532,0.03233556365596946
5160,5,5,0.6714285505988127,0.08000140761348214,0.10016582595535731,0.034759261680574215,0.02602982536840664,0.6714285505988127,0.08761512878336696
5162,3,3,0.34082476665426303,0.12506749323242422,0.13446668422821742,0.34082476665426303,0.01927978366986528,0.12242960096590065,0.25793167124932953
5163,1,1,0.7127373536101628,0.7127373536101628,0.0687019299265736,0.01899129596859329,0.014507501950757397,0.07309662932500745,0.11196528921890543
5164,6,6,0.756478680120539,0.028713986564177545,0.08187573289674034,0.01503193152257821,0.019002692158340367,0.09889697673762457,0.756478680120539
5165,1,1,0.8140007767754958,0.8140007767754958,0.04290925276024443,0.020264347904237198,0.007900520526681673,0.05206344826490658,0.06286165376843447
5166,4,4,0.9738045797398613,0.0038118082367901694,0.006537696341730787,0.002402740589939035,0.9738045797398613,0.006053433981078386,0.007389741110600359
5167,3,3,0.9380715358186698,0.01224587001102391,0.016252277780238973,0.9380715358186698,0.005526946125092159,0.012862751478822687,0.015040618786152496
5168,4,4,0.9719149479469998,0.009472210750385452,0.005264196081156438,0.002175862505010699,0.9719149479469998,0.00622511594851827,0.004947666767929398
5169,5,5,0.8068512664670767,0.030391123760744113,0.06189739951738339,0.014784622994353526,0.008592962523290221,0.8068512664670767,0.07748262473715209
5170,5,5,0.551532378251521,0.06889952933137154,0.1793091886738638,0.05210481091341789,0.02139014473081652,0.551532378251521,0.12676394809900923
5171,3,3,0.9115880650396891,0.016304335650238356,0.024432385409326206,0.9115880650396891,0.006827782124347996,0.01694578151313604,0.023901650263262263
5172,4,4,0.9742413200671015,0.003338267553106266,0.006886430254287179,0.0019066334775527623,0.9742413200671015,0.0076593554914304585,0.0059679931565217
5173,3,3,0.9176661491048401,0.0173334023016235,0.02142784551782625,0.9176661491048401,0.007743655834941341,0.014641097122982918,0.021187850117786008
5175,5,5,0.5884039082808913,0.038572592480423745,0.11462328228447226,0.024530733549247802,0.016553660262007185,0.5884039082808913,0.2173158231429576
5177,4,4,0.9605111006641947,0.005827900627121415,0.007211851096142688,0.004953248421546534,0.9605111006641947,0.011931149835414776,0.009564749355579959
5178,4,4,0.9716722855714433,0.004967167252624686,0.005963342494591381,0.002283911330146224,0.9716722855714433,0.01033602587119462,0.004777267479999946
5180,1,1,0.9683703401699464,0.9683703401699464,0.008530012297435271,0.003690448810756203,0.0060804557831775526,0.007441436346550552,0.005887306592134144
5181,4,4,0.8643999111300547,0.027703705079390514,0.03481779724689535,0.00898999392515335,0.8643999111300547,0.0379888016397058,0.0260997909788005
5183,1,1,0.7649725100759174,0.7649725100759174,0.06146308470992964,0.026144496076019787,0.012378527181334026,0.0759469463841086,0.059094435572690514
5184,3,3,0.9300512959882855,0.021663044211922763,0.017677638867196862,0.9300512959882855,0.006493224766556851,0.01196689926182478,0.012147896904213161
5185,5,5,0.6810046861961935,0.08452100767568894,0.09794919730261877,0.027587571725205397,0.012455240735558036,0.6810046861961935,0.0964822963647354
5186,2,2,0.6778240392625137,0.06148743609582026,0.6778240392625137,0.027470578481769533,0.019910972712559167,0.125398059075704,0.08790891437163337
5187,5,5,0.7655004230294764,0.031516484407147737,0.10779928630397388,0.013535367800955067,0.010031199051480193,0.7655004230294764,0.07161723940696668
5190,6,6,0.7768513354141551,0.07431182338482072,0.05158119750746461,0.014006814284204654,0.015383819748447493,0.06786500966090739,0.7768513354141551
5191,3,3,0.9087917999402091,0.029694522137803415,0.022701954384713806,0.9087917999402091,0.008443463357221959,0.014906627887488845,0.015461632292562904
5192,3,3,0.9284609817808235,0.00933306653369309,0.011383795598617784,0.9284609817808235,0.0032483774602346913,0.02852656238993137,0.01904721623669974
5193,5,5,0.7357742590220905,0.05640603002037645,0.09956097306312894,0.022263835385295663,0.0156363077705845,0.7357742590220905,0.07035859473852389
5197,4,4,0.8595541982553109,0.016799325785447957,0.03210641996289412,0.014386165693209335,0.8595541982553109,0.04619370998575586,0.03096018031738186
5198,2,2,0.6635889809913448,0.05101603631445101,0.6635889809913448,0.029173148427765874,0.013912506490287479,0.11104241261868102,0.1312669151574698
5200,5,5,0.4646882079293796,0.08910711527961135,0.1707425622734925,0.03369154364845982,0.15117292123850123,0.4646882079293796,0.09059764963055553
5201,2,2,0.496553865730559,0.09925828087164006,0.496553865730559,0.03078553003049016,0.01703625141730865,0.27882376335421644,0.07754230859578573
5202,5,5,0.8118658142580669,0.042232838868133775,0.07505930034546404,0.015666182646491503,0.009776285005668767,0.8118658142580669,0.04539957887617497
5203,5,5,0.7743719468473305,0.03446336643608975,0.10704232325193408,0.019556879546581432,0.008776512332654973,0.7743719468473305,0.05578897158540939
5204,5,5,0.7732913851159539,0.029893568316925995,0.11089957431809107,0.016830113960852912,0.010238228312547965,0.7732913851159539,0.05884712997562822
5206,5,5,0.6200690580422099,0.03898905012578947,0.12901980402249733,0.04787752652691228,0.01661930324381746,0.6200690580422099,0.14742525803877363
5207,1,1,0.833094822302889,0.833094822302889,0.024298442631924634,0.011360160642298283,0.016310081909283507,0.03451673413697682,0.08041975837662776
5208,4,4,0.9754096892058718,0.004303418073138677,0.0058274839113236325,0.0031146874762649334,0.9754096892058718,0.00668602098781526,0.00465870034558568
5210,2,2,0.5802780580270367,0.06467218310338332,0.5802780580270367,0.049892475154698114,0.03404438798309981,0.20467980513529935,0.06643309059648284
5212,5,5,0.6818737897931293,0.04805152312334259,0.15722773320471015,0.030361032995010844,0.016815388441212557,0.6818737897931293,0.06567053244259449
5215,6,6,0.6147149882991962,0.039494200799095804,0.13072290856171495,0.026376592733231924,0.03160268678870875,0.15708862281805241,0.6147149882991962
5216,5,5,0.6001187186172512,0.04867322031736455,0.14756793992827316,0.05734215265737792,0.015427605395010894,0.6001187186172512,0.13087036308472236
5217,4,4,0.9620580049924794,0.006286946258046856,0.01032399886342493,0.004536810301263445,0.9620580049924794,0.010236486086988043,0.006557753497797273
5219,1,1,0.870742578523441,0.870742578523441,0.023906145038451523,0.016602684329740915,0.01910664968066285,0.029727070142053447,0.03991487228565037
5220,1,1,0.8001866273948467,0.8001866273948467,0.04756301006952269,0.02136125893205645,0.015405397149722836,0.05769451150083199,0.05778919495301944
5221,5,5,0.6564353174875107,0.09365578879435273,0.14456111536576827,0.021633037716664052,0.014166237007889949,0.6564353174875107,0.06954850362781421
5224,6,6,0.7911959918355518,0.028034514983950067,0.06348182457930758,0.018209120320526028,0.012643050402929052,0.08643549787773554,0.7911959918355518
5225,3,3,0.9341729114790034,0.01196418076568117,0.018474861362988766,0.9341729114790034,0.004945099755164003,0.014181253022557544,0.016261693614605215
5226,2,2,0.8699699809673431,0.015387149651442628,0.8699699809673431,0.010319256730114511,0.009475355291064838,0.05998746884976663,0.03486078851026842
5227,5,5,0.5355061956967471,0.058628417285198964,0.11309705690955846,0.03831925951913099,0.01814196605175588,0.5355061956967471,0.23630710453760861
5229,3,3,0.9505605364261014,0.006323506512514515,0.013201974520311667,0.9505605364261014,0.004770069690444151,0.016106714645506722,0.009037198205121586
5230,5,5,0.7806094230678297,0.01659630004497728,0.12272232706592906,0.023469746885194587,0.012652591074632532,0.7806094230678297,0.043949611861436845
5231,2,2,0.7812663623219831,0.03322448297442039,0.7812663623219831,0.022191137117424115,0.013423175706656913,0.09208079708579457,0.05781404479372067
5232,1,1,0.9057523876562815,0.9057523876562815,0.026582473968474647,0.013000766560186573,0.0055527758661006125,0.025120009026700002,0.02399158692225674
5233,1,1,0.7493964694359764,0.7493964694359764,0.06871484486142629,0.022386357692545145,0.015671833419806113,0.07513010326237003,0.06870039132787596
5234,3,3,0.9318666316284253,0.005460415462984855,0.01240307850792688,0.9318666316284253,0.00776741899752861,0.033663774296951235,0.008838681106183095
5235,5,5,0.6198395489596539,0.055130148410689216,0.12196554962557662,0.053274010411558416,0.017989786096725087,0.6198395489596539,0.1318009564957968
5236,3,3,0.9295935334466248,0.010920238986107809,0.019827100317224178,0.9295935334466248,0.0037983402157603647,0.014021710796082778,0.02183907623820016
5237,2,2,0.6143472499545958,0.10339726870205183,0.6143472499545958,0.025269475117654275,0.01962551978636292,0.1428927397408514,0.09446774669848385
5238,5,5,0.6292454925959968,0.056338027210729696,0.1487711870691329,0.03571374486628602,0.014310007682310702,0.6292454925959968,0.11562154057554387
5239,3,3,0.9357801205228009,0.01593961512025647,0.011762916789190505,0.9357801205228009,0.004767310666135333,0.01108489771535397,0.02066513918626287
5240,2,2,0.6221968123149225,0.07179568689501184,0.6221968123149225,0.03584844778147236,0.016928194625151088,0.11580915703811583,0.1374217013453265
5241,4,4,0.9303936034138297,0.014143793992662374,0.015165893550371134,0.007967262619533575,0.9303936034138297,0.01784845684926629,0.014480989574336986
5242,6,6,0.8584890498040473,0.015386784442328754,0.04565903978219556,0.010394902101198518,0.007673187674114466,0.0623970361961155,0.8584890498040473
5243,2,2,0.7497783419804924,0.039286107891075034,0.7497783419804924,0.020085174823718077,0.02353059266864627,0.1145357297811069,0.05278405285496132
5245,5,5,0.7209476267234176,0.031952690115774805,0.09425956597149639,0.01689802461809886,0.012368822089826547,0.7209476267234176,0.12357327048138574
5246,6,6,0.7064576891395532,0.04878230740053339,0.08668043087096443,0.0261083618071017,0.012249539724913602,0.11972167105693372,0.7064576891395532
5249,3,3,0.9354293218160267,0.008011041567241813,0.01960378123513313,0.9354293218160267,0.008046607227696711,0.0143226360989936,0.014586612054908027
5250,2,2,0.6389661425175132,0.10942440203461838,0.6389661425175132,0.03863466044571889,0.01448992085277928,0.1258915886018189,0.07259328554755129
5252,4,4,0.9785590322528241,0.0052274613342425036,0.004579276154441954,0.002208271143363565,0.9785590322528241,0.00645137432206166,0.0029745847930660965
5253,3,3,0.9388714503513405,0.00737465537005908,0.0184639414434665,0.9388714503513405,0.008130531735484114,0.013204501462807343,0.01395491963684249
5258,1,1,0.9516974537076783,0.9516974537076783,0.012290087609118054,0.006473258145630402,0.0034374060083351833,0.011358731406560026,0.014743063122677967
5259,1,1,0.9628126752682925,0.9628126752682925,0.012184558720189545,0.004391561135032582,0.002147733242009887,0.008385180264278936,0.010078291370196528
5260,5,5,0.6211694317978357,0.08084125885859776,0.15540697326651193,0.027626308285156068,0.015557498512906066,0.6211694317978357,0.09939852927899248
5261,4,4,0.9453455667679254,0.011459084656923968,0.008909804683299646,0.006105366551745026,0.9453455667679254,0.010816644684525461,0.017363532655580553
5262,2,2,0.897504236640769,0.01814262770426862,0.897504236640769,0.010643303749764715,0.006255410378763003,0.03929800046069954,0.02815642106573514
5264,1,1,0.8378541894962436,0.8378541894962436,0.048988875456156766,0.014296293287586987,0.01221675559261221,0.053680579282029114,0.03296330688537141
5265,6,6,0.6535557774645468,0.09839081512564284,0.08654627211791864,0.044898528538462976,0.015816423016732518,0.10079218373669616,0.6535557774645468
5266,1,1,0.8593434942774308,0.8593434942774308,0.03771876846206324,0.014014529705249742,0.006862261663717341,0.035153020450071154,0.04690792544146768
5267,5,5,0.7397447915561036,0.04734271817061675,0.1078470644945967,0.021546759803775784,0.011368313342044665,0.7397447915561036,0.07215035263286257
5268,1,1,0.8932546644072242,0.8932546644072242,0.031300139279655956,0.010325765537322177,0.005734300678858253,0.0296044966647646,0.02978063343217474
5269,4,4,0.9314466292717808,0.01078413999137895,0.017067426005279718,0.004018138590703449,0.9314466292717808,0.017750935508249997,0.018932730632606976
5271,5,5,0.6792165476200217,0.06674888637611283,0.12403652173560434,0.028891487518603213,0.022672847909488952,0.6792165476200217,0.07843370884016888
5272,3,3,0.9135384385837864,0.017310926218909416,0.015251935112313974,0.9135384385837864,0.007522953903566625,0.03575925690745016,0.010616489273973408
5279,3,3,0.935757675992366,0.009254681207868713,0.01694064144648464,0.935757675992366,0.005174827346201742,0.018576520276583228,0.01429565373049567
5280,1,1,0.8319096026373654,0.8319096026373654,0.03312568446949501,0.012590354740286379,0.006402782845143981,0.05585674644834678,0.06011482885936258
5281,1,1,0.9153665719176532,0.9153665719176532,0.027032302610956283,0.008635464745062665,0.0043664515052763775,0.022981334077427782,0.021617875143623646
5282,3,3,0.919245755176258,0.01716298164894981,0.014072441981626526,0.919245755176258,0.005995356560236227,0.034065020437823106,0.009458444195106412
5284,4,4,0.8946807908356966,0.016905917383209918,0.02844954762805057,0.012591311924078079,0.8946807908356966,0.029920213358691355,0.017452218870273522
5285,1,1,0.8995622029167265,0.8995622029167265,0.024195918008244218,0.009453940507846008,0.01514439008494193,0.029330813060942387,0.022312735421299013
5286,5,5,0.75173272660292,0.04030520989211665,0.10798472421583527,0.030020413454350726,0.025128927748810752,0.75173272660292,0.044827998085966395
5287,5,5,0.5768093304841874,0.07003695582978223,0.10440325460458047,0.029048537358482243,0.09616420509149667,0.5768093304841874,0.12353771663147098
5288,3,3,0.9365549191403636,0.012686156670137066,0.016891543416236485,0.9365549191403636,0.00554182091571763,0.012905485329361938,0.015420074528183293
5290,5,5,0.613527343803085,0.07094538763650178,0.16788470791497492,0.04050755727656234,0.022864964526030693,0.613527343803085,0.08427003884284523
5291,2,2,0.39293267345238736,0.0928697567449652,0.39293267345238736,0.03263385095696757,0.02932277456368101,0.12108230429741589,0.33115863998458306
5292,5,5,0.640208225890522,0.06742953363475694,0.1705692050994544,0.01894488087076233,0.013855606654569691,0.640208225890522,0.08899254784993468
5293,6,6,0.6399521255495463,0.09209366327829188,0.10247187900741556,0.024091598099020128,0.011335964805898846,0.1300547692598274,0.6399521255495463
5294,4,4,0.9426172874828469,0.01343481467652712,0.010896769580372957,0.0074679533028894265,0.9426172874828469,0.014109412306542363,0.011473762650821194
5295,2,2,0.6813218181942948,0.04055501062567739,0.6813218181942948,0.026679622899370717,0.01835103598320834,0.14011892467395098,0.09297358762349783
5296,6,6,0.7786213644956219,0.04224075392795779,0.0618098256992505,0.0333204478407914,0.012685414896301523,0.0713221931400769,0.7786213644956219
5297,4,4,0.8570209240706923,0.04679645844175301,0.026243810802419297,0.010927240832007067,0.8570209240706923,0.030606586935203742,0.028404978917924435
5298,3,3,0.9231803376874265,0.013751374057305803,0.013441130607039834,0.9231803376874265,0.007695137745634732,0.032873079508047416,0.009058940394545816
5299,5,5,0.9389157784499667,0.007584393897181859,0.027063935414040636,0.006080428491434941,0.0036847740946570535,0.9389157784499667,0.016670689652718968
5300,5,5,0.5142279084127707,0.1392279696468407,0.17168907490450525,0.0632803201750593,0.025773861297903697,0.5142279084127707,0.08580086556292042
5301,5,5,0.6420425736308606,0.03592862896987482,0.11369259680497659,0.022403025986621382,0.01643126203264618,0.6420425736308606,0.16950191257502045
5304,1,1,0.7840661743217466,0.7840661743217466,0.06741952608101895,0.02069048531363264,0.013042801019190562,0.06312479673099997,0.0516562165334114
5305,4,4,0.9641573247132659,0.005284171249613507,0.008899011957111158,0.002842239308502849,0.9641573247132659,0.009600247191250187,0.009217005580256381
5306,1,1,0.9111835030976065,0.9111835030976065,0.025764177383018026,0.011102459207568317,0.005858622233221683,0.021451865152386722,0.0246393729261987
5307,1,1,0.8932053766071902,0.8932053766071902,0.031996618586938426,0.008790587942499841,0.005444048739320991,0.040077493500838585,0.020485874623211834
5309,1,1,0.7985057641448079,0.7985057641448079,0.06436449698698471,0.01988090928424983,0.014515544133332779,0.05885892187046141,0.043874363580163285
5311,1,1,0.778342687626394,0.778342687626394,0.06556734772039599,0.0160619291106009,0.008576720490400229,0.08099789841406578,0.050453416638143095
5312,2,2,0.7759982518822882,0.0325339112302864,0.7759982518822882,0.01771364145043997,0.010384466586215882,0.09623740459133336,0.06713232425943633
5313,3,2,0.3332232079399649,0.09480087616624834,0.3332232079399649,0.2749452769397873,0.06285076871069493,0.14135843575681237,0.09282143448649205
5315,2,2,0.7613638234959799,0.02926705430239323,0.7613638234959799,0.018304208672838034,0.011181448924121123,0.10401025674057571,0.07587320786409218
5318,5,5,0.5753507873193644,0.058587022325878126,0.16623195352872572,0.026899064237077552,0.018769297303582386,0.5753507873193644,0.15416187528537173
5319,1,1,0.842579993628318,0.842579993628318,0.043331621505977545,0.020299972187506794,0.01137420702995752,0.037350949610022235,0.04506325603821785
5320,4,4,0.9664485708842186,0.009498590629678711,0.005568833062669944,0.003229918604438522,0.9664485708842186,0.007027589877489073,0.008226496941505122
5321,2,2,0.4238558960846688,0.07272402907457712,0.4238558960846688,0.035644126189114236,0.015515851095101207,0.20733242804475327,0.24492766951178543
5322,4,4,0.9391762899300826,0.01274558006290725,0.01030280640062301,0.005642293216669645,0.9391762899300826,0.01670313936616988,0.015429891023547622
5324,4,4,0.9606833240937149,0.01422002195879118,0.007125634957127106,0.0026031344617310818,0.9606833240937149,0.009021571531036637,0.006346312997599029
5325,3,3,0.9432616563984341,0.006106499332526196,0.009843621675669283,0.9432616563984341,0.002504740598876859,0.028495520708166494,0.009787961286327175
5327,1,1,0.8855769553862606,0.8855769553862606,0.03056904265971703,0.014199600833538079,0.006890973450429414,0.02772826025555272,0.03503516741450211
5330,5,5,0.7330271084059699,0.044284743409139786,0.11619091256967819,0.02088133239910392,0.02612958816193205,0.7330271084059699,0.05948631505417625
5331,2,5,0.36406787844038957,0.040752970978722866,0.34172445526483763,0.05498999092838548,0.02106148011966185,0.36406787844038957,0.17740322426800265
5334,3,3,0.934365849411808,0.010668008231322,0.008215983420611878,0.934365849411808,0.004790042427742306,0.029558336950767646,0.012401779557748278
5335,1,1,0.7432534028595583,0.7432534028595583,0.0642142943337319,0.02752228481652869,0.014590804169165573,0.06540650715132279,0.08501270666969273
5336,2,6,0.3573766897235758,0.06359549701798593,0.346705954653516,0.059207876961934566,0.014818635555729558,0.15829534608725818,0.3573766897235758
5337,4,4,0.9021207413328961,0.019184000680532068,0.02341550420343072,0.011627225457860244,0.9021207413328961,0.026975486262375874,0.016677042062905007
5339,3,3,0.9287672829420053,0.011049824344780152,0.02012010450084941,0.9287672829420053,0.0038385735890232846,0.014078391488156917,0.022145823135184976
5341,5,5,0.7987415038495635,0.04104804207291407,0.07043430831573257,0.018642983894894084,0.009487597199272153,0.7987415038495635,0.06164556466762359
5343,5,5,0.49877290588941314,0.04384993282490822,0.10375283370583745,0.04217340530560497,0.02900161559143376,0.49877290588941314,0.2824493066828024
5344,6,6,0.813750929007713,0.050506130527103114,0.0502471432068858,0.0190454329323013,0.009303361204945328,0.05714700312105151,0.813750929007713
5345,4,4,0.9747069439468705,0.00396683659856575,0.00591101227675674,0.0022491365846404716,0.9747069439468705,0.007450454081924318,0.005715616511242195
5346,6,6,0.5643327851043635,0.011809221550152649,0.3735048869087912,0.01389041814786717,0.009265116243698584,0.027197572045126978,0.5643327851043635
5347,1,1,0.7009139473741376,0.7009139473741376,0.10809900767685247,0.0343236588145841,0.015607549476868916,0.08995354975459473,0.051102286902962285
5348,1,1,0.9517841919468195,0.9517841919468195,0.01715486475617976,0.005290035271097263,0.00357793105964411,0.013917269006441654,0.008275707959817656
5350,4,4,0.8045913337246667,0.0325368164889567,0.04890252218830735,0.018375444812999436,0.8045913337246667,0.05001916320143844,0.0455747195836314
5351,2,2,0.4872800145929708,0.06195661174157084,0.4872800145929708,0.03273043643115947,0.017484302694367012,0.057788510080401916,0.34276012445953
5353,2,2,0.7676585637282171,0.02214982945678671,0.7676585637282171,0.022015976282002584,0.010943341459313064,0.11042886025383422,0.06680342881984636
5354,4,4,0.9514029388038581,0.008899855809620738,0.01175980496679103,0.0038135008618389124,0.9514029388038581,0.016407035033068652,0.007716864524822729
5355,1,1,0.6280213656080548,0.6280213656080548,0.07335710097331308,0.021968722886736028,0.015002333852004375,0.18922415944514315,0.0724263172347487
5356,5,5,0.5751098616144188,0.11805894516795028,0.13873887542626068,0.027768455216157242,0.04219279503282946,0.5751098616144188,0.09813106754238361
5357,4,4,0.9815271310979714,0.00322376269703755,0.004322974220568978,0.0012617615926992373,0.9815271310979714,0.0037165149463558858,0.005947855445367056
5359,4,4,0.9688850764324743,0.005701341386676324,0.00842908997853305,0.0037116924486161086,0.9688850764324743,0.008177937688663676,0.005094862065036556
5361,2,2,0.8188807714578572,0.02440582489790391,0.8188807714578572,0.020291805754544853,0.010320642715970475,0.0645985840922115,0.0615023710815122
5362,5,5,0.8302888401820075,0.036561466280081695,0.0717595942019948,0.01693827891350939,0.00903127204876227,0.8302888401820075,0.03542054837364439
5363,2,2,0.6627091128334007,0.04636614312215251,0.6627091128334007,0.03528688314469369,0.017415348720114566,0.1654201529829186,0.07280235919671992
5364,2,2,0.5682733120254001,0.07976873866428898,0.5682733120254001,0.03539390914861045,0.02739977219158107,0.18743873646928885,0.10172553150083057
5365,5,5,0.6402787399770451,0.05683958421734093,0.17295573239167017,0.01507041535207344,0.013049883458990667,0.6402787399770451,0.10180564460287973
5366,6,6,0.7885827162374676,0.07304222592243935,0.05330637283181788,0.023421419659357578,0.013901384260407651,0.047745881088509995,0.7885827162374676
5368,3,3,0.9323481680322602,0.011470893418343134,0.019303898460865856,0.9323481680322602,0.006235828834117558,0.014046065011547652,0.016595146242865733
5370,2,2,0.6226718504901219,0.1024349765443605,0.6226718504901219,0.035927194970195205,0.020137538827632924,0.10670071123523736,0.11212772793245207
5373,5,5,0.7857724022622578,0.02907950654495134,0.09061249032907154,0.01678448292223918,0.009702161505282646,0.7857724022622578,0.06804895643619735
5375,1,1,0.9210081483041719,0.9210081483041719,0.01837287039743596,0.008597937186199238,0.004035656095741515,0.017913249403662696,0.030072138612788672
5377,1,1,0.8128215668834342,0.8128215668834342,0.04919041246811818,0.017404609437953248,0.02836353426566952,0.052620164286157026,0.03959971265866778
5378,5,5,0.7600427951953077,0.05782508926242208,0.08493524710210054,0.02440338023854409,0.009834524516580609,0.7600427951953077,0.06295896368504511
5379,5,5,0.4139986830806553,0.1423391621922511,0.11287923155919204,0.06691129028110557,0.07531544772415723,0.4139986830806553,0.18855618516263867
5381,4,4,0.9295952104368748,0.013152222422401275,0.01375244540559356,0.006795812255557812,0.9295952104368748,0.027515215397069005,0.009189094082503646
5382,5,5,0.6367358502000752,0.06567255616670463,0.1638445713447617,0.028584246138888998,0.02345884690735108,0.6367358502000752,0.08170392924221831
5383,2,2,0.8904278433898462,0.009881624744577763,0.8904278433898462,0.006222987335299468,0.006966092768959576,0.03396361009000209,0.052537841671315096
5384,2,2,0.7252799394172811,0.05098588569491702,0.7252799394172811,0.015941813963814198,0.012941738089721502,0.1279858123793105,0.06686481045495564
5385,2,2,0.922000354903479,0.011083698613754599,0.922000354903479,0.005832220595750168,0.005550418275361747,0.034791576539567264,0.02074173107208728
5386,1,1,0.943062692030797,0.943062692030797,0.014887153925481393,0.0057072728496382254,0.0034950813701807235,0.014952455423627851,0.017895344400274897
5387,6,6,0.8683390973430855,0.01604317260557545,0.037676395530561096,0.017737268719125152,0.007356025374452936,0.05284804042720003,0.8683390973430855
5388,2,2,0.7223234906569286,0.03898196249230852,0.7223234906569286,0.020618869734191116,0.024879285593639312,0.1130522271019759,0.0801441644209566
5389,1,1,0.7802633817710526,0.7802633817710526,0.08003988295012845,0.022229145902155672,0.011459561194791449,0.06354769264467985,0.04246033553719203
5390,6,6,0.7042078244398244,0.06490762720695514,0.09372578392919229,0.03765580238986675,0.01567858771470861,0.08382437431945272,0.7042078244398244
5392,4,4,0.9818250001954323,0.0027694905321063285,0.004902731913195245,0.0016986166146876443,0.9818250001954323,0.005197754007373443,0.003606406737205073
5393,1,1,0.8162098559731085,0.8162098559731085,0.046037622632153136,0.014808627712516046,0.010824843391258639,0.055547434951331826,0.05657161533963194
5394,5,5,0.5279680597081892,0.05924142703274081,0.17881187460850906,0.02787965548288044,0.024043248006202285,0.5279680597081892,0.18205573516147833
5395,3,3,0.9276357361530845,0.010595003890135643,0.0196072165503298,0.9276357361530845,0.00582640547214114,0.021166634921685343,0.015169003012623491
5396,5,5,0.6599822472710943,0.06654122430108952,0.12499624620697948,0.06393504953536806,0.019126504995689197,0.6599822472710943,0.06541872768977937
5397,6,6,0.61356704084967,0.08500636317096541,0.0838757448024308,0.04039889917500624,0.014500989550659697,0.16265096245126792,0.61356704084967
5399,5,5,0.6467797750392151,0.041008732219990345,0.09474172028753114,0.073285622836212,0.020453736418058026,0.6467797750392151,0.12373041319899344
5400,5,5,0.7059594254400243,0.03322438078581761,0.13366293569227108,0.024261807478480286,0.029882186392756024,0.7059594254400243,0.07300926421065075
5402,1,1,0.7066517055476386,0.7066517055476386,0.06152990650170524,0.0270201268711483,0.01101638616851887,0.08563180015879338,0.10815007475219582
5403,1,1,0.8844838458683457,0.8844838458683457,0.027343276003088696,0.011036504943730948,0.01584028946276524,0.03381815518555958,0.02747792853650981
5406,4,4,0.9712397862538671,0.005064987040868006,0.006229088736097273,0.003271898422715485,0.9712397862538671,0.009098741877373542,0.005095497669078598
5407,1,1,0.5545203475229222,0.5545203475229222,0.11815379036123357,0.03636837285859938,0.020300276673762087,0.11164640223534064,0.1590108103481421
5408,5,5,0.5197564381087245,0.0519147476319091,0.1749727490685841,0.03168856222348451,0.018772820095226815,0.5197564381087245,0.202894682872071
5409,6,6,0.5492167682200779,0.1501998254651017,0.08710806736407999,0.0201528231567275,0.07503692142184246,0.11828559437217055,0.5492167682200779
5410,5,5,0.5375552726520282,0.03591345426316102,0.14705207971722767,0.03134930373205539,0.022228762107878743,0.5375552726520282,0.22590112752764904
5411,4,4,0.9823759862608722,0.002795305740674306,0.004134938476916386,0.0021859941890565804,0.9823759862608722,0.005027237483040436,0.003480537849440005
5413,3,3,0.9392149822377556,0.007344419220845999,0.018408212859765277,0.9392149822377556,0.008096094987223133,0.013019280504675886,0.013917010189734165
5415,1,1,0.8779091679871941,0.8779091679871941,0.0429563977090842,0.010990446295639514,0.009589158163579256,0.039944482952579075,0.018610346891923892
5416,6,6,0.5173651598274704,0.11956643712544719,0.12178717461018998,0.041853147013864625,0.028709467476901115,0.1707186139461266,0.5173651598274704
5417,2,2,0.6510712408757893,0.04562466595702222,0.6510712408757893,0.019922501716181793,0.013811136420498346,0.1521171727541652,0.1174532822763431
5418,4,4,0.9377606977674222,0.019798490255265377,0.011197340415657482,0.004746546148304581,0.9377606977674222,0.014602303891964303,0.011894621521386048
5419,4,4,0.9333925033835262,0.01509251741918791,0.016338262199522564,0.005541954078213594,0.9333925033835262,0.016473313630458796,0.0131614492890909
5420,3,3,0.9376144848091972,0.00771028010863413,0.015076865122250618,0.9376144848091972,0.003908624157157461,0.02563626139556271,0.010053484407197916
5421,1,1,0.693186677243992,0.693186677243992,0.07441100894638421,0.021646937378573674,0.01690807277181861,0.08605976596565094,0.10778753769358064
5422,1,1,0.6945291566251873,0.6945291566251873,0.06679212485616219,0.021060788422650425,0.010916756310624992,0.09130068065645276,0.11540049312892241
5423,1,1,0.8107766307758132,0.8107766307758132,0.04405738002731557,0.01918605784508972,0.008837760191373617,0.054139788577126875,0.06300238258328102
5424,4,4,0.9346454535345844,0.019837351298507812,0.010452208506097824,0.006434871713356264,0.9346454535345844,0.017093102962850958,0.011537011984602752
5425,5,5,0.782950070283791,0.03940326430467563,0.08121167917446538,0.03663044838142314,0.010266344951124738,0.782950070283791,0.04953819290452016
5427,3,3,0.9436007065485751,0.012792790377767833,0.010168369392126548,0.9436007065485751,0.003998663412775657,0.014692575138366512,0.01474689513038838
5428,2,2,0.826006453145814,0.03348397624823651,0.826006453145814,0.017504455752622328,0.013826506056140865,0.06754413450862062,0.041634474288565725
5429,5,5,0.5370885099265239,0.13035553298616245,0.1662927757532576,0.0478362218206431,0.021687723928073707,0.5370885099265239,0.09673923558533909
5431,4,4,0.8678634322571286,0.03081836145157968,0.025116439991459717,0.017078670444648447,0.8678634322571286,0.0331356507329736,0.02598744512220993
5432,3,3,0.3971168381881687,0.061808850281143406,0.18807247007309982,0.3971168381881687,0.05374802844818233,0.1900732426276441,0.10918057038176174
5434,4,4,0.9784327097116562,0.0033085601519957037,0.004163329670530813,0.0025873343736630234,0.9784327097116562,0.006789902687692667,0.004718163404461693
5437,1,1,0.7283951758546688,0.7283951758546688,0.06895293002306667,0.020323897103280274,0.012674174667907014,0.07248832758376132,0.09716549476731587
5439,5,5,0.6912791671230962,0.0373021418850876,0.07398410719876487,0.015204797776105311,0.057150769211983435,0.6912791671230962,0.1250790168049626
5440,3,3,0.9440144455406466,0.007541547875711878,0.016692201302533596,0.9440144455406466,0.005641879410997324,0.014754904278062538,0.01135502159204797
5441,2,2,0.5439412325192058,0.036924851412808525,0.5439412325192058,0.04998783026112252,0.020779043079979496,0.29823624251635944,0.050130800210524344
5442,5,5,0.5817173391714541,0.0677262002514574,0.12531084931660244,0.028846305150631527,0.016416907396192483,0.5817173391714541,0.17998239871366203
5443,5,5,0.5598390231199908,0.16328092992155221,0.1275242575067692,0.04523607011354272,0.030545907406412613,0.5598390231199908,0.07357381193173246
5446,1,1,0.8184361595281335,0.8184361595281335,0.04652056155089989,0.018075679631058248,0.011072626004575042,0.04875138398730044,0.057143589298032954
5449,4,4,0.9564330383867923,0.006152568286109201,0.009250029631847118,0.004637228780705573,0.9564330383867923,0.012502820838922091,0.011024314075623761
5451,5,5,0.5991242515860475,0.04226061811372454,0.2200842624905783,0.02779381112700922,0.020641113519924367,0.5991242515860475,0.09009594316271602
5452,3,3,0.44972360914192006,0.15593286845490853,0.11673232368438485,0.44972360914192006,0.01932763470273703,0.11540032599220862,0.1428832380238409
5453,5,5,0.4892269131685233,0.07369709501113515,0.20576167891760952,0.03433052402174808,0.022502835689481235,0.4892269131685233,0.17448095319150278
5454,1,1,0.7333200077537022,0.7333200077537022,0.08948341056849177,0.02155423160449171,0.01207832937388469,0.07732285485291648,0.06624116584651327
5457,4,4,0.9802722301574893,0.006079926351448413,0.003430161412354664,0.002034414657292106,0.9802722301574893,0.004079909288566756,0.0041033581328487586
5458,4,4,0.9587650871948801,0.0066865227830500825,0.00976170408562271,0.004776207798569964,0.9587650871948801,0.009949826521319613,0.010060651616557637
5461,5,5,0.5995372658992867,0.057816522980179544,0.19913744627203536,0.039691221770413204,0.02587317105239018,0.5995372658992867,0.07794437202569497
5462,3,3,0.9075917443929368,0.012196295365704815,0.02710074185965908,0.9075917443929368,0.006163824851113082,0.01709087536078309,0.029856518169803094
5466,1,1,0.8959984871885258,0.8959984871885258,0.025385116205326613,0.01074866122776147,0.0057699606523073255,0.031223306275431097,0.03087446845064762
5468,3,3,0.8843567922125748,0.0047089864731203815,0.009743566048202191,0.8843567922125748,0.0023611559657825613,0.09283573523482729,0.005993764065492765
5469,5,5,0.5110392654447455,0.122884988270467,0.09587300279174202,0.042057687143705044,0.024240293901413735,0.5110392654447455,0.20390476244792663
5470,4,4,0.9729667613693221,0.005408467812247504,0.00616698527310636,0.0030565804339829595,0.9729667613693221,0.008279765236303926,0.004121439875037157
5471,3,3,0.9325521173095651,0.01152689606986053,0.019463254674780585,0.9325521173095651,0.006231386636963301,0.014097678067923907,0.01612866724090654
5472,1,1,0.8706315775012663,0.8706315775012663,0.031573450549352206,0.013357495721130007,0.0054619501753170405,0.03219739042192215,0.04677813563101228
5473,2,2,0.7129933655001798,0.030131880117339676,0.7129933655001798,0.019362821035537603,0.010885741095558099,0.15026699349077066,0.07635919876061419
5474,6,6,0.6586439697804473,0.019765024400413164,0.09618535933375222,0.02057149479109781,0.011728337407392438,0.1931058142868971,0.6586439697804473
5475,5,5,0.7604944941417222,0.056334474517153295,0.07456574544826929,0.01604527856998881,0.0115023091870863,0.7604944941417222,0.08105769813578008
5476,5,5,0.5645294935436028,0.04347279863947031,0.08360966722507662,0.028199068769610994,0.01861691942629628,0.5645294935436028,0.26157205239594294
5477,2,2,0.5736945931855231,0.039019747331032334,0.5736945931855231,0.025682279011715988,0.016738374477017093,0.1543669499363437,0.19049805605836787
5478,2,2,0.7283062438879341,0.07496826859287373,0.7283062438879341,0.025798080067453873,0.017907884120753077,0.07489087811937162,0.07812864521161361
5481,3,3,0.926943759609895,0.010431707906249069,0.010966465951139393,0.926943759609895,0.002511850198087408,0.04085159493713135,0.008294621397497847
5482,5,5,0.4610104080772131,0.14755421186842113,0.15080121760510312,0.06028452161846854,0.042263487920014775,0.4610104080772131,0.1380861529107793
5483,3,3,0.9395402651295132,0.00927114513610522,0.01662420555426676,0.9395402651295132,0.0033634232226384046,0.013176054844460439,0.0180249061130161
5484,1,1,0.9249671374337873,0.9249671374337873,0.024576093527070384,0.00849161297581456,0.005721341085430284,0.023584473840009224,0.012659341137888235
5488,4,4,0.9673005051767698,0.005806009378881909,0.006319056704574408,0.003115501275824412,0.9673005051767698,0.010775814558318456,0.006683112905631029
5489,2,5,0.5656236712904936,0.021412017266417296,0.3396793893374308,0.023979797404245006,0.012017611060997309,0.5656236712904936,0.037287513640416055
5490,4,4,0.9617544336428723,0.007754110992126233,0.009538227208899814,0.0033068524200618207,0.9617544336428723,0.01167625544836564,0.005970120287674293
5491,5,5,0.8574382576515033,0.020075983148360288,0.04742609699691298,0.023018275101686855,0.009590575413075666,0.8574382576515033,0.04245081168846109
5492,3,3,0.9357801205228009,0.01593961512025647,0.011762916789190505,0.9357801205228009,0.004767310666135333,0.01108489771535397,0.02066513918626287
5494,4,4,0.962854515153438,0.009465640852582209,0.006255761947938226,0.0036985617877888987,0.962854515153438,0.009378525322684067,0.008346994935568704
5499,1,1,0.8547970639497804,0.8547970639497804,0.04683696499822765,0.016128582982035036,0.008553497123838788,0.045026677279453045,0.02865721366666509
5500,1,1,0.649444553976552,0.649444553976552,0.07184485391876695,0.03078969920866578,0.01697015098609124,0.1235767661870577,0.10737397572286643
5502,1,1,0.8943865123247795,0.8943865123247795,0.025437556669467405,0.011851566416945994,0.005882275046528103,0.028211971995494193,0.034230117546784795
5503,6,6,0.6858682228677283,0.043240262401274446,0.0766261180712011,0.03623815902730914,0.02247209686533084,0.1355551407671562,0.6858682228677283
5504,4,4,0.9024146151633157,0.016120594034471754,0.024191532878039244,0.009567378441672653,0.9024146151633157,0.02320120059279892,0.02450467888970186
5505,3,3,0.9496990643937725,0.004696320009766434,0.010397536277983252,0.9496990643937725,0.005223316586349111,0.022092399342899673,0.00789136338922907
5506,4,4,0.9488847997718963,0.006526793372821192,0.009792149884526575,0.005868852074746511,0.9488847997718963,0.01646194474469412,0.01246546015131535
5507,1,1,0.7957991434804942,0.7957991434804942,0.05752396645248398,0.017452253594086035,0.022857460969383514,0.06866369920535977,0.037703476298192484
5509,5,5,0.6378194698458932,0.030779571130677568,0.1336551409027564,0.026338413606573293,0.01818723496630729,0.6378194698458932,0.15322016954779233
5511,2,2,0.4707561455673886,0.0910010138288392,0.4707561455673886,0.03855939292306984,0.028017136001674214,0.26269580653664276,0.1089705051423854
5512,3,3,0.9384824490940428,0.00909724004566634,0.01669811955965078,0.9384824490940428,0.004163123893872496,0.014130876919825253,0.017428190486942285
5513,5,5,0.7119160624838765,0.03396879074624909,0.06065820186917622,0.03399898414416471,0.016303839511663466,0.7119160624838765,0.1431541212448699
5514,1,1,0.9697971155645116,0.9697971155645116,0.007505628625717405,0.0033752879290313096,0.001851768416753546,0.007267609511319862,0.010202589952666352
5515,2,2,0.9426278247184842,0.0083813732220934,0.9426278247184842,0.005117220418097269,0.0037545704723795916,0.021357161072655305,0.018761850096290306
5516,6,6,0.7397175349732721,0.0516290719028079,0.08628055011887882,0.02390407585047903,0.016730811906319653,0.08173795524824258,0.7397175349732721
5517,5,5,0.7409025000760456,0.0365567205989906,0.13589609640944356,0.019900840833608508,0.014172790465953223,0.7409025000760456,0.05257105161595854
5518,2,2,0.9283637254085121,0.011434472830420542,0.9283637254085121,0.009286169841136586,0.005875219504942312,0.023939016851809946,0.021101395563178516
5519,4,4,0.9597650050072687,0.00614398120914116,0.0103749067962292,0.0037781731162400026,0.9597650050072687,0.011496459378277053,0.008441474492843982
5520,5,5,0.5049694606264553,0.12616534095120252,0.0916274696504416,0.05325481929648243,0.09514909307834543,0.5049694606264553,0.12883381639707278
5523,1,1,0.5737199739646718,0.5737199739646718,0.07645379152692941,0.030234443661702103,0.09674698983366084,0.07770342483591092,0.14514137617712503
5524,2,2,0.4014756458211629,0.09180134623935086,0.4014756458211629,0.04486265276305393,0.0379694941830983,0.31292854167099404,0.11096231932234003
5526,1,1,0.8521617726086199,0.8521617726086199,0.038009314746567734,0.01886140975953787,0.010992566197758603,0.032958529559295506,0.04701640712822041
5528,4,4,0.8706799782382996,0.027520561826075624,0.030530834576036215,0.011457749638245963,0.8706799782382996,0.034301892279777375,0.025508983441565228
5530,2,2,0.6219314974567802,0.03378413378401077,0.6219314974567802,0.016074290313962385,0.010475605662381244,0.18859556412864475,0.12913890865422062
5532,1,1,0.9128343492064888,0.9128343492064888,0.025366343208452862,0.011019788826401306,0.008338267218555719,0.024487198891871627,0.017954052648229652
5533,5,5,0.5855167852237294,0.07229411103415662,0.1146071053816572,0.03860902278474416,0.10479664974728586,0.5855167852237294,0.0841763258284268
5534,4,4,0.9292682506594867,0.023481297106125773,0.011457963152371057,0.006193358724707577,0.9292682506594867,0.016338740338596815,0.013260390018712098
5535,5,5,0.8058608024071728,0.034748071754429254,0.07406129939067896,0.02597051405998456,0.017256598185465242,0.8058608024071728,0.042102714202269166
5536,5,5,0.5622012360275449,0.06092635138018152,0.11111285815943141,0.03946012916539714,0.01844291239847558,0.5622012360275449,0.20785651286896947
5538,1,1,0.6822597406103402,0.6822597406103402,0.0861340316193526,0.024548058229272057,0.014944449399649269,0.10742380064654258,0.08468991949484327
5539,4,4,0.958709690059645,0.013504724104785969,0.006745051301109464,0.003693921665300542,0.958709690059645,0.010264133198440984,0.007082479670718147
5540,1,1,0.7088201694155577,0.7088201694155577,0.07263766801888012,0.02210058799127813,0.021330999249090613,0.07531718325887034,0.0997933920663231
5541,1,1,0.7325928221268742,0.7325928221268742,0.04892225760609502,0.02241310554898233,0.011057791682407196,0.043047380287027724,0.1419666427486136
5542,2,2,0.8106788380169212,0.040544936211050486,0.8106788380169212,0.03109755300769351,0.017092854096755355,0.05944502688034814,0.0411407917872314
5543,4,4,0.9602031373462961,0.008433437006076716,0.008619835516720601,0.003850249905964256,0.9602031373462961,0.00994722959436621,0.008946110630576012
5545,3,3,0.9343619927510198,0.018318148234530394,0.014982680846060737,0.9343619927510198,0.004235944192182738,0.011426731335461552,0.016674502640744625
5548,5,5,0.619864778112505,0.08816250463152318,0.1400203834030119,0.027413545192783797,0.0167606908873424,0.619864778112505,0.10777809777283386
5549,1,1,0.8889395228887234,0.8889395228887234,0.031882092777149575,0.010273789380067825,0.009923187193204138,0.02867206705108429,0.03030934070977076
5550,3,3,0.9276389745340824,0.014642634173269583,0.019442445972727825,0.9276389745340824,0.006527772275167167,0.01384310618288885,0.017905066861864143
5551,6,6,0.8232686857956909,0.06676347934649506,0.04290400038858777,0.011920766858318452,0.007349084688456761,0.047793982922451086,0.8232686857956909
5553,2,2,0.9028726048995169,0.012379354369183792,0.9028726048995169,0.009505858596518025,0.0063257028858115065,0.04265878009392994,0.026257699155039844
5554,6,6,0.5318458846225576,0.11430739477311394,0.1362933634641215,0.03199162392443332,0.03226266126896789,0.15329907194680578,0.5318458846225576
5556,6,6,0.6566137050252532,0.09737407188303052,0.077791289473964,0.020240277498386243,0.014974091258778067,0.133006564860588,0.6566137050252532
5557,1,1,0.917853636798846,0.917853636798846,0.029233753096967345,0.007400031273340805,0.003696479743632795,0.028046917049454948,0.013769182037758206
5558,4,4,0.9748958216932764,0.004038432782098388,0.005721037430941548,0.0027220245462268072,0.9748958216932764,0.008866111644700945,0.003756571902756009
5560,5,5,0.7825368612603936,0.02473888493950965,0.07842494075466665,0.01506225093161435,0.012559477220863771,0.7825368612603936,0.08667758489295191
5561,1,1,0.9241852419507759,0.9241852419507759,0.02013323983916695,0.006874312306653577,0.005029923230891671,0.018180552879676636,0.025596729792835175
5562,2,2,0.6612703564487904,0.06369925303457714,0.6612703564487904,0.02694508915844379,0.0175401138286611,0.14922037190811036,0.08132481562141732
5563,1,1,0.876878734848246,0.876878734848246,0.023573044056544003,0.012268835170396074,0.004422565042047924,0.030623780339065525,0.05223304054370043
5564,3,3,0.9338549085640927,0.009885984035256248,0.021328264402362126,0.9338549085640927,0.007083071195571939,0.013571143717582928,0.014276628085134123
5565,3,3,0.9169213978702759,0.012778804575502923,0.025170510411321994,0.9169213978702759,0.007181188257622876,0.016772459822514366,0.0211756390627618
5567,3,3,0.9063252591040979,0.026637841533838146,0.024398742105874956,0.9063252591040979,0.009997343080032077,0.015441242553451147,0.0171995716227058
5570,2,2,0.5908287004120353,0.04792096632895831,0.5908287004120353,0.06636600289072393,0.05149605722478312,0.12970701666637158,0.11368125647712793
5574,3,3,0.9363519826241482,0.010101474208222142,0.01274829978748338,0.9363519826241482,0.003401482805953625,0.014967936431939133,0.022428824142253518
5575,3,3,0.930532600424523,0.01018974670351462,0.02181388160219198,0.930532600424523,0.007052981483815862,0.01564982302980891,0.014760966756145672
5578,3,3,0.921845193007628,0.013132892009914089,0.019416467178989805,0.921845193007628,0.005776972598247389,0.021551038495262846,0.018277436709957885
5579,5,5,0.660381801872912,0.12636439455850937,0.051487057892598845,0.0343769844717502,0.03293358289125934,0.660381801872912,0.09445617831297022
5580,1,1,0.774955709481343,0.774955709481343,0.07199524376960158,0.018656491162010302,0.015653264155567545,0.06733081067000424,0.051408480761473425
5581,3,3,0.940102734499994,0.008459090403514715,0.018110137421999795,0.940102734499994,0.007356489253745942,0.014178439581096285,0.011793108839649147
5582,3,3,0.929395156983351,0.006283456072902052,0.013508387918474783,0.929395156983351,0.0041847307548753135,0.04029192347749812,0.006336344792898762
5583,4,4,0.9552081502756501,0.003759651591317421,0.013124134104510687,0.003864097466267807,0.9552081502756501,0.015111704511819398,0.008932262050434674
5584,2,2,0.8441621957162806,0.020502499694087233,0.8441621957162806,0.022726909904033362,0.00748723459614221,0.04072553324905781,0.06439562684039885
5585,5,5,0.580768003821203,0.051204663990490486,0.13918997330760194,0.04329947464044615,0.02675768269195759,0.580768003821203,0.15878020154830083
5586,6,6,0.6793850644430507,0.053074727237654364,0.08824829754122808,0.024371900926613357,0.05201622524809394,0.10290378460335955,0.6793850644430507
5588,5,5,0.5234124658283511,0.14031317511101563,0.08986845094748305,0.0342414788122221,0.03877255875410718,0.5234124658283511,0.17339187054682087
5589,3,3,0.9454686778487353,0.008565759702416534,0.010542249484090079,0.9454686778487353,0.004318732888482181,0.02158218109639748,0.009522398979878458
5590,1,1,0.9223968885733236,0.9223968885733236,0.02283189628142964,0.007920201310173897,0.003957368353180088,0.021914314428914908,0.02097933105297787
5591,1,1,0.8309632995895337,0.8309632995895337,0.05270301687933861,0.018740002122862486,0.01613188458246283,0.04685822976672809,0.03460356705907421
5592,4,4,0.8884765809469911,0.020475436498730206,0.0225125505609856,0.010150741783450788,0.8884765809469911,0.04042947587853453,0.017955214331307822
5593,6,6,0.9453104278797799,0.01242190747039631,0.014066827831131992,0.008351909048278797,0.0047625378372017566,0.015086389933211307,0.9453104278797799
5594,5,5,0.7148413926060659,0.09946435090702704,0.10105849093689974,0.02306684217854716,0.013577296798753934,0.7148413926060659,0.047991626572706225
5595,5,5,0.657126382275009,0.04466251777430863,0.16249936312322408,0.024682230179034516,0.021302988388300085,0.657126382275009,0.08972651826012375
5596,1,1,0.8022984348902867,0.8022984348902867,0.04573950015240377,0.021367123138032622,0.025772301861693863,0.052766578079375716,0.05205606187820728
5597,2,2,0.8986527027047608,0.012857867914079908,0.8986527027047608,0.010683998876616151,0.007280698899793828,0.03181279759317071,0.038711934011578464
5598,4,4,0.967989072670753,0.003882747969817414,0.0075549719323031094,0.003186380645147491,0.967989072670753,0.010628525474822285,0.00675830130715667
5599,3,3,0.8713012000228613,0.00460576939650715,0.010402583629411944,0.8713012000228613,0.0035379607971782567,0.10545912976288421,0.0046933563911571875
5601,3,3,0.9313906507590201,0.009966695198138836,0.018331071328442392,0.9313906507590201,0.005668108127120137,0.020150669534720545,0.014492805052558087
5602,1,1,0.8537500338794768,0.8537500338794768,0.03960876539392958,0.011828173733041304,0.015187869003405177,0.041648770664534346,0.037976387325612794
5603,3,3,0.9363409277268123,0.011543867316795105,0.015178332120880671,0.9363409277268123,0.005370169690020653,0.02374628210308622,0.007820421042405004
5608,2,2,0.6889496245164801,0.04833728920350776,0.6889496245164801,0.039046157024594685,0.022416542140429888,0.10648198743552768,0.09476839967945988
5610,5,5,0.5407046726528687,0.06284784582266273,0.17226902547492148,0.02734132519889866,0.018974774287516163,0.5407046726528687,0.17786235656313232
5613,4,4,0.9819362047342183,0.0026066205297857,0.004257053643607131,0.0027334299075817184,0.9819362047342183,0.0047086223490042,0.003758068835803038
5614,2,2,0.8267118612829265,0.03690425437766772,0.8267118612829265,0.01978731198447594,0.00915822927439427,0.05562137090153793,0.05181697217899768
5615,5,5,0.6977415138883617,0.06884778948346033,0.11121942816480371,0.019465925487780547,0.01804694813975068,0.6977415138883617,0.0846783948358431
5616,5,5,0.6148361136468228,0.05219719457496689,0.15504027738937065,0.03140307083882764,0.01744649231695221,0.6148361136468228,0.12907685123305973
5617,1,1,0.9249802182226633,0.9249802182226633,0.021498700920710143,0.008308417244336171,0.005625225191177177,0.021399306175572723,0.01818813224554046
5618,1,1,0.7539897114567555,0.7539897114567555,0.07091599423534878,0.02953814038739073,0.009765138665052806,0.06476709539595722,0.07102391985949484
5620,1,1,0.888580252671408,0.888580252671408,0.025638697894123555,0.009857438856087338,0.006693506855532454,0.028995141338841547,0.04023496238400706
5622,4,4,0.9763865243705844,0.0042709771550970155,0.00559325227232391,0.002502465319898342,0.9763865243705844,0.0062761727304947975,0.004970608151601649
5624,2,2,0.6786096614958691,0.07386327580616002,0.6786096614958691,0.027574409350881048,0.019316279397045492,0.10711838947084545,0.09351798447919892
5625,3,3,0.941407167917485,0.0063821031831117385,0.014617978538861298,0.941407167917485,0.002689710840124664,0.023986611381281824,0.01091642813913556
5626,3,3,0.9341706262312706,0.010532556590645378,0.013286471810235302,0.9341706262312706,0.005005406187920706,0.030621974765315352,0.006382964414612779
5627,5,5,0.7090625007153689,0.043014395974157155,0.08917675272623507,0.038829174326578,0.03493437188099017,0.7090625007153689,0.08498280437667066
5629,4,4,0.967561025369771,0.008296384156962829,0.006689388967529351,0.0031528886367381925,0.967561025369771,0.008371642766189876,0.005928670102808817
5631,5,5,0.7200467754625601,0.031021092469551065,0.09388696796741088,0.036346371562191615,0.017470492145728163,0.7200467754625601,0.10122830039255824
5632,1,1,0.8394332310555657,0.8394332310555657,0.02485942895064214,0.026650713330757667,0.016910598369246105,0.0440671058002961,0.04807892249349234
5634,2,2,0.6568144888366646,0.09089520012983629,0.6568144888366646,0.023476212843885284,0.01906201470067271,0.0589483238280285,0.15080375966091264
5636,2,2,0.7537831518852192,0.038885603536598305,0.7537831518852192,0.029250861444304454,0.020474487158162025,0.09336618920730393,0.06423970676841226
5637,4,4,0.9658591254829384,0.005960071089181108,0.008459921612952524,0.002150152378779071,0.9658591254829384,0.008428210237766375,0.009142519198382517
5638,4,4,0.9361851546451931,0.010848431272720525,0.017439752580376434,0.006576820211606186,0.9361851546451931,0.017873435463869915,0.011076405826233812
5639,1,1,0.8742679497697738,0.8742679497697738,0.033510829659357366,0.013551839959195195,0.00637584414675116,0.03763614011277443,0.034657396352148075
5642,4,4,0.9467277659310703,0.011954301055362925,0.011503819216722876,0.005197083348506856,0.9467277659310703,0.01632227731421825,0.008294753134118808
5643,5,5,0.5425256491456054,0.1464044777161061,0.17984744325367272,0.026129522187402738,0.01828693565137548,0.5425256491456054,0.08680597204583776
5644,4,4,0.9821006657383259,0.0033265254956266863,0.003940940126080165,0.002457059391354393,0.9821006657383259,0.004512257237508489,0.0036625520111043916
5648,1,1,0.9107624174072552,0.9107624174072552,0.03132449057055359,0.008682495561175884,0.005207558389896421,0.025537410506568787,0.018485627564550317
5649,5,5,0.6097977384893563,0.05603038420908342,0.0793735462204958,0.02973240673682103,0.07714335649569692,0.6097977384893563,0.1479225678485466
5652,3,3,0.907684726501427,0.011997890348032137,0.015351860056698603,0.907684726501427,0.005911320091898819,0.05287780821387206,0.00617639478807161
5653,5,5,0.8244881234635225,0.017136817620562815,0.0694181426605022,0.025388282474440877,0.019614401571297242,0.8244881234635225,0.04395423220967435
5656,2,2,0.6735689214130711,0.08669996577546861,0.6735689214130711,0.04107273944940557,0.015833724464182616,0.08774915522862133,0.09507549366925075
5658,1,1,0.886107170142481,0.886107170142481,0.03404615488635766,0.011447243108888467,0.006411713032297077,0.034136923985355956,0.02785079484461994
5659,1,1,0.7641570447236599,0.7641570447236599,0.05105061713091429,0.015175393460342058,0.020000838868306073,0.07349720565915738,0.07611890015762038
5660,3,6,0.24200066876182025,0.18734866867623834,0.1977843077070088,0.17103632958358062,0.027916306142193904,0.17391371912915815,0.24200066876182025
5661,4,4,0.920969959039831,0.027029172253388103,0.012808379415784662,0.006480482211004847,0.920969959039831,0.01858398177473787,0.014128025305253577
5662,4,4,0.9641720305370837,0.005220517145954593,0.010227257594693687,0.00307235892268839,0.9641720305370837,0.00990905353188558,0.007398782267694068
5664,5,5,0.5929324149196158,0.14344172378248465,0.12988806935649821,0.036019082009939696,0.020148879672082932,0.5929324149196158,0.07756983025937877
5665,1,1,0.7083416051379874,0.7083416051379874,0.10565444457409691,0.022198438626224937,0.019251586415230504,0.0954744637233498,0.04907946152311046
5667,5,5,0.624293330636925,0.06499234306332712,0.153161707423115,0.06189321212573779,0.01792794693878407,0.624293330636925,0.07773145981211106
5668,2,2,0.5672472397927398,0.06876235656496682,0.5672472397927398,0.02803085126270714,0.031113846637616772,0.17924019742463407,0.12560550831733547
5669,4,4,0.8316908118555911,0.04272936572378947,0.03992491864178633,0.013539992561661593,0.8316908118555911,0.04448560627058098,0.02762930494659057
5671,5,5,0.7749949317424669,0.03057512857771229,0.10968266620854908,0.028712915398666078,0.010473516076259305,0.7749949317424669,0.045560841996346156
5672,3,3,0.9304389379698809,0.02158116872462877,0.017618625900148552,0.9304389379698809,0.006462794491707513,0.011787881624340763,0.012110591289293638
5674,5,5,0.6074625528084894,0.08924994099943191,0.17358453389024986,0.028720230886345573,0.02417935423134739,0.6074625528084894,0.07680338718413587
5676,2,2,0.773793734345058,0.05298888749909477,0.773793734345058,0.017662811985891997,0.012105674737614057,0.06584716579439658,0.07760172563794462
5677,3,3,0.9379232495538075,0.013350795167015851,0.010507433814429824,0.9379232495538075,0.0027436858601992786,0.02440258449997963,0.011072251104567972
5678,5,5,0.7487341470187053,0.033285712821004676,0.10489467654507163,0.02006788704455884,0.013584419712543335,0.7487341470187053,0.07943315685811625
5680,5,5,0.6577273981039348,0.11138075110061899,0.12315147659259999,0.02074189698317957,0.016826981316041413,0.6577273981039348,0.0701714959036252
5681,1,1,0.7724619216278236,0.7724619216278236,0.059075507727545405,0.01973787151981197,0.009336197222138647,0.07116966035653201,0.06821884154614831
5683,6,6,0.8560481912539382,0.03040386903256579,0.04497982154411068,0.010409300992773521,0.007094177641625928,0.05106463953498591,0.8560481912539382
5684,6,6,0.7608203088180736,0.02612817631272288,0.05717201789352998,0.01632503737252987,0.0117216827258174,0.12783277687732628,0.7608203088180736
5685,2,2,0.8561332999629032,0.01795126069410261,0.8561332999629032,0.010865542531215102,0.007077025990639821,0.07575910594200548,0.032213764879133834
5686,5,5,0.742794321960227,0.05155899273821275,0.07127127346873646,0.028780986345954423,0.015960078648043812,0.742794321960227,0.08963434683882557
5688,1,1,0.5208212182239526,0.5208212182239526,0.17684737001653603,0.04216104225936143,0.0167005982620199,0.14799753500585108,0.09547223623227907
5690,5,5,0.7082563443988874,0.08710109104589286,0.07849076943044818,0.020807238106745035,0.02916738124074132,0.7082563443988874,0.07617717577728521
5691,6,6,0.7419265452079419,0.06646700322349987,0.06776590413150069,0.01797710764018249,0.011667688961774624,0.09419575083510043,0.7419265452079419
5692,2,2,0.9034016278200727,0.01691206186929616,0.9034016278200727,0.011561514886301865,0.007073865328227265,0.0320071092703835,0.029043820825718453
5693,2,2,0.5862566886926838,0.09744233544347228,0.5862566886926838,0.03357346040395951,0.016991069838123176,0.1483619000354591,0.11737454558630224
5695,5,5,0.45421783655504994,0.04490809980409419,0.17989699817436663,0.04822531509731722,0.14241145812108894,0.45421783655504994,0.13034029224808316
5696,3,3,0.9304389379698809,0.02158116872462877,0.017618625900148552,0.9304389379698809,0.006462794491707513,0.011787881624340763,0.012110591289293638
5697,4,4,0.8641016886028908,0.026260441749408857,0.02800995341530073,0.015816620455474568,0.8641016886028908,0.026462520625789094,0.03934877515113593
5699,4,4,0.955616459322787,0.010475718069204613,0.008125858501034186,0.0059851185824480214,0.955616459322787,0.010600808163421712,0.009196037361104392
5700,6,6,0.4574386445571184,0.1226431770236512,0.14531877724133266,0.039217005178297425,0.032966407293319865,0.20241598870628053,0.4574386445571184
5702,1,1,0.813134912842808,0.813134912842808,0.04984588718724289,0.015950965536344536,0.008089161592181896,0.052508656489745356,0.060470416351677325
5703,3,3,0.9264089281194843,0.011445053389614664,0.01883388739524456,0.9264089281194843,0.006314333911507652,0.021419076816298076,0.015578720367850827
5704,5,5,0.5300171367565338,0.06445672585921992,0.25825188429837503,0.03876300179616621,0.01811582656512633,0.5300171367565338,0.0903954247245786
5705,3,3,0.9355759602632623,0.018290952210566612,0.01691005662636587,0.9355759602632623,0.005613460920318628,0.012406517946848397,0.011203052032638132
5706,3,3,0.9394999890866071,0.00820187628929475,0.013687989028409736,0.9394999890866071,0.003136533275137325,0.021510521916796196,0.013963090403754985
5708,5,5,0.7481188363465947,0.033167658435268435,0.06577412023094457,0.03276190771655379,0.04818339413644833,0.7481188363465947,0.07199408313419012
5709,1,1,0.8009415310232549,0.8009415310232549,0.06396461587102842,0.013510252401147197,0.01270522504002844,0.05390310775648989,0.054975267908051045
5710,5,5,0.6703205469684056,0.07601109151918645,0.08867329015835416,0.05104768865581436,0.06812204381195909,0.6703205469684056,0.04582533888628038
5711,5,5,0.5972466772631929,0.09930018272300138,0.10502961244134554,0.03884404421446674,0.016400902861661112,0.5972466772631929,0.14317858049633234
5712,4,4,0.951749855923513,0.0065703454867214635,0.009255651582216274,0.005642626188487512,0.951749855923513,0.015315326560518051,0.011466194258543703
5714,3,3,0.9308696496920595,0.010402251110534133,0.022220061021579467,0.9308696496920595,0.007075406030373363,0.01460513357468426,0.014827498570769208
5716,2,2,0.6980750751072723,0.06224996686176262,0.6980750751072723,0.036166050663971924,0.02849881979819317,0.09494575151047706,0.08006433605832294
5718,1,1,0.7467068132500297,0.7467068132500297,0.07202314634250365,0.03199058356338482,0.021213083744308865,0.06928748329441767,0.058778889805355325
5719,5,5,0.6002751111420606,0.06979930190039081,0.14558169167771573,0.038154145463029816,0.022962710171051764,0.6002751111420606,0.12322703964575128
5720,2,2,0.7976125144850033,0.022026544726235924,0.7976125144850033,0.02261893003435727,0.03991310144128164,0.0781359034289,0.03969300588422196
5721,6,6,0.957266736926082,0.007044458712357984,0.00980122401028626,0.0038146843719695663,0.00453595353589671,0.017536942443407512,0.957266736926082
5722,2,2,0.8634392790552694,0.01698891683092562,0.8634392790552694,0.012013508715828486,0.009318064185681096,0.04574424413461652,0.05249598707767885
5723,4,4,0.8975270935459826,0.021636258422457855,0.017107549621144157,0.011279598884682994,0.8975270935459826,0.03524802382944173,0.017201475696290658
5727,3,3,0.9341507978044522,0.014716936012573584,0.014129403103299475,0.9341507978044522,0.006175602787060172,0.021094694368097213,0.009732565924517373
5728,3,3,0.9421044424716918,0.008167641373251383,0.011675950589632179,0.9421044424716918,0.0039005072380919395,0.023662346523121776,0.010489111804210818
5729,2,2,0.6056497623103834,0.05654139584570336,0.6056497623103834,0.032323023403204955,0.02815652929099703,0.13792677228960132,0.13940251686011007
5730,5,5,0.8928847320741953,0.02002286772469923,0.04678123343183239,0.009115975346661911,0.006711533594253615,0.8928847320741953,0.02448365782835766
5731,5,5,0.7675628604719857,0.05146115007889708,0.10203807759539794,0.019982365302192773,0.011352911166213233,0.7675628604719857,0.04760263538531324
5734,3,3,0.9230442166316457,0.01273049146375431,0.01607115260554563,0.9230442166316457,0.0039273775629613305,0.012343900812802405,0.031882860923290596
5736,4,4,0.9681558178012633,0.006000329902521509,0.007259959909050617,0.003284421900482529,0.9681558178012633,0.00836610263244913,0.006933367854233061
5737,3,3,0.9347778741484329,0.005775007634250633,0.011879268430497643,0.9347778741484329,0.005116412135674763,0.034574362499105206,0.007877075152038742
5739,5,5,0.7944983857764757,0.019123619670421914,0.06542107281116157,0.023682993898066898,0.01570451969861848,0.7944983857764757,0.08156940814525554
5740,5,5,0.6514432714485714,0.12570187374277225,0.09264970120748733,0.028072964683124004,0.01753160090107376,0.6514432714485714,0.08460058801697123
5741,3,3,0.5508643497999643,0.12602998295870188,0.08394160489062394,0.5508643497999643,0.015998098323057108,0.08327897398109178,0.1398869900465609
5743,4,4,0.9725413185907241,0.004732684599858809,0.005844863367641529,0.003943779826311896,0.9725413185907241,0.007336895981456868,0.005600457634006832
5744,1,1,0.7127261820499374,0.7127261820499374,0.09865479326056227,0.02896496577859219,0.018339222835827652,0.08503959632867783,0.05627523974640264
5745,1,1,0.8631216089093569,0.8631216089093569,0.04141327820704149,0.016135477964854997,0.008154845815090296,0.029462345030949716,0.041712444072706745
5746,5,5,0.6271231163093365,0.04655575927348261,0.14571120707170993,0.02225076275761897,0.017708017391177198,0.6271231163093365,0.14065113719667477
5747,2,2,0.5855669511551329,0.06614915227971759,0.5855669511551329,0.03469157940475318,0.01840047788454309,0.1216560249944994,0.17353581428135367
5749,2,2,0.5304962573783367,0.07804990301369581,0.5304962573783367,0.035358774733262426,0.02040011480504323,0.09605876143813966,0.239636188631522
5750,2,2,0.8586650697210988,0.01668633839528893,0.8586650697210988,0.008614893941499224,0.007020843859822866,0.07819677451591088,0.030816079566379433
5755,6,6,0.563947383485661,0.11783316685550338,0.10757887583535326,0.030048719207503568,0.024417515492364667,0.1561743391236142,0.563947383485661
5757,5,5,0.5160637946593026,0.07984285251540264,0.15821478723009563,0.04510255667995811,0.034958327345099356,0.5160637946593026,0.1658176815701417
5759,3,3,0.9340064788718734,0.011767454979756486,0.01810224978236871,0.9340064788718734,0.005037958897907901,0.014451242838773233,0.016634614629320345
5760,1,1,0.7494316627547002,0.7494316627547002,0.07726488211889344,0.02182120365357113,0.01634185284211553,0.08327742402329773,0.05186297460742199
5762,3,3,0.9181063729659132,0.010580845609240304,0.012778271508190168,0.9181063729659132,0.003735534549011967,0.03199176855479204,0.02280720681285234
5765,5,5,0.6350780963292141,0.04005035912367349,0.08473795389526038,0.016928291999638863,0.013748177014036416,0.6350780963292141,0.20945712163817673
5766,4,4,0.7027607579436486,0.04561030544207901,0.05503605815847391,0.025143112949627816,0.7027607579436486,0.08348734970082798,0.08796241580534273
5767,5,5,0.6323161090828874,0.07090750238894446,0.12986049685402237,0.028144959543536137,0.035792362775208565,0.6323161090828874,0.10297856935540109
5768,1,1,0.8975639544372831,0.8975639544372831,0.022572488157046117,0.01035823589084325,0.007672287588560672,0.02387016731888991,0.03796286660737696
5769,3,3,0.9205307629513404,0.011638684639785627,0.013494814060567224,0.9205307629513404,0.005945907972033066,0.03560987988820019,0.012779950488073451
5770,2,2,0.7199550790836086,0.07311092702462714,0.7199550790836086,0.021865726302553217,0.01340070827709689,0.09866837566629111,0.07299918364582307
5772,2,2,0.5639796275981529,0.11959306970046689,0.5639796275981529,0.040219816095229864,0.05448019375441168,0.12614340590967513,0.09558388694206353
5773,2,2,0.8550181807459845,0.01750425591715024,0.8550181807459845,0.012737014830843808,0.01131958376602236,0.06130320949944913,0.042117755240550066
5775,1,1,0.6395956825534602,0.6395956825534602,0.0767217386773302,0.02482346863203148,0.03312599348573878,0.07921064544076996,0.14652247121066936
5777,2,2,0.8412268085614131,0.018661303701420613,0.8412268085614131,0.011447495174131022,0.04055807236602749,0.04013315074080742,0.04797316945620049
5779,1,1,0.840166233306136,0.840166233306136,0.04213858525176713,0.0163276614451891,0.00948992781030556,0.0450596509919433,0.04681794119465889
5780,5,5,0.5833338267935926,0.06965881975013782,0.15620580039861012,0.04686892471357621,0.018635034246569194,0.5833338267935926,0.12529759409751418
5783,2,2,0.761265734493067,0.056637015677290514,0.761265734493067,0.018471180266539215,0.01540622581266127,0.08999329122794147,0.0582265525225005
5784,3,3,0.9205307629513404,0.011638684639785627,0.013494814060567224,0.9205307629513404,0.005945907972033066,0.03560987988820019,0.012779950488073451
5785,5,5,0.7640224676587426,0.030100229568161628,0.0967802842124213,0.034585521491077166,0.01545806460931026,0.7640224676587426,0.059053432460287145
5786,1,1,0.9132067504960754,0.9132067504960754,0.023098856960949533,0.0076703529891630215,0.005313190424012288,0.023687142235226975,0.02702370689457298
5787,5,5,0.5288047292158866,0.04241843294423725,0.1735950189199512,0.027678222579261173,0.017201048554280212,0.5288047292158866,0.2103025477863836
5789,6,6,0.631882520059806,0.09765939728849954,0.09185594249171374,0.02186630156856784,0.04222193397198656,0.11451390461942634,0.631882520059806
5790,2,2,0.6169588515430504,0.04077297023803213,0.6169588515430504,0.028806035409169935,0.01834861064259052,0.11966937704771174,0.1754441551194453
5791,6,6,0.908053448756989,0.012046032099371988,0.03227777562353381,0.007925056393603216,0.0067097782064538085,0.03298790892004816,0.908053448756989
5793,2,2,0.6141547854236706,0.10309255930495896,0.6141547854236706,0.04431639591755631,0.013705737478265523,0.07892110418981475,0.1458094176857337
5794,6,6,0.694083846363479,0.03752949165274648,0.08334140733635688,0.054356858059998195,0.022489779591585827,0.10819861699583362,0.694083846363479
5795,5,5,0.5440805309222376,0.11300599896792834,0.08542814579432333,0.039177237606329414,0.028188564154552526,0.5440805309222376,0.19011952255462877
5796,6,6,0.4867208997460054,0.09992405076089717,0.1559203268305411,0.05011449989958152,0.023010064363580773,0.184310158399394,0.4867208997460054
5797,3,3,0.9416990576566483,0.008636984161362283,0.0179632954898272,0.9416990576566483,0.0058695528156460135,0.013194318628497742,0.01263679124801844
5800,3,3,0.934694442362679,0.008564851928677652,0.017340984807411426,0.934694442362679,0.00441805489590831,0.017352094028993358,0.017629571976330322
5803,5,5,0.7278356111656459,0.046066329341412145,0.09559698219390222,0.022375036656129898,0.014969978124881232,0.7278356111656459,0.09315606251802871
5805,2,2,0.7266780394100845,0.04212218873780295,0.7266780394100845,0.02777688320920882,0.020120286740500336,0.10927529150343679,0.07402731039896662
5806,5,5,0.6957597853780326,0.06252716580972613,0.1270937885446111,0.024934084436979396,0.016734693421667973,0.6957597853780326,0.07295048240898284
5807,1,1,0.7655545299323865,0.7655545299323865,0.052319479300651735,0.02943741852363064,0.011770415563599618,0.058396646951255064,0.08252150972847656
5811,6,6,0.5496800518420045,0.07348561555674918,0.17273418325649126,0.02876605600890516,0.022848654621723617,0.1524854387141263,0.5496800518420045
5812,1,1,0.6843547205824483,0.6843547205824483,0.07708657775402741,0.03494628629432532,0.011797129789020505,0.07720201787943999,0.11461326770073867
5813,2,2,0.5965245090780686,0.06283946863912941,0.5965245090780686,0.03493137896652013,0.023269979761350527,0.13432974492919386,0.14810491862573744
5819,3,3,0.3275516751077053,0.05503295458546558,0.3176287953714918,0.3275516751077053,0.040842387418223526,0.12661621683454902,0.13232797068256485
5821,2,2,0.7802762511041128,0.04690876738992077,0.7802762511041128,0.023760465109307852,0.014503820470453732,0.06714752574262038,0.0674031701835845
5822,4,4,0.9571542640628495,0.008544637925627334,0.01149950834566499,0.004509356897408917,0.9571542640628495,0.01129324758931637,0.006998985179132942
5824,1,1,0.7253673351598726,0.7253673351598726,0.09594523036371033,0.01875428141734163,0.015011153015511392,0.08939576191132147,0.0555262381322427
5825,3,3,0.9305810278929065,0.009558992171893098,0.013578184667024625,0.9305810278929065,0.004548459446191172,0.029314421540687904,0.012418914281296755
5826,2,2,0.6129451916095051,0.08322658960817864,0.6129451916095051,0.027106146386442813,0.01681148675461419,0.15630939469918953,0.10360119094206977
5827,2,2,0.8182253180273186,0.03752189322641649,0.8182253180273186,0.021695416775686285,0.011787575046464834,0.04703039611683701,0.06373940080727676
5828,4,4,0.9005321700970917,0.01918869163190934,0.01940231959795938,0.009682384444706463,0.9005321700970917,0.03077494637466141,0.020419487853671613
5829,3,3,0.9386138191948183,0.012156442593940692,0.01614301638337811,0.9386138191948183,0.005486716954911862,0.012652563000274961,0.014947441872676017
5830,3,3,0.9223487109636881,0.01074055335609329,0.02296685283690708,0.9223487109636881,0.00530669241163025,0.015440073883209119,0.02319711654847213
5831,6,6,0.6928570078801054,0.038493134555392855,0.09792132242154546,0.024438615476160257,0.03191839058637978,0.1143715290804162,0.6928570078801054
5832,1,1,0.6519945625074846,0.6519945625074846,0.08757643047189678,0.026851050639723498,0.019114868675876688,0.10018408537364216,0.1142790023313763
5834,3,3,0.9241476108862218,0.011141034570038469,0.024694501606591823,0.9241476108862218,0.008364890429399974,0.01522570059933223,0.01642626190841589
5837,3,3,0.913840788156023,0.006767879847881494,0.015467407695154981,0.913840788156023,0.003018464362049908,0.05132095503948607,0.009584504899404607
5839,1,1,0.8160636781479067,0.8160636781479067,0.051450507094878924,0.017040732902595508,0.008936866688841137,0.05563002583235493,0.05087818933342276
5842,4,4,0.965096806640034,0.009888789282223233,0.006239592037778204,0.0032053165308222956,0.965096806640034,0.008336546524586624,0.007232948984555603
5843,4,4,0.9767307404294601,0.0027405526017708413,0.006264644301377577,0.001740289781197346,0.9767307404294601,0.00653385379817283,0.005989919088021335
5844,5,5,0.6294080914309419,0.049964579481115476,0.1207416038291208,0.03313489228509828,0.08770514357318136,0.6294080914309419,0.07904568940054223
5845,1,1,0.8834263309132336,0.8834263309132336,0.031668342342446115,0.015289670693400004,0.008177493260182545,0.034620085247847585,0.026818077542890173
5846,1,1,0.8155257734234859,0.8155257734234859,0.05505989942175257,0.017752531234261862,0.01565817599790443,0.05712550680015152,0.03887811312244378
5849,2,2,0.6317969194233028,0.04655627113147777,0.6317969194233028,0.0300324705287643,0.015806724100166127,0.19619445611377553,0.07961315870251336
5851,6,6,0.7883483820445408,0.014859153255853774,0.05328672584801407,0.009782819365312879,0.01088273408083053,0.12284018540544796,0.7883483820445408
5853,4,4,0.9671791140190545,0.007196224211199829,0.00591762955029012,0.0038799898952638066,0.9671791140190545,0.009671328022856278,0.006155714301335386
5856,4,4,0.9734214116832357,0.004908770774317175,0.007103600262915522,0.0028790603321966696,0.9734214116832357,0.007325421695538838,0.0043617352517961025
5857,5,5,0.5513223241684807,0.03610559944077886,0.14007191392945573,0.15368736249258855,0.04072609249590044,0.5513223241684807,0.07808670747279572
5858,3,3,0.9140679667508506,0.007101673166267089,0.015618479238168618,0.9140679667508506,0.004842466894521543,0.05126248589363882,0.0071069280565534305
5859,3,3,0.905150374438929,0.006534301583926793,0.01700909289925265,0.905150374438929,0.004057765674509359,0.05741309505713333,0.009835370346248951
5862,3,3,0.929074638467045,0.006946675633577215,0.013799714234490367,0.929074638467045,0.0068013951885715586,0.034516401626488176,0.008861174849827758
5863,4,4,0.9708894069435612,0.010435089643120224,0.004575516469724754,0.0025043571877846507,0.9708894069435612,0.00580202504414151,0.005793604711667708
5864,1,1,0.7905234978787042,0.7905234978787042,0.05745671959878515,0.023552561308125504,0.0107443667156438,0.054429431896645813,0.06329342260209533
5865,5,5,0.6397445992407828,0.10532231700890325,0.0998209352628128,0.05022420990403682,0.018663720086444964,0.6397445992407828,0.0862242184970195
5866,6,6,0.6740944100580307,0.045167553467935856,0.09797119593659497,0.03543516057301362,0.016997302001926888,0.13033437796249794,0.6740944100580307
5868,1,1,0.8371126796812459,0.8371126796812459,0.044258645476036806,0.014190602541238355,0.010152739208272487,0.043243506009291596,0.05104182708391461
5870,3,3,0.9376563002705567,0.007741607840955459,0.015181674560275684,0.9376563002705567,0.0039056604726694414,0.025708231387396027,0.009806525468146775
5871,3,3,0.9227458291859536,0.0071737827297779395,0.013991395935052086,0.9227458291859536,0.005063893807806234,0.036237717172775116,0.014787381168634947
5872,3,3,0.9286587162896434,0.005759339355904553,0.013234731766813309,0.9286587162896434,0.007294251795199165,0.03519360552834072,0.009859355264098873
5873,1,1,0.8601603197375837,0.8601603197375837,0.02362559821641686,0.010338115456750415,0.010963219980690045,0.028754294232364648,0.06615845237619436
5875,5,5,0.5107929683486568,0.08632358066423992,0.14720604200759654,0.037614157530125966,0.03304886646927271,0.5107929683486568,0.18501438498010794
5878,1,1,0.6139015816632067,0.6139015816632067,0.17503606416495324,0.024877761259749984,0.018551064027525554,0.10024235496248399,0.06739117392208044
5879,2,2,0.5180718148672511,0.1378584544069873,0.5180718148672511,0.035045424702814604,0.04664746913102286,0.1145227537380829,0.14785408315384133
5880,6,6,0.7293364372745377,0.03897855101537592,0.11137047078275704,0.0203626602431876,0.010924347029292259,0.08902753365484953,0.7293364372745377
5881,4,4,0.9661941798462319,0.005511455296426344,0.008410599830185325,0.0041015324112960395,0.9661941798462319,0.009283310590665445,0.006498922025194983
5882,5,5,0.6001193512387322,0.08020716153221749,0.09785569726500211,0.04090578896475026,0.01851816897368487,0.6001193512387322,0.16239383202561308
5885,1,1,0.971648513362808,0.971648513362808,0.008645554480326719,0.004019483930297909,0.0023643299822641082,0.007919551266074411,0.005402566978228849
5886,6,6,0.8239355818196952,0.04399957145388728,0.04425288371948279,0.02071136569685143,0.007459996356809421,0.05964060095327393,0.8239355818196952
5888,3,3,0.9456070034671281,0.013481669741293235,0.010549610559633552,0.9456070034671281,0.00274668324994598,0.016240685208610328,0.011374347773388697
5889,4,4,0.8958027754270518,0.015830840127111948,0.02396988916108699,0.008967986142639219,0.8958027754270518,0.031436700733592234,0.023991808408517806
5890,4,4,0.952224525427011,0.007768149622244973,0.01093757368601941,0.005925722252560531,0.952224525427011,0.013177035896551222,0.009966993115612938
5891,2,2,0.66688873827183,0.08445466594879694,0.66688873827183,0.029998302318296043,0.019285425397648243,0.13326759789071765,0.06610527017271117
5893,5,5,0.7463546448292779,0.051068788385695243,0.09364980267589394,0.02079086368408048,0.01216812535548746,0.7463546448292779,0.07596777506956497
5894,2,2,0.670425280964088,0.05004383433101838,0.670425280964088,0.03460228587463725,0.014200494438072201,0.12648921569944863,0.1042388886927356
5895,1,1,0.7263938846088734,0.7263938846088734,0.04444922037969089,0.020266373763115516,0.041374589357134374,0.06032045894446888,0.10719547294671697
5897,5,5,0.48293005101164865,0.14459503737162288,0.15660738105293603,0.03784427574545065,0.015641771538229238,0.48293005101164865,0.16238148328011262
5898,6,6,0.8424403005638929,0.03556003477938438,0.045603651928072135,0.020927421500804608,0.007993141204776661,0.04747545002306935,0.8424403005638929
5900,4,4,0.9608033541340795,0.006957161625203297,0.009105793245859558,0.003108425395561451,0.9608033541340795,0.012002674105091399,0.00802259149420483
5901,3,2,0.30565657135900864,0.23662345739894933,0.30565657135900864,0.1646685499720584,0.02568920418082588,0.11251472268296638,0.15484749440619142
5903,4,4,0.973774194363875,0.005568540196640846,0.005429244139164782,0.003431495149764351,0.973774194363875,0.006071292346024807,0.005725233804530239
5904,3,3,0.9359026533486324,0.00929438405773882,0.017063881351576556,0.9359026533486324,0.005171134366363845,0.01863375519713225,0.013934191678556007
5907,5,5,0.7345721363058189,0.03805750364963336,0.12237696343642102,0.016075478556929968,0.01728239821232242,0.7345721363058189,0.0716355198388744
5908,1,1,0.8594248128594375,0.8594248128594375,0.029534055375197092,0.016609226778883688,0.01789871486467227,0.03863664748786937,0.037896542633940176
5909,4,4,0.9472737762064126,0.007172502620905655,0.013827466869291389,0.004974127183325133,0.9472737762064126,0.014359459578125386,0.012392667541939911
5910,1,1,0.8857000793043305,0.8857000793043305,0.029816781919613546,0.012143267608928992,0.005423435772311516,0.04816599508142873,0.01875044031338677
5911,3,3,0.9280317075830871,0.008720565196233758,0.010769909926428583,0.9280317075830871,0.003988889897645896,0.03028191610701478,0.018207011289589917
5913,3,3,0.9279971932873406,0.004529724375296368,0.012924171596827724,0.9279971932873406,0.00435385608614729,0.0453027598097418,0.004892294844646091
5915,5,5,0.5910109952199575,0.05795490633239481,0.15919275463757693,0.05978257477503403,0.03337168652904277,0.5910109952199575,0.09868708250599409
5916,4,4,0.9600518247145194,0.014109341149017135,0.0059732607895848335,0.0036155154664887675,0.9600518247145194,0.008071983128032305,0.008178074752357553
5918,2,2,0.6963828976460076,0.03261538309601435,0.6963828976460076,0.029431447220830735,0.025104750600839502,0.14743654532120778,0.0690289761151002
5919,3,3,0.9415502265983849,0.0058424791831792056,0.015792044643791612,0.9415502265983849,0.004691521474285271,0.0246823950597305,0.0074413330406284724
5920,6,6,0.6942744588307229,0.04698337921342481,0.10009344802896356,0.02561075395993316,0.01643168225064315,0.11660627771631235,0.6942744588307229
5922,5,5,0.7305992135751955,0.04990780979701922,0.10655987265300289,0.03168662544048769,0.0160805349113124,0.7305992135751955,0.06516594362298239
5924,3,3,0.9196764913306197,0.007073319262413382,0.010713944165077824,0.9196764913306197,0.004470732651889389,0.049647495171700536,0.008418017418299296
5925,5,5,0.8213675391761842,0.024145832202954746,0.0772821995024867,0.02380121349744274,0.010669375307541877,0.8213675391761842,0.04273384031338976
5926,3,3,0.9506997333133638,0.004426455558376196,0.012305549282101369,0.9506997333133638,0.0038185461322397217,0.0228762969085651,0.0058734188053538436
5928,4,4,0.9325754470438954,0.012780576322746115,0.015929398499899463,0.00852535357190469,0.9325754470438954,0.019198044776434497,0.010991179785119879
5929,4,4,0.9683582056029626,0.006064322286124926,0.005668050698228502,0.004047091688045988,0.9683582056029626,0.0071444175410518744,0.00871791218358614
5930,5,5,0.6632748913409104,0.04012929311205777,0.1383616076747647,0.025385982915367655,0.01824043835977797,0.6632748913409104,0.11460778659712156
5931,3,3,0.9290264712289819,0.007628759075834501,0.013055225535933345,0.9290264712289819,0.0038681233318927435,0.03331853927183943,0.013102881555518035
5932,3,3,0.9235593818403074,0.011634973109530588,0.02257898221439364,0.9235593818403074,0.006279705264154035,0.017388738623530933,0.01855821894808341
5934,3,3,0.9291149191198578,0.007708737065790231,0.017226877225564846,0.9291149191198578,0.004913213309731392,0.03139026754744765,0.009645985731608166
5935,5,5,0.7288828257049328,0.028504619555728396,0.1007080385809812,0.0717881041190231,0.01520592944149233,0.7288828257049328,0.0549104825978422
5937,1,1,0.7395047689489881,0.7395047689489881,0.0870649526567646,0.022846605692521775,0.024142980789308145,0.07404716811528768,0.052393523797129804
5938,2,2,0.6390475163806751,0.06216474622073257,0.6390475163806751,0.03932578787331363,0.026456939192065782,0.1639154874204661,0.06908952291274671
5939,2,2,0.932973979692842,0.010015047777626003,0.932973979692842,0.008515720156246577,0.0045247221595417055,0.022892786935890287,0.02107774327785349
5940,3,3,0.907583041570397,0.008603444502319533,0.016918283609641087,0.907583041570397,0.004617467502904794,0.05340126952947307,0.00887649328526442
5942,3,3,0.9176661491048401,0.0173334023016235,0.02142784551782625,0.9176661491048401,0.007743655834941341,0.014641097122982918,0.021187850117786008
5943,4,4,0.921661786291198,0.01695731049266785,0.016785386529181608,0.009632231845624272,0.921661786291198,0.019932615319267214,0.015030669522060986
5944,3,3,0.5119007154739317,0.10531378923407454,0.09977722388255435,0.5119007154739317,0.01712222356570454,0.10911562171229558,0.1567704261314394
5945,1,1,0.8542386872475112,0.8542386872475112,0.0395940303915051,0.012063685120258355,0.012634257107904038,0.04189101836660195,0.03957832176621943
5946,4,4,0.9825389286033833,0.003511135769411789,0.003996640816391024,0.0016097793560471486,0.9825389286033833,0.004812885338782572,0.0035306301159841605
5947,1,1,0.7985634237552613,0.7985634237552613,0.059493298478422066,0.018479737287063897,0.018698261012474567,0.06490255026583225,0.039862729200946
5949,2,2,0.6062140738653564,0.08386175699324933,0.6062140738653564,0.07731751140448445,0.021119306273912897,0.11909811738194331,0.09238923408105361
5950,4,4,0.9045228209703429,0.013246858799097129,0.0192871408753593,0.008549413278019707,0.9045228209703429,0.019304858216454245,0.035088907860726735
5952,2,2,0.7720077263472814,0.031372760963529873,0.7720077263472814,0.020269211307650175,0.01625544635933128,0.0887356745198296,0.07135918050237766
5954,6,6,0.7198738453832239,0.04581638995875662,0.05608070789064701,0.02028102472784223,0.030826836690909826,0.12712119534862054,0.7198738453832239
5955,4,4,0.9716182937184629,0.005447234745943332,0.005648344830345186,0.002529040319560407,0.9716182937184629,0.010641968112894954,0.004115118272793261
5957,3,3,0.939650840961933,0.018383787112249597,0.013774247567677847,0.939650840961933,0.0030402320180558167,0.008630275140924359,0.01652061719915949
5959,5,5,0.5364872005673503,0.08750514113045695,0.06909306147022497,0.12171922834218887,0.10193184028410157,0.5364872005673503,0.08326352820567727
5960,4,4,0.9305600999372692,0.010251930613043485,0.014885919412059854,0.004817980266119079,0.9305600999372692,0.022147747993423512,0.017336321778084914
5961,3,3,0.9293065993156178,0.014641946018444122,0.013588109307530991,0.9293065993156178,0.006339399891018934,0.026745672559231933,0.009378272908156255
5962,1,1,0.9211916285827525,0.9211916285827525,0.016009183848628393,0.007729106366808702,0.012021098354771503,0.01866194414373661,0.02438703870330246
5964,1,1,0.9197461007243927,0.9197461007243927,0.02656892007178308,0.007902893482674474,0.0069961774327625915,0.02272506075457929,0.016060847533808032
5965,4,4,0.8565350588060631,0.04071790483810179,0.0302520108895462,0.0128015259639199,0.8565350588060631,0.04039714288016001,0.019296356622209014
5966,5,5,0.3883978875214955,0.08087459477316175,0.09689809938463226,0.050503281827283156,0.015407920762890177,0.3883978875214955,0.36791821573053723
5967,4,4,0.9625878521894842,0.007237487902482643,0.00812534701099515,0.005307299323961959,0.9625878521894842,0.008068016825841502,0.008673996747234595
5968,4,4,0.8382500454283753,0.043419803458749226,0.026258131444352524,0.014185475403622775,0.8382500454283753,0.05614191135909107,0.021744632905809094
5969,4,4,0.9595278134389847,0.006390829400452926,0.008517388108151957,0.003466291255298086,0.9595278134389847,0.012782793653811807,0.009314884143300436
5970,5,5,0.6228575258013139,0.05985189388252044,0.2061929215751249,0.020767544034975507,0.01726476239427309,0.6228575258013139,0.07306535231179216
5972,2,2,0.6977691594601038,0.04300369399661165,0.6977691594601038,0.02202330562997243,0.017313652984446006,0.12332690232268821,0.09656328560617794
5973,2,2,0.7999157308663002,0.0338560475727124,0.7999157308663002,0.01954374236398375,0.012752793035526023,0.08635900949308106,0.04757267666839657
5975,5,5,0.8124842161014653,0.03635307146256505,0.05011483205546284,0.031180844993138012,0.00879324883660396,0.8124842161014653,0.061073786550764994
5976,3,3,0.9423953786597876,0.0067194303199857594,0.016464171673994214,0.9423953786597876,0.008472858330723088,0.014055074665048368,0.011893086350460946
5977,6,6,0.40909549753564006,0.0733735935864319,0.13722905257027102,0.03630589917215427,0.09274940442188882,0.2512465527136138,0.40909549753564006
5981,5,5,0.7169864056080923,0.0344026089904687,0.0982060266861636,0.03275954241167848,0.018111362034715715,0.7169864056080923,0.09953405426888115
5983,2,2,0.7429877831377302,0.05392385622404589,0.7429877831377302,0.017111433718313227,0.014578887346370294,0.0971298960817639,0.07426814349177656
5984,6,6,0.6836924925048019,0.027219683320671827,0.12926715310504425,0.025248235424804755,0.017623822687238083,0.11694861295743915,0.6836924925048019
5985,2,2,0.9006536506113322,0.013708410511813299,0.9006536506113322,0.009777838443991795,0.006582975069287982,0.032423876124829956,0.03685324923874477
5989,5,5,0.6118772208731363,0.04035617374365628,0.13696729426950227,0.022315424949305426,0.016062938335068565,0.6118772208731363,0.17242094782933118
5990,5,5,0.8125652728014433,0.03359360830619091,0.08599544761466815,0.024670846619717367,0.008696195647837126,0.8125652728014433,0.03447862901014301
5993,6,6,0.5570858478972718,0.04787827611752217,0.1391776266372293,0.025799604402469586,0.017517290810271292,0.21254135413523598,0.5570858478972718
5996,5,5,0.7601633554350928,0.036072245898154505,0.0837726019726996,0.0183775482459495,0.011672566058653423,0.7601633554350928,0.08994168238945016
5997,2,2,0.6325610381814097,0.07963744080977148,0.6325610381814097,0.025990073741445466,0.01731912651752707,0.14409268248016444,0.10039963826968179
5998,2,2,0.6499296643532856,0.04119891734815259,0.6499296643532856,0.03629828233441806,0.027029980392975255,0.1720989498032297,0.07344420576793885
5999,2,2,0.5593318540094416,0.0982829887462979,0.5593318540094416,0.04507005923399908,0.01697097396862238,0.18866645841123766,0.09167766563040139
6002,3,3,0.9251188116143728,0.013771198400182484,0.02084138994794022,0.9251188116143728,0.005822988339514926,0.014679666773281827,0.01976594492470783
6003,5,5,0.4856320991047601,0.0997637511572444,0.10888518430672232,0.04168345161309848,0.016707205424848326,0.4856320991047601,0.24732830839332637
6004,1,1,0.6741459472012269,0.6741459472012269,0.072804774960647,0.027389122505072274,0.015068735883883981,0.09745567836134782,0.11313574108782203
6005,5,5,0.6689213968355698,0.07853948884809189,0.13171538542166591,0.05170896787124741,0.01854043716831308,0.6689213968355698,0.050574323855111854
6007,1,1,0.8635016094580119,0.8635016094580119,0.039720022686078355,0.012960501120284993,0.00620655612884912,0.051062469634959265,0.026548840971816465
6008,5,5,0.6282126421717095,0.06696547266966459,0.18370130679741137,0.03281818306951936,0.030080109167114587,0.6282126421717095,0.05822228612458068
6010,3,3,0.9056386332046544,0.014030652146538683,0.015941234290078755,0.9056386332046544,0.005500907770649707,0.05303285450355519,0.005855718084523317
6011,5,5,0.4082992862364793,0.0723810978798615,0.2041317418908869,0.04880288750816253,0.08138271616330317,0.4082992862364793,0.1850022703213066
6013,2,2,0.5595148905416968,0.10115746047217847,0.5595148905416968,0.06653278585618284,0.020342815703784108,0.15046528146755883,0.10198676595859894
6014,2,2,0.5947941089273823,0.09509399069994089,0.5947941089273823,0.029468536601516566,0.01619009851069301,0.15122047103730943,0.11323279422315785
6015,4,4,0.9388415775777634,0.01264821274889971,0.015587823500381145,0.006715868050363707,0.9388415775777634,0.01628930489426638,0.00991721322832565
6016,5,5,0.7308111284787596,0.06014455745143217,0.10417986521020191,0.016035291212224075,0.013072574632169657,0.7308111284787596,0.07575658301521261
6020,6,6,0.6920272430524822,0.042508497804208595,0.09945280475718683,0.02117510788838733,0.013605520014824029,0.131230826482911,0.6920272430524822
6021,1,1,0.8109239475196435,0.8109239475196435,0.04960012425704023,0.016828351826210668,0.025426867249612368,0.0518048241873968,0.045415884960096554
6022,1,1,0.8712410383669364,0.8712410383669364,0.0356913563164492,0.013643471885207264,0.01969560996353202,0.03048474775502434,0.0292437757128508
6023,2,2,0.7009737614897967,0.04963391762854582,0.7009737614897967,0.023238912902742926,0.02025777942731853,0.13813333573809874,0.06776229281349723
6028,6,6,0.9141665202766174,0.015082431022263343,0.022223937585446687,0.007476876582758188,0.010804591762070777,0.030245642770843673,0.9141665202766174
6029,4,4,0.844030782846688,0.029746359167642504,0.048064545271398924,0.009541133480173502,0.844030782846688,0.043452941151035505,0.02516423808306165
6030,6,6,0.8210715537139536,0.038090377627941645,0.04464516672112769,0.019189654115827237,0.007662230599203226,0.06934101722194658,0.8210715537139536
6031,1,1,0.867228965580187,0.867228965580187,0.02845581719093001,0.01083336926520741,0.012735401919838464,0.03905040705438402,0.04169603898945301
6032,2,2,0.7184364694423322,0.05325524945567792,0.7184364694423322,0.027588904352011643,0.01572473783245565,0.12709615692033646,0.05789848199718612
6033,6,6,0.6482995645696625,0.04684095613139269,0.15196728916567367,0.02250592306125523,0.010986366170409151,0.11939990090160667,0.6482995645696625
6034,3,3,0.3280538220798609,0.09104986956743188,0.19706842920826875,0.3280538220798609,0.045175281756396124,0.17403630731423247,0.16461629007380982
6035,6,6,0.7444601429307555,0.0755833035572094,0.06872902745869218,0.031766258092326076,0.010153527134501086,0.0693077408265158,0.7444601429307555
6036,1,1,0.5238544661255161,0.5238544661255161,0.13251154978389795,0.05278069006739999,0.024845117708967288,0.11572845482205103,0.1502797214921676
6038,1,1,0.7979517409796572,0.7979517409796572,0.0727545699713757,0.015149174097411327,0.014799604519469564,0.05758843145134185,0.041756478980744395
6040,6,6,0.9451102987103452,0.012972891009213915,0.012729752605976708,0.009974572506472967,0.00392371203883263,0.015288773129158651,0.9451102987103452
6041,3,3,0.9300512959882855,0.021663044211922763,0.017677638867196862,0.9300512959882855,0.006493224766556851,0.01196689926182478,0.012147896904213161
6042,3,3,0.9344971648768509,0.011146987259096998,0.017417463215768515,0.9344971648768509,0.006116942181607829,0.014922575349268968,0.01589886711740676
6043,3,3,0.9410239314668186,0.008221812660350632,0.016505323117035363,0.9410239314668186,0.005796021666283101,0.016814547942385356,0.011638363147127052
6044,3,3,0.9383335803574797,0.008841362557424027,0.013858491169234015,0.9383335803574797,0.004976198174048618,0.023042392230338948,0.01094797551147467
6046,3,3,0.9260678991846676,0.012697791050350765,0.018767046668686116,0.9260678991846676,0.005505493415342191,0.02041410144746292,0.016547668233490413
6047,1,1,0.9039399697554167,0.9039399697554167,0.028842614943473576,0.009830679202952289,0.00562713509251078,0.026543064301044132,0.025216536704602492
6053,5,5,0.7666631253754115,0.030900113722937217,0.09175469288278264,0.02007301353428327,0.011295138396141036,0.7666631253754115,0.07931391608844439
6054,1,1,0.8579938476422291,0.8579938476422291,0.03683274035389353,0.012754665892880563,0.01870809521098533,0.03735704219730804,0.03635360870270349
6055,1,1,0.714186209346746,0.714186209346746,0.07236266525989654,0.025112330250185323,0.00959538991885182,0.08781630485914858,0.09092710036517176
6056,3,3,0.9417018041110893,0.011969021424448728,0.011541224527675384,0.9417018041110893,0.005261217242677779,0.021526414356813146,0.008000318337295618
6057,5,5,0.6766550086636962,0.04933270106133504,0.09368078352306744,0.03303351228657659,0.019637053010316624,0.6766550086636962,0.12766094145500803
6059,1,1,0.6921562945034194,0.6921562945034194,0.07510560003733241,0.027554323969161493,0.04305546552929294,0.0794733584192769,0.08265495754151686
6060,5,5,0.5671122126715233,0.054445074371490994,0.15381776231287042,0.07241966777312303,0.019511208237232045,0.5671122126715233,0.13269407463376026
6061,6,6,0.7687367114001806,0.042255351247683204,0.07528387046072789,0.027019079386257375,0.013933948806343804,0.07277103869880706,0.7687367114001806
6067,5,5,0.7319960151455779,0.03959152221305181,0.09225174550874139,0.02202992292571553,0.019976128419172567,0.7319960151455779,0.09415466578774086
6068,1,1,0.8616279649672328,0.8616279649672328,0.03772671417466152,0.015111406147637129,0.012620842079861026,0.040574834890241294,0.0323382377403661
6070,4,4,0.9690319743409658,0.005884841969903935,0.00729396016524269,0.0034367490984117876,0.9690319743409658,0.0072417813030669,0.007110693122408991
6071,2,2,0.9382764599788997,0.010465556459184788,0.9382764599788997,0.009639095192407231,0.003523699723812725,0.021256727754155567,0.016838460891539984
6073,2,2,0.755841204361263,0.041953636558991696,0.755841204361263,0.02571427921314783,0.019373378921554912,0.12075344496045767,0.0363640559845849
6074,3,3,0.9315635338612871,0.007805274003143641,0.013056935446951202,0.9315635338612871,0.00312866370481466,0.030823223888014218,0.013622369095789214
6075,6,6,0.7867157590840436,0.030574020538950884,0.07529647586389344,0.019502910282196816,0.009716878986160787,0.07819395524475455,0.7867157590840436
6076,4,4,0.9756245141572155,0.004222440843622725,0.006413356706082388,0.0029118945393094733,0.9756245141572155,0.00688273928992835,0.003945054463841524
6078,4,4,0.761102294454017,0.062017753192462256,0.051177487265396046,0.01630714737482683,0.761102294454017,0.04882334193346736,0.060571975779830534
6079,2,2,0.9259656938446411,0.015111167167734842,0.9259656938446411,0.008907638593731013,0.0046845038880921255,0.02172823518923349,0.023602761316567456
6080,1,1,0.9437210926675149,0.9437210926675149,0.01594093156171561,0.006492128338236586,0.005804956561745379,0.017468800455131918,0.010572090415655728
6082,1,1,0.5785257079922118,0.5785257079922118,0.11917326047397835,0.030885955573724005,0.025989172856720307,0.12715678493963167,0.11826911816373391
6083,2,2,0.6747455252882345,0.02940430382982052,0.6747455252882345,0.027757439872232597,0.014973765995530101,0.16084811729965656,0.09227084771452582
6084,4,4,0.9844293421525819,0.0027298933977185354,0.003764823571619994,0.001415375527274161,0.9844293421525819,0.003665080644868113,0.003995484705937297
6085,4,4,0.80982423481148,0.025548998627408066,0.046222115800226095,0.012181559983722315,0.80982423481148,0.056557545964994925,0.049665544812168595
6086,3,3,0.9207048871435379,0.020661199901890828,0.021324875580508447,0.9207048871435379,0.008021333157381134,0.014365220504147395,0.01492248371253423
6088,2,2,0.7426510167055393,0.05689712358021963,0.7426510167055393,0.022992926701294294,0.01425844636992216,0.08001842576614393,0.08318206087688075
6089,1,1,0.8917590996339808,0.8917590996339808,0.032662106505285664,0.01270434516233189,0.006546328857602199,0.03100259476153372,0.02532552507926575
6090,2,2,0.6535380063941238,0.06484276882032389,0.6535380063941238,0.03824327229681904,0.03857400962242015,0.11456104020770355,0.0902409026586096
6091,2,2,0.4094998164456769,0.06844799941807117,0.4094998164456769,0.029484116437646268,0.02381434884113605,0.11825541795612815,0.3504983009013414
6092,4,4,0.974733855709458,0.004902414924801474,0.005428459419624884,0.0019552710180221165,0.974733855709458,0.006437451716826762,0.006542547211266738
6093,2,2,0.8473261811809559,0.024764430589790786,0.8473261811809559,0.015188735164358058,0.009336954874490945,0.048492964759889484,0.05489073343051473
6095,3,3,0.9228187524195194,0.007759614565603032,0.014024694987022274,0.9228187524195194,0.006052348419663045,0.0385483685275273,0.01079622108066493
6096,2,2,0.3710496321156344,0.11964430341084573,0.3710496321156344,0.04523383127123728,0.0161881813182402,0.09551220364763253,0.3523718482364098
6099,5,5,0.7341704307728029,0.06116496823282765,0.06626136554004927,0.02985583355598369,0.009843009537819315,0.7341704307728029,0.09870439236051716
6100,5,5,0.5813977769975714,0.06682490258528588,0.1318449251426595,0.02068965761795728,0.02923688989765125,0.5813977769975714,0.17000584775887467
6101,1,1,0.8803856662265405,0.8803856662265405,0.0230709633490829,0.011978201383147404,0.010773579909568516,0.030781339994654253,0.043010249137006504
6102,4,4,0.9652342931789839,0.006870714041229663,0.007272635750698599,0.0036658807139905826,0.9652342931789839,0.009994130734833354,0.0069623455802639116
6103,2,2,0.6243477721500346,0.0482204559975817,0.6243477721500346,0.02761267569379056,0.023960109703084768,0.1848408757078307,0.09101811074767778
6104,6,6,0.9290507528846081,0.01297219911020384,0.02166174346316693,0.007824880273945093,0.004415648156618744,0.0240747761114572,0.9290507528846081
6106,4,4,0.9772857071415365,0.002829359796564149,0.004256864978313641,0.0027226567271861992,0.9772857071415365,0.007268242109387449,0.005637169247012105
6107,6,6,0.648595845333119,0.05137556197683644,0.10530866190692724,0.020401272367325578,0.019590307233490926,0.15472835118230097,0.648595845333119
6109,2,2,0.8803918543173442,0.02882185054715613,0.8803918543173442,0.010603775427322252,0.006908617982657998,0.04261620994833973,0.03065769177717979
6110,1,1,0.821292904512914,0.821292904512914,0.03507594364525102,0.01616792332981526,0.017084070981728712,0.04772424608686439,0.06265491144342653
6113,1,1,0.9194716723903255,0.9194716723903255,0.02614067946421256,0.008749025779189457,0.0053973421274535974,0.01804597094472334,0.022195309294095553
6115,3,3,0.9276037217418736,0.013867680068760189,0.011859685849268031,0.9276037217418736,0.006411753788938881,0.032498309286579534,0.007758849264579806
6116,3,3,0.93467687894806,0.009762329074284131,0.021005947258489113,0.93467687894806,0.0070081736968642125,0.013474044493258888,0.014072626529043798
6117,2,2,0.919800875447946,0.014420577650710741,0.919800875447946,0.007601933245397206,0.004386295214629989,0.028578589628462315,0.025211728812853995
6118,3,3,0.9350079004725219,0.010333131676727792,0.013740472858935931,0.9350079004725219,0.004266099966929537,0.012643331683248485,0.02400906334163631
6122,2,2,0.7424124126021753,0.04408490336689302,0.7424124126021753,0.028884104998017694,0.021239188610568834,0.11535414599143118,0.04802524443091415
6123,4,4,0.8977436496956402,0.016415171009561733,0.01791067911607123,0.01006805788565923,0.8977436496956402,0.025108872093846064,0.032753570199221524
6124,1,1,0.9225127234872765,0.9225127234872765,0.020261150349085405,0.01086566776252727,0.00464433664840016,0.02157377662413872,0.02014234512857195
6127,1,1,0.9518935050482354,0.9518935050482354,0.016066409996361237,0.005074483229101218,0.0030933928599417514,0.012943886221841332,0.01092832264451921
6130,4,4,0.8869074226650443,0.014857524851760744,0.025529116790569975,0.008239378754672993,0.8869074226650443,0.032053921185862914,0.03241263575208907
6132,5,5,0.6498143839282735,0.03201944179285851,0.2221854133540743,0.04826912919560492,0.023679576318422216,0.6498143839282735,0.024032055410766494
6135,2,2,0.8162391189263705,0.02934356099384314,0.8162391189263705,0.019660868851299328,0.012556707354126723,0.05756122091878711,0.06463852295557325
6137,4,4,0.9640229719451722,0.006693818369792859,0.00728260936672941,0.004124100961123517,0.9640229719451722,0.00904300553079631,0.008833493826385728
6138,6,6,0.6994875789154988,0.04464051368402355,0.12046124105415876,0.02314235447701593,0.01706019825967249,0.09520811360963052,0.6994875789154988
6139,4,4,0.8061707632073172,0.05067119629281307,0.04434416563857835,0.014215683707920103,0.8061707632073172,0.04401600454701629,0.04058218660635503
6140,2,2,0.45673396079163503,0.058164597427783654,0.45673396079163503,0.029658271022328823,0.01678737020726183,0.38162166377548773,0.057034136775502904
6143,4,4,0.9226237738730546,0.015020282733158257,0.019350115700886125,0.007917170349021528,0.9226237738730546,0.019648709538652977,0.015439947805226516
6144,3,3,0.4066359505003422,0.09713244947880643,0.18705157207125364,0.4066359505003422,0.02812485581266126,0.1303007368890764,0.15075443524786014
6145,5,5,0.5363649730191495,0.05047511249913071,0.2457273084821406,0.019440707103917217,0.0210770356278339,0.5363649730191495,0.1269148632678281
6146,3,3,0.939650840961933,0.018383787112249597,0.013774247567677847,0.939650840961933,0.0030402320180558167,0.008630275140924359,0.01652061719915949
6147,2,2,0.7014724449604357,0.0376745815531715,0.7014724449604357,0.02917222306259726,0.01627028928577264,0.125488636996047,0.08992182414197591
6148,3,3,0.927742712962318,0.01250909840358846,0.017994738433600593,0.927742712962318,0.005446799538310076,0.019910947855598587,0.016395702806584304
6149,5,5,0.5350708582893391,0.07158334434972918,0.11744528499114498,0.038553289372176246,0.01640274752100157,0.5350708582893391,0.22094447547660898
6150,3,3,0.9312357459825356,0.0222428864096298,0.01500650137282738,0.9312357459825356,0.003256462656929543,0.008962419502629828,0.019295984075447883
6151,6,6,0.9195908318224866,0.007875648226112768,0.022716615936627663,0.007282137626159512,0.00435358417736047,0.03818118221125306,0.9195908318224866
6152,4,4,0.9769524239706061,0.0030761322708749653,0.0042162188717089115,0.00294185582631423,0.9769524239706061,0.007373479958733369,0.005439889101762494
6153,1,1,0.7588755118921614,0.7588755118921614,0.0580258014167501,0.020035404075525343,0.025302294152076164,0.06424266743410191,0.07351832102938514
6154,6,6,0.8113955601837831,0.07864856652017181,0.054944410586027025,0.017806100968610024,0.005275195194938864,0.031930166546469206,0.8113955601837831
6155,2,5,0.4786132220032609,0.04427814979855241,0.33284124453509134,0.037118485711736045,0.024141280943690713,0.4786132220032609,0.08300761700766868
6156,3,3,0.9425688688071006,0.006769163787511045,0.01198643898719009,0.9425688688071006,0.004078974028306325,0.025100720257540076,0.009495834132351862
6157,4,4,0.9023843148163477,0.02978619509178519,0.01770494387810019,0.007437590791751044,0.9023843148163477,0.027093922109272032,0.015593033312743795
6158,1,1,0.8425299055861319,0.8425299055861319,0.04321428078885341,0.014369912699772077,0.01399845529539426,0.046040079447670364,0.03984736618217802
6160,6,6,0.6740717724161125,0.07426136716221024,0.07290786920597331,0.06888478343395199,0.013983500374017686,0.09589070740773432,0.6740717724161125
6162,1,1,0.7791270397508604,0.7791270397508604,0.055874650212915815,0.014804893596732272,0.011364208031705339,0.06292518657432591,0.0759040218334602
6165,5,5,0.5820653913850864,0.047278820459673236,0.1916872960234035,0.030833210284127312,0.02005622456755708,0.5820653913850864,0.12807905728015243
6168,4,4,0.9389701961120679,0.0070807291858931,0.014641036262411047,0.006166173384896304,0.9389701961120679,0.0203959396780731,0.012745925376658675
6171,5,5,0.6534713379351853,0.056489037295696085,0.1431009890613474,0.037468924061131954,0.03059833876577917,0.6534713379351853,0.07887137288086007
6173,6,6,0.8164901759167984,0.02421200865300028,0.07511311752964044,0.017857976676585285,0.0072918524384671035,0.05903486878550854,0.8164901759167984
6174,4,4,0.7851049723457939,0.03411761818101109,0.05108512308873309,0.021591118605829327,0.7851049723457939,0.05989449792414408,0.04820666985448854
6178,1,1,0.8868131620628142,0.8868131620628142,0.04315520575390285,0.010724583470094607,0.005931587576706919,0.030212752405980117,0.023162708730501275
6179,3,3,0.9211853636076781,0.01343629323219484,0.022753427530093878,0.9211853636076781,0.007371406517130936,0.016078856036239157,0.019174653076663096
6180,1,1,0.9592485683226224,0.9592485683226224,0.012782786081603695,0.00427583874578158,0.002836611610720544,0.009897226410310545,0.010958968828961165
6181,2,2,0.5505303671936923,0.03802697143318792,0.5505303671936923,0.03304147620662323,0.014787931387325044,0.2872732809933199,0.07633997278585158
6182,2,2,0.6562257292121275,0.0584130241706997,0.6562257292121275,0.025166325386489455,0.015497384653308917,0.17024685466411438,0.07445068191326003
6185,6,6,0.7096375075606134,0.03379498757883027,0.11660354977888444,0.02643331242890955,0.013958978788700569,0.09957166386406184,0.7096375075606134
6186,1,1,0.9168203141281511,0.9168203141281511,0.022388453992010785,0.008572549194081673,0.011047320118783899,0.022636063343815786,0.018535299223156852
6189,5,5,0.6451919104811166,0.032649083148139905,0.1067333941817667,0.023231491006275733,0.014362179325985597,0.6451919104811166,0.17783194185671541
6190,5,5,0.6243682574436102,0.06206686686232269,0.20705153008650468,0.035387424362361676,0.0238582596068973,0.6243682574436102,0.04726766163830333
6191,4,4,0.9251949275972421,0.014426280884261585,0.019478672165566237,0.006849427741606983,0.9251949275972421,0.020617054167748547,0.013433637443574611
6192,6,6,0.8453861038992134,0.027504523839985678,0.05080979233947163,0.014135201116654693,0.00805767016516523,0.05410670863950936,0.8453861038992134
6193,2,2,0.6536042695370774,0.08048968956627235,0.6536042695370774,0.040684692183552675,0.019134617446009684,0.1241749895779874,0.0819117416891006
6194,4,4,0.9532858921043917,0.011468593992767404,0.009174865265530196,0.004253736870092796,0.9532858921043917,0.013454537048585158,0.008362374718632756
6195,2,2,0.8811641581520122,0.013677505017546217,0.8811641581520122,0.016749923786142384,0.008261998658891696,0.0353665898548398,0.044779824530567836
6196,3,3,0.3590075294655706,0.12367755847628831,0.1543395828126456,0.3590075294655706,0.023839097412385754,0.16378285211519825,0.1753533797179115
6198,3,3,0.9223453052136716,0.0211822963610275,0.02046580131680111,0.9223453052136716,0.008154221812957791,0.013405787176770026,0.014446588118771952
6199,5,5,0.7079222507665288,0.039280229914466475,0.14100264018218867,0.021193127535004592,0.032156350365350125,0.7079222507665288,0.05844540123646127
6201,3,3,0.9331028196562493,0.01954676063574067,0.015061671121726404,0.9331028196562493,0.006028717202988328,0.016378930722886518,0.00988110066040871
6202,2,2,0.6033932852116894,0.04905423678578863,0.6033932852116894,0.04604572837246404,0.02026632338260768,0.1740884297774299,0.10715199647002026
6203,1,1,0.8716850549407533,0.8716850549407533,0.03520685994914556,0.013269072276760059,0.010693049864062568,0.038769666834718726,0.030376296134559787
6205,2,2,0.9544635000185879,0.004838172188413911,0.9544635000185879,0.005705043942956699,0.0065229205470953185,0.022142104774738686,0.0063282585282075626
6206,4,4,0.9690134007805755,0.004777328421474786,0.008099499685011327,0.0019922906738315187,0.9690134007805755,0.009088834530887241,0.007028645908219605
6207,4,4,0.9597793495320407,0.006389232021858886,0.010092614196063375,0.003488219117762968,0.9597793495320407,0.011675300076676776,0.00857528505559735
6208,4,4,0.8826536359463142,0.019600255609505183,0.022343631772966964,0.011146083085981941,0.8826536359463142,0.040186702343191424,0.02406969124204023
6209,5,5,0.6717674997106471,0.0739983147417267,0.10531918798809517,0.026673772665607363,0.029731516042378812,0.6717674997106471,0.09250970885154487
6212,1,1,0.7799221498191193,0.7799221498191193,0.055893019781925936,0.011872761489247327,0.009180480265436523,0.07080112010932932,0.07233046853494167
6213,4,4,0.887071248983695,0.008699426963598534,0.03118898754099362,0.008995820731904304,0.887071248983695,0.0397271358570879,0.02431737992272075
6215,1,1,0.8801149937134788,0.8801149937134788,0.02867328386105057,0.014583875426930869,0.0060016889879663,0.024362073628825625,0.046264084381747894
6216,2,2,0.4637698613663485,0.06925903347767591,0.4637698613663485,0.04682830219345374,0.03171841337926999,0.08669802626640734,0.30172636331684455
6217,1,1,0.7170925362935444,0.7170925362935444,0.06553260256654907,0.01908709002003247,0.011823547579417802,0.10022699711954677,0.08623722642090946
6219,2,2,0.3663568002493634,0.0954065532342175,0.3663568002493634,0.03685984885808106,0.029776908495242484,0.17454380703668915,0.29705608212640655
6220,1,1,0.8713762338068453,0.8713762338068453,0.041142816481247055,0.011248988365012227,0.008220852339502519,0.04558402898253002,0.022427080024862923
6221,3,3,0.9446859281479368,0.007575736241991475,0.009202423939272954,0.9446859281479368,0.002733055954657813,0.019911614170887673,0.01589124154525324
6222,3,3,0.9075917443929368,0.012196295365704815,0.02710074185965908,0.9075917443929368,0.006163824851113082,0.01709087536078309,0.029856518169803094
6223,4,4,0.8236077372905408,0.02873944258842069,0.03870131192787341,0.026168822983340702,0.8236077372905408,0.04363185145101195,0.039150833758812495
6225,2,2,0.5990311205548113,0.03666781991040626,0.5990311205548113,0.03711757955736824,0.01448771937918332,0.23350480267267343,0.07919095792555736
6226,2,2,0.7801191447283101,0.0414508602800181,0.7801191447283101,0.020910310460069054,0.008549051357168068,0.06384536238393765,0.08512527079049692
6228,1,1,0.8152964662725395,0.8152964662725395,0.039100635942515075,0.014339922618181773,0.007429675159105177,0.06395212073885459,0.05988117926880389
6229,5,5,0.6350547786429934,0.10684972889698012,0.08275383240908471,0.048828415800005597,0.030142841478919744,0.6350547786429934,0.09637040277201653
6231,6,6,0.512587328478144,0.06694758129952513,0.1717109822449862,0.02605294723845803,0.02397547825832464,0.19872568248056202,0.512587328478144
6232,2,2,0.5344799851740172,0.05356062496553837,0.5344799851740172,0.02810512311440464,0.02062712778163967,0.2632160569618386,0.10001108200256158
6233,1,1,0.6222868274257788,0.6222868274257788,0.11371824032913538,0.026131416348893582,0.04024702546148977,0.1466718173032293,0.05094467313147317
6236,4,4,0.951825409806769,0.014068922796097153,0.010130554141287426,0.003507017659444968,0.951825409806769,0.01197317812299716,0.008494917473404336
6238,2,2,0.8319998581193893,0.06343315372700149,0.8319998581193893,0.014314903178456736,0.008529607307434,0.04043728534679729,0.04128519232092121
6239,4,4,0.98202543492851,0.0027918757873849607,0.004700426881016271,0.0012051288776728528,0.98202543492851,0.004584287360397604,0.0046928461650182956
6240,2,2,0.8334802301774312,0.04564744933129482,0.8334802301774312,0.015586237554327758,0.011106532007868479,0.055975600474309,0.0382039504547686
6242,3,3,0.9372017966846979,0.007818545104570319,0.01536755475146296,0.9372017966846979,0.003938728615458283,0.02574958719000106,0.009923787653809357
6243,1,1,0.8158363299674757,0.8158363299674757,0.03614286171583123,0.012114851589311918,0.02923354737942768,0.05379903643168921,0.052873372916264066
6245,4,4,0.9564225566358389,0.009289369270821265,0.007741471111613348,0.004070818784224846,0.9564225566358389,0.012239085408339644,0.010236698789162042
6246,1,1,0.8478732530327484,0.8478732530327484,0.03783425355809363,0.019187404529512158,0.017974001627406883,0.040558225884135435,0.03657286136810343
6247,2,2,0.8068841368763845,0.022748967529799477,0.8068841368763845,0.03752295305781791,0.010636386057126464,0.053749087026041344,0.06845846945283024
6248,2,2,0.7300956959109465,0.037909195201561094,0.7300956959109465,0.025588543328159175,0.09151220312444704,0.07110927455257796,0.0437850878823082
6249,2,2,0.7107377581906834,0.02761069468104752,0.7107377581906834,0.018992143025232378,0.011616262782426237,0.1717819545310744,0.05926118678953623
6251,2,2,0.46120907512562415,0.07128442631198614,0.46120907512562415,0.0703338163567588,0.05385800834550861,0.2449842347108313,0.09833043914929092
6252,1,1,0.757250755725221,0.757250755725221,0.06253869061852504,0.023931794468178395,0.015216013958657197,0.06987976159678227,0.07118298363263591
6254,4,4,0.9365949560433218,0.013924941098287845,0.01586957291586857,0.006404082985512964,0.9365949560433218,0.01801268274264531,0.009193764214363508
6255,3,3,0.9213296446499027,0.02132110459337003,0.02055804960943155,0.9213296446499027,0.008241535986203934,0.013524521222869007,0.015025143938222909
6259,4,4,0.9651013856091539,0.00518164834565603,0.006167823003864766,0.004331750347028984,0.9651013856091539,0.010635293937509886,0.008582098756786536
6261,1,1,0.8716359449982314,0.8716359449982314,0.025654881926603847,0.011277108476930111,0.0052125649511535425,0.024350424463803505,0.06186907518327763
6262,1,1,0.6905884305203481,0.6905884305203481,0.10627588280440464,0.026147612056532717,0.01389173898283045,0.08229258700001388,0.08080374863587024
6263,4,4,0.9842574130794428,0.002592453804366848,0.0038004169315532365,0.0016495670649862811,0.9842574130794428,0.004092609792655567,0.0036075393269951717
6264,3,3,0.9317045367388497,0.005961907130089328,0.014157191912777308,0.9317045367388497,0.0039056998940849397,0.03665739219735512,0.00761327212684362
6267,5,5,0.7439442583232949,0.049611694764418256,0.07716730544371905,0.020932531148850773,0.009887541906997236,0.7439442583232949,0.09845666841271984
6268,1,1,0.8482640741756595,0.8482640741756595,0.04365946736057665,0.01221434859993403,0.00824165536164033,0.05155330884035819,0.03606714566183136
6269,4,4,0.9851255858298642,0.003129492465594845,0.003420560218724434,0.0012195473965187636,0.9851255858298642,0.0036844221949051265,0.003420391894392598
6270,1,1,0.7571150218032011,0.7571150218032011,0.058603119755945725,0.023249757446788706,0.013273574581339065,0.058066681333529345,0.08969184507919613
6272,6,6,0.9134889019659077,0.012221224886668632,0.021742714342101215,0.0075871694171991905,0.0047281387521791556,0.04023185063594417,0.9134889019659077
6273,5,5,0.6297789328612371,0.08631637860720962,0.11322192550110625,0.03411028220907554,0.019992040544667813,0.6297789328612371,0.11658044027670358
6274,3,3,0.940604146208338,0.006646950320176086,0.015869523546517897,0.940604146208338,0.007587305178559017,0.017809170811568832,0.01148290393484019
6275,1,1,0.7823573889301774,0.7823573889301774,0.05922570811737828,0.017020511165885717,0.007915206056327865,0.05894024352492786,0.07454094220530291
6276,6,6,0.5430652791458797,0.08975021838465752,0.12904850139115895,0.060398838258255566,0.020710613981958184,0.15702654883809022,0.5430652791458797
6277,3,3,0.9367340821953859,0.008816421277375168,0.018081732574594903,0.9367340821953859,0.006540440106261727,0.018236187485127366,0.011591136361254967
6278,5,5,0.8795865938932372,0.016846135620560726,0.039945109146326076,0.026976118266426822,0.009028324315506174,0.8795865938932372,0.027617718757942913
6279,2,2,0.8753212446265134,0.015577278632095234,0.8753212446265134,0.012222236271588775,0.009307309428550457,0.058521511879673006,0.02905041916157919
6282,3,3,0.9441457777366453,0.012446331015920997,0.009911006242364783,0.9441457777366453,0.004087831074798401,0.013790040424084188,0.015619013506186405
6283,2,2,0.8134327057969776,0.043342375397274355,0.8134327057969776,0.012191805359097701,0.008216415229366078,0.05826546204109762,0.06455123617618659
6284,4,4,0.8227632486906143,0.055260800219722975,0.0318426793444187,0.017233699073918914,0.8227632486906143,0.03686836143616931,0.0360312112351557
6285,5,5,0.8249452077761121,0.04228943591176024,0.04943730093699158,0.021560047641542103,0.04055172612853444,0.8249452077761121,0.021216281605059457
6287,5,5,0.61713469284817,0.06470499275558055,0.15504885755137207,0.026211773625976553,0.03805749569689972,0.61713469284817,0.0988421875220012
6288,5,5,0.7001260629557247,0.0367931136459303,0.1553843186380988,0.026977323282098453,0.015046582430565407,0.7001260629557247,0.06567259904758234
6289,3,3,0.9092384432844799,0.006970817787938549,0.01472157330592415,0.9092384432844799,0.004650079287669143,0.05770888774060597,0.006710198593382358
6291,1,1,0.8342524804113286,0.8342524804113286,0.05663083896387523,0.01803688895769443,0.00965388126101146,0.039315646098685285,0.042110264307405006
6292,2,2,0.6182985607651363,0.0914670439797207,0.6182985607651363,0.029864891191640378,0.019300158781917362,0.15818606136973026,0.08288328391185486
6293,4,4,0.6956067909214714,0.037618160154028586,0.07527890900004025,0.022316658319824136,0.6956067909214714,0.09006710158556436,0.07911238001907123
6294,2,2,0.7699975783064403,0.026416832906840916,0.7699975783064403,0.01584154820249344,0.009878857470147941,0.12370379061772566,0.054161392496351816
6295,4,4,0.9375801801794486,0.008221629408225203,0.016290830885780795,0.005312646664651064,0.9375801801794486,0.020894397818742062,0.011700315043152398
6296,4,4,0.7800732364282607,0.03314142842402645,0.05423996328822573,0.017373614419323336,0.7800732364282607,0.06737486623909977,0.04779689120106408
6297,1,1,0.8062344792155726,0.8062344792155726,0.06261224552877236,0.018798197564351558,0.013749072229924452,0.05480652982720843,0.04379947563417063
6298,3,3,0.9169213978702759,0.012778804575502923,0.025170510411321994,0.9169213978702759,0.007181188257622876,0.016772459822514366,0.0211756390627618
6299,4,4,0.7949695344258574,0.04316885298758984,0.04760988369192379,0.014090752389361045,0.7949695344258574,0.05782716934996282,0.04233380715530518
6300,5,5,0.48247491105052054,0.09250401149655428,0.17778791666058744,0.0945042350991927,0.020973459263984414,0.48247491105052054,0.13175546642916067
6301,3,3,0.9158878635758847,0.0142170622567464,0.02452841330794911,0.9158878635758847,0.00754142100918577,0.017780189812124984,0.020045050038109056
6302,5,5,0.8182211059926301,0.01570264601477752,0.05462519182404569,0.023305495027775236,0.014858025137905774,0.8182211059926301,0.07328753600286575
6303,2,2,0.8100174323249335,0.033882238139360595,0.8100174323249335,0.017302334086807526,0.012339146347163328,0.06101668543123968,0.06544216367049555
6304,4,4,0.8994843507731388,0.013970955910593505,0.022803113293862594,0.01572880692647153,0.8994843507731388,0.033794029636569876,0.014218743459363754
6305,1,1,0.5731008505376468,0.5731008505376468,0.09423878628761069,0.028933666807208776,0.044247321583983215,0.10536736563476164,0.15411200914878906
6309,1,1,0.9258443279327554,0.9258443279327554,0.02513118331718085,0.007924865950007262,0.004372361905404633,0.021753746203537087,0.014973514691114603
6310,5,5,0.5879845548617217,0.1188697592888972,0.1268530904324718,0.037080659841167984,0.014640774709998545,0.5879845548617217,0.11457116086574284
6312,1,1,0.8567659092966486,0.8567659092966486,0.04562312955011312,0.012339838791358174,0.00611079922420392,0.043999484418752274,0.035160838718924
6314,2,2,0.6363297668771194,0.05981048982947827,0.6363297668771194,0.049548871805101875,0.025839450598226083,0.1477030632134446,0.08076835767662965
6315,5,5,0.7784751045139711,0.01877563629399219,0.09260119072203078,0.018758049777413098,0.012504347540583586,0.7784751045139711,0.0788856711520093
6316,6,6,0.3555304655478516,0.12192489908888964,0.2899927186910146,0.055286424952347604,0.02540209689743908,0.15186339482245753,0.3555304655478516
6317,5,5,0.5131174562917811,0.07412707708715838,0.14548639237012437,0.043858672899234716,0.024091732183909483,0.5131174562917811,0.19931866916779192
6318,1,1,0.7455156355349237,0.7455156355349237,0.07868720289456077,0.0166189107302679,0.023415917727453845,0.07566505792954888,0.060097275183244814
6319,5,5,0.7110658249411845,0.04102263394686915,0.12850627318048624,0.02518388056654775,0.028076447431561707,0.7110658249411845,0.06614493993335072
6320,2,2,0.771927493641375,0.033061109488158685,0.771927493641375,0.021255017005106736,0.012058702924647962,0.0975019826708647,0.06419569426984703
6321,6,6,0.7356887527970071,0.08323868276441157,0.05473012336094701,0.023046414954228454,0.011285631546236328,0.09201039457716953,0.7356887527970071
6322,5,5,0.7228296740702981,0.053555291006496974,0.07022362679165312,0.0346352515575715,0.012021563433764194,0.7228296740702981,0.10673459314021613
6323,4,4,0.9761981938451026,0.004903264158181789,0.005484269366533547,0.0026722952596746658,0.9761981938451026,0.005418084240181322,0.005323893130326041
6324,4,4,0.9630885656740805,0.005077299622466738,0.0060867834435716466,0.00474550172632711,0.9630885656740805,0.010164143626326895,0.010837705907227059
6325,6,6,0.8715326631110243,0.027222736482008056,0.0265232824291955,0.013285445687292698,0.0062954408090650565,0.05514043148141448,0.8715326631110243
6326,4,4,0.9541577964356552,0.008283216435605032,0.01225134166648026,0.003182420859779012,0.9541577964356552,0.012739448272579498,0.009385776329900966
6327,3,3,0.4806735036171756,0.06366066532729805,0.10095869662299635,0.4806735036171756,0.022001075714844213,0.08682846534299093,0.24587759337469486
6328,4,4,0.9387506055035192,0.00792872900707235,0.014538504557102353,0.007905910325566184,0.9387506055035192,0.017589125846034667,0.013287124760705345
6329,2,2,0.8228476964552097,0.02135491351242446,0.8228476964552097,0.014188902704788077,0.03415995391524509,0.06650315979025825,0.040945373622074434
6332,1,1,0.8694731004874651,0.8694731004874651,0.03457883998525679,0.013541706644743587,0.018374498724760758,0.034207028438481606,0.029824825719292025
6333,4,4,0.9219252081960264,0.011213273666214848,0.018290522395576592,0.008167006036536275,0.9219252081960264,0.021974810644697917,0.018429179060947855
6335,4,4,0.9526821335775604,0.0067361644668684955,0.010877784681849531,0.0027010959607690127,0.9526821335775604,0.012920490705054839,0.014082330607897833
6337,5,5,0.5008914700425613,0.06935761654470594,0.18913044883190225,0.037854990870221636,0.028153518189281756,0.5008914700425613,0.17461195552132713
6338,4,4,0.9600776519515656,0.007328318284526366,0.0071070712262980805,0.0037712730821969805,0.9600776519515656,0.01354243225127501,0.008173253204137993
6340,2,2,0.5038460918256537,0.06017766725555425,0.5038460918256537,0.03485892317499507,0.024847776813044817,0.24935999934535955,0.1269095415853927
6341,5,5,0.7782219342600456,0.06723399990255473,0.08689066022890253,0.01599514749637884,0.010860182723388125,0.7782219342600456,0.040798075388730204
6342,1,1,0.8554732680457259,0.8554732680457259,0.03945957226724225,0.009835041236930676,0.007397057339749564,0.05838613218651505,0.029448928923836503
6343,3,3,0.9289805119005555,0.01107103967250887,0.021412888019525008,0.9289805119005555,0.006095790813601618,0.014753270773013628,0.017686498820795437
6344,2,2,0.6470276455744344,0.04600783438488431,0.6470276455744344,0.030408941080215916,0.021935841150901622,0.1691977305931968,0.0854220072163669
6346,3,3,0.9349934781098157,0.009489379596049728,0.01848032140083755,0.9349934781098157,0.00660084858731027,0.015549995610421355,0.01488597669556525
6347,2,2,0.6598176302438906,0.06579127886938152,0.6598176302438906,0.029612680159476556,0.018506680970418077,0.13953149000789836,0.08674023974893495
6348,1,1,0.9467219392015516,0.9467219392015516,0.014865232008658753,0.006546791542035498,0.0034889377864910135,0.01764082585804994,0.010736273603213182
6351,5,5,0.616167657353632,0.06274859040967996,0.1266526170843229,0.03809458518217993,0.017756743118701044,0.616167657353632,0.13857980685148424
6352,4,4,0.9637165040270398,0.006334077283685144,0.0077063743514344096,0.0030867819378355456,0.9637165040270398,0.012465440511843999,0.006690821888161206
6353,4,4,0.8529229515854666,0.023886874924637216,0.04660718033340551,0.00941205079458525,0.8529229515854666,0.043109397164740645,0.02406154519716491
6354,5,5,0.825654953626825,0.040010013469150216,0.06811262270276258,0.014180840818266833,0.015877837895766675,0.825654953626825,0.03616373148722877
6355,3,3,0.9364865726948483,0.009735482316004785,0.018482668445929377,0.9364865726948483,0.005245495803902231,0.014498016913142531,0.015551763826172895
6357,1,1,0.9371704147054808,0.9371704147054808,0.02218440825009881,0.006157844857439612,0.003604198524148233,0.017694026453808815,0.013189107209023703
6358,3,3,0.9396002453247901,0.018407891773910806,0.013820155905934038,0.9396002453247901,0.0030421160770080636,0.008556383661172187,0.01657320725718469
6359,1,1,0.6668032094149308,0.6668032094149308,0.08927267197734756,0.03918582394981332,0.022489471820245317,0.10057760871613326,0.0816712141215298
6360,3,3,0.9281655031340537,0.012792497632138175,0.008541508353878298,0.9281655031340537,0.004316644177821404,0.0311853095564137,0.014998537145694718
6363,1,1,0.9082578569310203,0.9082578569310203,0.02236407742911276,0.00922913948354067,0.009894211093582196,0.022044586551191136,0.028210128511552933
6364,5,5,0.5708496647088817,0.06141015614273429,0.1529849669506849,0.037926583492285844,0.018480251816440765,0.5708496647088817,0.15834837688897252
6365,5,5,0.7097187942360144,0.03497681626993671,0.1393971310029846,0.021892886361911827,0.013204710044571516,0.7097187942360144,0.08080966208458097
6366,5,5,0.5706389980759436,0.1060604886216531,0.15346074274097268,0.04185069773330543,0.02398103051937018,0.5706389980759436,0.10400804230875496
6367,3,3,0.9103174814640269,0.0065806528568626114,0.014414840982544901,0.9103174814640269,0.0029696289926465203,0.05699919302126718,0.008718202682651905
6368,3,3,0.934551778819883,0.008881304144361595,0.020169973079749798,0.934551778819883,0.006743574320675173,0.016218269273614104,0.013435100361716284
6369,6,6,0.8014163797134202,0.033238142888298634,0.06053187373232756,0.019779414541555074,0.01130771452249926,0.07372647460189942,0.8014163797134202
6371,1,1,0.8707085922492475,0.8707085922492475,0.03810823549145674,0.012139483034024292,0.008658018645830233,0.03838113904331903,0.0320045315361223
6372,4,4,0.9421438650616664,0.009597138010738493,0.012474938061514057,0.00614322950217965,0.9421438650616664,0.018188771101738985,0.0114520582621625
6373,1,1,0.8004208185611714,0.8004208185611714,0.05140137681506218,0.018634315282801423,0.009885316560929754,0.05560877108812393,0.06404940169191138
6375,6,6,0.4583259258443605,0.2909559050822974,0.08528658230115499,0.036420881407515496,0.036193483086313295,0.0928172222783583,0.4583259258443605
6376,2,2,0.7433055888843458,0.03467375930971929,0.7433055888843458,0.026123915165122698,0.01808551249675734,0.11066200460495992,0.06714921953909488
6377,6,6,0.7369023830552034,0.09338498819679383,0.057109045897879865,0.050093531523573015,0.008191822661359973,0.054318228665189885,0.7369023830552034
6380,5,5,0.7643865599762044,0.026923455838655443,0.08960488587884997,0.02979348214291841,0.01125512931860741,0.7643865599762044,0.07803648684476425
6381,2,2,0.8463054396678906,0.020702036483650706,0.8463054396678906,0.04018114409700272,0.013561210487337098,0.049478197988922404,0.02977197127519658
6383,1,1,0.6574457391301769,0.6574457391301769,0.09358366179399974,0.03298023378333262,0.013861796188867499,0.11599494222253744,0.08613362688108574
6384,5,5,0.6398406438487626,0.10858962471386881,0.08187703609038043,0.031054718488405575,0.01566056011374205,0.6398406438487626,0.12297741674484058
6385,3,3,0.9450468729205078,0.006769887379774007,0.016047458351555806,0.9450468729205078,0.006660278966279809,0.012954098840682993,0.01252140354119957
6386,5,5,0.6620711134416766,0.03508617579203345,0.14736158852893014,0.02008131809484687,0.015325053763731335,0.6620711134416766,0.12007475037878168
6387,5,5,0.7154661157084212,0.03497511175807212,0.09005659228684228,0.020310956453951163,0.014106936706306158,0.7154661157084212,0.12508428708640704
6388,3,3,0.9299510912333231,0.01075494021122112,0.012447216321491188,0.9299510912333231,0.0043197059036780405,0.037719344116473354,0.004807702213813313
6390,2,2,0.8467203069539825,0.016752031735564592,0.8467203069539825,0.02330148640441658,0.013749795298553049,0.054410657849938225,0.045065721757545155
6392,3,3,0.9405427915393966,0.008342021142699038,0.016833879639912994,0.9405427915393966,0.005842945931685811,0.01695160555961204,0.011486756186693647
6393,3,3,0.9295935334466248,0.010920238986107809,0.019827100317224178,0.9295935334466248,0.0037983402157603647,0.014021710796082778,0.02183907623820016
6395,6,6,0.6545571269513554,0.04461611044126965,0.1319525177475361,0.018184759346530053,0.028574844283488696,0.12211464122982006,0.6545571269513554
6396,3,3,0.9135384385837864,0.017310926218909416,0.015251935112313974,0.9135384385837864,0.007522953903566625,0.03575925690745016,0.010616489273973408
6398,1,1,0.8902180116724128,0.8902180116724128,0.04202093973298894,0.01075267624855522,0.009474717140946763,0.03005397371277414,0.01747968149232223
6399,2,2,0.5375070396287969,0.04866241157526928,0.5375070396287969,0.04285319009257795,0.01956480594372315,0.2152381180317679,0.13617443472786486
6400,3,3,0.9219706437525022,0.012701937786955553,0.01640670906499379,0.9219706437525022,0.004011136581412685,0.013986124822922063,0.030923447991213743
6401,4,4,0.9776699568714461,0.0047759688849524804,0.0035620919197529586,0.002060072381095132,0.9776699568714461,0.005535096071214631,0.0063968138715388
6402,2,2,0.6173231478934764,0.03375186302375429,0.6173231478934764,0.03652149462103322,0.015316379594206325,0.22767528073598625,0.06941183413154352
6403,3,3,0.9256725626895613,0.018985014336218103,0.012852782037575292,0.9256725626895613,0.005426319942689643,0.012148908550048774,0.024914412443906957
6404,1,1,0.9347929810760202,0.9347929810760202,0.01961639122952402,0.006963186502961037,0.004110311508977774,0.01991228048885182,0.014604849193665037
6405,6,6,0.7831220967041705,0.02447028385773116,0.06601775105538635,0.024639699828924885,0.01115390586163173,0.09059626269215533,0.7831220967041705
6407,2,2,0.62592195194357,0.12372416065985502,0.62592195194357,0.02731493736599763,0.01506190574782007,0.06820591332393718,0.13977113095882007
6408,6,6,0.8320924052463323,0.05579480513379121,0.03847882376404814,0.015748297351953856,0.011711073983750197,0.04617459452012435,0.8320924052463323
6409,6,6,0.8034514218788081,0.023026050091128843,0.06595084647645197,0.01546331174847491,0.008483511254991614,0.08362485855014463,0.8034514218788081
6410,4,4,0.9406443843251381,0.00970188123547046,0.013327738183399608,0.006234939736116654,0.9406443843251381,0.018875822394502834,0.011215234125372375
6412,6,6,0.5300481638408291,0.23099795862047479,0.07615812818121465,0.02560829366936188,0.014899425254422505,0.1222880304336972,0.5300481638408291
6413,2,2,0.8138942904439123,0.0326156952887779,0.8138942904439123,0.020978608487238648,0.012214438472841826,0.0685883949156034,0.05170857239162585
6414,5,5,0.5103247440383064,0.08083849637336714,0.16341878815900085,0.034488761886525714,0.01976970048645797,0.5103247440383064,0.19115950905634194
6419,4,4,0.9621550101930796,0.003088489455113297,0.010839972924199059,0.003593524099634094,0.9621550101930796,0.013376982292895792,0.0069460210350782235
6420,6,6,0.6060805377295618,0.05151446730561286,0.13571843734143532,0.032571683826163884,0.01820518566539809,0.15590968813182804,0.6060805377295618
6421,4,4,0.9716990493345861,0.004948147257727146,0.005983849081997569,0.0027338473378585026,0.9716990493345861,0.009688025750090964,0.004947081237739798
6422,6,6,0.2679251711072018,0.11418381621660799,0.14828320790459634,0.04276722577182928,0.17553722594762652,0.251303353052138,0.2679251711072018
6423,4,4,0.9819105121192858,0.003916754166858154,0.0038164132572277424,0.0018347640822887399,0.9819105121192858,0.005277759194270448,0.0032437971800691524
6425,3,3,0.9228517461667264,0.01693200392723943,0.012443390866672429,0.9228517461667264,0.005781928147460939,0.03357769191577683,0.008413238976124046
6426,5,5,0.8377639443881749,0.03251801671604957,0.06473653227745806,0.014824356659414055,0.008718646153288243,0.8377639443881749,0.04143850380561523
6427,4,4,0.9518374480837317,0.006027267415255717,0.008797804870935405,0.0062029298939351675,0.9518374480837317,0.016071218474015336,0.01106333126212665
6428,4,4,0.9124693200722296,0.026576924965897045,0.01759441136651589,0.005929139767853157,0.9124693200722296,0.02178698632583054,0.01564321750167378
6429,3,3,0.9451190303681701,0.012040363877973033,0.01009293680202288,0.9451190303681701,0.004320576980228322,0.021381032071195422,0.007046059900410218
6430,6,6,0.5603704762695851,0.10878185561070983,0.10953965143637731,0.041060130771751406,0.028797852199515486,0.1514500337120608,0.5603704762695851
6432,2,2,0.7159919029315486,0.03277959743059821,0.7159919029315486,0.034808943344189366,0.013565731774369956,0.13732706696814523,0.0655267575511487
6433,4,4,0.963930154475905,0.00778788993268763,0.00735970261830608,0.00489758383848088,0.963930154475905,0.010048532307701055,0.005976136826919306
6434,3,3,0.9424298191579085,0.006374465824535098,0.009610313013931058,0.9424298191579085,0.003883907874046836,0.030326313060037628,0.007375181069540909
6435,3,3,0.9420591962438967,0.006390485622639916,0.012521640416706711,0.9420591962438967,0.003548561104184068,0.02307384245285261,0.012406274159719944
6436,4,4,0.8983678573947919,0.02044821667205087,0.02087402101917749,0.01125071225959143,0.8983678573947919,0.02437396778537926,0.024685224869009162
6437,5,5,0.5225659033647537,0.144333111641209,0.08465020040606101,0.0285449718584171,0.0128619219452206,0.5225659033647537,0.20704389078433855
6439,6,6,0.8037229055806695,0.034475493882033366,0.057701400042047817,0.03931211901210537,0.011092433653271476,0.05369564782987253,0.8037229055806695
6440,4,4,0.9338083673605114,0.012040367319656365,0.013497083629428515,0.005531071772439316,0.9338083673605114,0.01690374103486062,0.01821936888310383
6441,2,2,0.7746121476539014,0.03194713319309426,0.7746121476539014,0.019431339589338476,0.010133641808768181,0.12881413954389861,0.03506159821099892
6442,3,3,0.9307155943230362,0.007411442656665385,0.015129569835068569,0.9307155943230362,0.005461425994543321,0.03202877409096137,0.00925319309972521
6444,4,4,0.9154543508769757,0.011201929396904247,0.019299179454290997,0.006917797336880159,0.9154543508769757,0.025224173113890934,0.021902569821058048
6447,5,5,0.48774870956518485,0.10239269653586831,0.22035130162067018,0.03611639933430046,0.021403053842134562,0.48774870956518485,0.13198783910184164
6450,5,5,0.7667681514124568,0.03766909959745362,0.09741309680663081,0.022812261089912928,0.011670097632788087,0.7667681514124568,0.06366729346075772
6451,1,1,0.8780911521404817,0.8780911521404817,0.0319665941407898,0.015411581802419652,0.0078393633310101,0.026286951699069763,0.040404356886228975
6457,4,4,0.9778215672262758,0.004170039380137687,0.005113742133138715,0.0030738758397250484,0.9778215672262758,0.005915512762499095,0.0039052626582237178
6458,2,2,0.5999155526639438,0.06153029020529869,0.5999155526639438,0.02640669639978059,0.026670359128760437,0.2201931992254657,0.06528390237675089
6459,2,2,0.8247023550784346,0.028464460080277566,0.8247023550784346,0.014478716802792028,0.012024023512004123,0.06802003347934085,0.052310411047150854
6461,1,1,0.8637487396479533,0.8637487396479533,0.045032191939041566,0.011657354976455273,0.006037893854197166,0.03782969193256793,0.03569412764978481
6462,6,6,0.5059225075713598,0.06756535577943065,0.17705805830452725,0.03214532558600921,0.03182836800803915,0.18548038475063386,0.5059225075713598
6463,4,4,0.9422981822148733,0.01743043650988527,0.008569560347186018,0.004109933548980536,0.9422981822148733,0.015218329941444016,0.012373557437630928
6464,6,6,0.7858954400361019,0.05148583225966261,0.055337216665396635,0.024788647155604165,0.014205351832211575,0.06828751205102304,0.7858954400361019
6467,2,2,0.8175176159347559,0.03467262981427201,0.8175176159347559,0.01396646125656169,0.009185447544732142,0.10485764333226237,0.01980020211741603
6468,5,5,0.6639364003528366,0.03796250608230304,0.1147569467646155,0.02853924034745218,0.029063032458678258,0.6639364003528366,0.12574187399411446
6470,1,1,0.8355766680868932,0.8355766680868932,0.04756427054569269,0.016961746919439184,0.011083669113005068,0.051223190217162935,0.03759045511780695
6472,4,4,0.9271342345910346,0.015081014911615832,0.013194885337738257,0.005127987671438238,0.9271342345910346,0.01749673031218502,0.021965147175988065
6473,2,2,0.7158541204495243,0.053870631619627955,0.7158541204495243,0.036140605267237225,0.022743720393062362,0.07288541250154656,0.09850550976900167
6474,4,4,0.8775840774228574,0.01879883722599937,0.02341367308063746,0.01147668366773913,0.8775840774228574,0.04194259332432277,0.026784135278443755
6475,1,1,0.664231836892169,0.664231836892169,0.07592084846615617,0.0245216478770825,0.017330376790723665,0.09304350770203157,0.12495178227183716
6477,3,3,0.9474987609610522,0.00891685335233766,0.009297513708547188,0.9474987609610522,0.0033261244268720817,0.020314957581490812,0.010645789969700047
6478,3,3,0.9390527499186174,0.0072977955966850964,0.01819808429037976,0.9390527499186174,0.008097679154117306,0.013075611305005766,0.01427807973519471
6479,3,3,0.8839811101265104,0.008326834765213233,0.008834835358168907,0.8839811101265104,0.0037606087322089713,0.09175172964153594,0.003344881376362492
6480,6,6,0.6481607009806705,0.061874522055253074,0.09234135192016776,0.035978421447612284,0.026834718899482874,0.13481028469681364,0.6481607009806705
6481,3,3,0.9357838192186029,0.010517970299000264,0.01370817994705423,0.9357838192186029,0.003440201309557262,0.011796536128058845,0.0247532930977266
6482,5,5,0.6127705582200129,0.057456207621743166,0.19491624781181788,0.02762587215401129,0.019451197752271412,0.6127705582200129,0.08777991644014344
6483,5,5,0.6724909472269243,0.02878692425517121,0.10359624141660623,0.032856995878212086,0.022138657819562004,0.6724909472269243,0.1401302334035242
6485,1,1,0.7162481859735608,0.7162481859735608,0.09814503040831371,0.021212421318861193,0.013906609145716502,0.0720641358401479,0.07842361731339999
6486,4,4,0.9826447775852952,0.002920759778617668,0.004124182344383677,0.0021478489821475147,0.9826447775852952,0.004799601137702361,0.003362830171853542
6488,1,1,0.8642311121648908,0.8642311121648908,0.041035306428509874,0.007786752380765401,0.023426178883002798,0.03843735998941447,0.025083290153416742
6490,5,5,0.6094836820993004,0.04620326392793098,0.19852403729333917,0.035864849994275236,0.027354799433670696,0.6094836820993004,0.08256936725148363
6491,5,5,0.6059600788277032,0.059833987937977076,0.0787176151298308,0.028940423350170684,0.023138145094889758,0.6059600788277032,0.2034097496594286
6492,3,3,0.9434278433467356,0.007828819499309447,0.017321889828737818,0.9434278433467356,0.005751675826090347,0.014073850448751665,0.011595921050375156
6494,2,2,0.7696783538706022,0.07262378297460668,0.7696783538706022,0.023679794044259145,0.014306474785543446,0.06701709657165077,0.05269449775333764
6495,2,2,0.6838505329597544,0.059258605045524375,0.6838505329597544,0.028178716439661963,0.010090689664300741,0.06582510293091172,0.15279635295984687
6496,4,4,0.9543414697599408,0.009828050178685061,0.00982855032940485,0.004356759718097967,0.9543414697599408,0.014722191307408407,0.006922978706463016
6498,2,2,0.652289000718014,0.07709169000152842,0.652289000718014,0.02881218212944826,0.017196372568473752,0.13154812129184854,0.09306263329068702
6500,3,3,0.9206562517908387,0.00926725101211313,0.024132585806468643,0.9206562517908387,0.01085182938981566,0.01687671763611123,0.018215364364652657
6501,4,4,0.9535347770743675,0.009190632576446166,0.010003806348161693,0.0032963146789501876,0.9535347770743675,0.011783958493009937,0.012190510829064565
6503,4,4,0.9054792872959302,0.020391135633601513,0.02171226884774495,0.005485749475035407,0.9054792872959302,0.029574786985886604,0.017356771761801424
6504,6,6,0.6097001555243493,0.10751889386996541,0.06633732230591612,0.022975831629737944,0.03652694002277409,0.1569408566472572,0.6097001555243493
6505,1,1,0.7036024191420022,0.7036024191420022,0.07700505868811207,0.023831019356596546,0.014769633702255128,0.07308998013316961,0.10770188897786451
6512,4,4,0.9305911155262133,0.011486897434065281,0.018766123997957247,0.007289587364115799,0.9305911155262133,0.017860775282036848,0.014005500395611438
6513,3,3,0.9504910884491706,0.006876686867669012,0.014934620105451614,0.9504910884491706,0.004854413115022418,0.012788967043352297,0.010054224419334117
6515,4,4,0.9432156837044878,0.012661588349970547,0.010008152834739896,0.005768447693759147,0.9432156837044878,0.013657861220024919,0.01468826619701774
6517,5,5,0.6339575327524122,0.07698633911580358,0.11322979314633531,0.03759853132314733,0.04750128137129365,0.6339575327524122,0.09072652229100789
6518,5,5,0.650623504012723,0.11111003468420097,0.08555875582353198,0.03550614064355336,0.017354451046687046,0.650623504012723,0.09984711378930375
6519,2,2,0.5362090814445218,0.04782256898991284,0.5362090814445218,0.05965912319614526,0.023258273245577762,0.20939121520800796,0.12365973791583429
6523,5,5,0.8454839184907307,0.03181063486464905,0.06320122372962118,0.011501752779099015,0.008889294820024086,0.8454839184907307,0.0391131753158761
6525,6,6,0.7435682593041311,0.04371401158161523,0.07716717630111457,0.01714090782467306,0.010566961033920418,0.10784268395454567,0.7435682593041311
6527,4,4,0.9420120839720723,0.010756348636962171,0.011106083377762003,0.008281350787944987,0.9420120839720723,0.01474752142322686,0.013096611802031644
6528,5,5,0.714693234130872,0.03354114987023203,0.1180061134437227,0.020525529004859815,0.015867183552356764,0.714693234130872,0.09736678999795663
6529,6,6,0.7164578270321783,0.04033113082686932,0.19916627507456988,0.011449276426901802,0.007188136830919149,0.02540735380856163,0.7164578270321783
6530,4,4,0.9325582833853407,0.010849931278141411,0.015879728018199705,0.008232585746148772,0.9325582833853407,0.018441324042815656,0.014038147529353775
6531,5,5,0.689597291060475,0.03251760229762326,0.1364431211060257,0.031000833107157552,0.014271188737435993,0.689597291060475,0.09616996369128257
6532,3,3,0.9336012295102772,0.012073547754251252,0.01869018494039995,0.9336012295102772,0.004984180349687287,0.014209372357798353,0.01644148508758594
6535,1,1,0.6122266419153957,0.6122266419153957,0.12583767312062874,0.029211017634873167,0.026315376956814778,0.1321024911895304,0.07430679918275729
6537,6,6,0.5491829460189748,0.06196708227245717,0.19337562390263394,0.025628611753069564,0.020486437820716383,0.14935929823214827,0.5491829460189748
6538,3,3,0.9292594264171655,0.010868199224323303,0.019670844013953463,0.9292594264171655,0.0037998164792120634,0.013970972854381921,0.022430741010963897
6539,6,6,0.9148392578043155,0.01857772046167361,0.02318156417222097,0.009993337432462257,0.005682814525329505,0.0277253056039982,0.9148392578043155
6540,1,1,0.8616427463109354,0.8616427463109354,0.030071234665477137,0.01781670570912362,0.0063118623362663434,0.040060517723992585,0.04409693325420496
6541,6,6,0.7284019563860006,0.03242249779316139,0.12422220353917045,0.02014233153732486,0.01297184230535172,0.08183916843899104,0.7284019563860006
6542,5,5,0.7103877095853989,0.09335035059840421,0.07516360077715013,0.03273201828599783,0.02682310741120603,0.7103877095853989,0.061543213341842956
6544,4,4,0.9463983453322024,0.015283984974162822,0.010685254182258288,0.00397944902396809,0.9463983453322024,0.013144985692350756,0.010507980795057666
6545,2,2,0.8152793857745343,0.022594118923064403,0.8152793857745343,0.015678093172979725,0.00811420967636632,0.03453446903194798,0.10379972342110727
6546,3,3,0.933879774958264,0.015950826823363674,0.016029187523572692,0.933879774958264,0.006530632845989461,0.0161557593356258,0.011453818513184381
6547,3,3,0.9357599827890675,0.01542512206569573,0.015353619274693878,0.9357599827890675,0.006253664601606609,0.01665587085192449,0.010551740417011856
6549,4,4,0.980591375798275,0.006113255003748086,0.0037055828998790808,0.0014659990697717834,0.980591375798275,0.003997420515651991,0.004126366712674056
6550,4,4,0.9827493540256901,0.0024445818635838064,0.003919467417431568,0.0017891034276225624,0.9827493540256901,0.005876018604619153,0.003221474661052817
6553,2,2,0.5650886745084226,0.07631178946311364,0.5650886745084226,0.03583832700114324,0.020789290112346148,0.19469106527071503,0.1072808536442595
6554,5,5,0.5514537039340386,0.11219002485043288,0.20163675364601083,0.03626042787551858,0.018732117066038795,0.5514537039340386,0.07972697262796027
6555,2,2,0.9340137644168971,0.007120227147792359,0.9340137644168971,0.006752457354280706,0.008883812829918592,0.032286110279304885,0.010943627971806195
6556,4,4,0.9495087204235015,0.009530813358901899,0.011842832986006337,0.004602944883117936,0.9495087204235015,0.016521867224722347,0.007992821123749917
6557,3,3,0.9148287167513713,0.024831294219388473,0.022243209642341475,0.9148287167513713,0.007307483858763041,0.016235738507243788,0.014553557020891866
6558,3,3,0.3725232041041471,0.07352107448351447,0.14884061521204967,0.3725232041041471,0.02143900648335167,0.17393671187336437,0.20973938784357277
6560,1,1,0.7022911393778549,0.7022911393778549,0.08435339008978764,0.02981953392658791,0.02107273232621812,0.08637263980408226,0.07609056447546918
6561,1,1,0.8251939052082977,0.8251939052082977,0.04365508104352399,0.020703592163960418,0.030155126647081906,0.04701691738580096,0.03327537755133506
6563,4,4,0.9143314272515295,0.013243163166423284,0.023466703288990868,0.007644049672693395,0.9143314272515295,0.02537245601591419,0.015942200604448772
6564,6,6,0.6238491170308172,0.10595804723835359,0.10158907538138197,0.028190496159256437,0.017496691449749382,0.12291657274044145,0.6238491170308172
6565,2,2,0.3846085690907211,0.051922462573170826,0.3846085690907211,0.03916193743751541,0.03158115612014377,0.21931706593007752,0.2734088088483715
6566,1,1,0.6543764481549348,0.6543764481549348,0.0592486948366079,0.02204440962961397,0.012920648333270864,0.06042158013880568,0.19098821890676684
6567,5,5,0.5047831620737286,0.14157495141302867,0.08675343667162173,0.02602129002575366,0.0352291669065429,0.5047831620737286,0.20563799290932447
6568,5,5,0.5223642489119965,0.13850473167294247,0.17839649997014007,0.027503398148842555,0.017978827493885335,0.5223642489119965,0.11525229380219312
6569,4,4,0.9663390242462891,0.006130873601686168,0.008272945573544441,0.0026620354033430873,0.9663390242462891,0.010017785623815703,0.006577335551321553
6571,2,2,0.7694805968222458,0.03520636841482177,0.7694805968222458,0.015073164922725727,0.016524464850939072,0.11102744010026486,0.052687964889002625
6573,1,1,0.8121276711134185,0.8121276711134185,0.053731178433976005,0.017647241758505752,0.028553179859513163,0.045597169122775234,0.0423435597118114
6575,5,5,0.5054339694346484,0.0472195466128808,0.06517629471373941,0.034046981596673,0.015363853502470071,0.5054339694346484,0.3327593541395884
6576,5,5,0.7287006611643514,0.03276520014281334,0.13046095629683005,0.015746871322164745,0.022667251365260307,0.7287006611643514,0.06965905970858025
6579,2,2,0.8067942846800006,0.027706466758829405,0.8067942846800006,0.017794482191449065,0.010509453449654592,0.07826724873626834,0.05892806418379804
6580,1,1,0.9320468781468917,0.9320468781468917,0.019013471004288702,0.007669061346343017,0.011642806455163574,0.01642886036089947,0.013198922686413426
6583,1,1,0.9524506171767604,0.9524506171767604,0.015118775027719559,0.006129084139050561,0.003216109867598943,0.011852573909389999,0.011232839879480705
6584,6,6,0.5342780106734892,0.12488355344023662,0.13976391095023835,0.03259929495207341,0.018679486550646572,0.1497957434333158,0.5342780106734892
6585,5,5,0.6251426200397411,0.03164244822086189,0.12160126118967143,0.02274536809448804,0.022231612182941327,0.6251426200397411,0.17663669027229623
6586,5,5,0.5021665187531782,0.06693155591837313,0.16240358025595894,0.025274283300428163,0.02169599117441761,0.5021665187531782,0.22152807059764393
6587,3,2,0.5716391005321372,0.030988484876054535,0.5716391005321372,0.21493205534229165,0.013552218972555707,0.08366143207772121,0.08522670819923975
6590,6,6,0.39024982403141056,0.06589440783694162,0.15321658189647436,0.04646550784053842,0.10353870913502797,0.24063496925960706,0.39024982403141056
6591,2,2,0.6778745313517779,0.06771825948719686,0.6778745313517779,0.03462539324570755,0.011881690742842559,0.0797137902499164,0.12818633492255882
6592,6,6,0.6826821943376068,0.06973400396784273,0.08514472694281512,0.040135155742034107,0.015545127601695794,0.1067587914080055,0.6826821943376068
6593,1,1,0.6298860870505371,0.6298860870505371,0.08846067202639377,0.02897559527668587,0.022704900646283655,0.1195522473963257,0.11042049760377404
6594,5,5,0.6810770815197522,0.060961450448847446,0.13003234644992423,0.026215032790808473,0.018949536977380162,0.6810770815197522,0.08276455181328755
6595,3,3,0.9256725626895613,0.018985014336218103,0.012852782037575292,0.9256725626895613,0.005426319942689643,0.012148908550048774,0.024914412443906957
6597,2,2,0.6960961565237332,0.05133942394691602,0.6960961565237332,0.024576881659663076,0.016641210740678414,0.1360005203789875,0.07534580675002184
6598,2,2,0.545616391364971,0.10653890623411383,0.545616391364971,0.0569882058407004,0.020188258351677556,0.14880993486936106,0.12185830333917622
6601,5,5,0.7561581717189054,0.04682286415762612,0.08063116764897643,0.0245111847770232,0.011434789345113825,0.7561581717189054,0.080441822352355
6603,3,3,0.9211853636076781,0.01343629323219484,0.022753427530093878,0.9211853636076781,0.007371406517130936,0.016078856036239157,0.019174653076663096
6604,2,2,0.5595873298202871,0.07151775281297451,0.5595873298202871,0.027600400960316865,0.017324853293047938,0.23222054562207425,0.09174911749129933
6605,4,4,0.977231598214194,0.006065901017379083,0.004808714214505456,0.001570811293961986,0.977231598214194,0.006228465029049366,0.004094510230910015
6607,2,2,0.8625176039759961,0.020714352659052446,0.8625176039759961,0.011507606361641496,0.009520288239149622,0.06326934161488636,0.03247080714927397
6608,2,2,0.4545988857756332,0.07027416519407285,0.4545988857756332,0.043458043050407555,0.020959450084312804,0.23465549438623326,0.17605396150934036
6609,5,5,0.7592323577319385,0.028787509737885866,0.07421075951520552,0.015308661396547591,0.02439842915548283,0.7592323577319385,0.09806228246293974
6610,6,6,0.6791357675310226,0.062251779785203354,0.09344681418227845,0.02999060704535675,0.018395792626596075,0.11677923882954286,0.6791357675310226
6612,1,1,0.8813708582307237,0.8813708582307237,0.024244226930409844,0.010250388872550899,0.018795114358315313,0.029519572792229044,0.03581983881577125
6613,3,3,0.9329732286564346,0.008706529833943186,0.01844874710866829,0.9329732286564346,0.005480997154033659,0.014852606524614094,0.019537890722306224
6615,3,3,0.9282844620344083,0.00942697847270541,0.006886198383669862,0.9282844620344083,0.0035344127588328713,0.041364759407655514,0.010503188942728179
6617,3,3,0.9453130431902427,0.008520037437819825,0.010437548274788695,0.9453130431902427,0.004319433855905664,0.021671419146993103,0.009738518094250042
6618,1,1,0.7729316771169585,0.7729316771169585,0.061868192670013714,0.021677604985546352,0.013301691458804075,0.06338202844586303,0.0668388053228142
6620,4,4,0.9712323222580257,0.005483605783259404,0.005452092511975676,0.0031936133467998975,0.9712323222580257,0.006842135312465691,0.007796230787473572
6621,5,5,0.783367758416129,0.03488774242855314,0.07740362496296618,0.03480946536437928,0.011011561207575652,0.783367758416129,0.05851984762039682
6622,4,4,0.9023359380763868,0.029743880089039224,0.015371160479908797,0.00910383434099096,0.9023359380763868,0.022831867868737164,0.02061331914493693
6623,5,5,0.7546265112291759,0.05210746240660174,0.07434484058486494,0.03841719312098162,0.009372393337598178,0.7546265112291759,0.07113159932077762
6626,6,6,0.8787260252450516,0.022504936918733134,0.03637168383440137,0.019950700222716458,0.009099672360358982,0.033346981418738444,0.8787260252450516
6628,1,1,0.8564581543599602,0.8564581543599602,0.034815250401258345,0.017154121450626208,0.024336397425743048,0.037132052248230914,0.03010402411418132
6630,4,4,0.9761917706684867,0.006500270268710122,0.004558324303976155,0.002005354859035695,0.9761917706684867,0.006880602567555417,0.0038636773322359634
6631,2,2,0.6214973147565542,0.05603660113446576,0.6214973147565542,0.04590628554901563,0.01758088503870244,0.1597252350893371,0.09925367843192483
6633,5,5,0.7048930279174724,0.04035875338474365,0.1562624550391578,0.020287757396413315,0.01966941272858499,0.7048930279174724,0.05852859353362793
6634,4,4,0.9863979091869078,0.002642381792799855,0.00276469868303674,0.0013187793615280607,0.9863979091869078,0.004552181449198456,0.002324049526529072
6635,6,6,0.7838282590546958,0.034669685578129376,0.05076385739289462,0.019438595962600932,0.008615516292313285,0.10268408571936606,0.7838282590546958
6637,5,5,0.6666961552923357,0.03903465987538683,0.133481417248923,0.029849974917242075,0.02169053046495194,0.6666961552923357,0.10924726220116039
6639,1,1,0.8874025694287784,0.8874025694287784,0.04010747118209557,0.011083836553495145,0.0070156225616184505,0.02991133756498567,0.024479162709026843
6640,5,5,0.9296348075963833,0.005869715261179215,0.02210384249137508,0.006148582515459184,0.011673059338281102,0.9296348075963833,0.02456999279732213
6642,1,1,0.8634415264503912,0.8634415264503912,0.03914051883472899,0.014582460562844995,0.007432313911514474,0.04261733590607014,0.0327858443344501
6644,2,2,0.5509253850905567,0.06866551474915408,0.5509253850905567,0.03481948581219659,0.019190199244351117,0.16131862208670922,0.16508079301703235
6645,1,1,0.8358118072703054,0.8358118072703054,0.05110451827996059,0.017533949479974463,0.01186669736344854,0.04421549206739995,0.03946753553891112
6646,1,1,0.6282856923693921,0.6282856923693921,0.09017184922092383,0.026504837829319578,0.011983522152678762,0.08255398726608629,0.16050011116159946
6647,2,2,0.43866430032904785,0.11185921703637833,0.43866430032904785,0.03873657460383176,0.022897621293394437,0.14709332603587882,0.24074896070146878
6648,3,3,0.9228199511695236,0.009384763624249684,0.013636986649567927,0.9228199511695236,0.005726349698999478,0.036502972042958416,0.011928976814700934
6650,2,2,0.5008741999158466,0.1223489158557166,0.5008741999158466,0.038828952851753015,0.028209831821251922,0.15367681555749152,0.1560612839979404
6651,2,2,0.7204936250988004,0.0837979624501666,0.7204936250988004,0.02102090133428547,0.0086340716892429,0.04524084711649758,0.12081259231100702
6652,3,5,0.26097666579986073,0.20923155215469377,0.202323408513814,0.13209062690919238,0.022647462557945256,0.26097666579986073,0.1727302840644939
6653,1,1,0.8404111470544767,0.8404111470544767,0.0461902871290839,0.014284590923012251,0.007780951654247297,0.04714796546792352,0.04418505777125631
6654,5,5,0.977850618071848,0.0030412252614837347,0.009642095810948579,0.0016412761257355198,0.0012175522004411953,0.977850618071848,0.006607232529543008
6656,2,2,0.802592936044487,0.04125433080578072,0.802592936044487,0.01923995137175341,0.008467044665876921,0.0625280405017129,0.06591769661038915
6658,1,1,0.8605060176593909,0.8605060176593909,0.030474668297169955,0.010256251317411966,0.005691764222817505,0.04809300512265739,0.044978293380552425
6660,4,4,0.9724779408089957,0.00789787424422423,0.005717703979705433,0.0030954964041049397,0.9724779408089957,0.0065255983440862956,0.004285386218883437
6661,1,1,0.8661195165078241,0.8661195165078241,0.03974705923503875,0.015870251919169333,0.006914808044457043,0.03376077140380955,0.03758759288970124
6662,5,5,0.8638237803815357,0.04881929547190452,0.03921434143588547,0.014549589649897906,0.013702560811453107,0.8638237803815357,0.0198904322493231
6665,1,1,0.8331829220214386,0.8331829220214386,0.058521129583905915,0.015414604080228279,0.01088242339411052,0.0425880904594208,0.03941083046089598
6667,3,3,0.94091861326539,0.006655038051696261,0.014449268998305056,0.94091861326539,0.00419125481667894,0.02529213000399578,0.00849369486393399
6668,3,3,0.9313906507590201,0.009966695198138836,0.018331071328442392,0.9313906507590201,0.005668108127120137,0.020150669534720545,0.014492805052558087
6669,2,2,0.5949735744331263,0.07903278671843149,0.5949735744331263,0.05132589819647292,0.017871465763807586,0.08872231244952188,0.1680739624386399
6670,1,1,0.5864276321033965,0.5864276321033965,0.130882653062105,0.024079534548947963,0.01995753675594714,0.166810785756887,0.07184185777271632
6671,1,1,0.8013803200843593,0.8013803200843593,0.05430997172745498,0.025975611396895644,0.011797292534451356,0.05644006450585361,0.05009673975098502
6672,4,4,0.9738538994643584,0.007280728254482679,0.005313943482593674,0.002338098215992932,0.9738538994643584,0.0071729565926497785,0.004040373989922603
6674,1,1,0.8632822074803795,0.8632822074803795,0.02617493039812577,0.010892345425666222,0.00477796699531454,0.028931790436723306,0.06594075926379059
6676,6,6,0.7656135900968538,0.02804817543947458,0.05883964191756462,0.016825900337520506,0.009277749542846029,0.12139494266574052,0.7656135900968538
6677,3,3,0.9392149822377556,0.007344419220845999,0.018408212859765277,0.9392149822377556,0.008096094987223133,0.013019280504675886,0.013917010189734165
6678,1,1,0.8562588724133124,0.8562588724133124,0.041600931795300486,0.01428051794932271,0.007339600149655217,0.041435735300771506,0.0390843423916377
6679,4,4,0.9609886565140823,0.0064992085611914755,0.009440758228970414,0.0031407697273561053,0.9609886565140823,0.012399281224084843,0.007531325744314964
6681,3,3,0.9519474142062533,0.006563860654299657,0.014139452928402671,0.9519474142062533,0.004804695904182938,0.012578506467353753,0.009966069839507544
6682,6,6,0.6934128678071363,0.04083487760853243,0.09938746074184965,0.027697412718278056,0.015447370645371538,0.123220010478832,0.6934128678071363
6684,2,2,0.7803471462197274,0.03653926271438656,0.7803471462197274,0.015588649353658928,0.012185403704182822,0.09443416089162855,0.060905377116415624
6686,4,4,0.8023215364703844,0.028924050290567556,0.04821384256255445,0.02603117845173754,0.8023215364703844,0.049377476346312954,0.045131915878443084
6688,4,4,0.9169580572688001,0.011404114920949905,0.02244138660831952,0.008179227793993575,0.9169580572688001,0.022520689299361876,0.018496524108575087
6689,3,3,0.9410911830528326,0.0072760474870898345,0.01207256669315017,0.9410911830528326,0.0027630935551543794,0.021680222558079647,0.015116886653693427
6690,5,5,0.5670596819762398,0.04292086263293214,0.16293829382751882,0.04337873853920564,0.02334260847841074,0.5670596819762398,0.16035981454569292
6692,3,3,0.939650840961933,0.018383787112249597,0.013774247567677847,0.939650840961933,0.0030402320180558167,0.008630275140924359,0.01652061719915949
6694,3,3,0.9438970073797749,0.007777424175848201,0.01722917866558236,0.9438970073797749,0.0057157073864683335,0.013844514495611636,0.011536167896714666
6699,4,4,0.8916102168570105,0.030866458705412374,0.020201500387826792,0.009608189626784239,0.8916102168570105,0.03409763742222385,0.013615997000742397
6703,2,2,0.8091734394257591,0.03738938788963487,0.8091734394257591,0.018719221254203982,0.01276922834244948,0.06729753144966262,0.05465119163828994
6704,1,1,0.8964502386733829,0.8964502386733829,0.016004131087616117,0.010329693265058419,0.017060611037018426,0.03438601528254797,0.025769310654376088
6705,5,5,0.5564254072350674,0.0538312327105181,0.18051902222380053,0.048060789501445086,0.028077041335862557,0.5564254072350674,0.13308650699330637
6707,6,6,0.834143588676589,0.019165717666441217,0.05575658196621092,0.012372022239762947,0.01150035457129068,0.06706173487970533,0.834143588676589
6709,6,6,0.36461648363595495,0.2920887216791187,0.08195481601669942,0.037536885665609844,0.122513190539481,0.10128990246313618,0.36461648363595495
6712,1,1,0.7013298511700727,0.7013298511700727,0.06615786568678596,0.029667058158054562,0.036837001596417396,0.09259170837536879,0.07341651501330054
6716,5,5,0.47187712030921247,0.11369239686502475,0.2327553155600077,0.03498039001458424,0.031788721641164676,0.47187712030921247,0.1149060556100061
6717,6,6,0.6606171516243764,0.02369569040204147,0.1337464568339928,0.026207539014071263,0.021466049000346633,0.1342671131251714,0.6606171516243764
6718,2,2,0.4626853152795765,0.07393896139972116,0.4626853152795765,0.06290999490746041,0.02750136773398319,0.19376823181826253,0.17919612886099628
6719,1,1,0.7139578771923023,0.7139578771923023,0.032867073146682496,0.021246311063146162,0.012547710510143577,0.04959162255981849,0.169789405527907
6720,1,1,0.7799493842017544,0.7799493842017544,0.05357846522381614,0.02550985431995236,0.012638271743271987,0.062287583693147644,0.06603644081805732
6722,5,5,0.7975488132261942,0.028717371667350947,0.0766357248246121,0.027937581168590745,0.013008679192835958,0.7975488132261942,0.05615182992041612
6724,4,4,0.9618649728196095,0.006051710077103405,0.010401956108048453,0.0044617587262207265,0.9618649728196095,0.010497871068058716,0.0067217312009593385
6725,1,1,0.8724836898074001,0.8724836898074001,0.03282244619001106,0.015987120039854696,0.017217974048202623,0.03268105475741781,0.028807715157113733
6726,4,4,0.9792033921895754,0.004946185396680245,0.003976885535645397,0.0020850347618341612,0.9792033921895754,0.004719255050637265,0.005069247065627485
6727,6,6,0.666485035908402,0.05961698218758439,0.09728618506042018,0.03530370835579886,0.016352660346260234,0.12495542814153435,0.666485035908402
6729,4,4,0.9763872352897016,0.004630953644529935,0.005578022008678182,0.0026015995767550387,0.9763872352897016,0.006576655775701305,0.0042255337046339
6731,2,2,0.6520713239510413,0.06674952154895374,0.6520713239510413,0.04978847078150159,0.014832711665977232,0.10234222508052183,0.1142157469720044
6732,1,1,0.6856057808945571,0.6856057808945571,0.08095261348237837,0.019006974023927405,0.012039107243315056,0.1051105451630525,0.09728497919276952
6733,4,4,0.9828731302537738,0.0034272354285731577,0.0038463745233526187,0.00155830459893986,0.9828731302537738,0.004809759324690171,0.0034851958706705244
6734,3,3,0.9351285630517756,0.011117724569424827,0.016471959745073827,0.9351285630517756,0.00470722588601675,0.018591859340540716,0.013982667407168138
6735,4,4,0.9788200219682642,0.0037175747683158285,0.004176517997206954,0.0019244460404681603,0.9788200219682642,0.005841849617960721,0.005519589607784173
6736,1,1,0.5706615708942017,0.5706615708942017,0.10774533272410758,0.043136088894667725,0.03384837122065747,0.13518169243688855,0.1094269438294771
6739,2,2,0.8032503197815622,0.08194606047749921,0.8032503197815622,0.015778848950690223,0.008356473283714918,0.06704415774970388,0.023624139756829622
6740,5,5,0.5730079956452772,0.08657297279604938,0.15506425725969997,0.043922656107016955,0.02376827748227072,0.5730079956452772,0.11766384070968577
6741,5,5,0.7750899610024762,0.03168801714243448,0.09410209007008181,0.016018812796662597,0.011512550263521541,0.7750899610024762,0.07158856872482341
6742,6,6,0.6920755648043252,0.050651666656232115,0.1048077574702538,0.03378564479581087,0.018394915508207346,0.10028445076517081,0.6920755648043252
6743,3,3,0.9333715309784371,0.015042131263091804,0.011340136317886669,0.9333715309784371,0.004781128524171603,0.01641091466551511,0.019054158250897686
6745,5,5,0.7096438156404395,0.09085479566825684,0.0877282834797432,0.02268150194369083,0.012739204538081621,0.7096438156404395,0.07635239872978804
6746,6,6,0.6171613755530898,0.0682869206976034,0.12102083513212544,0.0302628321232251,0.017146534843428637,0.1461215016505276,0.6171613755530898
6747,5,5,0.6691575485613093,0.09577313716773277,0.061064448605515145,0.066716423281567,0.009354006788111338,0.6691575485613093,0.0979344355957645
6748,2,2,0.7704764757857958,0.014788988879728788,0.7704764757857958,0.024208308536092345,0.017935696821669903,0.13948210319534304,0.03310842678137006
6751,6,6,0.5474709852715245,0.0544279960445078,0.10988318981858672,0.06021514404547218,0.03823991155676843,0.18976277326314045,0.5474709852715245
6753,6,6,0.7701340724418416,0.03443472072413876,0.08363748782618885,0.01504898577615154,0.01686114811477691,0.0798835851169023,0.7701340724418416
6754,4,4,0.9524729000167107,0.00904192348181312,0.009351641006785167,0.004916450476000211,0.9524729000167107,0.01115606365370897,0.01306102136498167
6755,3,3,0.9304756367537118,0.004760505805971112,0.009257423939522383,0.9304756367537118,0.004130345718242969,0.04531526606481893,0.0060608217177327214
6757,3,3,0.9234220288366932,0.012509619298820124,0.01569463634525965,0.9234220288366932,0.0038840375668205843,0.012237181769128197,0.03225249618327822
6758,4,4,0.9339782769327086,0.016710922325276503,0.012484069406327293,0.00474420797059244,0.9339782769327086,0.023391173644673066,0.008691349720422082
6759,1,1,0.779699534521397,0.779699534521397,0.05466034095183078,0.02205549020625363,0.015892341830353672,0.05717902210343529,0.07051327038672967
6760,3,3,0.9341868716895704,0.016671147654685112,0.017337431318245472,0.9341868716895704,0.006599700759303513,0.012844315875614095,0.012360532702581327
6761,5,5,0.8076252238925986,0.03676871508716596,0.08914233593668963,0.022362381325172525,0.01626671598627205,0.8076252238925986,0.027834627772101238
6762,1,1,0.8603775495595679,0.8603775495595679,0.028588327111057417,0.013707334720503556,0.00685108624300653,0.0307906770058489,0.05968502536001566
6763,1,1,0.7814159012966587,0.7814159012966587,0.04762029333998924,0.02020723857247512,0.01187311279932987,0.06446084177437156,0.07442261221717561
6764,4,4,0.9551073389581867,0.0074560897329789344,0.00886969084191176,0.005596921054480231,0.9551073389581867,0.012437368123841086,0.01053259128860133
6767,2,2,0.6357662195224103,0.052145497782026796,0.6357662195224103,0.03802923395584828,0.01800814657244604,0.1638039807066453,0.09224692146062323
6768,2,2,0.6991152742766314,0.042156399770460505,0.6991152742766314,0.02130292735303887,0.01162266558426452,0.10890039720749752,0.11690233580810722
6770,5,5,0.6792153933148788,0.03551171233494061,0.14376092788815534,0.02485974242328894,0.01483149499419917,0.6792153933148788,0.10182072904453716
6771,3,6,0.30535353830912304,0.1645967140939559,0.12273936967900154,0.3044484121360226,0.01799988414433801,0.08486208163755883,0.30535353830912304
6772,4,4,0.9187569737782718,0.02287193122432473,0.016829719982607638,0.007982390977028285,0.9187569737782718,0.020749846793616866,0.012809137244150667
6774,2,2,0.7655972016912322,0.02654797441483236,0.7655972016912322,0.026496383504244436,0.021964948563444286,0.09067745701831689,0.06871603480792972
6776,1,1,0.7977346696032632,0.7977346696032632,0.045632965530529576,0.01476566745062313,0.04382797248365812,0.05621980110004757,0.04181892383187851
6777,4,4,0.7491424416740982,0.06695314188713762,0.0468229279581916,0.019825870720996362,0.7491424416740982,0.05572748318517964,0.061528134574396647
6778,5,5,0.6681729524091903,0.07194655800727011,0.11994309979730729,0.02186610096835525,0.015057178302619892,0.6681729524091903,0.10301411051525722
6779,1,1,0.5434273931347384,0.5434273931347384,0.11653496005018914,0.03285250492182734,0.042792719400970784,0.1506447838876298,0.11374763860464449
6781,2,2,0.8115701085819644,0.03700530140735688,0.8115701085819644,0.018264328087951184,0.011497661311613894,0.07396626880473138,0.047696331806382164
6783,3,3,0.9323546993508148,0.006366987136411626,0.01304965414119748,0.9323546993508148,0.0052707868469701906,0.03433548232947237,0.00862239019513349
6785,3,3,0.9227528545391267,0.009357052071672055,0.009490446455428018,0.9227528545391267,0.003700565047448923,0.046240827163568116,0.008458254722756043
6786,3,3,0.30414891480797346,0.1685779243231368,0.14698182336146984,0.30414891480797346,0.12083246880355226,0.10173934018482945,0.1577195285190382
6787,3,3,0.9373123652219766,0.01647677473434984,0.014480522732984455,0.9373123652219766,0.005490856504328672,0.015795772030413924,0.010443708775946492
6790,3,3,0.9153942313542163,0.008908762240811378,0.014933571664426179,0.9153942313542163,0.0050872916674949585,0.0478832265841419,0.007792916488909225
6791,4,4,0.9810890853597017,0.004196632383420419,0.0037536579290806753,0.0019383005696866366,0.9810890853597017,0.005166429820620001,0.003855893937490549
6792,1,1,0.6635927521565262,0.6635927521565262,0.0846270788358541,0.024143963305229655,0.02154930635610628,0.09018797165510642,0.11589892769117738
6794,6,6,0.8892537979008932,0.019940905816249133,0.029748271849605105,0.011101516131687476,0.008546859180811975,0.041408649120753066,0.8892537979008932
6796,5,5,0.7786924682368234,0.03777550599458173,0.07498538306986641,0.023881358439119395,0.011247951531302968,0.7786924682368234,0.07341733272830615
6797,3,3,0.9251188116143728,0.013771198400182484,0.02084138994794022,0.9251188116143728,0.005822988339514926,0.014679666773281827,0.01976594492470783
6798,1,1,0.7266677699716232,0.7266677699716232,0.08340108771804322,0.02016548677860263,0.01551683851823598,0.07250173364682766,0.08174708336666742
6799,5,5,0.7292408000377757,0.029454317738523562,0.0978675966698328,0.028116998656822354,0.01869383581064449,0.7292408000377757,0.09662645108640112
6800,1,1,0.4755832893244997,0.4755832893244997,0.12935469778590103,0.044593466488377816,0.02007776866740172,0.16222776662905086,0.16816301110476875
6801,5,5,0.598477964038621,0.07589440418062858,0.18177982555214056,0.029806036400930616,0.024391212623234963,0.598477964038621,0.08965055720444427
6802,1,1,0.9133596832935216,0.9133596832935216,0.027486994047788336,0.00864371851915931,0.004507245182849087,0.027703131372691044,0.018299227583990576
6803,1,1,0.6695535954002275,0.6695535954002275,0.09660948979571983,0.026060850712474156,0.018863488207816154,0.09253409938495281,0.09637847649880965
6804,1,1,0.9196508145831748,0.9196508145831748,0.02118867171869371,0.007663780320074446,0.004039542998985116,0.02008280722876404,0.027374383150308025
6806,4,4,0.9600235482033517,0.0064892210095150804,0.010731049471358507,0.004160194063980863,0.9600235482033517,0.012570585785006368,0.006025401466787595
6807,5,5,0.7365962837907059,0.0628971000296552,0.07821177112402865,0.025499725261766245,0.019633208497571105,0.7365962837907059,0.07716191129627294
6809,1,1,0.8698849449484995,0.8698849449484995,0.03785498551649824,0.012977543128334915,0.008478729329573623,0.035597552234699695,0.03520624484239409
6810,4,4,0.977867024571932,0.004292205939670686,0.0050646803633747,0.002095771679757594,0.977867024571932,0.006640010681592858,0.004040306763672102
6811,2,2,0.7679070232338605,0.0326224268482232,0.7679070232338605,0.021802443007519986,0.018249958147714174,0.07489752122855681,0.08452062753412534
6812,3,3,0.92258679869924,0.0105203296722039,0.0227279678550419,0.92258679869924,0.005284000256094753,0.01486950433953636,0.024011399177883076
6813,6,6,0.7674791815367246,0.031166935227416693,0.0904341104501968,0.015807807494027076,0.010652207625114658,0.0844597576665203,0.7674791815367246
6814,2,2,0.8801048819098928,0.016825543466236204,0.8801048819098928,0.016664340507165715,0.006052256056867017,0.02859084140703643,0.0517621366528019
6815,1,1,0.7357848524587718,0.7357848524587718,0.0806388430447726,0.024290407478476196,0.026318953656150057,0.0793439031394205,0.053623040222408776
6816,1,1,0.6929972359662449,0.6929972359662449,0.07100422549606468,0.024925625628250393,0.01291257538312304,0.09248710312422666,0.10567323440209032
6817,5,5,0.7065647478759829,0.02721681941296923,0.09275273963979522,0.04445029143368334,0.025062376634461498,0.7065647478759829,0.10395302500310785
6818,3,3,0.5134282522998793,0.0905964888507639,0.13226524463310785,0.5134282522998793,0.02781698497316118,0.12359531646138908,0.1122977127816987
6820,2,6,0.45999291583006635,0.07437153757790459,0.28185286610012855,0.03200944722214208,0.027912220281068503,0.12386101298868997,0.45999291583006635
6821,1,1,0.852328782643866,0.852328782643866,0.051366323074584705,0.011604726566333618,0.006308841292127127,0.05004162329109156,0.028349703131996987
6822,4,4,0.9738830320887943,0.006070948502321121,0.005767675945245782,0.0023368801828534706,0.9738830320887943,0.006833291506019884,0.005108171774765361
6823,2,2,0.8623580253085497,0.02512455415463425,0.8623580253085497,0.010369385345208365,0.006861033709306332,0.054178745546086544,0.04110825593621481
6826,2,2,0.8588826704445505,0.01849041945084578,0.8588826704445505,0.011363776570011974,0.005976225621261748,0.05599477848022859,0.04929212943310152
6827,6,6,0.6029992867354634,0.12853455769540606,0.1026862953267208,0.050242311903113436,0.017005562190287468,0.0985319861490087,0.6029992867354634
6828,4,4,0.965092348563187,0.005629303960330596,0.008949867812364608,0.004517388928568441,0.965092348563187,0.008431735328451645,0.007379355407097678
6829,4,4,0.9591298347753386,0.007957724735375924,0.008943033000934042,0.003366940326631858,0.9591298347753386,0.009752237274491336,0.010850229887228181
6831,3,3,0.9304389379698809,0.02158116872462877,0.017618625900148552,0.9304389379698809,0.006462794491707513,0.011787881624340763,0.012110591289293638
6832,4,4,0.9747375474167991,0.003354879943090109,0.004474422360681982,0.0035673253890062405,0.9747375474167991,0.008624807586828157,0.0052410173035944835
6833,2,2,0.5289675305299177,0.22687280519391506,0.5289675305299177,0.03470083144608204,0.020296907918373856,0.11370990113487837,0.07545202377683308
6834,5,5,0.6779153266685692,0.11328098990454978,0.11669644501073836,0.033617323270618296,0.011880208808510283,0.6779153266685692,0.04660970633701415
6835,2,2,0.6761957328261264,0.05509337002562742,0.6761957328261264,0.021258844752233226,0.01847892330652343,0.11960913750776973,0.10936399158171972
6836,1,1,0.6643052640740227,0.6643052640740227,0.0803253859020518,0.02241694064644858,0.01758865309564669,0.07246033963859504,0.14290341664323528
6838,3,3,0.9384699013385928,0.00585070400813571,0.012875605621029964,0.9384699013385928,0.002526823535050507,0.030997766773709332,0.009279198723481704
6839,1,1,0.9006997595501594,0.9006997595501594,0.027591946840873873,0.008318079698218891,0.007239477760122022,0.0267694265750324,0.029381309575593484
6840,5,5,0.7071356206107897,0.03419012249687234,0.13683629140437,0.02860838505718572,0.031783141300517605,0.7071356206107897,0.06144643913026458
6843,2,2,0.9189920660132058,0.017625979038459944,0.9189920660132058,0.00776974684492258,0.0052079140238058385,0.030273678931905402,0.020130615147700526
6847,1,1,0.8843452691457137,0.8843452691457137,0.03854898954888063,0.012711373034835254,0.009680890972636406,0.030322259356996305,0.024391217940937772
6848,3,3,0.9196576437275742,0.007097602274856303,0.013224622973721309,0.9196576437275742,0.004091704634778568,0.042528066359913096,0.01340036002915641
6849,4,4,0.7463104252215538,0.07129711540025177,0.06813293626281952,0.020786307351009108,0.7463104252215538,0.054405027809031274,0.039068187955334406
6851,5,5,0.5918706374144396,0.08134482654300453,0.09066594106463022,0.04010840279326062,0.0311131853864982,0.5918706374144396,0.16489700679816685
6852,6,6,0.6779558021095347,0.09287381193785704,0.08659703846917803,0.0347525993405849,0.015233568421268015,0.09258717972157733,0.6779558021095347
6853,4,4,0.9184859851251155,0.013173553765588939,0.02049270914633244,0.005687237931255135,0.9184859851251155,0.022900931718441254,0.019259582313266844
6854,3,3,0.9335852684551454,0.004194772796596836,0.012779811154426935,0.9335852684551454,0.005258387014288193,0.03868670679836826,0.005495053781174345
6859,4,4,0.9444116348674706,0.010848349226055688,0.011152339648277792,0.005631790716696118,0.9444116348674706,0.01720122385878695,0.010754661682712923
6861,4,4,0.9726057442793659,0.0054388411485764105,0.006855694348627371,0.0032450065500289624,0.9726057442793659,0.007820836416039652,0.0040338772573617135
6862,5,5,0.7538119181135013,0.061802597003197124,0.07259075011596808,0.017979895405843344,0.00877036723437948,0.7538119181135013,0.08504447212711062
6863,2,2,0.7223078757959485,0.04916105556875688,0.7223078757959485,0.022322284063630418,0.01492661261249713,0.10931397950196735,0.08196819245719977
6864,2,2,0.9178570385499971,0.009706109267151045,0.9178570385499971,0.007989420492393231,0.005128624861323192,0.016509748685385933,0.04280905814374951
6865,4,4,0.985664472726903,0.0027657404856273084,0.0034620513649384894,0.0018873990486702069,0.985664472726903,0.0033080784547273516,0.0029122579191336252
6868,2,2,0.8007523722358398,0.033095239283320435,0.8007523722358398,0.03062810429890848,0.02181751051853337,0.07200613716476409,0.041700636498633745
6869,3,3,0.9501882002249731,0.006955056706673651,0.015152569912821311,0.9501882002249731,0.004882065909349533,0.012937870373230322,0.009884236872952082
6870,5,5,0.7656235996757556,0.0476320226164961,0.0771538303696444,0.017637802575267647,0.009407287290295224,0.7656235996757556,0.08254545747254108
6871,2,2,0.8598791577653515,0.011032930306196204,0.8598791577653515,0.013561013937549778,0.011544216653409918,0.03789215079994739,0.06609053053754516
6873,1,1,0.7325932385471917,0.7325932385471917,0.038398719824738956,0.01637560326064525,0.038756042092588136,0.05075740562563113,0.12311899064920488
6874,2,2,0.782649747055185,0.04794744159383744,0.782649747055185,0.01617478399321759,0.008719761273897179,0.08213218741476191,0.062376078669100936
6875,6,6,0.6989763600726726,0.12454051987666323,0.0679215800049989,0.027035323188857548,0.014651993204723683,0.06687422365208402,0.6989763600726726
6876,1,1,0.7540253729460504,0.7540253729460504,0.05429391792361383,0.019766685439241802,0.01073936899053283,0.0853744558935696,0.07580019880699147
6877,5,5,0.6195248536836823,0.07254693479526547,0.13394891394365635,0.04426540763919002,0.02110635415920947,0.6195248536836823,0.10860753577899643
6878,4,4,0.978221450381272,0.005591521340504507,0.004634277594023594,0.0021326980725528,0.978221450381272,0.004941357037718473,0.004478695573928663
6880,3,3,0.9082989228345111,0.01666180531785015,0.025720082396572,0.9082989228345111,0.006952626454409814,0.018324349087735416,0.024042213908921473
6881,4,4,0.9831105126443138,0.0025279534212809037,0.004220604800724912,0.00129880483198333,0.9831105126443138,0.005267549677845372,0.003574574623851739
6882,1,1,0.9309889091613975,0.9309889091613975,0.017326511954190257,0.006956990408696556,0.005566625131061577,0.023401296884781587,0.01575966645987254
6884,6,6,0.92415998663071,0.006575907103070079,0.023798516848305494,0.005711836242790191,0.003833283816508309,0.03592046935861605,0.92415998663071
6886,1,1,0.8802035461186462,0.8802035461186462,0.021706419718377747,0.013517934326758446,0.005796177083587265,0.03129405587045275,0.04748186688217772
6887,1,1,0.869135717961896,0.869135717961896,0.041365261031001396,0.011894992421416159,0.0115836844597068,0.02784167436868191,0.03817866975729779
6889,5,5,0.5637109438060038,0.08338568722999606,0.18103412765231117,0.038059258570158704,0.02497399799755224,0.5637109438060038,0.10883598474397796
6890,6,6,0.5797339434311005,0.058104042297192175,0.06893006661430667,0.03539230125902092,0.014632067869329596,0.24320757852905017,0.5797339434311005
6892,3,3,0.9242370943838816,0.012648549173599494,0.01654571551530067,0.9242370943838816,0.004004614731282529,0.012991210311258048,0.029572815884677695
6894,1,1,0.8830702774634687,0.8830702774634687,0.04055024655319972,0.00923167633256311,0.008498864019049049,0.03281214919765422,0.02583678643406526
6896,2,2,0.5180566982528939,0.06027264024431298,0.5180566982528939,0.026967328863285473,0.01894511976656036,0.26100948621474057,0.1147487266582068
6897,5,5,0.5366485778242297,0.09646511175171091,0.16105749659948282,0.05718720681148009,0.03378726396258339,0.5366485778242297,0.1148543430505131
6898,1,1,0.580133249055198,0.580133249055198,0.10062024066748666,0.022138941262325667,0.015673536766643736,0.14829298266527297,0.1331410495830729
6900,2,2,0.4905341348774853,0.06160114138231352,0.4905341348774853,0.026063463181545416,0.01887292716517799,0.29567725421709834,0.10725107917637952
6901,3,3,0.9445104017684219,0.007101338862426964,0.015052786974327046,0.9445104017684219,0.005374194421808191,0.018266511362348376,0.009694766610667526
6903,3,3,0.9405385116407972,0.0073583713488038025,0.012236678735211923,0.9405385116407972,0.00279075087280833,0.021747827089637954,0.015327860312740912
6904,2,2,0.47584519306268397,0.05434128616959847,0.47584519306268397,0.03134597725481973,0.0214656981642206,0.28232616390370563,0.1346756814449717
6907,3,3,0.9419789887182256,0.004902695713933497,0.014185523395461969,0.9419789887182256,0.004403178213557505,0.02794867529548203,0.006580938663339268
6909,5,5,0.7722251414050507,0.03712914247457943,0.08852887791634109,0.03245775931075766,0.009437178487422261,0.7722251414050507,0.06022190040584885
6910,4,4,0.8657081301056475,0.022689325128387956,0.031923774245301864,0.008636417241936211,0.8657081301056475,0.04139228115682113,0.02965007212190525
6914,6,6,0.5089830563082556,0.07913281080163607,0.16569325735609355,0.0274858921289742,0.01657821012120909,0.20212677328383155,0.5089830563082556
6917,6,6,0.7478710130828947,0.03488369868784109,0.05060403094506148,0.01880808802547671,0.010592300859895251,0.1372408683988308,0.7478710130828947
6920,6,6,0.7524632267307835,0.04342756572711431,0.07492555063018978,0.018567296577792086,0.012400167325007658,0.09821619300911273,0.7524632267307835
6921,3,3,0.9251532055240272,0.01936884101541524,0.01777988289155394,0.9251532055240272,0.0076625191625778535,0.01799963146079474,0.012035919945630935
6922,3,3,0.9448110620545799,0.01527302651079316,0.013065610092890112,0.9448110620545799,0.002937411547180658,0.009353954940866745,0.014558934853689464
6924,6,6,0.9238511401146129,0.014321069035928799,0.017758094730562425,0.01291844923031718,0.004912938978306051,0.026238307910272596,0.9238511401146129
6928,4,4,0.9114168289927705,0.018638956785203303,0.01844732136913303,0.00879323970091953,0.9114168289927705,0.02480035216044991,0.01790330099152366
6929,1,1,0.7204846889958527,0.7204846889958527,0.06336057996804992,0.020727882931212537,0.011486499490037565,0.06488401932428098,0.1190563292905663
6930,2,2,0.7091552386907746,0.06406866241951596,0.7091552386907746,0.02491375167112386,0.014175916989096904,0.11426675208806751,0.07341967814142128
6931,4,4,0.9421355013168199,0.00919072008712864,0.013659748247447054,0.005269803227215682,0.9421355013168199,0.020988490155357312,0.00875573696603144
6932,3,3,0.9377159573887343,0.017403007442118167,0.015981458992836553,0.9377159573887343,0.005561549975004145,0.012217675270135592,0.011120350931171254
6933,5,5,0.8284544512076266,0.03216501906104048,0.06276697203662043,0.025576355485521625,0.009570854896583582,0.8284544512076266,0.041466347312607316
6934,3,3,0.9354967675966086,0.01584175854444829,0.01165048585673806,0.9354967675966086,0.004764186518734576,0.0110290636922864,0.021217737791184053
6936,4,4,0.9580539902581744,0.006746500934495826,0.00985584482982033,0.005047073888406501,0.9580539902581744,0.011005657942324462,0.009290932146778567
6937,3,3,0.9471065264808635,0.007180886567074538,0.01600368248128302,0.9471065264808635,0.00561316840105974,0.012938021658479973,0.01115771441123929
6938,1,1,0.8400785847118523,0.8400785847118523,0.034772074020917955,0.01043000121409158,0.021547517831866342,0.036314743649099465,0.056857078572172384
6943,2,2,0.5235311509329826,0.12827064329953952,0.5235311509329826,0.04155826282563014,0.030746422149171865,0.16660046506483137,0.10929305572784448
6944,1,1,0.2623021909024048,0.2623021909024048,0.21667487892770573,0.050067528976965675,0.03016313890692826,0.21476818344111914,0.2260240788448765
6946,4,4,0.9549744878975329,0.008208553054905542,0.011251015724292816,0.004597793174974032,0.9549744878975329,0.012733027548278614,0.008235122600016003
6947,4,4,0.9257173033083977,0.013978939834941672,0.021031166619900083,0.007530746045943871,0.9257173033083977,0.02058774377536623,0.01115410041545041
6948,3,3,0.9300512959882855,0.021663044211922763,0.017677638867196862,0.9300512959882855,0.006493224766556851,0.01196689926182478,0.012147896904213161
6949,3,3,0.9037565269479401,0.007554404463844682,0.007430660411424854,0.9037565269479401,0.0020194225975969883,0.07464042007876451,0.004598565500428888
6950,5,5,0.8142570953518884,0.0220381740858959,0.08077651271217016,0.011639778642298869,0.008271240918867478,0.8142570953518884,0.06301719828887917
6952,3,3,0.927742712962318,0.01250909840358846,0.017994738433600593,0.927742712962318,0.005446799538310076,0.019910947855598587,0.016395702806584304
6954,1,1,0.9018771726870409,0.9018771726870409,0.024636330533475165,0.008264017498399692,0.007208030350491971,0.029710684458264316,0.028303764472327967
6955,5,5,0.6605942915869841,0.024435975655492555,0.176543218974918,0.04282642302901196,0.014462352371263114,0.6605942915869841,0.08113773838233031
6956,3,3,0.9223162117482648,0.021207690372585936,0.020527199455583702,0.9223162117482648,0.008158420431865213,0.013301692806593738,0.01448878518510661
6957,5,5,0.6280516665528395,0.04901931547798858,0.2112824982231274,0.03231917467525653,0.015629410938438393,0.6280516665528395,0.06369793413234962
6958,2,2,0.8318843421346754,0.04212186376554963,0.8318843421346754,0.02795893714507763,0.010989853064744076,0.042213863734021494,0.04483114015593187
6959,2,2,0.6654311478710262,0.08343519472448922,0.6654311478710262,0.025954574222929582,0.014579857883068021,0.14020827052329807,0.07039095477518889
6960,2,2,0.6222129746805254,0.11037465178914396,0.6222129746805254,0.026019625879158105,0.014797410981606082,0.15095149983966893,0.07564383682989763
6962,5,5,0.7087290436063893,0.05441964715758037,0.10901483833096427,0.03534189333951591,0.012986202975453937,0.7087290436063893,0.07950837459009616
6964,6,6,0.7734610923712841,0.04363915846083172,0.0680378661595512,0.03167411759194885,0.01412973034848157,0.06905803506790252,0.7734610923712841
6965,1,1,0.9095296859588439,0.9095296859588439,0.02695425343811098,0.011051635020137998,0.0068874318417807895,0.02578747244916462,0.019789521291961907
6966,6,6,0.8888177322392846,0.023047753134005457,0.03504090891002353,0.01260328497138607,0.0056989516747695075,0.03479136907053085,0.8888177322392846
6967,5,5,0.7478549749753105,0.05290358308365601,0.08801179533574484,0.0339513651742073,0.01194409530259785,0.7478549749753105,0.06533418612848349
6968,2,2,0.6843256991705066,0.09036389719484594,0.6843256991705066,0.02173881092462867,0.012919885048125827,0.08533659755863848,0.10531511010325446
6969,2,2,0.7621873656261774,0.0550518564102108,0.7621873656261774,0.022384255489793264,0.015626341324025562,0.0769302186051481,0.06781996254464488
6970,5,5,0.4957230973068629,0.08997933556161819,0.12953858283849784,0.05501382717404645,0.0649669267616111,0.4957230973068629,0.16477823035736358
6971,3,3,0.92559299610835,0.011582292016626304,0.0211683124478581,0.92559299610835,0.003916687820730753,0.01586726328052551,0.021872448325909406
6973,4,4,0.9764485470884813,0.004625855507796348,0.005273584146257527,0.0033684855406675095,0.9764485470884813,0.00630724404659024,0.003976283670207111
6975,5,5,0.7805810977740658,0.0261015245355916,0.08178555131773983,0.027296155708656133,0.011946932193761157,0.7805810977740658,0.07228873847018545
6976,4,4,0.9536028655085901,0.010141439080248763,0.009669163354451204,0.004891602061565078,0.9536028655085901,0.014593800159302995,0.007101129835841912
6978,4,4,0.9000285118002884,0.014283127153445202,0.0198000199502782,0.009755610683385083,0.9000285118002884,0.036642699391742695,0.01949003102086044
6979,3,3,0.9262440252991483,0.012482077634821731,0.021477440355096834,0.9262440252991483,0.006376650858635792,0.016545581945985603,0.016874223906311613
6980,1,1,0.9007710158792933,0.9007710158792933,0.027837734672471248,0.007824954019249923,0.011585312991823745,0.030847156574356382,0.021133825862805294
6982,1,1,0.864514819293527,0.864514819293527,0.03244590681826101,0.015304174128207629,0.01564405353007387,0.03903074783375619,0.033060298396174255
6984,1,1,0.8172108649264122,0.8172108649264122,0.04696266522410128,0.016242657050308664,0.014820881422364738,0.04877009217990816,0.055992839196904995
6986,2,2,0.6882633610561214,0.04671882074283545,0.6882633610561214,0.027696604168981898,0.015551530962981782,0.14548313600077112,0.07628654706830841
6989,1,1,0.8870429194753094,0.8870429194753094,0.03726907680526489,0.011210721214800975,0.0057546276781675195,0.029147471936381616,0.029575182890075716
6990,5,5,0.8491828192709576,0.014366215287905796,0.055202011023733684,0.05930568796752133,0.00620855196176674,0.8491828192709576,0.015734714488114847
6991,4,4,0.965979281860672,0.00700288030780228,0.0063731338340524855,0.00318335725486425,0.965979281860672,0.012657794128182711,0.004803552614426381
6992,2,2,0.8514764647450853,0.025517563025619156,0.8514764647450853,0.017268737915093892,0.01256367221029953,0.03780827621675125,0.05536528588715105
6993,2,2,0.7801708716819111,0.018228570294763713,0.7801708716819111,0.01703652925323214,0.011422580475442519,0.11099353908202572,0.06214790921262472
6994,2,2,0.9095770272970507,0.038625108637680615,0.9095770272970507,0.006688591575270604,0.0030346228725247094,0.016490157839183343,0.025584491778289933
6995,5,5,0.4876458622089687,0.062475488036530025,0.2167679948352281,0.04124309063852978,0.01616498924158419,0.4876458622089687,0.17570257503915915
6996,3,3,0.9364783755533441,0.01578870021121983,0.011655486326246658,0.9364783755533441,0.004722317335345402,0.010863899107541949,0.020491221466301956
6997,3,3,0.9284257782765707,0.01493491868333437,0.012659234064075592,0.9284257782765707,0.005128024085357325,0.030587640095725444,0.008264404794936567
6998,1,1,0.7890831424183627,0.7890831424183627,0.07654974655165202,0.019115125178741046,0.008663315820587228,0.05107843529252208,0.05551023473813487
6999,1,1,0.7884836400398716,0.7884836400398716,0.06447812952184231,0.015337543403814692,0.012199033070262408,0.05972743418654957,0.05977421977765956
7000,1,1,0.9188710734714723,0.9188710734714723,0.012087555439553657,0.007557125606645938,0.006847601796281078,0.01492096062882244,0.03971568305722458
7002,3,3,0.916000489658301,0.012816545029435661,0.023541284193346387,0.916000489658301,0.00433829252110247,0.01624119447997233,0.027062194117842005
7003,1,1,0.9279233894883028,0.9279233894883028,0.022681361544404796,0.012736482369967895,0.004997942870281576,0.01921951009691737,0.012441313630125565
7004,5,5,0.6474046328874287,0.05823669764045477,0.15568059042413268,0.03144491285089191,0.01696075878746874,0.6474046328874287,0.09027240740962329
7006,6,6,0.5287719548021351,0.16723599980034567,0.10268300325490118,0.0654248219749408,0.02644407960835794,0.10944014055931928,0.5287719548021351
7008,6,6,0.9144901796040625,0.019146892686996517,0.020829827598667697,0.012985705630122201,0.0058470424715488505,0.026700352008602143,0.9144901796040625
7009,2,2,0.7486928825897632,0.03923355506627854,0.7486928825897632,0.02398222782005117,0.014832927892605258,0.09117928402178133,0.08207912260952055
7010,4,4,0.9525747350532748,0.00962156264186791,0.009733608686440732,0.0044200333624556335,0.9525747350532748,0.01485904615392524,0.008791014102035722
7011,2,2,0.6465516171950696,0.0527667431948406,0.6465516171950696,0.02114881866024232,0.017657587342384977,0.16811766905514364,0.09375756455231876
7014,4,4,0.9373557735990665,0.013218144594711725,0.012432016471068378,0.00950075629487007,0.9373557735990665,0.01677067225307153,0.010722636787211904
7015,5,5,0.6194160670831383,0.05996892633851418,0.08540947695962058,0.04560809386603802,0.030397258188821205,0.6194160670831383,0.1592001775638677
7017,1,1,0.8186558563179336,0.8186558563179336,0.061548163501409396,0.017708257085265793,0.01021856032523781,0.056587308495694745,0.0352818542744587
7018,4,4,0.9510606632801635,0.006308779987329476,0.01188842330766923,0.004506329646113526,0.9510606632801635,0.015987164664673367,0.010248639114051031
7019,6,6,0.7436222957469344,0.04681503767655601,0.10098093067274183,0.02425290259831564,0.01269095796917288,0.07163787533627931,0.7436222957469344
7020,6,6,0.5825844357529454,0.05559036136323962,0.06745098190196969,0.02857407318295189,0.014404955564004169,0.2513951922348893,0.5825844357529454
7025,6,6,0.821899172116975,0.03668566043425902,0.05147592491348021,0.014137572888376948,0.00828729178732402,0.06751437785958485,0.821899172116975
7026,5,5,0.6799790862469824,0.07142084037796685,0.11089736232804323,0.023427000147378807,0.02173087618283753,0.6799790862469824,0.09254483471679115
7027,6,6,0.7568855584900912,0.04379817136794009,0.06472560265145583,0.03615439901687805,0.01205140136209475,0.08638486711154005,0.7568855584900912
7032,5,5,0.5097830517609742,0.15973059365161457,0.16486719646151146,0.04642663081849499,0.02449212245932305,0.5097830517609742,0.09470040484808184
7035,5,5,0.8928916611352625,0.013254816003641189,0.04884967374229136,0.00870305261799973,0.016367844504391035,0.8928916611352625,0.019932951996414212
7036,3,3,0.9350364530581272,0.007746746564286062,0.013127058602469648,0.9350364530581272,0.00305152494528063,0.027156939324155693,0.01388127750568072
7037,4,4,0.9647090454875354,0.011993693695336776,0.006681595588501143,0.0021909084387899186,0.9647090454875354,0.009494190442459902,0.0049305663473767445
7040,4,4,0.3155080260004155,0.10046124317971937,0.16374747279231883,0.03855181928497945,0.3155080260004155,0.2754367866951477,0.1062946520474191
7041,2,2,0.7143377608385649,0.027012370285325944,0.7143377608385649,0.01879823259731921,0.01278807487659472,0.14662665612508924,0.08043690527710597
7042,1,1,0.7225935213077069,0.7225935213077069,0.07070881457136885,0.03584666912840923,0.01693917539088189,0.10608476455102069,0.047827055050612424
7045,3,3,0.9435889776034954,0.013071125791433534,0.010762670832061083,0.9435889776034954,0.004167708644990897,0.010991513567588996,0.017418003560430117
7046,1,1,0.5591883380102953,0.5591883380102953,0.08231143781640081,0.024781250884982887,0.029289338674183978,0.1337860349026606,0.17064359971147652
7047,1,1,0.746290901007614,0.746290901007614,0.049110302675342735,0.021244886032497273,0.030129807135579285,0.05989226110073789,0.09333184204822871
7050,1,1,0.9052927131309509,0.9052927131309509,0.01971372212342086,0.007916090307377952,0.005127537311548353,0.024058568836598983,0.037891368290103006
7051,1,1,0.637447763425801,0.637447763425801,0.10455647098020161,0.021956366955947937,0.01714181225048075,0.11399472461403003,0.10490286177353877
7052,6,6,0.8863264252634596,0.018090804355171658,0.02757922818869805,0.02057753369496582,0.0068370471563453305,0.04058896134135957,0.8863264252634596
7053,5,5,0.5557294925948474,0.09392806626982722,0.12697955329650878,0.028240037157225343,0.06699167593589887,0.5557294925948474,0.12813117474569233
7056,4,4,0.976035438061406,0.007551849949452234,0.003595114411926699,0.0024121887981461898,0.976035438061406,0.005984153110392089,0.004421255668676681
7057,3,3,0.9447975200710145,0.011795991428989532,0.00943246733989993,0.9447975200710145,0.0048728368105134395,0.01527066573657577,0.013830518613006887
7058,2,2,0.6551149859759056,0.0834956308292408,0.6551149859759056,0.0343759100216727,0.017916034508994427,0.10221229121571405,0.10688514744847231
7062,2,2,0.3826047316337644,0.2627632516059822,0.3826047316337644,0.03976209146148379,0.02485996326059742,0.0980111464978069,0.19199881554036533
7063,1,1,0.8480115022932073,0.8480115022932073,0.043954267345705414,0.014683996841646722,0.016156298941259282,0.0375414184346187,0.03965251614356268
7065,4,4,0.9663912213570692,0.0072183652090884376,0.00760834981019852,0.0033036667078180583,0.9663912213570692,0.010786000822387044,0.00469239609343878
7066,3,3,0.935665472358871,0.014746271193745691,0.011373951646468004,0.935665472358871,0.004655568040433534,0.016011235128199616,0.017547501632282227
7067,2,2,0.7631422961511543,0.051111451291350196,0.7631422961511543,0.02311674821762347,0.013220012683622079,0.06452226151591157,0.08488723014033848
7068,6,6,0.7238751935500727,0.03072997965735682,0.15717260808384614,0.022588244491031355,0.013571127584804577,0.052062846632888425,0.7238751935500727
7069,2,2,0.8489697421785631,0.021885634976933556,0.8489697421785631,0.01714493812399674,0.009238577767236637,0.0675847451369424,0.035176361816327495
7070,3,3,0.9436941718433542,0.006582958295173591,0.015135299758391903,0.9436941718433542,0.006407929950258901,0.017665581972850636,0.01051405817997081
7071,5,5,0.6907941415509663,0.0653777121315793,0.13559878652231191,0.02421378859108306,0.011895939743956436,0.6907941415509663,0.07211963146010299
7074,2,2,0.8178070665847196,0.033008453018824935,0.8178070665847196,0.033259707964899785,0.011371564155300577,0.06697425377686787,0.03757895449938738
7076,5,5,0.7661859654798375,0.03638620396553976,0.1246485791763287,0.0265097480145485,0.01073861183959276,0.7661859654798375,0.035530891524152806
7077,4,4,0.9344485301490449,0.011711121884422266,0.0189062170697881,0.006986432321831325,0.9344485301490449,0.017810796775135425,0.010136901799778034
7078,5,5,0.7130426616791486,0.05401813576855304,0.061168822679414196,0.03406806499403393,0.014219585274700757,0.7130426616791486,0.1234827296041495
7079,1,1,0.7401798493284197,0.7401798493284197,0.07933437609120243,0.01778225446586803,0.030422766313313643,0.09674386228130938,0.03553689151988682
7081,2,2,0.3581832910780706,0.2732105686316377,0.3581832910780706,0.04836731543318809,0.0823044622631567,0.16042236657630446,0.07751199601764246
7082,1,1,0.839360486993045,0.839360486993045,0.034297018327084774,0.017650446400319056,0.01806683649681366,0.055188463676521575,0.035436748106216054
7083,1,1,0.8004428219943028,0.8004428219943028,0.04235922104438114,0.01107612054988903,0.012407722948198948,0.06422025697765153,0.06949385648557659
7084,5,5,0.6040047832198573,0.06025509544095736,0.16657750451202744,0.06384965922723666,0.021276273317933816,0.6040047832198573,0.08403668428198752
7085,3,3,0.929671752001527,0.011860592615859958,0.020242549144252255,0.929671752001527,0.006283919461266377,0.015008079079924833,0.016933107697169617
7087,5,5,0.6661198066189447,0.06915713765949133,0.16045794650809395,0.038932036627386174,0.019201221134460836,0.6661198066189447,0.046131851451623185
7088,4,4,0.9804790205961229,0.004109722207802427,0.003872007772855514,0.002058190163482696,0.9804790205961229,0.004457865450530071,0.005023193809206393
7090,6,6,0.9115853834022435,0.009613496069929006,0.03743436366282085,0.008538688855863095,0.005041898541033331,0.027786169468110227,0.9115853834022435
7091,5,5,0.770029560133778,0.04735902082443389,0.06866885146670192,0.02380892932588202,0.01498021088076084,0.770029560133778,0.07515342736844337
7092,6,6,0.7629856765053789,0.05156800468939038,0.06948924349546377,0.03512562696529053,0.01282045923757252,0.06801098910690388,0.7629856765053789
7093,3,3,0.9392149822377556,0.007344419220845999,0.018408212859765277,0.9392149822377556,0.008096094987223133,0.013019280504675886,0.013917010189734165
7094,3,3,0.9367161270651068,0.01275224208252732,0.01705714257543571,0.9367161270651068,0.005540570664969164,0.012854402981778982,0.015079514630182035
7097,4,4,0.9183216507474783,0.01662014734471328,0.01776639710517335,0.008055820140591047,0.9183216507474783,0.023351140993839056,0.015884843668205025
7098,2,2,0.7452965905952155,0.03658127492914051,0.7452965905952155,0.027816747995097302,0.014588710176819116,0.10051742092525015,0.07519925537847749
7099,3,3,0.9153282582359374,0.006466935797910226,0.012070739434765247,0.9153282582359374,0.0038308797340877894,0.050433841931066335,0.011869344866232992
7100,6,6,0.5710026452536189,0.22241920023556053,0.09086814375928626,0.020663612470506267,0.013214895840327302,0.08183150244070073,0.5710026452536189
7102,6,6,0.6860705820371185,0.03649495025471402,0.0987285192002003,0.019162274850978572,0.01387608029095554,0.14566759336603316,0.6860705820371185
7103,5,5,0.6402583482827954,0.0449085568275825,0.150927600975287,0.02814152043473244,0.013031160422885931,0.6402583482827954,0.12273281305671678
7104,4,4,0.8888780396460032,0.02082137121752457,0.02467452170954974,0.010195534941858854,0.8888780396460032,0.028348904416328983,0.027081628068734667
7105,5,5,0.5850596011947857,0.050096286997379155,0.18837946931461363,0.030521124786275788,0.018696812142951016,0.5850596011947857,0.1272467055639947
7108,1,1,0.4695409540490303,0.4695409540490303,0.1735916631211029,0.036915735370511016,0.020872595542879024,0.1770134077333046,0.1220656441831722
7110,2,2,0.6244105476141341,0.04029769293658244,0.6244105476141341,0.02685899582808238,0.021493980455517543,0.16790497563892942,0.11903380752675408
7113,3,3,0.9125889772019316,0.006744529633832759,0.014121643127163495,0.9125889772019316,0.004505780600550437,0.05410994721101622,0.007929122225505559
7115,4,4,0.967752872596168,0.005155204610462005,0.006046885263837266,0.0038216026835139654,0.967752872596168,0.009263173156189042,0.007960261689829638
7117,3,3,0.9448359504204249,0.015256122500513093,0.013028931041350712,0.9448359504204249,0.0029359311114920913,0.009423307902413353,0.014519757023805955
7118,5,5,0.8565014044504413,0.03279768039334985,0.04347621203474555,0.01266795827206215,0.017248444807771584,0.8565014044504413,0.03730830004162952
7119,1,1,0.7075124395754423,0.7075124395754423,0.08218335575885939,0.03225254038753414,0.0109377460968458,0.08146147503724957,0.08565244314406881
7120,5,5,0.8032622586436189,0.029588088344423804,0.07924716732575401,0.04212872951586421,0.013748996055413784,0.8032622586436189,0.032024760114925346
7121,4,4,0.9293266115889242,0.014412125560328044,0.020777856580673517,0.006592205060264921,0.9293266115889242,0.01779380236832817,0.011097398841481193
7122,3,3,0.9370541088523024,0.006117454496503971,0.016410633670718,0.9370541088523024,0.003582081691750283,0.025077074516639205,0.01175864677208621
7123,3,6,0.26696791083266214,0.16427582839005164,0.2041741567419037,0.14959943761658326,0.032671121780788515,0.18231154463801086,0.26696791083266214
7125,6,6,0.8549155900913211,0.023432969975959585,0.03742209460115048,0.012168453472030638,0.006131713890769098,0.06592917796876901,0.8549155900913211
7126,5,5,0.5646246691016052,0.049479732297781534,0.1515382911712795,0.039169765575604434,0.013848499116822954,0.5646246691016052,0.18133904273690632
7128,4,4,0.9092860581260173,0.030181842955471282,0.015799502764379168,0.007221940335220166,0.9092860581260173,0.02106410754820481,0.016446548270707316
7130,3,3,0.925682512000215,0.00958623530523073,0.01978832930421133,0.925682512000215,0.004955599005527011,0.019859698778262033,0.02012762560655389
7132,6,2,0.5314402584060443,0.020062971831070024,0.5314402584060443,0.012360786880322001,0.009400295915075125,0.03672623150739152,0.3900094554600972
7133,1,1,0.7817267066095696,0.7817267066095696,0.04876888009080764,0.018090708723533647,0.010007178123809394,0.04892396804842062,0.09248255840385922
7134,2,2,0.6168670783572733,0.06567701944264719,0.6168670783572733,0.041305592567492194,0.06346337500392434,0.11098921119501175,0.10169772343365119
7136,5,5,0.5179680495184721,0.05011314382324122,0.06617944366918983,0.020466214022976936,0.020477120654761063,0.5179680495184721,0.324796028311359
7137,4,4,0.9206011146391464,0.011392553632184499,0.018739770886798617,0.008306877075293812,0.9206011146391464,0.022297866551363503,0.018661817215213195
7139,1,1,0.7949503397895863,0.7949503397895863,0.04560972506506803,0.017406537074343503,0.012968352369583758,0.043242822666873425,0.08582222303454509
7140,4,4,0.9818164788692627,0.0033304913282134673,0.004348759028701711,0.001776779387540786,0.9818164788692627,0.00418633851184895,0.00454115287443242
7141,3,3,0.9298206343386165,0.0058788054909715715,0.013040919140835525,0.9298206343386165,0.0026570075385442113,0.04022627968320009,0.008376353807831943
7144,6,6,0.7398142000506841,0.07933009551456081,0.06681725566368626,0.026509279193199703,0.010393034002240193,0.07713613557562904,0.7398142000506841
7146,5,5,0.8772640048967124,0.015968323239958324,0.05833217267055535,0.008897014376584416,0.007803810694172183,0.8772640048967124,0.031734674122017414
7148,4,4,0.9559079711813411,0.009727084072863212,0.008537207043126868,0.003491131477688038,0.9559079711813411,0.012397269975674379,0.009939336249306457
7149,6,6,0.650967222629711,0.03324933299513773,0.12233009949421708,0.01971718184970248,0.01601649803436454,0.15771966499686726,0.650967222629711
7150,1,1,0.7325670992158974,0.7325670992158974,0.07362864297756529,0.026178600305591986,0.014489995689560891,0.08100364956675687,0.07213201224462755
7151,3,3,0.9364783755533441,0.01578870021121983,0.011655486326246658,0.9364783755533441,0.004722317335345402,0.010863899107541949,0.020491221466301956
7152,2,2,0.5395147747112705,0.09314232766459038,0.5395147747112705,0.0332057736491486,0.01887721714404042,0.156962090863147,0.15829781596780315
7154,1,1,0.44966060962479004,0.44966060962479004,0.05853257494081651,0.021456424480609054,0.021123838416784224,0.08748742937676018,0.3617391231602401
7156,1,1,0.8778588227295939,0.8778588227295939,0.028979396729886028,0.01412139480857469,0.006885196215684472,0.03039198159973674,0.04176320791652405
7158,4,4,0.9763151828171153,0.006179539018595395,0.004585154125978978,0.0020528948131625165,0.9763151828171153,0.006315477886777371,0.004551751338370483
7159,2,2,0.9156257271016623,0.009724103328648752,0.9156257271016623,0.005314586357430082,0.004908482484467212,0.008497878394792163,0.055929222332999504
7161,1,1,0.9520247891212159,0.9520247891212159,0.016431641407299132,0.005344698792434759,0.0026437599998404915,0.011049189025237405,0.012505921653972317
7162,2,2,0.7164045344501593,0.025825016409156673,0.7164045344501593,0.03737399146474539,0.024640916030782035,0.14966390277070912,0.046091638874447394
7163,1,1,0.8883822736333782,0.8883822736333782,0.03182826392368157,0.011107899944923515,0.019036859380329254,0.02647772497978805,0.02316697813789936
7164,3,3,0.9286587162896434,0.005759339355904553,0.013234731766813309,0.9286587162896434,0.007294251795199165,0.03519360552834072,0.009859355264098873
7165,5,5,0.6283701407034816,0.03722244047019738,0.1366192081371931,0.03670040656526839,0.018235154645772977,0.6283701407034816,0.1428526494780865
7167,6,6,0.5274645902543242,0.036965156532968994,0.17695298669629156,0.030638072018067623,0.02290531885709729,0.20507387564125026,0.5274645902543242
7168,4,4,0.9307778756785696,0.016421685398520892,0.015350577928255458,0.005932012120787432,0.9307778756785696,0.019937930841466573,0.011579918032400117
7169,4,4,0.9551500919417204,0.009334609657365711,0.01222751579842239,0.004669881214581661,0.9551500919417204,0.01233752520559834,0.006280376182311436
7175,2,2,0.4595819395505763,0.04434837604591761,0.4595819395505763,0.0348680486451762,0.022805902548324503,0.29657992599089644,0.14181580721910889
7176,3,3,0.9471065264808635,0.007180886567074538,0.01600368248128302,0.9471065264808635,0.00561316840105974,0.012938021658479973,0.01115771441123929
7178,2,2,0.9000975186067879,0.011828756373392044,0.9000975186067879,0.007746849495950542,0.005864071961592914,0.04491668564777013,0.02954611791450656
7179,1,1,0.6771762087623409,0.6771762087623409,0.059774667988034005,0.023759788669824644,0.04883775822974964,0.07140760250493786,0.11904397384511302
7180,1,1,0.7370195462624421,0.7370195462624421,0.04589962126205064,0.02247482718485565,0.032295333417232834,0.08503813766265829,0.0772725342107605
7181,5,5,0.7091826189390276,0.051163291845311154,0.12345810214937375,0.029559142423593837,0.016341656635479027,0.7091826189390276,0.07029518800721465
7182,2,2,0.6118494201580441,0.044209281537624295,0.6118494201580441,0.02306422379146242,0.01716351839418541,0.1463370165009839,0.15737653961769993
7183,6,6,0.865623148493464,0.026962666089203596,0.03829983717060751,0.012678482331088215,0.007840257679288145,0.04859560823634857,0.865623148493464
7185,5,5,0.7001699073154259,0.03191487897285087,0.18297121338787517,0.017328942940014448,0.010019665188761,0.7001699073154259,0.05759539219507261
7187,4,4,0.9471200691323102,0.008160047064118587,0.012284163911002007,0.0066590917839076435,0.9471200691323102,0.013560216579947184,0.012216411528714376
7188,4,4,0.946609175908828,0.010327183064804516,0.010584660209141004,0.003962287287012539,0.946609175908828,0.01591258033228155,0.012604113197932545
7190,5,5,0.48717868465906883,0.11447644803004887,0.1768427708935343,0.06358277383741517,0.02317796298299615,0.48717868465906883,0.13474135959693676
7192,6,6,0.7063599498401528,0.04557368140114654,0.09788031453018997,0.033895806118719146,0.015524623770149773,0.10076562433964174,0.7063599498401528
7196,6,6,0.9318276715402751,0.022554695286793974,0.015391535613270262,0.010432808802928758,0.003773955975252321,0.01601933278147962,0.9318276715402751
7199,5,5,0.8073746099310133,0.022076794214945024,0.08481607958085727,0.02617125382490784,0.012680707311825917,0.8073746099310133,0.04688055513645068
7200,3,3,0.9362441564908205,0.005554126240263749,0.012265701077985641,0.9362441564908205,0.006109101492285556,0.030679197324261706,0.009147717374382875
7201,6,6,0.8396728397403755,0.0710375040402374,0.03243255234744905,0.01753083528751577,0.007907108544536062,0.03141916003988624,0.8396728397403755
7202,1,1,0.7728387659762168,0.7728387659762168,0.07932049899444304,0.024800106913974565,0.02538763901328007,0.051314422112583864,0.04633856698950166
7203,4,4,0.9690105400200796,0.006297547147652235,0.007256375690264672,0.0032584313098874915,0.9690105400200796,0.009449226535705657,0.004727879296410418
7205,1,1,0.9014316590147318,0.9014316590147318,0.02608562480938063,0.013553243333388273,0.011059066571903475,0.02456497657643597,0.023305429694160034
7206,3,3,0.9269796373291045,0.014754913388419645,0.019580258112422533,0.9269796373291045,0.006577600254004291,0.014086011549599322,0.01802157936644968
7207,3,3,0.9444125868018294,0.014961652439110639,0.012978788064142639,0.9444125868018294,0.0036863541258045753,0.010074580491021503,0.013886038078091264
7208,3,3,0.9081348429422245,0.006175775355083282,0.015777959589600186,0.9081348429422245,0.003858645072112275,0.05483230352248939,0.011220473518490521
7210,2,2,0.6882754947964468,0.13559475276483193,0.6882754947964468,0.022802042745547976,0.013142618110076566,0.08409597244501199,0.05608911913808473
7211,2,2,0.9921195730491208,0.0010689289573867782,0.9921195730491208,0.0009462505582640349,0.0006580311769774176,0.002331625695713925,0.002875590562537213
7214,1,1,0.6795294290539684,0.6795294290539684,0.08857965403643787,0.02827905020794289,0.015808963347039188,0.08591457408663791,0.10188832926797374
7215,6,6,0.9132615932576422,0.012844666737298992,0.02114355171690624,0.007844514493200847,0.003961958053622838,0.04094371574132888,0.9132615932576422
7216,2,2,0.7719759873215422,0.03376945390183094,0.7719759873215422,0.01831934072534523,0.010087076498570286,0.11799141355651326,0.04785672799619809
7217,2,2,0.4912620181275655,0.021724234223379473,0.4912620181275655,0.02538489774439175,0.019246474894894325,0.28871001872037355,0.15367235628939552
7218,1,1,0.9292049093296177,0.9292049093296177,0.019230967810813814,0.0060837146289675235,0.005033949682490399,0.024364317214428527,0.01608214133368201
7220,6,6,0.7136784645773603,0.037697601611858825,0.07012424133294924,0.02058443157982281,0.010535414470072207,0.1473798464279366,0.7136784645773603
7224,1,1,0.7800701589735439,0.7800701589735439,0.0686113776926102,0.018862416136487377,0.013159092397159356,0.07590383162688454,0.04339312317331466
7227,5,5,0.4867055034995168,0.09251103547121285,0.3117538695807366,0.041729559285556946,0.012531173094777059,0.4867055034995168,0.05476885906819975
7228,4,4,0.8249851121444182,0.027812542989002598,0.028193378351134075,0.015188415106817961,0.8249851121444182,0.03848149631372016,0.06533905509490706
7229,1,1,0.8820320003130965,0.8820320003130965,0.02576630464609564,0.012649183994296282,0.011859280464236585,0.028655692596101727,0.03903753798617347
7230,3,3,0.9234220288366932,0.012509619298820124,0.01569463634525965,0.9234220288366932,0.0038840375668205843,0.012237181769128197,0.03225249618327822
7232,2,2,0.3794323026579448,0.25178819332357794,0.3794323026579448,0.03382540907890699,0.02158503892275039,0.11667822261146513,0.19669083340535481
7236,6,6,0.8192401329384718,0.0316939505644361,0.05635162967940593,0.01959853073783742,0.0073628972240621674,0.06575285885578666,0.8192401329384718
7238,4,4,0.8165049040749679,0.02939339363277074,0.053939100638584626,0.01878091018733152,0.8165049040749679,0.04762325969897321,0.03375843176737201
7239,6,6,0.8291592034198026,0.10455514084957127,0.01980486272584021,0.017341461199393126,0.004478927315484443,0.02466040448990827,0.8291592034198026
7241,3,3,0.9338549085640927,0.009885984035256248,0.021328264402362126,0.9338549085640927,0.007083071195571939,0.013571143717582928,0.014276628085134123
7244,6,6,0.7859126667852897,0.056845943217349766,0.03936451727516367,0.022651413862859408,0.020404220188168325,0.0748212386711692,0.7859126667852897
7245,3,3,0.9313704053268971,0.011186431688059866,0.011508935440832221,0.9313704053268971,0.0024996790383493414,0.03623887948200154,0.007195669023859961
7246,2,2,0.6567654288254777,0.03625693097436276,0.6567654288254777,0.04001251124926123,0.021374178698500466,0.14192582279785335,0.10366512745454444
7247,4,4,0.8787748385151161,0.01913253958829917,0.030309900783735126,0.008226644343547416,0.8787748385151161,0.035946498559698954,0.027609578209603247
7248,4,4,0.7116570667536831,0.09673065965630097,0.054443489466438205,0.021073244553625317,0.7116570667536831,0.06632562211518553,0.049769917454766756
7250,1,1,0.7342042318484173,0.7342042318484173,0.07326703031216318,0.024699298536431012,0.0206724415521738,0.081002632140062,0.06615436561075266
7251,1,1,0.8393215708181576,0.8393215708181576,0.04976035313140321,0.01569080445027393,0.008737146902172392,0.036683344185804156,0.04980678051218874
7252,1,1,0.8300849377225518,0.8300849377225518,0.051532871703319216,0.021997234714741812,0.009933790527846816,0.04170517337151668,0.04474599196002374
7255,5,5,0.4746438795457964,0.0840306647673075,0.20273956829559336,0.046550420748963144,0.02117558537493235,0.4746438795457964,0.17085988126740725
7256,5,5,0.644389564745917,0.05692805237342804,0.1288926955087212,0.052492291183660736,0.018738892719375313,0.644389564745917,0.09855850346889776
7260,1,1,0.7770059252907382,0.7770059252907382,0.06170828579765225,0.044075235170692575,0.017961161183749675,0.04862427521843322,0.05062511733873405
7262,5,5,0.6185175709683062,0.0658273550192988,0.17967593531666207,0.03009835463329171,0.01623692030545676,0.6185175709683062,0.08964386375698445
7263,2,2,0.6335351402053843,0.06423063561021888,0.6335351402053843,0.03267354085705613,0.021544103383656456,0.15710504586722304,0.09091153407646138
7264,2,2,0.7911997739295881,0.03388026658403612,0.7911997739295881,0.015951950868643115,0.02374297015297013,0.08066443604833554,0.054560602416427156
7265,1,1,0.8467757402977428,0.8467757402977428,0.05034610259867495,0.013618169066302813,0.008337141817802443,0.04755919813334412,0.033363648086133
7266,6,6,0.9303458788214088,0.011632497055211919,0.028877707755201727,0.00825087684489412,0.004060669239367202,0.01683237028391622,0.9303458788214088
7268,3,3,0.9123333294042,0.008429549796197202,0.01658504147406189,0.9123333294042,0.004808453734506668,0.040347880329180165,0.01749574526185415
7269,1,1,0.798436110163805,0.798436110163805,0.04756439989032266,0.02008831567008805,0.009567971939310615,0.07102708515055177,0.053316117185921864
7270,2,2,0.9207192163172842,0.02389892060142468,0.9207192163172842,0.00726417861913037,0.007302995492360826,0.013137511627922066,0.027677177341877898
7271,3,3,0.9289568763221844,0.011086515188715744,0.021483062767573433,0.9289568763221844,0.006099612205240498,0.014631244400587643,0.01774268911569825
7272,3,3,0.9361727005304901,0.010564038752141947,0.013807363369635874,0.9361727005304901,0.0034395529004619865,0.01183633694543407,0.02418000750183623
7275,6,6,0.6070769583208615,0.08202607348978762,0.09307521710689488,0.037583753027321,0.01360636184815959,0.16663163620697546,0.6070769583208615
7276,4,4,0.9771209635552092,0.002406435764619032,0.004972134761135928,0.002655491541761325,0.9771209635552092,0.006608888906635423,0.0062360854706391385
7278,5,5,0.6373403157112251,0.055649200919014395,0.0948095416721864,0.0491834025858717,0.020106128053835593,0.6373403157112251,0.14291141105786684
7279,1,1,0.8345978472964508,0.8345978472964508,0.03361340674799906,0.03695154811608282,0.01484790847167114,0.052839478523361544,0.02714981084443461
7280,1,1,0.7169332073358865,0.7169332073358865,0.0694505060127488,0.021560836452151007,0.012356062055461695,0.08483434578648415,0.09486504235726777
7281,5,5,0.6443759057651145,0.036998803475148265,0.18526678942281508,0.028427696392228127,0.02079444595539642,0.6443759057651145,0.08413635898929771
7282,5,5,0.6541589029929662,0.06584985493702891,0.09912313511871854,0.0350150209722347,0.0404689194311164,0.6541589029929662,0.1053841665479353
7283,3,3,0.9302399151580547,0.008144956233138542,0.01365980685125004,0.9302399151580547,0.003136030112155574,0.03117489242903228,0.013644399216368801
7284,2,2,0.8290331677206533,0.032676982649981645,0.8290331677206533,0.012822950582553725,0.014919599506064234,0.06295430210017607,0.04759299744057091
7285,5,5,0.7934612487157692,0.02999414229798289,0.04423830019670036,0.01299016790850784,0.015548799784618499,0.7934612487157692,0.1037673410964213
7286,4,4,0.9821803067757339,0.005538376222632738,0.003538858254783151,0.0013173950152861598,0.9821803067757339,0.0040215184387540044,0.0034035452928100796
7287,1,1,0.901153519168432,0.901153519168432,0.030180982507399114,0.009589204570394222,0.004303208361968409,0.022321830164742935,0.03245125522706325
7288,4,4,0.9765733136908681,0.003873576923153842,0.006174262255480275,0.0020922735905637853,0.9765733136908681,0.006458377826825164,0.004828195713108895
7289,4,4,0.8670936359217172,0.023820313562542477,0.03558034402926735,0.01244918763283308,0.8670936359217172,0.036622601072181765,0.024433917781458155
7290,6,6,0.7746888676566756,0.07355930043446617,0.0580320610878018,0.02689579873986319,0.011929990940973734,0.05489398114021955,0.7746888676566756
7293,4,4,0.9751534048385827,0.005202427279471126,0.004855649355456739,0.002165138229067587,0.9751534048385827,0.00814165469475699,0.004481725602664775
7294,1,1,0.8199433657293831,0.8199433657293831,0.047032186808692075,0.025036668480174606,0.020273432857144995,0.04246723618300132,0.04524710994160405
7295,6,6,0.580806557885615,0.0737655294017622,0.10822446127024046,0.031306183812321774,0.016621444061477062,0.18927582356858347,0.580806557885615
7297,3,2,0.2845643770197045,0.10344764701602006,0.2845643770197045,0.13120200857031467,0.023638024899755635,0.2659936358628367,0.1911543066313684
7298,5,5,0.7431998441917492,0.024928028539492143,0.11913627420191963,0.04362421795345663,0.014345231573239572,0.7431998441917492,0.054766403540142825
7301,4,4,0.9001394249757304,0.012582618257014472,0.021352003585938917,0.011499803627651795,0.9001394249757304,0.026981972111738552,0.027444177441925868
7303,4,4,0.9509032193561604,0.00640857335123138,0.01063099457297825,0.004254515080417849,0.9509032193561604,0.017844828192864648,0.009957869446347571
7304,6,6,0.9487511615372946,0.026196535445134835,0.007916307948623594,0.004222305092659216,0.0012965475263199146,0.011617142449967938,0.9487511615372946
7305,6,6,0.821532407335375,0.036680346524069554,0.057385052040289125,0.01224235524587492,0.006102617340960805,0.06605722151343053,0.821532407335375
7306,3,3,0.9419739124518128,0.011051935026226107,0.008865150753566723,0.9419739124518128,0.004048446999502963,0.028314954936869165,0.0057455998320223075
7307,3,3,0.9327683364365325,0.013144092103048602,0.015878680373328246,0.9327683364365325,0.00608332172916079,0.017543727444489343,0.014581841913440464
7308,4,4,0.9571942046588272,0.010209552198473614,0.009776832017814728,0.0032559638968255437,0.9571942046588272,0.010688979170724193,0.00887446805733473
7309,4,4,0.9808437022424976,0.003613876542983276,0.0047768223352115695,0.001648135965774803,0.9808437022424976,0.005599767094876493,0.0035176958186563167
7310,3,3,0.9409083079372221,0.007244876959607492,0.011986743946281754,0.9409083079372221,0.002764099949481606,0.021613125561835672,0.015482845645571338
7311,4,4,0.9549588013836584,0.007088922518349376,0.009759930456172334,0.004943927904953901,0.9549588013836584,0.01112251881220876,0.012125898924657368
7312,2,2,0.47548655356455355,0.15793535989273735,0.47548655356455355,0.033854907364930964,0.033062570121811095,0.173152337814695,0.1265082712412721
7314,1,1,0.8983862631650723,0.8983862631650723,0.027889755886510808,0.015177701283900431,0.00671263246751758,0.02320786794354445,0.028625779253454418
7315,1,1,0.8299977550779866,0.8299977550779866,0.03347224424837776,0.021469420701795253,0.008584056553888943,0.03767010565999105,0.06880641775796044
7316,6,6,0.8290870036451858,0.0263388513147614,0.05057119464373663,0.01587670258904404,0.008206914319040333,0.06991933348823177,0.8290870036451858
7318,3,3,0.9379945895789098,0.012399595134129499,0.009838294959280623,0.9379945895789098,0.0034146492687632244,0.025910041795264266,0.010442829263652646
7319,2,2,0.4065538503140559,0.07943483387041002,0.4065538503140559,0.038625143487109485,0.045873011651131966,0.28136245500111934,0.14815070567617333
7320,2,2,0.554790434236395,0.044285558151548325,0.554790434236395,0.030811998302320467,0.013437939534748275,0.2818850399710977,0.0747890298038904
7321,2,2,0.9061705418217884,0.030115387652871126,0.9061705418217884,0.010512995150799995,0.006839286921558716,0.029104595276333085,0.0172571931766488
7322,3,3,0.93467687894806,0.009762329074284131,0.021005947258489113,0.93467687894806,0.0070081736968642125,0.013474044493258888,0.014072626529043798
7323,2,2,0.686189661684938,0.05972662298830381,0.686189661684938,0.03894348171437339,0.02357112358750208,0.11117934870661188,0.0803897613182709
7325,2,2,0.7733320472803417,0.04474261929199788,0.7733320472803417,0.023124989600056937,0.011942015235137698,0.07723259226202207,0.06962573633044378
7327,1,1,0.851295350477984,0.851295350477984,0.0390014778562663,0.01694056241380754,0.009155660730070826,0.049105714218920675,0.034501234302950684
7329,5,5,0.6500823167583364,0.06984129198206833,0.12777138650306447,0.033670613209286715,0.015094621138445266,0.6500823167583364,0.10353977040879879
7330,4,4,0.9273391848394047,0.013819474751132094,0.019413888324355085,0.008181183741603397,0.9273391848394047,0.019272668171157536,0.011973600172347264
7331,1,1,0.6095980306529971,0.6095980306529971,0.10782385714105387,0.031913562530268634,0.031910053223206586,0.08477855018828524,0.13397594626418854
7332,3,3,0.924621404237566,0.013432942300839157,0.010872792828426549,0.924621404237566,0.004983680068681313,0.03861222306234472,0.007476957502142383
7333,5,5,0.6356710244631686,0.07625619673901124,0.0971655559218399,0.02664514708901921,0.03282067690218665,0.6356710244631686,0.13144139888477444
7335,2,2,0.5210414030509022,0.052071912066851106,0.5210414030509022,0.03058477489239531,0.019772397333734638,0.19905167131584495,0.17747784134027175
7337,2,2,0.7975901291790747,0.031655907896436374,0.7975901291790747,0.014485032561302675,0.024312864138670925,0.06449157945598652,0.06746448676852897
7339,5,5,0.47768642074194406,0.08595564072408293,0.15079049063505465,0.032032414665556105,0.029999644802455844,0.47768642074194406,0.22353538843090637
7340,1,1,0.7790674743643761,0.7790674743643761,0.06990214280699168,0.021176957626380912,0.013018037328166627,0.06942117507248252,0.047414212801602164
7342,4,4,0.9466967087270675,0.012891625285024575,0.009839458286171648,0.003929969052624053,0.9466967087270675,0.012587005028257407,0.014055233620854896
7343,3,2,0.27350879792334304,0.0866016990934091,0.27350879792334304,0.2307939765266089,0.030243741738161526,0.22762585261430437,0.151225932104173
7345,1,1,0.6537688938360827,0.6537688938360827,0.10211708217130985,0.025013776783064927,0.015274605884779139,0.09997935852313596,0.10384628280162748
7346,1,1,0.9503722601904068,0.9503722601904068,0.015212979702960911,0.005227087601615053,0.0031047085332368534,0.014153563096465127,0.01192940087531534
7347,2,2,0.43213464792309103,0.18716941442824075,0.43213464792309103,0.04083072393350861,0.022952075921141374,0.13500207221041532,0.18191106558360287
7348,6,6,0.7527235591711442,0.04836910267323543,0.0715408519164993,0.03292334991591573,0.012031830807469324,0.08241130551573615,0.7527235591711442
7350,6,6,0.8206050298121254,0.04159341749165888,0.0514612940400541,0.015156325821638846,0.00858410749568347,0.0625998253388393,0.8206050298121254
7351,4,4,0.8515607791141432,0.028344006565316028,0.03352605646552051,0.015619993456359678,0.8515607791141432,0.04739867404715857,0.02355049035150207
7352,2,2,0.6890577369105518,0.05894593335563221,0.6890577369105518,0.028018952922632727,0.015199319181695769,0.05720356073812187,0.15157449689136557
7356,2,2,0.7504418180344973,0.06172501936606981,0.7504418180344973,0.02338181869551407,0.011882868851182822,0.08366821494179222,0.06890026011094388
7357,4,4,0.9710616820836833,0.004858540568609157,0.00702848095582952,0.0027719211845222505,0.9710616820836833,0.009217526622808843,0.005061848584546951
7359,1,1,0.8844648445901226,0.8844648445901226,0.026745199838650337,0.013007427404622516,0.008958866211244311,0.0330765746843257,0.03374708727103469
7361,4,4,0.9425355943144934,0.01680679046629829,0.008901418730975398,0.004268462526143645,0.9425355943144934,0.0147757240843535,0.012712009877735807
7362,6,6,0.6666216675871505,0.030101210076641155,0.12082163967643107,0.0313697846879312,0.01464198960002128,0.13644370837182487,0.6666216675871505
7363,1,1,0.8344429861089817,0.8344429861089817,0.04759744969662036,0.019728485352797108,0.007048023632790661,0.03541345735777041,0.05576959785103963
7364,5,5,0.6232500809064447,0.1370853088801033,0.08037121539657512,0.03711512285713681,0.01406439146818904,0.6232500809064447,0.10811388049155093
7365,3,3,0.9203601446505204,0.012176013101344876,0.009844683848738312,0.9203601446505204,0.004642935296808511,0.04643392193817537,0.006542301164412541
7366,4,4,0.9861544166539202,0.0027544623859080946,0.002937389239951327,0.0012011797707319539,0.9861544166539202,0.0043535660955397,0.002598985853948658
7368,3,3,0.9381034869781487,0.009228332684608487,0.017028224852418533,0.9381034869781487,0.004197838119584263,0.014216613534898772,0.017225503830341132
7369,6,6,0.8288555112944351,0.04654694694463154,0.041949594167129345,0.012239968596146606,0.01034743924016405,0.06006053975749336,0.8288555112944351
7372,2,2,0.6460491037729414,0.05091993361077238,0.6460491037729414,0.03283401588072884,0.030719138655682942,0.1669384428244848,0.07253936525538952
7373,4,4,0.8916579592244519,0.014728925124691872,0.025613223282450776,0.010099813091166325,0.8916579592244519,0.039094718871740694,0.0188053604054985
7374,2,2,0.6164715290700242,0.13130784118422517,0.6164715290700242,0.0440165849306262,0.028900229159081477,0.1206637988181432,0.05864001683789983
7376,3,3,0.9249041885531655,0.013291994720411556,0.009857383293850963,0.9249041885531655,0.004569011008075301,0.03169913711887871,0.015678285305618093
7377,4,4,0.9701575750698677,0.002643476864841268,0.0085358197519879,0.0026320726542580987,0.9701575750698677,0.010053382110309032,0.005977673548735985
7378,4,4,0.9510052558555119,0.014650216246261573,0.00921497861843847,0.004305607976882764,0.9510052558555119,0.012024494346053417,0.008799446956851942
7381,5,5,0.6635346095725508,0.04762430429076762,0.14149628381324958,0.0536912826460624,0.0390818616041975,0.6635346095725508,0.05457165807317214
7383,5,5,0.4164137034339435,0.1671385527945176,0.25702645850837674,0.05202204535864507,0.02449432141825304,0.4164137034339435,0.08290491848626409
7385,3,3,0.9251188116143728,0.013771198400182484,0.02084138994794022,0.9251188116143728,0.005822988339514926,0.014679666773281827,0.01976594492470783
7387,6,6,0.6957919593991092,0.03031824794983211,0.13907622306883985,0.022345576661070437,0.020729694622279422,0.09173829829886906,0.6957919593991092
7388,2,2,0.4848907972930819,0.07783545437724965,0.4848907972930819,0.0393931236205254,0.017318996567083335,0.3135861725304515,0.06697545561160835
7389,1,1,0.7360869541643512,0.7360869541643512,0.07546246639935657,0.025067661646254194,0.017070738690779463,0.06361433565174485,0.08269784344751378
7390,5,5,0.645328921424443,0.05127092601343837,0.1265253604278658,0.02537993951028461,0.014601979863845175,0.645328921424443,0.13689287276012305
7391,1,1,0.858151159635921,0.858151159635921,0.042396351003442204,0.011380634992083366,0.016377271549565513,0.03877229157839421,0.032922291240593704
7392,1,1,0.8501948173816454,0.8501948173816454,0.03628026307004557,0.011371751196065243,0.00921551354675407,0.05585823764919073,0.03707941715629894
7393,2,2,0.777868536025291,0.06821047401965202,0.777868536025291,0.017040357424498984,0.012119269537504212,0.07815703675314832,0.04660432623990541
7394,6,6,0.6342613529352599,0.08341763661894469,0.09418109758465308,0.0350435659855568,0.014288299207880866,0.13880804766770474,0.6342613529352599
7395,5,5,0.6381999677962096,0.10050819285466665,0.10856575470991095,0.027488620672216663,0.0403157127113082,0.6381999677962096,0.08492175125568792
7396,5,5,0.5152594317141296,0.0996465350134884,0.23054434475565033,0.049370602260217965,0.025082519254194403,0.5152594317141296,0.08009656700231933
7399,5,5,0.6722573591397941,0.046194373566844346,0.10572130535076964,0.02245485338080703,0.020027025296482776,0.6722573591397941,0.13334508326530214
7400,1,1,0.9205894189877325,0.9205894189877325,0.018746637957022107,0.010450945454306351,0.009343815953774046,0.021431320446090404,0.019437861201074543
7401,6,6,0.5688773887452185,0.11144173545430107,0.08456662946461559,0.038967811658980674,0.02768453084358734,0.1684619038332969,0.5688773887452185
7402,2,2,0.7250209483974471,0.04612164283895886,0.7250209483974471,0.02694191214036833,0.013989762657244307,0.1013147040410535,0.08661102992492796
7404,5,5,0.7740930576045032,0.0357340888886801,0.09738325877839765,0.01818799294225615,0.018253948933874154,0.7740930576045032,0.056347652852288814
7407,3,3,0.9234294054261344,0.007762196279614656,0.01532822010717952,0.9234294054261344,0.006376789281818165,0.036992661652828725,0.010110727252424486
7410,3,3,0.9289405157493607,0.0194915154652453,0.016656634307962753,0.9289405157493607,0.006211987088390548,0.01780252399820055,0.010896823390840199
7411,4,4,0.9314513097363865,0.014220411758200439,0.013242155487527153,0.0058957938606821235,0.9314513097363865,0.023633787113247727,0.01155654204395615
7412,2,2,0.5080929495899802,0.040089420728813295,0.5080929495899802,0.03769261448706266,0.01768751952193797,0.31599021956693485,0.08044727610527114
7413,2,2,0.7855802432423697,0.0354435903744072,0.7855802432423697,0.020875357184715126,0.016114200082833,0.07262415600957395,0.06936245310610108
7414,1,1,0.8308968087006243,0.8308968087006243,0.05613076216959392,0.014955547000041985,0.01095545049263696,0.052539133819680776,0.03452229781742206
7415,1,1,0.939500294820949,0.939500294820949,0.01984472834959335,0.005720299665476406,0.004074970544257516,0.01824512699489322,0.012614579624830546
7416,2,2,0.48692383429318203,0.06902192994494871,0.48692383429318203,0.04022011506365598,0.045451500389143716,0.217675465501785,0.14070715480728452
7418,1,1,0.7223903036033924,0.7223903036033924,0.07844791047493584,0.030357043118942502,0.02973641986029103,0.07920442463164491,0.05986389831079341
7419,5,5,0.7210815106097942,0.051256824089060876,0.10248733083565494,0.02394216007500733,0.01559055239578673,0.7210815106097942,0.08564162199469585
7420,5,5,0.7633774564878765,0.04785610397496064,0.0851307924871766,0.018934969547181782,0.02361922270261665,0.7633774564878765,0.06108145480018786
7421,6,6,0.6204573781194813,0.10001172393864174,0.1058055063042014,0.02036847395603649,0.010587230599006644,0.14276968708263246,0.6204573781194813
7422,4,4,0.9810425443214575,0.00326556996453797,0.003937731963699112,0.0016225736990121105,0.9810425443214575,0.005364748130346587,0.004766831920946571
7423,5,5,0.6491051517781198,0.1393889375020392,0.07337867714032106,0.02940283338891857,0.043773261398722306,0.6491051517781198,0.06495113879187904
7424,3,3,0.9247551449684905,0.0074485888700531735,0.014433463037143825,0.9247551449684905,0.003979510629879611,0.04167018458038835,0.00771310791404448
7427,3,3,0.9197560068208281,0.014270528480977207,0.02199927817737327,0.9197560068208281,0.00603183528931541,0.01736139157949102,0.020580959652014987
7429,4,4,0.9630005180293177,0.008851578671425182,0.007948913347054953,0.0036540399492568376,0.9630005180293177,0.009622628807620822,0.006922321195324534
7430,6,6,0.544914661222777,0.00891967989726844,0.4166742119562275,0.012026073139543488,0.004793746294469948,0.012671627489713738,0.544914661222777
7433,2,2,0.5974596805680977,0.0495869491350995,0.5974596805680977,0.019415968207901684,0.01360441394216785,0.21995300065867882,0.09997998748805437
7434,3,3,0.9292517351359708,0.01463008184612018,0.018631225023126946,0.9292517351359708,0.006568149743666657,0.013106004602110349,0.017812803649005022
7435,5,5,0.5360474364678394,0.06175491959112832,0.12208984181412146,0.052267055741485734,0.02739120918187503,0.5360474364678394,0.20044953720355002
7436,5,5,0.6133774626099532,0.05926571573977178,0.09669175879953452,0.06585989371904157,0.04577540013353586,0.6133774626099532,0.11902976899816305
7438,2,2,0.8615620604895777,0.026641503939022596,0.8615620604895777,0.016263368721209433,0.009842866595283632,0.052905689512558425,0.032784510742348
7439,3,3,0.9507395814524906,0.004277524166510998,0.008293738035487754,0.9507395814524906,0.003585485955118198,0.02780294241509179,0.005300727975300526
7440,1,1,0.6734358767452695,0.6734358767452695,0.08867563729931235,0.06484332568292507,0.023494630280578382,0.08899901509345459,0.06055151489846002
7441,5,5,0.7752653603496372,0.04350706404364386,0.08400526371001031,0.023913465401107448,0.013296762278180623,0.7752653603496372,0.0600120842174205
7442,3,3,0.9345144339080297,0.010216808968648895,0.019554396104684152,0.9345144339080297,0.005295463336678972,0.014732314475796982,0.015686583206161328
7443,5,5,0.56511264370269,0.03857864929756412,0.27595338571020195,0.027544777561883962,0.01619315373107747,0.56511264370269,0.07661738999658255
7444,6,6,0.91370949554518,0.014203620322774375,0.031665389690227745,0.008962361409184293,0.004937145857580752,0.026521987175052875,0.91370949554518
7446,6,6,0.7124686993129724,0.04837113286904256,0.09798914211471028,0.02754490016074573,0.010809045369130403,0.10281708017339862,0.7124686993129724
7447,1,1,0.7689994228077313,0.7689994228077313,0.06240889631553369,0.021481574037806896,0.011968987216838449,0.07123327224176705,0.06390784738032268
7448,1,1,0.5178057019303369,0.5178057019303369,0.10708086717236744,0.027039465850975268,0.017584482989950096,0.15263746153673477,0.1778520205196355
7449,3,3,0.9298628140163453,0.011912148842299988,0.020392491608671733,0.9298628140163453,0.006279297598540913,0.015056451604942097,0.016496796329200012
7451,5,5,0.6933160040063512,0.07357138319631903,0.10921261604847837,0.0361065570545365,0.02581545742466723,0.6933160040063512,0.06197798226964772
7454,1,1,0.8251641907128399,0.8251641907128399,0.04412903026776222,0.018090807017345424,0.009122367448655591,0.05559214501452675,0.04790145953887017
7455,1,1,0.8798286970504073,0.8798286970504073,0.03077281640665881,0.008257634350681208,0.012266196444147599,0.04161612406624445,0.027258531681860525
7456,2,2,0.38137149292780453,0.07392261815737808,0.38137149292780453,0.031744549267996726,0.01883999798414914,0.29004990301919503,0.20407143864347654
7457,6,6,0.6171890741241886,0.14519080073730417,0.07702606864946121,0.022722996516702693,0.012197913057215933,0.12567314691512751,0.6171890741241886
7458,5,5,0.6214084345121582,0.1375746396434532,0.1333714601585778,0.026505713909904336,0.024553113580388926,0.6214084345121582,0.0565866381955176
7460,4,4,0.9640397023829319,0.003604575436193727,0.00979257829729008,0.003578058658277732,0.9640397023829319,0.010821072775805527,0.008164012449501011
7462,5,5,0.6361356697988548,0.0621415796097773,0.1509807628310969,0.03481981990335107,0.0199254195590198,0.6361356697988548,0.09599674829790009
7463,5,5,0.8238350221647049,0.03194010013006162,0.07739433573125244,0.01575461038693169,0.018357404769600096,0.8238350221647049,0.03271852681744925
7466,5,5,0.7114049718272973,0.0332914332001408,0.15193002676569067,0.024582563219622506,0.01792571313960581,0.7114049718272973,0.06086529184764283
7467,6,6,0.7942413208148021,0.06063401308181978,0.04898171041581233,0.01979551570069412,0.009476886174164695,0.06687055381270689,0.7942413208148021
7469,2,2,0.7624244312864611,0.029977537063069926,0.7624244312864611,0.013228978754165958,0.008445333284052569,0.12366767309707705,0.06225604651517335
7470,4,4,0.9408783794494212,0.01865390018659522,0.010666589175260404,0.004555931002850875,0.9408783794494212,0.013968183066749459,0.011277017119122941
7472,4,4,0.9157074077091371,0.016097678743466827,0.02076968146921659,0.007789284935647048,0.9157074077091371,0.020798699751944018,0.018837247390588466
7473,4,4,0.9526068294290403,0.009507563346468493,0.010627525242501783,0.005381333563426691,0.9526068294290403,0.01107421170576503,0.010802536712797777
7474,1,1,0.8147538780540802,0.8147538780540802,0.052765101435080744,0.01912525969526608,0.00994470464478148,0.04681065519450414,0.056600400976287345
7475,3,3,0.9211853636076781,0.01343629323219484,0.022753427530093878,0.9211853636076781,0.007371406517130936,0.016078856036239157,0.019174653076663096
7476,3,3,0.9246081703355074,0.009561369030534743,0.011293803596111804,0.9246081703355074,0.005000695695350967,0.03914826043521358,0.010387700907281387
7477,2,2,0.8747881329077497,0.020268209543954644,0.8747881329077497,0.009867110500858853,0.007677603128790804,0.06258996894716656,0.024808974971479224
7478,4,4,0.9816382409784437,0.003027177174186295,0.0044479040803832295,0.002601244075357292,0.9816382409784437,0.0043949436545552755,0.003890490037074159
7479,1,1,0.9532691080711835,0.9532691080711835,0.01534707867216269,0.004845669142030945,0.0035045785332544713,0.014345745564937345,0.008687820016430989
7481,1,1,0.8588171846524574,0.8588171846524574,0.03579618288232858,0.012958191992234124,0.02506475098156196,0.03321166385981885,0.03415202563159915
7482,1,1,0.8642670455805505,0.8642670455805505,0.028581502987388086,0.013504973442023595,0.007263147661720175,0.03278226584388286,0.05360106448443482
7483,4,4,0.9595408524915385,0.009374513332628136,0.009077611515769798,0.0030647231356881756,0.9595408524915385,0.009303206072423614,0.009639093451951714
7484,4,4,0.9781007680403075,0.005456496380226789,0.004561429974943996,0.002707336886835996,0.9781007680403075,0.005764753400512497,0.0034092153171732193
7485,6,6,0.5458515850024172,0.15971535919273916,0.09119745728518981,0.035917848483903794,0.05273752011307537,0.11458022992267472,0.5458515850024172
7486,5,5,0.5605894831868671,0.06622302584245744,0.22019717016274826,0.03294602522464472,0.022672847788541235,0.5605894831868671,0.09737144779474131
7490,1,1,0.9589898961510179,0.9589898961510179,0.010786218030805058,0.004219800001447243,0.004918331983134527,0.010158830496347979,0.010926923337247256
7491,2,2,0.6154989632737877,0.10618479188131111,0.6154989632737877,0.031835028065345335,0.017900623245102592,0.13155473545088905,0.09702585808356426
7493,5,5,0.601980534981099,0.08175095640404316,0.13914588456081387,0.03840094676388206,0.03636084775667478,0.601980534981099,0.10236082953348719
7494,2,2,0.7665163896228937,0.03700009741576749,0.7665163896228937,0.025795290643761928,0.0112622324615367,0.0873737536646624,0.07205223619137785
7495,5,5,0.6421213678953458,0.06368625216002424,0.13090649161987275,0.024388168596586938,0.01777282351290567,0.6421213678953458,0.12112489621526468
7496,4,4,0.863529800919345,0.024405088534746586,0.02754140312816148,0.011956317035905236,0.863529800919345,0.04920219817446749,0.023365192207374375
7497,2,2,0.5076068269919917,0.07719861610772331,0.5076068269919917,0.03906103507443879,0.024929275314010152,0.2257349235558639,0.12546932295597227
7498,2,2,0.5802123589121829,0.04147073887235385,0.5802123589121829,0.04594711294897723,0.029509863936301266,0.17367013244483678,0.1291897928853479
7499,6,6,0.7856556810700598,0.05257117828162183,0.05203073394167457,0.02713973262622467,0.014453821146628439,0.06814885293379076,0.7856556810700598
7500,4,4,0.9535952389620566,0.012930819872808154,0.010883969034215141,0.0029925931875693684,0.9535952389620566,0.011191376733515423,0.00840600220983532
7501,6,6,0.8369689115732052,0.028128497091733436,0.05364304489978038,0.01879381722021074,0.014535413640388021,0.047930315574682324,0.8369689115732052
7502,2,2,0.8513946983084016,0.028433497650818523,0.8513946983084016,0.015597800341171726,0.008787033014925238,0.03852766579269633,0.057259304891986676
7503,5,5,0.6511236786165161,0.06360648617401751,0.10274023484231826,0.03677037648843968,0.038385930154237496,0.6511236786165161,0.10737329372447087
7504,4,4,0.9179169492357357,0.010527053008442483,0.024147450089549664,0.008148154303724496,0.9179169492357357,0.024826944498114754,0.014433448864432846
7506,2,2,0.7323992875225259,0.030994045659221266,0.7323992875225259,0.02358241513929335,0.012633702914101383,0.0936494302464616,0.1067411185183965
7507,6,6,0.8728991137306582,0.06504367001218592,0.024184848657573144,0.009857933489059929,0.0028804788288842582,0.02513395528163865,0.8728991137306582
7509,2,2,0.900519466895172,0.017023594462575255,0.900519466895172,0.008508426208718911,0.006989324770063304,0.03653960264048449,0.030419585022985973
7511,4,4,0.8688849087646777,0.021968999902444372,0.03670882645475136,0.00971376888336588,0.8688849087646777,0.04208504793324016,0.020638448061520497
7512,4,4,0.950899112673676,0.009953741030858205,0.012344719134647674,0.00332404658088895,0.950899112673676,0.011030746333625703,0.012447634246303468
7514,1,1,0.7901532363101201,0.7901532363101201,0.055151797346141465,0.015987745897312493,0.007797194248658949,0.06512673198957983,0.06578329420818724
7516,2,2,0.5936831371110195,0.08654415645223983,0.5936831371110195,0.03468285115337129,0.01774327659612468,0.1432029152824125,0.12414366340483214
7517,5,5,0.4970233822873681,0.05707628730967896,0.16975610284745585,0.02803943838922187,0.029049117603615948,0.4970233822873681,0.21905567156265934
7518,6,6,0.7597870376909376,0.06350690550334422,0.08347284837710053,0.02155582964774225,0.008130818995496914,0.0635465597853786,0.7597870376909376
7519,1,1,0.848702178461639,0.848702178461639,0.050054106461741944,0.014443755917975212,0.007412299598563977,0.03588390559533172,0.04350375396474822
7520,6,6,0.700841909629634,0.04456461043222986,0.08204924535296587,0.03550441665511809,0.03536989128019348,0.10166992664985879,0.700841909629634
7521,2,2,0.8026585818251264,0.04317310826954394,0.8026585818251264,0.01353759519602828,0.0057475437570246495,0.033477197766612315,0.10140597318566448
7522,4,4,0.7891105881819636,0.03831318281660864,0.05633698708413402,0.01795515328638742,0.7891105881819636,0.06116577930207274,0.03711830932883377
7523,6,6,0.4039004070580006,0.12402144819621087,0.16751861571792515,0.03298330200199089,0.023237214731757792,0.24833901229411465,0.4039004070580006
7524,2,2,0.5707115145598852,0.10185911952673105,0.5707115145598852,0.023090550749919576,0.017767052770111275,0.1950434902203853,0.09152827217296765
7526,2,2,0.7578874152971689,0.021886665397402916,0.7578874152971689,0.023257758702287343,0.008317180734062775,0.1539303597244271,0.03472062014465105
7527,5,5,0.5238918679248921,0.05673489889741719,0.2163484581696015,0.051547233639219724,0.0227808233054545,0.5238918679248921,0.12869671806341512
7529,2,2,0.8850554736745786,0.052493757373216994,0.8850554736745786,0.01136277189187061,0.006882626264526867,0.029017201770236797,0.01518816902557014
7530,6,6,0.5698086999233543,0.013535595465651251,0.36386407531979553,0.011330379742270162,0.009499006709836708,0.031962242839092124,0.5698086999233543
7531,2,2,0.7048352354786103,0.06001807332702931,0.7048352354786103,0.027043813672415894,0.0159819911544179,0.07853468174427225,0.11358620462325439
7534,6,6,0.8373519857530116,0.018830756170776838,0.07984186240851567,0.021880571739667044,0.008148598895031115,0.033946225032997684,0.8373519857530116
7536,3,3,0.9223453052136716,0.0211822963610275,0.02046580131680111,0.9223453052136716,0.008154221812957791,0.013405787176770026,0.014446588118771952
7537,2,2,0.8368796895496692,0.020111476831087546,0.8368796895496692,0.011090144941735653,0.01029398463478756,0.07657750063545371,0.04504720340726614
7538,2,2,0.4817652269183259,0.06418083900741434,0.4817652269183259,0.027630455972604887,0.02949484062789993,0.2057415552309219,0.19118708224283298
7539,3,3,0.9295935334466248,0.010920238986107809,0.019827100317224178,0.9295935334466248,0.0037983402157603647,0.014021710796082778,0.02183907623820016
7541,2,2,0.7282154705368856,0.027688358851338756,0.7282154705368856,0.014549137653104937,0.015591298441112015,0.14860380496934764,0.06535192954821098
7542,5,5,0.877212334854704,0.012837787228830722,0.04659385147762437,0.008024602752196037,0.006962217128520136,0.877212334854704,0.0483692065581248
7543,4,4,0.9195623643784686,0.01879183063107554,0.016925425302830494,0.006543364401234729,0.9195623643784686,0.018545726994642197,0.019631288291748417
7546,5,5,0.6181916554060315,0.08433161754470368,0.17441882171410386,0.02260449262353613,0.01447010412745562,0.6181916554060315,0.0859833085841693
7547,4,4,0.9379792859519166,0.010413724245779596,0.011791809880373606,0.005327574903042489,0.9379792859519166,0.014330077908487348,0.02015752711040026
7549,6,6,0.49509958170188534,0.12022207351536912,0.1310800392611932,0.032268843108077386,0.025394279002941753,0.19593518341053326,0.49509958170188534
7550,2,2,0.9769881277276924,0.005839516955007359,0.9769881277276924,0.0036072353817340496,0.0017469258478732892,0.004689552268710582,0.007128641818982351
7552,2,2,0.6223354335368361,0.037889823834773406,0.6223354335368361,0.04445247657577235,0.015337449955625743,0.22930047173563625,0.05068434436135638
7553,5,5,0.5754217631130164,0.030958953725619368,0.09520757957332351,0.021183693563114732,0.016718036427028068,0.5754217631130164,0.26050997359789785
7554,1,1,0.8001357074563991,0.8001357074563991,0.032336515939251236,0.020149041652463753,0.03690109351236531,0.05051471751083285,0.05996292392868782
7555,2,2,0.6067899291442073,0.08330181695276283,0.6067899291442073,0.04787728451138376,0.025864442942905397,0.16340011820509137,0.07276640824364944
7557,6,6,0.5558022776942239,0.1309781146217271,0.1169942979885797,0.036804623205267,0.019221096176814938,0.14019959031338736,0.5558022776942239
7558,2,2,0.8265273600768709,0.04455409832915515,0.8265273600768709,0.014885565997849995,0.010498416462493337,0.05435525465200823,0.049179304481622464
7559,4,4,0.9192381958592782,0.009407258142454872,0.01916611132832587,0.01629967619533067,0.9192381958592782,0.020314319545481328,0.01557443892912908
7560,3,3,0.8891593520677142,0.0032471620647865737,0.009188540527651497,0.8891593520677142,0.004599134546188986,0.08992599814431089,0.0038798126493477868
7561,6,6,0.6206566528744488,0.08242309885830355,0.09204405909361241,0.01867935933209922,0.01593596890690442,0.17026086093463155,0.6206566528744488
7562,1,1,0.5661416884265656,0.5661416884265656,0.10770928763659582,0.03428927494943955,0.018342667395232323,0.126654728136568,0.1468623534555987
7563,3,3,0.9505340110483353,0.006433815407110223,0.014285478823325613,0.9505340110483353,0.005986403386528426,0.013422669389862855,0.009337621944837568
7565,1,1,0.8522349101119886,0.8522349101119886,0.0520738207313232,0.018670603318734835,0.00940497646909422,0.036650804755505605,0.03096488461335353
7566,2,2,0.46452711870818747,0.06565230446365608,0.46452711870818747,0.06514502675237957,0.021955622749838644,0.26600080178795693,0.11671912553798143
7567,3,3,0.9256019764083421,0.004751472746389699,0.010145844529154619,0.9256019764083421,0.0055938452434688875,0.04656382675313935,0.007343034319505402
7570,4,4,0.80651366557677,0.03312070382201753,0.05322065534371518,0.01778702134018293,0.80651366557677,0.054315110370423594,0.03504284354689081
7571,3,3,0.9313906507590201,0.009966695198138836,0.018331071328442392,0.9313906507590201,0.005668108127120137,0.020150669534720545,0.014492805052558087
7572,4,4,0.9626159554051241,0.004530817881165219,0.010118832018919229,0.003621602742187309,0.9626159554051241,0.011488468981762963,0.007624322970841189
7573,3,3,0.9287458995959951,0.011013698030767611,0.021228670125981314,0.9287458995959951,0.006099620918186314,0.014695588360963907,0.018216522968105872
7575,1,1,0.8690172289428301,0.8690172289428301,0.034427839528701584,0.010576645111153136,0.018427983136716064,0.029833196151242143,0.03771710712935721
7576,2,2,0.4732757070384038,0.03588836171535782,0.4732757070384038,0.027682804150277896,0.01395057036735146,0.295509237639628,0.15369331908898107
7577,2,2,0.47515708609571355,0.05099487106970941,0.47515708609571355,0.019648958442409385,0.016852439198879323,0.3641054882803825,0.07324115691290574
7578,2,2,0.6334960712985567,0.04146296198974782,0.6334960712985567,0.03272267821122415,0.03500738627258385,0.16359594788877047,0.09371495433911697
7579,3,3,0.9299889075734231,0.014500241218746586,0.018475029139451926,0.9299889075734231,0.006510472154511113,0.012848890036806785,0.017676459877060593
7581,4,4,0.9717843612300621,0.008514860171005448,0.004628531318533156,0.0026987576169206855,0.9717843612300621,0.007009359801880159,0.005364129861598619
7582,1,1,0.7938658226416991,0.7938658226416991,0.06004068455379139,0.01615232440502466,0.008736109729069533,0.068749031654169,0.05245602701624623
7584,4,4,0.878149089878676,0.017272070145342523,0.0315740761301347,0.013727606322525284,0.878149089878676,0.04017945059325092,0.019097706930070627
7585,4,4,0.9450426997028217,0.018014417959432757,0.007973961500536175,0.00471256928796856,0.9450426997028217,0.012999226494582503,0.011257125054658257
7586,4,4,0.9576217250355757,0.009571708889531525,0.007224641020147356,0.004871042469791078,0.9576217250355757,0.00995279778755814,0.010758084797396114
7588,1,1,0.8731196163021739,0.8731196163021739,0.03514496726258004,0.01313033466335462,0.02965001252737306,0.03442090203931405,0.014534167205204174
7589,1,1,0.6273584499866836,0.6273584499866836,0.12918410591630378,0.03307233132456128,0.015986579873951877,0.11785627264504507,0.07654226025345445
7590,3,3,0.9265980619718361,0.012118044564757196,0.013639801728520314,0.9265980619718361,0.0037690265886089077,0.01956165492569036,0.024313410220587108
7592,6,6,0.6222329917788876,0.05081230493557354,0.20378311317410464,0.034432650787542166,0.02034557386457578,0.06839336545931629,0.6222329917788876
7593,4,4,0.9060245512630627,0.02058635926069022,0.021279075430692157,0.010226818774639372,0.9060245512630627,0.022135981698518537,0.01974721357239703
7594,6,6,0.6293607188883723,0.10471619312738142,0.08591455536398927,0.031975909557507724,0.01353960801079844,0.13449301505195083,0.6293607188883723
7595,4,4,0.8251920218491217,0.03080435354662601,0.033707932190120256,0.01724362585664307,0.8251920218491217,0.06242808086985586,0.030623985687633103
7596,2,2,0.7715229810014905,0.042124794721543714,0.7715229810014905,0.02768186246579007,0.015208972937674654,0.07773105326848287,0.0657303356050182
7598,5,5,0.6612188533436556,0.06395180457065582,0.06180472058765992,0.023541170761952637,0.10664892903231495,0.6612188533436556,0.08283452170376114
7599,4,4,0.9496525340245161,0.008825800379191279,0.009194406729312488,0.005250675823113505,0.9496525340245161,0.0161440599359377,0.010932523107928907
7600,1,1,0.9600856017914382,0.9600856017914382,0.011388364908544725,0.005119744746606392,0.0032421326502795004,0.01061843744416739,0.009545718458963789
7601,2,2,0.5977332538438956,0.037334553477358,0.5977332538438956,0.031391560058381236,0.029826558400981435,0.1681887646693394,0.13552530955004416
7602,3,3,0.9251806194639367,0.007374421546619116,0.014256851969401121,0.9251806194639367,0.003945906855286987,0.0416228268385002,0.00761937332625595
7606,2,2,0.7957053791247644,0.04719609810851884,0.7957053791247644,0.012659866455557419,0.0067566403069751965,0.05331342935689015,0.08436858664729406
7609,1,1,0.540090986814359,0.540090986814359,0.15239188804753734,0.03762916247948773,0.02924586446467616,0.1476152805188162,0.09302681767512351
7611,2,2,0.7886931800824559,0.0328492285363929,0.7886931800824559,0.017923020705914814,0.03428947188455403,0.06757896074678357,0.058666138043898704
7612,5,5,0.7594478730381906,0.03343459766853725,0.10191340325322883,0.051733196979501336,0.015788486249690502,0.7594478730381906,0.03768244281085143
7613,2,2,0.8473476370171332,0.019756557821223406,0.8473476370171332,0.009983650942056086,0.008676967783625538,0.040490226541513824,0.07374495989444785
7614,1,1,0.8214755291189192,0.8214755291189192,0.04677472460559705,0.018014546390347462,0.01028792199653326,0.0507521550823828,0.05269512280622008
7617,2,2,0.88828098570321,0.01759787359595592,0.88828098570321,0.010366014084688477,0.0059325162626081614,0.02911794473862851,0.04870466561490899
7619,3,3,0.9378105886596111,0.009816398945676345,0.01774430080659022,0.9378105886596111,0.0034011074422200943,0.013362865772128254,0.017864738373773864
7620,2,2,0.6626339537687482,0.0578464610343938,0.6626339537687482,0.037741514115871636,0.020064729231870665,0.09024164427679225,0.13147169757232338
7621,5,5,0.5684521073569158,0.10158558803072407,0.13351882096296305,0.06936595799600359,0.021161395985434747,0.5684521073569158,0.10591612966795884
7622,3,3,0.9426477741851087,0.007155017590581816,0.015265312347660851,0.9426477741851087,0.005561861211576883,0.01896015807176342,0.010409876593308347
7624,5,5,0.55425939928281,0.057043151559909515,0.2517870489684293,0.039393047094912086,0.020163045248854615,0.55425939928281,0.07735430784508454
7625,2,2,0.5844165263020453,0.055477098905804816,0.5844165263020453,0.04054606826571099,0.03671578139515162,0.16555420913383465,0.11729031599745268
7626,6,6,0.5951339777528365,0.0638341468197546,0.1247578507903128,0.04874684392364815,0.02680244586881329,0.14072473484463469,0.5951339777528365
7628,4,4,0.8628701461980173,0.021546610232635564,0.033926137902967106,0.009221112932048,0.8628701461980173,0.04123759818097555,0.03119839455335638
7629,3,3,0.9429510324906435,0.007121009359565207,0.017002989860131584,0.9429510324906435,0.0067727155651483885,0.013477610263261127,0.012674642461250267
7630,4,4,0.9036130186403383,0.02576847042881092,0.017144568758051426,0.0076353255289518624,0.9036130186403383,0.024590743468604556,0.02124787317524298
7631,2,2,0.550301530778769,0.07710924409652146,0.550301530778769,0.08282550997262157,0.018423134778036435,0.15172630171817444,0.11961427865587705
7633,3,3,0.9281655031340537,0.012792497632138175,0.008541508353878298,0.9281655031340537,0.004316644177821404,0.0311853095564137,0.014998537145694718
7634,3,3,0.9206562517908387,0.00926725101211313,0.024132585806468643,0.9206562517908387,0.01085182938981566,0.01687671763611123,0.018215364364652657
7635,5,5,0.8158513430734139,0.03381566204082004,0.08181949904558045,0.010942947373118487,0.009218909024711935,0.8158513430734139,0.04835163944235517
7637,6,6,0.43998991805525606,0.20828028356342423,0.13429668723220634,0.04864636884008482,0.022479093944819506,0.14630764836420918,0.43998991805525606
7638,6,6,0.7282796672322374,0.025511269950325134,0.06847987808872166,0.017736287558068626,0.011558318725230539,0.14843457844541663,0.7282796672322374
7639,2,2,0.3761923095276825,0.08314384980807916,0.3761923095276825,0.04375402298150822,0.03330388839452115,0.09703236709838367,0.36657356218982534
7640,3,3,0.9344227328992565,0.007947889005629469,0.01544696214041091,0.9344227328992565,0.004204254070025119,0.022809051098404864,0.015169110786273265
7641,3,3,0.9347778741484329,0.005775007634250633,0.011879268430497643,0.9347778741484329,0.005116412135674763,0.034574362499105206,0.007877075152038742
7642,4,4,0.9465376684971183,0.016140145963397048,0.009460424286935875,0.0033164982079304304,0.9465376684971183,0.012919736934435636,0.01162552611018278
7643,3,3,0.9304843032259809,0.014211469720416777,0.011967823272710449,0.9304843032259809,0.005081418483247859,0.03004517153693805,0.008209813760706024
7645,1,1,0.7130885650221617,0.7130885650221617,0.07048325679277093,0.020173104066947632,0.013427273302909578,0.08697675662810612,0.09585104418710409
7647,4,4,0.8137387590104923,0.03107852624076669,0.05162646451966193,0.017361188438401415,0.8137387590104923,0.05218337954621308,0.03401168224446459
7649,3,3,0.9312357459825356,0.0222428864096298,0.01500650137282738,0.9312357459825356,0.003256462656929543,0.008962419502629828,0.019295984075447883
7650,6,6,0.4063500962217061,0.11412718380814255,0.34764430134585905,0.05739401446175625,0.015050317101916677,0.05943408706061952,0.4063500962217061
7653,3,3,0.939110752874696,0.01601502548225725,0.014019256408849464,0.939110752874696,0.005249654100790708,0.01623165438075257,0.009373656752654069
7655,4,4,0.9156853085597902,0.02005972206110648,0.017372200038444422,0.008506449462368454,0.9156853085597902,0.025489549251346513,0.012886770626943938
7656,2,2,0.6482574025947411,0.06441806523571408,0.6482574025947411,0.028434104613948855,0.02237047903604077,0.14799644299262643,0.08852350552692893
7658,6,6,0.4882935273305838,0.039707521410923714,0.14650270734740387,0.038905106042843064,0.017118951296808505,0.2694721865714371,0.4882935273305838
7659,5,5,0.5423823843792392,0.1411156869579644,0.08840345981707688,0.056213153914157474,0.020556598112932856,0.5423823843792392,0.1513287168186291
7660,3,3,0.9176661491048401,0.0173334023016235,0.02142784551782625,0.9176661491048401,0.007743655834941341,0.014641097122982918,0.021187850117786008
7664,5,5,0.4894915779660575,0.03978972602580781,0.17871271326393573,0.022537338445274138,0.015058195964068087,0.4894915779660575,0.25441044833485676
7667,4,4,0.9025368024938458,0.007946295734882248,0.029247279349173018,0.007283621496221399,0.9025368024938458,0.03311644091596978,0.019869560009907795
7668,1,1,0.8840093864200637,0.8840093864200637,0.03266350507092175,0.009071725293432335,0.018791599065974007,0.031794003513698835,0.02366978063590941
7669,1,1,0.887624726737205,0.887624726737205,0.031143751780103313,0.011131325079107022,0.006031721719612731,0.033574016178474886,0.03049445850549704
7670,1,1,0.8347744920998046,0.8347744920998046,0.04793204143798007,0.012814889634199788,0.008974222932845659,0.052403869845272816,0.04310048404989723
7671,1,1,0.5644404806085177,0.5644404806085177,0.09038993001854839,0.03323322826960428,0.03227086378732362,0.15935360618337494,0.12031189113263102
7675,2,2,0.7295548817039609,0.039521627010989005,0.7295548817039609,0.01776587163903965,0.03778354120144907,0.11581082745932375,0.05956325098523758
7676,4,4,0.8835007518157166,0.019092706545191525,0.023381506728696582,0.011786089767487934,0.8835007518157166,0.03780019241236798,0.024438752730539276
7677,4,4,0.98771379931033,0.0027436462925266806,0.0024626939093569298,0.001230274136478046,0.98771379931033,0.003307328801087564,0.0025422575502209075
7678,5,5,0.6385022416172812,0.041918349730725474,0.10891446438030229,0.028404697767742543,0.025621217756539638,0.6385022416172812,0.15663902874740884
7679,4,4,0.9400011834170693,0.01663860536850752,0.010622774733418546,0.005237875479850534,0.9400011834170693,0.014278581426572385,0.013220979574581761
7681,3,3,0.9292148385756746,0.012028178667581994,0.020643124209738906,0.9292148385756746,0.006330966788354971,0.015093804210152594,0.01668908754849701
7682,1,1,0.6918149179718521,0.6918149179718521,0.06343741845224238,0.02533080871759004,0.05154736870000463,0.09316314236279191,0.07470634379551899
7683,2,2,0.7622653060471241,0.02474451458419661,0.7622653060471241,0.023524106475496805,0.008488059464000698,0.04441566521390847,0.13656234821527347
7684,6,6,0.7866663101510696,0.04464610127925483,0.06383116624479983,0.027591953853905032,0.011432688770010602,0.06583177970096012,0.7866663101510696
7685,2,2,0.7423115080537753,0.036735637037298305,0.7423115080537753,0.030486787484811317,0.014153532311273889,0.09407688091374121,0.08223565419909995
7686,3,3,0.9354967675966086,0.01584175854444829,0.01165048585673806,0.9354967675966086,0.004764186518734576,0.0110290636922864,0.021217737791184053
7687,5,5,0.7723884986442786,0.0297809845604356,0.10477904965364446,0.025702237588060305,0.010112852318737106,0.7723884986442786,0.057236377234844
7688,4,4,0.9726469593227086,0.003957211632135001,0.006424294437930492,0.002871947590201526,0.9726469593227086,0.0076801201601072715,0.006419466856917234
7690,4,4,0.9253672837089089,0.006913210223666359,0.021130871055545127,0.005659104457469203,0.9253672837089089,0.027075463261644016,0.013854067292766281
7692,2,2,0.9352566742358905,0.024790854028027415,0.9352566742358905,0.005160524329609422,0.003588919531554209,0.011450854379113315,0.019752173495805114
7693,2,2,0.9351916712890641,0.015673233471405167,0.9351916712890641,0.007623884207401879,0.0037604326766552147,0.013447665908268387,0.024303112447205278
7694,4,4,0.8918986301309473,0.02601625795857631,0.02610709301211846,0.008359531723461254,0.8918986301309473,0.03123003387249613,0.016388453302400647
7696,6,6,0.7704969436006883,0.04213816703803769,0.05859314896162624,0.02050984649916579,0.01712706970276209,0.09113482419771997,0.7704969436006883
7698,4,4,0.9226450869844945,0.015057148413042851,0.021132246715871387,0.005136606914966052,0.9226450869844945,0.018676673819650335,0.017352237151974828
7699,4,4,0.9148397073108142,0.014047481125626203,0.018233680333009556,0.0076112227495873964,0.9148397073108142,0.0339136282599394,0.011354280221023333
7701,2,2,0.7616915141154424,0.04663772238028696,0.7616915141154424,0.019149323936707374,0.007342256432420303,0.04045246785876138,0.12472671527638146
7702,6,6,0.778511920121923,0.0512493605612726,0.04762486868189518,0.025493659954342992,0.011216330273668603,0.08590386040689765,0.778511920121923
7703,4,4,0.9092981696673301,0.012861496376603462,0.018440971119900052,0.010307679390769655,0.9092981696673301,0.01829050696859189,0.03080117647680477
7704,5,5,0.6612680747896643,0.048927269872304786,0.1242311386726368,0.04016862262550895,0.023485393823562756,0.6612680747896643,0.10191950021632236
7705,2,2,0.5750327127876376,0.1347701383267254,0.5750327127876376,0.04197843003743564,0.02485255553593161,0.12553644977271547,0.09782971353955433
7706,2,2,0.6002281255939362,0.06438227660392808,0.6002281255939362,0.024751443292817196,0.010119512969393398,0.19889753409095656,0.10162110744896846
7707,3,3,0.9211853636076781,0.01343629323219484,0.022753427530093878,0.9211853636076781,0.007371406517130936,0.016078856036239157,0.019174653076663096
7708,3,3,0.4103758368111211,0.06448061912438467,0.1384344619241849,0.4103758368111211,0.03394239647097057,0.16000196823591115,0.19276471743342755
7710,3,3,0.950987478005843,0.00628380953198388,0.01313384231222891,0.950987478005843,0.004741475373451498,0.01586099283625033,0.008992401940242478
7713,3,3,0.9351490613059227,0.014754229155498242,0.009931999533514792,0.9351490613059227,0.0027618407252752017,0.02557108152245558,0.01183178775733348
7714,4,4,0.8951434544641704,0.03347082027711166,0.02023700507004953,0.0070315092045811385,0.8951434544641704,0.027203715946384592,0.0169134950377027
7716,2,2,0.8145047284426995,0.04186374954058446,0.8145047284426995,0.03502517374753495,0.016954835184813912,0.04047449079902387,0.05117702228534328
7718,1,1,0.8736288239726313,0.8736288239726313,0.03795600823746964,0.0124517886973561,0.007016922470688591,0.037653355610716234,0.03129310101113808
7719,6,6,0.7042205814985452,0.0360907786892533,0.06886220378304803,0.03405509846340693,0.018652153308897,0.13811918425684952,0.7042205814985452
7720,4,4,0.9668536304105304,0.007392741011138484,0.007720390319407978,0.003930911042739353,0.9668536304105304,0.008542055707529726,0.005560271508654066
7721,3,3,0.9336752370115252,0.015169899199600297,0.015361705694248272,0.9336752370115252,0.007806730788062376,0.017883039705140866,0.010103387601423094
7724,1,1,0.8790503665102002,0.8790503665102002,0.028059545167353976,0.010270891572798384,0.015596955122446306,0.028950711410727126,0.03807153021647412
7725,2,2,0.5654590233576993,0.07410655994216514,0.5654590233576993,0.03133044984341205,0.02592645906247177,0.17746470800168052,0.12571279979257122
7726,5,5,0.6445373112113104,0.1134264166529295,0.12117847094182364,0.029165952312190054,0.016162142306370978,0.6445373112113104,0.07552970657537543
7727,6,6,0.4840755747456234,0.09992257867507952,0.2815567399093839,0.027214408499611733,0.017735888779148706,0.08949480939115283,0.4840755747456234
7728,5,5,0.7503067617494162,0.05358462464309014,0.09153523644950808,0.05027101024157262,0.013605749106844197,0.7503067617494162,0.04069661780956869
7729,1,1,0.8199837455081803,0.8199837455081803,0.04482315243628794,0.019213501574356896,0.00851210146133457,0.04653089814824997,0.06093660087159037
7731,6,6,0.811624152143271,0.04668711521234437,0.05151595058844149,0.020228694059214545,0.009443876766362195,0.0605002112303664,0.811624152143271
7732,6,6,0.7225006702338163,0.10426322594751798,0.06156140583421183,0.025837945330539944,0.009434823085482309,0.07640192956843171,0.7225006702338163
7737,2,2,0.5634250436574654,0.019581999831448118,0.5634250436574654,0.01812360513349702,0.010538573405579673,0.23222579570112217,0.15610498227088773
7739,3,3,0.9410095151774295,0.01202850153364173,0.011558129013287333,0.9410095151774295,0.005309531209373141,0.02183073146398205,0.008263591602286183
7740,4,4,0.9636612832403993,0.006474716338879495,0.00862379387889364,0.002552665914967955,0.9636612832403993,0.008595162546622247,0.010092378080237335
7741,6,6,0.45387215672112474,0.14337454457996046,0.16077194817140644,0.04804982084242199,0.031677964544950726,0.1622535651401357,0.45387215672112474
7743,3,3,0.9388211688177709,0.009750048293763452,0.016893620241821658,0.9388211688177709,0.00661344651962643,0.014678987411704592,0.013242728715312947
7745,4,4,0.7448346702146516,0.04671985815620433,0.07529717812557772,0.016334719422391265,0.7448346702146516,0.07680602482579801,0.04000754925537717
7747,3,3,0.9472197417610537,0.007224111059237138,0.01617957296057517,0.9472197417610537,0.005611710223943321,0.012881425826045744,0.01088343816914489
7749,4,4,0.9749494037393738,0.00552419019132518,0.0045014059957523165,0.0025467450236674686,0.9749494037393738,0.005489359989073994,0.006988895060807205
7751,6,6,0.4373568687414456,0.06451491030955511,0.13361486628497699,0.028384832895041907,0.026009664313216233,0.3101188574557642,0.4373568687414456
7752,4,4,0.8599326258894355,0.024738760227306776,0.0304465889098853,0.01412130696435339,0.8599326258894355,0.03782067757705508,0.032940040431963864
7753,5,5,0.7053369223280501,0.06797332565225374,0.10637055193588153,0.03765706848189281,0.013668421818857352,0.7053369223280501,0.06899370978306452
7754,2,2,0.5288046798887911,0.17588067849153416,0.5288046798887911,0.040799839296493376,0.022531862008912183,0.12428049440856727,0.10770244590570195
7756,2,2,0.9228658497933122,0.00860485472002181,0.9228658497933122,0.008039567204962064,0.00673129137400763,0.04149625445466377,0.012262182453032578
7757,6,6,0.6244856508870911,0.06861706719294115,0.1247005565696056,0.03283091002449934,0.02562977019360587,0.12373604513225701,0.6244856508870911
7758,1,1,0.7728240496936951,0.7728240496936951,0.03143088263606849,0.03472944474086437,0.025267162637893366,0.0675300647260256,0.06821839556545307
7760,1,1,0.8984791511284941,0.8984791511284941,0.018078369204838567,0.009917585293414643,0.0070285184909622475,0.022323961241303786,0.04417241464098676
7761,1,1,0.7935901658046565,0.7935901658046565,0.06941238814844199,0.016874752722582282,0.013518997068560431,0.05756726832425386,0.049036427931505026
7762,6,6,0.8736853786086992,0.01967751031468099,0.041555005024048096,0.015597496597043948,0.006991223732252931,0.04249338572327488,0.8736853786086992
7763,4,4,0.9808926710455408,0.003479600179549449,0.005213125733385837,0.0020253746256391485,0.9808926710455408,0.005294747370134478,0.003094481045750295
7764,1,1,0.9522450815766537,0.9522450815766537,0.013194539479100343,0.005458162567503889,0.002882510470729029,0.012770013443546105,0.013449692462466998
7766,3,3,0.9429995993071619,0.01603911920427252,0.013787844925729646,0.9429995993071619,0.0029599690242002605,0.009568157614494555,0.014645309924141064
7769,4,4,0.8976448930423858,0.020158751246301735,0.02155347124410756,0.009963647410181973,0.8976448930423858,0.02492658175751782,0.02575265529950505
7770,1,1,0.9162883016121016,0.9162883016121016,0.026912142672961426,0.00926562245898061,0.005102682139050991,0.02417004158790501,0.018261209529000382
7771,1,1,0.9234298107723736,0.9234298107723736,0.02165941955843076,0.007610926673217228,0.0037695479122787246,0.02328009660138245,0.020250198482317287
7772,4,4,0.6013313476024512,0.05923154064182559,0.09117325153353333,0.03277293109247029,0.6013313476024512,0.11082418394189746,0.1046667451878222
7773,1,1,0.8382610879730397,0.8382610879730397,0.05138733652132447,0.015085712148411784,0.010539092624848747,0.047170882734165066,0.037555887998210365
7774,3,3,0.9379926775844474,0.010554920060930539,0.018044048391412132,0.9379926775844474,0.005376446732032755,0.013946527723545122,0.014085379507632091
7775,1,1,0.7746048813038849,0.7746048813038849,0.05804279284432972,0.0243078216418562,0.009132006039970896,0.05219021849855107,0.08172227967140727
7777,1,1,0.7722142603535808,0.7722142603535808,0.07059519236299,0.018725814820395308,0.013763058773592898,0.061660202613930064,0.06304147107551088
7778,1,1,0.8487865154661305,0.8487865154661305,0.03528688671891285,0.012814059554676564,0.0059492671254267595,0.03523906891878407,0.06192420221606936
7779,5,5,0.6147736406888333,0.059620038062986234,0.20992139494499767,0.026471546328879575,0.016007499663147254,0.6147736406888333,0.07320588031115587
7782,3,3,0.9345310697541297,0.008019578230562778,0.01631993947461057,0.9345310697541297,0.005182944270218415,0.019241403407725163,0.016705064862753388
7783,1,1,0.7451225439074487,0.7451225439074487,0.08140347172323638,0.027064158000223826,0.013737741506083184,0.07265036973084618,0.06002171513216182
7784,2,2,0.8234857130675445,0.045479541503351616,0.8234857130675445,0.011910036571926352,0.012586203823616138,0.04378822950658484,0.06275027552697665
7785,5,5,0.6827842386019541,0.07836740022950756,0.09886817331921306,0.033631263341458266,0.013658463022483993,0.6827842386019541,0.09269046148538294
7786,2,2,0.8264420036659559,0.0364798961852093,0.8264420036659559,0.013544932054509963,0.013174981912370466,0.060380892219237946,0.04997729396271644
7787,3,3,0.9428162702200141,0.01597057136934517,0.013684663174416635,0.9428162702200141,0.0029615659499365745,0.009535910775572195,0.01503101851071529
7788,3,3,0.2539045835168217,0.1510552215154833,0.19683874534524445,0.2539045835168217,0.029383625647560616,0.24328269957746457,0.12553512439742548
7789,3,3,0.9472291346867706,0.006053742903630922,0.011778918381989674,0.9472291346867706,0.004601896219903779,0.022546027408629207,0.007790280399075836
7790,2,2,0.6291121595451057,0.10699936414757945,0.6291121595451057,0.022432162852789896,0.016863891673729762,0.12958264566822378,0.0950097761125714
7791,4,4,0.9172419921992215,0.015310862143715884,0.019132762088892013,0.011123748140036782,0.9172419921992215,0.020617796635534855,0.0165728387925988
7793,4,4,0.9251015276826979,0.013747837840658809,0.01729195351632218,0.009789398804608709,0.9251015276826979,0.01819724527172486,0.015872036883987577
7794,3,3,0.9321628924855558,0.009966413666773557,0.0172804112271518,0.9321628924855558,0.0035601399596271776,0.018700967753522726,0.01832917490736896
7795,6,6,0.7944479391527974,0.036161549048083635,0.07622983553209803,0.022120740324370274,0.017354775301703002,0.053685160640947624,0.7944479391527974
7797,1,1,0.7747760728995657,0.7747760728995657,0.06653377120788245,0.018907141667766966,0.012436762216317588,0.0880258464676271,0.039320405540840084
7798,4,4,0.9771905883702328,0.0043230735040491785,0.005201988549481323,0.0019453778306605294,0.9771905883702328,0.00588231693834539,0.005456654807230868
7799,6,6,0.5218447770376659,0.18744758523196514,0.0728051255223924,0.03566443853045936,0.02217953196867492,0.16005854170884243,0.5218447770376659
7800,4,4,0.9713507875048757,0.008397796233912725,0.004681894934210245,0.0026983760542847695,0.9713507875048757,0.007310948236371582,0.005560197036344998
7802,2,2,0.844919854558659,0.03554496134283672,0.844919854558659,0.013592316667485045,0.0075700731728360615,0.0456790394672763,0.052693754790906856
7803,3,3,0.9420840275441777,0.005777860056023219,0.015585519980432717,0.9420840275441777,0.0046476028854624185,0.02455856193290836,0.007346427600995576
7807,6,6,0.7123246870816836,0.07207475713153721,0.1007666494745373,0.02490000719160195,0.01632348720763025,0.07361041191300968,0.7123246870816836
7809,4,4,0.9557305612089609,0.013015711140203666,0.008501712096635153,0.002918767716103435,0.9557305612089609,0.010544992853636907,0.009288254984459902
7812,2,2,0.4965808165977627,0.07129060569069472,0.4965808165977627,0.04960978996189284,0.01410562374272112,0.31339988434759414,0.055013279659334446
7813,4,4,0.936169550093651,0.01978548645029165,0.011758376703987326,0.004942712060013586,0.936169550093651,0.015073598553220406,0.012270276138836134
7814,3,3,0.9234220288366932,0.012509619298820124,0.01569463634525965,0.9234220288366932,0.0038840375668205843,0.012237181769128197,0.03225249618327822
7815,1,1,0.5506416209911336,0.5506416209911336,0.1448102268807502,0.06565407886598269,0.02839208488349164,0.12245478068711219,0.08804720769152975
7816,3,3,0.9449193578113049,0.00682828976158505,0.01624276623601415,0.9449193578113049,0.0066819093995632035,0.013057178923912815,0.012270497867619882
7819,4,4,0.9583837442483075,0.006775946070698798,0.009407507605302285,0.005735029529018734,0.9583837442483075,0.011704350546687718,0.00799342199998496
7821,6,6,0.8478338239178307,0.0303658729155395,0.058770300512090826,0.01698130221708139,0.009936490661109309,0.03611220977634831,0.8478338239178307
7822,5,5,0.7240051570513422,0.06637297033776983,0.13067492810175443,0.024784683506505166,0.016551808801551472,0.7240051570513422,0.037610452201076935
7824,4,4,0.9778630991456942,0.005976353422521715,0.004885791363365479,0.001916783570895658,0.9778630991456942,0.005891257484189986,0.0034667150133329875
7826,2,2,0.8971353286939419,0.01913313536943176,0.8971353286939419,0.006702403734746106,0.006756368748947637,0.027263556211727175,0.04300920724120565
7827,2,2,0.7720842792558404,0.026854578441843965,0.7720842792558404,0.012489308361955503,0.01215745865615791,0.1423330622590064,0.034081313025195896
7828,1,1,0.7954122244143647,0.7954122244143647,0.056229155985675155,0.020507163487190068,0.010897303605376326,0.056384631496356336,0.060569521011037554
7830,5,5,0.7076652420347047,0.05907400390112329,0.11713663422615372,0.046759681062474676,0.016220615505056792,0.7076652420347047,0.053143823270486786
7832,4,4,0.8884374651088509,0.02046016681780141,0.02888366346380277,0.010384123016206831,0.8884374651088509,0.03147528746881561,0.020359294124522566
7834,1,1,0.8939443521310793,0.8939443521310793,0.025036433661807096,0.01074858067510661,0.007237863637676716,0.0234873501226483,0.039545419771681994
7837,4,4,0.9664186253470404,0.006648493922583766,0.007520788848758397,0.0028412804106432467,0.9664186253470404,0.009841412633020182,0.006729398837954027
7838,3,3,0.9123333294042,0.008429549796197202,0.01658504147406189,0.9123333294042,0.004808453734506668,0.040347880329180165,0.01749574526185415
7839,4,4,0.8672346697942919,0.021614509045255213,0.03595788761325649,0.00997509599954156,0.8672346697942919,0.037485633160760326,0.027732204386894457
7840,5,5,0.4804960943258183,0.19648694364746647,0.13368883179670799,0.04360502166167559,0.09443232166184577,0.4804960943258183,0.051290786906485884
7842,2,2,0.6405257683858515,0.06498533427917408,0.6405257683858515,0.028875240468328338,0.01900362240717472,0.1597265634034776,0.08688347105599385
7843,3,3,0.9506111802960626,0.004403190706677354,0.01218810093014671,0.9506111802960626,0.0038196419621908365,0.02297298985240157,0.0060048962525209165
7844,4,4,0.9477761754098848,0.007645061407593973,0.0147426967909906,0.004510462080608926,0.9477761754098848,0.017700938651418547,0.007624665659503097
7846,5,5,0.663062328456817,0.05476605910335373,0.11992505468736972,0.04532114771531021,0.03075364155832327,0.663062328456817,0.08617176847882613
7847,3,3,0.9081750360039482,0.012139682460338112,0.013892557643783165,0.9081750360039482,0.004896314634420269,0.05568167394070726,0.0052147353168029
7848,1,1,0.8346802562018707,0.8346802562018707,0.03750860481538231,0.01647652416144598,0.008100645288434662,0.038403373134765335,0.06483059639810096
7850,3,3,0.9443502605178715,0.006472698172203726,0.01487691561253729,0.9443502605178715,0.006574889959179797,0.016454815455806796,0.011270420282400885
7851,1,1,0.845603401226015,0.845603401226015,0.047888690117131864,0.016648088048841932,0.011487029151393883,0.044814754828230476,0.033558036628386974
7852,3,3,0.9373845127783912,0.01656406524072609,0.014628411797277205,0.9373845127783912,0.005489353243855447,0.015729722405655122,0.010203934534094962
7853,5,5,0.551532378251521,0.06889952933137154,0.1793091886738638,0.05210481091341789,0.02139014473081652,0.551532378251521,0.12676394809900923
7855,1,1,0.7925357456123546,0.7925357456123546,0.06416474881196411,0.01598769266935252,0.01001865340039825,0.07443275481743145,0.04286040468849913
7857,6,6,0.7452048971755344,0.05471589152927943,0.09173672283153915,0.022507778703715377,0.011143006695167016,0.07469170306476466,0.7452048971755344
7859,1,1,0.8243050925815746,0.8243050925815746,0.05730451690524967,0.014338441492873291,0.009804492103882737,0.041675324632997765,0.05257213228342204
7860,6,6,0.5692163150024208,0.12089666068190114,0.055970726147963785,0.03819055595938332,0.0230252009486834,0.19270054125964758,0.5692163150024208
7862,4,4,0.9553287452891934,0.008436209521749203,0.010892256290226391,0.005868421491546891,0.9553287452891934,0.011199523939365153,0.008274843467918987
7863,1,1,0.8012061097670878,0.8012061097670878,0.04853631471109422,0.016869386785364756,0.010072033413126956,0.05555353445302954,0.06776262087029682
7864,5,5,0.6414778697801877,0.06784937560420289,0.13177491585702472,0.05618958856410909,0.027594605135677387,0.6414778697801877,0.07511364505879815
7866,6,6,0.5490424714796815,0.1340472447520785,0.12265460844629603,0.030112809226141585,0.021584354431461384,0.14255851166434097,0.5490424714796815
7867,4,4,0.9210332256535926,0.016299177569680672,0.021621879228801582,0.0059632253115874875,0.9210332256535926,0.01956845916868181,0.01551403306765581
7868,5,5,0.48464514113555707,0.03948707949652389,0.1303388039624317,0.03456534519524043,0.017801425091311645,0.48464514113555707,0.2931622051189353
7869,2,2,0.8037770955415645,0.04234344254156121,0.8037770955415645,0.01849921649175524,0.010550082301418344,0.07367664359476095,0.05115351952893988
7871,4,4,0.7561361799361701,0.046651686257764356,0.06275187701783928,0.018301809488809415,0.7561361799361701,0.06946085737146726,0.046697589927949625
7872,3,3,0.93469311084667,0.01049014047123112,0.01402372054299889,0.93469311084667,0.004304954035091595,0.012730042403252538,0.023758031700755758
7874,2,2,0.603809969283569,0.12785442895624613,0.603809969283569,0.026847718281143844,0.013016122278354395,0.12546222682311375,0.103009534377573
7875,5,5,0.746123095207298,0.03707022712787564,0.12861373510214333,0.019192141835431456,0.013426534526695426,0.746123095207298,0.05557426620055613
7876,1,1,0.670158933255609,0.670158933255609,0.08358861236974278,0.03158082113009798,0.01440984550347623,0.08727390973464022,0.11298787800643376
7878,3,3,0.9372572553221713,0.006086574576389315,0.012707344003449809,0.9372572553221713,0.003920504403557353,0.0330731490273605,0.006955172667071708
7879,5,5,0.8578687872395938,0.03558383318041417,0.05752356827253801,0.015018430729513836,0.009323782255841712,0.8578687872395938,0.02468159832209847
7881,3,3,0.9350815679586473,0.008474353008663383,0.01707117591508065,0.9350815679586473,0.004323427573778841,0.01835429920787709,0.016695176335952737
7882,2,2,0.6435325626800934,0.0681291197950185,0.6435325626800934,0.02853179090561119,0.02050046833911658,0.1188213122023108,0.12048474607784952
7883,1,1,0.6766002283339246,0.6766002283339246,0.10438732193904415,0.02881123951258199,0.016183306248466343,0.08612815226468873,0.08788975170129414
7885,1,1,0.8667221609874262,0.8667221609874262,0.020720079610422465,0.012394214139238517,0.004180175050906515,0.02064044236859679,0.07534292784340976
7886,4,4,0.8908183251880917,0.017469817230047285,0.02798015089825738,0.007572942708481555,0.8908183251880917,0.030126264934268177,0.026032499040853876
7887,5,5,0.5998407588082683,0.05284872215318598,0.15038055986468007,0.04010770311467092,0.023626036358294678,0.5998407588082683,0.13319621970090012
7888,1,1,0.6893775290685454,0.6893775290685454,0.09586312612655969,0.028557358311716928,0.026677320261690438,0.0915091343042452,0.06801553192724234
7889,2,2,0.5972506420622458,0.04687204486770053,0.5972506420622458,0.037501985952133256,0.019680870097818767,0.14780568271723024,0.15088877430287168
7890,5,5,0.7105411353431513,0.04646324274898825,0.11318147132407773,0.0412418604466121,0.017240431185324163,0.7105411353431513,0.07133185895184643
7891,5,5,0.5195420748822777,0.04846886198403477,0.19272975966639463,0.035123791871629964,0.01954622309728616,0.5195420748822777,0.18458928849837675
7892,6,6,0.9743507923666823,0.005005923953268411,0.0070188866837293095,0.006000410306315818,0.001963018605870853,0.005660968084133303,0.9743507923666823
7893,4,4,0.9537012857355944,0.012771430348394485,0.00913990790592795,0.005138250589398304,0.9537012857355944,0.01234008483424018,0.006909040586444644
7894,5,5,0.6739514062567188,0.08499814802320628,0.09707590445241066,0.021558018689564053,0.01334756825683813,0.6739514062567188,0.10906895432126218
7895,4,4,0.9790089209224081,0.0028950798545118923,0.0047553097260855295,0.0030012208515135673,0.9790089209224081,0.005723346991587688,0.004616121653893253
7898,2,2,0.9927529103991206,0.0030444240177621602,0.9927529103991206,0.0013846147817749804,0.000622834831538707,0.0005468537999236681,0.00164836216987986
7900,5,5,0.7225547523652582,0.03184124811731966,0.13364181306161055,0.02644411611878016,0.01809424900416329,0.7225547523652582,0.0674238213328681
7901,1,1,0.9356985677480538,0.9356985677480538,0.012704391639312392,0.005817823487285665,0.021988173776862175,0.0146318949551437,0.009159148393342286
7902,4,4,0.8979051938863278,0.016706413143567397,0.022175197975406707,0.008826289738774615,0.8979051938863278,0.02595401611064725,0.02843288914527617
7904,2,2,0.6601980812634836,0.0678106082428126,0.6601980812634836,0.027557363104702966,0.01156339891599865,0.15876248152440475,0.07410806694859749
7905,2,2,0.4397413365878859,0.11350214871672629,0.4397413365878859,0.0994295465553154,0.05758816315242357,0.15236445505872315,0.13737434992892564
7906,4,4,0.9260922372773083,0.012766570041267104,0.01514771791385437,0.006340078125813605,0.9260922372773083,0.018261518632484038,0.021391878009272662
7907,5,5,0.701186236141603,0.05086618790585651,0.12900200816146806,0.037987303219725,0.026272687704278343,0.701186236141603,0.05468557686706911
7908,5,5,0.7891982280618115,0.025981258487246594,0.07291001818279955,0.029673659600613796,0.025407055405407438,0.7891982280618115,0.056829780262121155
7909,1,1,0.870424510508227,0.870424510508227,0.03969553583380535,0.01498773415583013,0.009100941482486089,0.03848620154639023,0.02730507647326123
7910,3,3,0.9472197417610537,0.007224111059237138,0.01617957296057517,0.9472197417610537,0.005611710223943321,0.012881425826045744,0.01088343816914489
7911,1,1,0.8597772374123046,0.8597772374123046,0.04851289039259505,0.015228073281980324,0.008022493986265079,0.04157557025243238,0.026883734674422517
7912,3,3,0.9231986416025066,0.009036052930941405,0.009071480736188258,0.9231986416025066,0.0035712351337543924,0.045178152104942415,0.00994443749166684
7913,2,2,0.8016078772267825,0.023344281525758803,0.8016078772267825,0.02264237805667655,0.02152147839174322,0.07339423520500034,0.05748974959403854
7917,2,2,0.7060510025510954,0.02547988057206982,0.7060510025510954,0.02131385018434328,0.011923864785360023,0.06802013271743322,0.16721126918969823
7918,5,5,0.9199868838745656,0.016935468539699385,0.02171956458888341,0.006257800879663574,0.0056323710306922705,0.9199868838745656,0.029467911086495723
7920,4,4,0.959019833921328,0.011416201665848835,0.007458319014273785,0.0028425320113715956,0.959019833921328,0.01092539418607447,0.008337719201103306
7921,4,4,0.9643338334383985,0.0049855199847876515,0.008316106751399314,0.004155256712442191,0.9643338334383985,0.010333716106959538,0.007875567006012793
7922,5,5,0.6408575048039092,0.04201146777341711,0.14254060590364845,0.0352947745876298,0.012920898856688524,0.6408575048039092,0.12637474807470686
7923,4,4,0.9104035276472839,0.014411625431535279,0.021638401961590545,0.0081435440093108,0.9104035276472839,0.03031224877655804,0.015090652173721436
7924,1,1,0.6985621642319016,0.6985621642319016,0.05470656512798467,0.026020332366891646,0.011793978308537956,0.06673296281653633,0.14218399714814792
7925,4,4,0.9758878767867988,0.008003654274539748,0.003907958593196521,0.0017909506963568484,0.9758878767867988,0.005386258612472386,0.005023301036635666
7926,5,5,0.9163376451341062,0.017317012961531545,0.030101304760835734,0.0076607168943987275,0.004639190192754639,0.9163376451341062,0.023944130056373282
7927,5,5,0.8193859230412714,0.017019149238462313,0.04568063019744245,0.0379467735336719,0.016727948099999695,0.8193859230412714,0.06323957588915217
7928,4,4,0.95155649747739,0.008470267270993542,0.009786085729126983,0.004669746794320869,0.95155649747739,0.013351196054160673,0.012166206674007963
7929,6,6,0.7661450727496641,0.04927074525757085,0.07074972273285932,0.02408565906037896,0.012329058729823749,0.07741974146970301,0.7661450727496641
7930,2,2,0.7030231620098875,0.06218332972056179,0.7030231620098875,0.02648592653048817,0.01931702313441355,0.1122988030224604,0.0766917555821887
7931,1,1,0.849857314365624,0.849857314365624,0.044083867262365684,0.018994358191644835,0.009052935113641572,0.03886077355901366,0.039150751507710364
7932,2,2,0.5117746119179637,0.06371647758092734,0.5117746119179637,0.045338047563837185,0.026358606803598944,0.22916793316466436,0.12364432296900853
7934,4,4,0.8772845947102991,0.017912104438906274,0.030018051040912524,0.009003723817377126,0.8772845947102991,0.040850950551163716,0.024930575441341214
7935,5,5,0.9285543851169797,0.01332026450032423,0.026930484828542697,0.005483866017425833,0.003388708003610316,0.9285543851169797,0.022322291533117135
7937,4,4,0.9689213600657203,0.0063995696127962945,0.005914919085060269,0.0030950514233612954,0.9689213600657203,0.006573271138939353,0.009095828674122494
7939,3,3,0.939354747750626,0.00889332444039079,0.015455869891263069,0.939354747750626,0.003321477036863553,0.0166667371475357,0.016307843733320924
7940,4,4,0.9371329570696634,0.011978373154494218,0.01724217939851383,0.0061847188474319,0.9371329570696634,0.016329350701498387,0.01113242082839835
7941,6,6,0.7548929914346076,0.04358124153660463,0.07592231048501935,0.021669053518280395,0.015533017083029484,0.08840138594245847,0.7548929914346076
7942,1,1,0.898583912240134,0.898583912240134,0.029120399130288036,0.008919281256211489,0.0063969587181856614,0.031849458517104086,0.025129990138076753
7943,6,6,0.7026059305608058,0.05226240277784916,0.11186687271182692,0.030995067799497483,0.017237537970429248,0.08503218817959134,0.7026059305608058
7944,1,1,0.8880902302257797,0.8880902302257797,0.02615800347014011,0.011341728010615195,0.022708874333441705,0.025237488830127004,0.0264636751298963
7946,4,4,0.6403773094872923,0.07709673642717518,0.07725978844289241,0.039998890375105206,0.6403773094872923,0.10415273259242236,0.06111454267511262
7947,2,2,0.7139129874442656,0.060597461763725886,0.7139129874442656,0.02428163269765127,0.014109076097625567,0.12513606985392783,0.0619627721428038
7948,6,6,0.8525488420845571,0.041103292285504966,0.04425437032748305,0.016349713817656472,0.0065246365286292215,0.039219144956169266,0.8525488420845571
7949,6,6,0.7309952830539419,0.07661311849174064,0.0913558156157941,0.027722383034653342,0.012714369625053464,0.06059903017881658,0.7309952830539419
7950,2,2,0.5950295796367969,0.05309731425116016,0.5950295796367969,0.03853787676873963,0.028199194595374844,0.17193298560762169,0.11320304914030672
7951,1,1,0.9683735180392041,0.9683735180392041,0.010319954571061886,0.005958398608072276,0.0031099297458956157,0.007509805328300269,0.004728393707465748
7954,5,5,0.6194513419171562,0.059999490011689964,0.10746871975207856,0.03197201972424454,0.017774065165304945,0.6194513419171562,0.16333436342952581
7956,2,2,0.4421524966430468,0.11474730966113748,0.4421524966430468,0.04011799527063543,0.025006957950623694,0.22794805330495505,0.1500271871696016
7957,2,2,0.6571027393368409,0.06455183086731307,0.6571027393368409,0.026501168605706973,0.014549468498438084,0.16210249513625777,0.07519229755544322
7958,3,3,0.9316060325090905,0.01029030135186359,0.021928524873885625,0.9316060325090905,0.007010599396534486,0.0145207791508828,0.01464376271774308
7959,3,3,0.925682512000215,0.00958623530523073,0.01978832930421133,0.925682512000215,0.004955599005527011,0.019859698778262033,0.02012762560655389
7960,5,5,0.7547997260549025,0.04278469051543462,0.09113641302695971,0.028708197597493015,0.01832607625192936,0.7547997260549025,0.0642448965532806
7961,2,2,0.465920970788319,0.0473572861252642,0.465920970788319,0.035335926369157104,0.0196838725346736,0.28914381746924034,0.14255812671334572
7962,5,5,0.7806614780925923,0.042774203465915976,0.0706786063461051,0.015825031865239272,0.01093958465464198,0.7806614780925923,0.07912109557550537
7965,5,5,0.8494673048693928,0.015122860811305974,0.056761894844254306,0.012110771379445925,0.008644816840461372,0.8494673048693928,0.05789235125513964
7966,4,4,0.9894271633396877,0.0024866132292749943,0.0022253738998847497,0.00108226989464693,0.9894271633396877,0.002520523454423189,0.0022580561820824277
7967,6,6,0.5740333346520199,0.07397737177422757,0.12778644204241646,0.0332171415103764,0.019594526099237845,0.1713911839217218,0.5740333346520199
7970,5,5,0.46937957562185095,0.0862795371373445,0.17865215859200798,0.04031987780299058,0.03804777307184769,0.46937957562185095,0.18732107777395834
7971,5,5,0.7646500838686663,0.05285268822243432,0.0652061850159332,0.026040441980503416,0.016954293464891607,0.7646500838686663,0.07429630744757124
7972,4,4,0.8330406636964451,0.0354036679129993,0.041734777593377424,0.019873737896145185,0.8330406636964451,0.04284935786704735,0.02709779503398562
7974,5,5,0.549977092380075,0.07159442312203801,0.08097298059841254,0.02479718756257872,0.017610394445712472,0.549977092380075,0.25504792189118336
7976,1,1,0.9122601575782118,0.9122601575782118,0.021191017819017766,0.00976004702618923,0.00670442113173079,0.020723608613336532,0.029360747831513927
7977,4,4,0.9121574702068688,0.013866359514650808,0.022309282857424926,0.007752018659506977,0.9121574702068688,0.028044499223679523,0.015870369537868946
7978,1,1,0.9168081893284443,0.9168081893284443,0.018802147426142567,0.009021976825508858,0.004921265333748478,0.021293685146593785,0.02915273593956197
7979,6,6,0.7139767881153262,0.03936240712357778,0.046045240968940304,0.019539943238409813,0.012094426695504671,0.16898119385824129,0.7139767881153262
7980,4,4,0.9195628987631136,0.01462533759997378,0.01804538430019918,0.006787361149212874,0.9195628987631136,0.019460493299332415,0.021518524888168203
7981,4,4,0.7980130091112642,0.036225063801251484,0.03826194645261569,0.019366016715093793,0.7980130091112642,0.07306772490698105,0.03506623901279379
7983,4,4,0.9334181353661247,0.012947949005050016,0.01487109160821062,0.006246341931720749,0.9334181353661247,0.018017485999093488,0.014498996089800447
7984,6,6,0.735708277194856,0.03745612507155439,0.09031567242945909,0.019639105686520227,0.01289586714479069,0.1039849524728196,0.735708277194856
7985,5,5,0.518502716242588,0.05065311688247292,0.18880534988712241,0.038480423578318525,0.02420614498855211,0.518502716242588,0.17935224842094602
7986,2,2,0.8254725803464144,0.03177433834219664,0.8254725803464144,0.010396761411841655,0.010123103692759622,0.07654664775507106,0.04568656845171672
7987,4,4,0.7234457479920992,0.08925137917782795,0.05265074517352791,0.016457112449761134,0.7234457479920992,0.06305136327782405,0.05514365192895977
7988,5,5,0.5712967677963541,0.11867927077888758,0.09559104896404544,0.04532952039008161,0.0976509235636223,0.5712967677963541,0.071452468507009
7989,6,6,0.7955664653585884,0.034896004176375436,0.050489394564909564,0.01871122900901673,0.018886640223440544,0.08145026666766922,0.7955664653585884
7992,6,6,0.7124505450925152,0.030563573954331655,0.11487930050838796,0.022392424435575403,0.014194798823664203,0.10551935718552556,0.7124505450925152
7993,1,1,0.7745894520713953,0.7745894520713953,0.05490915662587585,0.02101409363700762,0.013703602788490659,0.05156569887578682,0.08421799600144395
7994,3,3,0.9473521305868159,0.009364873823217877,0.009790658762473467,0.9473521305868159,0.0021567319976283895,0.02411845534804079,0.007217149481823631
7995,1,1,0.7477289126494067,0.7477289126494067,0.07597297371909599,0.020053214928254768,0.013326490723934629,0.08406279725642808,0.058855610722879925
7996,1,1,0.8823166110335957,0.8823166110335957,0.01465992501823099,0.011370354709278458,0.012715976050711585,0.02039389422671331,0.058543238961469936
7997,3,3,0.9425743520578702,0.007818265571182622,0.009186007178505628,0.9425743520578702,0.0040492110298846265,0.028372820103210673,0.007999344059346323
7998,1,1,0.7702749717354166,0.7702749717354166,0.056575967806041114,0.016626554833507355,0.007496343615092932,0.07111770327475474,0.0779084587351872
7999,1,1,0.6675075077906466,0.6675075077906466,0.08184985681718317,0.029774074498847926,0.014215494738874677,0.08860401665913246,0.1180490494953153
8000,1,1,0.9302746038872465,0.9302746038872465,0.017759663005683348,0.007859189711680842,0.004832423898015764,0.017487736136464004,0.02178638336090957
8001,3,3,0.9273507737900057,0.011941632260772035,0.012740805141728618,0.9273507737900057,0.003616774796686325,0.019069835199306863,0.02528017881150041
8002,2,2,0.9154877817162523,0.021248429043940704,0.9154877817162523,0.006482393171211415,0.004290918484021518,0.028908628231868686,0.02358184935270521
8003,5,5,0.6230644295816178,0.04928790756899125,0.1397533695333269,0.024614367823551517,0.017185095086889226,0.6230644295816178,0.14609483040562324
8004,5,5,0.5636684619595409,0.15013332259317097,0.1427318745582383,0.04512212273736947,0.013829929390995649,0.5636684619595409,0.08451428876068466
8005,1,1,0.8709337416480883,0.8709337416480883,0.026402509793244378,0.010375485259463824,0.019957430698066377,0.03336137872942732,0.03896945387170981
8008,5,5,0.7570850193234403,0.024995805261579115,0.11319369187943094,0.02906024775929497,0.018964597708299297,0.7570850193234403,0.05670063806795543
8010,6,6,0.843977386549182,0.020627964161484786,0.03052090370028313,0.011196416514200693,0.00670869885802821,0.08696863021682122,0.843977386549182
8012,3,3,0.9426192073985146,0.01684187245220483,0.011912268777510953,0.9426192073985146,0.002853558634141351,0.012078006119907643,0.013695086617720731
8013,4,4,0.8458786004635049,0.027046760642214698,0.03347290755409711,0.018571094783063697,0.8458786004635049,0.03895152063518179,0.03607911592193774
8015,2,2,0.9484775588629754,0.01285157247561932,0.9484775588629754,0.006601432740540683,0.003905254776133433,0.013144946418433846,0.015019234726297386
8018,3,3,0.9295935334466248,0.010920238986107809,0.019827100317224178,0.9295935334466248,0.0037983402157603647,0.014021710796082778,0.02183907623820016
8019,6,6,0.3713092222448654,0.15734248807264184,0.209798496571361,0.039626352081788836,0.02616148808268895,0.19576195294665408,0.3713092222448654
8020,4,4,0.9786625574935824,0.003506332394006101,0.00562983571552756,0.0018618258226281124,0.9786625574935824,0.005379685446699563,0.004959763127556355
8021,1,1,0.8261188201166022,0.8261188201166022,0.04007071322757546,0.01650742149251429,0.03169376965969629,0.043955444508062505,0.04165383099554928
8022,5,5,0.5699623543409791,0.09584075250297706,0.18053671930411958,0.030726992839540068,0.018543498266874625,0.5699623543409791,0.10438968274550951
8023,1,1,0.7942110657618676,0.7942110657618676,0.07197612058264793,0.031535913000364964,0.017530427205082164,0.052945854007042145,0.03180061944299507
8027,6,6,0.8577778592698944,0.023734167403400695,0.05244759767955058,0.0213222742312404,0.007738983547608781,0.03697911786830526,0.8577778592698944
8028,2,2,0.7015041640777421,0.06599089800574669,0.7015041640777421,0.031131060383260228,0.014417798938305946,0.0993956113911954,0.08756046720374983
8029,3,3,0.9259096018277158,0.013621971410943142,0.020554331603452006,0.9259096018277158,0.005768501779050984,0.014635308701049916,0.019510284677788238
8030,1,1,0.8612840015360336,0.8612840015360336,0.021361279146136145,0.011849018005138046,0.00911831252603731,0.027090621266463506,0.06929676752019143
8031,3,3,0.9467426874228978,0.006121071134281142,0.011938392832836077,0.9467426874228978,0.004645432773609797,0.022662144143262987,0.007890271693112218
8032,3,3,0.9252139943944774,0.005834764032312409,0.015400257742595952,0.9252139943944774,0.0036378322094550676,0.040456635854351705,0.009456515766807633
8033,2,2,0.5384462253364938,0.04617186123747687,0.5384462253364938,0.02473919053855633,0.01765697335965672,0.19256590862972292,0.18041984089809343
8034,1,1,0.6780227866105528,0.6780227866105528,0.09573537781031857,0.03131864880194429,0.02680098377439569,0.10126980315174954,0.06685239985103919
8035,2,2,0.7953840145856654,0.04808334375112761,0.7953840145856654,0.017096537336088673,0.013747718888967489,0.06170163729708399,0.06398674814106686
8036,2,2,0.49025752024471225,0.13860795512872234,0.49025752024471225,0.04067987989989151,0.023119488512194218,0.21639030333074863,0.09094485288373104
8037,5,5,0.4721253439754176,0.16278915957021153,0.14492519342703525,0.025851403487999604,0.022056273604398064,0.4721253439754176,0.17225262593493804
8038,2,2,0.5901385663486027,0.041235685163091645,0.5901385663486027,0.020387082743043017,0.213679611896574,0.07219975949716646,0.06235929435152215
8039,5,5,0.6989028430612709,0.05615403424930019,0.13713276933647214,0.020665757755972798,0.0141846043792908,0.6989028430612709,0.07295999121769316
8040,5,5,0.8716539964414474,0.02610009515195134,0.04867692346387071,0.015158850405891917,0.010797823183708448,0.8716539964414474,0.027612311353130255
8041,5,5,0.8410075984271231,0.029347883036190382,0.06966754109519671,0.018742557341697032,0.010354232047877387,0.8410075984271231,0.030880188051915423
8042,5,5,0.5414850965125928,0.1542343365840547,0.07709057769802753,0.05170524734596786,0.021905196383936665,0.5414850965125928,0.1535795454754204
8044,4,4,0.9186370333839665,0.01346219992593173,0.01709085954899308,0.007215596119759315,0.9186370333839665,0.032999849744233874,0.010594461277115533
8045,3,3,0.9411625241155803,0.008245165419791704,0.01738906064198566,0.9411625241155803,0.0055656675374704785,0.017259524349034515,0.010378057936137301
8048,2,2,0.7656330562141613,0.04513957182964223,0.7656330562141613,0.021087937514933385,0.012804985937584109,0.07379261279680512,0.08154183570687387
8049,1,1,0.8536090223319849,0.8536090223319849,0.04245705126079972,0.011745061340647938,0.010050206861646082,0.03783068356922654,0.04430797463569501
8050,1,1,0.7269699445155416,0.7269699445155416,0.05932512110153298,0.028240361371722512,0.022528265426319652,0.08106404213825598,0.08187226544662718
8051,4,4,0.8767930605618921,0.01841925948568694,0.030327910150909538,0.008096668958207237,0.8767930605618921,0.037631434850824,0.028731665992480282
8052,4,4,0.9316533936855517,0.010002020848306368,0.01605150548846039,0.005210141145150437,0.9316533936855517,0.020658878487588243,0.01642406034494287
8054,5,5,0.6630985996830014,0.04812742912295054,0.14129883723594344,0.020136279536132506,0.012935227674075666,0.6630985996830014,0.11440362674789638
8055,2,2,0.569094043423098,0.06969776666287845,0.569094043423098,0.05155328395420385,0.022522095954401466,0.1820229573931976,0.10510985261222071
8057,4,4,0.9699175200741104,0.005096787271160004,0.006643413828026359,0.003502098599136911,0.9699175200741104,0.008347734438442366,0.006492445789123976
8058,2,2,0.40390376154810836,0.08922179672368923,0.40390376154810836,0.07116420558384311,0.02109034543428104,0.1796359577799057,0.2349839329301726
8059,3,3,0.9458131633823879,0.006628805516276031,0.011102631950651202,0.9458131633823879,0.002666348585862954,0.022007950798613476,0.011781099766208574
8060,5,5,0.6932536900135408,0.059158690365208266,0.030035875435174962,0.020903808971560287,0.01085081492978043,0.6932536900135408,0.18579712028473533
8064,1,1,0.866207882600179,0.866207882600179,0.05046275340057154,0.01316185269038823,0.008144735600065152,0.03640002886682798,0.025622746841967907
8065,1,1,0.8631138885076235,0.8631138885076235,0.035122887852283735,0.016160558847497425,0.008368226094002836,0.03598210994409142,0.041252328754501
8066,1,1,0.8326791189510034,0.8326791189510034,0.030342727889397642,0.01294930075525615,0.00908502352767988,0.03732117682924431,0.07762265204741861
8067,2,2,0.7629329711477663,0.038421339137869284,0.7629329711477663,0.012466572794138457,0.010562514954169187,0.12147229861925408,0.05414430334680286
8068,5,5,0.5077651562082014,0.08072742506316621,0.21655636001175135,0.05950109629192349,0.028587058865839638,0.5077651562082014,0.10686290355911801
8069,2,2,0.9219075507369815,0.014735666492188878,0.9219075507369815,0.009651310736020833,0.005792333769209135,0.02206162126505335,0.025851517000546307
8070,6,6,0.7138175013614128,0.040995958032636476,0.10963020826894855,0.03525328325346047,0.014897918624276711,0.08540513045926508,0.7138175013614128
8073,6,6,0.6688997272742977,0.07173227868730853,0.07600624070481812,0.02719751511944765,0.013531286520822638,0.1426329516933054,0.6688997272742977
8074,5,5,0.6094187604479441,0.0279642444402832,0.05441711619935092,0.018517881162583374,0.013561440027283567,0.6094187604479441,0.27612055772255495
8075,2,2,0.8328001097794863,0.03079366282476977,0.8328001097794863,0.010742319899684381,0.007796620496411537,0.045807812730001396,0.07205947426964647
8077,6,6,0.6999689466886941,0.0528173609969967,0.09869136315729327,0.028145789537431624,0.026853472521737705,0.09352306709784651,0.6999689466886941
8078,3,3,0.925689967043247,0.008471421491809007,0.009904349795918978,0.925689967043247,0.003167319201665937,0.035373601297128965,0.01739334117023022
8079,4,4,0.9624657387065929,0.006699528169373147,0.009020040868888617,0.0035787600665266534,0.9624657387065929,0.01125919223258417,0.006976739956034414
8080,1,1,0.9008682630280652,0.9008682630280652,0.016657228462367266,0.013009716981594853,0.006157649260958999,0.02108069324422277,0.04222644902279091
8081,2,2,0.8398405405933782,0.034881570678490084,0.8398405405933782,0.012365915839484909,0.008950780439176203,0.07168055396001252,0.032280638489458266
8082,2,2,0.6824255150905494,0.07445865222477621,0.6824255150905494,0.034684049344471314,0.015575658857994043,0.1279285495430141,0.06492757493919503
8084,3,3,0.9346764800822045,0.010272837579609902,0.019751749409725593,0.9346764800822045,0.005294575814231705,0.014672921875621334,0.015331435238607055
8086,4,4,0.8429063809149747,0.02748864570625579,0.039821335970269274,0.012524975148005253,0.8429063809149747,0.05035148663936511,0.02690717562112993
8087,4,4,0.9821804202470289,0.004410398736372747,0.002836955661060774,0.0016853061357456544,0.9821804202470289,0.004421658144348888,0.004465261075443058
8089,2,2,0.7837872100541061,0.07611337254457726,0.7837872100541061,0.015686096616746397,0.010244839102444354,0.07072332221194892,0.043445159470177026
8091,4,4,0.9432335764467756,0.004474766193651381,0.014737777021296394,0.005228462304863848,0.9432335764467756,0.018294228579654962,0.014031189453757777
8092,1,1,0.7465840748424631,0.7465840748424631,0.06127789301896115,0.019801659781659924,0.019445087807035518,0.06539610396081216,0.0874951805890681
8093,4,4,0.9831718044146879,0.0036922359035925965,0.003604535583229539,0.0015797266313025786,0.9831718044146879,0.0046637071197650785,0.0032879903474223138
8094,6,6,0.9465879968106113,0.009547560648332851,0.014199852555814957,0.007318706510791577,0.004573010214899738,0.017772873259549505,0.9465879968106113
8095,1,1,0.6227962832614964,0.6227962832614964,0.11974367395480996,0.043142026236104844,0.024000974831412232,0.12453330619729404,0.06578373551888249
8096,6,6,0.73571581882485,0.02501949290229863,0.17174167997492096,0.016565800493616115,0.0072834434733482275,0.04367376433096611,0.73571581882485
8097,5,5,0.6125905239340529,0.09153174894994635,0.12628348546122017,0.026120718298340062,0.017445647188238878,0.6125905239340529,0.12602787616820177
8098,3,3,0.9498837221308291,0.010156885722456271,0.011139581686071676,0.9498837221308291,0.002287028734631353,0.017995720953167357,0.008537060772844243
8100,4,4,0.9819817531965104,0.0027003450623489396,0.0047050325459190865,0.00185568705821245,0.9819817531965104,0.00564367783840737,0.0031135042986018035
8103,4,4,0.9211037293192972,0.01602507185432619,0.015387309283915603,0.007757376266678989,0.9211037293192972,0.01948771094031187,0.02023880233547017
8104,3,3,0.9211329315516716,0.00839404001730528,0.016547004002371885,0.9211329315516716,0.006456556152426335,0.03657624398907,0.010893224287154862
8106,1,1,0.5931944697488156,0.5931944697488156,0.11737580597527002,0.03244939001977237,0.08218625022835815,0.1146888784312971,0.06010520559648682
8107,2,2,0.5243192638483455,0.061608578581880846,0.5243192638483455,0.0394558544859315,0.04245951015303655,0.2054194910728772,0.12673730185792847
8108,1,1,0.8080643083578348,0.8080643083578348,0.04051013953014185,0.021107345485349812,0.028614742082546094,0.059095304388002826,0.04260816015612472
8109,5,5,0.9079616949607833,0.014464687272428617,0.026934881980178474,0.01701985993896506,0.008636342454755405,0.9079616949607833,0.024982533392889084
8110,1,1,0.6395432105068899,0.6395432105068899,0.10679642897414321,0.025084759908456735,0.02192024319816062,0.10987062874491071,0.0967847286674388
8111,3,3,0.9215790538682613,0.006131160655766006,0.011479026264630376,0.9215790538682613,0.004969098313683243,0.04835845998838142,0.007483200909277679
8118,5,5,0.5446128288474438,0.12883028909628677,0.10866884333600613,0.04015310650975579,0.02469055231247156,0.5446128288474438,0.15304437989803601
8120,6,6,0.7720242181750079,0.06797285825126696,0.056028547158033716,0.020205192480039543,0.009347930219914745,0.07442125371573714,0.7720242181750079
8121,5,5,0.780872433265977,0.02685080555665948,0.09566461483236242,0.016332264454240825,0.028216949721661253,0.780872433265977,0.05206293216909912
8125,4,4,0.9807848387022976,0.004985696991918183,0.0037306602607097275,0.0017522915566063294,0.9807848387022976,0.004618088156108547,0.004128424332359583
8126,6,6,0.8650671953881333,0.027515026075967175,0.03545851105142971,0.011092902373923415,0.006053804067571471,0.054812561042974904,0.8650671953881333
8127,2,2,0.5570049524444469,0.061828535901499095,0.5570049524444469,0.04123697766670549,0.024182682927741346,0.20546341228996648,0.11028343876964068
8128,2,2,0.6043787435606476,0.09014233762469469,0.6043787435606476,0.0279146679191761,0.022948769025492536,0.16668624462120332,0.08792923724878578
8129,6,6,0.7547400813312015,0.05293621303245493,0.07824239094324711,0.026416427646345275,0.010771557235469915,0.07689332981128132,0.7547400813312015
8132,1,1,0.8604340401016044,0.8604340401016044,0.03597834454654889,0.01205654743566871,0.01034682873496917,0.034923316515162665,0.04626092266604617
8133,2,2,0.8187036088190087,0.029523275912220058,0.8187036088190087,0.015632270117368587,0.013393261933051006,0.052124388738591605,0.07062319447976012
8134,6,6,0.5000800347011868,0.07794665450095498,0.31114602443709566,0.029869724192835963,0.014174871689102813,0.06678269047882388,0.5000800347011868
8135,5,5,0.6357129796650342,0.043655064265366084,0.20442120561170724,0.031331293960633326,0.015607888742332468,0.6357129796650342,0.06927156775492677
8136,4,4,0.9186100359780511,0.012687625832837748,0.018818291604410987,0.007953990086129552,0.9186100359780511,0.021172439271375992,0.020757617227194654
8137,3,3,0.9339129039866733,0.009113130642471996,0.019119158837425737,0.9339129039866733,0.004534788683590395,0.013964804644164422,0.019355213205674227
8138,2,2,0.6363948705195479,0.06711490470396361,0.6363948705195479,0.020394982546972428,0.022910635163322132,0.1611271683014881,0.09205743876470569
8139,2,2,0.5474223761872877,0.03280454018868599,0.5474223761872877,0.033333811012306556,0.01453749906782644,0.33288923650284646,0.03901253704104687
8140,2,2,0.8785333601349896,0.01567704188684328,0.8785333601349896,0.018040996489535773,0.005894367158117364,0.02153257273942603,0.06032166159108777
8141,1,1,0.6231065946088588,0.6231065946088588,0.0982454412523162,0.04525042069846793,0.020987039218029715,0.1054385380539428,0.10697196616838471
8143,4,4,0.9456698075267811,0.011517477106736233,0.012638805034210786,0.005001267480799915,0.9456698075267811,0.016852454641562535,0.008320188209909568
8144,1,1,0.8547743120120666,0.8547743120120666,0.031183724915657858,0.013744189526713347,0.01629065227223208,0.05295605312145669,0.03105106815187362
8145,4,4,0.9579698274442586,0.009773301256196036,0.008399811955964925,0.0038819549151765417,0.9579698274442586,0.012189526700292632,0.0077855777281113075
8147,3,3,0.9299397967148773,0.005463432167803188,0.014547833519697115,0.9299397967148773,0.004675590968350459,0.039733325718277465,0.005640020910994526
8149,6,6,0.7101698332070862,0.08075671402529914,0.09903873762674184,0.01871651673336934,0.011950787242900683,0.07936741116460287,0.7101698332070862
8150,1,1,0.8437244841933084,0.8437244841933084,0.047637408402470625,0.018121992057604973,0.014226941663295212,0.05352210466300359,0.02276706902031727
8152,1,1,0.8811168114787201,0.8811168114787201,0.030997449804464144,0.012979363859749075,0.013108564484568836,0.02819099956867095,0.03360681080382682
8153,6,6,0.9219812465137239,0.017834822696709402,0.016216627420610193,0.00826995430235325,0.0065133826174808476,0.029183966449122335,0.9219812465137239
8154,4,4,0.8564227220554196,0.019741750527838938,0.037177268346696705,0.01293984300331884,0.8564227220554196,0.0361766705865758,0.03754174548015009
8155,3,3,0.9471957508015103,0.006028812403838849,0.011696303535371742,0.9471957508015103,0.004605875948950127,0.02248254373067818,0.007990713579650824
8157,2,2,0.715401453130671,0.0549043416002909,0.715401453130671,0.022283594315411413,0.018226758339597533,0.08084060051439419,0.10834325209963491
8158,3,3,0.9422622540143264,0.006683355610471326,0.01630274172144243,0.9422622540143264,0.008475741359433814,0.014111596565736373,0.012164310728589674
8159,6,6,0.7474898165300546,0.039289868565829104,0.06997016246111895,0.023032232694701078,0.030370646139321916,0.08984727360897428,0.7474898165300546
8162,1,1,0.8204286785018611,0.8204286785018611,0.05302818069345412,0.02192494417543846,0.009398853109559421,0.04282070177639775,0.05239864174328916
8163,3,3,0.9360557235624002,0.008712335756289125,0.016294787008849915,0.9360557235624002,0.006205267542784282,0.020515153228156505,0.012216732901519993
8164,6,6,0.6862836282912461,0.041559699482867585,0.09992436300486451,0.025831665161836485,0.02978685894806424,0.11661378511112098,0.6862836282912461
8165,3,3,0.9490146585114113,0.008474770712888872,0.006147213436106603,0.9490146585114113,0.0030604350673881704,0.02412065120916063,0.009182271063044358
8166,5,5,0.7601959387655493,0.04768871462065746,0.07683656293359233,0.01700098088985862,0.018386223360636045,0.7601959387655493,0.07989157942970636
8167,1,1,0.9151953589905678,0.9151953589905678,0.025453678081300904,0.00910254378200032,0.006369046231952882,0.024628859221376833,0.01925051369280123
8168,5,5,0.5604095159843471,0.031188309019958404,0.12178141676110368,0.033256260990144414,0.01918175432772282,0.5604095159843471,0.23418274291672364
8169,2,2,0.4007696954098743,0.04948674493202361,0.4007696954098743,0.033047828401150614,0.018830397824363968,0.39371166450871076,0.10415366892387683
8171,4,4,0.9798209011571264,0.004165929522200739,0.0038678037995018887,0.00223926755253014,0.9798209011571264,0.00464028495959968,0.005265813009041273
8172,5,5,0.7011082296341808,0.05785344844681256,0.1105907754795757,0.02235367968470524,0.015651024077138472,0.7011082296341808,0.09244284267758716
8173,6,6,0.6848098671979851,0.13835223742186387,0.07672038450857716,0.018440744399257743,0.012869851722723008,0.06880691474959322,0.6848098671979851
8174,1,1,0.8563436778419781,0.8563436778419781,0.02366363075668212,0.01440884042045134,0.006803820168114323,0.03424452305824487,0.06453550775452936
8175,5,5,0.6973462505535696,0.05175243960496194,0.12004945551421693,0.027421862357712736,0.029264336431236205,0.6973462505535696,0.07416565553830257
8176,4,4,0.8276015290635315,0.028804748077389482,0.04724380584656929,0.016147701449238328,0.8276015290635315,0.0528095379728487,0.027392677590422798
8177,1,1,0.682505152628829,0.682505152628829,0.08609681117248036,0.03395258878750015,0.01632466070166375,0.0834393467538606,0.09768143995566614
8178,5,5,0.5772768003749096,0.05954808240326261,0.20042243783977326,0.03754464559483818,0.020326762675539248,0.5772768003749096,0.1048812711116771
8179,2,2,0.6750707244902409,0.06622705763798847,0.6750707244902409,0.04164086436521891,0.02330425123099231,0.11452599690056853,0.0792311053749909
8180,1,1,0.725237943082979,0.725237943082979,0.055649796437946396,0.023032421424326023,0.011583292631010196,0.10864008968299899,0.07585645674073947
8184,2,2,0.7566631936043958,0.05094793009054405,0.7566631936043958,0.015726427706189882,0.008615836429757816,0.11318566540128717,0.0548609467678251
8188,3,3,0.9351564043365953,0.009542243061124538,0.018669233227567486,0.9351564043365953,0.006599425828287044,0.015486683373249209,0.01454601017317635
8189,3,3,0.9426192073985146,0.01684187245220483,0.011912268777510953,0.9426192073985146,0.002853558634141351,0.012078006119907643,0.013695086617720731
8190,4,4,0.9815566913864138,0.00378944312099575,0.0045359337712160795,0.0014659298756731032,0.9815566913864138,0.004235854332487972,0.004416147513213337
8192,5,5,0.7206417866011118,0.04650910654758658,0.1147329989280865,0.016444492580439524,0.038668075771549106,0.7206417866011118,0.06300353957122656
8194,5,5,0.5597975756037473,0.05283143447398298,0.2405102380244978,0.02992523746199866,0.019523557474968804,0.5597975756037473,0.09741195696080451
8195,3,3,0.9277960746532551,0.016037308877544114,0.012990654716525971,0.9277960746532551,0.005541231619622033,0.028964906918575836,0.008669823214476747
8196,2,2,0.7283104451404683,0.04040272960721827,0.7283104451404683,0.04237590015703959,0.022192225334855698,0.06275459559148722,0.103964104168931
8198,6,6,0.49271539259963165,0.028102400182776262,0.3685562231340399,0.020114016704853025,0.014290962879277305,0.07622100449942194,0.49271539259963165
8199,1,1,0.8898444559322874,0.8898444559322874,0.035101087335155774,0.008648423999859222,0.00517383520829347,0.02541894263621727,0.03581325488818674
8202,6,6,0.5957486393817544,0.151995848602116,0.09991025194637487,0.02783725774287716,0.016790993846337376,0.10771700848054015,0.5957486393817544
8204,1,1,0.912037885222426,0.912037885222426,0.02312693772539914,0.008327353637008903,0.005197665981511099,0.027530306085497884,0.023779851348157074
8205,6,6,0.7973933047813819,0.02935322186798792,0.042980978841555974,0.02097618602593216,0.01547578450996055,0.09382052397318151,0.7973933047813819
8206,6,6,0.7781766153635393,0.05388900352908551,0.06650338435668511,0.020923706788182863,0.013066504448560142,0.06744078551394705,0.7781766153635393
8207,3,3,0.9287458995959951,0.011013698030767611,0.021228670125981314,0.9287458995959951,0.006099620918186314,0.014695588360963907,0.018216522968105872
8208,6,6,0.6355670063004429,0.07465502294978128,0.08751560248626979,0.032621567400089285,0.017410802334345665,0.15222999852907115,0.6355670063004429
8209,5,5,0.6828203327528267,0.08991505221217602,0.08713196316904885,0.03557047570135262,0.01697148632395143,0.6828203327528267,0.08759068984064428
8211,4,4,0.9727548456416382,0.004418297957535395,0.006466004320469979,0.0019578907617846847,0.9727548456416382,0.006391725646224217,0.0080112356723475
8212,4,4,0.8850760079759061,0.01575680228407029,0.03308037515398178,0.010773055901001917,0.8850760079759061,0.0384508143011695,0.01686294438387035
8213,3,3,0.9260717064622467,0.010835137334155021,0.020239211784518266,0.9260717064622467,0.004895928324668757,0.016929398295687417,0.02102861779872393
8215,4,4,0.9766301233346355,0.004391320096158288,0.003651649948813788,0.0025222314961113506,0.9766301233346355,0.004591069985767417,0.008213605138513705
8216,4,4,0.9639126232072868,0.006375624850174888,0.00885770472542006,0.0033366208864232137,0.9639126232072868,0.01157985521102908,0.005937571119665984
8217,2,2,0.8726660435351985,0.030475965494038762,0.8726660435351985,0.012903760831391189,0.0068152564880390445,0.04320797070031547,0.03393100295101706
8218,5,5,0.42678042762810864,0.13026921587370838,0.2418681737470794,0.03949092959632011,0.027019056824289046,0.42678042762810864,0.13457219633049444
8222,2,2,0.8131075604446218,0.03901841996848042,0.8131075604446218,0.017783258879912157,0.008886466661008058,0.06460139051459084,0.05660290353138678
8223,2,2,0.47594780845759393,0.02996014767180778,0.47594780845759393,0.03944403511686149,0.027414038907766218,0.15861019947692107,0.2686237703690496
8224,4,4,0.9202892477336754,0.025618810705896788,0.014355431632126547,0.006822412330772462,0.9202892477336754,0.01833437833114572,0.01457971926638317
8225,6,6,0.6715064164268734,0.07751949552942361,0.09801191249599507,0.017259837782630245,0.012589422185283508,0.12311291557979422,0.6715064164268734
8227,1,1,0.9175715247418245,0.9175715247418245,0.02332974047605502,0.013305729812618157,0.009438350049164315,0.01552749670973709,0.020827158210600976
8228,1,1,0.7983804301897276,0.7983804301897276,0.05750286472345652,0.020617574796790123,0.011517012658421599,0.05269138270825714,0.05929073492334694
8229,2,2,0.4701202050530838,0.08367160303400979,0.4701202050530838,0.044931547884255046,0.03304445097523835,0.246147457065306,0.12208473598810715
8230,3,3,0.9465090818377204,0.014175056917644969,0.01153987972007546,0.9465090818377204,0.0027873653147857786,0.012593515553384881,0.012395100656388599
8231,6,6,0.2686389357797949,0.23349926853653066,0.15272407620745182,0.03931287454171295,0.1356389136938502,0.1701859312406596,0.2686389357797949
8232,3,3,0.9400771085061835,0.0041071208045730155,0.011217731845518065,0.9400771085061835,0.0037940500738630365,0.03623321171226842,0.004570777057593947
8236,3,3,0.9292594264171655,0.010868199224323303,0.019670844013953463,0.9292594264171655,0.0037998164792120634,0.013970972854381921,0.022430741010963897
8237,4,4,0.8822079493063505,0.020446880196919287,0.02246928579643753,0.009324468675214814,0.8822079493063505,0.027984497939514064,0.03756691808556385
8238,4,4,0.9378901627574718,0.01210026830547961,0.013946781057339885,0.006735361402095929,0.9378901627574718,0.014687810103373795,0.014639616374238948
8239,4,4,0.943844845896621,0.012884714151437346,0.010522640194488994,0.007899345870949424,0.943844845896621,0.015269955581012035,0.009578498305491267
8240,2,2,0.7541352988340998,0.035200033248248865,0.7541352988340998,0.021248385370191438,0.015870084419266642,0.10763215749485439,0.06591404063333896
8241,5,5,0.543035473956677,0.03922123577918591,0.10689462846837028,0.037397003131718,0.024552625039857022,0.543035473956677,0.24889903362419197
8243,3,3,0.9313092248861439,0.01757152909336563,0.018359640728171124,0.9313092248861439,0.006726429494988777,0.013139239573145734,0.012893936224184836
8244,3,3,0.9357451003038425,0.007983514433858852,0.01955562557659421,0.9357451003038425,0.008017128381736486,0.014144141573643286,0.01455448973032463
8245,3,3,0.9250737569786355,0.0044797237151196784,0.011959748050536638,0.9250737569786355,0.004117154059729112,0.04873578990738669,0.005633827288592404
8246,1,1,0.5747551837977528,0.5747551837977528,0.13255144092402132,0.03149340182529817,0.04059389439550053,0.12026750056695674,0.10033857849047054
8247,4,4,0.9345031838910777,0.012489615667486601,0.012205775168765521,0.006000948585182558,0.9345031838910777,0.024668381124098963,0.010132095563388711
8248,2,2,0.8128161766500376,0.03688279100677434,0.8128161766500376,0.018468727660207324,0.01155928667033638,0.07572472999711327,0.044548288015531096
8250,2,2,0.624852691583817,0.1375184729491874,0.624852691583817,0.03896995473055887,0.01824498241781388,0.08452918270975646,0.09588471560886648
8251,3,3,0.9240126804833589,0.012575374922324334,0.01582868667300885,0.9240126804833589,0.0038842742796935496,0.012288164204121238,0.03141081943749317
8253,5,5,0.7129206272840178,0.027404813137892194,0.13286159395607094,0.0315376852011061,0.016983101013778406,0.7129206272840178,0.07829217940713462
8255,2,2,0.8798196174479599,0.05169478032751447,0.8798196174479599,0.006646012690551103,0.0030452549968072837,0.013129727383209135,0.04566460715395818
8256,4,4,0.9724716208725191,0.004106705273760337,0.006209691394710796,0.0018109073983958864,0.9724716208725191,0.008115726832321143,0.007285348228292729
8258,1,1,0.6281771261235795,0.6281771261235795,0.11692608092562365,0.0275954862515701,0.020316400472692633,0.1013544445311477,0.10563046169538642
8260,2,2,0.7245272393415715,0.029765372823088436,0.7245272393415715,0.02184992198111095,0.01155749318685677,0.13851477530212433,0.07378519736524816
8262,5,5,0.6740601764826231,0.07746767089347771,0.08141588059462684,0.028464531783321943,0.04314875928998411,0.6740601764826231,0.09544298095596626
8263,4,4,0.9150008551688007,0.007477789245655427,0.02054506321397297,0.007866872872322942,0.9150008551688007,0.022775841870338945,0.02633357762890906
8265,5,5,0.4890706761845735,0.20849800473390936,0.09595439407577536,0.04568923195220178,0.02043296746914615,0.4890706761845735,0.14035472558439388
8267,4,4,0.9653516406381323,0.006229547341027612,0.009069427105440973,0.004547018318356748,0.9653516406381323,0.009388902966650283,0.005413463630392035
8268,2,2,0.6497462673519019,0.026782289778879104,0.6497462673519019,0.027333748412853413,0.012850208993947187,0.10198651324879392,0.1813009722136245
8269,5,5,0.916616315666902,0.017947712978968095,0.030635762224773624,0.007855480053764359,0.005001468228872138,0.916616315666902,0.02194326084671973
8270,3,3,0.9498381490311258,0.010113137510447774,0.011055833103045042,0.9498381490311258,0.002288452692807333,0.01793887155559771,0.008765556106976427
8271,4,4,0.8738492780517038,0.03174598795563445,0.030951346617830933,0.009123523579780815,0.8738492780517038,0.034224614770894966,0.02010524902415506
8272,1,1,0.7075124715007658,0.7075124715007658,0.06303581197614842,0.021514519451635256,0.015966445252172615,0.1266169366290155,0.06535381519026254
8273,4,4,0.9469644234209522,0.007507122100165241,0.008943492398337242,0.006361272458019835,0.9469644234209522,0.01575117467389441,0.01447251494863109
8274,4,4,0.9381098598106088,0.012238317991032522,0.014809905982228283,0.004241536821932235,0.9381098598106088,0.01774769711969887,0.01285268227449935
8275,1,1,0.9144627486910398,0.9144627486910398,0.023188076272048122,0.012396071348838395,0.004372160889882534,0.020765321985718302,0.02481562081247286
8277,5,5,0.8882751569645521,0.01551936329589438,0.047721221526660716,0.01040818568398847,0.011113066168396128,0.8882751569645521,0.02696300636050834
8278,4,4,0.9811383204745235,0.006012596836502098,0.0036554384621436857,0.00135426577164153,0.9811383204745235,0.004338120989699052,0.0035012574654899667
8281,1,1,0.5924320954297643,0.5924320954297643,0.14866393773379133,0.031021769590745266,0.020209309572573435,0.12626698883716733,0.08140589883595842
8283,4,4,0.9709333179810042,0.009907107606743524,0.004626457096377311,0.001986491041101573,0.9709333179810042,0.008514823268775814,0.0040318030059975285
8285,5,5,0.7780146572379945,0.05745079872986781,0.08937576562232703,0.014145591250359467,0.009017372763710538,0.7780146572379945,0.05199581439574062
8286,1,1,0.7777749444927518,0.7777749444927518,0.05441964921193838,0.019725085760327922,0.028250918406760913,0.05811284145572893,0.0617165606724922
8287,5,5,0.9280512891022482,0.014027772635897048,0.03103438552847272,0.007039387769543958,0.005281474357649214,0.9280512891022482,0.014565690606188812
8290,5,5,0.7593388494034171,0.036466320150078016,0.10499123406709655,0.028223384655581784,0.012162383527256525,0.7593388494034171,0.05881782819656977
8291,3,3,0.6147427120262683,0.08249784724999587,0.09226437682391352,0.6147427120262683,0.02117039766774997,0.0924322498605415,0.0968924163715309
8292,6,6,0.43196138674424284,0.08848435962932846,0.1186871047846337,0.037696494658612974,0.13069850483840204,0.19247214934478005,0.43196138674424284
8294,5,5,0.6647148080690795,0.054628254222525936,0.1541069504083305,0.033798143567492125,0.021175857439638634,0.6647148080690795,0.0715759862929333
8295,3,3,0.926204206138476,0.007412072860849273,0.01197983280262035,0.926204206138476,0.0030739548783079635,0.03879062620300528,0.012539307116741245
8296,4,4,0.9631278086794003,0.008655309906642957,0.009139994121329915,0.0036466576640466724,0.9631278086794003,0.00959802182734679,0.005832207801233415
8299,3,3,0.9340632229719252,0.008628904732987263,0.017456618539892,0.9340632229719252,0.004451311616964983,0.017667744982032035,0.017732197156198462
8300,5,5,0.9246424461640756,0.010993223658373664,0.037887793750593986,0.007295071929822402,0.007882014272450878,0.9246424461640756,0.01129945022468352
8302,4,4,0.9306792939277727,0.009372078604165592,0.017442347282978145,0.004331902050961639,0.9306792939277727,0.018098196176728504,0.020076181957393444
8303,6,6,0.7797051503115556,0.04243002848004703,0.07664780174718779,0.02088261125439168,0.012439537629273243,0.06789487057754473,0.7797051503115556
8304,3,3,0.9289568763221844,0.011086515188715744,0.021483062767573433,0.9289568763221844,0.006099612205240498,0.014631244400587643,0.01774268911569825
8306,6,6,0.6588790362209954,0.13818082043609828,0.06922030043891332,0.043127248816049485,0.01618203341848373,0.07441056066945972,0.6588790362209954
8307,5,5,0.6407368251368493,0.05404870838187061,0.11702289501592847,0.03718197404693439,0.01852969398620223,0.6407368251368493,0.13247990343221508
8309,5,5,0.687986896471381,0.13786128815558882,0.08134364573484676,0.031980386932234955,0.011688046450112543,0.687986896471381,0.049139736255835884
8311,5,5,0.6638478371322635,0.04445896489806785,0.15505608069677707,0.05071764253026052,0.017424716352794963,0.6638478371322635,0.06849475838983604
8312,6,6,0.8364994242795224,0.01822375065729265,0.043336820855245456,0.012761012578919316,0.008799338126581806,0.08037965350243849,0.8364994242795224
8313,4,4,0.9236664050668495,0.023870763127808236,0.015225752769239492,0.005220096738856702,0.9236664050668495,0.01795956896079048,0.014057413336455554
8314,1,1,0.9228262699138604,0.9228262699138604,0.016362137272868272,0.00838449381040311,0.015728173613149703,0.02225449421491373,0.01444443117480481
8315,1,1,0.7868701955323609,0.7868701955323609,0.06042591562882308,0.02265380755640017,0.014367852124902845,0.06805971796604854,0.047622511191464545
8317,1,1,0.9627227567996489,0.9627227567996489,0.010093598294078725,0.0039823005475103125,0.002984365790893008,0.009781244835137615,0.010435733732731356
8318,3,3,0.9087917999402091,0.029694522137803415,0.022701954384713806,0.9087917999402091,0.008443463357221959,0.014906627887488845,0.015461632292562904
8320,3,3,0.9323070704326691,0.010922538355751006,0.008196408250187588,0.9323070704326691,0.00249197159734591,0.037269318070987864,0.008812693293058439
8321,3,3,0.9396002453247901,0.018407891773910806,0.013820155905934038,0.9396002453247901,0.0030421160770080636,0.008556383661172187,0.01657320725718469
8322,3,3,0.9234294054261344,0.007762196279614656,0.01532822010717952,0.9234294054261344,0.006376789281818165,0.036992661652828725,0.010110727252424486
8325,4,4,0.9627133731585072,0.007172049131792116,0.007997400197127127,0.003470197848072694,0.9627133731585072,0.0096030154171373,0.009043964247363508
8326,3,3,0.9412809620618577,0.013976819529933392,0.01164225489448568,0.9412809620618577,0.004265558855480208,0.01139765265285417,0.017436752005388804
8327,6,6,0.6373383024361746,0.1580988553571692,0.05912950314832585,0.026978227017918393,0.01152708107926509,0.1069280309611468,0.6373383024361746
8328,4,4,0.9233164866524757,0.009104210221715333,0.02082821471540248,0.006340554331951757,0.9233164866524757,0.021531094062877332,0.01887944001557742
8330,3,3,0.9418656454877179,0.005460495938277927,0.010968381575677253,0.9418656454877179,0.0044514870756389895,0.02985499041470683,0.0073989995079811206
8331,4,4,0.9571625096861335,0.008704201852946021,0.009198122361096633,0.0034674305067883514,0.9571625096861335,0.01409255244032041,0.007375183152715135
8332,3,3,0.9420899101746102,0.005754139265266082,0.015477229369390997,0.9420899101746102,0.00465182860176618,0.02449050063908549,0.007536391949881108
8333,3,3,0.9422408488858702,0.007321166750307907,0.01666138084684225,0.9422408488858702,0.007124265986251457,0.01583829625315404,0.010814041277574127
8334,6,6,0.906563640805152,0.04217431375030968,0.015724070375321923,0.009631364768056299,0.005359397302559411,0.020547212998600795,0.906563640805152
8335,5,5,0.8220699120027098,0.025053273550404685,0.07761115841089523,0.021472275678284292,0.00962811368168866,0.8220699120027098,0.04416526667601732
8337,4,4,0.9499437617494466,0.005861498777046246,0.009503276077380078,0.004988747755948607,0.9499437617494466,0.017326795796937088,0.012375919843241422
8338,3,3,0.9372279532290619,0.006920910987340588,0.01375383840285998,0.9372279532290619,0.005436483445668118,0.027644562533871826,0.009016251401197628
8341,2,2,0.48907943035556317,0.11490517284655953,0.48907943035556317,0.034471769525475336,0.016268275062753017,0.19143478165384373,0.1538405705558053
8343,1,1,0.7844296744669161,0.7844296744669161,0.07486680006855698,0.01803076562908145,0.009415320550339591,0.06277194360791992,0.05048549567718595
8344,2,2,0.8136218640773817,0.03526358813435625,0.8136218640773817,0.017148684032278233,0.018970958159323897,0.07566025729867243,0.03933464829798751
8346,3,3,0.9398764842054043,0.008986638802153174,0.019754881868018236,0.9398764842054043,0.005901232972743657,0.013224672244640601,0.012256089907039944
8347,4,4,0.8877860576053704,0.02877908590742236,0.027206265026355095,0.009410190566795115,0.8877860576053704,0.031745396207394944,0.015073004686662103
8349,2,2,0.814221449625116,0.016106806713076287,0.814221449625116,0.010126750856931266,0.015978028815434604,0.08511818908913066,0.05844877490031122
8351,3,3,0.925682512000215,0.00958623530523073,0.01978832930421133,0.925682512000215,0.004955599005527011,0.019859698778262033,0.02012762560655389
8354,4,4,0.9526960656331998,0.008581072825990339,0.008969195454652742,0.005399166618082718,0.9526960656331998,0.014029509189625245,0.01032499027844933
8355,1,1,0.799976140372797,0.799976140372797,0.04794456066571526,0.019941083061173252,0.010088158492664027,0.040683184457134605,0.08136687295051596
8357,5,5,0.42148374168432756,0.13035267274841408,0.2699848744108511,0.05190540424481435,0.044610575693531364,0.42148374168432756,0.08166273121806171
8358,2,2,0.8033764152061927,0.036848391337510514,0.8033764152061927,0.012793869533941188,0.02446738717420121,0.07993321886536656,0.04258071788278785
8359,5,5,0.7366653491837187,0.03598990631482532,0.11456540006734528,0.036288697119923885,0.012025310757561069,0.7366653491837187,0.06446533655662565
8360,2,2,0.5071233976187755,0.05924118338186551,0.5071233976187755,0.029206352242312314,0.028542672606428565,0.18050827182879325,0.19537812232182505
8361,2,2,0.7294570978078646,0.03991086927915009,0.7294570978078646,0.033377127943579596,0.020923526801959975,0.10996546694992433,0.06636591121752136
8362,3,3,0.9366604261395014,0.009777340902124705,0.018617044656312004,0.9366604261395014,0.005241899069513323,0.014543738008403502,0.015159551224145102
8363,5,5,0.5458844271305666,0.06556794992622285,0.15284587405087532,0.03994110392553519,0.042894842739544775,0.5458844271305666,0.15286580222725515
8364,2,2,0.6768994966323266,0.062392072046225745,0.6768994966323266,0.022423801134819572,0.012707452328659035,0.07386018463655415,0.15171699322141483
8365,5,5,0.5595819712404533,0.044057745960103055,0.11768775076006423,0.029448434248995504,0.01813036516288935,0.5595819712404533,0.23109373262749466
8366,4,4,0.8982368505201067,0.01895018331740369,0.019959127247789213,0.010289500757348628,0.8982368505201067,0.032428534472097766,0.02013580368525392
8368,4,4,0.8409027715837353,0.025559903158317604,0.03548650341365295,0.016129356206277763,0.8409027715837353,0.060703553136289334,0.021217912501727144
8371,3,3,0.9542311800575631,0.0046714712950104475,0.009412745020215297,0.9542311800575631,0.0038265144968469135,0.021411594037383734,0.006446495092980549
8374,5,5,0.7662212542119867,0.052713851862913066,0.07651147630586057,0.03580826990037659,0.012180357472284652,0.7662212542119867,0.056564790246578504
8375,5,5,0.7089030191032766,0.0492094230177159,0.14340742328407263,0.02998757440134559,0.010952568568079635,0.7089030191032766,0.057539991625509775
8378,4,4,0.9846299976376043,0.0035125237345925526,0.003436222293579828,0.0019513892423058336,0.9846299976376043,0.003549627608927268,0.002920239482990302
8379,3,3,0.9435980086756379,0.012546010153818841,0.009984937331259042,0.9435980086756379,0.00412011744543166,0.014021358034162264,0.015729568359690388
8380,4,4,0.9519371982216169,0.012869141779371537,0.007527592153511615,0.004059606568684965,0.9519371982216169,0.010937405180010374,0.012669056096804524
8381,4,4,0.8483139751616116,0.02741010224967372,0.0316977686057105,0.019688405699944837,0.8483139751616116,0.03704310557843876,0.03584664270462068
8382,1,1,0.8125345072556786,0.8125345072556786,0.03939194531606022,0.011710908088334178,0.008075743428423468,0.04520270910736803,0.08308418680413575
8383,4,4,0.8472149867933167,0.015689555975222987,0.03860280877531364,0.01315136635521664,0.8472149867933167,0.05888741655563689,0.026453865545293102
8384,4,4,0.9821368979315951,0.003985633546138864,0.004136152080972117,0.002109149812257658,0.9821368979315951,0.00421197716656631,0.003420189462470062
8386,1,1,0.7593644425051322,0.7593644425051322,0.08456094136313975,0.02007715531391418,0.014368923780369844,0.07265379586825914,0.048974741169184856
8387,2,2,0.7971104253982734,0.0411312830552918,0.7971104253982734,0.018608359536489597,0.0076680262027848415,0.04927969515605738,0.08620221065110314
8388,5,5,0.7470085557259599,0.02588892612294694,0.14970673700196643,0.014379016950047471,0.012634344349233464,0.7470085557259599,0.050382419849845775
8390,5,5,0.8622087512992174,0.040018711942303414,0.03545006008058798,0.012321404601068998,0.005973111259676811,0.8622087512992174,0.04402796081714544
8392,6,6,0.7964565219849473,0.03777996439631313,0.053725791003684235,0.01716343480651225,0.012214995327579713,0.0826592924809634,0.7964565219849473
8393,5,5,0.76653139352601,0.028810693318640803,0.11102280164566507,0.014000966768858083,0.017034402347382644,0.76653139352601,0.06259974239344344
8394,5,5,0.9304048173849929,0.011819029725683439,0.022756525047801145,0.014753162218437216,0.009484159476464532,0.9304048173849929,0.01078230614662082
8396,5,5,0.8055451833984322,0.04157849109001833,0.05073963363917541,0.03712858204757057,0.012443108631714057,0.8055451833984322,0.05256500119308932
8398,1,1,0.9396316149057016,0.9396316149057016,0.012934087413225747,0.005441375970736241,0.01056098362435524,0.014000301278655716,0.01743163680732554
8399,6,6,0.7293628202278253,0.02133725434090745,0.20978139490599196,0.013743007067020937,0.005089142998563445,0.0206863804596909,0.7293628202278253
8400,1,1,0.8706331990759721,0.8706331990759721,0.0377661214055711,0.014010243431048872,0.0074729299075147445,0.03475509990306572,0.03536240627682748
8401,6,6,0.8397343556484702,0.020299095006943116,0.059669978864211735,0.013448916819727225,0.013135115004358105,0.053712538656289596,0.8397343556484702
8402,5,5,0.8340039247031302,0.012228100531911012,0.03172402991703229,0.01137188387140274,0.009170588450215114,0.8340039247031302,0.10150147252630869
8403,2,6,0.41671084167028843,0.08186343506827139,0.23551167790335303,0.036927255257637015,0.02265778321676518,0.20632900688368486,0.41671084167028843
8404,3,3,0.9251188116143728,0.013771198400182484,0.02084138994794022,0.9251188116143728,0.005822988339514926,0.014679666773281827,0.01976594492470783
8406,2,2,0.6611205284017139,0.045170042211276,0.6611205284017139,0.017265479076317036,0.017689425375208467,0.10586839526975451,0.1528861296657302
8407,2,2,0.7983940087282516,0.024562298088162335,0.7983940087282516,0.015571388734512267,0.010679006042294213,0.0484461124728313,0.10234718593394815
8409,5,5,0.6665286009096973,0.044479001236401944,0.13714740005412243,0.026775405666369576,0.022745094015263093,0.6665286009096973,0.10232449811814566
8410,1,1,0.8601166581836246,0.8601166581836246,0.04627830536537288,0.012243707097244443,0.006406754199421942,0.04390528740994958,0.031049287744386544
8411,4,4,0.9205584736411319,0.017457438286271065,0.013795649864877763,0.005438232220822325,0.9205584736411319,0.01858926004684748,0.02416094594004942
8413,3,3,0.9303991822716694,0.02144627194757096,0.017407484026134505,0.9303991822716694,0.006464038925538038,0.011841571140733106,0.012441451688354019
8414,1,1,0.8218781105118054,0.8218781105118054,0.04277932540307224,0.02095726443103993,0.01140224469681255,0.04375734601033621,0.05922570894693368
8415,2,2,0.3467987788320252,0.0573663680888923,0.3467987788320252,0.03080278954681581,0.031696657033141534,0.23167290682346126,0.3016624996756639
8420,4,4,0.8825361572386532,0.01741027477771425,0.02875173193637074,0.007886562291742751,0.8825361572386532,0.03858675850656551,0.024828515248953548
8422,1,1,0.894246878933035,0.894246878933035,0.02610717058602746,0.012396496911859492,0.0077974851339217294,0.03945638443040284,0.019995584004753302
8424,1,1,0.7190359891418394,0.7190359891418394,0.056757805883846775,0.0253379036847945,0.00977780966891734,0.07615514664299067,0.11293534497761132
8425,2,2,0.787270945967622,0.020777506160707004,0.787270945967622,0.029104781235355516,0.013340148768897516,0.0699394791589962,0.07956713870842173
8426,1,1,0.896947952646628,0.896947952646628,0.027251871422987513,0.01271245405360643,0.005483057868663996,0.02215145527383823,0.03545320873427588
8427,1,1,0.7236878669910377,0.7236878669910377,0.08616464555394227,0.023741237931417178,0.013034125651599525,0.09919161213353915,0.054180511738464145
8429,3,3,0.9208988406963287,0.009193598742809164,0.014208870018666298,0.9208988406963287,0.005663045308081527,0.03840574910789736,0.011629896126217034
8430,2,2,0.8908656937411449,0.016413931713593326,0.8908656937411449,0.010234820818721072,0.007261814641811604,0.027084931340154675,0.048138807744574505
8432,4,4,0.8457671533373409,0.029802265516138703,0.03255369207998471,0.015200684757076513,0.8457671533373409,0.04515219016931653,0.031524014140142796
8433,6,6,0.6459890544646139,0.07598137009212103,0.11389730134675162,0.046095803746452,0.024689676906882767,0.09334679344317882,0.6459890544646139
8434,5,5,0.5274382413546828,0.08353186197489576,0.18159294078315089,0.031175487017651177,0.029827124269392987,0.5274382413546828,0.14643434460022656
8436,3,3,0.9198077346128046,0.013336615291478742,0.017353492286177826,0.9198077346128046,0.0040467524870721324,0.014212175005313417,0.031243230317153356
8437,4,4,0.8991444850188959,0.023519054403722296,0.02667988432026311,0.0072080819045106225,0.8991444850188959,0.026858110288486916,0.016590384064121225
8438,1,1,0.8375661492618545,0.8375661492618545,0.042979786968468464,0.016449697647180288,0.006706975270659486,0.03939662701131336,0.056900763840523866
8440,3,3,0.9203839837538061,0.010153138753167307,0.021007517978937105,0.9203839837538061,0.005246955568518003,0.021274261685864368,0.021934142259707187
8441,5,5,0.7451484093861724,0.051985344798902496,0.07311321157597063,0.05418316529487636,0.030134553239774455,0.7451484093861724,0.04543531570430358
8442,3,3,0.9412093546770195,0.0085999222511413,0.014852042454248773,0.9412093546770195,0.003179504491121404,0.017056852784036753,0.015102323342432222
8443,5,5,0.6968669796592134,0.02605525914555786,0.14624802263443815,0.0278381459503881,0.014165901390836663,0.6968669796592134,0.08882569121956582
8444,1,1,0.6301269430462323,0.6301269430462323,0.04458366806178635,0.020056738162789738,0.013276207196564202,0.04071945978581952,0.251236983746808
8445,4,4,0.9426149220106074,0.012323558181690144,0.014766584376020148,0.00623780501938065,0.9426149220106074,0.014369575454149052,0.009687554958152707
8446,5,5,0.5889463612647365,0.06325667650645955,0.21867103816262726,0.02943190898248046,0.020729244027886215,0.5889463612647365,0.07896477105581
8447,2,2,0.8440452211205602,0.0411759138383093,0.8440452211205602,0.01750656222386643,0.00949476198115772,0.05374276431254854,0.03403477652355763
8448,6,6,0.7296886348501975,0.032264161576278136,0.12793295284675066,0.015802749755080506,0.00987270302099282,0.08443879795070035,0.7296886348501975
8449,2,2,0.6851421078538563,0.05528766902653785,0.6851421078538563,0.026563765277612714,0.027653235444609636,0.11178848167145485,0.09356474072592866
8451,3,3,0.9151898387652839,0.010250973883957848,0.025966000529699423,0.9151898387652839,0.010694657439887604,0.0186617512407917,0.019236778140379523
8452,5,5,0.7437927670782974,0.052540071831068555,0.10884192348282684,0.04362872793626906,0.012056182277878143,0.7437927670782974,0.03914032739366001
8453,3,3,0.9076464437299933,0.014953832885287769,0.01835158303345899,0.9076464437299933,0.0044434760275724,0.014018193302700118,0.040586471020987426
8456,4,4,0.9338028154637571,0.020018177798277574,0.011997707243584413,0.004779297433725445,0.9338028154637571,0.017290754017269337,0.012111248043386166
8457,6,6,0.7606753188520466,0.07692980100900199,0.06053026976192286,0.022370463572790166,0.009860938956895632,0.06963320784734273,0.7606753188520466
