dataset_row,true_project_label,predicted_project_label,confidence,p_1_native_advertising,p_2_news_satire,p_3_propaganda,p_4_manipulation,p_5_news_parody,p_6_fabrication
0,1,1,0.9983284386523593,0.9983284386523593,0.00021894930935696606,0.00033196181814779254,0.0004157008668086233,0.000247543835376512,0.00045740551795078006
1,1,1,0.99821321858222,0.99821321858222,0.00019709713546189038,0.0003369481756274759,0.0005605743673922537,0.0002464753163565597,0.0004456864229418708
2,1,1,0.9982026424199459,0.9982026424199459,0.00021649628819709265,0.0003881962878027184,0.0005248848214797247,0.000277181199325786,0.00039059898324879887
3,5,5,0.996701614782453,0.000438034952118533,0.0008604838723771653,0.0004213899192254798,0.00047261082507875856,0.996701614782453,0.0011058656487470467
4,6,6,0.9947548087173244,0.0013078622516664018,0.0013701403754005047,0.0009321855777556747,0.00040193010477709623,0.0012330729730759924,0.9947548087173244
5,5,5,0.9969090837637565,0.00036699368569303195,0.0009225842094201014,0.0004880642236311701,0.0003764441069132875,0.9969090837637565,0.0009368300105858446
7,1,1,0.9983656448636635,0.9983656448636635,0.00018415767842075626,0.0003207766098377697,0.00048029635464059967,0.00025857872990742734,0.000390545763529947
8,2,2,0.9978395749533924,0.00029708218208417787,0.9978395749533924,0.0004776419396722191,0.00032905521382374953,0.0005595418652101238,0.0004971038458173439
9,4,4,0.9980195325577778,0.0004386141705044,0.00036429188765307944,0.00047781374436985406,0.9980195325577778,0.00038509548186437534,0.0003146521578305262
10,4,4,0.9980095871257496,0.00044293519652873576,0.00031421571101772957,0.0004741408172160869,0.9980095871257496,0.0003737558014108222,0.00038536534807703343
11,4,4,0.9979295713164676,0.00047975269178903075,0.00039518816560415754,0.00048409332436725967,0.9979295713164676,0.0004181644755564086,0.0002932300262154953
12,6,6,0.9947421110510262,0.0012727732335156786,0.0013234399793720113,0.0009263189976816775,0.00038276694232032603,0.001352589796084087,0.9947421110510262
13,1,1,0.9983719204751359,0.9983719204751359,0.00020923588585846406,0.0003023090534209945,0.00034136059840377144,0.00031017453745392146,0.00046499944972694656
15,2,2,0.9974121586070175,0.0002455987302224912,0.9974121586070175,0.000311799933687876,0.00033125092606352497,0.0012133295113158206,0.00048586229169275913
16,2,2,0.9973027169735531,0.00035869454762115443,0.9973027169735531,0.0008363694036774827,0.00043653833523101925,0.0003764642126169247,0.0006892165273003087
19,4,4,0.9979099141185946,0.000494865502582686,0.0003369192073102378,0.0005880404328139768,0.9979099141185946,0.00035743406228482867,0.00031282667641359375
20,1,1,0.9984102328902107,0.9984102328902107,0.00020690931431140253,0.0003173857516724801,0.000396530630987096,0.0002774978119009152,0.0003914436009173701
21,3,3,0.9979713302685213,0.0003542464019032319,0.0004423704699551125,0.9979713302685213,0.00045720768965214973,0.0004640123105572166,0.0003108328594108631
22,1,1,0.9983131263734294,0.9983131263734294,0.00024783365232795796,0.0003366117277919834,0.0003981110789636306,0.0002668222393325053,0.0004374949281546044
24,5,5,0.9954030515501631,0.000601190258853811,0.0006739811507299277,0.0005850114977077485,0.0005700198235985625,0.9954030515501631,0.002166745718946927
25,4,4,0.9980441626399051,0.0004309196792587334,0.0002917372707691274,0.0005362035748464528,0.9980441626399051,0.00034001537554360667,0.00035696145967693653
26,4,4,0.9979222303608645,0.0005065324891606675,0.0003953628429970847,0.00046305101770587796,0.9979222303608645,0.00042146362351571406,0.0002913596657561642
27,4,4,0.9979549771444238,0.00038388952790232753,0.0003582911631339935,0.0005067943216508793,0.9979549771444238,0.0003700712311044636,0.000425976611784541
28,6,6,0.9944612667887341,0.0014301999023371755,0.00143464650183017,0.000991307633561384,0.00039500933996692564,0.0012875698335701518,0.9944612667887341
29,4,4,0.9981056864289006,0.0004535725062035769,0.00031536941090088116,0.00042202459296895314,0.9981056864289006,0.0003809846687653984,0.00032236239226053577
30,1,1,0.99838417536938,0.99838417536938,0.0002283905491145485,0.0002929509610322276,0.0003801859912294794,0.0002689756344425528,0.00044532149480131617
31,1,1,0.9982350303146614,0.9982350303146614,0.00023882438411056465,0.00036027493577937874,0.0005154269387672749,0.0003166082160667684,0.00033383521061459856
32,5,5,0.996673816572542,0.0005910324945930178,0.0006795671030240777,0.00041666521912703437,0.00042752336344180526,0.996673816572542,0.0012113952472721447
34,5,5,0.9957492486579329,0.0005206469284202167,0.0009551004170520695,0.0006727408708974616,0.0006888661976266783,0.9957492486579329,0.0014133969280706652
38,6,6,0.9945995909829407,0.0013877526068209168,0.001422929359317468,0.0010032891398924714,0.0003897198224897466,0.001196718088538662,0.9945995909829407
40,4,4,0.9979063449928297,0.0006159736185905023,0.0003435015157412105,0.0004800435648447199,0.9979063449928297,0.000357815798448441,0.00029632050954538373
41,2,2,0.9956809879697112,0.0006405044711034697,0.9956809879697112,0.0017707357497898446,0.0006714891019393166,0.0007022443364246698,0.000534038371031621
43,4,4,0.9980664156497107,0.0004312882366176216,0.0003202412986494747,0.0004497050228369632,0.9980664156497107,0.0003590770980692795,0.00037327269411601083
44,5,5,0.9960065594779591,0.0006228692433196134,0.0006696768761559089,0.0005188916751130199,0.0005749589245427141,0.9960065594779591,0.0016070438029096325
46,5,5,0.9965583905968547,0.0004173414875458585,0.0006160382901895081,0.0005444971151985162,0.0005891849419233265,0.9965583905968547,0.0012745475682881288
48,1,1,0.9983035878619827,0.9983035878619827,0.00023450616415446638,0.00030954015059237626,0.0004309005982816726,0.00027433391432810767,0.00044713131066073414
49,1,1,0.9983157009087467,0.9983157009087467,0.00021539013491425821,0.00033515926707297807,0.0004877894869156529,0.00024652198959876294,0.0003994382127517515
50,2,2,0.9923365585090336,0.00031918412014955504,0.9923365585090336,0.0006613387292312389,0.0003375039334495747,0.005589091613097108,0.0007563230950390525
51,4,4,0.9980121347600643,0.0004422082633726846,0.00032371318779784037,0.0005185210932221655,0.9980121347600643,0.00039777928936087094,0.0003056434061820612
52,6,6,0.9940261607934063,0.0015326586658545355,0.0017719416231146022,0.0009689079952667544,0.0004172424862661806,0.0012830884360916042,0.9940261607934063
54,6,6,0.9933888641300912,0.0016768816401239574,0.0017237503309980367,0.0013361891832898468,0.00043735876068807096,0.001436955954808866,0.9933888641300912
56,4,4,0.998087144854274,0.00040339015941257147,0.00031379901456406607,0.0004520326474140241,0.998087144854274,0.000339156078542628,0.00040447724579270426
57,2,2,0.9977638341586992,0.0003119065913023292,0.9977638341586992,0.0004990565181902226,0.0003960328499001882,0.00047043566347008313,0.0005587342184380282
58,4,4,0.9978389956143661,0.0004820526050941916,0.0003312662944330237,0.0004639136456196265,0.9978389956143661,0.0004358663759385034,0.00044790546454860945
59,3,3,0.9979909371682952,0.0003194015297216412,0.0004313816707760756,0.9979909371682952,0.0004919197390936846,0.00035150320314672673,0.0004148566889666341
60,2,2,0.9977640990658377,0.00034302833560390805,0.9977640990658377,0.0004571227711561189,0.0003870260216859663,0.0005018625466986103,0.0005468612590176909
62,2,2,0.9973650186933364,0.00022003981895192813,0.9973650186933364,0.00034308837932470193,0.0002700230033437763,0.0013278088206238534,0.00047402128441937323
63,4,4,0.9977640251041295,0.000418516596788123,0.00033584923982840517,0.0005158710550106912,0.9977640251041295,0.0005634235666903098,0.00040231443755295505
66,2,2,0.9977389466818627,0.00031627860681668606,0.9977389466818627,0.0004941363541320147,0.0003738961356248463,0.00045568078938008487,0.0006210614321836477
67,6,6,0.9947403486917961,0.0012863648747141953,0.001408892224178673,0.0009759772037970047,0.000396915825918938,0.0011915011795951673,0.9947403486917961
68,4,4,0.9980178531458604,0.0005057934048739862,0.0003205367656227362,0.0004645260963718752,0.9980178531458604,0.0003461382688409928,0.0003451523184299539
69,5,5,0.9965365613493342,0.000497176286385541,0.0005602196619081229,0.0005369943989423884,0.0005819512581638404,0.9965365613493342,0.0012870970452658604
70,3,3,0.9980263380301838,0.0003263230213915199,0.00041519358884214335,0.9980263380301838,0.0004250424720270749,0.00046695007315593296,0.00034015281439954653
71,2,2,0.9978547410887769,0.0003140507526603999,0.9978547410887769,0.00034558498490159834,0.00030692441803956865,0.0005662903844863356,0.0006124083711351352
72,4,4,0.9980436465313323,0.00041976884991507186,0.00031827110484080527,0.0005264287413466688,0.9980436465313323,0.0003512002842411837,0.0003406844883240015
74,1,1,0.9972992227965132,0.9972992227965132,0.0003330778750418522,0.0005060159443250418,0.0005740146555496111,0.0005347468956087419,0.0007529218329615796
76,2,2,0.997790916857826,0.0002631088386076966,0.997790916857826,0.00035211833334899354,0.0002805119976227135,0.0006871358382689681,0.0006262081343256511
77,4,4,0.9980891674595356,0.0004517098862424246,0.0003329429710155723,0.00045569553953899794,0.9980891674595356,0.0003272239517277519,0.0003432601919396983
78,5,5,0.9967912594917125,0.00041963692907984846,0.0006195905622273516,0.0006714209375315148,0.000545389933400886,0.9967912594917125,0.000952702146047854
79,5,5,0.9966690234246005,0.0005211877979776458,0.0006298636447499758,0.0005142021226007316,0.0005103735722583424,0.9966690234246005,0.001155349437812787
80,1,1,0.9982432390712705,0.9982432390712705,0.00023228537633933826,0.00041711859134659,0.00047401511940653104,0.00028934583170908137,0.0003439960099279633
82,6,6,0.994388527634404,0.001387044797054949,0.0014804613413821866,0.0008118892494251932,0.0003945113594611238,0.001537565618272585,0.994388527634404
85,6,6,0.9941067555585273,0.0015945908156054225,0.0014777176339640476,0.0010019336918795042,0.00046663765603872524,0.0013523646439849257,0.9941067555585273
86,1,1,0.9983722771586347,0.9983722771586347,0.0002118320198399369,0.0003484915306021736,0.00037707559292188514,0.0002619735637318487,0.0004283501342694324
88,6,6,0.9946253254246366,0.0013044753135505612,0.0014864948702543405,0.0008687963608085026,0.00039127447945659687,0.0013236335512934896,0.9946253254246366
89,4,4,0.9980717741428949,0.00036397532107498414,0.00030487152504164234,0.0004829994501962005,0.9980717741428949,0.0003632533714679576,0.0004131261893242841
90,1,1,0.9983825422122414,0.9983825422122414,0.00021044602755118823,0.00032733265434270714,0.00042256700940513216,0.00028506656450785555,0.0003720455319516543
95,5,5,0.9968950666625632,0.0003981911835641975,0.0009646649626073334,0.000425866626898805,0.0004271859908340717,0.9968950666625632,0.0008890245735323717
96,4,4,0.9980194193938209,0.0004743223366130896,0.00028964174638857794,0.00047838773412163787,0.9980194193938209,0.00036730717769165467,0.0003709216113642068
97,6,6,0.9944010987600833,0.0015171229883591854,0.0014643766061073226,0.000857651183526578,0.0004274270072724653,0.0013323234546511137,0.9944010987600833
98,4,4,0.99811341751654,0.0004334963553749992,0.00033862191126257245,0.00041319407573841627,0.99811341751654,0.00036670786502073535,0.00033456227606329424
99,6,6,0.9945850334727835,0.0013483511589135542,0.001455920539243087,0.0009429980399953577,0.0004010701121895552,0.001266626676874998,0.9945850334727835
101,6,6,0.9943298726792813,0.0014540037123399678,0.0014982084754629908,0.0010868637574811169,0.00040336371957292426,0.0012276876558617522,0.9943298726792813
102,5,5,0.9960604321341483,0.0004410480910795996,0.0006626563270647195,0.0005380780209375384,0.0007284181782861795,0.9960604321341483,0.0015693672484836227
105,2,2,0.9971012197738384,0.0004640257820096288,0.9971012197738384,0.0006268811988503936,0.0005203308433912792,0.0006878193285322416,0.0005997230733781235
106,2,2,0.9978335303738239,0.00030819788784622294,0.9978335303738239,0.00039906711697781276,0.00034528114387460604,0.0005103484627183874,0.0006035750147591714
107,4,4,0.9980107231551781,0.00043390174457118535,0.00030563248718575085,0.0005747768026058765,0.9980107231551781,0.0003367824924259626,0.00033818331803305246
109,5,5,0.9963152010600107,0.000668881241489606,0.0007300902652394623,0.0004578030002501167,0.0005998683746936178,0.9963152010600107,0.0012281560583165436
112,5,5,0.996845303457348,0.0004773293905652498,0.0007654139178397156,0.00046563972066467204,0.0004285278840024417,0.996845303457348,0.001017785629579889
113,6,6,0.9944343695530113,0.0014156234018087913,0.001485804142442832,0.000926198510691448,0.0004868533640905463,0.0012511510279550884,0.9944343695530113
115,4,4,0.9981237935137336,0.00042174254627710543,0.0003163101111290796,0.00042657925350242875,0.9981237935137336,0.000368277909174289,0.00034329666618352543
116,5,5,0.9950157939178952,0.000899754982996134,0.0006335059840629036,0.00040790077515239935,0.0010795427885982212,0.9950157939178952,0.0019635015512951847
117,2,2,0.9789524938272126,0.0002900581297054016,0.9789524938272126,0.0005429185430806188,0.0003605877011681383,0.01883955379041108,0.001014388008422223
119,3,3,0.9978947168197749,0.0003320198383830457,0.0005032799134044418,0.9978947168197749,0.0004363973100041006,0.0004406702466232482,0.00039291587181023124
120,5,5,0.9963999333589847,0.0008462660507709037,0.0005647355786121764,0.00047488408543172524,0.0005475983130398846,0.9963999333589847,0.0011665826131605995
123,6,6,0.9943837099609171,0.0015331522128610396,0.0014956221243452503,0.0008770238061502217,0.0004316210181223725,0.0012788708776040052,0.9943837099609171
125,4,4,0.9979912994795941,0.0005092566011984032,0.00035195517438944157,0.000473051320565271,0.9979912994795941,0.00037997639988722205,0.00029446102436559725
126,1,1,0.9982877056716276,0.9982877056716276,0.00022428356912297388,0.0003493226429822679,0.00048095373423070055,0.00030499681211217767,0.0003527375699243075
127,1,1,0.9981243113305599,0.9981243113305599,0.0001806443999589864,0.0003975793807740786,0.0004045511734926239,0.0003686326559643295,0.0005242810592500718
128,5,5,0.996588721762535,0.00037306338171073954,0.0007080562750665909,0.0007188128763400767,0.0005067208624220116,0.996588721762535,0.0011046248419256497
129,2,2,0.9934699632231041,0.0004618046559249214,0.9934699632231041,0.0034661223518531476,0.0005299296514575379,0.0014011465382466584,0.00067103357941367
130,2,2,0.9976104257215326,0.0002485109374970324,0.9976104257215326,0.0003019402138216992,0.0002350122902185776,0.000997564731311834,0.0006065461056182766
132,1,1,0.9984031617601414,0.9984031617601414,0.00019797396680288666,0.00032039820008702676,0.00037080848066439206,0.000317740583729551,0.00038991700857469964
133,5,5,0.9948613364359569,0.00046902334763178203,0.0010977127007470028,0.00045673122803168266,0.0004041306221077364,0.9948613364359569,0.0027110656655249723
134,2,2,0.9977448956553462,0.00031904273072526297,0.9977448956553462,0.0004965560982275808,0.00039618004511931984,0.00047636068878881846,0.0005669647817928327
135,3,3,0.9978764729400025,0.0003512802758256529,0.000335860194138084,0.9978764729400025,0.0005580680154106305,0.00041716741553013935,0.0004611511590931165
136,3,3,0.99791012512059,0.00042337000555195896,0.0004328972903795572,0.99791012512059,0.0005063737261193018,0.000405346875692367,0.0003218869816668892
137,3,3,0.9980280042645795,0.00035773368513425553,0.0004387251846777913,0.9980280042645795,0.0004365413498641099,0.00032923317980356425,0.00040976233594059987
138,6,6,0.9934612728572558,0.001554764841025734,0.0013755949047501604,0.0009302292221365855,0.000379489888538343,0.0022986482862933266,0.9934612728572558
141,3,3,0.9979161613460144,0.0004179041422434444,0.00044378268619164006,0.9979161613460144,0.0005396340271571074,0.000363757920906459,0.00031875987748698455
142,6,6,0.9947189399507501,0.0013465267090161305,0.00137862218140332,0.0009283066897188863,0.00039450435486431865,0.0012331001142472412,0.9947189399507501
143,2,2,0.9975071311137396,0.0002819812394061136,0.9975071311137396,0.0004537563877047004,0.000370433297208369,0.0009269553537274179,0.00045974260821380215
146,3,3,0.9980420588764317,0.0003638310564186857,0.0004029078899209111,0.9980420588764317,0.00048690642001054653,0.000344137167031282,0.00036015859018686527
147,4,4,0.9978647507191476,0.0006599820705223774,0.0003275899984295553,0.0004969211135438576,0.9978647507191476,0.00035799663177498505,0.00029275946658165164
148,1,1,0.9982329364930542,0.9982329364930542,0.00019896885061834884,0.000346805671406169,0.00042064343507820833,0.0004222823301348608,0.00037836321970819635
149,3,3,0.9979488411593533,0.0003253018709645903,0.000405749981894856,0.9979488411593533,0.0005281943678663152,0.0004534914986783224,0.00033842112124260427
150,3,3,0.9976425260083157,0.0003868528558224422,0.0004675091216143199,0.9976425260083157,0.0006531125266729378,0.0003480422549584101,0.0005019572326162326
151,6,6,0.994613754451936,0.0012893247799547582,0.0015423011071033226,0.0009551041166852647,0.00039172188964581387,0.001207793654674845,0.994613754451936
152,6,6,0.9941600721435586,0.0014827886136907877,0.0015265068751086019,0.0008593249506103464,0.00039612159073153046,0.001575185826300089,0.9941600721435586
153,4,4,0.9980831038472001,0.0004849175695590553,0.00031222519127665013,0.00043850723413383285,0.9980831038472001,0.00035787373394789306,0.00032337242388250396
154,3,3,0.9979222941844634,0.00036679010830945107,0.00043917581180614535,0.9979222941844634,0.0005537916652375292,0.0004026776608967168,0.00031527056928676035
159,3,3,0.9980031405821242,0.0003241940819736664,0.00042503685391988717,0.9980031405821242,0.0005438328780052396,0.0003322523220522416,0.00037154328192481645
160,1,1,0.99828320076384,0.99828320076384,0.00023018949941769378,0.0002728541258767994,0.0004274130049535493,0.0003243258764377923,0.00046201672947415056
162,2,2,0.997721758144973,0.0003557733820188245,0.997721758144973,0.0004610728187398755,0.0004073706039786918,0.0004474080170049597,0.0006066170332847027
163,6,6,0.9946715893409054,0.001329953012315869,0.0014111384922591487,0.0009172296357222976,0.0003944562419734947,0.00127563327682382,0.9946715893409054
164,1,1,0.9983461815246576,0.9983461815246576,0.00018694797626312584,0.0003336244061848832,0.00038670562326314275,0.00034172242940005705,0.00040481804023116707
166,3,3,0.9978866468432184,0.00038545752313214255,0.0004519896686088371,0.9978866468432184,0.0005489574664141585,0.00042895221034361196,0.0002979962882829648
167,6,6,0.9943759265130229,0.0015173544838306004,0.001516811173533264,0.0008647492933485098,0.0004116527488601707,0.0013135057874045736,0.9943759265130229
168,1,1,0.9983774193470915,0.9983774193470915,0.00020968287816303666,0.00029116472489542613,0.00039675021793733546,0.0002870040413892362,0.00043797879052350755
169,3,3,0.9978162494853803,0.00040519437229821303,0.0004893857039642031,0.9978162494853803,0.000578352275928987,0.00041724009901502267,0.00029357806341338485
171,2,2,0.9977322316146583,0.0003796720674726876,0.9977322316146583,0.0003991777179309325,0.00033429098536571356,0.0004954967641905472,0.0006591308503816414
172,6,6,0.9943954707586122,0.001442106871950512,0.0014457201706232496,0.0008928075918459387,0.00042234240839320606,0.0014015521985749001,0.9943954707586122
173,2,2,0.9959882200452356,0.0005363586343284315,0.9959882200452356,0.00121876563189331,0.00038683454645145474,0.0003751791618909286,0.0014946419802003487
174,1,1,0.9983196013512614,0.9983196013512614,0.00023784652187031687,0.0003378998020950777,0.00043277661602701434,0.00025301084224311,0.0004188648665030285
175,2,2,0.997745200669322,0.0002604493036828049,0.997745200669322,0.0003320942396888705,0.00030445747223747336,0.0008250778469549192,0.0005327204681138972
177,6,6,0.9917942087828416,0.00226928698631283,0.0016460843114064875,0.0009951295032305269,0.0013434575478887248,0.0019518328683197428,0.9917942087828416
178,1,1,0.9983795754148432,0.9983795754148432,0.0002084149865206111,0.00030530400883957914,0.00042217419294462283,0.00027477793278477203,0.00040975346406726346
179,3,3,0.998060529110059,0.00030715786236598484,0.00039580925481068845,0.998060529110059,0.0004341508403801443,0.0004398020760104006,0.00036255085637383817
180,3,3,0.9980526744272836,0.00031496615109641405,0.0004201993985018014,0.9980526744272836,0.0004859789129169182,0.00036564875258673555,0.0003605323576145283
181,1,1,0.9983514884617739,0.9983514884617739,0.00024410800780851397,0.0003261241084122702,0.0004132512486602304,0.00030081573975621994,0.00036421243358889535
185,2,2,0.9794709942136026,0.00036989968978795124,0.9794709942136026,0.00044671450371612113,0.0003779985288263338,0.018561343956320028,0.0007730491077469794
186,1,1,0.9981520851867921,0.9981520851867921,0.00020470007602976754,0.00036137106069878913,0.0004890385355825303,0.00046179307179388985,0.0003310120691029681
187,3,3,0.9980118129168428,0.000328071003187111,0.0004173433638326525,0.9980118129168428,0.000526548530213744,0.00037803273329644,0.00033819145262724726
191,6,6,0.993918753862428,0.0015635215321020992,0.0014688598122995686,0.00126648749598361,0.0003876710164027054,0.0013947062807840116,0.993918753862428
194,3,3,0.9979878643104128,0.0003389560144742475,0.00034987891485241466,0.9979878643104128,0.0005245386844685188,0.00038933535606972436,0.00040942671972214224
195,1,1,0.998317667444763,0.998317667444763,0.0002148786735487499,0.00031156080457049736,0.00039358882126289477,0.0002803746511233838,0.00048192960473143867
197,3,3,0.9979767392325272,0.00032357087296490503,0.00043028139177442114,0.9979767392325272,0.0005021664659667745,0.0003485325915177956,0.00041870944524892293
198,1,1,0.9983024170078065,0.9983024170078065,0.00023225484216606127,0.0003195286507636465,0.00045337819592517305,0.0002858734443057555,0.0004065478590328861
199,3,3,0.9979892375662405,0.0003619998386735582,0.00046457256998063724,0.9979892375662405,0.0005067034812037564,0.00030505108963437076,0.00037243545426723636
200,5,5,0.9964245935840943,0.0007791808636762586,0.0008104339568598563,0.00044927427397087116,0.0005386450156019013,0.9964245935840943,0.0009978723057968621
202,1,1,0.9981690329732898,0.9981690329732898,0.0002333874083367422,0.0003438207558281192,0.0005228200836230877,0.0003547586430498638,0.0003761801358723659
204,1,1,0.9983047427519561,0.9983047427519561,0.0002311888847107733,0.00037734270976960054,0.0004035244610408355,0.00031092839981956713,0.00037227279270308816
209,5,5,0.9967187518970286,0.0006234347533413774,0.0008488606365018133,0.00045305434431413356,0.0003680377150535747,0.9967187518970286,0.0009878606537604146
210,5,5,0.9968206898433022,0.0005372978639076284,0.0006626569676575639,0.00045505675443646384,0.0004119715892785007,0.9968206898433022,0.0011123269814176597
211,2,2,0.9976668173470992,0.00031046699740846687,0.9976668173470992,0.0007225729507966367,0.00029541627190805353,0.0005226133411092604,0.0004821130916784223
212,4,4,0.997960083085647,0.0005655176312710802,0.00031848373814701995,0.0004901733445165134,0.997960083085647,0.000329258820111651,0.00033648338030657963
214,5,5,0.9960826745522039,0.0005843648169556002,0.000753344277800958,0.0005163763474039446,0.0005014405524866717,0.9960826745522039,0.0015617994531489615
215,1,1,0.9982525308846537,0.9982525308846537,0.00025578400964404793,0.00038007968338354823,0.000424250390486136,0.00023451696846112574,0.00045283806337152873
216,3,3,0.9980192121127566,0.0003672646975591865,0.0004204077968708909,0.9980192121127566,0.0004748531470681195,0.0003424259754058188,0.00037583627033942885
218,1,1,0.998347982919612,0.998347982919612,0.00020617570830991691,0.00037140270612182584,0.00044749333095088186,0.00025028021985731293,0.00037666511514813336
219,1,1,0.9981734323868495,0.9981734323868495,0.0002372906346421555,0.00033517143691025406,0.0004051448214018605,0.00031695691964135923,0.0005320038005546661
221,1,1,0.998228925877439,0.998228925877439,0.00024148465764618066,0.0003891094077461872,0.0004956223796827538,0.0002985491468414872,0.00034630853064443424
222,5,5,0.9970746919035252,0.0004330677193440166,0.0006465595012331538,0.000515016827376729,0.0004384735810584544,0.9970746919035252,0.0008921904674624761
223,4,4,0.9979487798762336,0.0004104137873885923,0.00034023135863237816,0.0006110070111219253,0.9979487798762336,0.0003713067684594309,0.00031826119816405013
224,3,3,0.9979562507762556,0.0003967855965250568,0.0004392872920263399,0.9979562507762556,0.0005180390341385033,0.0003835831373593013,0.00030605416369517866
225,4,4,0.9980230705570148,0.0004195751045619983,0.0002804218736224576,0.0005549184988878407,0.9980230705570148,0.00035266744109360986,0.0003693465248192715
227,3,3,0.9979977649230596,0.0003609060307553951,0.0004057133596664302,0.9979977649230596,0.0005012125213444665,0.0003194810910284576,0.0004149220741456943
228,6,6,0.9939103661089425,0.001592084152570795,0.0016602393899847053,0.000963709892848736,0.0004322486579998955,0.001441351797653424,0.9939103661089425
229,5,5,0.9962569575206333,0.0004451214962629286,0.001015737779392789,0.0004877312798130818,0.0006039832430069282,0.9962569575206333,0.0011904686808909667
231,5,5,0.996689962910254,0.00044422188435091673,0.000743218965674276,0.0004918917199041349,0.0005571110787432976,0.996689962910254,0.0010735934410734255
232,5,5,0.9965441449733825,0.00044125977531362645,0.0008025878041246177,0.00044489580402788415,0.0006012010628547936,0.9965441449733825,0.0011659105802965665
233,1,1,0.9983429840994307,0.9983429840994307,0.0002111608070672589,0.00033971604795053184,0.0004467853596066905,0.0003069402204450221,0.00035241346549985507
234,6,6,0.9939885340521005,0.0017603717634762396,0.0015275555506130654,0.0008777201469642896,0.00041971958974915076,0.0014260988970967805,0.9939885340521005
235,2,2,0.9976612444174299,0.00026726792873729813,0.9976612444174299,0.0003979771036305743,0.0003459894836608392,0.0006421713697973665,0.0006853496967440335
236,3,3,0.9979411132056294,0.0003501358860935008,0.0005229105781837359,0.9979411132056294,0.00048205965445914965,0.0002909741994567629,0.0004128064761774186
239,5,5,0.9966685648618138,0.0006360572420112451,0.0006720167099672416,0.00042773864520737433,0.000457971469273056,0.9966685648618138,0.001137651071727315
243,3,3,0.9980110426190525,0.0003718464608844335,0.0004086443520176729,0.9980110426190525,0.0005056899619628341,0.0003458492915188282,0.0003569273145637171
244,2,2,0.9977038305117638,0.0003441971254906138,0.9977038305117638,0.0004989092037071248,0.00036007824334280983,0.0004083689825686092,0.0006846159331270485
246,3,3,0.9979523357017429,0.0003136606226798026,0.00041241309111047147,0.9979523357017429,0.0005347736844391137,0.00045697448950899884,0.00032984241051873994
248,4,4,0.9978982833124411,0.00034086903124011796,0.000317061543467484,0.0006242219631954827,0.9978982833124411,0.0004035802810010414,0.00041598386865474165
249,3,3,0.9979372310462594,0.0003587958018923265,0.0004313964936312678,0.9979372310462594,0.0005045373815182646,0.00044219782635170215,0.0003258414503470609
250,3,3,0.9980289543925415,0.00036395778458968173,0.00041362294840985303,0.9980289543925415,0.0004874668474717103,0.00034561104963705175,0.0003603869773503294
251,1,1,0.9982652386562754,0.9982652386562754,0.0002216901264320005,0.00035385058109591006,0.0004158607176441975,0.00023593007815592474,0.000507429840396598
252,4,4,0.9980849061910417,0.00043485759091892965,0.00033768412074559385,0.00044601390407856205,0.9980849061910417,0.00037955190185419993,0.0003169862913609361
253,2,2,0.9978422336557774,0.00034333798931891914,0.9978422336557774,0.000399277707439036,0.0003077488635474989,0.0005036301070104153,0.0006037716769067805
254,3,3,0.9980418250462345,0.00036355054063501,0.00042046104136373883,0.9980418250462345,0.0004473987889698881,0.0003382729045501463,0.00038849167824668595
258,3,3,0.9976049180879505,0.0004193793291772994,0.0005037098667261067,0.9976049180879505,0.00044290256002892483,0.0007117243874737978,0.000317365768643391
259,3,3,0.9979914877878263,0.00040126951711635223,0.0003767520708816582,0.9979914877878263,0.000432407735833235,0.0004210380911207803,0.00037704479722162275
260,2,2,0.9955911028446242,0.0002603320304136549,0.9955911028446242,0.0024467595755907944,0.00031864743014674437,0.0008598445040420114,0.0005233136151826485
261,6,6,0.9944333299236042,0.0014075656463413734,0.0014680401455812765,0.0010435897715415096,0.00039694149207280903,0.001250533020858758,0.9944333299236042
262,3,3,0.9979672908328205,0.0003264135991199175,0.00039017965432855953,0.9979672908328205,0.0004936763375475232,0.00047500957747386,0.0003474299987096701
266,5,5,0.9965174979568466,0.0007362679740601613,0.0007369764776796019,0.0003865469320633433,0.00041219718452568596,0.9965174979568466,0.0012105134748246324
267,1,1,0.9983809599295279,0.9983809599295279,0.00021059386416149493,0.0002993650383762125,0.0003940626106864218,0.00027108697256389923,0.0004439315846840686
269,3,3,0.9980359606384671,0.00030413666326556404,0.000426094066650325,0.9980359606384671,0.00047469176464019124,0.00040066025545113865,0.0003584566115256881
270,4,4,0.9980068462416523,0.0003732018103650619,0.0003352160451213944,0.0005552361064259686,0.9980068462416523,0.000388806235985804,0.0003406935604494981
272,6,6,0.9943010704018181,0.0015054307722040291,0.0015074909741330546,0.0010197432606065238,0.00041826976961153447,0.0012479948216267466,0.9943010704018181
273,3,3,0.9974831162756201,0.0003377490239566209,0.0006538425878469938,0.9974831162756201,0.0006639861450869659,0.0005003761227270187,0.00036092984476227214
274,6,6,0.9944871243108271,0.0014020604095493485,0.001412695065800814,0.0009563856460914631,0.0004110837835092589,0.001330650784222052,0.9944871243108271
275,4,4,0.9980209520353427,0.0003966017467663018,0.00028359856419852864,0.0005873866873120366,0.9980209520353427,0.0003525511809248967,0.0003589097854555417
277,5,5,0.9966036116120066,0.0006636699568375595,0.0007095702482954492,0.0004801315970723457,0.0004093623152329667,0.9966036116120066,0.0011336542705550822
278,6,6,0.9947096633961747,0.0013267241419532845,0.0013789257063359657,0.0008999775638442762,0.00040227363144861944,0.0012824355602431238,0.9947096633961747
279,1,1,0.9977384540644835,0.9977384540644835,0.0003198327145969797,0.0003747913031634304,0.0006869087971598974,0.0004967503921159814,0.0003832627284802621
282,1,1,0.9982715970909806,0.9982715970909806,0.00017829271607335966,0.00037186302247622195,0.0003806978395686649,0.0002908100177860102,0.0005067393131151948
284,3,3,0.9979698766568595,0.0003927384955105253,0.00039300339859404623,0.9979698766568595,0.0005045524223254814,0.00041146413417917185,0.0003283648925313386
285,3,3,0.9980459275713478,0.0003684249988057179,0.0004073395805857252,0.9980459275713478,0.00045739798868247374,0.00033967778083731856,0.0003812320797409758
286,4,4,0.9980729523509495,0.00043490920677336273,0.00035835233971803613,0.0004347858356397011,0.9980729523509495,0.0003736957913700833,0.00032530447554937446
287,5,5,0.9967412422877275,0.0005670624612588861,0.0007404770916495207,0.00045210897956551567,0.0003631294121668489,0.9967412422877275,0.001135979767631688
288,2,2,0.9965415605290218,0.00024024241485896591,0.9965415605290218,0.00041703208401693123,0.0002542223071909875,0.00208524613085517,0.00046169653405626296
289,4,4,0.998019923011559,0.00053237570112355,0.0003260052145933174,0.00047078693247023064,0.998019923011559,0.0003314828173610825,0.0003194263228928645
290,5,5,0.9970417173284903,0.0004019238996013939,0.0007731900547345289,0.0004789465814924786,0.0005201306001485801,0.9970417173284903,0.0007840915355327167
291,2,2,0.9974467756835942,0.00022848465422326558,0.9974467756835942,0.00033328889902575813,0.0002638350731484047,0.0011428700731750097,0.0005847456168333364
292,3,3,0.9980034492445683,0.00037326017052928724,0.00040639394708816593,0.9980034492445683,0.0004992408328234279,0.00038556145629609377,0.0003320943486947022
293,5,5,0.9967408469658382,0.0004363928903689584,0.0007187663356384724,0.000552614842771032,0.00042979793348651106,0.9967408469658382,0.0011215810318968974
294,2,2,0.9973321446448941,0.00020654697428577903,0.9973321446448941,0.0003250344949979196,0.00023714785995728846,0.0013144830241767654,0.0005846430016881383
295,2,2,0.9977222960002038,0.0002747612801601844,0.9977222960002038,0.00048543502547268737,0.0003609100416618817,0.0006836000612677522,0.00047299759123377246
299,2,2,0.9978746216715175,0.0002702516514722224,0.9978746216715175,0.00045777592646617,0.00030545529569118513,0.0005994731352119042,0.0004924223196410909
301,5,5,0.9745481747997153,0.013835232985504655,0.0033901090070600575,0.0013465575706202934,0.0021499457223599226,0.9745481747997153,0.004729979914739741
304,1,1,0.9983927497410084,0.9983927497410084,0.00019505456806143977,0.00032376130918548634,0.00033217004599595543,0.0003063288134261204,0.0004499355223226139
305,1,1,0.9983249198158052,0.9983249198158052,0.00022587932226114424,0.0003483554135859378,0.00044902064349417316,0.00024823136939916253,0.0004035934354544691
306,6,6,0.9943763797350013,0.0013982030216010955,0.0014227084458293528,0.0008263051516409952,0.00041885110558759117,0.0015575525403397515,0.9943763797350013
307,6,6,0.994411541394508,0.001450500470405087,0.00150154300177261,0.0009258080513957508,0.00043135203880928996,0.0012792550431092405,0.994411541394508
308,3,3,0.997994168751383,0.0003824719109310601,0.00042187462593847746,0.997994168751383,0.00048691231454994776,0.0003512172205851025,0.00036335517661242905
309,5,5,0.9654116037879412,0.0016465635277493496,0.0013523894599705433,0.0011900891554041612,0.0009061096937766216,0.9654116037879412,0.02949324437515807
310,1,1,0.9982661131311393,0.9982661131311393,0.00022179204500510143,0.0003312497999304564,0.00042013720129547763,0.00036608621021964,0.0003946216124100253
311,5,5,0.9964117640373948,0.0004608874840671128,0.0009583389260977223,0.0003816260812473518,0.0004254391923663857,0.9964117640373948,0.0013619442788266845
312,2,2,0.9977197846384513,0.0003928660902910698,0.9977197846384513,0.0004520218423011197,0.00034469173825668034,0.00045446077259164475,0.0006361749181082445
313,4,4,0.9980179137942062,0.0004937477675577463,0.00035042423639234483,0.0004675084232311763,0.9980179137942062,0.0003308795298150337,0.00033952624879752733
314,6,6,0.9944177090644808,0.001561017423165761,0.0014531880760504524,0.0008801053996242052,0.00043557033138411576,0.001252409705294703,0.9944177090644808
315,6,6,0.9943193266702769,0.0014764663167982338,0.0015196740966267471,0.0009686259504078838,0.00040144083603360344,0.001314466129856646,0.9943193266702769
317,5,5,0.9969055729608497,0.0005018672411725712,0.0006266682431710219,0.0005446535950065218,0.0004445788859345593,0.9969055729608497,0.0009766590738656499
320,3,3,0.9979346897064543,0.00041517149267935834,0.00044491581085420647,0.9979346897064543,0.00043331851660249047,0.0004514567802727373,0.00032044769313698175
321,2,2,0.9970997692665988,0.00042230950714091173,0.9970997692665988,0.00060310727715529,0.0004488123285906019,0.0006970649203861542,0.0007289367001281837
322,2,2,0.997027184107581,0.0003320138565122245,0.997027184107581,0.00043143450511195515,0.0002499996532570173,0.0012031931441019595,0.0007561747334358518
323,2,2,0.9977991764644734,0.00034693694054584325,0.9977991764644734,0.00042003240097413045,0.0003617445614166419,0.000499215771301929,0.0005728938612880511
327,2,2,0.9931819613973631,0.00022878205830868486,0.9931819613973631,0.0003623304793222824,0.0002438698180719398,0.0049462828551110295,0.0010367733918229221
328,3,3,0.9978562534331662,0.0004494973687086585,0.00040487860930716436,0.9978562534331662,0.0005552213623718302,0.0003615358781644335,0.0003726133482817178
329,2,2,0.9976045575542538,0.0003693098001439652,0.9976045575542538,0.0005992923449372707,0.0004366667164050164,0.00044793051006957434,0.0005422430741905175
330,3,3,0.9979925765081684,0.00033752859811408075,0.0004421175723287786,0.9979925765081684,0.00048331683590270195,0.0004196509008231891,0.0003248095846627831
332,1,1,0.9981085131667883,0.9981085131667883,0.00024352457134952347,0.0004361446159424417,0.0005496839407002611,0.0003508884845093164,0.00031124522071022124
333,1,1,0.998362825501135,0.998362825501135,0.0001849022569160339,0.00030288720444170743,0.00039309794162231486,0.000373596539614438,0.0003826905562704797
334,2,2,0.9971271184979018,0.0002254556172274464,0.9971271184979018,0.0003021282908987851,0.00024009675028877216,0.0013408439736828034,0.0007643568700003694
336,4,4,0.998070510593923,0.0004881361248760764,0.0003220842829797869,0.00044969101363798815,0.998070510593923,0.00034777341851016154,0.0003218045660729603
337,5,5,0.9961980190798756,0.00038225041559826196,0.0007831915443321576,0.0011038906168733507,0.00042329586868048564,0.9961980190798756,0.0011093524746402083
338,3,3,0.9980389594637685,0.00033997245900687305,0.00042565345726937743,0.9980389594637685,0.0004705658433161213,0.00038774473264589944,0.0003371040439931838
339,4,4,0.9980039048727092,0.000466974076044213,0.0003486338262991402,0.0004980270192804887,0.9980039048727092,0.00033884219174063195,0.00034361801392633325
340,2,2,0.9974429792018414,0.00024140225006069033,0.9974429792018414,0.00039002931583843447,0.0003015836465582019,0.0011289457533860553,0.0004950598323152533
341,1,1,0.9982792565707667,0.9982792565707667,0.00024050325310029518,0.0003971131979243577,0.00042209534497952015,0.00022836763922118926,0.0004326639940079498
342,4,4,0.998003265048698,0.0004596290315371884,0.00028886604699471756,0.0004992581490500092,0.998003265048698,0.0003602419454647605,0.0003887397782553455
343,3,3,0.9973765244450972,0.0004343138556750774,0.0004618190408160128,0.9973765244450972,0.0008905623944429265,0.0003330411150441211,0.0005037391489246504
344,1,1,0.9980708378669524,0.9980708378669524,0.00022966192170781945,0.0003953114272249589,0.0006650731280825704,0.00033353939466925235,0.0003055762613629701
345,2,2,0.997809577351439,0.0003314082053411466,0.997809577351439,0.00040722718432054306,0.0003463308176680102,0.0004971673433610513,0.0006082890978702253
346,6,6,0.9945049947058905,0.0013834181099451693,0.0014972511078487586,0.0009288034113409454,0.0003998934142866643,0.0012856392506879297,0.9945049947058905
348,3,3,0.9980193218820352,0.00034902162763992254,0.0003830449653325656,0.9980193218820352,0.0004669182743662787,0.00037777519304270596,0.00040391805758328684
349,4,4,0.9978374821114095,0.000616153410007672,0.00028333879840549585,0.0004507008699149373,0.9978374821114095,0.0003621671342380521,0.00045015767602425716
351,4,4,0.9980551401194919,0.0004413330637285534,0.0003316241622960255,0.00042015720315786135,0.9980551401194919,0.0004068813157442456,0.00034486413558142983
352,3,3,0.9979635827633915,0.00032959204393606624,0.00039206819123432235,0.9979635827633915,0.0005249653079556629,0.00046083178476616636,0.0003289599087163401
353,2,2,0.994568864119832,0.00021745723775917184,0.994568864119832,0.0003119074804719485,0.0002626399031449967,0.0040221672233932285,0.0006169640353986355
355,2,2,0.9977525414676481,0.0003264722357548614,0.9977525414676481,0.0003992977942077796,0.00032569539627041576,0.0005209106301553372,0.0006750824759635093
356,5,5,0.9968367914238642,0.0005880604910622713,0.0006624699147841192,0.0004570981555893054,0.00046599691483868136,0.9968367914238642,0.0009895830998614657
357,5,5,0.9951160496813093,0.001018500243915171,0.000780017274133639,0.0006176803481512753,0.0005395020419681336,0.9951160496813093,0.0019282504105224876
358,3,3,0.9978527190441414,0.00043462463521764725,0.0003905717132328274,0.9978527190441414,0.0005470267040719473,0.00043873264054396,0.0003363252627922862
360,5,5,0.9961908010901221,0.0005886365630148029,0.0006042968687538176,0.0006166887560765576,0.0005352433151537437,0.9961908010901221,0.001464333406878908
361,3,3,0.9980674171943775,0.0002848722445210779,0.00041237021493967485,0.9980674171943775,0.00042583166755974706,0.00046436621509964173,0.0003451424635024161
362,6,6,0.9927213495067714,0.0018012385749474659,0.0013907043784224008,0.0009090958942594229,0.00042782594584232694,0.0027497856997569705,0.9927213495067714
363,2,2,0.9976109381256955,0.0002768584267945243,0.9976109381256955,0.00030652067278809223,0.0002653978038898649,0.0009957577682309807,0.0005445272026011014
364,2,2,0.9978303724208281,0.00036514538851341186,0.9978303724208281,0.00041021465627665466,0.0003361740922462483,0.000494074621450037,0.0005640188206855641
366,4,4,0.9979777649646534,0.000490355931410535,0.00036407888260354265,0.000504348643572941,0.9979777649646534,0.000381466439671782,0.00028198513808780855
369,4,4,0.9980802581035078,0.00046918651999218594,0.0002851058683646671,0.0005000467085485358,0.9980802581035078,0.00034754438249712634,0.00031785841708968085
373,4,4,0.9980965863167448,0.0004086002642365017,0.0003211866235502462,0.0004540433316913155,0.9980965863167448,0.00037473228424029993,0.0003448511795367819
374,3,3,0.9978769487025803,0.00040303319877881867,0.00046698458454394606,0.9978769487025803,0.0005228290987664146,0.0004143550247819329,0.00031584939054862956
376,2,2,0.9966127893774468,0.0001965062142880324,0.9966127893774468,0.000319015216311421,0.00027780323433494465,0.002053816917188285,0.0005400690404306283
377,6,6,0.9942941889845524,0.0015249280852867352,0.0015225762630431418,0.0009428553978339424,0.0004377627756177341,0.0012776884936660728,0.9942941889845524
378,1,1,0.9983768281339502,0.9983768281339502,0.00020115286168317836,0.00031502277402132125,0.00042165622191092357,0.0003152418676791705,0.00037009814075518037
380,3,3,0.9980406425091897,0.00034606198633920513,0.0004124743971381274,0.9980406425091897,0.00046164616398668487,0.00039835935914107906,0.0003408155842052641
381,3,3,0.9979035072912101,0.0004051088347572336,0.000474520803864941,0.9979035072912101,0.0005651394836344765,0.00031520119069884775,0.0003365223958344044
382,2,2,0.9977145431951814,0.00037555103500052484,0.9977145431951814,0.00044695038711394636,0.0003609712379563289,0.00048572414078373985,0.0006162600039640722
383,2,2,0.9977147645799435,0.00034799195858600926,0.9977147645799435,0.00051124463842762,0.00042381263795839084,0.00047813522241625114,0.0005240509626682169
384,4,4,0.9980413406569226,0.0004741138595912257,0.0003525257455327679,0.000462749134517508,0.9980413406569226,0.00035645255055377054,0.00031281805288220293
385,2,2,0.9976649896609311,0.00029938296653947953,0.9976649896609311,0.0006069016173719856,0.00038689128202904567,0.00053295914944263,0.0005088753236858168
386,1,1,0.9983643737317834,0.9983643737317834,0.00020544325212396383,0.00028469677930002905,0.00038819122118822694,0.0002741889869928728,0.00048310602861148055
387,4,4,0.9980930612845833,0.0004052051098799008,0.00031637578558524625,0.0005023282700849376,0.9980930612845833,0.0003520588610592162,0.00033097068880740243
388,4,4,0.9980641033550111,0.00045796414376620456,0.0003250451320569508,0.0004501169661883759,0.9980641033550111,0.0003450947294125146,0.0003576756735649497
390,3,3,0.9979309181242494,0.00039547902521737583,0.0003911012274149162,0.9979309181242494,0.0005212756358787615,0.0004312962913864266,0.0003299296958531147
391,2,2,0.9976543129496898,0.0002851856269372684,0.9976543129496898,0.00028049740705175504,0.0002695408620324491,0.0009586627645908382,0.0005518003896979651
392,5,5,0.99547651119376,0.00034110110180035863,0.0025882647919308233,0.0005164840088950457,0.0003630185264090566,0.99547651119376,0.0007146203772046602
393,4,4,0.9980003538987633,0.00042391654860251426,0.0003602907496675695,0.0005069063756765724,0.9980003538987633,0.00039036917740996384,0.00031816324988011367
394,5,5,0.9927750907939662,0.0019370906680744883,0.0010967276848232916,0.002166421170557838,0.0003762957671094918,0.9927750907939662,0.0016483739154686393
396,5,5,0.9970124934410822,0.00039297679804201595,0.0007475631990881648,0.0005015578923008552,0.0004931553836388725,0.9970124934410822,0.0008522532858478869
397,6,6,0.9944197921014613,0.0014682225288029413,0.0014547870359900505,0.0008817790417969717,0.0004254402757705669,0.0013499790161781726,0.9944197921014613
398,5,5,0.9964822741877024,0.00034906197846043855,0.0017338465335266745,0.000315182121396431,0.0003090376041648961,0.9964822741877024,0.0008105975747491184
402,4,4,0.9980248506213281,0.00041356521892679197,0.0003683692734998613,0.0004732759417874109,0.9980248506213281,0.00038999865627103016,0.00032994028818691
403,4,4,0.9980135659976173,0.0004066297058445769,0.00030441478826278884,0.0005811201701711034,0.9980135659976173,0.0003388577438085041,0.0003554115942957868
404,1,1,0.9980761779471511,0.9980761779471511,0.00028027876200991807,0.0003602689597457385,0.0005092255798722249,0.0002916920921634674,0.00048235665905763635
405,4,4,0.997828574663723,0.0005955672881330602,0.000344092781902748,0.0005021496467235824,0.997828574663723,0.0004409920269321617,0.00028862359258544534
406,6,6,0.9947652018998693,0.0012869000712164532,0.0013929751555328304,0.001010414951486314,0.0003995392047850298,0.0011449687171100928,0.9947652018998693
407,5,5,0.9876783175679711,0.00048472102148962667,0.009061621375880497,0.0002982424604279871,0.0004704939910565199,0.9876783175679711,0.0020066035831743136
408,1,1,0.9979964432515397,0.9979964432515397,0.0002725063677896601,0.0003504768725303145,0.00036454810964756833,0.000415199196523059,0.0006008262019697157
409,1,1,0.9984028732451664,0.9984028732451664,0.0001949096233430423,0.00034354956498843154,0.0003743637433023595,0.00026418018094465773,0.0004201236422552285
412,4,4,0.9980453906639064,0.00045163583175256665,0.00033986666720127305,0.0004567748409521349,0.9980453906639064,0.0003841872927967225,0.00032214470339088374
413,3,3,0.9979818592036372,0.0004224803799364328,0.00037996719441821285,0.9979818592036372,0.00048473221890354355,0.0003563466722447834,0.00037461433085978326
414,5,5,0.99538272523648,0.0006982939914577895,0.0006414200941297698,0.0007640136498580605,0.0005800505857846726,0.99538272523648,0.0019334964422896876
415,3,3,0.997947045671829,0.0003350725775091595,0.00044604545487670776,0.997947045671829,0.0005674627075533978,0.0003263269927981646,0.00037804659543359766
417,1,1,0.9983702914542069,0.9983702914542069,0.0002130817178115398,0.000328867444305037,0.00041614391870100964,0.00024798662359217064,0.0004236288413833907
418,1,1,0.998366165102249,0.998366165102249,0.00018724630803867824,0.00033513484193437585,0.0004539747882606412,0.0002646094306048594,0.0003928695289125339
420,1,1,0.9983627188876879,0.9983627188876879,0.0002415610355588156,0.00030048049582263734,0.0003112565104659431,0.0003165394092914695,0.00046744366117319557
421,2,2,0.9978840770864733,0.0003060673425852182,0.9978840770864733,0.0004068736671769201,0.0003228602524620896,0.0005322547419032015,0.0005478669093993022
422,6,6,0.9946595449481256,0.0013003256976136504,0.0014620846808809423,0.0009995466716365387,0.0003875394998910324,0.0011909585018521995,0.9946595449481256
423,2,2,0.9975707616329028,0.00036046948999673387,0.9975707616329028,0.0003708287941906646,0.0003024948373178364,0.0005426297152157155,0.0008528155303763193
424,5,5,0.9965154072943102,0.0005484342768742409,0.000845658197338302,0.0004360964001118746,0.00035341497775670283,0.9965154072943102,0.0013009888536086832
425,1,1,0.9983431257745626,0.9983431257745626,0.0002210795099201768,0.000347531988159383,0.00044381718150285533,0.00026195191142190107,0.00038249363443309446
426,1,1,0.9982668252151683,0.9982668252151683,0.00024032876713817448,0.0002887015951204199,0.00038401589541527754,0.00036592329315999236,0.00045420523399787523
427,4,4,0.9979971762314869,0.0004965537570448062,0.0003646916417658399,0.0004461159190754417,0.9979971762314869,0.00039538800324189557,0.0003000744473851727
429,1,1,0.9981922191087372,0.9981922191087372,0.00019333230980255508,0.00032232486328021226,0.000496083914060524,0.00036231507233984135,0.00043372473177965924
430,5,5,0.9966764859363473,0.00031820758737713644,0.001444420021669842,0.00038107078690346335,0.0003737263767784438,0.9966764859363473,0.0008060892909239044
431,1,1,0.9983956966882618,0.9983956966882618,0.00020151015466538284,0.0003300906245357137,0.00038299728231855676,0.00028042438709214977,0.0004092808631263709
432,4,4,0.9979681025459783,0.0005180385635168694,0.00035160582113374645,0.00047775082609666144,0.9979681025459783,0.000388204647731249,0.000296297595543138
433,3,3,0.9980090725870481,0.00038210229959746483,0.00044333518281274503,0.9980090725870481,0.00047890221472441497,0.00034366650332657173,0.00034292121249050614
434,2,2,0.9795678480679303,0.0003160738533992584,0.9795678480679303,0.00036698355845806596,0.000321207187444293,0.01848612693988708,0.0009417603928809942
436,3,3,0.998013294549273,0.00037766467650304054,0.00043430029608961413,0.998013294549273,0.0004525655406113952,0.00037175598752337946,0.00035041894999965616
437,6,6,0.9939991946155013,0.0012949938491171704,0.0016778632185409585,0.0008460647249391254,0.00040229061648092824,0.001779592975420461,0.9939991946155013
438,2,2,0.9976317445933178,0.0002718552920084758,0.9976317445933178,0.0003906613860890772,0.00026358520512727274,0.0008281631789542907,0.0006139903445030469
439,5,5,0.9968981911427647,0.0005253696670185244,0.0007233733317197739,0.00041255859075162274,0.00042579184074959073,0.9968981911427647,0.0010147154269958165
440,5,5,0.9940167763842533,0.000989887873192838,0.00202816237839798,0.0005503894117175485,0.000686623744941668,0.9940167763842533,0.0017281602074966785
441,5,5,0.9962668887641873,0.000587441310697272,0.0006858043983500646,0.00047683386337797666,0.000638692224154194,0.9962668887641873,0.0013443394392331535
442,5,5,0.9968579061485217,0.0004948015679719313,0.0006395240355724347,0.0005519715623252526,0.0004913001442509274,0.9968579061485217,0.0009644965413577466
444,4,4,0.9980262530985362,0.0004016181291719321,0.00033144096072739034,0.0004678816761922753,0.9980262530985362,0.00034251674422579857,0.00043028939114641554
445,1,1,0.9983688329906012,0.9983688329906012,0.00022627866800778773,0.0002864830938928275,0.00038626067858481267,0.00030938568191198957,0.0004227588870013526
446,1,1,0.9982947243036305,0.9982947243036305,0.00021788836008401375,0.0003649962866474583,0.0004628463112650624,0.0002117713311044811,0.0004477734072685787
447,6,6,0.9947367587581707,0.0012969895394408083,0.0013861033753055651,0.0009437519155666984,0.00041724937616695107,0.0012191470353492685,0.9947367587581707
451,3,3,0.9979396711927309,0.0004109824470079598,0.00046616849141540976,0.9979396711927309,0.00046223624368026307,0.0003513204661950085,0.00036962115897053665
453,1,1,0.9980351928972021,0.9980351928972021,0.00023180437063515107,0.0003446471905804072,0.0005656125386967803,0.00035074744039380215,0.00047199556249173603
456,1,1,0.9982678370140933,0.9982678370140933,0.00025782014116231553,0.0003905542515960983,0.0003980694723063699,0.00030266262765678867,0.00038305649318527636
457,6,6,0.9946748679456475,0.0013666295889235912,0.0014331179925136238,0.0008897804082446514,0.00039268613609296546,0.0012429179285776495,0.9946748679456475
458,4,4,0.9979974754423863,0.0004162826279037256,0.0002996681470818288,0.0004905138692805357,0.9979974754423863,0.000434630061206796,0.00036142985214085915
459,3,3,0.9979745662209147,0.0003404576069304803,0.0004123503334686749,0.9979745662209147,0.0005449508922197144,0.0003587652570977512,0.0003689096893686884
461,3,3,0.9979324135481664,0.0003586656165548893,0.00043286731507288074,0.9979324135481664,0.0005670199636112922,0.0003956680512132206,0.0003133655053810969
462,5,5,0.9965494585403083,0.0003357913825121962,0.0008677444045810629,0.0007655422201007441,0.00039304947795694515,0.9965494585403083,0.001088413974540706
463,3,3,0.9980817569321788,0.00028733389746420334,0.0003946559844112022,0.9980817569321788,0.00043367612837520497,0.00043964642966994586,0.0003629306279006352
466,1,1,0.9983068821679492,0.9983068821679492,0.00022223344939226045,0.0003531287276833233,0.0004899238756415918,0.00024660729359465806,0.00038122448573905867
467,5,5,0.9969903938188812,0.000426159888980706,0.000625909508518267,0.0005495408864885894,0.00042494072958212877,0.9969903938188812,0.0009830551675491113
469,1,1,0.9983777705925077,0.9983777705925077,0.00020054528780413922,0.0003371561191204692,0.0004455452836462201,0.0002829930708607304,0.0003559896460607414
470,1,1,0.99833310358152,0.99833310358152,0.000191836921738744,0.00031402633527440597,0.0004442116193084997,0.00029180002950833495,0.0004250215126499642
471,1,1,0.9980439625333816,0.9980439625333816,0.00021353987902857484,0.00034451546431653096,0.0005804331081525864,0.0003137375757659545,0.0005038114393547362
472,1,1,0.9983411872492911,0.9983411872492911,0.00020878831532073166,0.00030309590040851275,0.00037445057533966146,0.0002606585872437855,0.0005118193723959927
473,3,3,0.9980112421937611,0.00032990307885676974,0.00039840349295571317,0.9980112421937611,0.00045579145195855385,0.000352602905416221,0.00045205687705178655
474,3,3,0.9979572952545565,0.000378504682315414,0.00039056868649452317,0.9979572952545565,0.0005249031582579813,0.0003332858833375531,0.00041544233503808725
476,5,5,0.9965787350699056,0.0005428672204873308,0.0006279713594096742,0.0006262716957415714,0.0005225780675259522,0.9965787350699056,0.001101576586929897
479,1,1,0.9983168075103758,0.9983168075103758,0.0001926351249159512,0.0003376630807352324,0.0004566847287669203,0.0002978780602392854,0.0003983314949668374
480,4,4,0.9980004693551578,0.0004439579614878699,0.00030339178266817877,0.0005635976125412456,0.9980004693551578,0.00034450210842792625,0.0003440811797169069
482,6,6,0.9938842706873238,0.0016129210211089703,0.0018758503819526163,0.0009099399951987749,0.0004117661759647728,0.0013052517384510667,0.9938842706873238
483,6,6,0.9922346767302078,0.0029662965361257785,0.0017678291232554007,0.0010077749305603494,0.0005024126578204213,0.0015210100220302567,0.9922346767302078
484,2,2,0.9977337858887708,0.00024088129058999993,0.9977337858887708,0.0004665902020822937,0.0003393311771825649,0.0007050864193232567,0.0005143250220512137
485,4,4,0.997860235838857,0.0004416371445753796,0.0003455648197995911,0.0005351983035906973,0.997860235838857,0.00043516974968924553,0.0003821941434881368
486,2,2,0.9975882785760829,0.0003461724560598428,0.9975882785760829,0.0005713643632395687,0.000314803358009475,0.00047294734476320137,0.0007064339018450002
487,3,3,0.9974792721707899,0.000432762183622649,0.0006759597893225792,0.9974792721707899,0.0006118831732484578,0.000329317431493428,0.0004708052515230329
488,3,3,0.9978418852919801,0.0003619358649742493,0.00033071580612068825,0.9978418852919801,0.0005488088048874645,0.00045212654462756615,0.0004645276874099342
489,1,1,0.9982841872393552,0.9982841872393552,0.00019719650088451018,0.0003497293892653092,0.0005275634604857511,0.0002722788848055933,0.00036904452520364643
490,4,4,0.9979972449822827,0.000539260054455776,0.0003429907154020154,0.0004692555327678763,0.9979972449822827,0.0003461317754728862,0.0003051169396185474
491,5,5,0.9965475066741175,0.0003957551326595091,0.0006677858673932373,0.0006241931611948583,0.0005061334163371929,0.9965475066741175,0.0012586257482977536
492,3,3,0.9979398041397746,0.00036698985754135327,0.00044891615392280267,0.9979398041397746,0.0005110198597155527,0.00042128456876237895,0.00031198542028329626
493,1,1,0.9983647852299139,0.9983647852299139,0.0002161646199996766,0.0003025104932746097,0.000341093268182146,0.0003151469694946149,0.0004602994191352155
494,2,2,0.9976941195047202,0.00026562607399369207,0.9976941195047202,0.00033185911910295823,0.0002836100592289522,0.0008181176163169393,0.0006066676266373485
495,3,3,0.9979041894962299,0.00035735190900243837,0.0004440190713663255,0.9979041894962299,0.0005016944527878563,0.0003748850170368173,0.00041786005357656906
497,4,4,0.9979056664472773,0.0005227793293368084,0.0003806740777149068,0.00048203012276808963,0.9979056664472773,0.00039196994431967745,0.00031688007858320333
500,6,6,0.994783065915293,0.0012775513559759098,0.0013479650443096569,0.0009415214525898534,0.0004152751196346994,0.0012346211121969511,0.994783065915293
501,5,5,0.9967107410365925,0.00044280573686190206,0.0006204832396057337,0.00057884566647404,0.0004803920564568043,0.9967107410365925,0.0011667322640090212
502,4,4,0.9971514539526232,0.0006723653773224768,0.00024945990787488757,0.0009810470702430667,0.9971514539526232,0.00041173923170137293,0.0005339344602351163
505,4,4,0.9979149838456153,0.00047732645727416035,0.00034981967775306555,0.0004703001222764072,0.9979149838456153,0.00042597620493834033,0.0003615936921427924
508,5,5,0.99650775524382,0.0005489486201273881,0.0006502236688711334,0.0004943796919286105,0.0006400189340683074,0.99650775524382,0.001158673841184605
511,5,5,0.9967353257021895,0.0006786181239578526,0.000709033490983821,0.0003832189445543699,0.0004282452792269895,0.9967353257021895,0.0010655584590874814
512,5,5,0.996271414580524,0.00043922100004890684,0.0006171225951297298,0.0006214647121971644,0.0006240327760991732,0.996271414580524,0.0014267443360010265
513,3,3,0.9961382600289705,0.0006568999864471118,0.0006901225322941354,0.9961382600289705,0.001575268199797998,0.0004842436684835978,0.0004552055840066512
514,4,4,0.9979033607411837,0.0005519163094996465,0.00038196162823341337,0.00046620644008328117,0.9979033607411837,0.0004174805212448918,0.0002790743597550878
515,5,5,0.9913198047479849,0.000354117266438153,0.0016985362805438991,0.0023468867155034827,0.0006623909954557166,0.9913198047479849,0.0036182639940738294
517,1,1,0.9983676260443011,0.9983676260443011,0.0002196874742949599,0.0003059065549823765,0.00038242660936785685,0.0002702516262538785,0.00045410169080000416
518,5,5,0.9964111724278386,0.0005257195589965611,0.0007634086280902627,0.00041197576191732814,0.0004937572076316613,0.9964111724278386,0.0013939664155255866
519,4,4,0.997972430018558,0.0005435045465951317,0.00034727642238680304,0.0004693848610539619,0.997972430018558,0.00036952772688586744,0.00029787642452024185
521,1,1,0.998322628933358,0.998322628933358,0.0002118841181103505,0.0003279894951076826,0.00037516170373803393,0.0003094805386705693,0.0004528552110153608
522,3,3,0.9979698649227813,0.0003519664376414188,0.0004236562776097851,0.9979698649227813,0.0005229491233302725,0.00040810289866011765,0.0003234603399770802
523,4,4,0.9980053382306769,0.0004931706973059645,0.0002829384778945171,0.0005405921879782207,0.9980053382306769,0.00034239478090289697,0.0003355656252414141
524,4,4,0.9979528497155385,0.0004977586949424508,0.00038543530999835056,0.0004668813925186416,0.9979528497155385,0.0004005155475271025,0.0002965593394749454
525,1,1,0.9983365060534749,0.9983365060534749,0.00022018462593807037,0.0003315085911255359,0.0004529729269899771,0.0002654510773094011,0.0003933767251621573
526,6,6,0.9946839296744721,0.0013935475261341106,0.001394229487095089,0.0008876924477417321,0.0004102147684357436,0.0012303860961212542,0.9946839296744721
527,6,6,0.9946522913029006,0.0013588302809602625,0.0014553158837102408,0.0009152248569687247,0.0003709517843293327,0.0012473858911308646,0.9946522913029006
529,2,2,0.9978367725441935,0.0002646404303778397,0.9978367725441935,0.0005254219843212842,0.00033798801183548035,0.0005029683235105987,0.0005322087057613371
535,2,2,0.9977765497864939,0.00034295114996073337,0.9977765497864939,0.0003271732652652051,0.0002835626604144152,0.0006305413438796433,0.0006392217939861113
537,4,4,0.9980599094492754,0.0004746085524698897,0.0002884766672395849,0.000486321126880133,0.9980599094492754,0.00034149691861246566,0.00034918728552236865
539,3,3,0.9980082766078487,0.0003171200697179208,0.0003995565211435889,0.9980082766078487,0.0005034346659509872,0.00030256661248507144,0.000469045522853657
540,5,5,0.9967843549433815,0.0003906393931178221,0.0006366312317618719,0.0005762871153167409,0.0004317973909195776,0.9967843549433815,0.0011802899255025881
541,1,1,0.9982308179154101,0.9982308179154101,0.00020576241073923485,0.00037106421301129306,0.0005063203574734981,0.0002784801605519073,0.0004075549428140342
543,2,2,0.9977901862671609,0.00032859016199986103,0.9977901862671609,0.000383220064753738,0.00032461489855070214,0.0005110207581288985,0.0006623678494059041
544,4,4,0.9979657808690983,0.0004554322039008694,0.0002604604170112112,0.0005494200057933572,0.9979657808690983,0.00033270820862145044,0.00043619829557488765
545,3,3,0.9980539597325683,0.00032065044993158213,0.0004181556211469373,0.9980539597325683,0.0004955409931895561,0.00036095669605223213,0.00035073650711137105
546,4,4,0.9979736365467482,0.000539522277272845,0.0003497214984527058,0.0004645478111456402,0.9979736365467482,0.0003717394487573638,0.0003008324176232759
548,1,1,0.9983253979894924,0.9983253979894924,0.0002055792845981424,0.0002706647475528675,0.00044891255247002523,0.00032712259832965644,0.00042232282755690607
549,2,2,0.9964701404768819,0.000650642004586841,0.9964701404768819,0.0009373601500126696,0.0006546097299791548,0.0006808493955040241,0.0006063982430354799
550,4,4,0.9979890013915028,0.00041247153972161915,0.00031106966746845965,0.0005855443552375013,0.9979890013915028,0.0003419735971745077,0.00035993944889513784
551,3,3,0.9979627826685258,0.0003522677986246124,0.0003640003087960495,0.9979627826685258,0.0005440510305196668,0.00037750349592414594,0.0003993946976097501
552,3,3,0.9977999127740349,0.0003541583647561474,0.0006373233498615525,0.9977999127740349,0.0005235511238026656,0.00033223791307230275,0.0003528164744724214
554,5,5,0.9964679995237414,0.0005350270352581885,0.0006557673671618796,0.0004774277578360213,0.0006193907786299476,0.9964679995237414,0.0012443875373725616
555,6,6,0.9943336670906037,0.0014910515798528012,0.00148360786744357,0.0008622326206782491,0.00042993117320873754,0.0013995096682129695,0.9943336670906037
556,6,6,0.9946056157704588,0.0013828814470199526,0.0014319457328786373,0.0009695773042127807,0.00039733696627156675,0.0012126427791583024,0.9946056157704588
557,5,5,0.9966464582147875,0.0004577792398262841,0.0005996450747790866,0.0005461124788710168,0.000494561912013463,0.9966464582147875,0.0012554430797227134
560,3,3,0.9979437758036662,0.0004517263787840444,0.00040023107586335956,0.9979437758036662,0.0004940037994010492,0.0003723176190379301,0.00033794532324746523
561,5,5,0.9900626362653724,0.005979571172911385,0.001780899540478925,0.0004603874002648528,0.00034804348907960594,0.9900626362653724,0.0013684621318928887
562,2,2,0.9977483136500988,0.00035480683376725076,0.9977483136500988,0.0004522068185548998,0.000353941314954759,0.0004733151573614369,0.0006174162252628552
563,4,4,0.9979291054432535,0.0005259095344337574,0.00033013588835530073,0.000491255956574276,0.9979291054432535,0.00037704264314785573,0.00034655053423522994
564,2,2,0.9975858183829481,0.00035651996008633803,0.9975858183829481,0.0006782818541775349,0.0003367707692373189,0.0005241876005578734,0.0005184214329928496
565,1,1,0.9983887350618745,0.9983887350618745,0.000215548098240993,0.00032419998434338827,0.0004217829128283607,0.0002797319812873853,0.00037000196142537834
566,6,6,0.9944802589228627,0.0014132869058828797,0.001469328078032281,0.0009429612027271964,0.00042574195243420105,0.001268422938060751,0.9944802589228627
567,4,4,0.9978890290542429,0.0005769268879914973,0.0002848265127561371,0.0005855104811103047,0.9978890290542429,0.00036181354029452776,0.00030189352360462577
568,6,6,0.9946585732968086,0.0013832082646068077,0.0013840475026985935,0.0008780216251192768,0.00039517927781997813,0.0013009700329467576,0.9946585732968086
569,1,1,0.9983808251603801,0.9983808251603801,0.00018918780599592625,0.00031636318283201267,0.0003997064480310748,0.0002719533310995695,0.00044196407166134546
570,2,2,0.997763632851618,0.0003483358718067372,0.997763632851618,0.0004529136013479125,0.0003805206375726731,0.0005030818298126821,0.0005515152078420061
573,6,6,0.9945977117124937,0.0013836098901961198,0.0014433276929637225,0.0009579841067145163,0.00040577665020369774,0.0012115899474282488,0.9945977117124937
574,4,4,0.9980428987721534,0.0004997981965947555,0.000338226833473993,0.00047334069125187274,0.9980428987721534,0.0003406444594636857,0.000305091047062374
575,2,2,0.9976624210052228,0.0003539611338288349,0.9976624210052228,0.0005399428169751757,0.0004478253522466483,0.00044034796705212306,0.0005555017246744031
576,3,3,0.9978459985186001,0.0003959631104845092,0.0004855582040149691,0.9978459985186001,0.0005029808918216094,0.0003584787741717432,0.0004110205009070274
577,6,6,0.9946471019933514,0.0013932845551116767,0.0013648577957000756,0.0009843179884819356,0.0004105150068507781,0.0011999226605041297,0.9946471019933514
578,5,5,0.9965748193501471,0.0006329421508417104,0.0006842541799419545,0.00038609110081037527,0.0005422648650863582,0.9965748193501471,0.0011796283531724588
580,4,4,0.9980730135255045,0.00042792434300253685,0.00032644443435567893,0.00043308130909257183,0.9980730135255045,0.00036241074544930956,0.0003771256425954656
581,1,1,0.9982576959124421,0.9982576959124421,0.00023699765636687347,0.00037185290469211966,0.00045407033327285473,0.00031626082752685136,0.00036312236569922444
582,4,4,0.9980425958395396,0.0004694138537152409,0.00034425355688005264,0.0004467567833582402,0.9980425958395396,0.0003783490148249746,0.0003186309516818957
583,6,6,0.9943849945511238,0.0013727622441287962,0.001405146890876111,0.0010124590384050225,0.00038910715003651725,0.0014355301254296827,0.9943849945511238
585,3,3,0.9978818031448484,0.00033133771086099904,0.0003837041796543818,0.9978818031448484,0.0004588251020524549,0.0006031740900222845,0.00034115577256149145
586,2,5,0.9953488985680226,0.0003344202107081724,0.0013337497306062024,0.0012520664618854154,0.000434874255092923,0.9953488985680226,0.0012959907736847266
587,4,4,0.9979999815387416,0.0004923015443177375,0.0003611892226451975,0.00046424187155347875,0.9979999815387416,0.0003836283053772932,0.0002986575173647284
588,5,5,0.9968070996071299,0.0004462235088792335,0.0007492118757062969,0.0004216765233347662,0.0005072540376947922,0.9968070996071299,0.0010685344472550335
589,4,4,0.9980813570141183,0.00045541067021656243,0.00031255742443311765,0.00041604334364125835,0.9980813570141183,0.0003723884988395821,0.00036224304875118673
590,4,4,0.9979883205760613,0.0004452733695532859,0.0003502431256989992,0.0005258853124699898,0.9979883205760613,0.0003918405652068916,0.00029843705100952525
591,4,4,0.997607451557513,0.0006857906577296611,0.00026689568285727513,0.0006369992510025758,0.997607451557513,0.0003876134799700126,0.00041524937092749724
592,5,5,0.9970306011527877,0.00044098326986723835,0.0007001147502579858,0.0004987636857003771,0.0004779983067015086,0.9970306011527877,0.0008515388346851363
593,2,2,0.9978527753843324,0.00033750739203149436,0.9978527753843324,0.00038332945099790023,0.0003223722946563286,0.000551852033502219,0.0005521634444797135
594,6,6,0.9935260598500699,0.0017267700033233037,0.0015534491331557535,0.0008291646610241741,0.0004085177909887021,0.0019560385614381223,0.9935260598500699
598,5,5,0.9953202833512443,0.0013320240264768635,0.0006808456538858117,0.0005333515122847455,0.0005339869653335111,0.9953202833512443,0.0015995084907746843
599,1,1,0.9982104690165029,0.9982104690165029,0.00024047774267846312,0.00034898628559148787,0.0005254040211145354,0.0002951997563643752,0.00037946317774830774
600,2,2,0.9976963246655433,0.00035574173121425383,0.9976963246655433,0.0005718972445559503,0.00035537045365485504,0.0004175959556088942,0.0006030699494227842
601,2,2,0.9901053015249817,0.0006231989228948905,0.9901053015249817,0.005435448167172042,0.000647452311167185,0.0024290557359618156,0.0007595433378224564
602,3,3,0.9978597678012938,0.00029977713464651815,0.0003319097713703969,0.9978597678012938,0.00047550137578024034,0.0006003201656890274,0.0004327237512200133
603,5,5,0.9958725476565831,0.0006467923460252383,0.0005974282919209078,0.0007269027340684524,0.0005172493352537922,0.9958725476565831,0.001639079636148581
604,3,3,0.9980164540623436,0.00031072421577314633,0.0003741958268583358,0.9980164540623436,0.0004911768954001471,0.0004167437342749362,0.00039070526534988343
605,6,6,0.993796863835461,0.001347880118857453,0.0020511579429473457,0.0011815485981041206,0.0003831878982529801,0.0012393616063771488,0.993796863835461
606,3,3,0.9979428105988242,0.00039978281401314845,0.0004462737414701204,0.9979428105988242,0.0004881365192991541,0.0003834062621728806,0.0003395900642203572
607,3,3,0.9980309049357549,0.0003486796728183523,0.0004352817825983333,0.9980309049357549,0.00045735619275839097,0.00039689610246405833,0.000330881313605999
608,2,2,0.9978586415745494,0.0003455426685367186,0.9978586415745494,0.000385345447718594,0.0003268689804487782,0.0005233577987780221,0.0005602435299685285
609,3,3,0.9979673285037595,0.0003988210039957365,0.00040869232504898414,0.9979673285037595,0.00044918911291555165,0.000448404153484085,0.000327564900796131
611,6,6,0.9941649782717954,0.0013498217691785006,0.001553803526795235,0.0008598976784906265,0.0003809211970802619,0.0016905775566600034,0.9941649782717954
613,3,3,0.997968000008333,0.0003939074921648657,0.0004339013688521945,0.997968000008333,0.00048152216701831516,0.0004050838298544689,0.00031758513377714616
619,5,5,0.996642986587283,0.0005122194618334187,0.0008321928072871475,0.00039623853919596694,0.0006207746582516698,0.996642986587283,0.0009955879461488347
620,6,6,0.99449453627102,0.0013952660914424314,0.0014831913277927222,0.0009002361096591348,0.00040825591838745083,0.0013185142816982695,0.99449453627102
621,3,3,0.9979319270685294,0.00040377654893312617,0.00039422603994605435,0.9979319270685294,0.0005357696047092142,0.0004056989732919833,0.00032860176459021073
622,2,2,0.9977456474810071,0.00027353368049633816,0.9977456474810071,0.0003217164141653253,0.0002542768968165403,0.0008814294195326724,0.0005233961079819677
623,6,6,0.9945911713573957,0.0013819404340469803,0.0014476211433742264,0.0008850620315194526,0.0004181335076448809,0.001276071526018765,0.9945911713573957
624,2,2,0.9976172344163662,0.00030198403729500995,0.9976172344163662,0.00031165593912568253,0.00027259981908353786,0.0006904827655653859,0.0008060430225642939
625,5,5,0.996945337315012,0.0005439168975964094,0.0006662989140546505,0.00042343876644524423,0.00048226089746073315,0.996945337315012,0.0009387472094310137
626,1,1,0.9983624868677811,0.9983624868677811,0.0001850828567284782,0.00033385775344781527,0.0005023481816512123,0.0002445735166661352,0.00037165082372534743
628,5,5,0.9963138489596538,0.0006243206312644722,0.0006264748967494866,0.0007136618218882021,0.0005754229374984801,0.9963138489596538,0.0011462707529455649
629,1,1,0.9983945992369204,0.9983945992369204,0.0002058293470235206,0.0003229274657398319,0.00039596701569267817,0.0003045696438688885,0.0003761072907546105
630,1,1,0.9983246525128192,0.9983246525128192,0.0002343293517508218,0.0003389835807492002,0.000451219458237871,0.00026329826678925976,0.0003875168296534446
631,2,2,0.9978517085466225,0.0003034400005053986,0.9978517085466225,0.0004135476891151055,0.0003331343506092103,0.0005315663816993863,0.0005666030314484515
632,4,4,0.998050776199531,0.00045223194601557717,0.00032355412152666166,0.0004473131654114289,0.998050776199531,0.0003566390096114183,0.0003694855579037681
633,4,4,0.9980859324275748,0.0004400138321529429,0.00032296773409714203,0.00045319193117175286,0.9980859324275748,0.0003340846705822477,0.00036380940442105647
634,2,2,0.9975923523913428,0.00032711630282469605,0.9975923523913428,0.00048120713861349665,0.0003414716211431326,0.000787115626494193,0.00047073691958171565
638,6,6,0.9944435010034963,0.001357268808734934,0.0013425357508983328,0.000838491737335787,0.00041474795887010986,0.0016034547406644768,0.9944435010034963
640,4,4,0.9980605913876479,0.0004125902271287513,0.0003283007946173477,0.00047257461554154554,0.9980605913876479,0.00039718944128425224,0.00032875353378021506
642,1,1,0.9982996873230956,0.9982996873230956,0.00024044488247190266,0.0003624221681105436,0.0004208914671778005,0.00025288397490070614,0.0004236701842434631
643,2,2,0.9977293465290653,0.00025497571679261333,0.9977293465290653,0.0003894277733019298,0.0002451995644935066,0.0008095943752730883,0.0005714560410735147
644,2,2,0.9978097729939919,0.0002654223526174184,0.9978097729939919,0.00033479188999408746,0.0003013638684423315,0.0007795351482194825,0.0005091137467348049
645,4,4,0.9979868288080324,0.0004064311358907094,0.0003091979997603796,0.0005956032756849303,0.9979868288080324,0.0003337512434666208,0.00036818753716500526
648,2,2,0.9973464506469029,0.0002867328436202961,0.9973464506469029,0.0002706243092215503,0.0002685523492209803,0.0010843145965653167,0.0007433252544690305
649,1,1,0.9982488222767636,0.9982488222767636,0.00021635068843005458,0.0002696690517059533,0.00042711754501480816,0.000351372992198406,0.00048666744588719585
651,1,1,0.9983371718329368,0.9983371718329368,0.00021051856051610782,0.00037319167416149967,0.00042950514262648885,0.00026658448634563943,0.0003830283034134522
652,5,5,0.9968794905158201,0.0003835805815248786,0.0007390452321090278,0.0005557962173686426,0.0004590801693191364,0.9968794905158201,0.0009830072838582
653,3,3,0.9979179395525702,0.0002795576553896959,0.0003546719052405316,0.9979179395525702,0.0004995621804165364,0.0004959043528359299,0.0004523643535470768
654,5,5,0.9964662086292121,0.00047440325720295905,0.0006899104093061534,0.000495935116040602,0.0004714171749480042,0.9964662086292121,0.0014021254132902563
656,6,6,0.9943871352826728,0.001480218583512186,0.0014747831522154988,0.0008866467849265119,0.00043061927961619574,0.001340596917056838,0.9943871352826728
657,2,2,0.9963528161875572,0.00019722460580448822,0.9963528161875572,0.0011613797455464058,0.0002659777566553595,0.0012574375109050903,0.0007651641935312556
658,5,5,0.996465349745336,0.0006450915401371309,0.0006759172703735072,0.00040778154923302014,0.0005535134249804772,0.996465349745336,0.0012523464699399011
660,5,5,0.9968544733177112,0.0004183199444321013,0.0008196429028150301,0.00045606144211491354,0.00043835184878470216,0.9968544733177112,0.001013150544142151
661,6,6,0.9942678772471789,0.0015321420203437599,0.0015031713673853738,0.0009814277843426652,0.0004682458211062235,0.0012471357596430877,0.9942678772471789
663,4,4,0.9980750025246771,0.00046361816658024694,0.00033273605899848376,0.00044097541572185475,0.9980750025246771,0.00036183642592831284,0.0003258314080938596
664,6,6,0.9943954332803857,0.0014388730329875372,0.001545421334826949,0.0009275123604817453,0.00042354924093864697,0.0012692107503793806,0.9943954332803857
665,1,1,0.9983596181304251,0.9983596181304251,0.0001795006969746302,0.00033096881735250995,0.0004679790279097437,0.0002578625274571692,0.0004040707998809537
666,5,5,0.9964508948253791,0.0007264822443403769,0.0006269477850825402,0.00046158011249563006,0.0005402837380644423,0.9964508948253791,0.0011938112946379808
667,1,1,0.9983819374593693,0.9983819374593693,0.00019713873228559072,0.00030350599658979797,0.0003531380957112082,0.00026701576075617334,0.0004972639552879814
668,2,2,0.9977388291069,0.0003425265281923697,0.9977388291069,0.0003822653927011105,0.00030428048644564725,0.0005401188342058685,0.0006919796515550224
669,1,1,0.9982927526436488,0.9982927526436488,0.00022500948813071123,0.0003551586020764245,0.0004817891215178433,0.00028429788410840447,0.0003609922605176251
670,4,4,0.9980827785207464,0.00045139913955024566,0.0003354183936184572,0.00043613004740247166,0.9980827785207464,0.00038441917523900657,0.00030985472344334557
671,2,2,0.9932015439935341,0.0006309103856762658,0.9932015439935341,0.0017872502617635446,0.00044248351622243657,0.0004752588527746263,0.0034625529900289835
672,6,6,0.9947659772749147,0.0013217752305358479,0.0013843693031234795,0.0009377152706522998,0.00040024468699219453,0.001189918233781515,0.9947659772749147
674,5,5,0.9968116861766463,0.0004192526968669142,0.0008418643250085378,0.0005402719243151197,0.0003915439585723163,0.9968116861766463,0.0009953809185908689
675,2,2,0.9973045211660978,0.00027487024327399657,0.9973045211660978,0.00026669049561709997,0.0002938240248330952,0.0012275059244822425,0.0006325881456955787
676,5,5,0.9968328521357398,0.00042180024900657383,0.0008159156554434474,0.00044491817696093645,0.0004802420470077951,0.9968328521357398,0.0010042717358415322
677,6,6,0.9945441034934777,0.0012863993761776298,0.0013397571723721081,0.0010211049350393015,0.0004069615495387905,0.0014016734733945078,0.9945441034934777
678,2,2,0.9977438714978097,0.00034720864836712995,0.9977438714978097,0.0004312265487885405,0.0003462697005639853,0.0004694085343673939,0.0006620150701032183
679,4,4,0.9980598716296066,0.00048781262147025916,0.0003351854202544929,0.00045958956184047296,0.9980598716296066,0.00033434976201813594,0.0003231910048099696
681,4,4,0.9979841886022004,0.0005017152959930425,0.0003623615257872202,0.00047039328743905974,0.9979841886022004,0.0003885551773893561,0.00029278611119099495
683,4,4,0.9981289218369745,0.00042084873954764766,0.0003191551567298708,0.00044437898206713166,0.9981289218369745,0.0003558875075445792,0.0003308077771362238
684,3,3,0.9980550497245243,0.0003618009029973655,0.00040196997864871574,0.9980550497245243,0.0004114031408008339,0.0003909372991598059,0.00037883895386904445
685,5,5,0.9964129002267875,0.0005614114248837899,0.0010564878802285624,0.00045559952151858515,0.0003442491005286448,0.9964129002267875,0.0011693518460528943
687,4,4,0.9979956626401075,0.0004961565373726399,0.00035853479022617267,0.00046089253027061205,0.9979956626401075,0.00038446319029083336,0.00030429031173221624
689,6,6,0.9947381303550296,0.0012909939573236193,0.0013538922224107719,0.0009270868322521097,0.0004159676479055452,0.0012739289850783695,0.9947381303550296
690,3,3,0.9979596681131684,0.000338186993974077,0.00037494359133836454,0.9979596681131684,0.0005003206587745701,0.0004766634342773067,0.0003502172084672545
691,1,1,0.998255065206601,0.998255065206601,0.00022219288606908113,0.00037139790619492816,0.00042923888743756107,0.0002530791657974034,0.00046902594790009975
692,1,1,0.9983638317298977,0.9983638317298977,0.00019854984611045423,0.00033194541010438236,0.0004333977872516303,0.0002814587315128183,0.00039081649512303545
693,4,4,0.9980738287899802,0.0004255327856802352,0.00032103259983833467,0.0004888997125156129,0.9980738287899802,0.0003436607700939678,0.0003470453418916294
694,2,2,0.9974971670536614,0.0003054862687816887,0.9974971670536614,0.00036622884578864704,0.0003082468253792742,0.0010045505154711199,0.0005183204909179371
695,2,2,0.9977961316328892,0.0002939629930773201,0.9977961316328892,0.0003781437524010877,0.0003036660059752094,0.0006036050338024735,0.0006244905818547994
696,2,2,0.9978257339156726,0.0003579555226980057,0.9978257339156726,0.0003942887799691539,0.00031149846716409886,0.0004977515470895264,0.0006127717674065903
698,1,1,0.9983866045931757,0.9983866045931757,0.00020853892431009111,0.00032628487127450326,0.00043318533421026433,0.0002531494495028214,0.00039223682752666077
700,4,4,0.998091160495813,0.00039527084997747325,0.0003037783897045815,0.00047877652068714996,0.998091160495813,0.0003796451489362292,0.000351368594881625
702,6,6,0.9945146526351781,0.001371317239776654,0.0014501032838341082,0.0010452668110973555,0.00042083676836925636,0.0011978232617444627,0.9945146526351781
703,5,5,0.9970254835942437,0.0004400534034269589,0.0007968998824448727,0.0004746819576660288,0.0004668331489366536,0.9970254835942437,0.0007960480132817857
704,3,3,0.9980527557300284,0.0003859986591977557,0.0003983178439846239,0.9980527557300284,0.00042443780213705714,0.000351909054268898,0.00038658091038335705
705,5,5,0.9961875490151763,0.0003853101965410369,0.0011271684660586385,0.0004816177440679934,0.0004145571026293349,0.9961875490151763,0.0014037974755267565
706,4,4,0.9980491752977192,0.00045491072678622576,0.00032970863397133366,0.00043368451667950646,0.9980491752977192,0.00037405466587662453,0.0003584661589671989
707,2,2,0.9975701890168821,0.0004178735927554462,0.9975701890168821,0.0004284393028151698,0.0003907731219805552,0.0005421338634882764,0.0006505911020784504
708,4,4,0.9980806843391025,0.00045732013748006845,0.00032905187917042837,0.0004327421866252014,0.9980806843391025,0.00036658973602525914,0.00033361172159662814
711,4,4,0.9979156436451195,0.0004888620839025599,0.00033496668099535295,0.00047813639150306585,0.9979156436451195,0.0004009190721753323,0.0003814721263041388
712,5,5,0.9960552037068298,0.00042027130617659634,0.0009457781715612752,0.00041244723551452355,0.0004639588948521439,0.9960552037068298,0.00170234068506569
713,2,2,0.9959160094594642,0.0002676058954970977,0.9959160094594642,0.001985642247548735,0.00038049378167908006,0.0006763526879587291,0.0007738959278521405
714,5,5,0.9963609006137742,0.0005526221120198733,0.0006641720952655058,0.0004748208453672331,0.0006915771368493141,0.9963609006137742,0.0012559071967238836
715,3,3,0.9980098477063485,0.0003632335818784192,0.0004242498198554918,0.9980098477063485,0.000521665956183142,0.000338760200265293,0.0003422427354692177
716,5,5,0.9967477795054547,0.0005788803957615981,0.0006195564350088855,0.0004317708285714614,0.0005340148599210734,0.9967477795054547,0.001087997975282275
717,5,5,0.996534917963965,0.000543480440794123,0.0006628019077139254,0.0006633609923495074,0.00042261242528243156,0.996534917963965,0.0011728262698950237
718,2,2,0.9953632129335032,0.0002473283915703314,0.9953632129335032,0.00029149741669903974,0.00023574008916809334,0.00319671056545989,0.0006655106035995089
719,2,2,0.9978112140471268,0.00031849665762669814,0.9978112140471268,0.0005051424177321273,0.00033018251582642535,0.0004669200050583823,0.0005680443566295783
721,6,6,0.9945228911875585,0.0013753789882794776,0.0014116576100494003,0.001057342818580477,0.00039297017746227087,0.0012397592180698454,0.9945228911875585
723,1,1,0.998400269355252,0.998400269355252,0.00020049854324527636,0.00031116581472572473,0.00040246942016719306,0.00030484978876151394,0.00038074707784833397
724,4,4,0.9979929969902992,0.00044716915204925245,0.0003439929293919961,0.0005033141374449372,0.9979929969902992,0.00041511460049043256,0.0002974121903241358
725,2,2,0.9978036559164251,0.0003115937956250194,0.9978036559164251,0.00040838100209158226,0.00031183099184977237,0.0005113713700486498,0.0006531669239599697
726,3,3,0.9980289141315409,0.00032237294661217246,0.0004404698122061893,0.9980289141315409,0.0004311774238777227,0.0004489840804461144,0.0003280816053168118
727,2,2,0.9977447960252999,0.00035411295580392577,0.9977447960252999,0.00042408169889104284,0.0003076044001294048,0.0004880242617873648,0.0006813806580882157
728,5,5,0.9963153011315518,0.0006891898233400241,0.0007472805451016016,0.0004579517120301284,0.0005188290382483121,0.9963153011315518,0.0012714477497282
730,3,3,0.9980206706538285,0.00033558309225716423,0.00044054282855607725,0.9980206706538285,0.00048425180609734084,0.0003641059817742547,0.00035484563748671474
731,1,1,0.9983002474873568,0.9983002474873568,0.00022090478280716776,0.00035171110281736844,0.0004306744123839228,0.0002297070314904323,0.00046675518314439284
732,3,3,0.9980029552066961,0.0003709522749055612,0.00041223052904586314,0.9980029552066961,0.0004986260945321508,0.0003463639326304732,0.0003688719621899386
734,1,1,0.9982221877245631,0.9982221877245631,0.0002500478034803904,0.0003633257788187953,0.00041835215251381926,0.0002573283878469469,0.0004887581527769984
735,6,6,0.9943454428914248,0.0016139240538159128,0.001477763751686204,0.000844362896622864,0.00045144869901127493,0.0012670577074389271,0.9943454428914248
737,6,6,0.9946585904921441,0.0013704253033255311,0.0013956313175159305,0.0009691301393682088,0.00041461616259372996,0.0011916065850525225,0.9946585904921441
739,5,5,0.9964198747248226,0.0005694219060978316,0.0007693217577304404,0.0007125893650112725,0.00033079361298644124,0.9964198747248226,0.0011979986333513482
740,3,3,0.9977941881284068,0.00038703125001500666,0.00043128409151884923,0.9977941881284068,0.0005260220108028708,0.00039490325436744973,0.0004665712648889854
741,4,4,0.9979574376412739,0.00041461573762047703,0.0003077582788282545,0.0006483262981806713,0.9979574376412739,0.0003277110518579254,0.00034415099223882815
743,3,3,0.9980052661336356,0.00035573872944000306,0.0003814943984470573,0.9980052661336356,0.0005153645462117139,0.0003815105801776795,0.00036062561208789426
745,1,1,0.9983228679509829,0.9983228679509829,0.000190270402911366,0.00032764945622301456,0.0005043652308033042,0.00029004637731231287,0.00036480058176692324
747,3,3,0.9979065982232946,0.0003612597765451125,0.000470582411144944,0.9979065982232946,0.0005009084870549389,0.0003661847851033423,0.00039446631685704754
750,3,3,0.9980485313238974,0.0003381224659271611,0.0003873950697598389,0.9980485313238974,0.0004679878148096409,0.00035722677068857344,0.0004007365549174578
751,3,3,0.998044076108382,0.0003335902500417301,0.0004031197127849174,0.998044076108382,0.0004794203276245413,0.0004013388783922379,0.0003384547227747579
752,2,2,0.9977380671580665,0.00027704027795132796,0.9977380671580665,0.00035359728850714193,0.0003510905466262211,0.0008000044752608346,0.0004802002535881275
753,4,4,0.9980249140325775,0.0004961363014263464,0.0003208509410886481,0.0004711986879392812,0.9980249140325775,0.00035956106721427196,0.00032733896975391155
755,6,6,0.9945891657896917,0.0013850441291524702,0.0014573644671025956,0.0008794624786315466,0.00041173926372576486,0.0012772238716959694,0.9945891657896917
756,4,4,0.997985669892486,0.00043990501527109703,0.0002914407375167657,0.0005248419790034259,0.997985669892486,0.0003274369352720583,0.00043070544045062257
757,1,1,0.9982605193699325,0.9982605193699325,0.00019516472948107852,0.00030669744168133835,0.0005390233564379613,0.0002770259968137809,0.00042156910565334675
758,1,1,0.9983630517805252,0.9983630517805252,0.00019770566211204163,0.00033251070138257566,0.0004699606093850178,0.0002585129628983403,0.00037825828369678137
759,4,4,0.9980447375104516,0.0004670697977408226,0.0003279835928557437,0.00048794105944611685,0.9980447375104516,0.00035119244541808854,0.00032107559408761974
760,1,1,0.9979259210201323,0.9979259210201323,0.00029248937608104044,0.0004125395096244496,0.0005996789811504934,0.00033325159161306167,0.00043611952139864453
763,2,2,0.9955935876353638,0.00036928359616371175,0.9955935876353638,0.0009962839342053651,0.0003316800218734001,0.0020598547589359573,0.0006493100534577747
764,5,5,0.9952648693004666,0.0003915925553817173,0.0025548815717754965,0.0003532931084699726,0.0004378223593879815,0.9952648693004666,0.000997541104518204
765,3,3,0.9979008387701632,0.00035016165759656003,0.0004247908634442116,0.9979008387701632,0.0005449943101553348,0.00031982315548781577,0.0004593912431528344
766,2,2,0.9971735626328163,0.00023221111388191056,0.9971735626328163,0.0003267442565300677,0.00025172983089978226,0.0014742623536235355,0.0005414898122481614
767,4,4,0.9979508308311836,0.0005466308678484635,0.00033879218256441165,0.00047913923196450686,0.9979508308311836,0.0003703221658694706,0.0003142847205695374
770,4,4,0.9980735799722984,0.00044867114141537815,0.0003270868917330592,0.00047980409099679367,0.9980735799722984,0.00033176125795251023,0.0003390966456038574
771,2,2,0.9978277747909656,0.00028876130359413557,0.9978277747909656,0.00035561121385543215,0.0003045939067177569,0.0006040623951097391,0.0006191963897573577
772,4,4,0.9979339529723278,0.000417706784854141,0.00037390252890820663,0.0005490350642848311,0.9979339529723278,0.00041773146489865767,0.0003076711847263697
773,6,6,0.9944637199565289,0.0013061541544494618,0.0016737157344474205,0.0009280100726836944,0.00036449374529683604,0.0012639063365936344,0.9944637199565289
774,4,4,0.9979859925421726,0.0004267954061533995,0.0003466392343303607,0.0005365853610763711,0.9979859925421726,0.00037650951516452104,0.00032747794110275764
775,3,3,0.9980096663388264,0.0003245426680181226,0.00039476182373239814,0.9980096663388264,0.0005153214055449775,0.00041063595388982803,0.0003450718099882843
777,2,2,0.9914158714050256,0.00044376909845572366,0.9914158714050256,0.002975687137272537,0.0006576197238714471,0.0037471596572603303,0.0007598929781143728
778,3,3,0.9979893036589904,0.0003230652291412533,0.00036553175842450673,0.9979893036589904,0.00053657183663436,0.0003538496277147858,0.0004316778890946651
780,3,3,0.9978740309186458,0.00045009455041199317,0.0004418126178307655,0.9978740309186458,0.0005642891191723822,0.00032292377523572877,0.00034684901870343186
781,3,3,0.9980050168809711,0.000334995551583365,0.0004091487970157215,0.9980050168809711,0.0005104843519035152,0.00037934816133794864,0.0003610062571883454
782,1,1,0.998164544875808,0.998164544875808,0.000216073043605671,0.0003554722916475431,0.000550590944659699,0.00026264392295077924,0.00045067492132832177
784,1,1,0.9983169283058915,0.9983169283058915,0.00018535649818340975,0.00035756827986203356,0.0004245353818050253,0.0003430573712873711,0.0003725541629708101
789,6,6,0.9940556565790754,0.0016411743585826061,0.0016037981707268058,0.0008545248658977914,0.00043090762960789236,0.0014139383961095824,0.9940556565790754
790,5,5,0.9967962063221479,0.0005472876377487718,0.0006318142912105934,0.0005145112565417597,0.0005141384365123669,0.9967962063221479,0.0009960420558385603
791,4,4,0.9980791953576239,0.0004791926546462666,0.00030749626326660273,0.0004155855919657956,0.9980791953576239,0.00033817074059153834,0.0003803593919059825
792,3,3,0.997936207755826,0.00039055859237512725,0.00037647527681755155,0.997936207755826,0.00046221615759090923,0.000376710552201397,0.00045783166518908823
793,4,4,0.9980894170907377,0.00040059844050865034,0.000285777305039427,0.000460594185201323,0.9980894170907377,0.00038647272115106753,0.00037714025736176264
794,3,3,0.9980380416317058,0.00031562605053691667,0.00037235509405667607,0.9980380416317058,0.0004935922569994606,0.0003962202943800351,0.00038416467232113235
796,2,2,0.9978167456053126,0.0003034117301573496,0.9978167456053126,0.00039730037306651703,0.0003077800116611507,0.0005919658957097313,0.0005827963840925968
797,3,3,0.9980083513769611,0.00030929371606156674,0.0003774291247332981,0.9980083513769611,0.0005268574044398559,0.00042120704484965334,0.00035686133295461693
799,1,1,0.9983591034700421,0.9983591034700421,0.00018669829317541047,0.00032536143797935887,0.0004783176205699849,0.00029082415247595706,0.00035969502575728654
803,4,4,0.9979268908865035,0.0003975704948121832,0.0003058050460180341,0.0006729315681097026,0.9979268908865035,0.0003433104515969248,0.0003534915529595695
804,1,1,0.9983900047077912,0.9983900047077912,0.00021733820436561964,0.0003467606887415405,0.00039395589891245286,0.0002612382350467234,0.00039070226514250934
805,3,3,0.9979845613547135,0.0003579155272259922,0.0004355767241157759,0.9979845613547135,0.00048216154460194307,0.00037862584523762566,0.0003611590041053199
806,5,5,0.9966371938878429,0.0004512859848414986,0.0007513636454862593,0.00039678678740332656,0.0004009004104745704,0.9966371938878429,0.0013624692839514134
807,1,1,0.9983615263588094,0.9983615263588094,0.0001802436521336945,0.0002774866333796928,0.0004627015986910199,0.0002691594153242906,0.0004488823416620901
808,3,3,0.9979802052566962,0.00036228839155037914,0.0004073065178994716,0.9979802052566962,0.0005144007880389213,0.00038722618399624224,0.0003485728618188696
810,6,6,0.9942151800227803,0.0015344391416623358,0.0015316941848176587,0.0010798037870656245,0.0004321849801590897,0.001206697883515021,0.9942151800227803
811,2,2,0.9978956554036397,0.0002807277401203523,0.9978956554036397,0.0003789522830368806,0.0003091529324776156,0.0006172265783160009,0.0005182850624095729
812,1,1,0.9981754594529366,0.9981754594529366,0.00021150403165728118,0.0002785462593234925,0.0003634777231452679,0.00042300547307376165,0.0005480070598636435
813,6,6,0.9930941929656544,0.00220357065022712,0.0016626161307350617,0.0008466211619788945,0.00043560459178757015,0.00175739449961699,0.9930941929656544
814,1,1,0.9981858050893259,0.9981858050893259,0.00023953930740396666,0.00042038134064497886,0.0005230747003189045,0.00027904181973761297,0.00035215774256883685
815,2,2,0.9973385234754789,0.00022900564048739482,0.9973385234754789,0.0004355896015625797,0.00024512734437406327,0.0013021211555629374,0.00044963278253407063
817,4,4,0.9980398979174693,0.00046072111745066956,0.00033827756335979095,0.0004865748908819088,0.9980398979174693,0.0003632396828468126,0.00031128882799159137
820,4,4,0.9980516537122429,0.00039944834142421654,0.00028514934620064015,0.000509353415427712,0.9980516537122429,0.00035091800046966335,0.00040347718423487135
821,5,5,0.9961077207373723,0.0006226325995294239,0.0005644620190189637,0.0006431299027030795,0.0006187743048665878,0.9961077207373723,0.0014432804365097061
822,4,4,0.9980568362084494,0.00045234515310247497,0.00030126632409564085,0.0005224503148955447,0.9980568362084494,0.000357766725620136,0.00030933527383675345
825,2,2,0.9978051874869783,0.00033089639224773956,0.9978051874869783,0.0003960454706363745,0.00030349504503156846,0.0006082451638094237,0.0005561304412966517
826,2,2,0.9971122471815211,0.0005557025865185015,0.9971122471815211,0.0005147136841352411,0.000490673629790356,0.0006765763790691262,0.0006500865389656834
827,3,3,0.997867833908102,0.00036182844356760834,0.00043744036153756826,0.997867833908102,0.00048192495039795055,0.0005363983220364734,0.00031457401435846665
828,2,2,0.9967259925879695,0.0005545808575314963,0.9967259925879695,0.0005363813600259699,0.0003617423486938997,0.001064940425673683,0.0007563624201055131
829,2,2,0.9976757118392056,0.0002354438026421267,0.9976757118392056,0.0003213810834637954,0.0002599071581762432,0.0008794717679094653,0.000628084348602784
833,4,4,0.9980989940026342,0.0004202377601984488,0.0003019587496393299,0.0004366956847052878,0.9980989940026342,0.0003718253152679781,0.0003702884875546965
834,1,1,0.9982816630569326,0.9982816630569326,0.0002528962658206779,0.00035168208249988824,0.00039278777743064625,0.0003226206870070652,0.0003983501303091269
835,5,5,0.9966137696640494,0.0005998330121445958,0.000692859852651516,0.0004964800747037284,0.0005370703126698846,0.9966137696640494,0.0010599870837809794
836,4,4,0.9979968113003388,0.00045062714603850756,0.00027663711059985316,0.0005045073682820927,0.9979968113003388,0.00034626434154958743,0.000425152733191131
838,5,5,0.996248098870321,0.000441572323153943,0.0005498266143042123,0.0007108004296718189,0.0005848978952999676,0.996248098870321,0.0014648038672491538
840,5,5,0.9956707028909891,0.0005287412346352921,0.0012425395294306907,0.0009339074272195236,0.0003112962087148484,0.9956707028909891,0.0013128127090105465
841,2,2,0.9976425892957743,0.0003539045036768819,0.9976425892957743,0.0005173702440381367,0.0003422959168836366,0.000505084236478624,0.0006387558031483791
842,5,5,0.9964637125500115,0.0002765060334588423,0.0009390828166887531,0.0008940329976821097,0.0004338756246706158,0.9964637125500115,0.000992789977488143
843,1,1,0.9983544114898435,0.9983544114898435,0.0001965610962704125,0.00028743405034047575,0.00039917284964666286,0.0003665953322718552,0.0003958251816271005
844,1,1,0.9983095111078061,0.9983095111078061,0.0002221865765161889,0.00038017822185329496,0.00044578978200546276,0.00023136732179203265,0.00041096699002695096
845,1,1,0.9983885228962389,0.9983885228962389,0.0002099723775511851,0.0003013762161868873,0.000392157727619628,0.00032144234674126386,0.00038652843566227825
846,6,6,0.9942819191447734,0.0014462032575426479,0.001555509099088603,0.0008504133705004581,0.000396794768369034,0.0014691603597258376,0.9942819191447734
847,4,4,0.9980300676508022,0.0004038703873781735,0.00028323276179501955,0.000581910112446522,0.9980300676508022,0.00034428931307784637,0.00035662977450031
849,4,4,0.9978487700364804,0.000356226775149586,0.00027799076804435054,0.0007470655100896309,0.9978487700364804,0.00037116283036426923,0.00039878407987175467
851,1,1,0.9983613633393175,0.9983613633393175,0.0002092711852520892,0.00031607323053908917,0.00044514868364495724,0.0002943668962789843,0.0003737766649675247
854,6,6,0.9947210484301788,0.0013828513819232433,0.0013066360174587167,0.0009110196782359712,0.00039637268956363626,0.0012820718026396245,0.9947210484301788
856,2,2,0.9977559379980812,0.0003171169846511806,0.9977559379980812,0.00040549998059131277,0.00028725680761758777,0.0005019505573157347,0.0007322376717430661
857,4,4,0.9980370108964449,0.00046293471044732545,0.0003218609977897836,0.00040986684576010106,0.9980370108964449,0.0003988754934729004,0.00036945105608478273
859,1,1,0.9983387950442241,0.9983387950442241,0.00020649042076399928,0.00033638482936264113,0.0003421335633382535,0.0002879039025599411,0.0004882922397510724
860,4,4,0.9968425797322548,0.0006329307525117094,0.0003151256396862642,0.0005388291087268279,0.9968425797322548,0.000857087339069097,0.0008134474277513062
862,1,1,0.998303623263686,0.998303623263686,0.0002002454509277259,0.0003408915556814186,0.0005083594442268615,0.0002655494241945472,0.0003813308612834205
865,6,6,0.9944530286300445,0.0014696696539339886,0.001450618402631813,0.0009549115353020039,0.0003997476368869893,0.0012720241412007333,0.9944530286300445
866,3,3,0.9980199447634936,0.0003412303203489278,0.0004139816404991916,0.9980199447634936,0.0005146202255294108,0.0003480957402268365,0.00036212730990201774
867,2,2,0.9978030987844815,0.000311458749781548,0.9978030987844815,0.0004794913448711529,0.0003339336551078894,0.0005570387787913867,0.0005149786869665334
868,2,2,0.997814701535147,0.0002754032410422706,0.997814701535147,0.00045357498631830274,0.00033018176822961596,0.0005646447703780052,0.0005614936988849175
870,4,4,0.9979577892099907,0.0005281018482414127,0.0003437229190204449,0.00047083750277230674,0.9979577892099907,0.00040458359558390183,0.00029496492439121417
871,4,4,0.9980629732495176,0.0005066116878172041,0.000330997350908728,0.0004417666981892721,0.9980629732495176,0.0003461497937456701,0.000311501219821445
872,1,1,0.9982508031464042,0.9982508031464042,0.0001982019789552318,0.00038343831758901487,0.0004952128031319096,0.0002406101898253501,0.0004317335640942493
876,4,4,0.997995018755727,0.00040469170190531175,0.00029412197175962925,0.0005024813580234369,0.997995018755727,0.0004164646378801189,0.0003872215747044378
877,5,5,0.9946026728794802,0.000586646814466342,0.001193627195773027,0.0005531071510314801,0.0004441419384128048,0.9946026728794802,0.002619804020836195
878,2,2,0.9977857158471142,0.0002654584898735165,0.9977857158471142,0.0003479499818144565,0.00025910099075992973,0.0008051429987951955,0.0005366316916428564
879,5,5,0.9959271512787498,0.0005199671121350327,0.0007305255248724194,0.0004617719369833189,0.0006777976497706289,0.9959271512787498,0.0016827864974888664
880,4,4,0.9980917613110869,0.00045836352930573313,0.00033016573872193296,0.00043933520977327016,0.9980917613110869,0.00035797666404795045,0.0003223975470641859
881,5,5,0.9962241206600314,0.0005056182629025801,0.0006946435587767232,0.0005113529978160694,0.0007163136878945133,0.9962241206600314,0.0013479508325786775
882,1,1,0.9980335991979388,0.9980335991979388,0.00019770243988406576,0.00032492052354372955,0.0005266732853698678,0.00030125357927440137,0.0006158509739892831
884,1,1,0.9984084958286078,0.9984084958286078,0.00018836094310013498,0.00032259461791331074,0.00043612448505920285,0.00026519284895061497,0.0003792312763689055
885,6,6,0.9947549647814685,0.0013062631027583726,0.001327802732440117,0.0009568667678128129,0.0004212165597768694,0.0012328860557432706,0.9947549647814685
888,4,4,0.9980112892576187,0.0005408184037442178,0.00031593408006101644,0.0004729295615310501,0.9980112892576187,0.0003377010663516601,0.0003213276306934049
889,4,4,0.9979788559926487,0.00043797955288269776,0.0002819733898467751,0.000584973249247685,0.9979788559926487,0.00033610517517184487,0.0003801126402023016
890,6,6,0.9946320273443345,0.0013695042878502633,0.0014162673923235854,0.0009756632710864106,0.000396472934417012,0.0012100647699881941,0.9946320273443345
891,2,2,0.99762575976459,0.0003927794717628845,0.99762575976459,0.0005515592009774362,0.0004146139218868328,0.00043437495693888237,0.000580912683844081
893,5,5,0.9966410084637589,0.0005206328769178138,0.0006979979005632419,0.0005493721518892368,0.0005369411495930304,0.9966410084637589,0.0010540474572777938
894,3,3,0.9980201505378072,0.00035220206302805654,0.0004133586391362633,0.9980201505378072,0.0004976933015921933,0.00037421308579970147,0.0003423823726366361
895,6,6,0.9946616866621952,0.0013287923405204765,0.0014109185719429133,0.0009761233790174835,0.0004113467329472018,0.0012111323133767225,0.9946616866621952
896,2,2,0.9978152998466902,0.00033282209739491205,0.9978152998466902,0.00038701784964684444,0.0003350128589734577,0.0005221186650637843,0.0006077286822308279
899,2,2,0.9977373059184688,0.0003409733356855728,0.9977373059184688,0.0004968379606178335,0.00037187334237492035,0.00047737075500501014,0.0005756386878479874
900,1,1,0.9983506129835313,0.9983506129835313,0.00019838066550909784,0.0002951722166327346,0.0003221402655147337,0.0004113686033696827,0.00042232526544239726
901,4,4,0.9980332725627775,0.00047064551507283145,0.00037086768426335126,0.0004370451994349766,0.9980332725627775,0.0003815001871451038,0.00030666885130622165
903,5,5,0.996313478573316,0.0005793308177281558,0.0007092097417474684,0.0005873886785784148,0.0005810776295729924,0.996313478573316,0.0012295145590569898
904,6,6,0.9946482416323559,0.001274410472529001,0.0014100189507093848,0.000911606500807541,0.0003673320619147733,0.001388390381683386,0.9946482416323559
907,1,1,0.9983684050642011,0.9983684050642011,0.00019851062277116013,0.0003290356233193974,0.0004736843210496527,0.00025320593606582246,0.0003771584325926897
908,4,4,0.9980037952775568,0.000442403229531902,0.00027577349500088684,0.0005578161880034791,0.9980037952775568,0.00033201309750469256,0.00038819871240222014
909,4,4,0.9980227517897655,0.0004018944762465222,0.0003252409472503562,0.0005429921271831649,0.9980227517897655,0.00038161841809429363,0.00032550224146016656
910,6,6,0.9945447299611564,0.0013374760551548976,0.0015344654451385823,0.0009903182363737214,0.000382182008125372,0.0012108282940510018,0.9945447299611564
911,2,2,0.9976045805468802,0.0002634588962544694,0.9976045805468802,0.0002923383062643078,0.00026453166341500694,0.0010117906793205122,0.0005632999078655524
912,1,1,0.9983818720010179,0.9983818720010179,0.0002095652743028404,0.00029428735138929284,0.0004369027469248615,0.0002783688344959831,0.00039900379186918214
914,3,3,0.9970098386778453,0.0003685973373170548,0.0004953543376896947,0.9970098386778453,0.0011855697798420209,0.00035439699515712125,0.0005862428721488466
915,2,2,0.997674292027557,0.00037961977283778415,0.997674292027557,0.0005166660441536771,0.00039506089748572775,0.00040832726749428014,0.0006260339904715257
916,1,1,0.9983719481316596,0.9983719481316596,0.00018032875389688543,0.0002998823912858396,0.0004134605899831887,0.0002736087906360983,0.0004607713425383807
918,2,2,0.9976123052318966,0.0003229422654426939,0.9976123052318966,0.0006758868568200191,0.0003491245678530176,0.00040431681372011006,0.0006354242642675947
919,1,1,0.9982882916508412,0.9982882916508412,0.00023878200319452653,0.00037506846888104564,0.0004154281458707422,0.00022673215932656667,0.0004556975718859683
920,5,5,0.9968464441699014,0.00042312246597860196,0.0007009346946781749,0.0004527102624621822,0.0004985622098646445,0.9968464441699014,0.0010782261971149607
921,3,3,0.9980206970023368,0.0003560308578809606,0.00046146023289249366,0.9980206970023368,0.00045129636111447807,0.0003674942155962103,0.0003430213301791152
922,2,2,0.996864152915301,0.0006017715864345253,0.996864152915301,0.0005765319876367052,0.000621203806827965,0.0005367663758319183,0.0007995733279679715
923,5,5,0.9966522639951171,0.00044381465328248513,0.0007979987674752992,0.0004840303245479299,0.0004894081301177873,0.9966522639951171,0.001132484129459408
924,5,5,0.9964704138275493,0.00048771201891651864,0.000683130146820028,0.0006962729122903795,0.0004365741460081497,0.9964704138275493,0.0012258969484155923
925,3,3,0.9979707613403592,0.0003257762685418244,0.0004066684833293416,0.9979707613403592,0.0005545037072141103,0.0003345016852793779,0.00040778851527608
926,5,5,0.9960847888915147,0.0006177290955448045,0.0008006883647975613,0.0004469607235876071,0.0005322383313285022,0.9960847888915147,0.0015175945932267459
927,5,5,0.9963968427451164,0.0005323119074209661,0.0007070690966677621,0.0005770054904932337,0.0004403542621661294,0.9963968427451164,0.0013464164981355064
929,6,6,0.99471315705518,0.0013272051393801703,0.0014071201856434702,0.0009125515040960419,0.00039816686781518233,0.00124179924788506,0.99471315705518
930,6,6,0.9943295523546011,0.0015626111922213476,0.0014460821418802322,0.0009153533465578429,0.0004730633142465439,0.001273337650492949,0.9943295523546011
932,2,2,0.9961223862319866,0.0006382543545845343,0.9961223862319866,0.0009939629456733037,0.0004208864638787767,0.0005890192957385237,0.001235490708138342
933,4,4,0.99806186077567,0.0003921563718947186,0.00031019474458524716,0.0004978925696540829,0.99806186077567,0.00035483845001773174,0.00038305708817823773
934,3,3,0.9980001042915994,0.00030709180865156986,0.0004198596368587018,0.9980001042915994,0.0005617372914640208,0.0003266307820147855,0.0003845761894115618
935,1,1,0.9983021847913423,0.9983021847913423,0.00023298530744080088,0.0003357023983899835,0.00045906570225441676,0.00026233117883037995,0.0004077306217422731
936,5,5,0.9949484182686694,0.0004029387135018022,0.0007208151453896521,0.0008681102003671919,0.0007372254551551353,0.9949484182686694,0.002322492216916833
939,5,5,0.9958101171555861,0.000844275883976942,0.0007510967613700391,0.00043481609548991993,0.0005787587638102787,0.9958101171555861,0.0015809353397667806
940,4,4,0.9979637836169709,0.0005165424685537478,0.0003426045696421399,0.00045111204417679096,0.9979637836169709,0.00042739463147217267,0.0002985626691843152
941,5,5,0.9960023801378072,0.00043968571296299343,0.0011106488572983897,0.0007366194070528353,0.0005071356447587892,0.9960023801378072,0.001203530240119849
942,4,4,0.998050744451041,0.00040647076378929703,0.0003299343885119187,0.0004547049754476658,0.998050744451041,0.00035339216165660163,0.0004047532595534727
943,4,4,0.9980414871411782,0.0004800344355349723,0.00031749679310538596,0.00046480897071594256,0.9980414871411782,0.0003464542597186348,0.0003497183997468456
945,3,3,0.9980224587965817,0.00037305484140684415,0.00041360604843137833,0.9980224587965817,0.0004570105074036321,0.0003187558302288141,0.00041511397594767575
946,5,5,0.9969020149715311,0.0003829589337562486,0.0007812235123107925,0.00040561221821605993,0.00042165596518954797,0.9969020149715311,0.0011065343989962997
947,1,1,0.9983519646589942,0.9983519646589942,0.0001988404413633448,0.00033322220396320867,0.0004841040510635178,0.00026988914511818303,0.0003619794994975541
949,4,4,0.9979824868429933,0.00048334168188196043,0.00032381099765814154,0.0005112016757378473,0.9979824868429933,0.00037024473790623296,0.00032891406382256803
950,6,6,0.9946318563188428,0.0013604297588588725,0.0014418115169284981,0.0009567374073399587,0.0004168724864028298,0.001192292511627055,0.9946318563188428
951,4,4,0.9980320481991012,0.000427725003603971,0.00027970376372365025,0.0005239084789688207,0.9980320481991012,0.0003217544337807704,0.00041486012082165517
953,3,3,0.9980231844765844,0.0003734488102209982,0.0004322171583198994,0.9980231844765844,0.00044767830681324144,0.00037357113362434537,0.00034990011443702756
955,6,6,0.9946900992300002,0.001311751674746726,0.0014052818321999914,0.0009393738403678647,0.00043031587271254423,0.001223177549972714,0.9946900992300002
956,5,5,0.9962296187913757,0.0005912445080408173,0.0007541984312502897,0.0005154585969253513,0.0005363607939617619,0.9962296187913757,0.0013731188784460015
957,5,5,0.9964508437554347,0.0007887484518060754,0.000614855519544227,0.0005470578593539751,0.0004386154508024479,0.9964508437554347,0.001159878963058554
958,4,4,0.9979964687825531,0.0004791316838760623,0.0003689308069409163,0.00048530804105632554,0.9979964687825531,0.00038604665457063703,0.00028411403100290985
959,5,5,0.9961005566416025,0.0004826962306108697,0.0006604039304308589,0.0005316531813816367,0.000628921734579035,0.9961005566416025,0.001595768281395151
960,1,1,0.998314233732741,0.998314233732741,0.0002071612777209294,0.0003380051545598569,0.00040441401111867864,0.0002536402537415857,0.00048254557011802676
961,5,5,0.9962358640502783,0.00030557201670398725,0.001248816789208093,0.00037801467810717347,0.0003679031056244797,0.9962358640502783,0.0014638293600780083
962,2,2,0.9960047624684044,0.00044897364668204675,0.9960047624684044,0.0007469045247639513,0.00039774659759797917,0.0015866551583337653,0.0008149576042178313
963,4,4,0.9980467206729086,0.00044348912964987225,0.00034304893299861114,0.0004445914371896347,0.9980467206729086,0.0003710216421003813,0.00035112818515295
964,4,4,0.9980666635668256,0.00045743628459156394,0.0003327097893716783,0.0004470413865052637,0.9980666635668256,0.0003759665480541544,0.0003201824246517083
967,1,1,0.998422791927705,0.998422791927705,0.00020720909689594017,0.00030657298420319216,0.000417036694653134,0.00026869682079111006,0.00037769247575157914
968,6,6,0.9916786264013525,0.0017042614724066684,0.0017284454742466423,0.002982514125452608,0.0005140640856695877,0.0013920884408720278,0.9916786264013525
969,3,3,0.9979765441489717,0.0003220119109496127,0.0003852054187555987,0.9979765441489717,0.0005593340463866418,0.0004048108102536391,0.00035209366468273576
970,5,5,0.9962007926882062,0.0007850329330457041,0.0006628183319565412,0.00041636519133642633,0.0005915939876514098,0.9962007926882062,0.0013433968678037294
972,1,1,0.9981137199659685,0.9981137199659685,0.0002034965518313397,0.00027542379981179655,0.00035335512417057407,0.0006599409181395883,0.00039406364007812543
973,3,3,0.9979787475966939,0.0003276898835036344,0.00041126850765502577,0.9979787475966939,0.000532275293613691,0.0004156674346908947,0.0003343512838428946
974,2,2,0.9976269260165348,0.00025321967263009827,0.9976269260165348,0.0003269844634388088,0.0002632741434888597,0.001039055373226137,0.0004905403306813215
975,5,5,0.9962006455114095,0.00035222542053733424,0.0006432184175630883,0.0008574826270674497,0.0006061998577152286,0.9962006455114095,0.0013402281657074312
976,1,1,0.9983112849958596,0.9983112849958596,0.00022018999235980428,0.00033971513168457967,0.00044421060179504224,0.000249949255743366,0.0004346500225575241
977,6,6,0.9946527375997118,0.0012760885157849368,0.0014437764032018943,0.0009009818800533999,0.0003655291182021881,0.0013608864830457084,0.9946527375997118
979,3,3,0.9980424321585234,0.0003154252174415226,0.00036499873661177733,0.9980424321585234,0.00045693073102550297,0.00042766275241041423,0.0003925504039873678
983,5,5,0.9966207982856438,0.0005799841741165989,0.0006278194638386635,0.0005022368398451975,0.0005240602894314192,0.9966207982856438,0.0011451009471244058
985,6,6,0.9946972120438822,0.0013184301773022519,0.00140875507917542,0.0009229669220513981,0.0004080222274667797,0.0012446135501220144,0.9946972120438822
986,4,4,0.9980589285295599,0.0003914365074504151,0.0003232455583148429,0.0005040037581511263,0.9980589285295599,0.0003809357573421311,0.000341449889181635
989,6,6,0.9947111800272769,0.0013023230966429154,0.0013424015166839415,0.0008862884305687319,0.00042202490388691254,0.0013357820249406554,0.9947111800272769
991,3,3,0.9979386886644815,0.0003652076251418991,0.0004929779084958804,0.9979386886644815,0.0005056979136896762,0.00034174050544126094,0.00035568738274971575
992,5,5,0.9965979092891102,0.0005157295193278538,0.0006157543168877115,0.00046844345087020974,0.0005600847448540632,0.9965979092891102,0.0012420786789499472
994,1,1,0.9980450522657585,0.9980450522657585,0.000247992624780186,0.000411518893375789,0.0005054516193342606,0.00027808205541235724,0.0005119025413390505
997,3,3,0.9980058160553958,0.000330539626840642,0.0004187060730990025,0.9980058160553958,0.0005312513722547129,0.0003585533153629189,0.0003551335570469324
998,4,4,0.9980477524255585,0.00044998685670814484,0.00030979390309032707,0.00046641221531386454,0.9980477524255585,0.00036525486328790267,0.0003607997360413082
999,2,2,0.9978337570599215,0.00031564962873858316,0.9978337570599215,0.00041787720835740016,0.0003429764075533154,0.0004992319579855748,0.0005905077374436121
1000,4,4,0.998061301619415,0.0004696460964861277,0.0003387219249799505,0.0004558862702540833,0.998061301619415,0.00036575132338958994,0.00030869276547525903
1001,6,6,0.9947307125755525,0.0013019362252556746,0.001374669724481845,0.000956507692247627,0.00038971935344844137,0.0012464544290139744,0.9947307125755525
1003,6,6,0.9947138275542642,0.0012737716119205235,0.0013946689217764691,0.0009326313595123941,0.0004189095570006421,0.0012661909955258297,0.9947138275542642
1004,1,1,0.9983473877221727,0.9983473877221727,0.00022076315654430252,0.0003303693723115078,0.0004335241849565765,0.0002847435544260374,0.00038321200958895297
1006,2,2,0.9977779879933202,0.00029788457010760777,0.9977779879933202,0.00035232587464743663,0.0002941115786705583,0.0006495005732338118,0.0006281894100204755
1007,3,3,0.9979440116954359,0.0003351349981070546,0.0003968458625596459,0.9979440116954359,0.0004955591651726885,0.0004938946005702531,0.00033455367815445384
1008,1,1,0.9983563828450579,0.9983563828450579,0.0002137732331075785,0.00033644897569673043,0.0003686568163677817,0.0003632484807611726,0.0003614896490087862
1009,4,4,0.9979218721521329,0.0005556689509008932,0.00038088962446884407,0.0004598918839894563,0.9979218721521329,0.00040600358140475967,0.00027567380710312103
1011,3,3,0.9980118978809337,0.00033057412495357774,0.00042518633667167034,0.9980118978809337,0.0005422014245152709,0.0003545092012623949,0.00033563103166350247
1014,4,4,0.9980233737197786,0.0004982004671926938,0.0003267786176927897,0.00047038576227739564,0.9980233737197786,0.00035838785085438087,0.00032287358220414047
1015,4,4,0.997938697187703,0.000533017623376503,0.00033942223101528755,0.0004843882365681269,0.997938697187703,0.00033132310062298706,0.00037315162071408436
1017,6,6,0.9946116897445073,0.0014290056864710672,0.001417053908060951,0.0009078437701202883,0.00040689469582876276,0.0012275121950116237,0.9946116897445073
1018,6,6,0.9945082227635291,0.001395532767275087,0.0015032358009711517,0.0009754315989699499,0.00038417487554532075,0.00123340219370937,0.9945082227635291
1019,2,2,0.9521584238453596,0.00030972858157443005,0.9521584238453596,0.0004941744159489429,0.0003515235196888261,0.04505920845408438,0.0016269411833438145
1020,5,5,0.9966484481153031,0.000600258516825425,0.0005637933353025039,0.000478149224875192,0.0005437512719504484,0.9966484481153031,0.0011655995357433674
1021,1,1,0.9982619785027896,0.9982619785027896,0.0001851251127211697,0.0003454224755157201,0.000532540895013667,0.0003167091605339142,0.00035822385342589605
1022,5,5,0.9959685765646861,0.00047043865023455267,0.0007115011659229451,0.0005529136376507804,0.0006189629179830579,0.9959685765646861,0.0016776070635225596
1023,5,5,0.9968584280392914,0.0005148052331267583,0.0008626444185677489,0.0004330402956218219,0.00036552430176189205,0.9968584280392914,0.000965557711630461
1024,6,6,0.994715069817523,0.0013078905634669423,0.0013934522191329298,0.0008987387724360882,0.00040444209260599105,0.0012804065348350404,0.994715069817523
1025,1,1,0.9984174293398277,0.9984174293398277,0.00018772814844676805,0.00030092828972843385,0.0003886921651197454,0.000306014300173028,0.00039920775670430225
1026,4,4,0.9980721391488794,0.0004342693683313488,0.0003193002167867391,0.00046456465114979667,0.9980721391488794,0.0003448499745691503,0.00036487664028361647
1027,4,4,0.9980040449949326,0.00047163413307477724,0.00037668404791451953,0.00045675395535898876,0.9980040449949326,0.00039176751589129036,0.00029911535282782867
1028,5,5,0.9967899311893295,0.00043398144409801336,0.0010817229684592735,0.00039687353421732533,0.0003432864524875786,0.9967899311893295,0.000954204411408413
1031,3,3,0.9979420755350742,0.0002759642790936785,0.00042540154130688734,0.9979420755350742,0.00039645507395310355,0.0005846472022809643,0.0003754563682911609
1034,6,6,0.994399527939553,0.001364350955821826,0.0015391780216481084,0.0008601982026574469,0.0004090143939494411,0.0014277304863701517,0.994399527939553
1035,6,6,0.99451486477242,0.001425805274263161,0.001465807438374931,0.0009542057362982847,0.0004025522771866297,0.0012367645014569782,0.99451486477242
1036,2,2,0.9971740690025741,0.0004980158036520377,0.9971740690025741,0.0007160868307879496,0.0003806620958212815,0.0007111242788213053,0.0005200419883433437
1037,3,3,0.9978819227228123,0.0003380373438922769,0.0004057161752611368,0.9978819227228123,0.0005574978857935467,0.00030251993235504783,0.0005143059398857218
1038,3,3,0.99799895207828,0.0003552491462143231,0.0004223085664903874,0.99799895207828,0.0004962959502881653,0.00039187873462082453,0.00033531552410608664
1039,1,1,0.9983185190202438,0.9983185190202438,0.00022278735529610933,0.0002875070688328703,0.0003587657289108682,0.00028527701700379276,0.0005271438097125053
1042,3,3,0.9980307747492664,0.0003171653361960007,0.00040339374156582154,0.9980307747492664,0.0005097269528567756,0.0003459124065469466,0.00039302681356806636
1045,4,4,0.9979878109757915,0.00042467296392953224,0.0003808248682265231,0.000496275929321475,0.9979878109757915,0.000390522730815804,0.0003198925319152186
1046,3,3,0.998025878247625,0.00035341601487970983,0.0003636778798159364,0.998025878247625,0.0004628171954064216,0.0003621194861351548,0.0004320911761377366
1048,4,4,0.9979799057563938,0.0005398880277751041,0.00033767240860332865,0.0004572569589624775,0.9979799057563938,0.000392445350037961,0.00029283149822733733
1050,6,6,0.9945537310376854,0.0013080137453476716,0.0014314457735573555,0.0010522100395377698,0.00036141999800716517,0.0012931794058646826,0.9945537310376854
1051,5,5,0.9966056000297343,0.0006101805419508682,0.0007052546150463517,0.00046018715777450606,0.0005617035098072878,0.9966056000297343,0.0010570741456866711
1052,6,6,0.9946214250120516,0.0013928374215272901,0.0013991211715364239,0.0009286596593639016,0.0003912403012870433,0.0012667164342337182,0.9946214250120516
1054,4,4,0.9980088836917106,0.0005140026795660339,0.0003317137812154867,0.00048171826685052774,0.9980088836917106,0.00036657053592624385,0.0002971110447310638
1056,2,2,0.9977874515436852,0.0003359248903254779,0.9977874515436852,0.0004300441324766811,0.00037211465429160776,0.0005696115896020209,0.0005048531896190023
1058,3,3,0.9979778609205502,0.0003937052073226904,0.00044165970843485506,0.9979778609205502,0.0004408919202314884,0.00040861009481799943,0.0003372721486428456
1060,3,3,0.9979219460247505,0.0003518320534651582,0.0004578380058985579,0.9979219460247505,0.000515718565541282,0.00044742183288709397,0.000305243517457421
1061,6,6,0.9943431360296384,0.0014414445825155252,0.0015068583501690323,0.0008402264577476319,0.000409875782150766,0.0014584587977786107,0.9943431360296384
1063,4,4,0.9980081379037106,0.000511026625546978,0.00034971237732537333,0.0004540823581747769,0.9980081379037106,0.00038666242827633504,0.00029037830696596826
1065,4,4,0.9979290774307413,0.0005270982411156711,0.00033612301289477647,0.0005415327512201711,0.9979290774307413,0.0003545888108952506,0.0003115797531327669
1066,1,1,0.9981503931969798,0.9981503931969798,0.0002581288396529711,0.00039046789166131285,0.0005455060988973374,0.00029296196441604675,0.000362542008392539
1067,3,3,0.9980378046669897,0.0003360472965807994,0.0004270712370731416,0.9980378046669897,0.0004869623757530269,0.00035302006723558933,0.00035909435636781586
1068,4,4,0.9980279308588088,0.00044279254691049303,0.00030533680497650263,0.0005245547293294194,0.9980279308588088,0.0003168188780744714,0.00038256618190036986
1069,1,1,0.998187099412919,0.998187099412919,0.0002365448967470178,0.0004030016222532502,0.00048351199257626315,0.0002513834861011543,0.00043845858940325447
1070,4,4,0.997934463863806,0.000481168828363581,0.00033567426834662454,0.00045259925683024683,0.997934463863806,0.000425733539952676,0.00037036024270084415
1071,2,2,0.9977311678679295,0.00034541154228207954,0.9977311678679295,0.00042242502303617343,0.0003462537489435974,0.0005917122581877917,0.0005630295596210056
1075,4,4,0.997974810515651,0.0005453976905451038,0.0003462095037851306,0.0004584558471406127,0.997974810515651,0.0003854515079652373,0.0002896749349129861
1076,2,2,0.9977816024586041,0.00026812149025662866,0.9977816024586041,0.0004673955393478605,0.0002636039062560806,0.0007358950883726299,0.0004833815171624693
1077,5,5,0.996790410463391,0.00044395090468416464,0.0007844596300546004,0.00044961972002349363,0.00041505967594146026,0.996790410463391,0.0011164996059053278
1078,3,3,0.998030943131931,0.0003424657856382118,0.0004253931909556293,0.998030943131931,0.0005153171860964995,0.00035270084593152547,0.000333179859447179
1079,2,2,0.9977311421694777,0.00034238982820946435,0.9977311421694777,0.0005137118823966513,0.0003626635854666649,0.00044257097449438367,0.0006075215599551967
1082,1,1,0.9982502847978432,0.9982502847978432,0.0002282930625194901,0.0003441613615955598,0.00038391378327364955,0.0002958747084947545,0.0004974722862734376
1083,3,3,0.9979676114868075,0.0003281831871430427,0.0003556827549087628,0.9979676114868075,0.0004911247283585496,0.00039358723259081346,0.0004638106101914053
1084,3,3,0.9980504326013773,0.00029875719436673237,0.00042183564684741343,0.9980504326013773,0.0004907497117087696,0.00040253107416094407,0.000335693771538678
1085,2,2,0.9977183187897862,0.00033233464518843056,0.9977183187897862,0.000397507717051608,0.0003296342466438548,0.0006437193083028916,0.0005784852930269607
1086,2,2,0.9974273033087203,0.0004045085201564346,0.9974273033087203,0.0005783226441503967,0.00039803329533501686,0.0006864988029355247,0.0005053334287023692
1088,3,3,0.9978121366052605,0.0004227936591707319,0.0005029875843229697,0.9978121366052605,0.0005518638055820686,0.00039534522262824485,0.00031487312303553436
1089,5,5,0.994492333272448,0.0006834618096777725,0.0007856067709297862,0.0006491536890565479,0.0005113891303213736,0.994492333272448,0.0028780553275665186
1090,5,5,0.9967045273680977,0.0004720455384702165,0.000730670907453784,0.00044755583201249995,0.0005819718871603028,0.9967045273680977,0.0010632284668054964
1094,2,2,0.997792724540785,0.0002949864440031016,0.997792724540785,0.0003610783910430943,0.0002843712874654418,0.0007169275222254118,0.0005499118144780697
1095,3,3,0.9959191976181877,0.001043219150340009,0.0010537802322349568,0.9959191976181877,0.0009303543760564112,0.0007128854261411151,0.00034056319703975425
1096,4,4,0.9980295413764986,0.00041638591682976425,0.0003173582699315659,0.0005594677704558834,0.9980295413764986,0.00034099954451055446,0.0003362471217736712
1097,3,3,0.9949136536932162,0.0004956529957282443,0.001491407798513615,0.9949136536932162,0.0010316326064181212,0.0012330550859183174,0.0008345978202055231
1098,2,2,0.9978214840655573,0.0002785048367356106,0.9978214840655573,0.0004062659710558322,0.00028756296771493677,0.0005731637551139509,0.0006330184038223943
1099,5,5,0.9963499032735211,0.0005142458689077442,0.0006918551325833347,0.0005179814036514619,0.0005420183729778097,0.9963499032735211,0.0013839959483585506
1100,3,3,0.9980213267714283,0.0003535445297684375,0.00039124691089623175,0.9980213267714283,0.0004945787182801878,0.0003693518963382057,0.0003699511732886585
1102,2,2,0.9978837126718263,0.00029297056480590033,0.9978837126718263,0.00041060194315519015,0.00032505829763221215,0.0005573316541014506,0.0005303248684789395
1104,5,5,0.9964250214986572,0.00044416478318870994,0.000698523746335754,0.00048107926862909627,0.000618363702492326,0.9964250214986572,0.0013328470006969345
1105,4,4,0.9979818776182269,0.0004505340056706146,0.0002942050840109017,0.0005155103134857911,0.9979818776182269,0.00031815124936991287,0.00043972172923593646
1106,4,4,0.9980273486992955,0.00045571535714403406,0.00030276521659434693,0.00048207347308809395,0.9980273486992955,0.00038369173213075936,0.00034840552174728474
1109,2,2,0.9975816769201825,0.00039073306891989517,0.9975816769201825,0.0005459755026093935,0.00044613480464356954,0.000449203134410205,0.0005862765692343775
1113,1,1,0.9983418405061497,0.9983418405061497,0.00020742343033955106,0.000336862590738301,0.0004805971603531369,0.00022711872082851144,0.00040615759159095773
1114,4,4,0.9978143994322032,0.0005229195139174517,0.00042455727073949185,0.00048512117670738877,0.9978143994322032,0.000472867358353883,0.0002801352480786945
1115,1,1,0.998288468895525,0.998288468895525,0.00023242042895160387,0.0003723597389331977,0.0004470286148814492,0.00027746131397371465,0.0003822610077351031
1117,2,2,0.9973416931878372,0.00022363850456030287,0.9973416931878372,0.00032386739645905963,0.0002444031126282725,0.0012611901629762826,0.0006052076355389085
1120,2,2,0.9973726877452297,0.00032475242458242703,0.9973726877452297,0.0008292286168571593,0.000367375563853398,0.00047082966331833713,0.000635125986158968
1121,5,5,0.9965890504728634,0.000846651545367224,0.0006533044996275773,0.00042421183878930854,0.00042451210300387484,0.9965890504728634,0.0010622695403486354
1122,3,3,0.9975847410257148,0.0002716911334690508,0.0004437317779565837,0.9975847410257148,0.0006457450871848728,0.0004562227917563742,0.0005978681839182862
1124,3,3,0.9978446072081962,0.0003087417296936925,0.0005266504126186597,0.9978446072081962,0.00047966516380851,0.00036507800929325086,0.0004752574763897394
1126,1,1,0.9982948769107394,0.9982948769107394,0.00021027788952242363,0.0003902937584359805,0.00047443198081015394,0.00024406508286652027,0.00038605437762536884
1127,2,2,0.9977455238214508,0.0002666074646602476,0.9977455238214508,0.0004951632936155146,0.0002488082861820309,0.0006258107624931769,0.00061808637159828
1129,1,1,0.9983365586608517,0.9983365586608517,0.0001995293698346982,0.00030237071545644425,0.0004985844457434219,0.00029216970580501513,0.00037078710230874955
1131,4,4,0.997941220797358,0.0005006469561501042,0.0003760577040238229,0.0004853505645580221,0.997941220797358,0.0003636649143571704,0.000333059063552806
1132,6,6,0.9947040466606314,0.001320498501881887,0.0014070421159581858,0.0009074645157750142,0.00041109191664541657,0.001249856289108123,0.9947040466606314
1133,2,2,0.99721793803235,0.00024571817970447913,0.99721793803235,0.00027010238566672207,0.00022721141910267116,0.0013938332095506116,0.0006451967736255177
1134,4,4,0.9978976551157471,0.00047601944225922295,0.00030677199009891275,0.0004721339934643791,0.9978976551157471,0.00043796688127941525,0.0004094525771510024
1135,2,2,0.9975717284583314,0.00036606451667783657,0.9975717284583314,0.0005926166426145569,0.0003865479057422704,0.0005369432938187062,0.0005460991828152684
1136,5,5,0.9963130791279017,0.00044698919148413504,0.0005728365173015906,0.0006230235721930651,0.000568381710193774,0.9963130791279017,0.0014756898809257333
1137,1,1,0.9983661401370032,0.9983661401370032,0.00021651192872974446,0.0003191765454297135,0.000392084431993561,0.00024945218124256793,0.0004566347756012367
1138,1,1,0.9983569118813286,0.9983569118813286,0.0002093417057374476,0.00033668284257345484,0.0004004834469102535,0.0003118548878560126,0.00038472523559428425
1139,5,5,0.9968659839027453,0.000534529938317384,0.0006264283039308755,0.000551976053750736,0.0005027902923726605,0.9968659839027453,0.0009182915088830684
1140,3,3,0.9979698532564474,0.0003260379945312633,0.00037494651241672876,0.9979698532564474,0.0004808943429222113,0.0004886506586973487,0.000359617234985076
1141,4,4,0.9980290378746771,0.00046552094148369924,0.000346903043590579,0.0004688647678249807,0.9980290378746771,0.00035698754979270086,0.0003326858226309381
1142,4,4,0.9979490998507473,0.0003998944156532195,0.0002968952865556333,0.0005095423150589794,0.9979490998507473,0.00040314304353388907,0.0004414250884510682
1146,2,2,0.9978209436589199,0.00027568852871467096,0.9978209436589199,0.00036820145390699946,0.00034583999210327894,0.0006851022276810639,0.0005042241386741657
1147,2,2,0.9975840502476186,0.00028073082293017423,0.9975840502476186,0.0004830102575946058,0.00037086058958795277,0.0007663786444353945,0.0005149694378334001
1150,4,4,0.9979859321203929,0.0004711748769309658,0.0003098039592222537,0.0004582655515961133,0.9979859321203929,0.00037704021663686636,0.00039778327522093504
1152,3,3,0.9980014789482846,0.00030488525553638,0.00041696328757213376,0.9980014789482846,0.0004571639414336716,0.0004850527150410344,0.0003344558521321338
1153,1,1,0.9983022723032523,0.9983022723032523,0.00018397607558203168,0.0002961077704041146,0.0004092497902002072,0.000263383538181946,0.000545010522379481
1155,4,4,0.9977932300690747,0.0005275907050037879,0.000371816376437168,0.0005878844140291589,0.9977932300690747,0.0004164388073015186,0.00030303962815364543
1160,6,6,0.9944571782233611,0.0015078793145456826,0.001428853213868495,0.0008569277577387637,0.000400340089313034,0.0013488214011728899,0.9944571782233611
1163,5,5,0.9963090518766781,0.0004417296748965173,0.0007113749657631209,0.0005148246195759453,0.0006261938106322942,0.9963090518766781,0.001396825052454068
1164,4,4,0.9980609517181321,0.0004710512622582574,0.00031664870792903684,0.00041713292011605834,0.9980609517181321,0.000378938767486142,0.00035527662407834046
1165,1,1,0.9983152392527711,0.9983152392527711,0.00023151146138827603,0.00037129315853610126,0.0003990521274478361,0.00024756300816003457,0.00043534099169670006
1166,4,4,0.9979619891563069,0.0005679530390579683,0.00033753915041999713,0.00047926845885529147,0.9979619891563069,0.0003603829213663584,0.00029286727399356746
1167,5,5,0.9968284496886376,0.0004805667907923715,0.0007304346021234291,0.0004823568220146985,0.0004182384304103139,0.9968284496886376,0.0010599536660215905
1168,3,3,0.9979017441754029,0.00037830786628401,0.00044978413432093854,0.9979017441754029,0.0005195035788296942,0.00044749599129223006,0.000303164253870275
1169,3,3,0.998006300270193,0.0003369882233096723,0.0004217844174949277,0.998006300270193,0.0005162665703386053,0.00039317573004614686,0.0003254847886176897
1170,4,4,0.9979615059400138,0.0005804152843146022,0.0003329184971299603,0.00046933564089455913,0.9979615059400138,0.0003640647720053162,0.00029175986564180763
1172,6,6,0.9945345880540915,0.0013340840497418926,0.0013584420926098482,0.0009037468483915676,0.0003748817454826091,0.0014942572096826002,0.9945345880540915
1173,4,4,0.9979731824516942,0.00044991199959720427,0.0003815347009917276,0.0004832350718450256,0.9979731824516942,0.00042029681369989367,0.0002918389621717828
1174,4,4,0.9978857933264017,0.00043428643967027147,0.00034525974050791285,0.0006343927423105746,0.9978857933264017,0.000386473093966939,0.0003137946571426624
1177,4,4,0.9980619858802402,0.0004321364885634124,0.00030297474816199293,0.0005272904060850027,0.9980619858802402,0.00034028294512361307,0.00033532953182579433
1178,5,5,0.996576646905068,0.0005291223853081297,0.0009387347755310234,0.0007016989099771049,0.00034032553858022837,0.996576646905068,0.0009134714855355266
1181,4,4,0.9979455734531022,0.0004807975914296333,0.0002959444147169021,0.0004237404941469761,0.9979455734531022,0.00043182757524649575,0.00042211647135777865
1182,5,5,0.9961768511676633,0.0005441988536255758,0.000615411445642078,0.000631049399600741,0.0005288392487048358,0.9961768511676633,0.00150364988476351
1183,3,3,0.9980106544615448,0.00035388012493312195,0.0004124879611359004,0.9980106544615448,0.000496267204513635,0.00039022955623309145,0.0003364806916392825
1185,4,4,0.9980755464622999,0.0003919136601661447,0.00030226282650750477,0.0004639975079948416,0.9980755464622999,0.0003971016510939889,0.00036917789193763735
1186,5,5,0.9964958675040687,0.0005161638655837757,0.0007456419145241546,0.0006187843174123132,0.0005742147712254826,0.9964958675040687,0.0010493276271856225
1187,4,4,0.9979006360630233,0.0003825471456014663,0.00027906560429495386,0.0004386259145598151,0.9979006360630233,0.00048255339882082076,0.0005165718736996746
1191,4,4,0.9980185268036166,0.0003999100394176454,0.00032245752698968773,0.00048471278260902884,0.9980185268036166,0.0003370272250032033,0.00043736562236381727
1192,2,2,0.9964129960406538,0.00021942303504227266,0.9964129960406538,0.0003333386952238789,0.0002767430986625248,0.0021526768058524486,0.0006048223245650547
1193,3,3,0.9979600717765293,0.0003810887666378895,0.0004245182344081841,0.9979600717765293,0.0005202208353836027,0.0003729313695942367,0.00034116901744677905
1196,1,1,0.9982930416598946,0.9982930416598946,0.00017523727310894162,0.0002926600455284411,0.0004838493182296978,0.0002898781557295946,0.00046533354750880306
1197,3,3,0.9976902420226255,0.00044617207609064073,0.0004727665722064263,0.9976902420226255,0.0006378771005740305,0.0003797525708791973,0.0003731896576242457
1198,1,1,0.9983330969133243,0.9983330969133243,0.00023321059362777977,0.00030175950445945654,0.00041590860518217156,0.00032431826315236316,0.00039170612025391866
1200,2,2,0.9978298568406672,0.00030997538197285047,0.9978298568406672,0.00038134076838872285,0.0003500118918120559,0.0005420542451292973,0.0005867608720299214
1201,3,3,0.9978373464359362,0.0004462631686982562,0.00041225057040302323,0.9978373464359362,0.0005856979880534829,0.0004087507475430766,0.0003096910893659223
1202,1,1,0.9983312231334819,0.9983312231334819,0.0002120678782508514,0.00032419954991363915,0.00032229656690424394,0.000272264726223148,0.0005379481452263932
1203,6,6,0.9943220064396417,0.0015378013798043298,0.0014973710392661608,0.0008660954874635847,0.0004437983488608135,0.0013329273049634187,0.9943220064396417
1204,4,4,0.9980764817493855,0.0004742368386214173,0.0003408156190621387,0.00043340695670559246,0.9980764817493855,0.00037271266191240795,0.000302346174313006
1205,3,3,0.9980492941294011,0.0003261398056157104,0.00041078914347393846,0.9980492941294011,0.00046129479756746564,0.00040890600916213384,0.0003435761147796312
1206,5,5,0.9966873208941945,0.0004021344811091765,0.0006822692594990123,0.0006049031315380436,0.0004805218915521554,0.9966873208941945,0.0011428503421070891
1208,4,4,0.9980948457878037,0.00042436524643604356,0.00031119820436806994,0.00046395227618893815,0.9980948457878037,0.0003460883707019001,0.00035955011450131445
1210,2,2,0.99773854872015,0.00036819951097027666,0.99773854872015,0.0004311251399296657,0.00034615193180561135,0.0004671387460657464,0.0006488359510787407
1214,1,1,0.9982460197572951,0.9982460197572951,0.0001818958018594581,0.0003938707310119969,0.0004416547651526714,0.0003164287892936707,0.00042013015538710857
1215,5,5,0.9964088254702126,0.0004265027004755959,0.0007616183305581358,0.0005282055065966936,0.0005083339361124343,0.9964088254702126,0.0013665140560445634
1216,2,2,0.9976885833864667,0.000249866729231539,0.9976885833864667,0.0003269042813896724,0.00029353379856122654,0.0009026620421012183,0.0005384497622496529
1217,3,3,0.9979734725502962,0.0003036026812474741,0.00041939363521955046,0.9979734725502962,0.0005657512063786719,0.0003137767397938858,0.0004240031870642212
1218,6,6,0.9945319622079786,0.0013780075451309964,0.0013976418035335013,0.0008996679437174601,0.0004491892347200541,0.0013435312649194226,0.9945319622079786
1220,1,1,0.9982979987093948,0.9982979987093948,0.00023488914522798907,0.0002953202374903909,0.0004356940084857524,0.0002977454888088738,0.0004383524105922057
1223,4,4,0.9980601668938797,0.0004327402857849805,0.00036613320119016185,0.0004405644722539329,0.9980601668938797,0.0003723498666875734,0.00032804528020369153
1225,1,1,0.9983144498227199,0.9983144498227199,0.00021739078876716847,0.00032945237566842144,0.0004640138417298488,0.000259213107452816,0.00041548006366191344
1226,4,4,0.9979326828401546,0.0004811342564435849,0.00030442379963278285,0.0004475196811637436,0.9979326828401546,0.000426483752433799,0.0004077556701714935
1227,2,2,0.9977928644262662,0.00034399121910382,0.9977928644262662,0.00042282112861263365,0.00035147686999966533,0.00046672332660860615,0.0006221230294091356
1229,3,3,0.9977486241127166,0.00048431722602983467,0.00041951914365912337,0.9977486241127166,0.0006373553054963676,0.0003990523973160877,0.0003111318147820533
1230,2,2,0.9976567423676183,0.0003634383463307283,0.9976567423676183,0.00047587229769219513,0.0003250252758366485,0.0006347905396476845,0.0005441311728745312
1231,6,6,0.9940580626077611,0.0015010764640711485,0.001508039846893993,0.0012344339081985115,0.0003863194917481232,0.001312067681327117,0.9940580626077611
1234,1,1,0.9983784412754243,0.9983784412754243,0.00020538268493781916,0.0003249739094749203,0.0004550336658863647,0.0002876315396233202,0.0003485369246532207
1235,1,1,0.9983066720209893,0.9983066720209893,0.00017749990348936605,0.0003402977153964357,0.0005163724042512601,0.00027588243769756035,0.0003832755181760036
1236,3,3,0.9979667650263794,0.0002867054834057314,0.00036286059879693386,0.9979667650263794,0.0005432211578684513,0.0004103677678809159,0.0004300799656686208
1237,2,2,0.9977679949557405,0.0003188399355048269,0.9977679949557405,0.0005615408109645926,0.0003348533880095967,0.00046409920072875923,0.0005526717090517079
1238,3,3,0.997701875845339,0.0003095554503649156,0.0004303820025471963,0.997701875845339,0.00037480885320667726,0.0008321407972181553,0.0003512370513240577
1239,4,4,0.9978010952837613,0.00042018485166221296,0.0003399556052040281,0.0007074568209604115,0.9978010952837613,0.0003964429370141003,0.000334864501397937
1240,3,3,0.9978991534129003,0.00035365234922255976,0.00038520547383560504,0.9978991534129003,0.00058796035540879,0.00033008441425174957,0.000443943994381091
1241,3,3,0.9979107667522844,0.00039121513209915517,0.0004007846458805348,0.9979107667522844,0.0005720632439615681,0.0003819114526969508,0.00034325877307737196
1242,3,3,0.9979896908767144,0.00032292549160715977,0.0004204312434291783,0.9979896908767144,0.0005110559472619495,0.00042467234106923857,0.00033122409991807503
1243,3,3,0.9979934265927491,0.00028382450540554116,0.000402028703239853,0.9979934265927491,0.0005020760384933219,0.0004724962126201722,0.00034614794749201946
1244,1,1,0.9983357449653859,0.9983357449653859,0.00020966673783469258,0.0002905393095727367,0.00039247483201733797,0.00027467050476029424,0.0004969036504290535
1245,6,6,0.9944756666155944,0.0014187747202678172,0.001475617877417489,0.0008646373205331049,0.0004153180941959128,0.0013499853719912943,0.9944756666155944
1246,2,2,0.9978616968084738,0.00027660149477356334,0.9978616968084738,0.00039050540589318004,0.00032401212432735607,0.0005747184013853426,0.0005724657651467622
1247,1,1,0.9979295818011976,0.9979295818011976,0.0003144186366884972,0.0004206152553264166,0.0005103460324932284,0.0004441415406090267,0.00038089673368521955
1248,5,5,0.9968633479689025,0.0004333841132175649,0.0005792681377059197,0.000562810503943281,0.0004586406205788404,0.9968633479689025,0.001102548655651878
1249,5,5,0.9962836826309854,0.0006815602349992591,0.0005915100756571189,0.0004810355471535133,0.0005412003808045655,0.9962836826309854,0.0014210111304001618
1250,4,4,0.9979365917110142,0.0005048826495339564,0.0003836361518444059,0.00048296397306316736,0.9979365917110142,0.00040850260973959463,0.0002834229048046985
1252,1,1,0.9983621240888267,0.9983621240888267,0.00019673702463255337,0.00032817894403585815,0.00044049922710441515,0.00024182756922876313,0.00043063314617175063
1253,3,3,0.9979790832664921,0.0003788009393063449,0.00041366342337347114,0.9979790832664921,0.00042807854856981834,0.0004655773154363299,0.0003347965068219955
1254,1,1,0.9982988346991958,0.9982988346991958,0.00021147612166257874,0.00031827995009761265,0.0004833494370567481,0.00035050618150744264,0.0003375536104798837
1258,4,4,0.9980234625756772,0.0004769196740138313,0.000353909139009783,0.00047066086646755767,0.9980234625756772,0.0003366122968334452,0.0003384354479981513
1259,2,2,0.9974043118683369,0.0002958332290885022,0.9974043118683369,0.00036580000408290665,0.00034177176441032203,0.0008891127962282693,0.0007031703378531588
1260,1,1,0.9983092624038858,0.9983092624038858,0.0001861536598794345,0.0003274687940555791,0.0004607883492435355,0.0002566846107521209,0.0004596421821835819
1262,1,1,0.9983158813629474,0.9983158813629474,0.0002314080821892394,0.00035534993927872053,0.00042717393158459217,0.0002743171473220245,0.00039586953667787936
1263,3,3,0.9979024879334146,0.0003976191887354274,0.00043601468263950143,0.9979024879334146,0.0004134518195238365,0.0004700305735136376,0.0003803958021729814
1264,5,5,0.9955758245852475,0.0005513362840516054,0.0009660426097707232,0.0007678490910055703,0.0010100191343298357,0.9955758245852475,0.0011289282955947745
1265,2,2,0.9976621262281777,0.00032994556571686474,0.9976621262281777,0.0004962038646887511,0.00043383435979556906,0.00048472828324200735,0.0005931616983790786
1266,3,3,0.9979849158324215,0.000294434462332241,0.000405265767784022,0.9979849158324215,0.000539920360764533,0.00039292516270104455,0.0003825384139966356
1267,3,3,0.9980156568344074,0.0003903206145947308,0.00039218701416552195,0.9980156568344074,0.0004773830366634774,0.000319498392094005,0.00040495410807494267
1268,3,3,0.9979445146141506,0.00039013112380697454,0.00045098805429739507,0.9979445146141506,0.0005238592800348853,0.00037267295652747246,0.00031783397118276816
1269,6,6,0.9947461891412097,0.0012771902594135845,0.0013578710817534253,0.0009514314405957153,0.00042231735197463955,0.0012450007250529459,0.9947461891412097
1270,6,6,0.9946352796627319,0.0013451633218476732,0.0014266506707311987,0.0008805926152758852,0.00041095842430304485,0.0013013553051103202,0.9946352796627319
1271,3,3,0.9980744163254334,0.0003224878759408847,0.00038129260217063967,0.9980744163254334,0.0004698316934625311,0.00034406728946886786,0.0004079042135238088
1272,6,6,0.9944252782897747,0.0015360065450220083,0.0014370531740634184,0.0008895541375844887,0.00039228967941968277,0.0013198181741357602,0.9944252782897747
1275,3,3,0.9979605782498656,0.0004060638355629543,0.0004147873013829256,0.9979605782498656,0.0005169392735634602,0.00035188525014526173,0.0003497460894797637
1276,5,5,0.996699559606611,0.00042822339172459285,0.0007364084946587198,0.00044473187095150934,0.0005543461567047647,0.996699559606611,0.0011367304793493448
1278,2,2,0.9927838447566251,0.00032535117736709164,0.9927838447566251,0.0004998409123458727,0.00026926195852007947,0.004604433853735021,0.0015172673414068456
1279,6,6,0.9938366134371249,0.0012896757518981554,0.0015052219867714598,0.0008669379444045167,0.00039191798510536407,0.0021096328946955995,0.9938366134371249
1283,4,4,0.9977157569790062,0.0004575301926559678,0.0002481139785319726,0.0006931994891338632,0.9977157569790062,0.0004180266595613114,0.0004673727011105374
1285,5,5,0.9962602297941089,0.0003659988956752966,0.0006921868967206019,0.0005839213519538394,0.0006001156536390275,0.9962602297941089,0.0014975474079023587
1286,1,1,0.9981086314181641,0.9981086314181641,0.00027038281976472794,0.0004244148249870465,0.0004797966723048701,0.0003372168193415871,0.0003795574454376659
1287,4,4,0.9980671041235354,0.0004379132457491039,0.000323841579056342,0.00045731021928586724,0.9980671041235354,0.00034899639564883316,0.00036483443672455964
1288,3,3,0.9980518249739727,0.0003466128640000603,0.0003852741573472667,0.9980518249739727,0.00048412749465341393,0.000360698680581798,0.000371461829444762
1289,5,5,0.9963826721436859,0.0005031577705521358,0.0007002585301058048,0.0004277948217698101,0.0005953695974935425,0.9963826721436859,0.0013907471363927629
1291,1,1,0.9983919791578725,0.9983919791578725,0.00021091234182691568,0.00034203254100657676,0.0004049935883634559,0.0002801293015274936,0.0003699530694031159
1292,2,2,0.9978846838693339,0.00029461608852658373,0.9978846838693339,0.0003766767146435364,0.00029173571189410107,0.0006135067476470053,0.0005387808679548753
1293,2,2,0.9969872843904738,0.0002153071402750294,0.9969872843904738,0.00030041157186544914,0.0002613495456303348,0.0015890649538359896,0.0006465823979193606
1294,1,1,0.9982298940778721,0.9982298940778721,0.00021394926596953232,0.00039456661430331823,0.00048101002340288714,0.0003100292732168749,0.0003705507452352966
1297,3,3,0.9980458228849679,0.0003623376035559744,0.00040297263441972414,0.9980458228849679,0.00047221760433270794,0.00035343305361179616,0.00036321621911191603
1300,3,3,0.9979620242817178,0.00032581659492898947,0.0004260182216870514,0.9979620242817178,0.00047661071513204145,0.0004913846038998061,0.00031814558263438175
1301,5,5,0.9958983127753462,0.0004258912549738879,0.001204461914783637,0.0005388516036061979,0.0003993638991453749,0.9958983127753462,0.00153311855214471
1305,3,3,0.9980339231607914,0.0003514352367107876,0.00037311054689116713,0.9980339231607914,0.0005067099611166356,0.00034660825009949015,0.0003882128443905037
1306,3,3,0.9979353625735922,0.0004189199236323761,0.0004284379827807842,0.9979353625735922,0.0005314717777832685,0.00034746608601311796,0.00033834165619824974
1307,4,4,0.9980471101362689,0.0004520763744633695,0.00034797741567828207,0.0004609466107769705,0.9980471101362689,0.00035670914686319503,0.00033518031594939027
1308,5,5,0.9947829655248037,0.0014887856970528272,0.000856875076587365,0.00039290243136324356,0.0005179923512291556,0.9947829655248037,0.00196047891896364
1309,1,1,0.998318215666909,0.998318215666909,0.00020642356377773927,0.0003297730066893919,0.000488336207973514,0.0002776236271659648,0.00037962792748439056
1310,2,2,0.9976350890446242,0.0003189996904242471,0.9976350890446242,0.0005696065960049473,0.0003362749980099607,0.0005977720630790913,0.0005422576078576611
1311,3,3,0.998009918752647,0.00034065997702486503,0.0004123832281570757,0.998009918752647,0.0004845598005789332,0.0004291692999099744,0.00032330894168217285
1312,2,2,0.9977970575161541,0.00028528655159766153,0.9977970575161541,0.00042691305605108566,0.00030713709470314054,0.0005332399346158901,0.000650365846878193
1313,1,1,0.9983449615010161,0.9983449615010161,0.0002120174057742841,0.0003341366640753963,0.0004565432353746807,0.0002837685592747737,0.0003685726344846678
1314,3,3,0.9979987970557718,0.000327079826356122,0.0003832773452029697,0.9979987970557718,0.0005051585729258831,0.00039817859405178596,0.00038750860569145343
1315,5,5,0.9962027307808465,0.00044186393690708915,0.000715426461841336,0.0005749355666271101,0.0005559231385494266,0.9962027307808465,0.0015091201152285284
1319,2,2,0.9978310473944082,0.00032349894198874165,0.9978310473944082,0.0004245471212747309,0.00035902767587839556,0.0004927799458905892,0.0005690989205594749
1320,2,2,0.9964188248958104,0.0008219239863172025,0.9964188248958104,0.0006498420399526019,0.0005682224920792158,0.0006159955037431467,0.0009251910820975102
1321,1,1,0.9982708094892462,0.9982708094892462,0.0002160983114193992,0.00037293935785518036,0.000513231470542715,0.00026749885138422974,0.00035942251955212775
1323,6,6,0.9945023417301241,0.0013296480070018235,0.0014367431220126384,0.0008907487819691522,0.00040625034312598794,0.0014342680157663126,0.9945023417301241
1324,6,6,0.9946097778455679,0.0012696326832477409,0.0013894076425894854,0.0009559660138096811,0.00038078776111737876,0.0013944280536677895,0.9946097778455679
1325,6,6,0.9943141676315516,0.0014214104054842973,0.0014377295058479872,0.001091621736533066,0.00037391630563055755,0.0013611544149525234,0.9943141676315516
1326,1,1,0.9982305583682322,0.9982305583682322,0.0002480903161347635,0.00041743622847371443,0.00044627323621045534,0.0003276694469265728,0.00032997240402242813
1327,1,1,0.998365332607155,0.998365332607155,0.00018601167353099964,0.00029814065484360747,0.0004671625746141215,0.00027612107529061293,0.00040723141456572277
1332,6,6,0.9947486659357341,0.0013573902151041571,0.0013251297827435353,0.0009206805973013411,0.0003988134614258332,0.0012493200076910504,0.9947486659357341
1334,3,3,0.9979260905476038,0.00033773312182589974,0.00043456517216170057,0.9979260905476038,0.0005040707636634473,0.0004172090451036602,0.00038033134964148447
1335,4,4,0.9979748263160712,0.0004361989325906415,0.00031560211631182384,0.0005886445366250073,0.9979748263160712,0.00035839670932921844,0.00032633138907217966
1336,6,6,0.9943905875897643,0.0015091457783198005,0.0014744324741735018,0.0008541302868922791,0.0004158080433035678,0.001355895827546567,0.9943905875897643
1338,5,5,0.9962730856076679,0.00036810847976599323,0.0008433684077102235,0.000526036678659611,0.0004195466149791299,0.9962730856076679,0.0015698542112171402
1341,2,2,0.9978080715680262,0.00025468500924686043,0.9978080715680262,0.0004274744853794706,0.0003256861924642029,0.0006949051974463304,0.0004891775474369341
1342,4,4,0.9980378454776343,0.00045997514206872457,0.0003517923657228495,0.00045938442163923965,0.9980378454776343,0.00035065926632485287,0.000340343326610007
1343,3,3,0.997921175803611,0.0004201532894878457,0.00042713783049665556,0.997921175803611,0.0005177239690898998,0.0003522135109199286,0.00036159559639475014
1344,3,3,0.9979967120808001,0.0003486670322571994,0.0004223726637005205,0.9979967120808001,0.000514635743012306,0.00033681871636427233,0.0003807937638656588
1345,4,4,0.9980775112355048,0.00042304987413698263,0.00033891212642078375,0.00046575849384391296,0.9980775112355048,0.00036530548802865656,0.000329462782064808
1347,5,5,0.9938106066926099,0.0005647797441995926,0.0007810602063703773,0.0007179479089398312,0.0007279809307481536,0.9938106066926099,0.0033976245171321875
1348,3,3,0.9979237310197222,0.00035783482570953375,0.0004571466412062594,0.9979237310197222,0.0005696192961366696,0.00030512473289161083,0.00038654348433376655
1349,5,5,0.9966126976819147,0.000359838162176952,0.0007143001478951644,0.0007422076387963288,0.0004466271020434678,0.9966126976819147,0.0011243292671733406
1350,5,5,0.9967533791417503,0.0006406701769017031,0.0007361849306504426,0.00038658439862630664,0.00045067944330477207,0.9967533791417503,0.001032501908766469
1351,2,2,0.9977868380687248,0.00031792078083014145,0.9977868380687248,0.00044266766592107425,0.00031765832246663425,0.0004684292435990962,0.0006664859184582836
1352,2,2,0.9978070366106971,0.0003350086462406162,0.9978070366106971,0.00041401672359776674,0.000338842871988559,0.0005231486027774446,0.0005819465446984983
1353,2,2,0.9962109848643271,0.00019659678350357983,0.9962109848643271,0.0003571581669883622,0.0002838000173048541,0.0023549141639350587,0.000596546003941063
1354,2,2,0.9978326435222952,0.0003045233459897269,0.9978326435222952,0.0003650210155617728,0.00027409051677884937,0.0006242064705281437,0.0005995151288461521
1355,6,6,0.9944674040874448,0.001452837294387877,0.0014713184600496244,0.0008798681899008708,0.00042552778580304203,0.001303044182413704,0.9944674040874448
1356,2,2,0.9977711009690006,0.00028689896565501624,0.9977711009690006,0.0003325928742648507,0.00029178462487979137,0.0008039883544706108,0.0005136342117291224
1360,5,5,0.9964717097010771,0.0004642142201874182,0.0006484925053039533,0.0005015809171633226,0.0007271964764263025,0.9964717097010771,0.0011868061798418616
1362,1,1,0.9981870858297769,0.9981870858297769,0.0002519631136273206,0.0003544226790961121,0.0004502535855022274,0.0003407290654653853,0.0004155457265321245
1364,5,5,0.9964997655762164,0.0008200372409825974,0.0006617175666298946,0.0004356906755606381,0.000415576434076516,0.9964997655762164,0.0011672125065339775
1365,1,1,0.9983278121892443,0.9983278121892443,0.00021344809358088624,0.00035765744548777964,0.0004367591262601073,0.00023661050849270294,0.00042771263693433916
1367,3,3,0.9979669796183251,0.00030156601446381813,0.0004115956104404874,0.9979669796183251,0.0005885997873870467,0.00037076031555543116,0.0003604986538281491
1368,4,4,0.998036416300645,0.000449100725002723,0.0003380790021887626,0.00046866996776948153,0.998036416300645,0.000380187330165324,0.00032754667422870245
1369,5,5,0.9964150585540169,0.0003407160420818347,0.0015896932347538822,0.00046686489708533234,0.0003595843157923752,0.9964150585540169,0.0008280829562697338
1371,5,5,0.9966163323169862,0.0005284916410860989,0.0008352443348181028,0.0004076757293402491,0.000498727443868241,0.9966163323169862,0.0011135285339011005
1374,2,2,0.9970288653927923,0.000515314971895787,0.9970288653927923,0.0006359593104712746,0.0005487244805048028,0.000729225850959882,0.0005419099933758804
1375,3,3,0.9979563631020442,0.00031552227874293335,0.0003952540336804626,0.9979563631020442,0.00045299825024115123,0.0005185492207577398,0.0003613131145335692
1377,3,3,0.9978570037187644,0.0003435238628143387,0.00047815962056564285,0.9978570037187644,0.0005278111089854192,0.00030578451505197717,0.00048771717381826504
1378,1,1,0.9981955398260844,0.9981955398260844,0.00024207492515203888,0.00038233627443692424,0.0004769777937149854,0.00024057484104400296,0.0004624963395675846
1379,2,2,0.9976902314242646,0.0003441139691890066,0.9976902314242646,0.0004930154681150396,0.00035956754881654075,0.0005075040521218074,0.000605567537492998
1380,2,2,0.9950006028045401,0.00024112552674702587,0.9950006028045401,0.0005787136973500028,0.00022864667658960335,0.003373928576950743,0.000576982717822604
1381,1,1,0.9983504062871418,0.9983504062871418,0.00020506924694820881,0.0003340702760310699,0.0004435549016643104,0.0002418120479957414,0.00042508724021895236
1382,1,1,0.9982365551596936,0.9982365551596936,0.00017984970619754344,0.00033804511181705554,0.0005828098148371679,0.0002933003819494481,0.0003694398255052783
1383,2,2,0.9978376834157198,0.00033338040676909837,0.9978376834157198,0.0003975539429717252,0.00033313282049305136,0.0005118811187157169,0.0005863682953306954
1384,5,5,0.9949668251355444,0.0008361055102993686,0.0007964680714748619,0.0005507145654205623,0.0004884866165226176,0.9949668251355444,0.002361400100738231
1385,6,6,0.9946463295928628,0.0013238754934006963,0.0014816242040902826,0.0009662315894545505,0.00040664137053492106,0.0011752977496567853,0.9946463295928628
1386,6,6,0.9932607317551188,0.0013813605297845544,0.0018070395783697788,0.0008188573241902806,0.0004448845508575268,0.0022871262616791337,0.9932607317551188
1388,1,1,0.9980953224797148,0.9980953224797148,0.00027104661847872754,0.0004074743437913945,0.0005154825573288155,0.00030285890925174744,0.00040781509143459363
1389,5,5,0.9922421776164901,0.0007992480796595082,0.0009492161539200092,0.0031304439682226376,0.0006972864807905474,0.9922421776164901,0.0021816277009172064
1390,4,4,0.9980579900469182,0.0004793621033704649,0.0003243838723524659,0.00043234168879540427,0.9980579900469182,0.00036795088430805145,0.00033797140425540227
1393,1,1,0.998355663281894,0.998355663281894,0.00020307065772728035,0.0003365470943370694,0.0004662920993820108,0.0002462994543688722,0.00039212741229090046
1396,2,2,0.6130192469439399,0.0006151605804527703,0.6130192469439399,0.0009490856271581417,0.0007200864597585474,0.38145694587848494,0.0032394745102058246
1397,1,1,0.9983917488490387,0.9983917488490387,0.0002167168296204028,0.00032983660171179364,0.0003600764402190344,0.0002983049606612435,0.0004033163187488127
1398,4,4,0.9979719458040184,0.0005036679763935503,0.0003543929175028083,0.0004872212854886046,0.9979719458040184,0.00038543331664661346,0.0002973386999500274
1399,3,3,0.9980308266239698,0.0003025593424274823,0.0004167833478623897,0.9980308266239698,0.0005278819511983267,0.00034109234772233116,0.0003808563868196743
1400,6,6,0.9944198470897273,0.0013820693937044255,0.0015051404091337595,0.000969311663072456,0.00039978274858419035,0.0013238486957778866,0.9944198470897273
1401,3,3,0.9980004623551594,0.000300369755142212,0.00038548257018896037,0.9980004623551594,0.0005306009073366529,0.0004253513844366352,0.00035773302773618867
1402,5,5,0.9934584424387035,0.00034397974121213156,0.00410163073538519,0.0005261253642765779,0.00044093001305364066,0.9934584424387035,0.001128891707369002
1403,2,2,0.9955491202342903,0.00034747015013861937,0.9955491202342903,0.0003015376973792158,0.00024175916951835058,0.002777499251320705,0.0007826134973528842
1404,2,2,0.9962473558211553,0.00018995596472767598,0.9962473558211553,0.00046521399525050963,0.0002841974165388385,0.0022620777326674106,0.0005511990696602872
1405,5,5,0.9966081838527484,0.0005291686585448029,0.0006050175424925861,0.0005185972167793617,0.0005668957183550822,0.9966081838527484,0.0011721370110797315
1406,4,4,0.9980882340608257,0.00038614585952316234,0.00030877501016433726,0.0004743550341277236,0.9980882340608257,0.0003861786013341662,0.0003563114340249647
1407,1,1,0.9983355253406833,0.9983355253406833,0.00020323704117772176,0.000386367878409403,0.00037113394606535453,0.00028134500319398496,0.0004223907904702508
1409,4,4,0.9981055354403333,0.00036522970532139543,0.0003008010127250201,0.0004657484576989081,0.9981055354403333,0.0003554144966143977,0.0004072708873069586
1411,4,4,0.9979355780766688,0.0005941725368454549,0.0003320280668945941,0.00048442967070485215,0.9979355780766688,0.00035819572948013223,0.000295595919406162
1412,4,4,0.9978696256558541,0.0004144065085616933,0.00035017991261824833,0.0006363653905520646,0.9978696256558541,0.000400081137336137,0.00032934139507772615
1413,2,2,0.997685068171268,0.000252795288691045,0.997685068171268,0.0003296779549611218,0.00027590134616677884,0.0009039221769346123,0.0005526350619785412
1415,3,3,0.9979726182476782,0.0003217297622923396,0.0004461262214414074,0.9979726182476782,0.000525690181928406,0.0003868950690286849,0.0003469405176309603
1416,3,3,0.9979773303008457,0.00030503025902043186,0.00036707141172857176,0.9979773303008457,0.0005185841035602098,0.0003813223918465178,0.00045066153299854904
1418,3,3,0.9978415631231705,0.0003750592617776402,0.0004700917747020407,0.9978415631231705,0.0006310414133719824,0.0003698836689551998,0.00031236075802266593
1419,6,6,0.9940006742672242,0.001665131523238536,0.0015853158931612118,0.0009261274226973422,0.000456281499804855,0.0013664693938739048,0.9940006742672242
1420,1,1,0.9982161733310724,0.9982161733310724,0.00024995023469283155,0.00032294118347420223,0.00040210118364828037,0.0003439796723125885,0.0004648543947997032
1421,4,4,0.9979909058645362,0.0005258447756679536,0.0003150145450343542,0.00042748492319496676,0.9979909058645362,0.0003862978541960163,0.0003544520373705467
1422,2,2,0.9975509117347814,0.00023777899567693506,0.9975509117347814,0.0003950589590502086,0.00021101521806327726,0.0010519785554374364,0.0005532565369907201
1423,2,2,0.9969314613979345,0.0003074140275346766,0.9969314613979345,0.0005184930814910029,0.00034349911553667396,0.0013956417989547502,0.000503490578548409
1424,3,3,0.9979899783383241,0.00040196868596909896,0.000415876094739327,0.9979899783383241,0.00045796988959647284,0.00039192361684267126,0.00034228337452831036
1425,1,1,0.998338699805708,0.998338699805708,0.0002065325389646611,0.00033440138228908246,0.0004839926261845942,0.00027511647216748285,0.00036125717468618286
1427,1,1,0.9983836342838802,0.9983836342838802,0.00022885940984089892,0.0002968631140218723,0.0002978960089575821,0.00027813209259729376,0.0005146150907021274
1428,5,5,0.9964574042019317,0.0005527942010493585,0.0007091282212982099,0.0005391656338603869,0.0005864130253515093,0.9964574042019317,0.0011550947165087698
1429,6,6,0.994013013335959,0.0014336088233739305,0.001553297860692382,0.0009185557736696828,0.0003871072265657704,0.0016944169797392418,0.994013013335959
1431,3,3,0.9979505937776862,0.0002749869545596843,0.00036554861440650684,0.9979505937776862,0.0005463607850548877,0.00046480475239215805,0.0003977051159005562
1432,1,1,0.9983110793654821,0.9983110793654821,0.0002233072673303497,0.0003378482775690203,0.00040530735016456904,0.0003293149468549387,0.00039314279259900723
1433,5,5,0.9964980545642053,0.0006045601730280367,0.0007278485471890323,0.0003924317975532209,0.0004902858378318819,0.9964980545642053,0.0012868190801925414
1434,1,1,0.9983100742479484,0.9983100742479484,0.00023851614676436995,0.000349674414215476,0.00042174486018072184,0.0002457975894726994,0.0004341927414183038
1436,4,4,0.9980779862426455,0.0004302003061376621,0.0003451069634087974,0.00044912926279856475,0.9980779862426455,0.0003776466464924444,0.0003199305785169619
1437,2,2,0.9977391055153969,0.00035913809211576977,0.9977391055153969,0.0004033687217604391,0.00034522000136685664,0.0004766573989064051,0.000676510270453671
1439,5,5,0.9963414629739595,0.0005750491139506427,0.0006992929656594786,0.0005438858947094099,0.0005892819937848669,0.9963414629739595,0.0012510270579360644
1440,4,4,0.9980644710349185,0.0004914284862537992,0.00032080035132440256,0.0004148817149947988,0.9980644710349185,0.0003554942713525235,0.0003529241411561067
1444,2,2,0.9975984598503593,0.0003010329354573428,0.9975984598503593,0.0006693625410298857,0.0003010329354573428,0.0006067060109759696,0.0005234057267201292
1445,1,1,0.9984122547850419,0.9984122547850419,0.00018421141491853927,0.00029843914770818266,0.0004214605155880126,0.00027529423914918275,0.0004083398975941454
1447,4,4,0.998054385649997,0.0004813503767276883,0.00030901434380049554,0.00042232740108032126,0.998054385649997,0.0003739622772550035,0.00035895995113950223
1448,1,1,0.9982409981505607,0.9982409981505607,0.0002215068081738029,0.00037480669889614044,0.00043624784934751274,0.00034058749424465665,0.0003858529987772061
1449,2,2,0.9974834545884309,0.0003625968901462158,0.9974834545884309,0.0006636261389842513,0.0004271090824628417,0.0005394427109943937,0.0005237705889814479
1450,3,3,0.9980041493037585,0.00034566061015157637,0.00041228588535981945,0.9980041493037585,0.0005092823467555665,0.00036952484916641756,0.00035909700480822896
1451,2,2,0.9973979046205187,0.0002854546197078364,0.9973979046205187,0.0008763195990679952,0.0002569680813524904,0.0006118525665148232,0.0005715005128381916
1453,1,1,0.9983216506126606,0.9983216506126606,0.000231813638272964,0.0003661678559289707,0.0003846305703401601,0.00027429858297450214,0.0004214387398228391
1454,2,2,0.9949835458216573,0.0002316600420594529,0.9949835458216573,0.00028998404506243075,0.00023403763581359872,0.0036267910324368478,0.0006339814229704258
1457,2,2,0.9978026159936418,0.0002906531564576438,0.9978026159936418,0.0005328051897697819,0.0003240667965754635,0.0004996226340521763,0.0005502362295031161
1458,2,2,0.9978045931247702,0.0003485258075754892,0.9978045931247702,0.0003692751824806304,0.00031330175711904534,0.0005900520087974497,0.0005742521192571877
1461,6,6,0.9935355134992475,0.0018215129290407844,0.001830310202035028,0.0009476968503821979,0.0004424936464416134,0.0014224728728528084,0.9935355134992475
1462,3,3,0.9980484882468896,0.00033744096735974504,0.0003721607001081557,0.9980484882468896,0.0004986719299353983,0.0003350558212753965,0.0004081823344317517
1463,5,5,0.9943225706536032,0.0006051239377763034,0.0009607168355143696,0.0010160371005716897,0.0005063908896060245,0.9943225706536032,0.0025891605829285
1464,2,2,0.9978127334642762,0.0002874674641222733,0.9978127334642762,0.00047166516785041555,0.0002533576880108599,0.0005851592783584936,0.000589616937381831
1469,1,1,0.9983161140748636,0.9983161140748636,0.0002231742715161191,0.00035399956202072865,0.0004283388900057724,0.0002412033076926068,0.00043716989390112836
1471,4,4,0.9980353723782844,0.0005120101273916771,0.0003142939534628786,0.0004621119592658402,0.9980353723782844,0.00035869251626053657,0.00031751906533458404
1473,4,4,0.9980531971299029,0.00044808405981991916,0.0003137784673487537,0.00043904307126728197,0.9980531971299029,0.00037612265593724587,0.0003697746157238339
1474,5,5,0.9967389536575816,0.0004080180301740087,0.0006676976224817703,0.0004855964135423202,0.0005449955842841164,0.9967389536575816,0.0011547386919362101
1475,2,2,0.997552215211064,0.0003826036114741727,0.997552215211064,0.0005938680837506495,0.0003997957970832336,0.0004026436942025127,0.0006688736024255245
1476,1,1,0.9983209416876389,0.9983209416876389,0.00022279448102033525,0.00036130622364417803,0.0004482100528670081,0.00026253882977056924,0.00038420872505906626
1477,4,4,0.9980477542845672,0.00045796407231358345,0.00032927455345839945,0.0004890275523814346,0.9980477542845672,0.00035889716102329306,0.0003170823762559479
1479,4,4,0.998060235851209,0.00042695418996221735,0.0002878339874623014,0.0005221071506908292,0.998060235851209,0.0003545676121519403,0.00034830120852378637
1480,2,2,0.99787779366014,0.00029850904794192693,0.99787779366014,0.000427952243753417,0.00033018469901747945,0.0005267357159771362,0.0005388246331700999
1481,6,6,0.9944856068908042,0.001262822018858182,0.0014626489287829843,0.000898753396082745,0.00035580031144002966,0.0015343684540318823,0.9944856068908042
1482,2,2,0.9955660987433391,0.00024994155029931284,0.9955660987433391,0.00022377858526463417,0.00027181733129603525,0.0029798955426055735,0.0007084682471953478
1483,1,1,0.9983367819005444,0.9983367819005444,0.0002148924193760753,0.00030525774189723453,0.0004128673914390234,0.00030475858204651317,0.0004254419646967231
1484,3,3,0.9980253322220459,0.00036722246802057396,0.0003631831186321058,0.9980253322220459,0.0004756496522560052,0.0003647022802447411,0.00040391025880069187
1487,3,3,0.9976174713769072,0.0003294422113753112,0.00043518526742451985,0.9976174713769072,0.0007616354888275956,0.00031616047556970597,0.0005401051798958061
1489,2,2,0.997408973454955,0.0002676560960555089,0.997408973454955,0.000874147442354895,0.00036223767051998725,0.0004635010482145209,0.0006234842878998483
1490,3,3,0.99806112309532,0.0003308146560285969,0.0003763454161088082,0.99806112309532,0.00047362095333380465,0.0003607918343073244,0.0003973040449013951
1491,2,2,0.9977946970268907,0.0002951277271071347,0.9977946970268907,0.0005065996992070788,0.0003214798181688959,0.000545646443916331,0.0005364492847099142
1492,3,3,0.9978830666726995,0.0003895069123652843,0.0005129825088674259,0.9978830666726995,0.00046077174808107024,0.00043211879287821404,0.00032155336510851035
1495,6,6,0.9943749868746818,0.0015064036652098277,0.0014691514608515782,0.0009025364383148693,0.0004004818605707332,0.001346439700371163,0.9943749868746818
1497,4,4,0.9980361777949041,0.0004979365494806174,0.0003304321446306819,0.000440805637759928,0.9980361777949041,0.0003864097296526004,0.0003082381435721184
1498,2,2,0.9955662510993208,0.00029861276295408947,0.9955662510993208,0.0005061030096086307,0.0003906343256284425,0.0026773052143473867,0.0005610935881406069
1500,3,3,0.9980068878062239,0.00034418970140236003,0.0004021608650265164,0.9980068878062239,0.0005068141656015321,0.00034727849095201615,0.0003926689707936388
1501,4,4,0.9978457391949698,0.0004957942154590848,0.0003753655228211188,0.0005062643194047376,0.9978457391949698,0.0004781804010642755,0.000298656346281065
1502,1,1,0.9983244172794478,0.9983244172794478,0.0002088893885147161,0.00034814248100262945,0.0004709478353484191,0.0003089473353275171,0.00033865568035896734
1503,4,4,0.9979877458272554,0.0004774762194591638,0.00032982358198200504,0.0005019850789222023,0.9979877458272554,0.00037641791226075607,0.0003265513801205695
1505,3,3,0.9979565466848911,0.00029339936231709697,0.00042323426084650367,0.9979565466848911,0.0005945613567527264,0.00033906545657023826,0.0003931928786223194
1506,5,5,0.9953476426204168,0.0004340442318393905,0.0006778135996429147,0.0016281177718869332,0.0005468205074407649,0.9953476426204168,0.0013655612687733492
1507,1,1,0.9983080501454107,0.9983080501454107,0.0002243880585162579,0.00030821479169497603,0.0004396305887632024,0.0002685348091046709,0.0004511816065102852
1508,4,4,0.9974297401276604,0.00047674257692253806,0.0003563210895227164,0.0008865351711445652,0.9974297401276604,0.00043159843441587263,0.00041906260033398645
1509,1,1,0.9983405220216289,0.9983405220216289,0.00021196491091786442,0.00034426717311159753,0.00048083330617669685,0.00024199697639620889,0.0003804156117685169
1511,2,2,0.997716554751701,0.00030059518338922445,0.997716554751701,0.00035584632556562095,0.00038133365301892965,0.0007622670702057521,0.0004834030161195004
1513,2,2,0.9977402533090617,0.00031077480848820243,0.9977402533090617,0.0003859050158530716,0.00031288894005637735,0.0006890443172111827,0.0005611336093294857
1514,5,5,0.9965954221077725,0.0005888066251701265,0.0006397930426378747,0.0004888051090468549,0.0005861945564395453,0.9965954221077725,0.0011009785589330982
1516,4,4,0.9979873939793931,0.0005256839818293218,0.00032894985779422507,0.0004480037043132052,0.9979873939793931,0.00037386425703377947,0.0003361042196364096
1517,3,3,0.9979323802060516,0.0003495784869746976,0.0004037723192887598,0.9979323802060516,0.000581770172599247,0.00035646596628810605,0.0003760328487975949
1518,5,5,0.9969064187121989,0.0003640242645739936,0.0007952988638595443,0.00038361713706213074,0.0005365242613731544,0.9969064187121989,0.0010141167609322738
1519,4,4,0.9980517257782846,0.0004574385907545592,0.0003279771169901092,0.0004347556455003145,0.9980517257782846,0.0004064378198545918,0.0003216650486156502
1520,6,6,0.9947366363064053,0.0012881689788919986,0.0014615740287999522,0.0009758692125501543,0.00037260415599595613,0.0011651473173565896,0.9947366363064053
1521,2,2,0.9961472144409188,0.000676895997313477,0.9961472144409188,0.0009688974230389688,0.0006463068801713271,0.0006242430321717372,0.0009364422263856705
1522,6,6,0.9946868230319471,0.001364303377565974,0.0013503705592842789,0.000987207265406802,0.0004111765223523414,0.0012001192434435365,0.9946868230319471
1525,1,1,0.9982656736420897,0.9982656736420897,0.00020921420736487797,0.00032391433744957644,0.0003652092090978237,0.0002333901915581978,0.0006025984124398338
1531,5,5,0.996306728750514,0.0009066315976485209,0.000717749318738501,0.0005064958577623734,0.0005164757353656569,0.996306728750514,0.0010459187399709834
1532,3,3,0.9979776900489595,0.00033614294970234167,0.0004175711224317601,0.9979776900489595,0.00048334073750225655,0.0004431902031003381,0.00034206493830382065
1533,1,1,0.9982882087590685,0.9982882087590685,0.0002053733176287643,0.0003826387671362385,0.0004919206231065584,0.00026602894504669744,0.000365829588013205
1534,3,3,0.9979318777814735,0.0003249316974248177,0.00037984092954881536,0.9979318777814735,0.0005519270923083961,0.0003265564477345196,0.00048486605150993225
1536,3,3,0.9980125400233325,0.0003651301948715377,0.00043837315633518437,0.9980125400233325,0.0004535334288905547,0.0003964745545273142,0.00033394864204289556
1538,6,6,0.9929280633214138,0.002145744341803708,0.0017270140391308858,0.0008956162853894015,0.00046910559770403415,0.0018344564145581909,0.9929280633214138
1539,2,2,0.9977233913689108,0.0002952274137121029,0.9977233913689108,0.0004808835764721718,0.000330088297487803,0.0004969271773615357,0.0006734821660557174
1540,5,5,0.9968641516677607,0.0003832174451576487,0.000793747845987466,0.0004303582877786153,0.0004373778989360592,0.9968641516677607,0.0010911468543796188
1542,6,6,0.994261808327132,0.0015820565496270824,0.0015244343444108866,0.0008376640174433068,0.00040265662447718864,0.001391380136909576,0.994261808327132
1543,1,1,0.9983777277630517,0.9983777277630517,0.00021446698073976172,0.0002978845872473722,0.00041872547232426846,0.00027658043683129847,0.0004146147598056142
1544,3,3,0.9980500004385817,0.0003204676206810876,0.00037051635014973683,0.9980500004385817,0.0004902810455216952,0.00038426069429025553,0.0003844738507755328
1545,4,4,0.9980662313176831,0.0004228889819592314,0.00034847179828646036,0.00045587939564066115,0.9980662313176831,0.00035250867413234556,0.00035401983229814876
1546,1,1,0.9983842159870435,0.9983842159870435,0.0002083519707096847,0.0003445377853035481,0.0004027507488228337,0.0002545369456540281,0.00040560656246645707
1548,2,2,0.9978033344722618,0.00032553684180534784,0.9978033344722618,0.0005310782337364358,0.0003469269652985941,0.0004725965565283449,0.000520526930369525
1550,5,5,0.9968377699032079,0.00039011363600631075,0.0011806531522085956,0.00034231559867481035,0.00040878388941387867,0.9968377699032079,0.0008403638204884335
1551,5,5,0.9967083714996602,0.0004180899532183741,0.0006737209119330762,0.000516513471318986,0.00042862452224134225,0.9967083714996602,0.0012546796416280847
1552,4,4,0.9979224498278503,0.0004316872603325869,0.0002955674690027835,0.00042840137937353646,0.9979224498278503,0.0004772210511510161,0.0004446730122898229
1553,2,2,0.997801634963845,0.00025850907646998765,0.997801634963845,0.0004643920000704625,0.0002799110711140024,0.0005524964759037672,0.0006430564125969158
1554,3,3,0.9979729619247257,0.0002983274630433479,0.00036634623276707133,0.9979729619247257,0.0005105986780702439,0.0004542272619522536,0.0003975384394413994
1556,1,1,0.9983593487671201,0.9983593487671201,0.0002082347421888926,0.0003679224632580616,0.0003991626593447903,0.0002323263392625678,0.00043300502882563804
1557,3,3,0.9979295589148622,0.0004054589605232901,0.000416734279047535,0.9979295589148622,0.0005534106088595301,0.00037392298160992534,0.0003209142550975887
1561,3,3,0.996922890628835,0.00044777726573375825,0.0003425703549514586,0.996922890628835,0.0008823099605634569,0.00042416681284339287,0.0009802849770729558
1563,4,4,0.9980249847283137,0.0004645132490973245,0.00030043731261877193,0.0005382636684160554,0.9980249847283137,0.0003482478941552558,0.00032355314739896697
1564,1,1,0.9983767179757763,0.9983767179757763,0.00020790400704265137,0.00028503337176076976,0.00040115458308061756,0.0002782163808012486,0.00045097368153841795
1565,3,3,0.9979024508634814,0.0003465363483397755,0.00045480436627972894,0.9979024508634814,0.0005577717912177532,0.0003345387606369237,0.00040389787004448374
1566,3,3,0.9980392408992096,0.0003661997526685455,0.00039033489120579747,0.9980392408992096,0.0004667056748315728,0.0003845606327179003,0.0003529581493666309
1567,1,1,0.9982091424810454,0.9982091424810454,0.000261739981563747,0.0003266415618737391,0.00046443282287847806,0.00030397919165743765,0.0004340639609812205
1570,2,2,0.9838789248461702,0.0002728220881078002,0.9838789248461702,0.0005050536478230827,0.00025745602303372503,0.014082121945745403,0.0010036214491198443
1571,2,2,0.9971244430043176,0.00038292548091522447,0.9971244430043176,0.0006877153300539247,0.0004019925052346353,0.00037504500803471505,0.0010278786714437165
1572,4,4,0.9980673549744559,0.0004426500156292053,0.00034330735831807004,0.00044667734514269755,0.9980673549744559,0.0003775542110967632,0.00032245609535745174
1573,3,3,0.997960351971872,0.0003327048110805945,0.0004496010472862756,0.997960351971872,0.0005636430125658615,0.00036657296846463787,0.00032712618873054634
1574,4,4,0.998037419704608,0.0004270030570072791,0.0003032254237921885,0.0004979300538090582,0.998037419704608,0.00036403534682917467,0.00037038641395427353
1575,3,3,0.9980000160388909,0.0003652684136349913,0.00037968741411285373,0.9980000160388909,0.000491067908558685,0.00035032205165989535,0.00041363817314272295
1576,3,3,0.9979991639782404,0.00036226778765097785,0.000410544524683079,0.9979991639782404,0.0005086441688941651,0.0003811378679187418,0.0003382416726126318
1578,4,4,0.9980267771680316,0.00040712960893531623,0.0003041997227148359,0.0005578016218344444,0.9980267771680316,0.0003450415349955198,0.00035905034348839606
1579,1,1,0.9983321730886966,0.9983321730886966,0.00019860377649922697,0.0003765305917391118,0.0004533514887477212,0.000279095801469906,0.0003602452528474473
1581,5,5,0.9909489580126891,0.000987320888540301,0.0016202332638443305,0.0018550201465209269,0.0013219318124877862,0.9909489580126891,0.0032665358759174927
1582,2,2,0.997763041432893,0.0003408090166323629,0.997763041432893,0.0005071089831103653,0.0003798860849804747,0.0004559045828449126,0.0005532498995388858
1584,2,2,0.9978029264311229,0.0003061892971053696,0.9978029264311229,0.000394548731271475,0.0003588465963150971,0.0005275704385879252,0.0006099185055972437
1585,6,6,0.9942836501392105,0.0015989728812246908,0.0015286780479013458,0.0009231130555194761,0.00041660216764067057,0.0012489837085033675,0.9942836501392105
1586,4,4,0.9980965882103761,0.00044476525967415665,0.00031835113434965003,0.00043438729874428403,0.9980965882103761,0.0003553188221122087,0.0003505892747436507
1587,3,3,0.9980435716185521,0.00031499332905214633,0.0004155285567171056,0.9980435716185521,0.0005081148295177934,0.00036683767205792,0.00035095399410296204
1588,5,5,0.9961484987808641,0.0005799941321169486,0.0005257401666359436,0.0008712386757000091,0.0005359055528615332,0.9961484987808641,0.001338622691821459
1590,3,3,0.9979802367996187,0.00034566010310299784,0.0004501967609584208,0.9979802367996187,0.0004446671492578555,0.0004776035777962335,0.00030163560926579
1591,2,2,0.9978578525824342,0.0002926773111643494,0.9978578525824342,0.00044163484578411727,0.00032177532038582936,0.0005329167966487613,0.0005531431435828185
1594,6,6,0.9936440248664243,0.0013992094099142002,0.0016940173666624315,0.0008662477709535382,0.00040553450122624756,0.0019909660848192517,0.9936440248664243
1595,4,4,0.9980417730803784,0.00039482199142534027,0.000334342745981707,0.0005067577125767172,0.9980417730803784,0.00035269978375838024,0.00036960468587937895
1596,6,6,0.9947416201437462,0.0013173855486384386,0.0013845624321492881,0.0009830459624997465,0.00041193706768096746,0.0011614488452852969,0.9947416201437462
1598,1,1,0.9981719942204245,0.9981719942204245,0.0001658902443061972,0.0003584637844297216,0.0004795691095554903,0.0002726086719324492,0.0005514739693516301
1599,3,3,0.9980244904955069,0.0003129106191028908,0.00042050505472562296,0.9980244904955069,0.0004573885975843371,0.00044167488800227455,0.0003430303450779612
1600,4,4,0.9980612960119974,0.000471885257222938,0.0003210395896058835,0.0004553984912812846,0.9980612960119974,0.00034591669830099075,0.00034446395159149195
1601,2,2,0.9978760125778694,0.00029556839877704986,0.9978760125778694,0.00040178900695044776,0.00031871269802009904,0.0005568226800755063,0.0005510946383075424
1605,3,3,0.9979548495413122,0.000361958010380439,0.00041628506056575474,0.9979548495413122,0.0004728655915179785,0.00045047412023161055,0.00034356767599204183
1606,3,3,0.9979822561585614,0.00032855971705335167,0.00041211646442855423,0.9979822561585614,0.0005469505518129913,0.00034308712674865915,0.00038702998139509453
1608,6,6,0.9947012819505003,0.0013524117161186511,0.001356003943760825,0.0009229540737380202,0.0003934404583662774,0.0012739078575158536,0.9947012819505003
1612,2,2,0.9977959962194611,0.0003266655053497863,0.9977959962194611,0.00038312766049859135,0.0003290477410350971,0.0005703404538149485,0.0005948224198402544
1613,5,5,0.9968970456745806,0.00035669467704277347,0.000877795331198029,0.0004187361603892268,0.00044593278946415937,0.9968970456745806,0.001003795367325198
1615,5,5,0.9963053814874903,0.000638676073020383,0.0007783268502517751,0.0006438648205118032,0.0004309848742617394,0.9963053814874903,0.001202765894464055
1616,1,1,0.998386316066036,0.998386316066036,0.00020916547561556208,0.0003088504392637788,0.00042803151920593036,0.0002498069203013481,0.0004178295795774875
1617,1,1,0.9983954850894259,0.9983954850894259,0.00020000124291107214,0.00031634186772048616,0.00043004730079924193,0.0002626245504370697,0.000395499948706326
1619,2,2,0.9966645236475052,0.00022061077325040177,0.9966645236475052,0.00027221614597717234,0.00025586148031164833,0.0019090978863695546,0.0006776900665860081
1620,2,2,0.9975735276020523,0.0003738651766158577,0.9975735276020523,0.0004825042721558869,0.00040948354931340876,0.0006047164625321702,0.0005559029373304797
1621,3,3,0.9980296007500311,0.00034347908298921337,0.00042202420576998196,0.9980296007500311,0.00047854867300553354,0.000361189257726479,0.0003651580304776461
1623,4,4,0.9979865617004136,0.0005888763034287424,0.00032573949246166706,0.0004483409651375282,0.9979865617004136,0.00033887343848437533,0.00031160810007409295
1624,4,4,0.9979717935613674,0.0004647337272862618,0.0003635475587092085,0.0004630996343865843,0.9979717935613674,0.00040281439170222874,0.0003340111265483037
1627,3,3,0.9980134009492747,0.0003261442548474879,0.00043504069197990717,0.9980134009492747,0.0005343129287086187,0.00034207813674059915,0.00034902303844867405
1628,4,4,0.9979292080686576,0.0005074302255123353,0.0003581640613009519,0.0005090754066317277,0.9979292080686576,0.0003607298837724132,0.0003353923541249277
1632,5,5,0.9964906649280035,0.0005302969406748248,0.0006806280050171928,0.0006021824129208629,0.00038464251267654876,0.9964906649280035,0.0013115852007070591
1633,3,3,0.9979069609046424,0.00029982103699201966,0.000360968070670894,0.9979069609046424,0.000566116962963758,0.0004638377169807746,0.00040229530775024396
1634,3,3,0.9979159014354858,0.00036915545114125096,0.00045440123804413757,0.9979159014354858,0.0005555117263035079,0.0004020983089343351,0.0003029318400909835
1637,3,3,0.9978177889259398,0.0003110465583770361,0.00044254442097371163,0.9978177889259398,0.0005427871551033017,0.0003972473632183434,0.0004885855763878563
1638,6,6,0.9945395785410764,0.0013177787446990775,0.0014975479867086713,0.0009224559944806277,0.00040396102920318776,0.0013186777038319897,0.9945395785410764
1639,3,3,0.9978051957636475,0.0003803365756316333,0.0004919107973720512,0.9978051957636475,0.0005415608270613552,0.0003521062379405013,0.00042888979834700055
1640,5,5,0.9967343942027165,0.0005730637666079161,0.0006679547641528749,0.00047708379108915024,0.0004140318005138961,0.9967343942027165,0.0011334716749197115
1641,3,3,0.9977957043069844,0.0003869249960422059,0.0005244319388891429,0.9977957043069844,0.0005013240185387173,0.0003578660401247603,0.0004337486994205977
1642,1,1,0.9982943767284862,0.9982943767284862,0.00022060033018473307,0.0003562455244779736,0.0004747856977003224,0.0002413727106839152,0.00041261900846680807
1643,1,1,0.9982007851776672,0.9982007851776672,0.0002377086949212103,0.00037656470340370195,0.00045164927793859503,0.0002873108980590416,0.00044598124801021075
1644,5,5,0.9967558198958576,0.00043953808556617785,0.000698647024982575,0.0005234014458738922,0.00046982169924703624,0.9967558198958576,0.0011127718484727
1646,5,5,0.9965614348984567,0.0004068388432726087,0.0006121976133715677,0.000539283198525757,0.0005206123911759798,0.9965614348984567,0.00135963305519737
1647,6,6,0.994687117090893,0.0013233958067740861,0.001410195888838742,0.0009458798798550761,0.00042223408048136664,0.0012111772531577373,0.994687117090893
1649,6,6,0.994363249401369,0.0014121406408913544,0.001436298335043286,0.0009027857418474425,0.0003990838547609676,0.0014864420260879703,0.994363249401369
1650,6,6,0.9943295262703654,0.0015546602883908455,0.0014955006985488534,0.0008370746046225971,0.000406727869962631,0.001376510268109662,0.9943295262703654
1651,1,1,0.998334057454496,0.998334057454496,0.0001729632986387325,0.0002872881445391701,0.0004518931436509723,0.0003245150558519056,0.00042928290282322245
1656,5,5,0.9966823204857929,0.0004536828667340885,0.0006618457095722262,0.0005129529032613561,0.0006523943572874104,0.9966823204857929,0.0010368036773520516
1657,6,6,0.9945392166004104,0.0013902634596696484,0.0014788885828983897,0.0009452708327733429,0.0003905496620279539,0.0012558108622202347,0.9945392166004104
1659,6,6,0.9947157452959312,0.0013220419576174132,0.0013836222865148508,0.0009114757950024538,0.00040424917624557973,0.0012628654886884868,0.9947157452959312
1661,2,2,0.9977381127477252,0.00026168286882309805,0.9977381127477252,0.0006653321256881005,0.000298463270744524,0.0004974693824009808,0.0005389396046181267
1663,3,3,0.9980200676035751,0.00030876892337763966,0.00038267648092408715,0.9980200676035751,0.0005171448686171161,0.0003537707854668645,0.00041757133803923695
1665,6,6,0.9947647173616025,0.001336433036041289,0.0013096119927747275,0.0009315900685330479,0.00042171969725182245,0.0012359278437965816,0.9947647173616025
1666,5,5,0.9936321472028526,0.000807284618005354,0.0018654852351216887,0.0005374854714382749,0.0005802825963232936,0.9936321472028526,0.0025773148762587416
1667,2,2,0.9942778439207087,0.0002514027314737222,0.9942778439207087,0.0002506632322389321,0.0002942423770379864,0.0041202335061247255,0.0008056142324160215
1668,5,5,0.9967287911713876,0.0004389824229599311,0.0008455028986570055,0.0004415894859193354,0.0004884539004331421,0.9967287911713876,0.0010566801206429808
1669,5,5,0.9964774272735174,0.0006214192267101736,0.0006135048474538158,0.0007182373098874173,0.00048610600166889927,0.9964774272735174,0.0010833053407622473
1671,3,3,0.9980317154373363,0.00037504272687897695,0.0004337608934000353,0.9980317154373363,0.0004318697848554232,0.0003839906406316919,0.00034362051689763856
1672,5,5,0.996747386196292,0.0004771450823118306,0.0006109101885692768,0.0006713690314759253,0.000561733271048194,0.996747386196292,0.0009314562303027314
1673,5,5,0.9966527093893068,0.0003656657379209158,0.0009849534118445173,0.0004164788103071628,0.0004402898746308269,0.9966527093893068,0.0011399027759897073
1674,6,6,0.9946055303131726,0.001336781373493905,0.0014645478939454058,0.0008832349408651112,0.000409807273224457,0.001300098205298569,0.9946055303131726
1675,1,1,0.9983954382614518,0.9983954382614518,0.00021912756824288344,0.0003174821787945279,0.00038570997214407523,0.0002464824491683565,0.0004357595701983579
1676,6,6,0.9940047305570022,0.0016796696226832378,0.0015547216468141008,0.0008917966127170335,0.0004200183377492022,0.001449063223034196,0.9940047305570022
1677,4,4,0.9980121160742903,0.0004929763053962324,0.00035140139660137196,0.0004602410389379871,0.9980121160742903,0.0003381842972096877,0.00034508088756445026
1678,3,3,0.9979954328836725,0.00030830963317425147,0.000411325981522326,0.9979954328836725,0.0004630125476139022,0.0004861436303184862,0.00033577532369849066
1679,5,5,0.9944968636694242,0.0006091159772779415,0.0008961036054435687,0.0021162782406467058,0.0005044848565351443,0.9944968636694242,0.0013771536506723757
1680,6,6,0.9943062189650671,0.0013796394266802207,0.0015505010222370134,0.0008493804666916128,0.0004099717867003683,0.001504288332623671,0.9943062189650671
1681,5,5,0.9959351125225846,0.0006227729215297817,0.0009446802718034631,0.00045853330741978636,0.0005753043397901901,0.9959351125225846,0.0014635966368721947
1683,6,6,0.9944583234583345,0.0014280927216556816,0.0014521764907426773,0.0009070725115799951,0.0004432394951383519,0.0013110953225488127,0.9944583234583345
1684,3,3,0.9978738321713458,0.0003155172403234433,0.00042078293155693405,0.9978738321713458,0.0004398397737075472,0.00048542310287423486,0.0004646047801920241
1685,3,3,0.9979854047445414,0.00034462257449115397,0.0004438841610058892,0.9979854047445414,0.0005158069177185693,0.00037253792209483786,0.00033774368014820126
1687,4,4,0.9977414849096862,0.0005947232727276069,0.0003797613828292079,0.0005346678153426301,0.9977414849096862,0.00037647524054172643,0.0003728873788726584
1688,2,2,0.9976402604373826,0.00026162975703005094,0.9976402604373826,0.0005009505573796872,0.00035130868952116336,0.0006360696154544753,0.0006097809432320815
1689,4,4,0.9980572212561799,0.00047859452335429793,0.0003236120700011165,0.0004314874748216232,0.9980572212561799,0.000389697899389704,0.00031938677625338005
1691,4,4,0.9980587916294654,0.00044438123651667505,0.0003497875071615995,0.000448134466252062,0.9980587916294654,0.00036299063362590407,0.00033591452697839244
1692,4,4,0.998063897122645,0.00039185116386034334,0.0002879519989063991,0.0005018675758397834,0.998063897122645,0.00035573607386822745,0.00039869606488028905
1693,3,3,0.9979558492623547,0.00028926694356964466,0.0003658148818580172,0.9979558492623547,0.0005306584328775968,0.0003827821539326332,0.0004756283254074549
1694,1,1,0.9981083728611783,0.9981083728611783,0.00019212050848097344,0.00042334186710778687,0.0006261768196524638,0.0002971488823950369,0.00035283906118547886
1695,4,4,0.9978810158063971,0.00042148275818874566,0.0003471098678828763,0.0006399671096720484,0.9978810158063971,0.000388717170421239,0.0003217072874379534
1696,3,3,0.9979948530155898,0.00033114461889456457,0.00043653165041528916,0.9979948530155898,0.00047349985799923096,0.0003627531817278979,0.00040121767537321313
1697,5,5,0.9963200413599438,0.0007088422072526639,0.0006804787773281128,0.0004898068885873663,0.0004181551183374794,0.9963200413599438,0.0013826756485506373
1698,2,2,0.9977060183744872,0.00035941824940610386,0.9977060183744872,0.0005446102451792136,0.0003678356599421308,0.0005282033668653429,0.0004939141041199212
1699,6,6,0.9946313365782364,0.0013351092967252543,0.0014179483481045366,0.0009367567106729314,0.0004193494290940868,0.001259499637166807,0.9946313365782364
1700,6,6,0.9940056751662352,0.00175218981755105,0.001532399204428428,0.0008408172829385457,0.00045170332081646294,0.001417215208030347,0.9940056751662352
1701,1,1,0.9983567618365865,0.9983567618365865,0.00018134903099594442,0.00031373624549853004,0.0003622452354387046,0.0003702064728136863,0.0004157011786666256
1702,3,3,0.9979999759559254,0.00038491721235338637,0.00040612284804221964,0.9979999759559254,0.00047978791208058545,0.00034818054836412176,0.0003810155232341189
1703,4,4,0.9979518891926559,0.0004963267533895385,0.00036380566755467596,0.0004642097463039347,0.9979518891926559,0.0004027005490581833,0.0003210680910377565
1704,1,1,0.998017851282986,0.998017851282986,0.00023390729650132747,0.0004052308179615186,0.00045582055446414247,0.00026477607250785843,0.0006224139755791077
1705,5,5,0.995210571178988,0.0004749608844437953,0.0007289608933847247,0.0005503561604067633,0.0007456263867072033,0.995210571178988,0.002289524496069521
1708,2,2,0.9957053479117819,0.000179593080435266,0.9957053479117819,0.0007211661149580385,0.00027561738952009573,0.0025967132448016937,0.0005215622585031352
1709,3,3,0.9979747344961093,0.0003169500689361011,0.0004146429006164355,0.9979747344961093,0.000524554015586174,0.00043471214621870405,0.00033440637253334676
1711,1,1,0.9983236995976407,0.9983236995976407,0.0002182923550473295,0.0003435121482231903,0.0004383726747451309,0.0002579088513161777,0.00041821437302759794
1712,1,1,0.9983083003908929,0.9983083003908929,0.0002184687181035588,0.000360485428035908,0.0004378503360565226,0.0002803864770799488,0.00039450864983110886
1714,4,4,0.9980560110382193,0.00046971863203819575,0.00030497725085933743,0.00047309307551485745,0.9980560110382193,0.0003875286034685292,0.00030867139989976754
1715,3,3,0.9980218600420052,0.00035069844070307395,0.00041746141465501317,0.9980218600420052,0.00047702651557315147,0.00036882390136784305,0.0003641296856957792
1716,4,4,0.9981033298619711,0.0004342125393307555,0.00031469897526044735,0.00045532559192858023,0.9981033298619711,0.0003402120029324607,0.00035222102857663287
1717,6,6,0.9945409940880386,0.0014567006215216098,0.00141759846096541,0.0009433646963683737,0.0004122538395105256,0.0012290882935954812,0.9945409940880386
1719,4,4,0.9980181479430026,0.000426216721387748,0.00036044925304469765,0.0004933894390839249,0.9980181479430026,0.0003752714555818896,0.00032652518789909855
1720,4,4,0.9978458176840227,0.00045015502569509865,0.0003188252514964534,0.0004895376860042328,0.9978458176840227,0.0005069041732422331,0.0003887601795393218
1721,5,5,0.9957586622136014,0.0005295542384535736,0.0012247274246669551,0.0004027328193210324,0.00039346674224622166,0.9957586622136014,0.0016908565617108212
1723,4,4,0.9979565710643499,0.0005223485314027046,0.00032117920080264914,0.0004571475151524223,0.9979565710643499,0.00040262431527815273,0.0003401293730142523
1724,1,1,0.9983021861859541,0.9983021861859541,0.00022061530714232943,0.00033920248359423707,0.0004699626422967455,0.00026622835658092025,0.0004018050244316292
1726,6,6,0.9945448374476934,0.0013664476212763696,0.001451706591856844,0.0008822949952375621,0.00040398051012277363,0.0013507328338130994,0.9945448374476934
1727,1,1,0.9983550225400303,0.9983550225400303,0.00021534440734679967,0.0003604089770105716,0.0004009691492109933,0.0002784731142321105,0.0003897818121692752
1728,4,4,0.9981112454019601,0.0004261000128943415,0.00031538470565619,0.00043919883204135424,0.9981112454019601,0.00036951657869921503,0.0003385544687489193
1731,2,2,0.9978496058663634,0.0002890323822770988,0.9978496058663634,0.00042769145720924205,0.0003229232947854069,0.0005504511111079406,0.0005602958882568646
1732,5,5,0.9964938986597766,0.000465781089274702,0.0006465465559623963,0.0004955911539597519,0.0006385215819849364,0.9964938986597766,0.0012596609590416446
1734,3,3,0.9980026817299535,0.0003475765315274007,0.00037750923828888796,0.9980026817299535,0.0005239820319357161,0.00039094027734189673,0.0003573101909525255
1735,4,4,0.9980183115057724,0.00048629711913096443,0.0003426606869133261,0.00046625814139288123,0.9980183115057724,0.0003838619047785703,0.0003026106420118747
1736,2,2,0.9978205319593901,0.00032824089867428575,0.9978205319593901,0.00043589364304656486,0.0003426592860400464,0.0005162487688156324,0.0005564254440333058
1737,1,1,0.9982610004673587,0.9982610004673587,0.00025848752403722345,0.0003143854157491202,0.000414735536159269,0.0003453687996246484,0.000406022257071103
1738,1,1,0.9983956329926358,0.9983956329926358,0.0001969621538891047,0.000322406503967036,0.000409931822162869,0.00027180384800642163,0.0004032626793387868
1739,2,2,0.9942045205408413,0.00024475868821645884,0.9942045205408413,0.003588726526599825,0.0003100940478728209,0.0010840752436475404,0.0005678249528220752
1740,6,6,0.9946000976062302,0.0013051614457430876,0.0014611958182467095,0.0010033580878121102,0.0003826679466538801,0.0012475190953139504,0.9946000976062302
1742,1,1,0.9983550911048601,0.9983550911048601,0.00020012880339143464,0.0003483765594177308,0.0004496605208951664,0.00022930247198707464,0.00041744053944847264
1743,4,4,0.9980415388434454,0.00047699744527100204,0.00032694351568038777,0.00047144274557692754,0.9980415388434454,0.0003609459914884879,0.00032213145853781066
1744,4,4,0.9979791723099593,0.000437339652002287,0.00034752030656418054,0.0005502013746931337,0.9979791723099593,0.0003754126919728361,0.00031035366480836686
1745,6,6,0.9947127213525854,0.0012678099004697274,0.0013571190797475904,0.0009389738073767825,0.0004121996216773887,0.001311176238143112,0.9947127213525854
1746,2,2,0.9977250163549758,0.00033198778378225297,0.9977250163549758,0.00043578021583631695,0.0003403874107389318,0.0004755566516325276,0.0006912715830340087
1747,2,2,0.9977885521285164,0.0002984743634473931,0.9977885521285164,0.0005545000333183852,0.0003370758798692713,0.0004600813279967477,0.0005613162668516698
1748,1,1,0.9983620144843427,0.9983620144843427,0.00021018417996506613,0.0003489760434191323,0.000415066776385613,0.0002736802042478203,0.00039007831163973634
1749,2,2,0.9974536774922066,0.00038604757375898416,0.9974536774922066,0.0006728187174712145,0.0004406176950226994,0.0003785123297602603,0.0006683261917802149
1750,3,3,0.9979987458131531,0.0003200553183680534,0.00037508612658041966,0.9979987458131531,0.000493137618308742,0.0004389477362502457,0.00037402738733955716
1751,4,4,0.9981034405953558,0.0004360059947490362,0.00029959164742761747,0.0004342473374796163,0.9981034405953558,0.0003605211313558811,0.00036619329363212047
1752,5,5,0.9966348300856004,0.00046571195324417066,0.000703474282361494,0.0004621952794511299,0.000530603537063388,0.9966348300856004,0.0012031848622794724
1753,5,5,0.9968174445892033,0.0005471432677109988,0.0006436246169380489,0.0005138423746995359,0.00046159669297350485,0.9968174445892033,0.0010163484584746075
1754,3,3,0.9979849909142205,0.00035580989272585934,0.0004573932025877929,0.9979849909142205,0.0005363198501556389,0.00032116937916893654,0.00034431676114124286
1756,5,5,0.9964438332220541,0.0004970480347675227,0.001429609990430526,0.00047958946134324837,0.00032032005482229544,0.9964438332220541,0.0008295992365823633
1757,6,6,0.9944785845804314,0.001440499561778895,0.0014581568557390928,0.0009021128073448447,0.00041573637333572447,0.0013049098213701253,0.9944785845804314
1758,2,2,0.9976695233655879,0.00022545608347600138,0.9976695233655879,0.0003425625054914872,0.00023755568091140015,0.000972711602806569,0.0005521907617266782
1759,5,5,0.9963163192073646,0.0004267983591921953,0.0010299292134342585,0.000890002294826704,0.00033944291533290823,0.9963163192073646,0.0009975080098493484
1760,6,6,0.9946632772295504,0.001303480523136487,0.001390657558202195,0.0009253816457126307,0.0004262810564232575,0.0012909219869750872,0.9946632772295504
1761,2,2,0.9975050086156398,0.0002473995849467495,0.9975050086156398,0.0003069959713231229,0.00021542550182330962,0.0011294445900723814,0.0005957257361946128
1763,1,1,0.9980646231678901,0.9980646231678901,0.0002406979587962567,0.00044641038020411776,0.0005930406186071503,0.00029816630541747147,0.00035706156908497954
1766,3,3,0.9979483696082175,0.00033896635420648305,0.0004356134833143846,0.9979483696082175,0.0005072772144422417,0.0003236860279865812,0.00044608731183279853
1767,2,2,0.997874186966282,0.00029181669427386504,0.997874186966282,0.0003795094103055556,0.0003220977142502217,0.0006171402768559779,0.0005152489380322926
1768,5,5,0.9968127951790331,0.00048019892910249566,0.0007548849940586321,0.00045058618804597197,0.00042838435932083174,0.9968127951790331,0.0010731503504389551
1770,6,6,0.9944738719061833,0.0013209757126888212,0.0012646270882004846,0.0010144584785061253,0.00037795910510548164,0.0015481077093157827,0.9944738719061833
1772,3,3,0.9979208831321077,0.00036693199662845704,0.00045184247617296324,0.9979208831321077,0.00048671314167201396,0.0004509799841982186,0.00032264926922069976
1773,3,3,0.9979375633789647,0.00031967208919746545,0.00036301404270323785,0.9979375633789647,0.0005638408584718342,0.0004375399976719552,0.00037836963299088853
1775,4,4,0.9980711797533992,0.00039580457442803284,0.00029392736795282173,0.000552260866043917,0.9980711797533992,0.000341531574286277,0.0003452958638897718
1776,2,2,0.9978520862657998,0.000302226864504107,0.9978520862657998,0.00036932586198665457,0.00028663809622368454,0.0006400065026059698,0.0005497164088798271
1777,6,6,0.9942876815520063,0.001554823149898797,0.0015114856831851828,0.0009241103654439026,0.00045661043805497725,0.0012652888114108268,0.9942876815520063
1780,6,6,0.9941042107282848,0.0013505813023798315,0.0016237624290463802,0.0008501429728471146,0.0004167369933569026,0.0016545655740849163,0.9941042107282848
1781,2,2,0.9978449666991339,0.0002755017283432802,0.9978449666991339,0.0005043820291718017,0.00029961064378055205,0.0005173128614614623,0.0005582260381090135
1782,5,5,0.9967535579751288,0.0003577315386660778,0.0008005431716154218,0.0005295573102204141,0.0005326553545316157,0.9967535579751288,0.0010259546498376678
1783,2,2,0.9978246354005589,0.00030073414828085595,0.9978246354005589,0.00042532755497369593,0.0003119032958166063,0.0005826065121292687,0.0005547930882406529
1784,6,6,0.9946048492788546,0.0013689060661531925,0.001462145073061986,0.0009467095023960074,0.00039400944678090027,0.001223380632753271,0.9946048492788546
1785,3,3,0.998024571189345,0.0003205902628664706,0.00042361161005700953,0.998024571189345,0.0005304174151370281,0.00034787862190449755,0.000352930900690069
1786,4,4,0.9980563433078133,0.0004179357206257829,0.00032428187073650514,0.0004794621162112818,0.9980563433078133,0.00033290981709911926,0.0003890671675139384
1787,5,5,0.9961691850723405,0.0006377023171566722,0.0011226542225020886,0.00044264130810527563,0.0003630042611821314,0.9961691850723405,0.0012648128187133338
1789,5,5,0.9965649707785094,0.0005705039529475917,0.0006235811285246279,0.00043476468719086435,0.0006224139485936619,0.9965649707785094,0.0011837655042339875
1792,4,4,0.9979139967007761,0.0006139435452297328,0.0003161335418478739,0.0004897259545516698,0.9979139967007761,0.00035102187433985174,0.00031517838325482295
1794,3,3,0.9980010530050548,0.00038631230128202974,0.00038844596107549394,0.9980010530050548,0.0004984092722374249,0.0003503055699065712,0.0003754738904436263
1795,3,3,0.9979506695949588,0.00040413221349650707,0.00043899650470297194,0.9979506695949588,0.00048326887044405876,0.00041066864236540397,0.0003122641740323147
1796,5,5,0.9968021751495039,0.00044136684362126134,0.0007658816817489931,0.0005293059955700669,0.0005587077935074469,0.9968021751495039,0.0009025625360483566
1798,2,2,0.9971757872837894,0.00029625608994193433,0.9971757872837894,0.0002451514238819008,0.0002382687901599975,0.0012506055326621357,0.000793930879564711
1799,6,6,0.9947188973940575,0.00130752938170664,0.0013894408309811626,0.000914195250521296,0.0004009188803501677,0.0012690182623832519,0.9947188973940575
1800,3,3,0.9979732360486837,0.0003771663074904113,0.0004373887376326239,0.9979732360486837,0.0005021685364617757,0.000364750031679555,0.0003452903380519406
1803,2,2,0.997064315008926,0.0004645576250338668,0.997064315008926,0.0009344460235528748,0.0004035863867046234,0.0005531002580588725,0.0005799946977238188
1804,4,4,0.9980332160671582,0.0005160169044910723,0.000325064520992716,0.0004418160782651964,0.9980332160671582,0.0003767562994377643,0.0003071301296549959
1806,5,5,0.9965890103595608,0.0003792324944758798,0.000853599119109848,0.0005887885024702846,0.0005074009255960196,0.9965890103595608,0.00108196859878717
1807,5,5,0.9891688060514133,0.0004851477486626629,0.0010672880211676083,0.006662253707716168,0.0005237829933016121,0.9891688060514133,0.00209272147773868
1809,4,4,0.9980606824512073,0.0004737081655883347,0.0003034847440766209,0.00046798303446142676,0.9980606824512073,0.0003648703419342028,0.00032927126273213467
1810,3,3,0.9979217813608844,0.0003306716257132505,0.0003502138027848298,0.9979217813608844,0.0005364625978658943,0.0004258781552235777,0.00043499245752812583
1811,1,1,0.9983007761865103,0.9983007761865103,0.00022233724105610414,0.0003946629583378906,0.0004512768892873668,0.00028595425158485423,0.0003449924732235151
1813,2,2,0.997818810146799,0.000370237853410561,0.997818810146799,0.00043065580366951196,0.00036070439914637106,0.00048782594112937755,0.0005317658558452081
1814,6,6,0.9945222119097437,0.0013344632434480466,0.0015395779596941296,0.0009449297193744837,0.000405353260332057,0.0012534639074076412,0.9945222119097437
1815,3,3,0.997970231322188,0.00038674511302948353,0.000435875874623177,0.997970231322188,0.0005157456965707533,0.00038630055198918804,0.00030510144159942137
1817,2,2,0.9905020886002074,0.00023979787476761724,0.9905020886002074,0.00046918094287316586,0.0002964685529202235,0.007086840161845246,0.0014056238673864014
1819,3,3,0.9977635834857504,0.0003141394626023604,0.00045702641612843545,0.9977635834857504,0.0006142386543452974,0.0003961748135309661,0.0004548371676424947
1820,3,3,0.9970800530712047,0.0003265915129998451,0.0007221125897492321,0.9970800530712047,0.000678138452313217,0.0006567593043483589,0.0005363450693846653
1821,5,5,0.9968628785299471,0.0005055633323825777,0.0006213937824932189,0.0005412850242878096,0.0004950062672342139,0.9968628785299471,0.0009738730636550726
1822,5,5,0.9965843855322309,0.00049715155873671,0.0007152549591431201,0.00046889456328265677,0.0005021953106111799,0.9965843855322309,0.0012321180759954226
1825,4,4,0.9980289090193628,0.00041287410827829755,0.0003151220741639848,0.000478729097900132,0.9980289090193628,0.0003359249411657368,0.0004284407591290604
1826,2,2,0.9959692023635622,0.0002451786488770563,0.9959692023635622,0.0002852512823208069,0.00023612106985641885,0.002660415989055908,0.0006038306463276735
1827,2,2,0.9973229210918014,0.00038550715096609764,0.9973229210918014,0.0007206872565994425,0.000478867908564718,0.00047965932907688614,0.0006123572629912578
1828,2,2,0.9977575831684091,0.0003500659843100793,0.9977575831684091,0.0005032602194573488,0.0003824985061765348,0.00046281215368209055,0.0005437799679648315
1830,3,3,0.9979692020734238,0.0004117873289367162,0.0004238667281508985,0.9979692020734238,0.00046629632911556466,0.0003889332261133405,0.0003399143142597698
1831,3,3,0.9980286138703922,0.00031036492653711405,0.0004248385751853963,0.9980286138703922,0.0005109932610301953,0.0003912742281950912,0.0003339151386600038
1833,1,1,0.9983961099314994,0.9983961099314994,0.00018990454770298154,0.0003067639807554826,0.0003613408521266614,0.00031874596968268614,0.00042713471823281645
1837,2,2,0.9973925862262687,0.0002216131801683562,0.9973925862262687,0.0004538442822415186,0.0002992900998215876,0.0012171581078773417,0.00041550810362257453
1838,2,2,0.9977310413120754,0.00026580819696144897,0.9977310413120754,0.0004033552877752973,0.0002843843572455779,0.0007057558476006607,0.000609654998341734
1840,2,2,0.9974358544039444,0.000306608063944548,0.9974358544039444,0.0006904497184354894,0.0004183282670317762,0.0004898128034022025,0.0006589467432415564
1841,4,4,0.9980318276128479,0.00046649751130945497,0.00036225531637745106,0.0004561208882278228,0.9980318276128479,0.0003511682977901517,0.0003321303734472409
1842,5,5,0.9965839021099175,0.0006553563251240482,0.0005957528977622064,0.0005361479570010553,0.0005272222189127284,0.9965839021099175,0.001101618491282452
1843,3,3,0.9979633047280297,0.0003846641612357846,0.0004410801900885537,0.9979633047280297,0.0005116366059424196,0.00037216624889900845,0.0003271480658044385
1846,5,5,0.9963265502131649,0.0005756514983656316,0.0006667489364469187,0.0006602246722771526,0.0005647319735258528,0.9963265502131649,0.0012060927062196693
1847,1,1,0.9983870364904402,0.9983870364904402,0.00019836726690920046,0.0002901452411035091,0.0003461376962840426,0.00025742071763396724,0.0005208925876289973
1848,2,2,0.9974214165031833,0.000414319358664206,0.9974214165031833,0.000674209964621867,0.00042596048238296763,0.0005111505881577307,0.0005529431029899182
1849,2,2,0.9973771751279064,0.00029244065463687453,0.9973771751279064,0.0003409803207844681,0.0002545070369463427,0.0010392768573232426,0.0006956200024028337
1852,1,1,0.9983255606323748,0.9983255606323748,0.00020640401327112396,0.0003294585340445184,0.00038424325967364455,0.0002479402835065062,0.0005063932771294649
1854,1,1,0.9984278197401758,0.9984278197401758,0.00020146820071872767,0.0003094939307533367,0.00039710073446634007,0.0002854819039044811,0.00037863548998141763
1855,5,5,0.9964574619713844,0.0006263883954107755,0.0007287801595272785,0.0004161508963111898,0.0004720473674324046,0.9964574619713844,0.0012991712099339938
1856,3,3,0.9980000321713143,0.0002994406517747605,0.00040740959969212486,0.9980000321713143,0.0005433042826250271,0.0004079533465275722,0.0003418599480662505
1858,4,4,0.9980610796126034,0.0004462160054535591,0.0003510756635369031,0.00044543771075841704,0.9980610796126034,0.0003667945853922924,0.000329396422255457
1859,4,4,0.998039163721957,0.0004652553657986321,0.0003311826948187917,0.00044326526869599295,0.998039163721957,0.00037788863730847997,0.0003432443114210506
1861,1,1,0.9983399654326208,0.9983399654326208,0.0001898632822724971,0.00031182191785206946,0.00048792575371881035,0.00030422232598735895,0.00036620128754848836
1862,1,1,0.9979532601865696,0.9979532601865696,0.0003090130520890536,0.0005082508251772157,0.0004927583329075877,0.00032792600101519203,0.00040879160224133724
1863,2,2,0.9978452118843012,0.0002849506383845788,0.9978452118843012,0.0003481131415906114,0.00030924875799453235,0.0007052145359078165,0.0005072610418210846
1864,5,5,0.9965334974075641,0.00033025949441536424,0.0011739872677148924,0.00047532223814999427,0.00035918183293082433,0.9965334974075641,0.0011277517592247473
1865,5,5,0.9611937934456473,0.013534188270719574,0.0010826907074230016,0.0018801832209354868,0.005907336774836756,0.9611937934456473,0.016401807580437945
1867,5,5,0.9968018223373905,0.0005859511958204485,0.0007474494712872865,0.00039533776592576286,0.0004301891985336639,0.9968018223373905,0.0010392500310424833
1868,4,4,0.9980439541113857,0.00048622823663415634,0.0003659036955176993,0.00045008512308048555,0.9980439541113857,0.00034062789339705813,0.0003132009399849008
1869,2,2,0.9970210748234594,0.00039560070595489087,0.9970210748234594,0.0004896254667024301,0.00023208728650417598,0.0014127204979150184,0.00044889121946426017
1870,5,5,0.9967928217451265,0.000397834176192542,0.0006885128122034045,0.0006474532991900405,0.0004729954070648544,0.9967928217451265,0.0010003825602226848
1871,5,5,0.9965947635272813,0.0005336928493164481,0.0007855785948997909,0.00044211391814109256,0.0005247822456345912,0.9965947635272813,0.0011190688647268292
1872,3,3,0.9980269942665444,0.00033776228151386183,0.00041884814077593397,0.9980269942665444,0.000488810574606067,0.00039680504582247154,0.00033077969073727273
1873,5,5,0.9964797886932313,0.00042362161036664205,0.000887195212128904,0.0005124091297676064,0.0005499508001822667,0.9964797886932313,0.0011470345543233406
1875,3,3,0.997990979901155,0.00033949490649147,0.0004281007919693594,0.997990979901155,0.0005204937843349468,0.0003362339677620109,0.0003846966482871555
1876,5,5,0.9968226528067105,0.0003675876279851306,0.0010494021136960064,0.0005808143511346396,0.0004195214955629894,0.9968226528067105,0.0007600216049108015
1878,5,5,0.9966775434462154,0.0006136160384804164,0.0006237056964741996,0.00047314933666623446,0.0004887106604453319,0.9966775434462154,0.0011232748217183724
1879,5,5,0.9966559032504965,0.0005710443249988739,0.0006011870482509617,0.0005059635563737733,0.0005160975109669908,0.9966559032504965,0.0011498043089130227
1881,3,3,0.9979603565426425,0.0002855480153299684,0.00037092709182215167,0.9979603565426425,0.0005368338986497415,0.0004122609010105974,0.0004340735505450205
1882,5,5,0.9964961197855252,0.0005145742215786834,0.0006113331052977253,0.0006098308238091268,0.0004989508200601531,0.9964961197855252,0.0012691912437291582
1883,3,3,0.9980595009605503,0.00029615861432014627,0.00038189279873674265,0.9980595009605503,0.0004793998324015328,0.00042804938064899605,0.00035499841334232194
1884,6,6,0.994476440531714,0.0014715507021224846,0.001496858343908337,0.0009361474125168611,0.0004094782692453308,0.0012095247404929274,0.994476440531714
1885,3,3,0.9979559417508556,0.0003068999284781819,0.00045586422108702905,0.9979559417508556,0.0005744674261541575,0.00034870170293731717,0.00035812497048775117
1887,2,2,0.9968968066684697,0.00028501260230523007,0.9968968066684697,0.0005268490924903282,0.00036301537461657887,0.0014476342240273361,0.00048068203809077865
1889,6,6,0.9936460988858803,0.0017463004106941617,0.0016608706605392405,0.001061653319978249,0.0005030213273187427,0.0013820553955893242,0.9936460988858803
1890,2,2,0.9977445531273431,0.00036009275679759666,0.9977445531273431,0.0004387970225796665,0.0003661146594182911,0.0004848822974950261,0.0006055601363663377
1891,2,2,0.9971603251679269,0.00035460094401442436,0.9971603251679269,0.0009874390750313612,0.00033095230903287397,0.0005580316615940095,0.0006086508424004735
1893,3,3,0.9980165499144861,0.0003316948375683882,0.00041733001280004454,0.9980165499144861,0.0005134945763143133,0.0003591255781378665,0.0003618050806932797
1894,2,2,0.9975648466923881,0.0003169413623628085,0.9975648466923881,0.00043251441178836567,0.0003008786974482996,0.0006492940168532143,0.0007355248191592489
1897,5,5,0.9969068092417085,0.0004897077995625361,0.0008452403060849197,0.0004109088590688259,0.0004146009127643238,0.9969068092417085,0.0009327328808108884
1898,1,1,0.9984094633334644,0.9984094633334644,0.00019658767530463425,0.00030210655351584705,0.00042000503721479043,0.00028124914762246364,0.00039058825287789894
1901,1,1,0.9983921315531066,0.9983921315531066,0.0002247714944980027,0.00029800793446987364,0.0003559148344764595,0.00030509567737712734,0.00042407850607200596
1902,3,3,0.9979687427600182,0.00032314887441521286,0.00036488774992435915,0.9979687427600182,0.0005321433415237789,0.0003735913949843414,0.00043748587913406263
1903,2,2,0.9977013052806605,0.0003061379777007624,0.9977013052806605,0.00029980672993066806,0.00028919951795339325,0.0007801650233270224,0.0006233854704277288
1905,1,1,0.9982229826616901,0.9982229826616901,0.0002515527252059889,0.0003290491899718792,0.00044613091336443154,0.0002951750056439238,0.0004551095041237896
1907,4,4,0.9981341258533365,0.0004113917823813561,0.00031395297974817294,0.0004245056182201507,0.9981341258533365,0.00035448463012001624,0.0003615391361938603
1909,3,3,0.9980054244385547,0.0003480554769314855,0.00038122057542510154,0.9980054244385547,0.0005026140606627056,0.0004167214311555629,0.0003459640172704735
1910,4,4,0.9979304222201694,0.0004612957486363491,0.0003560731763769007,0.0005193268374650326,0.9979304222201694,0.0004144108158562994,0.0003184712014960366
1911,3,3,0.9980021280379281,0.00035831785435817246,0.00040860737644404934,0.9980021280379281,0.00047243815274318317,0.00042104757465719474,0.0003374610038692742
1912,3,3,0.9979862138531236,0.00028157185177570573,0.000403602759692351,0.9979862138531236,0.0005111065777095533,0.0004619413888004767,0.00035556356889829776
1914,2,2,0.9977748284951198,0.0002637059789335741,0.9977748284951198,0.00034025706032439745,0.0002889707825555234,0.0006713813964133908,0.0006608562866533173
1915,6,6,0.9945968277198388,0.001393167751941682,0.001420343395116121,0.0009387140056286871,0.00039747217221246093,0.0012534749552622587,0.9945968277198388
1916,6,6,0.9947337074278294,0.0013048780596213098,0.001378614361515037,0.0009911375980311147,0.0004177553414466963,0.0011739072115564497,0.9947337074278294
1917,5,5,0.9964807760226645,0.0006825033197539698,0.0007804436941973422,0.00041043742378821566,0.0006083010164327652,0.9964807760226645,0.00103753852316321
1918,5,5,0.9965687830086691,0.0005776628875502527,0.0006530083960253794,0.0004684024822619345,0.0004848233870107649,0.9965687830086691,0.001247319838482638
1921,6,6,0.9942212007284239,0.001594201995256413,0.0015268307029461154,0.0009039610069991655,0.00043885039782929865,0.001314955168545133,0.9942212007284239
1924,2,2,0.997786073329796,0.0003433826884170807,0.997786073329796,0.00039977875389696357,0.00030190006636981754,0.0005303890943780015,0.0006384760671422473
1927,6,6,0.9942328999382347,0.0015247810954168823,0.001444293166332479,0.0008050095595978779,0.0003960603181895198,0.001596955922228477,0.9942328999382347
1928,2,2,0.9977284634932888,0.0003275571009207755,0.9977284634932888,0.0005517832702309519,0.0003818881281813692,0.0004180794375574152,0.0005922285698205033
1929,1,1,0.9983776322203692,0.9983776322203692,0.00019984229543236262,0.0002853238167522027,0.0004548339378650044,0.00027165773384435395,0.0004107099957368731
1931,5,5,0.9964671113777993,0.0004453450955767711,0.0009712664157005944,0.0005992482170769619,0.0004918536859359208,0.9964671113777993,0.0010251752079104251
1932,1,1,0.9981456989604393,0.9981456989604393,0.00020115079887039652,0.0003770205815127433,0.00045418933893563956,0.0002496307721519175,0.0005723095480901104
1933,4,4,0.9980743796090298,0.00048024828600348507,0.00030700570362400537,0.0004273075179204004,0.9980743796090298,0.00038154683919846763,0.00032951204422395464
1934,5,5,0.996717128756215,0.0003855716393865656,0.0008913118274141484,0.0005133123351251022,0.00039284183425104076,0.996717128756215,0.0010998336076081736
1935,4,4,0.9980856866017073,0.00047134020461334796,0.00031968691487507914,0.0004097004411539162,0.9980856866017073,0.00036059142007016176,0.0003529944175801886
1936,1,1,0.9982002317898653,0.9982002317898653,0.00022967022739135646,0.00032985762253759024,0.00048459350058115955,0.0003826340749665926,0.000373012784658003
1938,1,1,0.9983028393399378,0.9983028393399378,0.00024574585242443845,0.000273150314097017,0.00038184350285910254,0.0003600562267783465,0.0004363647639033371
1940,2,2,0.9557483781555016,0.0003833386764174606,0.9557483781555016,0.0007309783571535105,0.000409322026488099,0.041542073258582536,0.001185909525856776
1941,3,3,0.997852714049032,0.0004192265253045426,0.00041156497171805287,0.997852714049032,0.0005839810539579938,0.00042399434349223695,0.0003085190564952531
1942,1,1,0.9982989978240795,0.9982989978240795,0.00023701967364202933,0.000358127500100884,0.00046567350996684376,0.00030573504982843664,0.0003344464423823233
1943,3,3,0.997853711215462,0.0004224926296247934,0.0004224225184961784,0.997853711215462,0.0005319939307048012,0.00041861390387436606,0.00035076580183790326
1944,5,5,0.9949270721955918,0.0008055473635352816,0.0008154227008962548,0.00040380657673495996,0.0005219665595748475,0.9949270721955918,0.0025261846036668256
1945,2,2,0.9976842488488614,0.0003693260982461666,0.9976842488488614,0.000540969199457438,0.00038688729148585047,0.0004738258180101101,0.0005447427439389757
1946,5,5,0.9969379728377998,0.0005325179570806871,0.0006968318945522922,0.00044042537735733276,0.00040693629872554717,0.9969379728377998,0.0009853156344843228
1949,4,4,0.9979361737882951,0.0004477803549912969,0.0002838897130858607,0.0005436376842066965,0.9979361737882951,0.0003550356220016845,0.0004334828374193549
1951,4,4,0.998066127009787,0.00045663621845403796,0.000335573742534158,0.00046434014789284553,0.998066127009787,0.00035144557467677934,0.0003258773066552015
1953,2,2,0.9938039660064406,0.0002278658912335946,0.9938039660064406,0.00029352015928101657,0.0002555581419241705,0.0046973414153806325,0.0007217483857401253
1954,3,3,0.9980335471464322,0.00038657659084550774,0.00040603701189725276,0.9980335471464322,0.0004454936263962854,0.00034857900952227735,0.00037976661490653056
1955,5,5,0.9965058400117611,0.0005176446198445108,0.000628352504062566,0.0006474249423369534,0.0004631663537717641,0.9965058400117611,0.0012375715682231175
1956,2,2,0.9973903100988418,0.0003594668161695173,0.9973903100988418,0.000326451431552793,0.0002737255945646494,0.00069141211948124,0.0009586339393900977
1959,1,1,0.9982467186070494,0.9982467186070494,0.000237387733040633,0.0003982915563255114,0.0005189766779192664,0.00026890089653963244,0.00032972452912558025
1960,4,4,0.9974583791824253,0.0006297940733008992,0.0004886045259633396,0.0005441122234591147,0.9974583791824253,0.0005915707911354046,0.00028753920371597997
1961,2,2,0.9978302820752477,0.00030480274972127005,0.9978302820752477,0.0003847544991549101,0.0003419307416686543,0.0005684846945071951,0.0005697452397003153
1966,3,3,0.9979799258265147,0.000336200285461419,0.00041598954155216744,0.9979799258265147,0.0005671976175816811,0.0003257643213853229,0.00037492240750464117
1967,6,6,0.9947757678967177,0.0012619226419198447,0.001376343535970378,0.000960714412524144,0.00040804434511908244,0.0012172071677488555,0.9947757678967177
1968,2,2,0.9978236032317532,0.0002840553663766998,0.9978236032317532,0.00031755218745298036,0.0002866760790168292,0.0006757805289313359,0.0006123326064690139
1969,5,5,0.9950884079041116,0.0013659069903431376,0.0006119588413472519,0.0005088914788590424,0.0005308339601655984,0.9950884079041116,0.00189400082517348
1970,1,1,0.9983035701376115,0.9983035701376115,0.00021675908328878628,0.0003383282469864731,0.00044823920296038273,0.00025670787082036775,0.0004363954583326229
1972,5,5,0.9961359539137462,0.0007783951733251942,0.0006287467779560014,0.00046119359067709685,0.0005059822877662395,0.9961359539137462,0.0014897282565292796
1973,4,4,0.9979573054200902,0.0005412336733605447,0.00035506702047787036,0.00046454001021482475,0.9979573054200902,0.00038874207572711216,0.0002931118001294613
1975,5,5,0.9968604039442599,0.0004009636253651457,0.0007398127486398837,0.0005619025430655504,0.0005419962211456012,0.9968604039442599,0.0008949209175239433
1976,5,5,0.9960802342984906,0.0007261774259544056,0.0009737978249568989,0.00046740644712228203,0.00031750658408821053,0.9960802342984906,0.001434877419387586
1977,5,5,0.9968263806438609,0.0005393156737793289,0.0007237276662010212,0.0004495220940032863,0.00037860613121489683,0.9968263806438609,0.0010824477909405937
1978,2,2,0.9978531390936305,0.00031014759271642296,0.9978531390936305,0.0003766360738400461,0.0003412193343731244,0.0005326091348311546,0.0005862487706087167
1983,2,2,0.997892016460114,0.00025660522737644805,0.997892016460114,0.0003864694362760562,0.00027237912598671493,0.0006266228494827702,0.0005659069007637769
1984,6,6,0.9946355020732303,0.0013954105967951813,0.001419284119185812,0.00094377777243533,0.0004060103882624162,0.001200015050091008,0.9946355020732303
1985,2,2,0.9977726519464553,0.0003417965842785923,0.9977726519464553,0.00044524423064185806,0.00037898362596265796,0.00048702854257125325,0.0005742950700904493
1986,5,5,0.9958963516733628,0.0007686965156902401,0.0006232001964349554,0.0005839185278554398,0.0005006043401305211,0.9958963516733628,0.0016272287465261158
1987,3,3,0.9980659827324677,0.0003424105147445697,0.0004313406715937772,0.9980659827324677,0.00037948387525715447,0.00041967038512310693,0.0003611118208136578
1988,5,5,0.9960506128223173,0.00047186451555908014,0.000626214403621207,0.0006415662078628011,0.0006238140944117879,0.9960506128223173,0.0015859279562277636
1989,3,3,0.9979538486408734,0.00037853189836470336,0.0004656092851625385,0.9979538486408734,0.0005465032716700392,0.000353720997423778,0.0003017859065055112
1990,1,1,0.9982442367920924,0.9982442367920924,0.0002287927634702753,0.0004064528228749281,0.0004369396149385973,0.00026948018811227484,0.00041409781851155166
1991,5,5,0.996505680460508,0.0003782930800966442,0.0007131756458599043,0.00047763050137565637,0.00047691635162464663,0.996505680460508,0.0014483039605351002
1992,4,4,0.9979746189265106,0.0005054535197980667,0.0003101430833561251,0.0005217637708240295,0.9979746189265106,0.0003677517540142793,0.0003202689454968474
1993,4,4,0.998033661648135,0.00047940962526961254,0.00034838547992221915,0.0004200780279658162,0.998033661648135,0.00037947084712010775,0.000338994371587259
1995,3,3,0.9980546712702989,0.0003551392461750512,0.00041018830010198875,0.9980546712702989,0.0004615089494425392,0.00034938963867457343,0.00036910259530697245
1996,3,3,0.9980099907090997,0.0003541020467125279,0.0003706101450110611,0.9980099907090997,0.0005027992920533823,0.0003990368426657725,0.0003634609644576106
1997,3,3,0.9979592954221316,0.00041878874899920116,0.0004198406777629458,0.9979592954221316,0.00047219040279916435,0.00038367486395125453,0.0003462098843558979
1998,4,4,0.9979808853098319,0.0004988609543590625,0.00033153308078536447,0.0004932397823783783,0.9979808853098319,0.0003682250071677575,0.00032725586547761534
2001,3,3,0.9979261177471717,0.0003133474014706185,0.0004458987444169318,0.9979261177471717,0.0005829609477224855,0.0003910499339281252,0.00034062522529017844
2004,2,2,0.9966350829781049,0.0003011664206408791,0.9966350829781049,0.00038651825899820664,0.0003056877586558967,0.0018801823133069542,0.0004913622702931595
2005,5,5,0.9961835609499864,0.0006737275308727554,0.0006907171827142082,0.0004476003463917482,0.0006371507685637945,0.9961835609499864,0.00136724322147114
2006,5,5,0.9967551198700223,0.0004689916360303107,0.000806967831657138,0.0004681162509683566,0.0004613979514698388,0.9967551198700223,0.0010394064598521027
2007,5,5,0.9966009376693802,0.0007005188463869893,0.0006957039668271349,0.00048546991301162966,0.00045928924187354695,0.9966009376693802,0.0010580803625204877
2008,4,4,0.9975494953187505,0.0006474394994920147,0.000376023751713793,0.0005305789587624348,0.9975494953187505,0.0005278120578730958,0.0003686504134082236
2011,1,1,0.9983892708732434,0.9983892708732434,0.00018841301500658754,0.00035444408051816867,0.00042034734107685746,0.0002473741249771147,0.00040015056517793353
2012,4,4,0.9978795856536166,0.0006452811398729752,0.00032754485621648804,0.0004607547419673626,0.9978795856536166,0.00036956842835542293,0.0003172651799711607
2014,5,5,0.9955500847394853,0.0007115285336880968,0.0006612212275501706,0.0004544281368148033,0.0006079978342234769,0.9955500847394853,0.002014739528238202
2015,1,1,0.9982853667374038,0.9982853667374038,0.0001887372516807497,0.00034434666044072125,0.0005268310268225228,0.00023829381421569456,0.00041642450943653336
2018,3,3,0.9980686583465311,0.000313060562278642,0.00040202988698152467,0.9980686583465311,0.0004780642773589759,0.0003760849304549716,0.00036210199639476214
2019,3,3,0.9979546307100384,0.0002960060735215944,0.00043766224864906386,0.9979546307100384,0.00038023343397858793,0.0005748009562095855,0.0003566665776027345
2020,1,1,0.9983996683836005,0.9983996683836005,0.00020608218485249644,0.0003211107666159278,0.00043265943249816446,0.0002602322184744985,0.0003802470139584233
2023,2,2,0.997421136759544,0.0003137816647701921,0.997421136759544,0.0007429326586967548,0.0003760406074452871,0.000626661751088341,0.0005194465584553976
2024,5,5,0.9967484427187229,0.0005017405468597436,0.0006761206282089831,0.00046907929715261427,0.0005022056260682494,0.9967484427187229,0.0011024111829875441
2025,1,1,0.9983312521451614,0.9983312521451614,0.00020712432230735378,0.00033761272903449954,0.00047456013432489274,0.0002693754513568198,0.0003800752178148471
2026,5,5,0.9952637524175464,0.0003050494514668618,0.0013879061736195137,0.0015347915668948494,0.0003890662093296158,0.9952637524175464,0.001119434181142745
2027,1,1,0.9983861084332137,0.9983861084332137,0.00018187501041054888,0.0003222540718989745,0.00044976179021168517,0.00030979935004113966,0.0003502013442237257
2028,5,5,0.9966167034586102,0.0005239251361851205,0.0006404171084661621,0.0003847506006318042,0.0005418043163398833,0.9966167034586102,0.0012923993797668853
2029,3,3,0.9980096419063215,0.0003638336274346376,0.00042851808516568664,0.9980096419063215,0.0005322842149476589,0.00031843028314089904,0.0003472918829896099
2030,4,4,0.9980626744717928,0.00043404329519748923,0.0003534718722689109,0.00045420549770101214,0.9980626744717928,0.00038028872384230354,0.00031531613919756363
2032,5,5,0.9968876320393141,0.00035221816780960856,0.0007107841139219859,0.0005774846112694904,0.0005498826546643555,0.9968876320393141,0.0009219984130204997
2034,2,2,0.996975520136379,0.00040921972552704795,0.996975520136379,0.00043983584857774786,0.0002762762829734783,0.0006504910279093015,0.0012486569786334003
2035,1,1,0.9983743701734102,0.9983743701734102,0.00020068444975890492,0.0003079637910958274,0.00042547077170723306,0.0002610329318805857,0.00043047788214719196
2036,5,5,0.9956905629086436,0.0005220623146429448,0.0009143990885906429,0.00048804730287112697,0.0004770966674091528,0.9956905629086436,0.0019078317178425402
2039,2,2,0.9977131544795895,0.0003433326889305179,0.9977131544795895,0.000516221714351263,0.0003929650490467512,0.00045687280812956466,0.0005774532599523509
2040,3,3,0.9980117529613224,0.00030908956179886694,0.0004321701901822212,0.9980117529613224,0.0005439560871207044,0.00033078283039721356,0.0003722483691785671
2042,3,3,0.9979596119412042,0.00032215358745836916,0.00035287864673346533,0.9979596119412042,0.0005175706455156754,0.0004441966294419083,0.000403588549646384
2043,2,2,0.9977521177193005,0.0003413079497196429,0.9977521177193005,0.0004996299914828525,0.0003918509707394751,0.0004759009694161938,0.0005391923993413343
2044,2,2,0.9978911082753084,0.00025711696855252925,0.9978911082753084,0.0003448939343605199,0.00030433446353578643,0.0006745268698931439,0.0005280194883496364
2045,3,3,0.9979869133953966,0.00031191861510667166,0.0003723085103720397,0.9979869133953966,0.0005163045137851443,0.0003740341637924659,0.00043852080154715745
2046,6,6,0.9947478219747766,0.0013295172307624496,0.0013251550322187214,0.0009318159469257708,0.0003949498659006285,0.001270739949415844,0.9947478219747766
2047,3,3,0.998048984196978,0.00031546158724330195,0.00038468801403877416,0.998048984196978,0.0004914245620980066,0.0003290771735393162,0.00043036446610265227
2048,3,3,0.9968095828846932,0.00036829864266863655,0.00038803697534522345,0.9968095828846932,0.001088523103810628,0.0004224761754966885,0.0009230822179856338
2049,5,5,0.9966393878577918,0.0005032343991883358,0.000604742216911675,0.0004822248674934766,0.0005701872966307384,0.9966393878577918,0.0012002233619839665
2053,5,5,0.9935563693912258,0.000442711687238456,0.0009324037694343235,0.0011259510035518162,0.0007036964870561083,0.9935563693912258,0.0032388676614934814
2057,3,3,0.9977608421074812,0.0003342196228560322,0.00040618530971646806,0.9977608421074812,0.0006326552105615251,0.0003154354855037181,0.0005506622638810312
2058,5,5,0.9964771092614251,0.0005363359457365033,0.0006875008982224621,0.0004820244996400231,0.0005475313166678135,0.9964771092614251,0.0012694980783081477
2059,2,2,0.9831212593351023,0.00043271257162150645,0.9831212593351023,0.001092095375284459,0.0006022763453447842,0.01413138280092766,0.0006202735717193458
2060,4,4,0.9978136939049453,0.0005206872552370533,0.0004333649379179384,0.00048794535891521183,0.9978136939049453,0.0004477800650315622,0.00029652847795291526
2062,1,1,0.9983926184004022,0.9983926184004022,0.00019199405060722313,0.00029499470154512443,0.0004114979142393542,0.0002660250404183478,0.00044286989278783236
2063,1,1,0.998285077516985,0.998285077516985,0.0002512283887689492,0.000400005930813982,0.00041839527490936075,0.0002830923127069666,0.00036220057581574146
2065,4,4,0.9978506037994858,0.000670267990309035,0.00033732487318790974,0.00046593265591457695,0.9978506037994858,0.0003719902400869677,0.0003038804410158482
2066,3,3,0.9978874054787171,0.00040599245756192356,0.0004462858075164067,0.9978874054787171,0.0005675803250181359,0.0003941499928553256,0.0002985859383310692
2067,3,3,0.9979180386929817,0.00032490831383320096,0.00047405077200971966,0.9979180386929817,0.0005799924660103849,0.00033234981380631787,0.0003706599413586985
2069,6,6,0.994572960442641,0.0012529350640711346,0.0014159942838271227,0.0010248731359817436,0.00034933174253150566,0.0013839053309475109,0.994572960442641
2071,3,3,0.997989926826449,0.0003559327863336549,0.00041305251889918107,0.997989926826449,0.0005116046114280755,0.00041481431933566626,0.0003146689375543496
2072,3,3,0.9977506742857706,0.0003873978468866341,0.0005115715191770679,0.9977506742857706,0.0004725856295939037,0.0004024548587117672,0.000475315859859999
2073,4,4,0.9980207168409075,0.000522763848894866,0.00032176061159258824,0.00045551223433314245,0.9980207168409075,0.0003721728962371851,0.00030707356803471355
2074,2,2,0.9971614175536705,0.0003735354065697068,0.9971614175536705,0.000587013788128278,0.00043365055620618874,0.0006359595580322636,0.0008084231373930526
2075,5,5,0.9960931703610199,0.0004948762739532857,0.0007750722006964297,0.0004947856446183275,0.0005747065153811268,0.9960931703610199,0.001567389004331023
2076,4,4,0.9980009877916384,0.000488499329026299,0.000323978556218261,0.0004975615628733475,0.9980009877916384,0.00036631636187137157,0.0003226563983723205
2078,5,5,0.9964671962788911,0.0005071790470678568,0.0009693625843641521,0.0004139577352927615,0.0005019456546740915,0.9964671962788911,0.0011403586997100349
2079,4,4,0.9979618803159095,0.0004711828667487918,0.0003800538257970141,0.00046617019760617466,0.9979618803159095,0.0003874730324761497,0.0003332397614623684
2081,5,5,0.9965100302652247,0.0003008952596109625,0.0011797058871455372,0.0005484746914519861,0.0004136947149564629,0.9965100302652247,0.0010471991816104402
2082,1,1,0.998268339770003,0.998268339770003,0.0002531163270090922,0.00033793434548817336,0.00045726438371280044,0.0002855400014547945,0.00039780517233218286
2083,4,4,0.9979830232808115,0.0004636307308845911,0.0003600576027798406,0.0005036170721834701,0.9979830232808115,0.0003758886048492361,0.0003137827084913606
2085,5,5,0.9961853313167142,0.00046160189976467424,0.0008385245776379802,0.0006383783567270485,0.000468109748882782,0.9961853313167142,0.0014080541002733549
2086,3,3,0.9979519757271891,0.00037691108049714385,0.00042501406280766064,0.9979519757271891,0.0005472109977128841,0.00034099774197425894,0.0003578903898189221
2091,1,1,0.9982704745957174,0.9982704745957174,0.00021141648461319064,0.00036268594051528443,0.0004922561170634124,0.0003047316527789657,0.0003584352093118357
2092,3,3,0.9975455467199215,0.00029613313571169537,0.0007109011685358784,0.9975455467199215,0.0005752707402733959,0.00042857459904295427,0.0004435736365146644
2093,3,3,0.997994045446687,0.0002688161858939142,0.0003987523880685947,0.997994045446687,0.00044135361381793286,0.0005339925886155997,0.00036303977691696
2094,5,5,0.9965288816894565,0.0004815186637468312,0.0008750401535709418,0.00038911301639452085,0.00044929048023544974,0.9965288816894565,0.0012761559965957145
2095,4,4,0.9979450504814351,0.0004087806318548463,0.0003428119080489014,0.0006126635952375884,0.9979450504814351,0.00036422042465262936,0.00032647295877088404
2097,5,5,0.9966399340718727,0.0006098467073296731,0.0006588998731693585,0.00043785250464789744,0.0004925864469669459,0.9966399340718727,0.0011608803960134284
2098,4,4,0.9977224028394963,0.0006283395646076109,0.00041099077137524755,0.000505665178422358,0.9977224028394963,0.0004509173541884944,0.0002816842919100089
2099,2,2,0.9947814979407553,0.0008676765690386437,0.9947814979407553,0.0006528276551308975,0.0005005839949089264,0.0021200893866770137,0.0010773244534892893
2101,2,2,0.9976534987698297,0.00038844144424613077,0.9976534987698297,0.0005242599053381589,0.0004347737216010017,0.0004751025774964478,0.0005239235814886315
2103,6,6,0.9944753127503196,0.0014576354409298333,0.0014746248602976438,0.0009109353484061392,0.00040763311286057507,0.001273858487186153,0.9944753127503196
2105,6,6,0.9917912635622135,0.0012326624899533867,0.003599967164359482,0.0009617249163505259,0.0003728203067104659,0.0020415615604126506,0.9917912635622135
2106,1,1,0.9984073227820413,0.9984073227820413,0.00019792023888952776,0.0003188045870896639,0.0004340853564294326,0.00024528103403634685,0.00039658600151384573
2108,5,5,0.9967557878404567,0.0007095966785387767,0.000768005854904705,0.0004397181368314213,0.000382967937024252,0.9967557878404567,0.0009439235522442076
2109,3,3,0.9979676977785554,0.00032118802229663695,0.0004334862040548835,0.9979676977785554,0.0004983638832606362,0.0004486087877568469,0.0003306553240755674
2112,3,3,0.9980095545313376,0.00032739325490853535,0.00036556357081199615,0.9980095545313376,0.0005199879793374167,0.000389371698614643,0.00038812896498983317
2113,4,4,0.9980268043264179,0.0005143737736205533,0.00032800145510446764,0.0004444307777511029,0.9980268043264179,0.0003832649152123126,0.00030312475189366126
2114,6,6,0.9944305830162358,0.0014017044770329296,0.0014992536463972403,0.0008813212461010483,0.00043776810981079685,0.001349369504422205,0.9944305830162358
2115,3,3,0.9978121292000202,0.0004954596412837385,0.0004245811843686759,0.9978121292000202,0.0005345583129772356,0.00043629963910858205,0.0002969720222416226
2118,2,2,0.9789534615165324,0.00035578072142371275,0.9789534615165324,0.000411096802648834,0.00035909285388170003,0.018685257833442173,0.0012353102720712185
2120,2,2,0.9975808760177338,0.00034176887965009083,0.9975808760177338,0.000573152913668131,0.00039955969273409,0.0004223005552305808,0.0006823419409833077
2121,3,3,0.9980267206670591,0.0002847224146458682,0.00037462672345440335,0.9980267206670591,0.00048250460060348445,0.00044826559712814174,0.0003831599971089484
2122,2,2,0.9978135667676831,0.0003096355891642865,0.9978135667676831,0.00038584414264274553,0.0002959721267826106,0.000561834304161932,0.0006331470695654202
2123,3,3,0.9979335464500012,0.00040779041244576563,0.00044306917068825355,0.9979335464500012,0.000505240942966007,0.0004081697808454614,0.000302183243053354
2124,1,1,0.99835811725974,0.99835811725974,0.00021997111467826093,0.0003599401999430797,0.0003969433311564638,0.0002588205200016145,0.0004062075744804146
2125,5,5,0.9955143856028589,0.000306325747908868,0.0016958437354882957,0.00040235209532111875,0.00036588467369885204,0.9955143856028589,0.0017152081447240526
2126,4,4,0.9980977578142078,0.00042653068777010416,0.0003303085133639776,0.00045729567511790915,0.9980977578142078,0.0003658541537311228,0.0003222531558090166
2127,4,4,0.998034205381666,0.0005230272209518452,0.00031164172922695284,0.0004417994757549991,0.998034205381666,0.0003647269427490821,0.0003245992496511877
2128,4,4,0.9980061653761682,0.000445796322466036,0.0003369101033325692,0.0005337730401197122,0.9980061653761682,0.0003529609240427244,0.0003243942338709234
2129,1,1,0.9979661585087553,0.9979661585087553,0.0002483966794846032,0.00042609272570380986,0.000682365339115117,0.0003453421894541073,0.0003316445574869161
2130,3,3,0.9979510118584255,0.0003214372593058659,0.00038191940891712893,0.9979510118584255,0.000598135590082897,0.0003646725094485702,0.0003828233738200286
2131,2,2,0.9973094511530761,0.00040442275544436937,0.9973094511530761,0.0007891450697497373,0.0004971025069977338,0.00046972435893183123,0.0005301541558002819
2133,1,1,0.9983480048793023,0.9983480048793023,0.00022482824376200832,0.0003576646739786233,0.00044300955174315264,0.00025430668086555376,0.0003721859703483403
2135,2,2,0.9977960968723837,0.0002783057927097294,0.9977960968723837,0.00035079903381473546,0.0002949576352654012,0.0006996950847256931,0.0005801455811007756
2136,4,4,0.9980317061401759,0.000422703813566558,0.00036232125067220145,0.00045582601090085096,0.9980317061401759,0.0003853461065533727,0.0003420966781311707
2139,3,3,0.9978337867105626,0.00044532562530864714,0.00045236092333690814,0.9978337867105626,0.0005474750059728526,0.00039650467739564863,0.0003245470574235157
2142,3,3,0.9979967047613267,0.00031575656121675356,0.0004313611464974791,0.9979967047613267,0.0005204826410170295,0.00039814718324695527,0.0003375477066951313
2143,2,2,0.9978063453129827,0.00027308970356290066,0.9978063453129827,0.00046138333283806326,0.00029947564304894835,0.0005243645151370112,0.0006353414924303553
2144,3,3,0.9977302109123269,0.00034602627226250257,0.00047639615520863915,0.9977302109123269,0.0005844464266485478,0.00044124262738794184,0.00042167760616544203
2146,6,6,0.9936319994510049,0.0013768111556398167,0.001995830525433296,0.0014053279030799824,0.0003809067638422313,0.001209124200999763,0.9936319994510049
2152,6,6,0.9946482840702323,0.0013350384627421848,0.0014321437429231398,0.0009000168704719888,0.000387025242798598,0.0012974916108317316,0.9946482840702323
2153,2,2,0.9972407691588238,0.0003778467896521513,0.9972407691588238,0.0007630775702436589,0.00032870441957532834,0.0005884101772692979,0.0007011918844358744
2154,3,3,0.9980500563544424,0.0003321390019972767,0.00036854093237493235,0.9980500563544424,0.00045192490695709713,0.00040323807704708425,0.0003941007271812205
2155,5,5,0.9962737975868737,0.0008033041332601433,0.0006889363330273336,0.0005151030671711192,0.0005931570314431292,0.9962737975868737,0.0011257018482245752
2156,5,5,0.9967637128504835,0.0004022732927731874,0.0007754301238331681,0.0007295198205119243,0.00042804802354724954,0.9967637128504835,0.0009010158888510381
2157,2,2,0.997806361488113,0.00032665924641435016,0.997806361488113,0.00032968313473349443,0.00030832121185217894,0.0005762446145369401,0.000652730304350068
2158,3,3,0.9979534573390554,0.0003504998734724882,0.00044841911572300543,0.9979534573390554,0.0005436196523149081,0.00038599982939454067,0.00031800419003974293
2160,3,3,0.9978297759333643,0.00048381668431905187,0.0004056149017651243,0.9978297759333643,0.0005229514961077426,0.0004415544042595237,0.00031628658018438154
2161,1,1,0.998367137541026,0.998367137541026,0.00020215437826709377,0.00033487493283445067,0.0004020227961554286,0.0002953077511906845,0.00039850260052627293
2162,4,4,0.9980379692182098,0.000491767003608345,0.00032401282004398247,0.0004520646941308226,0.9980379692182098,0.0003488394636511353,0.0003453468003559165
2163,2,2,0.9978348337801408,0.00030150337121879117,0.9978348337801408,0.00035624186057282484,0.00029705356975595853,0.0005654674543110369,0.0006448999640006248
2165,3,3,0.9978778006799276,0.0003930415119660665,0.0004543052475180702,0.9978778006799276,0.0004877961881848012,0.0004746944008794977,0.00031236197152375667
2166,6,6,0.9910563820653292,0.0023154091537384994,0.0020577999591553445,0.0016100666047480269,0.0007495070904694587,0.0022108351265595024,0.9910563820653292
2167,3,3,0.9980431698094689,0.00032282734805075166,0.0004456419462824164,0.9980431698094689,0.0004420581875182504,0.00039866515734953697,0.0003476375513300756
2170,2,2,0.9977908598512235,0.0002801000503706711,0.9977908598512235,0.0003785531037989963,0.0002822589435105268,0.0007263999188082255,0.0005418281322881042
2171,6,6,0.9946622421523424,0.0013589709064003258,0.001273670837510836,0.000887883085481698,0.0004055754466929956,0.001411657571571647,0.9946622421523424
2174,2,2,0.9950950725342439,0.0007677938910165181,0.9950950725342439,0.000331697052263063,0.00023961682765941215,0.00284276036216063,0.000723059332656479
2175,1,1,0.9982568586335923,0.9982568586335923,0.00023256805352118626,0.00038788575192656954,0.0004956762405279831,0.00023650456485526798,0.0003905067555767434
2176,3,3,0.9980402871191566,0.0003693914577325909,0.0003935244972666631,0.9980402871191566,0.0004604838776217219,0.0003530923246323026,0.00038322072359013527
2177,4,4,0.9980400356573209,0.0004673003930481531,0.0003065469546803523,0.0005185529086506917,0.9980400356573209,0.00035647908768263187,0.0003110849986172239
2178,2,2,0.997836489348092,0.0002613704602772999,0.997836489348092,0.0005003743949338452,0.00031787778579007005,0.0005024249925361956,0.000581463018370604
2179,1,1,0.9982327813604603,0.9982327813604603,0.00021941785078339164,0.0003899575616517891,0.0005114254611539561,0.00025803812676809416,0.00038837963918253075
2180,4,4,0.9979794631427964,0.0004507168535370847,0.0003899005943997932,0.00047459948308475154,0.9979794631427964,0.00037610779601502205,0.0003292121301668996
2181,3,3,0.9979983679467325,0.0003020942239033972,0.0003910780752569755,0.9979983679467325,0.0005190687700429181,0.0003969675843097823,0.0003924233997544898
2185,1,1,0.9982213666149066,0.9982213666149066,0.0002504913208682379,0.0003344800885476943,0.0004531924627246022,0.00030571127145276355,0.000434758241500245
2186,3,3,0.9979995255563235,0.0002952626489710466,0.00042158489016984655,0.9979995255563235,0.000527716668398073,0.0003920079467709269,0.00036390228936652584
2187,4,4,0.9980423624751105,0.0004594239661136636,0.000328049738799159,0.0004859486446823339,0.9980423624751105,0.00034682613355386074,0.0003373890417404888
2188,2,2,0.9976324047988886,0.00033810319258775724,0.9976324047988886,0.0006797628733304036,0.00036842656147518296,0.00041637049562872773,0.0005649320780893919
2189,6,6,0.9946399412725722,0.0013726271103101564,0.0014322834439780543,0.0009226687328247523,0.0003945014355485736,0.0012379780047663312,0.9946399412725722
2191,5,5,0.9965156911886937,0.0005579908362414337,0.0007162359970888433,0.0004918835768867604,0.0005462775333133031,0.9965156911886937,0.0011719208677759632
2192,3,3,0.99801912375051,0.0003081109101198849,0.00038487831843194147,0.99801912375051,0.0004776331305946911,0.0003967143227004821,0.00041353956764294403
2193,2,2,0.9966762407300976,0.000298500682440799,0.9966762407300976,0.0003807449960189657,0.00030193234431133523,0.0014358097015050016,0.000906771545626401
2194,5,5,0.9939570547859781,0.0006058890795469528,0.0009539324789873724,0.0005779633718073802,0.00044302072449303997,0.9939570547859781,0.0034621395591871796
2195,3,3,0.9980392984712637,0.00036673518232178867,0.00037676724350865694,0.9980392984712637,0.00046747567514963576,0.0003824525603346703,0.0003672708674215583
2196,1,1,0.9983214214044961,0.9983214214044961,0.00022266735362303012,0.0003766145053279283,0.0004311594528399082,0.0002734069022877672,0.00037473038142534285
2199,3,3,0.9980442081854605,0.00031506921553252945,0.00038995192173332506,0.9980442081854605,0.0005012494888571726,0.00038609089087947155,0.00036343029753703823
2200,4,4,0.9980183577801637,0.0004837618489879769,0.0003442622747235998,0.0004722780307639977,0.9980183577801637,0.00033502367144126467,0.00034631639391948156
2201,6,6,0.9943379962651215,0.0014907495655647784,0.0014316916059357993,0.0008692588485239089,0.0003898498041463525,0.0014804539107076762,0.9943379962651215
2202,4,4,0.9979175524458341,0.0005893414836233933,0.00033033236232997556,0.0004974544663422519,0.9979175524458341,0.00036144362824293183,0.00030387561362736317
2203,5,5,0.9968612437446058,0.0003995805947742033,0.0006313818138844062,0.000625304934663374,0.0005056319742749749,0.9968612437446058,0.0009768569377972109
2205,2,2,0.9977168616694312,0.0003742961986686977,0.9977168616694312,0.0005275697108767528,0.0003875325328915039,0.0004266439175304914,0.0005670959706014294
2206,5,5,0.9966043513479699,0.0007275187730942882,0.0007386355635257404,0.0005007182621249349,0.0005587929783702255,0.9966043513479699,0.0008699830749148877
2207,3,3,0.997774200999349,0.0005278161934554466,0.0003813738651380431,0.997774200999349,0.0005132007734163565,0.00047044011529772046,0.00033296805334344457
2208,5,5,0.9968844229047861,0.0005788524386297229,0.0007581437370930119,0.0004523317699084796,0.000385971717479381,0.9968844229047861,0.0009402774321033314
2210,1,1,0.998335260210653,0.998335260210653,0.00021861760430335868,0.0003785444265571217,0.00040385884992040255,0.00025466746984768103,0.00040905143871845903
2211,4,4,0.9979625214500021,0.0004509017998700846,0.00032503065268242495,0.0005615782166311994,0.9979625214500021,0.00032683814594148056,0.000373129734872747
2213,1,1,0.9982635126219211,0.9982635126219211,0.0002349554065063792,0.0003918951452723463,0.00048796892444693423,0.00025213936986299285,0.00036952853199021603
2216,1,1,0.9982404844392786,0.9982404844392786,0.0002245132812745708,0.0003809289534606318,0.0005184962717431629,0.0003093066376253132,0.00032627041661777617
2217,3,3,0.9980590667939158,0.0003230918089358003,0.00036231684929755563,0.9980590667939158,0.0004611293104628213,0.00040687246042591367,0.00038752277696213217
2218,4,4,0.9980112434764936,0.000409544479624629,0.0003418216115636742,0.0005040376042357997,0.9980112434764936,0.00034207888942801914,0.00039127393865430156
2219,2,2,0.9978546657029517,0.0002819586996995407,0.9978546657029517,0.0003638165128784289,0.00030371305660825026,0.0006237376462906347,0.0005721083815715546
2220,4,4,0.9980317952572442,0.0004782960169199612,0.0003356028174365877,0.00044996591178932366,0.9980317952572442,0.00036261614886173426,0.00034172384774818176
2221,3,3,0.9978514620545377,0.00035680199243644586,0.0004157626911941394,0.9978514620545377,0.000519110926366291,0.00030662439394786605,0.0005502379415175459
2222,1,1,0.9982852690435787,0.9982852690435787,0.00021183456953519154,0.00036099506409833826,0.00046973892719356995,0.00023572791010758289,0.00043643448548640957
2223,3,3,0.9980064206756494,0.0003679973221139925,0.00041545207325100695,0.9980064206756494,0.00045056488068269987,0.00040261504433637544,0.0003569500039665883
2224,4,4,0.9980536127359508,0.00046610456760778473,0.0003184665017739748,0.00040389492241420255,0.9980536127359508,0.0003885408755605682,0.00036938039669263956
2229,5,5,0.996678452855628,0.0006861433374415369,0.0006421843306682744,0.0004352234746120189,0.0005090639365270548,0.996678452855628,0.001048932065123192
2230,3,3,0.9979390137185284,0.0003620161309753236,0.0004364570617853294,0.9979390137185284,0.0004727818713926818,0.0004745659943421229,0.0003151652229761379
2231,5,5,0.9965601369128768,0.0005021954905104655,0.0006544440857112193,0.0005527921495269186,0.0005442068689555569,0.9965601369128768,0.0011862244924189752
2232,4,4,0.9980515714800571,0.0004464911683268762,0.0002998699343439693,0.00045588987246867626,0.9980515714800571,0.00038584012155576955,0.0003603374232476828
2233,5,5,0.9960709584718801,0.0005457221290395882,0.0008673913929718982,0.0003722891767497355,0.00041467226917695296,0.9960709584718801,0.0017289665601816964
2234,5,5,0.9970294326220184,0.00048570457581405366,0.0007594929843082892,0.0004262739132061278,0.0004376058680455026,0.9970294326220184,0.0008614900366076455
2235,4,4,0.9980174780612872,0.0004177813817589137,0.00033599159137406056,0.0005268682348514018,0.9980174780612872,0.00035922849540068717,0.00034265223532785614
2237,5,5,0.9965828667018222,0.0005300774625710169,0.0006060756502882902,0.00046932330737756557,0.0006643695133187929,0.9965828667018222,0.001147287364622236
2238,6,6,0.9945433716675307,0.0012816637333702477,0.0014745093340373452,0.000980453040510268,0.0003693434332992609,0.0013506587912521491,0.9945433716675307
2239,2,2,0.9963188948536892,0.00019995943043200692,0.9963188948536892,0.000468208231322759,0.00025371891786717544,0.002254049432651817,0.0005051691340370735
2241,3,3,0.9978768647503307,0.00042295414432676946,0.0004080226572079733,0.9978768647503307,0.000591009902934047,0.0003548914619736471,0.0003462570832269385
2242,2,2,0.9978544764748739,0.0002507911858489298,0.9978544764748739,0.00039908654444469944,0.0003315094037606005,0.0006477332437670296,0.0005164031473049461
2243,5,5,0.9952569734555696,0.0008996907972544591,0.0008635869712300401,0.0005155843168185246,0.0003984681441131145,0.9952569734555696,0.002065696315014183
2244,2,2,0.99775030538419,0.0002919140630218681,0.99775030538419,0.0005554150435439673,0.0002906886752427482,0.0004712141625937638,0.000640462671407664
2245,6,6,0.9944934854811517,0.0014685483198243496,0.00146391301095058,0.0008870634491951251,0.0004432462742281604,0.0012437434646500995,0.9944934854811517
2247,2,2,0.9977656836331475,0.0003219051943978928,0.9977656836331475,0.0004302049738437868,0.0002936984597511346,0.0004894138661180841,0.0006990938727415479
2248,1,1,0.9982110682877199,0.9982110682877199,0.0002325553894326079,0.00038026292316502004,0.0005577341306534583,0.00028327411303949164,0.0003351051559895094
2249,2,2,0.9977470423698683,0.0003705379485633403,0.9977470423698683,0.0004363999697561982,0.0003375138057169985,0.00045321389153248493,0.0006552920145626337
2250,1,1,0.9983292434852388,0.9983292434852388,0.00022457029741774728,0.0003320415342232569,0.0004333598282373299,0.00027880873543406485,0.00040197611944888217
2253,5,5,0.9968014013210197,0.00040989812559338423,0.000740178995686994,0.0005520708065984353,0.0004332001371363096,0.9968014013210197,0.0010632506139651749
2254,4,4,0.9980493542860215,0.0004423540269736596,0.00034927986300601954,0.0004702885521593417,0.9980493542860215,0.0003761606840354691,0.0003125625878040752
2255,5,5,0.9966370851735075,0.0005207887043686143,0.0008109524327841954,0.00039426405325377527,0.00064888443842643,0.9966370851735075,0.0009880251976595597
2256,2,2,0.9978418871465035,0.0002807661469394283,0.9978418871465035,0.00034713186900263486,0.00030187378587060245,0.000699017848390759,0.0005293232032931235
2260,3,3,0.9979605166174919,0.0003600850284999212,0.0004512562361153055,0.9979605166174919,0.00045376847863230486,0.0004672711709807679,0.0003071024682798766
2261,4,4,0.9980629799594796,0.0004929186888963764,0.0003340983370165295,0.0004626316436659667,0.9980629799594796,0.0003353944760437155,0.00031197689489781915
2262,4,4,0.998107140760403,0.0004572204204792431,0.0003146644653999364,0.0004506144035076799,0.998107140760403,0.0003224372550105749,0.0003479226951995759
2263,1,1,0.9983081176844907,0.9983081176844907,0.00020559219090824428,0.0003095158779558952,0.00043454937475493173,0.00024743848100521477,0.0004947863908850464
2264,4,4,0.998051381715392,0.0004537115600851538,0.0003288859759527045,0.0004817300822945601,0.998051381715392,0.0003461941420049828,0.0003380965242706856
2265,2,2,0.9968686868140892,0.0006273440773325147,0.9968686868140892,0.0008177709670943197,0.0006141408915923011,0.0005062598587721213,0.0005657973911194855
2266,4,4,0.9980202940006818,0.0004658306146406224,0.0003198050262121851,0.000517854177382617,0.9980202940006818,0.0003561896456163798,0.0003200265354663844
2267,2,2,0.9955554883554559,0.00021324953429166057,0.9955554883554559,0.0003153286322387131,0.000279879554568441,0.0030660427569120415,0.0005700111665332444
2269,1,1,0.9983886463042546,0.9983886463042546,0.00021361179787462168,0.0003349303727757548,0.00041184137736841335,0.0002463207343053049,0.00040464941342138223
2270,6,6,0.9946767146175035,0.0013776575290539656,0.0012659988202506146,0.0009295801915799115,0.000400318300679205,0.0013497305409327772,0.9946767146175035
2272,6,6,0.9943510736444381,0.0013965549336086404,0.0014142634510763692,0.0010248818890844823,0.00037845397538785263,0.0014347721064046069,0.9943510736444381
2273,3,3,0.9980034909542247,0.0003637047587985629,0.0003890070747199778,0.9980034909542247,0.00051720606522608,0.00032888962355231597,0.00039770152347840194
2274,6,6,0.9946339868305738,0.0013901956210257214,0.0013867706824139691,0.0009480536831689466,0.0004154794834354162,0.0012255136993821073,0.9946339868305738
2275,5,5,0.996629939579832,0.0004405148413373663,0.000958704142650643,0.00038672770055252594,0.00041759839687111874,0.996629939579832,0.001166515338756369
2279,4,4,0.9981112753731475,0.00044786064489350655,0.0003062453479404855,0.0004545393912920974,0.9981112753731475,0.0003535288817406887,0.0003265503609857917
2281,5,5,0.9962784654320604,0.00043215486248685653,0.0009692987084075743,0.0005860542300184373,0.0005014953788786923,0.9962784654320604,0.0012325313881480745
2282,5,5,0.996438622880673,0.0005737313188156183,0.0006544161008543401,0.0006035632689148737,0.0005957299729442521,0.996438622880673,0.0011339364577979754
2283,1,1,0.9984037749795156,0.9984037749795156,0.00022155200300443722,0.00029125517091056053,0.0003570166759052505,0.00028868725251706036,0.00043771391814704255
2284,5,5,0.9963194855067237,0.000967583806353417,0.0007404189906881218,0.0004885588775505398,0.00041867281319009087,0.9963194855067237,0.0010652800054941976
2285,2,2,0.9975206175204736,0.00037376850075357236,0.9975206175204736,0.0005041007493814684,0.00036468091707847505,0.0003979658035493196,0.0008388665087636068
2287,2,2,0.9973686418339979,0.00045920099570813817,0.9973686418339979,0.0005354473032250275,0.0004729895766071186,0.0005295054647957073,0.0006342148256659558
2288,1,1,0.9981902770852259,0.9981902770852259,0.00023744111118603569,0.00042059776140947094,0.0004620576494368854,0.00022680136265813171,0.00046282503008357256
2291,1,1,0.9983597692209148,0.9983597692209148,0.000211176632658165,0.00035749768417767786,0.0003949251776758658,0.00025527290450800096,0.0004213583800654534
2292,5,5,0.9926113551578649,0.0005593207934407546,0.0007725320225171814,0.0032995015134129014,0.000649837432046865,0.9926113551578649,0.0021074530807173694
2293,6,6,0.9946799352382092,0.0013283346510461623,0.0013564444129637214,0.0009387387013173456,0.00040387548317002785,0.001292671513293595,0.9946799352382092
2295,4,4,0.9980686776341501,0.0004790576002591025,0.00030846373505605815,0.00043107374010981683,0.9980686776341501,0.00035280752118603813,0.0003599197692389022
2297,3,3,0.9979995400271462,0.0003093157508012798,0.0003588724402297168,0.9979995400271462,0.0005218397351418945,0.0003603450648459355,0.0004500869818350445
2298,3,3,0.9979500538736281,0.00042103945533696904,0.0004070224388969986,0.9979500538736281,0.0004975482188143496,0.0003549733503353951,0.00036936266298815546
2299,2,2,0.9978034591410607,0.0003140822154095999,0.9978034591410607,0.0003757473283412004,0.0003483167334050471,0.000518950320404889,0.0006394442613782983
2300,3,3,0.9978445166915191,0.00046773156009521157,0.0003508346351277278,0.9978445166915191,0.0004967695268333864,0.0004089591719980106,0.0004311884144265436
2301,4,4,0.9979715606322359,0.0005545708593172199,0.000345859211468182,0.00048002596051654626,0.9979715606322359,0.0003564497179290038,0.000291533618533139
2303,5,5,0.9966717139967126,0.0005680291427887725,0.0007322449511595622,0.00041072654214850007,0.0005055890840943536,0.9966717139967126,0.0011116962830962384
2304,3,3,0.9980621825009202,0.0003121436132044225,0.00041926675018548763,0.9980621825009202,0.00043904827428506974,0.0004334286448273418,0.00033393021657760754
2306,4,4,0.9981112512916442,0.0004237316405891622,0.0003006931743565232,0.0004233253220593511,0.9981112512916442,0.000372812370539929,0.0003681862008108546
2307,5,5,0.9969450061197288,0.0005498828482677246,0.0007312926773243686,0.00043389581350157134,0.000438012841532201,0.9969450061197288,0.0009019096996453795
2309,3,3,0.9979644107515044,0.0003802128303251644,0.00041969971536264406,0.9979644107515044,0.000547199758539342,0.0003539403652620187,0.00033453657900635135
2310,2,2,0.9978061675587641,0.00033656434375940514,0.9978061675587641,0.00039570100812313843,0.00031414298212484017,0.0005377462037395452,0.0006096779034889657
2311,1,1,0.9982223591344689,0.9982223591344689,0.00022257879585356938,0.0003799866467780807,0.0005665651601161014,0.0002511139180301091,0.0003573963447533019
2312,3,3,0.997988880613774,0.00034995051953883233,0.00041780548507909174,0.997988880613774,0.0005033053161845095,0.00040690048417486895,0.00033315758124871896
2314,2,2,0.9978360546347065,0.00024250640157112585,0.9978360546347065,0.0003496070571478895,0.0002883613637108274,0.0007444831435680686,0.0005389873992956113
2316,4,4,0.9979517672413996,0.0005009096754520589,0.00036638666701097045,0.00045831345126337396,0.9979517672413996,0.00041813034226870146,0.00030449262260539287
2318,3,3,0.9980270623513282,0.0003109616920751263,0.0004175756625249193,0.9980270623513282,0.0004963068236236311,0.0003445592424676087,0.000403534227980521
2319,2,2,0.9977811770209143,0.00031178327770931154,0.9977811770209143,0.0005446013960765792,0.00035741660318920165,0.00044162068525958946,0.0005634010168510655
2320,1,1,0.9983596439322326,0.9983596439322326,0.00019202835841543273,0.00028834155038425836,0.0004243857501192875,0.00027142212546382184,0.00046417828338451625
2321,2,2,0.997617990175275,0.0002539884527675541,0.997617990175275,0.00034696675933572075,0.000341342647320498,0.0008193617842126987,0.0006203501810885241
2323,6,6,0.9947137602522909,0.0013275427533666964,0.0014033818668067303,0.0009342763567379825,0.00040372363612715495,0.0012173151346705367,0.9947137602522909
2325,5,5,0.996335452618556,0.0005203636006166902,0.0008464445682688529,0.00039310185490306124,0.0003875652873527644,0.996335452618556,0.0015170720703026022
2326,5,5,0.9960241389639555,0.0007114411033817274,0.0006817158477225321,0.0005264612301998534,0.000577525065257977,0.9960241389639555,0.0014787177894823838
2328,3,3,0.9980292261299938,0.0003346770025470573,0.00041705698995898963,0.9980292261299938,0.0004858067231400008,0.0003830296085294171,0.0003502035458307656
2330,1,1,0.9981994951231853,0.9981994951231853,0.00023386620914896947,0.00039017777985725106,0.0005124780747746822,0.00023226609505070468,0.00043171671798306337
2332,1,1,0.9983944828701924,0.9983944828701924,0.00018637776100598438,0.0003051828188661505,0.00044709358633863294,0.0003055818033467757,0.000361281160250106
2334,3,3,0.9979930772718442,0.00036791956736301586,0.00042474162884449586,0.9979930772718442,0.00048720721456977425,0.0003883967331754758,0.00033865758420310047
2336,2,2,0.9973118986738954,0.00025697802042052095,0.9973118986738954,0.0002904553690776522,0.00031063785583211606,0.0011139624414657028,0.0007160676393086621
2339,4,4,0.9981228927380374,0.0004228218842047277,0.0003152365166677227,0.00044089774982754054,0.9981228927380374,0.00035813160557756306,0.0003400195056850396
2340,4,4,0.9980250579602918,0.0005092482862380025,0.00033299236713849777,0.0004570618358206271,0.9980250579602918,0.0003692310263438269,0.0003064085241673429
2341,6,6,0.994650828485668,0.0013236851871854648,0.0014336834556936513,0.0009315633705970875,0.0004072397129151444,0.0012529997879406883,0.994650828485668
2342,3,3,0.997914027399354,0.00043786550430058134,0.0004131932847279305,0.997914027399354,0.0005070759272993646,0.0003878430041057207,0.0003399948802124137
2343,6,6,0.9946118618110376,0.001422266595831459,0.0014273934102022273,0.0008927804905915145,0.00040483038275314646,0.001240867309584125,0.9946118618110376
2344,1,1,0.9983524794728127,0.9983524794728127,0.00021686296213470837,0.00034649348310952473,0.0004139910834497065,0.0002525601472445948,0.0004176128512485739
2347,5,5,0.9959155074053639,0.00032423900528763663,0.001730606020534459,0.00037549678969948247,0.0004096274058448441,0.9959155074053639,0.0012445233732696548
2348,5,5,0.939910892610996,0.0007623147134952398,0.05351698421018797,0.0006952412688439579,0.0006861837493142364,0.939910892610996,0.004428383447162551
2350,6,6,0.9932622188907112,0.002244557225861233,0.0015158668203122624,0.0008434848754101554,0.00046785474982911847,0.0016660174378760417,0.9932622188907112
2351,2,2,0.9973843103384621,0.00030166285069854607,0.9973843103384621,0.0003124142137715437,0.00033970845700869194,0.000713326371004967,0.0009485777690541498
2353,6,6,0.9944451998273623,0.0014692573087821208,0.0013935253051409991,0.001018674046772519,0.0003930530546898005,0.0012802904572521967,0.9944451998273623
2354,4,4,0.998010831007509,0.0004210097320542157,0.00036193445585551816,0.0005056748717553492,0.998010831007509,0.0003657938566697599,0.00033475607615615497
2355,4,4,0.9979642371417079,0.00035232444313539806,0.0003041815283237555,0.0006545220215959102,0.9979642371417079,0.00035361030853936785,0.00037112455669762183
2357,5,5,0.9958610865226727,0.0006635322757124794,0.0005903025000380267,0.0006304554240342355,0.0005949847241570822,0.9958610865226727,0.0016596385533854798
2358,5,5,0.9963812154591496,0.0005933381570962581,0.000723047234552982,0.0004255493080237163,0.0004983264332097851,0.9963812154591496,0.0013785234079677102
2359,5,5,0.9967407044333391,0.0006464391131005486,0.0006982854305676538,0.000495115035405351,0.00038724643758423566,0.9967407044333391,0.0010322095500031145
2360,3,3,0.9979006352028623,0.0003507757606669144,0.0004352892705255019,0.9979006352028623,0.0006279976994474892,0.0003542060837468274,0.0003310959827510568
2365,4,4,0.9980730840243955,0.0004385431687928174,0.0003143630778047171,0.000439639248263873,0.9980730840243955,0.000364873828471933,0.0003694966522711685
2366,4,4,0.9980642159140283,0.0004339889256422041,0.00032106228042895506,0.00043207130336499796,0.9980642159140283,0.00036686347299854906,0.0003817981035370049
2367,2,2,0.9972497994126208,0.0004063741141757155,0.9972497994126208,0.000567542864557562,0.0003703252069269117,0.0003883542444046902,0.0010176041573143355
2368,2,2,0.9978273545491235,0.00033804800594888264,0.9978273545491235,0.000391800918343486,0.00032601258248310475,0.0004888257843608233,0.0006279581597402874
2369,4,4,0.9979482267860587,0.0004892355051542548,0.00038385324199348593,0.0004931853023908589,0.9979482267860587,0.00041115985264271416,0.0002743393117600493
2370,5,5,0.9963875595466042,0.0005624950047897327,0.0009152853365173538,0.000688737811807656,0.0005422493334263694,0.9963875595466042,0.0009036729668547152
2371,5,5,0.9966634398283001,0.00046298212749939637,0.00068160586331245,0.00047883064824550433,0.0005370781551220272,0.9966634398283001,0.0011760633775205758
2372,4,4,0.9980576378209856,0.00045099792193562704,0.00032672346312988975,0.00043381828050397675,0.9980576378209856,0.00037756910509732696,0.0003532534083476783
2373,2,2,0.9973577668675908,0.00041692530624940145,0.9973577668675908,0.0005773479932822916,0.0005142152594098695,0.0004584064178974773,0.000675338155570188
2374,2,2,0.9978680166970555,0.0002769308256000146,0.9978680166970555,0.00040905949002324803,0.0003064958666753912,0.0005990605435735495,0.000540436577072398
2375,6,6,0.9945240556963396,0.0014351188655715857,0.0014629727428809205,0.0010071865317212451,0.000413575240609891,0.001157090922876726,0.9945240556963396
2376,5,5,0.9956660276486458,0.0005341075014637943,0.0007362098553777963,0.0005680038597015687,0.0005449197491077472,0.9956660276486458,0.0019507313857033916
2377,6,6,0.9942406967095115,0.001438784902365047,0.0015123960518407037,0.0009457222740522458,0.00046113360378044504,0.0014012664584499665,0.9942406967095115
2378,4,4,0.9978591815356763,0.0005511329441610852,0.0003732759938534276,0.0005255613322064467,0.9978591815356763,0.00038937742422078897,0.0003014707698819085
2379,5,5,0.9951009000245924,0.0005266257130958583,0.0008159358859388771,0.0004895937087577811,0.0005563130166859329,0.9951009000245924,0.0025106316509291055
2380,1,1,0.9983979031122878,0.9983979031122878,0.00019722743632269113,0.0002840779244415425,0.0003763501943288476,0.00033750100381477584,0.0004069403288044096
2381,2,2,0.9971974649738178,0.00022947145490276644,0.9971974649738178,0.0004196982297011948,0.00032491779738372614,0.0008585392120054607,0.0009699083321888889
2382,1,1,0.998370428077409,0.998370428077409,0.00021076362669242426,0.0003250521805625985,0.00041769224134337107,0.00028170012993223215,0.00039436374406038774
2383,3,3,0.9979452320773059,0.0003676360733141,0.00039646918289290784,0.9979452320773059,0.0005471045129600907,0.00040073542652500227,0.0003428227270020049
2384,2,2,0.9978153438136235,0.0003048888675169249,0.9978153438136235,0.0004810253902389556,0.00032738449804248747,0.0004906722911427152,0.0005806851394354886
2385,3,3,0.9978883062184127,0.0003989079425264737,0.0004436822665892361,0.9978883062184127,0.00048536093250009873,0.0004772145081009475,0.00030652813187062426
2387,5,5,0.9965958080442747,0.0006318846186892973,0.0006967601423120604,0.0004118150424709373,0.00047224844841489005,0.9965958080442747,0.0011914837038381795
2388,4,4,0.9980177968214686,0.0005088564985114525,0.0003366228805100138,0.00045575271766459135,0.9980177968214686,0.00039070955592781316,0.0002902615259174498
2390,3,3,0.9979688652996643,0.00032368526859271566,0.0004399829833300468,0.9979688652996643,0.0005138905901145149,0.0004151201918329137,0.0003384556664654663
2391,3,3,0.9977419070233172,0.0003340173285421587,0.00040811085622833996,0.9977419070233172,0.0006689829763801263,0.000329304894103821,0.0005176769214284225
2392,1,1,0.9982811987565173,0.9982811987565173,0.00021110888910925687,0.0003215926856021892,0.0004856895918140826,0.00033711029438063776,0.0003632997825765972
2394,5,5,0.9966678431174656,0.0004823320102342057,0.0007425386296820743,0.0005086179215902462,0.0004862185941200978,0.9966678431174656,0.0011124497269077785
2395,5,5,0.9969991853318411,0.0004489838840206084,0.0007171071501698861,0.0005131685353380584,0.0004786104460455234,0.9969991853318411,0.0008429446525848646
2396,1,1,0.9981836687346454,0.9981836687346454,0.00020102266011054855,0.0003200715876837101,0.0003801817660588633,0.0004691890213103032,0.00044586623019122784
2398,5,5,0.9963835009250567,0.00047717127572228005,0.0006495039450386639,0.0005468062405789262,0.0005788703403750405,0.9963835009250567,0.0013641472732283712
2399,3,3,0.9979665280840658,0.0004133624607367327,0.00041721120948455217,0.9979665280840658,0.0004674716620454959,0.0004042550281744122,0.00033117155549278995
2400,3,3,0.997922480832438,0.0003562551285404007,0.00041958084360491256,0.997922480832438,0.0005625626076380741,0.0003967793894093334,0.0003423411983693522
2401,6,6,0.9944741734494614,0.0014416523921423315,0.0015029913961115825,0.0008627509757144955,0.00042344547937908227,0.0012949863071910338,0.9944741734494614
2404,3,3,0.9979976625084269,0.0003125317913951639,0.00036492040131389354,0.9979976625084269,0.0005095904146360454,0.00036772237248257507,0.0004475725117454127
2405,3,3,0.9978565945713286,0.0003947248189256786,0.0004355931467724388,0.9978565945713286,0.0006116256345847051,0.00031262771227851335,0.00038883411611012717
2407,5,5,0.9965029385019946,0.0007235777034124421,0.0006393228757582415,0.00044041750180126425,0.0005802657356188234,0.9965029385019946,0.0011134776814147001
2408,2,2,0.997469406389859,0.0003395409957732026,0.997469406389859,0.000650977121496306,0.0004134552940982676,0.0006001625329691067,0.0005264576658040585
2409,1,1,0.9982736156131858,0.9982736156131858,0.00017917209372342137,0.00030871749375312835,0.0003575466259781345,0.00029593072425681513,0.0005850174491026504
2412,2,2,0.9978324581291353,0.0002820602913798831,0.9978324581291353,0.0004375051856712995,0.0003630208306406682,0.0005754227058568787,0.0005095328573159363
2413,6,6,0.9946022464451997,0.0013835548658968815,0.0014300815290603625,0.0009542859466485308,0.0003998522522068921,0.0012299789609877046,0.9946022464451997
2414,5,5,0.9964382544647409,0.00039772092299582176,0.0008757712111829869,0.0006861595249023198,0.0004276869250137848,0.9964382544647409,0.0011744069511641956
2415,2,2,0.9971084541167576,0.0002477573127659054,0.9971084541167576,0.00027483458353622076,0.0002376529145989902,0.0014207533333579678,0.0007105477389832634
2417,6,6,0.9943366929211366,0.0015880492734122117,0.0014422183567543141,0.0008659484692955654,0.00043652411626091743,0.0013305668631403607,0.9943366929211366
2418,3,3,0.997965200894479,0.00039657655827047726,0.00041009228960989214,0.997965200894479,0.0005156073521514427,0.0003892700999572293,0.00032325280553186837
2419,6,6,0.9943581894377974,0.001486946867138866,0.0014668020116598804,0.0008420826193006128,0.00043201225990039294,0.0014139668042028144,0.9943581894377974
2420,3,3,0.9979992375568938,0.0003042473358902636,0.0003553068334269967,0.9979992375568938,0.0005143242237369175,0.00037665079659541617,0.0004502332534566212
2421,1,1,0.9981745960098689,0.9981745960098689,0.0002515858616128425,0.0003932596601707126,0.0005337202656427115,0.00028319352144831535,0.0003636446812565166
2423,1,1,0.9983031589065275,0.9983031589065275,0.00020425832845262094,0.0003238965335136947,0.000491255479397862,0.0003016302091647883,0.00037580054294352675
2424,4,4,0.9978873966593835,0.0004979259517291685,0.0003810855587057706,0.000482402520240588,0.9978873966593835,0.0004046519217239027,0.0003465373882170892
2425,5,5,0.9968809060856181,0.0005605532302080816,0.0007170207805395849,0.0003581197877545141,0.0004430144111923151,0.9968809060856181,0.0010403857046874458
2426,2,2,0.9977229494248484,0.0003646919306596877,0.9977229494248484,0.0003620335576135451,0.0003566893666084332,0.0006851989486521305,0.000508436771617798
2427,3,3,0.9979813568815467,0.0003709136613543709,0.0004165194849666007,0.9979813568815467,0.0005260549349076351,0.000339717844232349,0.00036543719299238
2428,5,5,0.995949547948674,0.0006635832525484672,0.0007193322241705345,0.0004578488777217937,0.000608102909292625,0.995949547948674,0.0016015847875926405
2431,2,2,0.9977020973808349,0.0003448848850876748,0.9977020973808349,0.00047499184661545154,0.0003242511707835633,0.0005933393468240383,0.000560435369854343
2432,5,5,0.9969516417047195,0.0004176366168387994,0.0008395610430763108,0.00039895198563384384,0.00044310922215247693,0.9969516417047195,0.0009490994275790954
2433,3,3,0.9979036793584383,0.00039044864425409224,0.00043177012110666175,0.9979036793584383,0.00041051658125392345,0.0005263361294687214,0.00033724916547838953
2436,5,5,0.9968648299358822,0.00040123987995352987,0.0008491928091720545,0.0005197257758500313,0.0004163662771154459,0.9968648299358822,0.0009486453220267902
2437,2,2,0.997778956913201,0.00024929500188252643,0.997778956913201,0.0003449731464765666,0.0003161790970529415,0.0008123423361113669,0.0004982535052756962
2439,4,4,0.9980559932903489,0.0004512273315087068,0.0003287106319237482,0.00044559326683309917,0.9980559932903489,0.00038100893149872126,0.00033746654788687153
2440,1,1,0.9983465572749897,0.9983465572749897,0.00022302765644186283,0.0003588949003599041,0.0004036995775165893,0.0002883672103621982,0.0003794533803298211
2441,2,2,0.9974974466171874,0.000383409738666635,0.9974974466171874,0.0005719698083169778,0.0003888884180471445,0.0006491616027462433,0.0005091238150355824
2442,4,4,0.9979414005472287,0.0004626167490220247,0.0002900204464713513,0.0005825669307177166,0.9979414005472287,0.00034681915992276275,0.000376576166637497
2443,5,5,0.9947557890149976,0.0005309311272062398,0.0009953122765630437,0.00046318285743590925,0.0006466325815414443,0.9947557890149976,0.002608152142255718
2446,5,5,0.9951946708188141,0.000546438767144158,0.0011098953598363585,0.00035060327175844073,0.0005256048471285007,0.9951946708188141,0.0022727869353185394
2447,3,3,0.9926596006566771,0.0005271650587069321,0.0006938188841430783,0.9926596006566771,0.0005082273131731718,0.004391283139829996,0.0012199049474698042
2449,4,4,0.9980000559306338,0.00045609551417802124,0.0003729310300614704,0.0005130923085449465,0.9980000559306338,0.00036326189385772745,0.0002945633227240572
2450,1,1,0.9983553630903039,0.9983553630903039,0.00021581486370807456,0.0003362989924540283,0.0003749919251856201,0.00026444160350148915,0.0004530895248469001
2451,6,6,0.9942660483879702,0.0014763005815724292,0.0015414780248938103,0.0010451680979665875,0.0004142573267608317,0.001256747580836213,0.9942660483879702
2452,6,6,0.994112397775899,0.0013879243737926436,0.0016123783452365436,0.0009082139855478557,0.00042523532456679417,0.001553850194957201,0.994112397775899
2453,1,1,0.9983370395102643,0.9983370395102643,0.00021547137152873837,0.0003447861097105621,0.000393187357587605,0.00026773172961266586,0.0004417839212959456
2454,3,3,0.9979728727570825,0.0003484790389636103,0.00042727483425769277,0.9979728727570825,0.0005279693695000219,0.0003642076506429858,0.0003591963495532322
2455,2,2,0.9978993737850178,0.0002571195844752971,0.9978993737850178,0.0003907524360961165,0.000279689545897428,0.0006474776636842651,0.0005255869848291397
2456,1,1,0.9983108011565246,0.9983108011565246,0.00020966089437810212,0.00035525410089014395,0.000434035317507779,0.0002707209487586904,0.000419527581940702
2457,3,3,0.9979743881376388,0.00037867074360316126,0.000429616535810451,0.9979743881376388,0.00045345076975869243,0.00043714863662887537,0.0003267251765599377
2458,5,5,0.9947637975025352,0.000338263337204355,0.0033706058640688335,0.00036003515750401415,0.0003283539188383518,0.9947637975025352,0.0008389442198493552
2460,2,2,0.997846572431019,0.0002939484105443341,0.997846572431019,0.00033630507127866376,0.00032396088717500255,0.0006342619517885454,0.0005649512481944723
2461,5,5,0.9963800925241805,0.0005956404147695474,0.0006150754277522988,0.0004667519262806574,0.0005224452749467038,0.9963800925241805,0.0014199944320702662
2462,5,5,0.9961894564702245,0.0005040388973606487,0.0008885973832643609,0.00046634492878417163,0.0005725718352412154,0.9961894564702245,0.0013789904851251825
2464,6,6,0.9946867179209168,0.0013444754229705025,0.0014088987304338345,0.0009299272742559594,0.0003987300714190374,0.001231250580003868,0.9946867179209168
2465,1,1,0.9983142822106228,0.9983142822106228,0.000224306456522874,0.00033946193413329556,0.0004699665394153585,0.00027084042648932975,0.0003811424328164675
2466,2,2,0.9915052083149198,0.00036620168347309683,0.9915052083149198,0.0004075733315521013,0.00026596681054026454,0.006646628043909336,0.000808421815605346
2467,1,1,0.9982029077583802,0.9982029077583802,0.0002208853520926831,0.00035021124794471767,0.0005585394615020319,0.00027818174227035104,0.00038927443781008295
2468,5,5,0.9962739042121571,0.000472034430452298,0.0006926573069198774,0.0007098368890288868,0.00047066410582318505,0.9962739042121571,0.0013809030556186828
2470,6,6,0.9937194583775698,0.002053528790875143,0.0015051995866659448,0.0008843474786789612,0.00044096048795947795,0.0013965052782506818,0.9937194583775698
2471,4,4,0.9980127461137198,0.0005239595009510184,0.0002948472871332828,0.00044706372022748544,0.9980127461137198,0.00036491845268489396,0.0003564649252833129
2472,6,6,0.9938093608306162,0.0016478171355311124,0.0016781675399970145,0.0010055925979116506,0.0004376311081360017,0.0014214307878080287,0.9938093608306162
2473,5,5,0.9965731219671772,0.0003934406212372484,0.0011525317244024036,0.0003872856564030027,0.0005143043946940625,0.9965731219671772,0.0009793156360861487
2475,3,3,0.9979893231774379,0.00038989405591096206,0.0004316523734803895,0.9979893231774379,0.0004725800969097673,0.0003787378020363113,0.0003378124942246364
2476,2,2,0.9976333819252402,0.00025398512201123415,0.9976333819252402,0.0003114357588567804,0.00024730899484639186,0.0009743038528425506,0.0005795843462028242
2477,2,2,0.9976140369344179,0.00035924975554921273,0.9976140369344179,0.00037175136575958806,0.00029392334739609493,0.0007983145646416014,0.0005627240322356713
2478,6,6,0.99438735898329,0.0014256266148144588,0.0015854192217551394,0.00091401653360818,0.0003977818244973062,0.0012897968220348954,0.99438735898329
2479,5,5,0.9961035405846512,0.0005006213400725553,0.0006172696689722207,0.000582822025464304,0.0006562412701640383,0.9961035405846512,0.001539505110675723
2482,2,2,0.9978027572441938,0.00033711265346362764,0.9978027572441938,0.0004684702262569092,0.00032568413263680336,0.00048181863939678944,0.0005841571040521745
2483,1,1,0.9979403636068135,0.9979403636068135,0.00026488807944224414,0.00036048491909592144,0.000696124011525826,0.0003530263631427404,0.00038511301997982327
2484,6,6,0.993965554905223,0.0014216967231757,0.0018746400971071853,0.0011025864971770745,0.0004116418084557906,0.0012238799688613128,0.993965554905223
2485,2,2,0.996396227269446,0.0003024817731494164,0.996396227269446,0.00032621690408525777,0.000332741370805876,0.002083918960469504,0.0005584137220439931
2486,6,6,0.9947159060195817,0.0013722209764669916,0.0013633774862190809,0.00090666566818328,0.00041272940933966234,0.0012291004402092355,0.9947159060195817
2488,6,6,0.9947043990485954,0.0013734834138559252,0.0013292486195290185,0.0009379447772035533,0.0003960860672044175,0.0012588380736116968,0.9947043990485954
2489,5,5,0.9967669449328307,0.0005162557458170043,0.0007272745861926236,0.0004265849797287026,0.0004749276072441689,0.9967669449328307,0.0010880121481868091
2490,4,4,0.9978099669519142,0.0006988062413485363,0.00032705693992763675,0.0004893436659841347,0.9978099669519142,0.0003664806646188017,0.0003083455362068631
2491,5,5,0.9965374825691816,0.0005918811160840195,0.0007236448557154475,0.00047425511388348265,0.0005169339277106188,0.9965374825691816,0.0011558024174249044
2492,5,5,0.9967568261448175,0.00043419014016145014,0.0006538124703989895,0.0007208138519689618,0.000481043289668215,0.9967568261448175,0.0009533141029848365
2493,1,1,0.9982739805818976,0.9982739805818976,0.00022068902573009076,0.00036381966946792503,0.0005081826856701274,0.00027072386001079755,0.000362604177223407
2494,3,3,0.9979333589740575,0.0004037856298920361,0.0004295878337660821,0.9979333589740575,0.0004965399714398922,0.00042099166844265004,0.00031573592240182044
2495,2,2,0.9977174279127167,0.00038295063495680915,0.9977174279127167,0.0003762687735163677,0.00034003505584950366,0.0005022041388902918,0.0006811134840704387
2496,2,2,0.9976795014055387,0.0003238108958921069,0.9976795014055387,0.00045624717388881796,0.00034778275988803106,0.0006027481685667488,0.000589909596225594
2497,4,4,0.9979637824074783,0.00040859656139799743,0.000352910427458918,0.0005551639457972201,0.9979637824074783,0.000405228200488805,0.0003143184573787508
2502,1,1,0.9982201117841183,0.9982201117841183,0.0002357696132018166,0.0003429122618297678,0.000546254024440668,0.00028996398502108197,0.0003649883313883365
2503,4,4,0.9980101860186765,0.00046478239487480235,0.000335071894497683,0.00046910504115424775,0.9980101860186765,0.0003691139453952194,0.0003517407054016012
2504,5,5,0.9962805849002815,0.0005202086042733684,0.0006903919679171845,0.00045933343334734415,0.0006395649233013695,0.9962805849002815,0.0014099161708792727
2505,3,3,0.9976363349600045,0.000468996390427082,0.000545165103236221,0.9976363349600045,0.0006714559389345253,0.0003185015574497927,0.0003595460499479107
2506,1,1,0.9982388448734067,0.9982388448734067,0.000224828091729474,0.00035661761833826703,0.0005220729109434334,0.00028660184026764376,0.0003710346653144507
2507,5,5,0.9962610997290938,0.0007279801354600625,0.0007411714471374729,0.00040537772444439066,0.0005058422885182429,0.9962610997290938,0.0013585286753460548
2508,4,4,0.9979670990599762,0.0004102385861864568,0.0003471414504598039,0.0005101193851175063,0.9979670990599762,0.0003517265262769499,0.0004136749919832202
2509,6,6,0.9947613318247048,0.0013305588510842863,0.0013461679345352238,0.0009528779028024256,0.00040806313672100687,0.0012010003501522742,0.9947613318247048
2510,1,1,0.99807560899929,0.99807560899929,0.00024122893338420376,0.0005080890282921603,0.0005316815828984257,0.000297075662722371,0.00034631579341284175
2513,2,2,0.9977646534074754,0.0003374180455852538,0.9977646534074754,0.0005099677701700928,0.00037521993662448705,0.00045533958575068035,0.0005574012543940059
2514,3,3,0.997978305866338,0.00031663638628124795,0.0004109977892006362,0.997978305866338,0.0004107092247113025,0.0004201398556479382,0.00046321087782093707
2515,1,1,0.9983552267743679,0.9983552267743679,0.00020338047624801145,0.00033163149940156165,0.00042831708581343595,0.0002865923260970635,0.00039485183807193866
2516,2,2,0.9971963705552994,0.00023724879254867877,0.9971963705552994,0.0004526135697843906,0.0002612859966665717,0.0013159118371845822,0.0005365692485163441
2517,2,2,0.9978306770467149,0.000311209903808891,0.9978306770467149,0.000419194892401868,0.00034680863195705645,0.0005509574482597949,0.00054115207685762
2519,4,4,0.998043463535079,0.0004403626046877226,0.0003423632626785982,0.0004293368230591438,0.998043463535079,0.0003868943318843889,0.00035757944261112984
2521,4,4,0.9980065345642705,0.00044459367002952515,0.0003602699477839831,0.0004763170493327195,0.9980065345642705,0.0004128664199168338,0.00029941834866655773
2523,1,1,0.998205435749569,0.998205435749569,0.00023721769902029124,0.00034012257065493747,0.0005783873092177822,0.0003054202063810527,0.00033341646515696157
2525,3,3,0.9980129948681654,0.00032536653623516646,0.0003703586467642756,0.9980129948681654,0.0005116881705189971,0.0004104086935831551,0.00036918308473313694
2526,1,1,0.9983686822931644,0.9983686822931644,0.00019631716749484837,0.000323769258691335,0.00047761955734607834,0.00028613247611453064,0.00034747924718882
2527,4,4,0.9979783422016248,0.0005026955404521351,0.00037056923379696606,0.0004509435710539061,0.9979783422016248,0.0003938559960323122,0.00030359345703985735
2528,6,6,0.9946550257927027,0.0014322865937363186,0.001326501968501088,0.0009473759685613346,0.00037251480283256383,0.0012662948736660022,0.9946550257927027
2530,2,2,0.9977555467084177,0.000335206118579031,0.9977555467084177,0.0004967179064716151,0.000374681592186037,0.00046859505086276575,0.0005692526234828868
2531,3,3,0.9980392079034545,0.00033198023121414663,0.0004309298981791607,0.9980392079034545,0.00040439748104162393,0.0004680724940250262,0.0003254119920855687
2532,1,1,0.9982576703456917,0.9982576703456917,0.00020300579924701156,0.0003374597313629041,0.0005134697899435741,0.0002747981017147461,0.0004135962320400736
2533,2,2,0.9977605385842199,0.00025112822294371957,0.9977605385842199,0.0005953500538631287,0.00028923212209502105,0.0005466650496500786,0.0005570859672283034
2535,3,3,0.99801944417395,0.0003583390898066047,0.0004149496705420765,0.99801944417395,0.00048094393615708643,0.0003612551768176561,0.0003650679527265726
2536,2,2,0.9978846242838217,0.00027684696735515293,0.9978846242838217,0.0004055051270348126,0.0003006561691813994,0.0005561598438929684,0.0005762076087139076
2537,5,5,0.9960932563476278,0.0006601487686385978,0.0005426317453653452,0.0006573484561594181,0.0006051825735848827,0.9960932563476278,0.001441432108623959
2538,3,3,0.9979075416164439,0.00038768273363101345,0.0004042251766089091,0.9979075416164439,0.0005543691928382372,0.0004344004652574995,0.0003117808152204346
2539,6,6,0.9947522171774389,0.001274975311734557,0.0013685755633554841,0.0009307658055320932,0.00039161522454661074,0.001281850917392356,0.9947522171774389
2540,1,1,0.9978762968373999,0.9978762968373999,0.0003258613222961403,0.00047231303263974966,0.000530253688690687,0.00026009455977780445,0.0005351805591958135
2541,2,2,0.9889727954223447,0.0007567993488242083,0.9889727954223447,0.0006910248194795696,0.0005858550026143978,0.0049256790519538445,0.0040678463547833
2542,2,2,0.9978097119226899,0.00025109655785181235,0.9978097119226899,0.0003666022398981991,0.0002913837681457887,0.0007626709440929668,0.0005185345673214186
2543,5,5,0.9968015635532462,0.00038090184950368523,0.0007930402020832476,0.000594285415514751,0.00044906872943442725,0.9968015635532462,0.0009811402502176568
2544,2,2,0.9977307778430551,0.0003568114295635977,0.9977307778430551,0.0004931488581457097,0.00038006585266145784,0.0004303630566514891,0.000608832959922808
2545,3,3,0.9980642615185922,0.00036913498561573694,0.0004380531500458618,0.9980642615185922,0.0004035157785236102,0.0003703329575348896,0.0003547016096877052
2548,2,2,0.9970227966809493,0.00027703051553916544,0.9970227966809493,0.0013528792492854805,0.00028368664959907116,0.0004609854286652297,0.0006026214759617389
2549,1,1,0.9984028290198803,0.9984028290198803,0.00021049305785412244,0.00030825230584395,0.00040150785223923676,0.0002868097083345018,0.0003901080558479112
2551,6,6,0.9947522329557893,0.0013240354292991887,0.001377509181022408,0.0009346681203430604,0.0003949580096290953,0.001216596303916897,0.9947522329557893
2552,1,1,0.9975451005699897,0.9975451005699897,0.00039080764688147944,0.0004779059850344767,0.000707420954229792,0.0005207427505225785,0.00035802209334198306
2554,1,1,0.9983544646331549,0.9983544646331549,0.00019513303993825204,0.0003037350924602224,0.0004141415534202978,0.00026350736935393146,0.00046901831167248597
2555,2,2,0.9976601584272698,0.00038368992400013773,0.9976601584272698,0.0004926566019876401,0.0003607492398750521,0.0004268984258887577,0.0006758473809786141
2556,6,6,0.9946734453361532,0.001383081797067272,0.0013981486174824535,0.0008840942301402953,0.00041260710584111333,0.0012486229133156074,0.9946734453361532
2557,2,2,0.9976739256017381,0.00027509065607708786,0.9976739256017381,0.0005788695980294749,0.00040230937757734753,0.0004917119497810231,0.0005780928167970262
2558,2,2,0.9952297152184065,0.0005220810386392879,0.9952297152184065,0.0018922737688338586,0.0002488333833676197,0.0009908770385618217,0.0011162195521908478
2563,3,3,0.997921416183535,0.0002971586908675267,0.0003577312932481294,0.997921416183535,0.0005160946760124239,0.00044561222045612554,0.00046198693588078
2565,5,5,0.9966393033397023,0.0006777107251786246,0.0006941958340952576,0.0005030212602397032,0.00041749639038297974,0.9966393033397023,0.0010682724504011264
2568,3,3,0.9980645868730383,0.0003098821857538368,0.00040956168814499896,0.9980645868730383,0.00047097524563519024,0.0003409203115721915,0.00040407369585548106
2570,6,6,0.9944187763042409,0.0014563875684497798,0.0014845287582564734,0.0008593756219533523,0.00043220156681062356,0.001348730180288824,0.9944187763042409
2573,4,4,0.9980118839342351,0.00045125838011870773,0.0003494553000008776,0.0004965330871421705,0.9980118839342351,0.0003698645950940197,0.00032100470340907177
2575,6,6,0.9947091446106618,0.0013151413434358637,0.0013977982018667024,0.0009052995687997825,0.00040897788562750713,0.0012636383896082622,0.9947091446106618
2576,2,2,0.997845643417313,0.0003014020020664834,0.997845643417313,0.0003673651057843169,0.00030120287365975607,0.0005580730468179724,0.0006263135543584928
2577,2,2,0.9965819853644142,0.0003246903114945895,0.9965819853644142,0.0013072646868629437,0.0004377890496710962,0.0006745062512066639,0.0006737643363504476
2580,6,6,0.9944112933385134,0.001337278173552391,0.0015261523714374984,0.0008966885539989091,0.00039958144917465,0.0014290061133231144,0.9944112933385134
2581,4,4,0.997959364576938,0.0005454336583235615,0.0003598199652667091,0.0004640328647621143,0.997959364576938,0.00036830189821169753,0.0003030470364979265
2583,3,3,0.9980175405685615,0.00037549261132803155,0.0004145794045270172,0.9980175405685615,0.0005124220578632669,0.00032946184797112807,0.0003505035097491031
2584,1,1,0.9982580678780764,0.9982580678780764,0.00025020828307467376,0.00037588984468510525,0.0004807259886839666,0.0002790926453893648,0.0003560153600905972
2585,5,5,0.9965991429749191,0.000687509720535723,0.0006901084015707428,0.0004725671921795446,0.000426244167503252,0.9965991429749191,0.0011244275432916047
2588,1,1,0.9983703731080921,0.9983703731080921,0.00020231648042640094,0.000338534355607046,0.00042988393650656516,0.0002461330787907521,0.0004127590405772509
2589,1,1,0.9983843482067308,0.9983843482067308,0.0002078116256779347,0.00032585037319713046,0.0004286348155918074,0.0002919870521512585,0.0003613679266510746
2590,5,5,0.9791233354925667,0.000713744070890064,0.0024492372296777984,0.0015236468465497264,0.0007018293121717464,0.9791233354925667,0.015488207048144012
2591,4,4,0.9980616708940085,0.00045310613605301927,0.00034410504912570067,0.00044010237057690607,0.9980616708940085,0.0003920953425004299,0.0003089202077354256
2592,5,5,0.9969615269145121,0.00041319866137248253,0.0007959977317653991,0.0004487892697229582,0.00047804953305975837,0.9969615269145121,0.0009024378895673062
2594,5,5,0.9939486050430405,0.0006156796751836601,0.0008433327534020492,0.0006280755789786483,0.000600209068035166,0.9939486050430405,0.0033640978813599992
2597,4,4,0.9980630435153138,0.0004802556434546653,0.00032252571469409627,0.00044948826667020843,0.9980630435153138,0.00036536582620267814,0.00031932103366457266
2598,4,4,0.9979716689882178,0.0003955928956030547,0.0002882094284835835,0.000529033224693937,0.9979716689882178,0.00041595911496315145,0.0003995363480385638
2599,4,4,0.9980331493160065,0.00042121149085558155,0.00035090882794888066,0.00048784910823499903,0.9980331493160065,0.00038202003824378065,0.0003248612187102729
2600,4,4,0.9980415192960196,0.00038557986017764655,0.0003521355423622492,0.0004898380181679795,0.9980415192960196,0.00037229052720612256,0.00035863675606643744
2601,4,4,0.9976299279996818,0.0006828308427808698,0.00043207053970599127,0.00044367208377330447,0.9976299279996818,0.0004969614326858266,0.00031453710137223763
2602,1,1,0.9983272897540038,0.9983272897540038,0.0002157462498522976,0.0003652524954829375,0.00040198758657898853,0.0002759789318630868,0.0004137449822190683
2603,1,1,0.9982320979062018,0.9982320979062018,0.0002386599883005686,0.00035242944080936413,0.00046643697721067016,0.00036487490849068384,0.000345500778986944
2604,5,5,0.9966201987005148,0.0005111108289811599,0.0006232889846445184,0.0005421553034906289,0.00048235909607452114,0.9966201987005148,0.001220887086294425
2605,5,5,0.9966428296120139,0.00043596833782544786,0.000861875656068588,0.0004370823451456559,0.0004581807014083641,0.9966428296120139,0.0011640633475381052
2606,1,1,0.9983012703259597,0.9983012703259597,0.00018723824228547619,0.00032182928494672885,0.0005566438791507355,0.00027604674762325443,0.00035697152003408267
2608,3,3,0.9980197169213989,0.0003506112337696066,0.0004144740031561562,0.9980197169213989,0.0004826593026396929,0.00039312497517321335,0.00033941356386241693
2609,1,1,0.9983122959951263,0.9983122959951263,0.00019168058943469426,0.0003561002303920929,0.0004590758170718904,0.0002582637693051318,0.00042258359866986865
2610,5,5,0.9957029850159154,0.00041580148357814485,0.002127773007631618,0.0003370837466310946,0.00041667817821321293,0.9957029850159154,0.0009996785680305652
2611,4,4,0.9979713682300603,0.0004367885175509824,0.0003138227659819197,0.0005989624261262381,0.9979713682300603,0.0003567916326946478,0.00032226642758588324
2612,5,5,0.9960309319269719,0.0004297601755757907,0.0006144683239765414,0.0008943416272003409,0.0005695468551575352,0.9960309319269719,0.0014609510911179169
2613,2,2,0.9976570308906725,0.0003854033596972865,0.9976570308906725,0.0005171390212621086,0.00037924391251448056,0.0004299848386929232,0.0006311979771607227
2614,4,4,0.9980726280698919,0.0004189665794757473,0.00034657743660776176,0.00044661452002473325,0.9980726280698919,0.00038620279669310465,0.00032901059730672304
2618,5,5,0.9967611984707788,0.0004461632008297863,0.00108360435302213,0.0005530508658139122,0.0003311418005854686,0.9967611984707788,0.0008248413089698499
2619,2,2,0.9974482472563287,0.00017918265131195528,0.9974482472563287,0.0004475473484200976,0.00028852292527877524,0.0009588112422215645,0.0006776885764388922
2621,1,1,0.9976762156498177,0.9976762156498177,0.0003316557154809833,0.0004423687685733482,0.0006791171996501713,0.0004821449792858546,0.00038849768719191363
2622,2,2,0.9978429847149307,0.00031737760689076657,0.9978429847149307,0.0003788719316608907,0.00030790026504737365,0.0005626427934779065,0.000590222687992351
2623,3,3,0.9980601976550495,0.00030672743233845705,0.0003891115313409634,0.9980601976550495,0.0004515831090722256,0.00038259789015679743,0.00040978238204200483
2624,3,3,0.998006410998108,0.00031705052482526336,0.00042331556644238443,0.998006410998108,0.000511907859853703,0.0003314451339589355,0.0004098699168117653
2625,1,1,0.9981666399406413,0.9981666399406413,0.0002484086631428422,0.00040202256323208606,0.0004724414402657895,0.0002590064454906529,0.00045148094722732813
2627,2,2,0.9977433759096581,0.00033132396429947774,0.9977433759096581,0.0005363608344180719,0.0003945195199291363,0.00047913464837129056,0.000515285123324013
2628,3,3,0.9979869549591395,0.0003173598513659446,0.0003819353458044932,0.9979869549591395,0.00046067119313566697,0.0004597605051383078,0.0003933181454161119
2629,2,2,0.9976390700431739,0.000228964131062978,0.9976390700431739,0.0003992784622391146,0.00023783970698725265,0.0008417025335010149,0.0006531451230358731
2631,3,3,0.998029929389483,0.00034075099657279034,0.00039372313620833076,0.998029929389483,0.00048332986510579706,0.00038487219639241754,0.00036739441623770684
2633,3,3,0.9979301679728297,0.0004356797139337429,0.0004112139572378555,0.9979301679728297,0.00046940930716498513,0.0004192017072244528,0.0003343273416092047
2634,4,4,0.9980536460236719,0.0003934231841765786,0.0003296623393162123,0.0005520312565401626,0.9980536460236719,0.00035219036246845884,0.0003190468338267079
2636,2,2,0.9975917569529995,0.00024187268569005515,0.9975917569529995,0.0003627384372011164,0.0002467022330580367,0.0010479240599154608,0.0005090056311357866
2637,1,1,0.9983901839082557,0.9983901839082557,0.00021301627271161835,0.00028729307416083897,0.00034431140625196314,0.00030792812622595364,0.0004572672123936986
2639,6,6,0.994589486271198,0.0014225037850547962,0.0014353754784388513,0.0009164264545668906,0.000407955071997263,0.0012282529387442232,0.994589486271198
2640,2,2,0.9973620543918824,0.00028353512685448673,0.9973620543918824,0.00039626319450736236,0.00024914234538809903,0.001207460155993725,0.000501544785373968
2641,2,2,0.9973565669787658,0.00044792100405431883,0.9973565669787658,0.0006137009680144345,0.0004070535785987993,0.0006430490969943284,0.0005317083735723489
2642,2,2,0.9977787954228574,0.0003275055373433963,0.9977787954228574,0.0004380243607596072,0.0003353597295659882,0.0004682932455160603,0.0006520217039575794
2643,2,5,0.7652526743721378,0.0006819594637747869,0.229982085464878,0.00091549140083087,0.000761761587374634,0.7652526743721378,0.002406027711003978
2644,5,5,0.9956333971054867,0.0003551057347659459,0.0014317368795875125,0.0006897572955765983,0.00028158069191245715,0.9956333971054867,0.001608422292670792
2646,1,1,0.9983630475819059,0.9983630475819059,0.00022765569925803508,0.0003395911960598578,0.0004267229977574623,0.0002665537678476576,0.00037642875717092676
2647,2,2,0.9973871664335422,0.00024105494867647712,0.9973871664335422,0.00025600987823802963,0.00025801041720766943,0.0012476062766188865,0.0006101520457168218
2648,6,6,0.9943199264787362,0.0015793480149109023,0.0015026515045896247,0.0008628565794572041,0.00040757819517759877,0.001327639227128428,0.9943199264787362
2649,4,4,0.998030244055108,0.00047322412078651144,0.00027290286345713473,0.0005388450220003044,0.998030244055108,0.00034406437728336405,0.00034071956136464895
2650,2,2,0.9955059430741207,0.00032764507804634944,0.9955059430741207,0.0004520396242061181,0.0003594707864890458,0.0025490087351883483,0.0008058927019494543
2651,3,3,0.9980113144114117,0.0003496648151185356,0.00040907006739550344,0.9980113144114117,0.0004906170474190888,0.0004097478373745819,0.0003295858212806774
2652,6,6,0.9941392309733658,0.0013809931039994205,0.0013326249807269807,0.0009164327393408657,0.00037934163929748485,0.0018513765632694659,0.9941392309733658
2653,1,1,0.9983156833886977,0.9983156833886977,0.00021412728698852162,0.00033765945453029554,0.00039541439796929426,0.00025984702682246857,0.0004772684449915544
2654,2,2,0.9977932197600148,0.00028098145308054137,0.9977932197600148,0.00037030742626445896,0.00030803794608000074,0.0006326543656783944,0.000614799048881887
2655,4,4,0.998078363735973,0.00045235383486889977,0.0003201391629080944,0.0004607713893748178,0.998078363735973,0.00035009788622722274,0.0003382739906479979
2656,4,4,0.9980523307711066,0.00039647960860096084,0.00033572719775948264,0.0004676594559427637,0.9980523307711066,0.0003928389523430799,0.00035496401424722025
2657,3,3,0.9980389293408822,0.00030370163758271874,0.00038953878554077943,0.9980389293408822,0.00045088343080264764,0.0003901617239164898,0.0004267850812751267
2659,2,2,0.9977965475711446,0.000254025163258419,0.9977965475711446,0.0003455089626963606,0.0002696031942869316,0.0008302684219566737,0.0005040466866570953
2660,5,5,0.996792239623654,0.0004358657325066136,0.0007225349702765512,0.0006086693651765087,0.00047551662055532327,0.996792239623654,0.0009651736878309948
2662,3,3,0.9980574241797535,0.00031705555712121386,0.0003781695555963402,0.9980574241797535,0.0005011019525545428,0.00037505096375021145,0.00037119779122397477
2665,3,3,0.9980146381507135,0.0003256579445481471,0.0004003907946557323,0.9980146381507135,0.0004490998999918771,0.00047427753814589357,0.0003359356719448545
2667,5,5,0.9966121300873396,0.0004906368550869777,0.001026634591009206,0.00044737502981258146,0.0004473628644114689,0.9966121300873396,0.0009758605723401779
2668,6,6,0.994714813565728,0.0013318531210280964,0.0014081998037879088,0.0009363771110828308,0.00040672987929886347,0.0012020265190743258,0.994714813565728
2669,5,5,0.99697725690547,0.00038034892682520195,0.0007135107051674215,0.0005331512907589592,0.0005028586838195559,0.99697725690547,0.0008928734879588791
2670,2,2,0.9977219969410461,0.0003548930494660764,0.9977219969410461,0.0005421881942754866,0.00034346132648939166,0.0005139874549186321,0.0005234730338041133
2671,1,1,0.9981662951461455,0.9981662951461455,0.0002094085570127249,0.0004332285746306623,0.0005457653490005522,0.0002800723976956173,0.00036522997551506457
2672,3,3,0.9979615587032253,0.00034588064437335336,0.0004563826831902496,0.9979615587032253,0.0005172580908056905,0.0004057143094422238,0.00031320556896316125
2673,3,3,0.9980189156308789,0.00035037281408508634,0.0004024929980419408,0.9980189156308789,0.0004362783229668554,0.0004083721169340138,0.00038356811709322166
2675,5,5,0.9970689895329579,0.0004619329662962303,0.0006442421703174835,0.0005462254822041786,0.0004323043376865257,0.9970689895329579,0.0008463055105377474
2677,4,4,0.9980191988967441,0.000431945335274236,0.00029829918055459425,0.0005411965433675426,0.9980191988967441,0.0003152921792296799,0.0003940678648299167
2678,2,2,0.997685608235457,0.0003182325052398709,0.997685608235457,0.0005355023034992043,0.0002978441940067084,0.0006742143687455625,0.0004885983930516018
2679,5,5,0.9967259268414264,0.0006530410093443383,0.0006845422972541579,0.0004923365826649762,0.0004666537325983193,0.9967259268414264,0.0009774995367118344
2682,1,1,0.9983544820013767,0.9983544820013767,0.00020958950275612516,0.00028522930490698217,0.0003009891152714565,0.0004081387301611072,0.00044157134552767904
2683,3,3,0.9979478992478851,0.0004272337946297156,0.0004155170578255111,0.9979478992478851,0.0004995843184327683,0.00036540349092008294,0.00034436209030681126
2685,6,6,0.9940313515469416,0.001574766327761507,0.0014923286817592428,0.0008860734362513746,0.0003921632525194914,0.0016233167547668678,0.9940313515469416
2686,3,3,0.9980393857581534,0.00030523604345888673,0.00042222197045404923,0.9980393857581534,0.0004855413674884604,0.0003810985215461658,0.00036651633889899686
2687,1,1,0.998389934055762,0.998389934055762,0.00019002495783725424,0.0003009122661957031,0.0004085944570985978,0.00031298520415156593,0.0003975490589548228
2688,4,4,0.9980375231415337,0.0004143549329193827,0.0003199343938283357,0.0005449284250466747,0.9980375231415337,0.0003484803622365113,0.00033477874443542556
2689,4,4,0.9979992949571409,0.0004934824748011549,0.0003291169748575888,0.000488860903287913,0.9979992949571409,0.00036374139189141044,0.00032550329802100804
2693,1,1,0.998400097479666,0.998400097479666,0.00020334461064647219,0.0003076949047836712,0.0004449373858894076,0.00025712129776233743,0.0003868043212521685
2694,1,1,0.9983512334446439,0.9983512334446439,0.00021649776689083766,0.00031252718135466495,0.0004288863929928202,0.0002737095975710489,0.00041714561654683616
2695,2,2,0.9975770128031441,0.0003459921163124975,0.9975770128031441,0.00043775101136939745,0.0003403822081363383,0.0004627968044716919,0.0008360650565659048
2700,6,6,0.9946370634020096,0.0013596067319192801,0.0014159133301356924,0.0008677670190713221,0.0003974342218358574,0.0013222152950281571,0.9946370634020096
2701,6,6,0.9947371215682177,0.0013356256973135398,0.001368969956970246,0.000918737235586319,0.000402509422776368,0.001237036119135825,0.9947371215682177
2703,4,4,0.9980378570366986,0.00044623411842722213,0.0003310309885210689,0.0004851233882361373,0.9980378570366986,0.00038625600719681836,0.0003134984609202546
2704,3,3,0.9979245730941265,0.00030363412432355167,0.00037704487007011035,0.9979245730941265,0.0005293559552053529,0.000359056025172414,0.0005063359311021907
2706,5,5,0.9967366520020201,0.0005824382336373576,0.0006864893820516263,0.0005175774327926317,0.0004308066266470314,0.9967366520020201,0.0010460363228512732
2707,6,6,0.9944973447034076,0.0014712995408183523,0.0014764772285985408,0.0008721236248755535,0.00042083285501734355,0.0012619220472826845,0.9944973447034076
2708,5,5,0.9952022575748055,0.0007427184853267056,0.0011223097751633874,0.0004787884317983791,0.0005261298844148579,0.9952022575748055,0.0019277958484911273
2711,4,4,0.998024332967827,0.00045100048512571956,0.0002872387431960232,0.0005061907541664989,0.998024332967827,0.0003763940009534519,0.00035484304873135606
2713,4,4,0.9981291280782034,0.0004404411559087736,0.00030621230294525974,0.00044625534487388276,0.9981291280782034,0.00034531627003756693,0.00033264684803113276
2714,1,1,0.9982644129252691,0.9982644129252691,0.00022134559988417122,0.00039624987192072794,0.0004604660717813699,0.00023650320828613088,0.00042102232285842425
2717,1,1,0.9982749460664085,0.9982749460664085,0.00019740260471121104,0.0003321602971998224,0.0005247296146976118,0.00028872571567813306,0.0003820357013044887
2718,5,5,0.9897954623803756,0.0007919415970698102,0.0009729887985485433,0.0008849368990071358,0.0006091878050504253,0.9897954623803756,0.006945482519948452
2719,4,4,0.9980551897612082,0.00048177417139102407,0.00033205552670029996,0.00044252538240880095,0.9980551897612082,0.0003708277404161433,0.00031762741787546287
2720,4,4,0.9980450872963608,0.00047054851913877726,0.00033784552957710355,0.000473360007369786,0.9980450872963608,0.0003517848673881024,0.0003213737801654674
2721,3,3,0.9979369309387034,0.0003730255133662783,0.0004479686511579317,0.9979369309387034,0.0005824570819268429,0.00030529325592337894,0.00035432455892214825
2723,5,5,0.9957184486759664,0.0010988463503407717,0.0006302295553434146,0.0005582252214958527,0.0004427525402560802,0.9957184486759664,0.0015514976565974981
2724,2,5,0.9907368212175228,0.00034749517991414285,0.007248336732155281,0.0003201017805042353,0.0003310793383273236,0.9907368212175228,0.0010161657515761406
2725,6,6,0.9946931826644028,0.0013113255357639273,0.0014100907777291718,0.0009079644468037131,0.00040533578378325525,0.0012721007915171558,0.9946931826644028
2726,4,4,0.9980572913763326,0.0004290145235945175,0.0003338973862716521,0.0004643506768979631,0.9980572913763326,0.00035471064107576425,0.00036073539582763656
2728,5,5,0.9957095050760152,0.0006671384684583313,0.0005710202776298579,0.0005308895310275042,0.0006423215748522648,0.9957095050760152,0.001879125072016844
2730,2,2,0.9968139161657533,0.0006065157716961262,0.9968139161657533,0.0006314111291431502,0.0004756550885895559,0.0005599671651877464,0.0009125346796301473
2731,3,3,0.9980342011408596,0.000324551256054436,0.00042760579738656456,0.9980342011408596,0.0004987639368211027,0.00037894919765259384,0.0003359286712257351
2732,3,3,0.997920557800416,0.00037009606048815565,0.00039953455545007325,0.997920557800416,0.0005844765022337264,0.00036129651748145395,0.00036403856393066645
2733,5,5,0.9967180998645029,0.0005044718228497378,0.0006170378710678059,0.0004405164179195279,0.0005409516695680692,0.9967180998645029,0.0011789223540919636
2734,2,2,0.9976196803812197,0.00025450216864524977,0.9976196803812197,0.0003707362890765607,0.0002636996774865574,0.0007813029160384085,0.0007100785675335793
2735,4,4,0.997855527873505,0.0005018878946377814,0.00042527418220880296,0.00048179999342564235,0.997855527873505,0.00042737414008288665,0.00030813591614001955
2736,4,4,0.9972446942131188,0.0008443849910736057,0.0004174592814839018,0.0005297785860010145,0.9972446942131188,0.0005321045058733628,0.0004315784224492954
2737,6,6,0.994678489208746,0.001291548357064791,0.0014123188915124254,0.0009267806232819982,0.0003926289468673027,0.0012982339725275084,0.994678489208746
2738,4,4,0.9980027705517124,0.00044549876358505094,0.00033284493015615804,0.00045225120192048313,0.9980027705517124,0.0004162423399103061,0.0003503922127156757
2739,5,5,0.9965629202599214,0.0005263789324410244,0.000646366344663872,0.0004888199727423728,0.0006491750389882182,0.9965629202599214,0.0011263394512431306
2740,2,2,0.9977095941425015,0.00037719814308410324,0.9977095941425015,0.0005217306700426969,0.00037106681025011,0.00044898425158670544,0.0005714259825348504
2741,2,2,0.9977827880757687,0.0003458652136956032,0.9977827880757687,0.0004490662636443887,0.00037485623832311153,0.00046747141000200854,0.000579952798566241
2743,1,1,0.998128900442111,0.998128900442111,0.0002134759890449264,0.0004052088566941357,0.0005844923723161313,0.0002947261234266727,0.0003731962164071369
2744,3,3,0.998032620572601,0.0003392480399881854,0.0004172575389937828,0.998032620572601,0.00047142235723071895,0.00039551933524709787,0.0003439321559391924
2745,5,5,0.9964898566804818,0.0005303723917579688,0.0006390849810900716,0.000510463799443119,0.0005023469154762716,0.9964898566804818,0.0013278752317507322
2746,4,4,0.9979882534814559,0.0005784923148629956,0.0003145603788715154,0.0004514764720165736,0.9979882534814559,0.00036854111745780955,0.0002986762353352301
2747,5,5,0.9968641278356076,0.0004232191623753202,0.0006173863951352358,0.0005771660054768801,0.00042617093120827636,0.9968641278356076,0.00109192967019664
2749,4,4,0.9980062696796548,0.00044714224673381294,0.0003758283667880345,0.0004884551092954282,0.9980062696796548,0.00037862795184472666,0.00030367664568321063
2751,4,4,0.9980962679333165,0.0004192662809855515,0.0003156540854278147,0.00045512182106450166,0.9980962679333165,0.00035231629635992177,0.0003613735828457449
2752,3,3,0.9979927006191998,0.00029665891408587805,0.00039455829812399065,0.9979927006191998,0.0005046243646642961,0.0004314922837713096,0.00037996552015485464
2753,3,3,0.9979881559474092,0.0003756076365120156,0.00043953122715869697,0.9979881559474092,0.0005012664718387936,0.00032122122493623317,0.0003742174921450845
2754,6,6,0.9945830289430286,0.0012712638762498736,0.0014599923136158315,0.001042919073682033,0.0004103161456898246,0.0012324796477338259,0.9945830289430286
2756,1,1,0.9982261674524664,0.9982261674524664,0.0002245997885996841,0.00037223478386962317,0.0005097282432040588,0.00024710265341165504,0.00042016707844864736
2757,6,6,0.9944159819333719,0.0014126768566598625,0.0014964261542057115,0.0009558331062498996,0.000433830508039181,0.0012852514414734156,0.9944159819333719
2758,3,3,0.998019143825188,0.00033907298723123664,0.0003604123215802464,0.998019143825188,0.0005026969217163164,0.00037168600960688905,0.00040698793467739585
2760,4,4,0.9980068073492995,0.0005317793304770634,0.00033956568651339513,0.0004663930690406998,0.9980068073492995,0.0003522795192963132,0.00030317504537313546
2763,5,5,0.9953544207938333,0.00047017992213636996,0.0006662067071464431,0.0007969691123373266,0.0005933898541682464,0.9953544207938333,0.0021188336103783777
2764,4,4,0.997960394783422,0.0005892917785551194,0.0003387361289514188,0.00045621593111475967,0.997960394783422,0.00035914632645284687,0.00029621505150381305
2765,1,1,0.9983659543102861,0.9983659543102861,0.00019590257159124406,0.00031461823293420953,0.00045167405167671613,0.0002356502992013029,0.000436200534310599
2767,1,1,0.9982709853874235,0.9982709853874235,0.00018354130523147314,0.0003440449815218649,0.0005529930836187009,0.0003017315678883993,0.00034670367431606383
2768,2,2,0.9975964183400096,0.00024617436555737245,0.9975964183400096,0.0003839298930799944,0.0003092957992485266,0.0009284778853472978,0.0005357037167572586
2769,4,4,0.9979664965996679,0.00044516001128569325,0.0003419891765513946,0.000539241923780587,0.9979664965996679,0.00037917944692498356,0.0003279328417894565
2770,2,2,0.9975640600011075,0.00022137010433681987,0.9975640600011075,0.00035179545490101504,0.00023716523306376207,0.0011132329042805973,0.0005123763023102302
2771,2,2,0.9976996611608657,0.00032218914751937477,0.9976996611608657,0.00045571542393289523,0.0003511361660506604,0.00046473109196479864,0.0007065670096665932
2772,4,4,0.9979795482071757,0.0004827812206489254,0.00030650413560715255,0.00045519925621208377,0.9979795482071757,0.00039614795747289894,0.00037981922288321535
2773,4,4,0.9980852528096803,0.00041388816002218496,0.00032477004905333214,0.0005025526586929849,0.9980852528096803,0.0003528892676082877,0.00032064705494299766
2776,2,2,0.9964363707990378,0.000547736359284807,0.9964363707990378,0.0006013350154949737,0.00041504007776598553,0.0012212114973266031,0.0007783062510898328
2778,5,5,0.9967987940052037,0.0006016277136240174,0.0006394617634235453,0.0005110181143185223,0.0004530451443519752,0.9967987940052037,0.0009960532590782363
2779,6,6,0.9936150675633842,0.0012866275389679996,0.0016552907786985516,0.0017285732951448317,0.0003468807680672688,0.0013675600557371342,0.9936150675633842
2781,2,2,0.997833337378097,0.00034504869030710426,0.997833337378097,0.0003692208511024053,0.0003557505777751324,0.0005265585679337816,0.0005700839347846099
2783,6,6,0.9943800847564824,0.0013092854427566975,0.0016114626066249897,0.0008267172611363768,0.00035432994894142236,0.0015181199840580714,0.9943800847564824
2784,1,1,0.9983891718989726,0.9983891718989726,0.00019478209477543192,0.00031184057311370176,0.00043381444126509226,0.0002665536429097722,0.00040383734896344683
2785,2,2,0.997333984233116,0.0003893293539953874,0.997333984233116,0.0004233197169309234,0.00039923650141879437,0.0008705556807018625,0.0005835745138370453
2786,5,5,0.9964798129963868,0.0006040517496096035,0.0005648452809633511,0.0006111960415214153,0.0005072018849000405,0.9964798129963868,0.0012328920466188045
2788,1,1,0.998264291330078,0.998264291330078,0.00020509713124484345,0.0003627800172216472,0.00044318389213193515,0.0002610452165578008,0.0004636024127657692
2789,1,1,0.9981927881496654,0.9981927881496654,0.00021018702175475745,0.0003734200216840952,0.0005805896603377205,0.0002336644401210698,0.00040935070643697034
2792,1,1,0.998299539859143,0.998299539859143,0.00018288540027705207,0.00030579994223382383,0.00047310290428976377,0.0002611741949490131,0.0004774976991074419
2793,6,6,0.9946446771927442,0.001308592664906844,0.0014220150692521823,0.0009424841016830936,0.0004075346077208006,0.001274696363692916,0.9946446771927442
2794,1,1,0.9983131201725355,0.9983131201725355,0.00020279319208133445,0.0003116794473742606,0.00044332901471716933,0.00034029406958486374,0.0003887841037066132
2795,4,4,0.9981063377550851,0.00041727204768089043,0.0003382746108134316,0.00043543007477809853,0.9981063377550851,0.00036843625200893925,0.0003342492596336609
2796,3,3,0.997991152444848,0.00035252266013702536,0.0003953788049590137,0.997991152444848,0.0005277421749926859,0.0003842620445204815,0.0003489418705427001
2797,2,2,0.9965317214821707,0.00019614535481610792,0.9965317214821707,0.0003539025559618557,0.0002389021095769367,0.002077982396657644,0.0006013461008165489
2799,3,3,0.998037722464776,0.00034584903005176556,0.0003787308819321755,0.998037722464776,0.0005186334974668524,0.0003631617902041488,0.000355902335569142
2800,4,4,0.9979572409884933,0.0005223242434547806,0.0003245754475731872,0.0004955707184296902,0.9979572409884933,0.00036150975575868104,0.00033877884629036106
2802,4,4,0.9979585797778733,0.00037614406037845047,0.0003209902913508998,0.0005375648243137908,0.9979585797778733,0.00043288238751692214,0.00037383865856670674
2803,4,4,0.9980215653352297,0.00046680557426943104,0.0003553971340783779,0.0004683011036453938,0.9980215653352297,0.000377532924619961,0.00031039792815715364
2805,4,4,0.9980458513509866,0.000433555301711785,0.0003605096022093138,0.00047003177450690006,0.9980458513509866,0.00038938508543674016,0.00030066688514868644
2807,6,6,0.9943091013812659,0.001398731885324383,0.0014890474771313083,0.0008875170324516456,0.00045970505844560055,0.0014558971653811285,0.9943091013812659
2808,2,2,0.9978879133235018,0.00025841063977305776,0.9978879133235018,0.000380110650176669,0.00028253445280536024,0.0006366310836914519,0.0005543998500516346
2810,4,4,0.9980539935721559,0.00040074183288763904,0.0002969626992869203,0.0004833604160948981,0.9980539935721559,0.00038393585566649704,0.0003810056239082309
2811,5,5,0.9963993891976125,0.00042287663506151773,0.0013300231905864959,0.0003442168601236512,0.0004694278093658111,0.9963993891976125,0.0010340663072499997
2812,6,6,0.9944037890998723,0.0014424752283654604,0.0014851705506165392,0.0010258515380791803,0.000407208280336199,0.0012355053027304,0.9944037890998723
2813,6,6,0.9947278946265696,0.0013428403561438426,0.0013692372971410385,0.0009377370447656048,0.00041946116204949913,0.001202829513330361,0.9947278946265696
2815,3,3,0.9979536186567095,0.0003601446971875625,0.0004216644009730286,0.9979536186567095,0.0004350884840970496,0.0003512448043508253,0.000478238956682113
2816,1,1,0.9983180158448557,0.9983180158448557,0.0002552865617408064,0.00034257325137617605,0.00039384316719298456,0.0002813682488678281,0.0004089129259665986
2817,4,4,0.9979817579732644,0.00043187062175851566,0.00035463645032461253,0.0005033727357414608,0.9979817579732644,0.00039752088505932845,0.00033084133385177355
2818,1,1,0.9983658776974889,0.9983658776974889,0.00021323791377465817,0.0003355500134816976,0.0003865745900806728,0.00027464550077353214,0.00042411428440062687
2821,6,6,0.994453122456855,0.0013659569534474408,0.0014750970150880312,0.0008364249288511244,0.00038720367215244245,0.0014821949736059377,0.994453122456855
2823,1,1,0.9984110527544481,0.9984110527544481,0.00022443325575526157,0.0003252747388858511,0.0003448930196861152,0.00028343463594143113,0.00041091159528331355
2825,3,3,0.9978456279093497,0.0003784825302357675,0.0004508296453110797,0.9978456279093497,0.00045808927551770334,0.0005480645221077006,0.00031890611747808015
2827,2,2,0.9963717465852007,0.0002339360945686596,0.9963717465852007,0.00033741132955978986,0.00023885921121980837,0.002305584728062983,0.0005124620513881184
2828,4,4,0.9979936617941132,0.0003884134461025,0.00028974727443678577,0.0006148043620989167,0.9979936617941132,0.00032980761837778176,0.00038356550487078693
2829,5,5,0.9958620574562965,0.0006964277478691241,0.0005819563233024725,0.0005671991671161305,0.000552817566776977,0.9958620574562965,0.001739541738638784
2830,5,5,0.9965554384132987,0.0005767033964442592,0.0005664309085407246,0.0004897766003044844,0.0005514552998862964,0.9965554384132987,0.001260195381525504
2831,5,5,0.996879381141937,0.0004866567819617645,0.0006686609403176425,0.0004916981185816631,0.0006062163993478374,0.996879381141937,0.0008673866178541696
2833,2,2,0.9978149356865584,0.00033502230826339835,0.9978149356865584,0.0004468344699105745,0.00034131301492124424,0.00045718225118941317,0.0006047122691569702
2834,1,1,0.9984015329291255,0.9984015329291255,0.0002008773730838008,0.0003154060325675298,0.00042425564666473533,0.0002588744863961642,0.00039905353216231076
2835,3,3,0.9979804171571479,0.0003032425015102244,0.00041446695159729223,0.9979804171571479,0.0004590302129833549,0.0004678447737102647,0.00037499840305099284
2836,1,1,0.9983507711208656,0.9983507711208656,0.00021456777856406728,0.0003264916989588371,0.00043053894387723733,0.00023345907551227524,0.00044417138222205206
2837,5,5,0.9962739000368218,0.00039869330654196075,0.0017731586187902004,0.00031407692520196815,0.00032823387100566515,0.9962739000368218,0.0009119372416384385
2839,2,2,0.9977760458848991,0.0003148797116513681,0.9977760458848991,0.0003709241696188421,0.0003224200772235618,0.0005613836438257034,0.0006543465127814118
2840,5,5,0.9906943155787263,0.0005149294318434488,0.000900509504500959,0.004969691548242318,0.0004345989573446241,0.9906943155787263,0.002485954979342391
2842,1,1,0.9982559575062946,0.9982559575062946,0.00022053335756038456,0.0003511627772703863,0.0005348172477644847,0.00026602566816384167,0.0003715034429463465
2843,3,3,0.997960034407133,0.00040604774298529274,0.0003933054755488584,0.997960034407133,0.0005340851775257351,0.00037237729059641603,0.00033414990621053673
2844,6,6,0.9946572849505984,0.0013337232831272523,0.001433102975478324,0.0009115548482467853,0.0003793761096727954,0.0012849578328764807,0.9946572849505984
2845,6,6,0.9946102883537546,0.0012833337258207915,0.001436212651484527,0.0009662933091965012,0.0004221666514096339,0.001281705308333863,0.9946102883537546
2846,3,3,0.9979989437421948,0.00032905127072855564,0.00043992953621193107,0.9979989437421948,0.0005346033410501144,0.0003565620171053098,0.00034091009270928745
2847,3,3,0.9980606506152688,0.0003222541149303647,0.00041949726001650107,0.9980606506152688,0.00048194110030261577,0.0003705911247691628,0.0003450657847125177
2848,3,3,0.9980440385797789,0.00034964426001966604,0.0004442223690059137,0.9980440385797789,0.00045041257927367273,0.0003480725949285985,0.0003636096169932671
2849,6,6,0.9947843314884043,0.0013155255476177904,0.0013463730478789934,0.000938427260977572,0.0004142389374922065,0.001201103717629149,0.9947843314884043
2851,1,1,0.9981830179720148,0.9981830179720148,0.00021302590847479516,0.0003703728095841196,0.0005744959721527239,0.0003305699427756586,0.000328517394997871
2852,2,2,0.9975617326181624,0.0002617830863310208,0.9975617326181624,0.0006201431051057977,0.00029372302812046464,0.0005537610487083294,0.0007088571135719528
2853,1,1,0.9982511811600183,0.9982511811600183,0.00022056174658293084,0.0003223186688498135,0.00045352830143476915,0.0002780156574444518,0.000474394465669806
2854,3,3,0.9979456812190357,0.0003091265832846457,0.00043812980077107894,0.9979456812190357,0.0005914775273330767,0.0002981583105031855,0.0004174265590723524
2856,2,2,0.9969946215259732,0.0002991047891616041,0.9969946215259732,0.0007090698078486153,0.000443527007243011,0.001100629358099419,0.00045304751167415914
2857,6,6,0.9946536941688414,0.0013598188420981066,0.0014278795460840826,0.0009276382554098714,0.000405325289274317,0.0012256438982922017,0.9946536941688414
2858,4,4,0.9980436145216575,0.0004913388196283514,0.000338103200574737,0.00046245615038971715,0.9980436145216575,0.00034772207434522606,0.0003167652334045288
2861,2,2,0.9977578954380115,0.0003274705710543456,0.9977578954380115,0.0004429301434157668,0.0002811846284179992,0.0005620515594468838,0.0006284676596534693
2862,3,3,0.9979610033007066,0.00039430595478159354,0.0004650394939632456,0.9979610033007066,0.0004695268096701517,0.0003889851345084896,0.00032113930636991573
2865,2,2,0.9967862339199913,0.000237101484577988,0.9967862339199913,0.00045611543334382257,0.00024189043255449323,0.001602390660059339,0.0006762680694730292
2867,6,6,0.9944725617038342,0.001396619014109676,0.0015046985330626566,0.0009170963880162685,0.000419372284591486,0.0012896520763856472,0.9944725617038342
2868,2,2,0.9977770939399969,0.00022183755834493234,0.9977770939399969,0.00038338903906014865,0.0002508076255632334,0.0007830528225539193,0.0005838190144809353
2869,1,1,0.9980787017776831,0.9980787017776831,0.00023128052802079616,0.00036420459126503,0.0005245481767550802,0.00027789283544770924,0.000523372090828331
2870,1,1,0.9982393668226806,0.9982393668226806,0.00022621393685194862,0.0002956695358699273,0.00041169636089587506,0.0003618919027658548,0.0004651614409358929
2873,1,1,0.9983988836936168,0.9983988836936168,0.00018842885854451947,0.00025796268554714155,0.000422032219020358,0.0002905906420401724,0.0004421019012309183
2874,2,2,0.9975177282470168,0.0003818850471368004,0.9975177282470168,0.0004019275459677998,0.0003209188946457858,0.0004897761505795781,0.0008877641146533082
2875,1,1,0.998149520066398,0.998149520066398,0.00022413686515285072,0.00036352148376845694,0.0005964845221166578,0.0002904762531012589,0.0003758608094627237
2876,3,3,0.9979915172759511,0.00030725878686791125,0.000424091539712256,0.9979915172759511,0.0005510181407920358,0.0003321508844911657,0.00039396337218560113
2877,1,1,0.9981694933532387,0.9981694933532387,0.00026218978719656544,0.0003677218594644503,0.00047742250177415784,0.0002533823001877021,0.00046979019813843826
2878,3,3,0.9980290495248946,0.00035919020535267893,0.0003889363245808755,0.9980290495248946,0.00045237416884643295,0.0004165737551368203,0.00035387602118864175
2879,3,3,0.9979261697201122,0.0003638411776950286,0.0004644021350874086,0.9979261697201122,0.0005640844768948237,0.0003571224998646831,0.0003243799903460017
2881,1,1,0.9982307549874861,0.9982307549874861,0.00022060163326653368,0.0003386600986596835,0.00045213990524441535,0.0004214351276256442,0.00033640824771760805
2882,2,2,0.9976191680928934,0.0003232775929721635,0.9976191680928934,0.0005627269610805331,0.0003835702787695049,0.0004191881561069336,0.000692068918177525
2886,5,5,0.9966320376905947,0.0005425520347570031,0.0007424772470398298,0.00046568110614888164,0.00044039709527902846,0.9966320376905947,0.0011768548261805348
2887,4,4,0.9980764368414115,0.0004610188470474579,0.0003300643577404969,0.00044561983576163743,0.9980764368414115,0.0003747379515958486,0.0003121221664431309
2888,2,2,0.99777939193391,0.0003377100385673024,0.99777939193391,0.0004953725545317864,0.0003633471653078556,0.0004832792731414935,0.0005408990345416163
2889,4,4,0.9981134832758081,0.00044958321203234305,0.0003177986851338049,0.00042306313312165487,0.9981134832758081,0.00035299161795088955,0.0003430800759533037
2890,2,2,0.9978390895945999,0.0003155342305646626,0.9978390895945999,0.0003619545226057619,0.00033063353148351447,0.0006251854707183546,0.0005276026500277777
2892,4,4,0.9978517595906844,0.0004930861320082041,0.00037785031139759786,0.0005237921255925068,0.9978517595906844,0.00041305325383995,0.0003404585864771632
2895,5,5,0.9963888043591407,0.00044834093352982444,0.0007751924656295289,0.0004169840587843719,0.0005021558084072626,0.9963888043591407,0.0014685223745083428
2896,3,3,0.9979650945912194,0.0003792787438220903,0.000431534257562978,0.9979650945912194,0.0005587838139615026,0.0003471377870686998,0.0003181708063652702
2897,5,5,0.9963706014670752,0.0005258892400736196,0.000650930753625238,0.0004248657481892443,0.0005140138303640938,0.9963706014670752,0.0015136989606725538
2899,2,2,0.9978746471413292,0.00030542619965632535,0.9978746471413292,0.0003450277829321067,0.00030952314599110286,0.0005713120504979646,0.00059406367959329
2902,1,1,0.9983684841757384,0.9983684841757384,0.00020388166872803353,0.0003357077508294136,0.00043354988530134317,0.000296384807140851,0.00036199171226200966
2905,2,2,0.9950841657124941,0.00022939454256763338,0.9950841657124941,0.0003084092641386322,0.00024485382883149645,0.0035092325160437617,0.0006239441359242947
2906,5,5,0.9967441138496441,0.0006605568645421038,0.0008045598758091435,0.0003957647255894528,0.00040080542150049424,0.9967441138496441,0.000994199262914634
2907,3,3,0.9979834534795734,0.0003449594361628418,0.00037138571415987307,0.9979834534795734,0.000484606104543623,0.0003461675943701246,0.0004694276711901453
2908,3,3,0.9979163237295285,0.0003105339762952577,0.00038787754530830433,0.9979163237295285,0.00046686096952239107,0.000557591513713147,0.00036081226563240655
2909,4,4,0.9980763627403584,0.00042482712556675764,0.00034625479288282607,0.0004447044872790818,0.9980763627403584,0.0003570744029639439,0.0003507764509490268
2911,5,5,0.9968798809864434,0.0005422844322640612,0.0005796013078986355,0.0004802695206262633,0.0005567251135930071,0.9968798809864434,0.0009612386391746135
2913,5,5,0.9901928383353764,0.0027913134116123767,0.0008438225478416168,0.0006022573625691501,0.0005266655711266242,0.9901928383353764,0.005043102771473766
2915,1,1,0.9983922704630641,0.9983922704630641,0.00019359265309661281,0.000313071908168719,0.000350728044216897,0.00032193655645659233,0.000428400374997018
2916,3,3,0.9979825146554544,0.00037458959926168177,0.00041373386869743035,0.9979825146554544,0.0005058847642624369,0.0003368089314487542,0.0003864681808753729
2917,1,1,0.9983410910229432,0.9983410910229432,0.00019421421311875068,0.00036332453873875,0.0004417953929509738,0.0002224573562094592,0.0004371174760388766
2918,2,2,0.9978285514071957,0.00032328285796582874,0.9978285514071957,0.00037812754917027443,0.0003192609409137224,0.0005456865879961042,0.0006050906567583385
2922,2,2,0.9977439261338119,0.0003384916975258665,0.9977439261338119,0.00047557225987258835,0.0003743500848219247,0.0005669177896801048,0.0005007420342875744
2923,4,4,0.997981330778301,0.0004258741517641394,0.00032030012729344687,0.00047561213042380493,0.997981330778301,0.0003590247512742646,0.0004378580609434053
2924,3,3,0.997983058325398,0.0003706095010675726,0.0004255766811034606,0.997983058325398,0.0005184637059940756,0.00032953247281050744,0.00037275931362639
2925,1,1,0.9982570121488865,0.9982570121488865,0.00023851803548493192,0.0003851033470030636,0.00045690501383796416,0.0002274629186816316,0.0004349985361060088
2926,6,6,0.9946580413419516,0.0013650700989520398,0.0013881214965586377,0.0009905926302239225,0.00041045492502796784,0.001187719507285865,0.9946580413419516
2927,2,2,0.9977576326501292,0.0002918416340504898,0.9977576326501292,0.0005301398442450287,0.000384091523336126,0.0005307149941534621,0.0005055793540857528
2929,1,1,0.9980937841749701,0.9980937841749701,0.00020614915417587737,0.0003203423112725072,0.00033657162577444363,0.00030577104199222175,0.0007373816918148426
2930,2,2,0.9977476804346546,0.0002876099494512277,0.9977476804346546,0.00030256463200693606,0.00028918178906532605,0.0008602290428538557,0.0005127341519680836
2931,5,5,0.9967813890710941,0.0005281911210117045,0.0007180028765943704,0.0005588480495037531,0.0004604281168747886,0.9967813890710941,0.0009531407649212212
2932,3,3,0.9980753240200054,0.00032453803178569325,0.0003751517796526148,0.9980753240200054,0.00047473901247885937,0.00035100886985256735,0.0003992382862248739
2934,4,4,0.9980442041196667,0.0004486558101586428,0.00034906710555807427,0.00047114532839496575,0.9980442041196667,0.00037076459219065864,0.00031616304403104064
2935,5,5,0.9964737960665419,0.0004032438814901799,0.0007182195751682911,0.0005370156438779245,0.0005603976018213656,0.9964737960665419,0.0013073272311004043
2937,6,6,0.9934428317027792,0.001601482369185184,0.0016029461755271257,0.0009195487317901733,0.0003810972779452786,0.0020520937427730437,0.9934428317027792
2939,4,4,0.998062191970383,0.00048265108420601164,0.0003280137311646053,0.0004174183407899255,0.998062191970383,0.0003694830806313353,0.0003402417928250551
2940,1,1,0.9983343494220766,0.9983343494220766,0.0002024023854319501,0.0003313937635952181,0.0004504888207570338,0.00026232935520290144,0.00041903625293633444
2941,2,2,0.9975880509842391,0.0002634575366990469,0.9975880509842391,0.0003983634971202267,0.0003446672558112915,0.0007376989026581354,0.0006677618234721903
2942,2,2,0.997755609547751,0.0003430026776955076,0.997755609547751,0.00045390081798149425,0.00041889062628040714,0.0004987669056731631,0.0005298294246184565
2944,4,4,0.9980452710195512,0.00047169364170626145,0.0003455455110676408,0.00045752901191985603,0.9980452710195512,0.00037394531832164344,0.0003060154974333433
2945,2,2,0.9977033359163701,0.00028470806521821017,0.9977033359163701,0.000641210446237706,0.0003441161986964834,0.0004564245292654817,0.0005702048442121405
2946,2,2,0.9977672965182581,0.000263761109177867,0.9977672965182581,0.0005069718879283655,0.00035592385681898275,0.0005655898527226477,0.0005404567750940819
2947,4,4,0.9970999157806547,0.0009573307868088306,0.0003088954879852394,0.0005527277383792095,0.9970999157806547,0.0006017018559132177,0.0004794283502587527
2949,6,6,0.9947323184603294,0.0013275979624757875,0.001350514669153978,0.0009459702381634452,0.00040302314458039976,0.0012405755252969735,0.9947323184603294
2950,6,6,0.9943224063467693,0.0015417602645757201,0.0014863433124715786,0.000858422881566182,0.000428613648113217,0.0013624535465040558,0.9943224063467693
2951,4,4,0.9972568585128541,0.0005207330871523914,0.0004259927629790322,0.000593654591440107,0.9972568585128541,0.0007494748579957362,0.00045328618757864257
2952,5,5,0.9963402236595239,0.0005306460971460993,0.0005707102534729962,0.0006476594966815508,0.0005300077919692923,0.9963402236595239,0.0013807527012061397
2953,2,2,0.996598615437894,0.0006421472537242858,0.996598615437894,0.0007840738396722482,0.0005564698196828194,0.0004555949172257296,0.0009630987318009685
2955,4,4,0.9980656977815385,0.0004084944860496767,0.0003332693462404354,0.00045682593901203523,0.9980656977815385,0.00036703110084326655,0.0003686813463160626
2956,5,5,0.9970522589361734,0.0004270402998352949,0.0008056056638946098,0.0004773945864840598,0.00043353752668964953,0.9970522589361734,0.0008041629869230121
2957,1,1,0.9982770627321226,0.9982770627321226,0.0002215756647030322,0.00034018784448608603,0.0004910560069683235,0.0002825753794414853,0.00038754237227850457
2958,4,4,0.9980480296512859,0.0004370179212618357,0.0002863085721313328,0.00046146141263819995,0.9980480296512859,0.00038010366581282503,0.00038707877686990706
2959,6,6,0.9946684621680283,0.0013035083455269331,0.0014453346928107141,0.0009115724008823202,0.0003926744252668634,0.0012784479674848445,0.9946684621680283
2960,5,5,0.9960750464931385,0.0009539443546984898,0.0007929562331259175,0.0004274833278963975,0.0005373628555127229,0.9960750464931385,0.0012132067356279883
2961,2,2,0.9756514423577832,0.00033745965849325246,0.9756514423577832,0.00041474789757482727,0.0002882220370059013,0.022000088447752256,0.001308039601390624
2962,4,4,0.9979255029237729,0.0004828697046334376,0.00040073706667078887,0.0005016032287985001,0.9979255029237729,0.00039322414579715843,0.00029606293032723255
2964,5,4,0.4323391116997641,0.06999308289992237,0.020920404190178765,0.057942179127494844,0.4323391116997641,0.39374638750467505,0.025058834577964872
2967,2,2,0.9976828996541708,0.000404666980917013,0.9976828996541708,0.0005562240094034147,0.000375236810076177,0.00043728902695768933,0.0005436835184749298
2968,4,4,0.9976441970580587,0.00047641279988201404,0.00030057108178995097,0.0008294516597541484,0.9976441970580587,0.0003820631225115963,0.0003673042780036139
2970,2,2,0.9977759393038469,0.000272207742440389,0.9977759393038469,0.00030766855103939563,0.000286003512247363,0.0008321911004146692,0.0005259897900113004
2971,1,1,0.9983592960381426,0.9983592960381426,0.00023006220761572635,0.000287145851385405,0.0003976340944909384,0.0002726410838815557,0.0004532207244837891
2972,2,2,0.997828177671326,0.0002427083218291818,0.997828177671326,0.0004085309108505162,0.000298406250484551,0.0007345453715319216,0.0004876314739778421
2974,4,4,0.9981062039276479,0.0004403000183710473,0.0003301727287488238,0.00042726976830121185,0.9981062039276479,0.00033797453408015136,0.0003580790228509151
2976,4,4,0.998022852151346,0.0005298922441701637,0.00031297637424138524,0.0004641694835361416,0.998022852151346,0.0003459086369330858,0.00032420110977325357
2977,4,4,0.9978955977145381,0.0004782791071490298,0.000380449404208607,0.00044831121309079844,0.9978955977145381,0.00046543739121493135,0.0003319251697985978
2978,3,3,0.9980465437763281,0.0003391049370565372,0.00037421390310589283,0.9980465437763281,0.0004777665154989804,0.0003468537438836149,0.0004155171241268629
2980,6,6,0.994483098633129,0.0013237738183181716,0.001548756449635221,0.0009254783344591227,0.0004082560665562537,0.0013106366979021926,0.994483098633129
2982,5,5,0.9967781762401356,0.0005124687378564697,0.0006916097967396172,0.0004967078497306485,0.00044998953772170384,0.9967781762401356,0.0010710478378159484
2983,5,5,0.9968741988863373,0.0003434546475279321,0.0010982691152444765,0.0004345733260654605,0.00035562167829842337,0.9968741988863373,0.0008938823465264321
2985,6,6,0.9944947023884797,0.0014594903418129333,0.0014537828480237407,0.0009716776800656362,0.0004150229365114708,0.0012053238051065068,0.9944947023884797
2986,3,3,0.9979335339472237,0.00031372108180794414,0.00040788879789553737,0.9979335339472237,0.0005343300434875014,0.00046157046537843307,0.0003489556642068728
2987,2,2,0.9939361070582677,0.0003407327817541916,0.9939361070582677,0.00047735074562491357,0.00034018079844754635,0.004101006746581623,0.000804621869324038
2988,3,3,0.9979988893978923,0.0003169374528180144,0.00040683298563500903,0.9979988893978923,0.0005007995622405333,0.0004095249735265149,0.00036701562788765067
2989,4,4,0.9980575044366188,0.00044349963405418386,0.0003327026073878348,0.00045979015325683546,0.9980575044366188,0.00035002817517557994,0.0003564749935068324
2992,3,3,0.9977888708144462,0.0004683372515419684,0.0004200655236380521,0.9977888708144462,0.000612112846466564,0.0004129827283970658,0.0002976308355101656
2994,3,3,0.9979346697824615,0.00032906678587607687,0.0004190033528035454,0.9979346697824615,0.0004865490630489816,0.0004462220109477701,0.00038448900486211886
2995,1,1,0.99837278077599,0.99837278077599,0.0002096447107142561,0.00031679024292890015,0.0003717975295456288,0.0002895531616003725,0.0004394335792208482
2997,2,2,0.997778683847428,0.00033505153350280514,0.997778683847428,0.00044065386044943967,0.0003543485971845988,0.0004876630992087116,0.0006035990622265474
2998,3,3,0.9979868124922362,0.00034476885951015474,0.0004357505675936348,0.9979868124922362,0.0005090059783373834,0.0003744471092878092,0.0003492149930348113
2999,2,2,0.9974011381432895,0.0003053380485762199,0.9974011381432895,0.00040100593239824,0.0002652506597461153,0.0010059492435394444,0.0006213179724504708
3000,2,2,0.9946812034325406,0.00024647344801951573,0.9946812034325406,0.0003065744819689078,0.0003066581263696265,0.0038892862851635304,0.0005698042259378268
3001,2,2,0.9977446962641022,0.0002936788418458323,0.9977446962641022,0.0004375927165781085,0.0003269563367738074,0.000680774287150949,0.0005163015535490878
3002,2,2,0.9977683592138643,0.00034199140183057157,0.9977683592138643,0.00041012401083390495,0.00031573131091391617,0.000520552423965313,0.0006432416385920128
3005,4,4,0.9979173728397787,0.0004685696127774252,0.00028880101123000064,0.0004738820805695706,0.9979173728397787,0.0003949595340163476,0.0004564149216279511
3007,2,2,0.9975586742302639,0.00027768501573572615,0.9975586742302639,0.0003168517804101085,0.00023716079041610064,0.0008729109904776622,0.0007367171926964793
3008,3,3,0.997936842023944,0.0003566353823231362,0.00039948696506744474,0.997936842023944,0.0005017390943531148,0.0004719904650624895,0.0003333060692498322
3009,3,3,0.997976484906149,0.0002782016535247319,0.0003816473192800091,0.997976484906149,0.000494657376866954,0.0005119044814702986,0.0003571042627090862
3010,1,1,0.9982294545661055,0.9982294545661055,0.0002467975450229651,0.0003961861226144773,0.0004713312151430172,0.0002310127787029109,0.00042521777241120935
3014,1,1,0.9983262478973063,0.9983262478973063,0.000210805360780921,0.00036339758878262677,0.0003514298899009503,0.00026028207657793374,0.000487837186651269
3016,1,1,0.9984036513825574,0.9984036513825574,0.00021743468296046275,0.0002780923214608424,0.00032323297560499996,0.0003300963867151951,0.00044749225070117663
3021,2,2,0.9977809329396626,0.0003384958794455328,0.9977809329396626,0.0004476741926225283,0.0003828468315944333,0.0004528400355974821,0.0005972101210774157
3022,5,5,0.9968244560915192,0.0004251786831689657,0.0007653730794532014,0.00048685997065974943,0.00047758079683137515,0.9968244560915192,0.001020551378367513
3023,4,4,0.9979188368248649,0.0005114110774644256,0.0003422962097195747,0.0004573864264183653,0.9979188368248649,0.0004074329935262237,0.0003626364680064629
3024,3,3,0.9978429045077757,0.000385634396076225,0.0004798361607786259,0.9978429045077757,0.0005909965237036059,0.00038973239001356154,0.00031089602165230214
3026,4,4,0.997964955988718,0.0005405550998668617,0.00033310416946871036,0.0004591925690545464,0.997964955988718,0.00039912350861918516,0.0003030686642726147
3027,3,3,0.9979457389876358,0.00033862959105705715,0.00042434453472247816,0.9979457389876358,0.000601809537935021,0.0003549681033396525,0.0003345092453100125
3028,3,3,0.9978591589246631,0.00043838225193705907,0.00040488595167741055,0.9978591589246631,0.0006009085927819555,0.0003453051661819761,0.0003513591127584747
3029,4,4,0.998019726277972,0.0005074479983560866,0.00034352743988586487,0.0004720242451428892,0.998019726277972,0.0003682356584371389,0.0002890383802060515
3030,3,3,0.9980234752108198,0.00034256982587813165,0.00041372755381651567,0.9980234752108198,0.0005015042086510064,0.0003669580200440032,0.0003517651807905954
3031,5,5,0.9948268024623091,0.000471497192411987,0.0006181574692930339,0.0010494525241144823,0.0006523666337335178,0.9948268024623091,0.0023817237181377967
3032,5,5,0.9966383834229678,0.0005029253490964487,0.0006322220218958427,0.00045759112883966716,0.0005987958662969765,0.9966383834229678,0.0011700822109031765
3034,4,4,0.9980445766776342,0.0005090070019842812,0.00032334142099146407,0.0004462954089875819,0.9980445766776342,0.0003495994489249957,0.0003271800414774716
3035,2,2,0.9870794645296286,0.0009225702593701488,0.9870794645296286,0.00029097218743926356,0.0003858769868006229,0.007339360363300899,0.0039817556734605625
3036,5,5,0.9968552391842701,0.0005713432215536964,0.0007035202440137135,0.0004194047859167139,0.0004464081050826958,0.9968552391842701,0.001004084459163088
3037,1,1,0.9983920148863112,0.9983920148863112,0.00021105400163373591,0.0003151381291682478,0.0003199485556377971,0.000350987469726088,0.00041085695752298335
3038,1,1,0.998162392207137,0.998162392207137,0.000249528079911438,0.0004117829926881622,0.0005179610197507267,0.00024607921757694053,0.0004122564829357525
3041,5,5,0.9965065015398531,0.0008229728287903787,0.0009023077837843548,0.00042746849359368325,0.0004092184108482246,0.9965065015398531,0.0009315309431302551
3042,4,4,0.9980095318514034,0.00044081382309061744,0.00031820166656245193,0.00048080457799777436,0.9980095318514034,0.0003541187295851154,0.00039652935136061005
3043,1,1,0.9982956056327883,0.9982956056327883,0.00019602761891254655,0.00034895380882229965,0.0004947393893308689,0.0003238134865070569,0.00034086006363895984
3045,1,1,0.9983369460440732,0.9983369460440732,0.00024522446038259917,0.00033269612362942565,0.000359277703825221,0.0003004911004450351,0.000425364567644514
3047,4,4,0.997986203019256,0.00043517552208849596,0.0003784425519489022,0.000477830591008115,0.997986203019256,0.0003849280495639326,0.00033742026613464325
3049,1,1,0.9983432532297586,0.9983432532297586,0.00023269667106760948,0.00035886049804092704,0.0004092168429103323,0.00024024311896188923,0.0004157296392607536
3053,6,6,0.9943220136742861,0.0014956949024379903,0.0015613451081309233,0.0008527069757000619,0.00042261460624272706,0.0013456247332021794,0.9943220136742861
3055,3,3,0.9979048193195206,0.0003957956089157926,0.00044661866974447236,0.9979048193195206,0.0005415554850856525,0.0004006656985892315,0.00031054521814438544
3056,2,2,0.9976681000550245,0.00023555138910869578,0.9976681000550245,0.0005635448686084398,0.00032683989095739303,0.0006281160828649959,0.0005778477134360018
3058,5,5,0.9960110418852655,0.0005406138496301676,0.0006765398586832106,0.0005623087184713909,0.0005699175076673905,0.9960110418852655,0.001639578180282359
3059,1,1,0.9982830761069598,0.9982830761069598,0.000227994007213006,0.00038194190877744024,0.00048241295180646805,0.0002511981694273103,0.0003733768558160495
3060,3,3,0.9980303160347802,0.000333900430784566,0.0003869030436692649,0.9980303160347802,0.0005146827647984746,0.00036333147417753263,0.00037086625178997133
3061,4,4,0.9980353383937025,0.0004798099531435677,0.00030791851607874047,0.0004763969179546197,0.9980353383937025,0.0003295987735783155,0.00037093744554230585
3062,5,5,0.996500484903456,0.0005491292064490251,0.000679839106491997,0.0007806810261213427,0.00043381092523966485,0.996500484903456,0.0010560548322420338
3069,1,1,0.9984050035843698,0.9984050035843698,0.0002038636666649726,0.0003286550227761807,0.0003717713856285869,0.0002801708951455624,0.0004105354454149105
3070,4,4,0.9980474129810989,0.0004692764483574697,0.0002956360585031188,0.0005222172214203529,0.9980474129810989,0.0003422379586965225,0.0003232193319236596
3071,4,4,0.9980398282329515,0.00043461721819395644,0.0003051972084426734,0.0005315974315035872,0.9980398282329515,0.0003178158426020228,0.00037094406630630306
3073,2,2,0.9978047874610739,0.0002818053669477722,0.9978047874610739,0.00032848689081884893,0.0002673056353680697,0.000742013017729832,0.0005756016280615511
3074,4,4,0.9980307893863332,0.00043867767716308694,0.00031322847468645364,0.0004885442067750967,0.9980307893863332,0.0003811341395529169,0.000347626115489311
3076,5,5,0.9965956808006678,0.00042357351052547807,0.0010381842731473313,0.0003815636737605292,0.00041724130282096226,0.9965956808006678,0.0011437564390778794
3077,3,3,0.9980417294219116,0.0003099803016297646,0.00040598086758151115,0.9980417294219116,0.0004984671747586227,0.00039433595819201835,0.0003495062759264409
3078,6,6,0.9947337870037988,0.001314645485732815,0.0013603692321182837,0.0009313017143453737,0.00042425354060189813,0.0012356430234028025,0.9947337870037988
3079,3,3,0.9980041520921499,0.00033884612374586383,0.0004282103677056341,0.9980041520921499,0.000493439736060776,0.0004256017040346982,0.00030974997630321715
3080,4,4,0.9980277204146693,0.0003679865542708998,0.0003039048104288068,0.0005904521549547035,0.9980277204146693,0.00033127053043746293,0.0003786655352389063
3081,4,4,0.9979455756314051,0.000522180385924497,0.00035529079089869205,0.000449240193682286,0.9979455756314051,0.00042821157088659295,0.0002995014272028776
3082,1,1,0.9982644373155285,0.9982644373155285,0.0002569474023848073,0.00036312704678979365,0.0004043982842991944,0.00026438319783182143,0.0004467067531658829
3083,6,6,0.9944787250050429,0.001239203526685653,0.0016635485601993768,0.0010239836059805028,0.000365887660414703,0.0012286516416769497,0.9944787250050429
3084,3,3,0.9980189689886987,0.0003496396491285685,0.0003856288633967352,0.9980189689886987,0.0005039621554458974,0.00037211156038676873,0.00036968878294336207
3085,3,3,0.9978297567691776,0.0004947891681846226,0.00045226011817205256,0.9978297567691776,0.0004786540915434024,0.00037673611306773743,0.00036780373985456443
3086,3,3,0.9979614586923473,0.00035842198704941447,0.00044163644962704347,0.9979614586923473,0.0005048408343706686,0.0003297799745455289,0.0004038620620601133
3087,4,4,0.9980283313328848,0.0004284145514923579,0.0003596110012734045,0.0004772509532976774,0.9980283313328848,0.0003808911980932115,0.0003255009629584901
3088,5,5,0.9968748215422003,0.000492650323800372,0.0009124664396308917,0.00035477370279359227,0.0003595118652245662,0.9968748215422003,0.001005776126350317
3090,1,1,0.9982920003871107,0.9982920003871107,0.00022490826674187423,0.00034916395350345647,0.0004653204073110145,0.00025177580496290973,0.0004168311803700207
3091,4,4,0.9979175950363465,0.0004167348305501415,0.0002755156937837098,0.0006385426000963209,0.9979175950363465,0.0003703864510255405,0.0003812253881977988
3092,3,3,0.9979167731338765,0.0003890786378740978,0.0003877011244539429,0.9979167731338765,0.0005718602419596709,0.0003864618833343766,0.0003481249785014913
3093,3,3,0.9980441884626079,0.0003347030909772724,0.0004305007116415903,0.9980441884626079,0.0004954409361474712,0.00036532078797479217,0.00032984601065100163
3095,5,5,0.9964924706134181,0.00042175133030565934,0.0007897248923746951,0.0006095309080690872,0.000544873021787641,0.9964924706134181,0.0011416492340448861
3097,1,1,0.9982709583912307,0.9982709583912307,0.00021787819186139072,0.000379322101471486,0.00037628313743150405,0.00028888100892907634,0.00046667716907586304
3098,1,1,0.9983653956652269,0.9983653956652269,0.00020807561017025252,0.00027725043382672486,0.00037304711151436577,0.0003076697845080606,0.00046856139475379914
3099,5,5,0.9968633666497323,0.0005327571951222868,0.000668669971827687,0.0005174815858498834,0.0004622360029096686,0.9968633666497323,0.0009554885945581856
3100,5,5,0.9964449883395121,0.0004925297631139361,0.0006691546798388269,0.0004929634683902524,0.0005219618844287341,0.9964449883395121,0.0013784018647162025
3102,6,6,0.9946133380036257,0.0013094938908106972,0.001347329684876743,0.0009232227351553453,0.00037019638268313224,0.0014364193028483534,0.9946133380036257
3103,6,6,0.9944678036534738,0.001376775886512613,0.001436048169618757,0.0008560629218706344,0.00041249228450198353,0.0014508170840222723,0.9944678036534738
3104,2,2,0.9908972735137805,0.0007605203947205193,0.9908972735137805,0.0003806466088844964,0.0005190647931595562,0.006334545485446524,0.001107949204008324
3108,5,5,0.996033872435956,0.0005162919535973584,0.0010154168377441524,0.00039045603882215596,0.0003733561410139786,0.996033872435956,0.0016706065928663973
3109,5,5,0.9964700364499492,0.00045974733342879384,0.0008293279784870463,0.0007072229230320875,0.0005613686776282516,0.9964700364499492,0.0009722966374746216
3111,5,5,0.9965571246004965,0.0008561467472133501,0.0005939439918645185,0.0004647800561993393,0.0004377668409764577,0.9965571246004965,0.0010902377632497908
3112,4,4,0.9980389803760337,0.00043481394796704827,0.00033435232406143833,0.00045836794066409935,0.9980389803760337,0.00038866863000459504,0.00034481678126898317
3113,1,1,0.9984040061918752,0.9984040061918752,0.00021112901708489692,0.00032739680167411347,0.00038155600551281223,0.00027262053839749445,0.0004032914454555239
3114,5,5,0.9969085522064621,0.0006334847085281909,0.0007826559179584222,0.00046773712230250316,0.00040120544926619816,0.9969085522064621,0.0008063645954825142
3115,2,2,0.9976435819354084,0.00031437380118085626,0.9976435819354084,0.0005483304550241122,0.0004330380403284088,0.0005860395916040962,0.00047463617645419
3116,2,2,0.9978146487408635,0.0003295019829393292,0.9978146487408635,0.0004403227620201376,0.00037076629570821586,0.0005222114816418676,0.0005225487368269819
3117,4,4,0.9978941969229319,0.0004489778228810276,0.0003647970040290603,0.0005110584159223214,0.9978941969229319,0.00046177282678409285,0.0003191970074516008
3119,4,4,0.9979003990496085,0.00042786235209074435,0.0003600729804032331,0.0006206947928757848,0.9979003990496085,0.000363773183319485,0.00032719764170226933
3120,5,5,0.9415260629210943,0.0009459725790518791,0.0031334210560642075,0.04976585490005895,0.0010770447156657943,0.9415260629210943,0.003551643828064863
3121,1,1,0.9981287871972773,0.9981287871972773,0.0001833893758478535,0.0003534784456964724,0.000640325063538024,0.000346364304844925,0.0003476556127955154
3122,6,6,0.9947155500418519,0.0012913082524266268,0.001386758109784786,0.0010084233168782433,0.00039613466719438717,0.0012018256118640895,0.9947155500418519
3124,3,3,0.9980579696266575,0.0003498983224944906,0.0004181798423993626,0.9980579696266575,0.00046161437281833296,0.00033017381124359965,0.00038216402438669085
3126,6,6,0.9946914345330998,0.0013232218374502574,0.0014033985832343301,0.0009056357694261859,0.0004125968565614333,0.0012637124202279982,0.9946914345330998
3127,3,3,0.9980390346367725,0.0003024527589204022,0.00037677378227560037,0.9980390346367725,0.00046061199071417003,0.00038221433575057694,0.0004389124955668775
3130,1,1,0.9981351935811877,0.9981351935811877,0.00022258844676662575,0.0004035995062688086,0.0005443350511858047,0.00037611663989770477,0.00031816677469339303
3132,3,3,0.9980231947880206,0.0002983182911948249,0.0003566572128642638,0.9980231947880206,0.0004287225784024831,0.0004955479154594796,0.0003975592140583907
3135,3,3,0.9980527604649629,0.0003291553148584903,0.00041161173798822173,0.9980527604649629,0.00047784673304072136,0.0003924519288502586,0.00033617382029934537
3136,6,6,0.9947200524382144,0.0012861307222258006,0.0014180355776040345,0.000929043228264111,0.00041389805861237944,0.001232839975079273,0.9947200524382144
3139,2,2,0.9977485703047332,0.000357922550873361,0.9977485703047332,0.00044624540181713757,0.00036032559598637716,0.00047325998514885406,0.00061367616144112
3140,1,1,0.9983992434736901,0.9983992434736901,0.00018849145333882058,0.00031009756530714323,0.0004285652222943789,0.00027531843227418263,0.00039828385309543683
3141,5,5,0.9969730049192909,0.00045293142753739937,0.0008331621205770876,0.0004453621899676685,0.0004007478184482026,0.9969730049192909,0.0008947915241788479
3142,4,4,0.9980141307570924,0.0004879736121405497,0.00032869748053932494,0.0004396128520558516,0.9980141307570924,0.00038497791706426865,0.0003446073811075515
3143,1,1,0.9982791433465442,0.9982791433465442,0.00020364211642296065,0.0002843758986618906,0.0004334858597102596,0.00029344692277305507,0.0005059058558876671
3145,1,1,0.9981896170682086,0.9981896170682086,0.00022768563879239361,0.0003403470465530363,0.0004769490292924617,0.0003524411417210335,0.00041296007543240623
3147,4,4,0.9978529894953007,0.000437395479206222,0.00027576835458808325,0.0005969599863618946,0.9978529894953007,0.000380423715376324,0.000456462969166919
3149,1,1,0.9983092955842672,0.9983092955842672,0.00018179303897039475,0.0002856710169729329,0.00038579791852940304,0.0003122491890086998,0.0005251932522514047
3150,3,3,0.9978035114714547,0.0004925828554530418,0.0004478532365315099,0.9978035114714547,0.0005428824236675267,0.00036703614833129636,0.0003461338645619197
3152,3,3,0.9980087877772179,0.0003823507577737256,0.0004029703850978651,0.9980087877772179,0.0004254161904719391,0.0004232834617757593,0.00035719142766279274
3153,5,5,0.9964651347458956,0.000418443610245357,0.0006887959986978749,0.0005359245313027002,0.0005638449980124603,0.9964651347458956,0.0013278561158460286
3154,2,2,0.9978288239144394,0.00032510582646121545,0.9978288239144394,0.00045798523314457575,0.00035184031202012135,0.0004997241391314451,0.000536520574803392
3155,3,3,0.9980033218968325,0.0003232519142074505,0.0003958518571407984,0.9980033218968325,0.0005502170050439215,0.0003517490176215476,0.00037560830915389583
3156,5,5,0.9968349655256108,0.0003784973062125078,0.0007647828559110997,0.0004568795993773721,0.0004911419393553056,0.9968349655256108,0.0010737327735328985
3157,5,5,0.9969176764266586,0.0004486559220330585,0.0006824165952437274,0.0004797900670244732,0.00045716879304816266,0.9969176764266586,0.0010142921959919416
3161,2,2,0.9977890042218219,0.00036549568860238455,0.9977890042218219,0.0004097732128756961,0.0003444258229520305,0.0004710506936442193,0.0006202503601038471
3163,4,4,0.9980689950332144,0.0004402622028050412,0.00036243966558609285,0.00043587058027874756,0.9980689950332144,0.00035399565478358994,0.00033843686333214043
3164,5,5,0.9966672365125053,0.00041720720574754254,0.0006960153907202195,0.0005964641640171076,0.0004935761248432776,0.9966672365125053,0.0011295006021665068
3165,4,4,0.9980089022520288,0.0005317003208908529,0.0003394715297723741,0.000438703629499209,0.9980089022520288,0.0003751881577982646,0.00030603411001056116
3167,2,2,0.995486655601001,0.0004913986090763303,0.995486655601001,0.0020931406900110187,0.0006380870337444545,0.0006870072538690502,0.000603710812298189
3168,3,3,0.9978383349012541,0.000343790778307033,0.0004022826390952426,0.9978383349012541,0.0004730803272004643,0.000609730147627013,0.0003327812065162372
3169,4,4,0.9980126186508274,0.00046435424050496614,0.00037535186802181947,0.0004795318601389963,0.9980126186508274,0.000372761656017944,0.00029538172448891645
3171,5,5,0.9965021086773397,0.000468708753876292,0.0006469497699364922,0.0005141562162883355,0.0005664263437967878,0.9965021086773397,0.0013016502387624151
3172,5,5,0.9963693349381468,0.0005970811309907477,0.0007050591330335029,0.00043133409342526656,0.0005428173316096276,0.9963693349381468,0.0013543733727939874
3173,1,1,0.9983748250293147,0.9983748250293147,0.00019556364089642886,0.00033802003778257163,0.0004099674719155619,0.00026604870940465016,0.0004155751106860955
3174,5,5,0.9963477327567619,0.0005192850405553588,0.0007261303889226727,0.000617766990236496,0.000531995381901705,0.9963477327567619,0.0012570894416218134
3175,5,5,0.9965487716578773,0.00037486135921894684,0.0012194735896030168,0.00045216264167220315,0.00036894306654690877,0.9965487716578773,0.0010357876850817644
3176,4,4,0.9979044685457478,0.00045929938698322713,0.0003703024593489424,0.0005315017447069235,0.9979044685457478,0.00034469094177933077,0.00038973692143363123
3177,6,6,0.9944799049128885,0.001436244944048433,0.0013313607915954513,0.0010741140105910154,0.0003881798224117327,0.0012901955184648805,0.9944799049128885
3178,3,3,0.9976237094272891,0.0005082746920037132,0.00048783248229283425,0.9976237094272891,0.000508693146864514,0.000544677994794681,0.000326812256755226
3179,2,2,0.9977725488247716,0.00035411333125860874,0.9977725488247716,0.00045368001246997436,0.00035255100848261597,0.00045194315401678425,0.0006151636690005154
3184,5,5,0.9965978913356341,0.0005347822791597916,0.000555599260909947,0.0006124162280863001,0.0005165455849781845,0.9965978913356341,0.0011827653112315816
3186,3,3,0.9977966977393739,0.00035516292172273553,0.00046441229007458787,0.9977966977393739,0.00061746827502446,0.00036526227026237947,0.0004009965035420077
3188,1,1,0.9982497240890368,0.9982497240890368,0.00020631710075683297,0.0003283727030413515,0.0005629854358455703,0.00029308305663586085,0.0003595176146837048
3189,5,5,0.9959649665458485,0.000408566599727507,0.0009822896312649853,0.0005239556579493582,0.00042145048663682017,0.9959649665458485,0.0016987710785727988
3190,1,1,0.9983705236164989,0.9983705236164989,0.00020462170383908943,0.000292072135381594,0.00041788273264290913,0.0003186399404828371,0.0003962598711546034
3191,5,5,0.9962862534304958,0.0005188013208625229,0.0014515445515340959,0.0006062432538830269,0.0002556341591828661,0.9962862534304958,0.0008815232840416657
3192,6,6,0.9944128750972181,0.0013535063966664423,0.001480403060132433,0.0009429072135420456,0.0003639173067847162,0.001446390925656306,0.9944128750972181
3193,4,4,0.9980009591816739,0.0004650605470392782,0.0003524435751353336,0.0004772756565353257,0.9980009591816739,0.0003632426378738015,0.0003410184017423428
3194,1,1,0.998227805958282,0.998227805958282,0.0002185955333771121,0.00038820717074739496,0.000524109183059306,0.0002739909735622772,0.00036729118097187947
3196,3,3,0.998006786169655,0.00041012030427646664,0.00039765201926846483,0.998006786169655,0.0004630346200446922,0.0003480974497726478,0.00037430943698282804
3198,4,4,0.9980928790694544,0.0004506189364006182,0.000302782791829186,0.00042792650405900517,0.9980928790694544,0.0003891537971487805,0.0003366389011080398
3199,2,2,0.9977290153442675,0.00029249136916025285,0.9977290153442675,0.00046165081713698544,0.0003239934682742499,0.0005231109118061484,0.0006697380893548764
3201,5,5,0.9961824251609768,0.0007132220506649099,0.0007682451728278562,0.00047725473148524985,0.00042740408781377686,0.9961824251609768,0.0014314487962314587
3202,2,2,0.9976475847232465,0.00038787421141946334,0.9976475847232465,0.0005385503700197978,0.0003861845014306126,0.00041440558026865264,0.0006254006136149781
3203,3,3,0.9979746277561549,0.00036730082254872047,0.0004465936795136823,0.9979746277561549,0.0005292277433055377,0.00033512179618317626,0.0003471282022940459
3204,5,5,0.9963993940926907,0.0005616469377091795,0.0008251795008952388,0.00038763656298498536,0.0004494441925741094,0.9963993940926907,0.0013766987131457594
3207,2,2,0.9974282198550956,0.00032910530401094565,0.9974282198550956,0.0003991356464161777,0.0003198250519680232,0.001052619297129676,0.00047109484537961324
3208,4,4,0.9980495760896736,0.00046765863500601243,0.00033399734913068,0.00043784647674006527,0.9980495760896736,0.00038898458164894303,0.0003219368678006725
3210,1,1,0.9982639027640122,0.9982639027640122,0.000217109210305197,0.00037460979529543414,0.0005157904819469369,0.0002910614094695443,0.00033752633897070344
3211,4,4,0.9979629741696788,0.000570121292311349,0.00035507547073018183,0.00047348766724325666,0.9979629741696788,0.0003530767651284839,0.0002852646349079468
3212,2,2,0.9978326075668505,0.0002945630667122629,0.9978326075668505,0.0004481829043391669,0.00035510525573259703,0.0005201869081491973,0.0005493542982163512
3213,1,1,0.9983794808746652,0.9983794808746652,0.00021165867182127966,0.0003133711035174844,0.00041094780809668077,0.000238241514250298,0.00044630002764904815
3214,3,3,0.99786538823022,0.0004048799883092255,0.0005079279676724816,0.99786538823022,0.0005357975016119264,0.00034609529221976427,0.00033991101996672004
3215,6,6,0.9945237855096772,0.0013185674614365687,0.001491799866964252,0.0009257669065541709,0.00040648136366197807,0.0013335988917058323,0.9945237855096772
3216,3,3,0.9978896271529243,0.0003093050108944489,0.0004183154956555006,0.9978896271529243,0.000631599235028362,0.00029777389945800155,0.00045337920603950063
3217,3,3,0.997917770563187,0.0003140963191106494,0.0003955739427358428,0.997917770563187,0.0005962775542965091,0.0003203954935859007,0.00045588612708416596
3218,2,2,0.9960866600582241,0.0006089864129771823,0.9960866600582241,0.0010701925118991476,0.0009576188169357257,0.0003761267394021535,0.000900415460561803
3220,1,1,0.9979858605897733,0.9979858605897733,0.0002558156595560988,0.0003631949008200692,0.0004260832663735412,0.0005516919810838353,0.00041735360239316034
3222,5,5,0.9963049985458454,0.0009492869231926113,0.0007978869330398225,0.0005923740739774931,0.0004169155767667632,0.9963049985458454,0.0009385379471778775
3224,1,1,0.998396325104355,0.998396325104355,0.00019486820150651629,0.00033038557345212676,0.00037846326725094197,0.00029016178103887327,0.0004097960723965287
3225,5,5,0.9966402807354431,0.0004859358382313807,0.0011577408949814203,0.00032759855107494486,0.0004132191934393655,0.9966402807354431,0.000975224786829789
3227,2,2,0.994770137562836,0.00026031886957781947,0.994770137562836,0.0014845973762902397,0.00024924276630248723,0.0027574641472367643,0.0004782392777567341
3228,1,1,0.9975049596035469,0.9975049596035469,0.00024387892578893615,0.0004025346224857533,0.0002877262452590348,0.0004718761831251735,0.0010890244197941734
3232,6,6,0.9947897358237836,0.0012995747595868725,0.0013211469847349059,0.000895867546280546,0.00040843376276116297,0.0012852411228529022,0.9947897358237836
3233,3,3,0.997899219299818,0.00046256102244642477,0.00040051083823155635,0.997899219299818,0.0005074317095398177,0.0003665050771946495,0.0003637720527696037
3234,3,3,0.9979273182768517,0.0003626227881550032,0.00041708263296156667,0.9979273182768517,0.0005022460878910607,0.0004699311150746019,0.00032079909906607596
3237,3,3,0.9979959079199796,0.00033122234925501417,0.0004126183944954018,0.9979959079199796,0.0005439536991782707,0.0003589048632525363,0.0003573927738392056
3238,5,5,0.996762181521794,0.0005496150253549501,0.0006537925965450417,0.0004606155386867238,0.000493709534234115,0.996762181521794,0.0010800857833852652
3239,4,4,0.9980454852123446,0.0004556914977403207,0.0003672582538244336,0.0004437555507216976,0.9980454852123446,0.000375294607544872,0.00031251487782416694
3240,4,4,0.9980713287341207,0.0004679554635307029,0.0003252490572005531,0.00045144969247238806,0.9980713287341207,0.00036368438892321505,0.0003203326637524493
3242,6,6,0.9946733931414556,0.0013403378616453582,0.001412245042069705,0.0009148398183208785,0.0003983657364772142,0.0012608184000311882,0.9946733931414556
3243,4,4,0.9980984169539173,0.00043298600243168013,0.00033741408881644044,0.0004434903022702161,0.9980984169539173,0.0003653925610106064,0.0003223000915537137
3244,2,2,0.9976497895584504,0.0003007528612117659,0.9976497895584504,0.00045949692006616106,0.00030333466216764916,0.0007564254795170773,0.0005302005185869778
3245,2,2,0.9976160343648958,0.0003214069234042849,0.9976160343648958,0.0005722713435546415,0.00032004122618510355,0.0006227214357439725,0.0005475247062162659
3246,5,5,0.9964759657016821,0.00037577869445447635,0.0009418267018028013,0.00037363624514133843,0.0006027374591117693,0.9964759657016821,0.0012300551978075243
3247,6,6,0.9947201303935229,0.0013068897332649911,0.001376699696435529,0.0009083823216819283,0.0004000045417692907,0.0012878933133253884,0.9947201303935229
3248,1,1,0.9983134915578015,0.9983134915578015,0.00022025978500930373,0.00032618509101367175,0.00046561498674109534,0.0002544320456703355,0.0004200165337641059
3249,6,6,0.9943340484871884,0.0014581673697070328,0.0015193625937510384,0.0009434202879781808,0.0004524693698727438,0.0012925318915026258,0.9943340484871884
3250,6,6,0.994655248926594,0.0013675381161240253,0.0014050481804574,0.0009318820642383797,0.0004124392570023456,0.0012278434555838447,0.994655248926594
3251,4,4,0.9980472378563282,0.0004825548119511184,0.0002844326969701181,0.0005112284588400834,0.9980472378563282,0.00034337153372491233,0.00033117464218554774
3252,1,1,0.9983860383590738,0.9983860383590738,0.00022328761695427209,0.0003320525326930038,0.00039405032804213687,0.0002868998017997484,0.0003776713614370603
3253,5,5,0.9967261324803479,0.0004532699136683324,0.0006384036823354751,0.000515119684717965,0.0005564696493853947,0.9967261324803479,0.0011106045895449583
3254,5,5,0.9950392797116037,0.0009979095730326985,0.0005716108691072064,0.0005472858877219086,0.0005565435833175201,0.9950392797116037,0.0022873703752170032
3255,3,3,0.998040671265529,0.0003132737064303638,0.000418011500382321,0.998040671265529,0.0005001045921438246,0.0003758142617417583,0.0003521246737729238
3256,3,3,0.9980740037391697,0.0003179601173027184,0.000417801268246222,0.9980740037391697,0.0004498815458051944,0.0003963636206574111,0.00034398970881878806
3257,1,1,0.998304304758099,0.998304304758099,0.00019005305053524304,0.00028786317511337754,0.0004382203641649228,0.00027244283165044466,0.000507115820437033
3258,2,2,0.9974005784937426,0.00019324402327621168,0.9974005784937426,0.0003785010246565952,0.00026296202645657016,0.0012280467588274217,0.0005366676730405351
3262,5,5,0.9965538726825977,0.0005602940076980973,0.0006665612286138597,0.0005591048252156764,0.00045030894715839047,0.9965538726825977,0.0012098583087162985
3263,6,6,0.9945919761812677,0.0013784468855914556,0.0013844690499788908,0.0009754537845584724,0.0003991661220847839,0.0012704879765187346,0.9945919761812677
3264,6,6,0.9947585172273955,0.0012446149120781745,0.0013235362324782924,0.0009609405252062085,0.0003903926003044775,0.0013219985025373028,0.9947585172273955
3267,1,1,0.9983490156045304,0.9983490156045304,0.0001968701436335267,0.00031361741732542474,0.0004766937082916323,0.00026025476131641325,0.0004035483649026731
3268,1,1,0.9982512948732026,0.9982512948732026,0.00022225328639402568,0.0003813706998075083,0.000495280098576774,0.0003235756127365971,0.0003262254292825474
3269,2,2,0.9978032640795469,0.0003103842006527954,0.9978032640795469,0.0004573155571096225,0.0003120543239522783,0.0006072972278083629,0.0005096846109300726
3271,2,2,0.9978559736596077,0.00031276142833049943,0.9978559736596077,0.00043683299423587105,0.00031371227947351324,0.0005190543623722608,0.0005616652759802465
3272,4,4,0.9980980022167535,0.00044318573443495943,0.000339044815218836,0.0004296943346736944,0.9980980022167535,0.00035842217322015627,0.00033165072569890826
3273,1,1,0.9983017604990913,0.9983017604990913,0.00023100022015604544,0.00029164285401891846,0.00030970524446332406,0.00028352201207611216,0.000582369170194369
3274,5,5,0.9953898109757595,0.0012500096242728553,0.0007951912055652379,0.0003964901519994536,0.0005175676736411963,0.9953898109757595,0.001650930368761696
3275,5,5,0.9964182082225773,0.00029781809127356454,0.0015724150697475502,0.00048485973114678973,0.00040447943579198606,0.9964182082225773,0.0008222194494628652
3276,2,2,0.9978305275216911,0.0003227056253088118,0.9978305275216911,0.000427651281168904,0.0003592023262825494,0.00047528342867667,0.0005846298168719992
3277,4,4,0.9980754290219642,0.0004417692586190674,0.0003337171904933999,0.0004540982516866609,0.9980754290219642,0.00035135902930401146,0.000343627247932637
3278,2,2,0.9976887311529017,0.0003222572141559002,0.9976887311529017,0.0006643880945748199,0.00031788468394345395,0.00045485941189252524,0.0005518794425316887
3279,5,5,0.9954563398408971,0.0006434759719550323,0.0007813906428512355,0.0004039999920253176,0.0006022976024469722,0.9954563398408971,0.0021124959498243618
3280,3,3,0.9978492588095381,0.00039809956260880564,0.0004485316069802056,0.9978492588095381,0.0004930240257309494,0.0004903655074642334,0.0003207204876775081
3281,5,5,0.9966212763990553,0.0005330287521006852,0.0006821974120939891,0.0005535010272477781,0.0005524750589904798,0.9966212763990553,0.0010575213505117753
3283,4,4,0.997990273388055,0.0004587551043404603,0.00028181475416130217,0.000525413093053773,0.997990273388055,0.0003552135394083635,0.0003885301209810465
3284,5,5,0.980997140017616,0.008533606779342172,0.0032912760005700207,0.0007685730660354264,0.00042671005397965415,0.980997140017616,0.005982694082456805
3288,4,4,0.9981008737841189,0.00043073707118545645,0.0003059876134005231,0.0004816965363413988,0.9981008737841189,0.000330761257992089,0.000349943736961615
3289,2,2,0.9975630566805392,0.00023626064516697954,0.9975630566805392,0.0003371773119324986,0.0002641528376320835,0.001102828695849747,0.0004965238288794278
3291,1,1,0.9983967092468854,0.9983967092468854,0.0001943215639781389,0.0003295213148643874,0.0004124283792637011,0.0002550640238926903,0.0004119554711157004
3292,2,2,0.997756988254483,0.00035575336777643956,0.997756988254483,0.00046664865012915733,0.00039013017101616123,0.00045347436510309976,0.0005770051914921424
3295,5,5,0.9963525462631843,0.00048446401724668443,0.0006983234148039123,0.0004856199922803528,0.000636207109903022,0.9963525462631843,0.0013428392025817998
3296,3,3,0.9979872598989339,0.00037329861852376773,0.00044595624318625055,0.9979872598989339,0.00046305736274514784,0.0004098413294547098,0.0003205865471562383
3298,1,1,0.9983859218991991,0.9983859218991991,0.00018785600930769692,0.00032840718136533433,0.00042981460773649604,0.00031107884981978155,0.0003569214525716631
3299,5,5,0.9966024873036748,0.0004690889080681212,0.0008654177691301872,0.0008361225497895241,0.0002900119496206567,0.9966024873036748,0.0009368715197166115
3300,4,4,0.9980908108610107,0.0004550967709230097,0.00032477154785681483,0.0004293045747548695,0.9980908108610107,0.00036335522837719497,0.00033666101707743385
3301,2,2,0.9971701078615182,0.0003682303933408583,0.9971701078615182,0.0009121902523811269,0.0003136910332258114,0.0004004560486531905,0.0008353244108808107
3302,5,5,0.995968362900574,0.0003294316190148467,0.001506948176991175,0.00038450052029022125,0.000533633411045637,0.995968362900574,0.001277123372084132
3303,3,3,0.9980320824449918,0.00032004523498228263,0.0004282082583053076,0.9980320824449918,0.00039136923908488554,0.0004525628104885534,0.0003757320121471975
3304,4,4,0.9979683724490376,0.00038493362188571925,0.0002825025331704125,0.0005908358248185671,0.9979683724490376,0.00035987466797755184,0.0004134809031101539
3306,5,5,0.9966254868956913,0.00038606932051246033,0.001385047770759688,0.00033748469252653035,0.00034078815211671394,0.9966254868956913,0.0009251231683933145
3307,4,4,0.9978719752237392,0.0005132398117274549,0.0004083957093037583,0.0005094096895074883,0.9978719752237392,0.0003466814163914136,0.00035029814933069454
3310,3,3,0.9979122927282835,0.00037208207731259234,0.00045178341694461716,0.9979122927282835,0.0005240572257324624,0.00043943387507869547,0.00030035067664809336
3311,4,4,0.9974322457710809,0.00048121571942340193,0.0004534413789998545,0.0005815457398971853,0.9974322457710809,0.000517204209144805,0.0005343471814538561
3312,3,3,0.9980124246771592,0.00031162332779684026,0.0004355435963202543,0.9980124246771592,0.0004857477912280566,0.00036409808714419847,0.0003905625203514501
3313,2,2,0.9977497304195287,0.0002974145773029799,0.9977497304195287,0.0004515145152607257,0.00029860454574264146,0.0005510714245473871,0.0006516645176175805
3314,6,6,0.9945661479773749,0.0014026698590664315,0.001440198547903807,0.0009260570591554623,0.0003974454959383593,0.001267481060561126,0.9945661479773749
3315,2,2,0.9977766126926223,0.0002564779217805696,0.9977766126926223,0.00031584503867283456,0.0002825455191691852,0.0006926350580998929,0.0006758837696552259
3316,5,5,0.9965962532372342,0.0005173777340796852,0.0006875313539759976,0.0004537732640744037,0.000570044431884714,0.9965962532372342,0.0011750199787510444
3317,5,5,0.9968277693347029,0.00044442971755716265,0.0006605539741528169,0.0005213652558962818,0.000573511053966183,0.9968277693347029,0.0009723706637247349
3321,2,2,0.9975232132945505,0.0003201277556843999,0.9975232132945505,0.0004004528793423426,0.00028939838638799604,0.0009140208903210199,0.000552786793713832
3322,4,4,0.998093871808698,0.0004413819558997934,0.00029449073723307717,0.00043923706186996194,0.998093871808698,0.00035520653525011637,0.0003758119010490597
3324,2,2,0.9977306227048578,0.0002666634840426688,0.9977306227048578,0.0006142101759818789,0.0002623818451342826,0.0005487347679929676,0.0005773870219903821
3325,2,2,0.9978253055003574,0.0003213627627394098,0.9978253055003574,0.00040536791686605954,0.00035076298780087074,0.0004927160535102107,0.0006044847787260438
3330,5,5,0.9967980750818716,0.0005064316093455922,0.000681362855820895,0.0005346064448838904,0.00044964052048264614,0.9967980750818716,0.0010298834875954314
3331,5,5,0.9955902279547163,0.0005311583614049405,0.0009384032042798467,0.0004881326255601121,0.000666534889428823,0.9955902279547163,0.0017855429646099854
3332,4,4,0.998009587880943,0.00047207980078790553,0.0003558503982147735,0.0004692259956864808,0.998009587880943,0.00038528190768958047,0.0003079740166782462
3333,3,3,0.9980049512375351,0.0003411096912224038,0.00040191873849156263,0.9980049512375351,0.00044760351493140256,0.0003310762914097289,0.0004733405264098729
3334,6,6,0.9943426413948975,0.0014631767352158568,0.0014788106137636845,0.0010038233157326664,0.0003765486598692982,0.0013349992805210373,0.9943426413948975
3335,1,1,0.9981491729400894,0.9981491729400894,0.00022957723207558652,0.00036116122511199066,0.00047591378877921437,0.0002548537200668964,0.0005293210938768588
3336,3,3,0.9979753981190215,0.0003502008456009269,0.00039494410828484674,0.9979753981190215,0.00044875408608878773,0.0004538735074062915,0.0003768293335976948
3337,5,5,0.9965752433115997,0.00042438056640599543,0.0008925752010216408,0.00042848164514680087,0.0005290477140896094,0.9965752433115997,0.001150271561736223
3338,2,2,0.9978112176912253,0.00022989159863718276,0.9978112176912253,0.0004366624167978941,0.0002953592801834979,0.0006919615856419291,0.000534907427514277
3339,6,6,0.9937423809749945,0.0015776059187151842,0.0017239271688272695,0.0009012357101518151,0.00038668052469422397,0.0016681697026170732,0.9937423809749945
3340,4,4,0.9980167829885979,0.00044095999419821387,0.0002702110398101976,0.00046365877160854484,0.9980167829885979,0.00040570270936408307,0.0004026844964211061
3341,6,6,0.9922207562136277,0.0016459270617965806,0.0032247884170279306,0.0011168196268340558,0.0004215070169775488,0.0013702016637361972,0.9922207562136277
3342,4,4,0.9979109439771919,0.0005323802561291659,0.0003138666217377373,0.00043095545360999436,0.9979109439771919,0.0004605240986158353,0.00035132959271538187
3344,5,5,0.996709645193641,0.0004507217695958932,0.0006176958774240546,0.0007198742978139943,0.0005333096752733386,0.996709645193641,0.0009687531862516989
3345,1,1,0.9980732892995062,0.9980732892995062,0.0002571847758758875,0.00040713287214035044,0.0005168268465348931,0.0003665569491948079,0.0003790092567478133
3346,3,3,0.9980384048670792,0.0003134717201187199,0.0004023149402215412,0.9980384048670792,0.0004999594782156609,0.0003691015055774998,0.00037674748878741796
3348,2,2,0.8342555626125849,0.0009487257863127611,0.8342555626125849,0.0013893574545218276,0.0008786470765385356,0.1592366336330053,0.0032910734370367543
3350,2,2,0.9978815464965997,0.00029266974745948505,0.9978815464965997,0.0003846544587317221,0.0002779453018675379,0.0005946153531463918,0.0005685686421952726
3351,2,2,0.996780398938838,0.0002006790120029625,0.996780398938838,0.0002863542820141513,0.00025498212425553154,0.0018053146670563075,0.0006722709758331054
3353,6,6,0.9945346228457006,0.0014348117562593696,0.001453065096849752,0.000869577527476572,0.00039553022804551113,0.00131239254566815,0.9945346228457006
3355,2,2,0.9972676411123942,0.0003695496554175685,0.9972676411123942,0.0006743668015467878,0.00032628119278870204,0.0008601227048649869,0.0005020385329878027
3357,1,1,0.998333430115494,0.998333430115494,0.00019671728467358202,0.0003114778112959716,0.0004421136029878704,0.000304129240240321,0.0004121319453081891
3358,5,5,0.9966114344681306,0.0006364406551518305,0.0005800083268697259,0.0005862512150315746,0.00047511261937165946,0.9966114344681306,0.0011107527154445545
3359,6,6,0.9946734383884395,0.0012751144918432557,0.0013301310927832332,0.0009121483958831023,0.00039790611780073315,0.0014112615132502242,0.9946734383884395
3360,4,4,0.9980821823290459,0.00040608677369542034,0.0003309696401583979,0.00047151567842332705,0.9980821823290459,0.0003795077872729666,0.00032973779140409946
3363,5,5,0.9886785395594824,0.00046520078897437415,0.0014717532688038495,0.006946032574017819,0.0005098756063945954,0.9886785395594824,0.0019285982023270179
3364,3,3,0.9980621543553293,0.0003016805227565999,0.0004202601313567127,0.9980621543553293,0.00045378483635274893,0.0004112546487904279,0.0003508655054142232
3365,1,1,0.9982587184367342,0.9982587184367342,0.00021851246465972758,0.0003787714037497024,0.00044854259501042875,0.0002160233596872693,0.00047943174015844115
3366,5,5,0.9966489282882229,0.0005454439526859779,0.0007037426678740949,0.000507764500928944,0.000410587152456983,0.9966489282882229,0.0011835334378310215
3367,4,4,0.9980920145103456,0.000388201537168538,0.00033414981491499725,0.0004688460409915828,0.9980920145103456,0.000341961748817972,0.00037482634776134064
3368,2,2,0.9977148171955667,0.00025017278628782863,0.9977148171955667,0.00033080616608541674,0.00024238006152816678,0.0007835615654106057,0.0006782622251213402
3369,5,5,0.9968499569424442,0.0006395344989733667,0.0007906043924358855,0.00044106404072323383,0.0003887894574352708,0.9968499569424442,0.0008900506679881048
3371,6,6,0.994250223333339,0.001532588339852369,0.001501746892906272,0.0008899444185623309,0.00048763065593857523,0.0013378663594014416,0.994250223333339
3373,2,3,0.7323215172445998,0.011493795805626936,0.2374026039468919,0.7323215172445998,0.012802327228945497,0.0030565774596030596,0.002923178314332824
3374,5,5,0.996748639480085,0.00048015200395361453,0.0006283276305747115,0.000515849596578405,0.0005077383011996919,0.996748639480085,0.0011192929876086362
3376,2,2,0.9977153028780624,0.00033719676986405456,0.9977153028780624,0.0004552601623593463,0.0004133111788433751,0.0005617117077861816,0.0005172173030846692
3378,1,1,0.9982172120549163,0.9982172120549163,0.00024305941448971195,0.0004289441476521298,0.00047783066885899396,0.00025160620581156547,0.00038134750827130426
3380,2,2,0.9968514476687348,0.0002048916342064935,0.9968514476687348,0.0004132968867746964,0.00023184738540115197,0.001681919548834273,0.0006165968760486201
3381,2,2,0.9976665667915108,0.0003290339272215286,0.9976665667915108,0.0006251003168805436,0.0003689340551940387,0.0004166272282976288,0.0005937376808955516
3385,6,6,0.9944951571511164,0.0013769529472563023,0.0014223898502587397,0.0009263575783369126,0.00045357967588446137,0.0013255627971471811,0.9944951571511164
3386,3,3,0.9980142108704201,0.000331985210971802,0.00044217501965064076,0.9980142108704201,0.0005050088507811527,0.0003867828051314242,0.0003198372430448768
3387,3,3,0.9980432986922666,0.00033592883845744864,0.0004205755540047372,0.9980432986922666,0.0004803790070442372,0.00038095394846805855,0.0003388639597589248
3388,3,3,0.9980334268022687,0.00037887194980614755,0.0004346187700225863,0.9980334268022687,0.00041441506388138966,0.0003667842549087224,0.00037188315911247405
3390,1,1,0.9983114528406042,0.9983114528406042,0.00022112604323023087,0.0003648513858610849,0.00040843183702147286,0.00022699941410222812,0.00046713847918093107
3391,3,3,0.9979733574363335,0.0003192688956853879,0.0004289387617683616,0.9979733574363335,0.0005720271585425533,0.00032546812783247077,0.0003809396198377376
3392,1,1,0.9983059464218114,0.9983059464218114,0.0002456498405245027,0.000330429737719193,0.00042025996455530295,0.00028278950160733925,0.0004149245337822656
3393,3,3,0.9979965251663838,0.00029263060895369145,0.00039022343745990026,0.9979965251663838,0.0005495156017257728,0.0003846492680341382,0.00038645591744269995
3395,1,1,0.9982577800691461,0.9982577800691461,0.00022830545365848994,0.0003511779653078154,0.0004790960629460138,0.0002711077913007925,0.0004125326576408055
3396,6,6,0.9944124186350994,0.0014334620463250266,0.0014988588148696017,0.0008329483733543501,0.0003879097975319258,0.0014344023328197104,0.9944124186350994
3398,2,2,0.990750171245577,0.00036219535011205566,0.990750171245577,0.006369099726111071,0.00030007671412601817,0.001575802861361802,0.0006426541027120868
3400,5,5,0.9939424348709319,0.00029519130966691287,0.004332413464785347,0.00041480471968568996,0.00031291697054514333,0.9939424348709319,0.0007022386643850149
3402,3,3,0.9978777554407795,0.00033383221137512053,0.0004165139849951957,0.9978777554407795,0.0005118782479902415,0.0003070363136418467,0.0005529838012181446
3403,5,5,0.996268484538901,0.00046236634027108434,0.000643532201139044,0.0005678182298974549,0.0006130635728148263,0.996268484538901,0.0014447351169765475
3405,6,6,0.9947645803471609,0.0013121452831879106,0.001376899211384837,0.0009611379489741333,0.00040428559279713576,0.001180951616495083,0.9947645803471609
3406,3,3,0.9980172794359145,0.00034760979531290134,0.0004236412216627234,0.9980172794359145,0.00045378629890541005,0.0004152514025154515,0.0003424318456891135
3407,1,1,0.9983668198423339,0.9983668198423339,0.00019581588309489225,0.00034663957587717617,0.00036416002233223826,0.00026438057365508485,0.00046218410270668867
3408,1,1,0.9983401484388206,0.9983401484388206,0.00022511267358195198,0.0003669960348773369,0.0004136871710044626,0.00027653994945258347,0.0003775157322632254
3409,2,2,0.9976466962333739,0.0003222353527722917,0.9976466962333739,0.0003980073459802266,0.0002987098256401233,0.0005154927221253231,0.0008188585201079027
3410,3,3,0.997974576589939,0.00033505084570794805,0.0004024070128695711,0.997974576589939,0.0004885646642438633,0.0004501398908580858,0.0003492609963815019
3411,6,6,0.9944219858819852,0.0014282591404894975,0.0015387183015795236,0.0008895083737045804,0.00040967109199528955,0.001311857210245946,0.9944219858819852
3412,1,1,0.9983352065308433,0.9983352065308433,0.00021642079197962217,0.0003491640630590883,0.0004485961843727745,0.0002892919015921834,0.00036132052815305904
3413,2,2,0.9978066558378634,0.0003183536905855404,0.9978066558378634,0.00045111029561967355,0.00035586442617710647,0.0005224366570018794,0.0005455790927523179
3414,4,4,0.9980058723224509,0.0005107757473993153,0.0003479771359599758,0.0004575360259292987,0.9980058723224509,0.00038075805898881484,0.0002970807092717195
3415,5,5,0.9967135536741278,0.00047572718371715174,0.0006143727436525605,0.0005772954518946405,0.0004606864400306436,0.9967135536741278,0.001158364506577214
3417,2,2,0.9978672440257026,0.0003200473203332045,0.9978672440257026,0.0003579591347013915,0.0003037797340153438,0.0006268594989121106,0.0005241102863355241
3418,1,1,0.9983214967665348,0.9983214967665348,0.00018999597150740202,0.00033596000545321156,0.0004895158456028839,0.00029851790206882506,0.0003645135088329144
3419,2,2,0.9975467654769895,0.0002039471457712587,0.9975467654769895,0.0005805288396247052,0.00026037914694631583,0.0009008830158470949,0.0005074963748211955
3420,3,3,0.9979641199261582,0.00030938736791804303,0.0004050865050610179,0.9979641199261582,0.0005374457618737326,0.00038170920025827984,0.00040225123873076715
3421,5,5,0.9966723800950515,0.0005748504810230611,0.0006260509928183987,0.0004776773499569165,0.000473905580434726,0.9966723800950515,0.001175135500715311
3422,6,6,0.9945912742698526,0.0013941154747433154,0.0014113017519186658,0.0008855407750179958,0.0003920280930326315,0.0013257396354347856,0.9945912742698526
3423,3,3,0.998037814949529,0.0003503269771864117,0.00044421426970078754,0.998037814949529,0.000462535042565008,0.0003632615917819467,0.000341847169236873
3424,1,1,0.9983209615176507,0.9983209615176507,0.00019713100514142108,0.000316419656626617,0.0003769761982469316,0.0003293492947850407,0.0004591623275493067
3425,5,5,0.9963413390392812,0.00041504600152203675,0.0007653513515357311,0.0004497147148175736,0.0004925343918315496,0.9963413390392812,0.0015360145010118683
3428,6,6,0.9946128909267141,0.0013205670436399347,0.0014826931840996118,0.0009570723235145812,0.00037206981416758046,0.0012547067078641917,0.9946128909267141
3431,2,2,0.9972127149618187,0.0003166216796959402,0.9972127149618187,0.00106618612352423,0.0003619517981676743,0.0003882046175762402,0.0006543208192171586
3432,4,4,0.9979374699876052,0.000536339309074551,0.00033041174101709563,0.00048279076879794694,0.9979374699876052,0.00038987598354592627,0.0003231122099592445
3434,4,4,0.9980252834501803,0.0004373252385747257,0.0003233043196591118,0.0005086817471053138,0.9980252834501803,0.0003644710469508463,0.0003409341975298079
3435,6,6,0.9944249881536672,0.0015025065089501301,0.0014575289814848385,0.0008992044465369873,0.00041312746760158343,0.0013026444417592441,0.9944249881536672
3436,4,4,0.9980226060936103,0.0004898252905497081,0.00029783059401044393,0.0005338248076196384,0.9980226060936103,0.00034423321419403127,0.000311680000015907
3437,3,3,0.9979554971352154,0.0003495438791345221,0.00040374277498953767,0.9979554971352154,0.0004907814706143149,0.00045101583275179605,0.00034941890729449897
3438,3,3,0.9980459991140059,0.0003057569720546761,0.00041455802882673016,0.9980459991140059,0.0004971928804589829,0.00039438392377948986,0.00034210908087414137
3440,5,5,0.996471466178311,0.000457565739167429,0.00085201668245318,0.0005277617876249395,0.0004987362481633327,0.996471466178311,0.0011924533642801796
3441,2,2,0.9968678113831551,0.0005974493543303728,0.9968678113831551,0.0007204141409781131,0.000625825704753894,0.00048547603644209266,0.0007030233803404422
3442,2,2,0.9977401027676911,0.00035954350889138295,0.9977401027676911,0.00043939994347579373,0.00033456345656509483,0.0004710900590243048,0.0006553002643523931
3443,5,5,0.9943890716714788,0.0002997698543974721,0.003848229588920832,0.0005230054183460561,0.00031913318721636,0.9943890716714788,0.0006207902796404642
3444,2,2,0.9972750259817462,0.0002774094385054586,0.9972750259817462,0.0003477596520343732,0.0002919648457779109,0.0008651304859466326,0.000942709595989491
3445,1,1,0.9982935887501027,0.9982935887501027,0.00019065661956683708,0.0003642579868594158,0.0005258991785602372,0.0002617144518068376,0.00036388301310400796
3446,5,5,0.9969129685397231,0.0004936759421054333,0.0007176304441025513,0.0005097857273692833,0.00042117026688578177,0.9969129685397231,0.000944769079813911
3447,4,4,0.9980244305116975,0.00048028195893852634,0.00033711023906237726,0.00047846587997833355,0.9980244305116975,0.00036548920857536177,0.0003142222017478334
3448,1,1,0.9977159339255123,0.9977159339255123,0.00024966208327349763,0.0003281508053828862,0.0005795642989373703,0.00032872211356554037,0.000797966773328558
3449,2,2,0.9898091303780113,0.00030762776322350066,0.9898091303780113,0.0003467266000587977,0.0002873294160458887,0.007819289132987055,0.0014298967096735545
3450,6,6,0.9944868232298338,0.0014602805523307278,0.0014576266323595324,0.0008837655949559316,0.0004321777764068296,0.0012793262141131303,0.9944868232298338
3451,4,4,0.998017069685862,0.0004646482106804974,0.00035558370184662284,0.00048505939630671876,0.998017069685862,0.00038353100420488936,0.00029410800109928463
3453,6,6,0.9943469381195924,0.0015289174955375453,0.0015162101808094811,0.0008781140975969188,0.0004176471064995423,0.0013121729999641012,0.9943469381195924
3454,5,5,0.9967108679620483,0.0004660827240724639,0.0009577461458368475,0.0003967835870671986,0.00041846038389797206,0.9967108679620483,0.001050059197077209
3455,3,3,0.9979602196162419,0.0003050250190620348,0.00039849312447703874,0.9979602196162419,0.000531951081811227,0.0003469572313090656,0.0004573539270987502
3457,6,6,0.9937015135035986,0.00184369482857245,0.0016005663339617002,0.0009331912135563601,0.00041714162453584556,0.0015038924957750343,0.9937015135035986
3458,2,2,0.997774688145384,0.00026511701439728636,0.997774688145384,0.00033712906064277864,0.0003145029855212003,0.0007217137808011141,0.0005868490132538054
3462,1,1,0.9983153072991047,0.9983153072991047,0.00020575354017344087,0.00031702344728308355,0.0004870197312869029,0.00032070691527748036,0.0003541890668742174
3463,5,5,0.9966520184409758,0.0004960514248398374,0.0006427713358550244,0.0005035340774955489,0.000623269383879371,0.9966520184409758,0.0010823553369543725
3468,3,3,0.9980326652462307,0.00035107465903777937,0.0004030868439062005,0.9980326652462307,0.0004641280268360162,0.00039630696083925047,0.00035273826315011835
3470,2,2,0.9976126379483161,0.000296348572960965,0.9976126379483161,0.0003782408181645324,0.000292817550580763,0.0009490265332156192,0.000470928576761965
3472,3,3,0.9967181521813862,0.0003104073036632319,0.0011972222336456395,0.9967181521813862,0.0007082268704297238,0.0005284528295922902,0.0005375385812830484
3473,2,2,0.991796559021651,0.00032838571900717725,0.991796559021651,0.00036475974254956576,0.0003981250995737846,0.006186925471007464,0.0009252449462108531
3474,6,6,0.9946275836565018,0.0013729616269548702,0.0014222748104301473,0.0009863373604078384,0.00039649649004430514,0.0011943460556609663,0.9946275836565018
3475,5,5,0.9969758514178796,0.00037055746057364106,0.0009194386802961676,0.00040321897081884844,0.0004444213489521289,0.9969758514178796,0.0008865121214795721
3476,6,6,0.9944358150719691,0.0014142848481993513,0.0015368961461363067,0.0008892255968042954,0.00041303642204014104,0.0013107419148507896,0.9944358150719691
3478,3,3,0.9979374570205466,0.0003093885948188853,0.00042436752805801646,0.9979374570205466,0.0005031057016378842,0.0003693504027719267,0.0004563307521666836
3480,2,2,0.9969975859591307,0.00025250090286527653,0.9969975859591307,0.00032124506023055704,0.00023583664433008642,0.0016002943181991328,0.0005925371152442642
3481,3,3,0.9980222818399299,0.0003386894991762916,0.0004603247632254197,0.9980222818399299,0.000423183853121848,0.00042153119216905297,0.00033398885237751044
3482,3,3,0.9978597427446797,0.00036302797013776627,0.0004578718902439265,0.9978597427446797,0.000628737786913847,0.00037922457332389644,0.0003113950347009205
3483,3,3,0.9979377363618596,0.00036330261249938153,0.000427652378576369,0.9979377363618596,0.0005478086263303399,0.00039367283966762283,0.00032982718106680585
3484,2,2,0.9971840443646889,0.00025759796216453477,0.9971840443646889,0.00026676735738568767,0.00022856655467402484,0.0014664064896373515,0.0005966172714493487
3485,3,3,0.9980573580116171,0.0003256467148207962,0.0003991309598574821,0.9980573580116171,0.000474305759384247,0.000382870763404073,0.0003606877909163786
3486,4,4,0.9980414821730715,0.0005201732747391115,0.00032064676640851516,0.00043757054279108755,0.9980414821730715,0.000347865311412227,0.000332261931577546
3491,1,1,0.998326583214738,0.998326583214738,0.00021215022573013698,0.00032520381940110576,0.0004338904847256614,0.00023222590452780354,0.0004699463508772936
3492,6,6,0.9944416549799844,0.0013692989722735736,0.0013992646243609643,0.0008758190960780127,0.00039622602481143704,0.0015177363024916094,0.9944416549799844
3494,5,5,0.995049890380877,0.000443474853725144,0.001139675379475781,0.0008899252830657923,0.000389610066580551,0.995049890380877,0.002087424036275744
3496,1,1,0.9983573656113882,0.9983573656113882,0.0002204468232684547,0.0002886322884389624,0.00037503811736261573,0.00030028124082435087,0.00045823591871738367
3498,5,5,0.9965535261920914,0.0004785669085212755,0.0006612532795393319,0.000890179757528036,0.0005074447764315622,0.9965535261920914,0.0009090290858884669
3499,4,4,0.9980617217283083,0.00047979562236243094,0.0002893801498903719,0.00047148353824428375,0.9980617217283083,0.00038031825180289905,0.000317300709391759
3500,3,3,0.9978338370351055,0.00042764720160098804,0.0004048297419289513,0.9978338370351055,0.0005876821981490433,0.0004299318521302659,0.0003160719710851877
3502,3,3,0.9980381623514313,0.00034063587597855976,0.00043352672174886667,0.9980381623514313,0.000359494722487392,0.00045489420215150085,0.00037328612620243757
3503,3,3,0.9975217291613944,0.0004218613742241715,0.0005818145761434573,0.9975217291613944,0.0007334123591198837,0.00031055863155810145,0.0004306238975599833
3504,1,1,0.998312759803517,0.998312759803517,0.0002171428132077073,0.0003149070198774169,0.0003918539516247999,0.0002936622678217053,0.0004696741439513781
3505,3,3,0.9980321743214736,0.0003195561072320228,0.00036614650956894317,0.9980321743214736,0.0004559899488280208,0.0004672109309042383,0.0003589221819931393
3506,4,4,0.9979513478192894,0.0005422670548509106,0.00036759868766296787,0.00046825229613651993,0.9979513478192894,0.000371101537033738,0.00029943260502641723
3507,3,3,0.9979308947007928,0.00036809948887220285,0.0004802607631710367,0.9979308947007928,0.0004627102801088727,0.00044900505337415377,0.0003090297136809263
3508,6,6,0.9946195816702686,0.0013620570175295662,0.0014244976543117264,0.0008865217444232193,0.0004042883704332183,0.0013030535430336148,0.9946195816702686
3510,4,4,0.9979370587894518,0.0005820584922885392,0.0003557154472360735,0.00046353221433545336,0.9979370587894518,0.00037092496314089464,0.000290710093547302
3511,2,2,0.997734975780579,0.00030699295910938714,0.997734975780579,0.00039797730219492565,0.0003180213034784086,0.000526504163172016,0.0007155284914662813
3512,2,2,0.9974557109883437,0.00030695212119730944,0.9974557109883437,0.0004727803428813327,0.00027357520632291814,0.0007292031475804136,0.0007617781936742799
3513,6,6,0.9944735354935266,0.0014666959451322939,0.0014668029308150486,0.0008749910211443564,0.00041526908946070725,0.0013027055199209786,0.9944735354935266
3514,4,4,0.9980695795500071,0.000415353355802989,0.00032951043387910146,0.0004704622799961496,0.9980695795500071,0.0003454726934570199,0.0003696216868577235
3515,6,6,0.99443644393856,0.0014670763361634186,0.0015195292416742543,0.0009666847771481255,0.0003890840399518269,0.0012211816665023204,0.99443644393856
3517,2,2,0.9976987426081596,0.0003434517021212585,0.9976987426081596,0.0005719090319801204,0.0003933476360773129,0.000482126904064648,0.000510422117596887
3518,2,2,0.9977836201595885,0.0003304326154402574,0.9977836201595885,0.00041434454816987145,0.0003213885417470753,0.00046824193281229983,0.0006819722022419426
3519,6,6,0.9942655888840578,0.001549669732079457,0.001526437425426586,0.000930927319265406,0.000451888847673659,0.0012754877914971123,0.9942655888840578
3522,4,4,0.9979893140208357,0.00045599099448237967,0.0003001653873593725,0.0005191279431387771,0.9979893140208357,0.0003809079127489462,0.00035449374143490614
3523,2,2,0.9973402108519069,0.0002710728334556317,0.9973402108519069,0.0004581995039303507,0.00024523675021397224,0.0005956673819464442,0.0010896126785467195
3525,4,4,0.998040417220984,0.00047299206768979993,0.0003225980940797907,0.0004283627733531127,0.998040417220984,0.000382551106895163,0.0003530787369981968
3526,3,3,0.99797476909764,0.0003544757336025117,0.00042534186962609046,0.99797476909764,0.0005071464470151613,0.0004111743002057667,0.00032709255191041024
3527,6,6,0.9946460064151834,0.0013084857788041966,0.001432698590648358,0.0009159687298963331,0.0004007110281026563,0.001296129457365051,0.9946460064151834
3528,1,1,0.9982764456341336,0.9982764456341336,0.0002047499872788767,0.000382672407192485,0.0004984933660819182,0.0002564011918897419,0.00038123741342329737
3530,1,1,0.9983448653244246,0.9983448653244246,0.00021429779405506553,0.0003344477734492717,0.0004046201124415979,0.0002615694473786292,0.0004401995482509012
3531,5,5,0.9968588372221933,0.0004867305406830392,0.0007179700201825452,0.0004050046271861449,0.00041407597101559055,0.9968588372221933,0.0011173816187394355
3533,5,5,0.9968680647142452,0.0005175050416563579,0.0007694017187264472,0.0004628242125275399,0.000416999067744307,0.9968680647142452,0.0009652052451002159
3534,1,1,0.9983820298598035,0.9983820298598035,0.0002085596472331201,0.0003304772735139775,0.0003279336276892733,0.0003205748401494485,0.0004304247516107345
3535,3,3,0.9979186664546453,0.00038342297233766954,0.0004209740441046616,0.9979186664546453,0.0004942654055133914,0.00045740729595030024,0.000325263827448638
3536,5,5,0.9968406955351856,0.0006780662089447912,0.0007330480001943104,0.00040283259947492244,0.00044151423782933115,0.9968406955351856,0.0009038434183710272
3537,3,3,0.9979072624506363,0.0003079891264240407,0.00043503945120944716,0.9979072624506363,0.0005400796553733915,0.000458929155374675,0.0003507001609819329
3539,6,6,0.994756089939222,0.0012707988337477352,0.001411787332747502,0.0009910598038666044,0.00039029074337546584,0.0011799733470406971,0.994756089939222
3540,5,5,0.9966980209314779,0.0004458059261462303,0.0007021114572658647,0.00045543920670666576,0.0005077521777491835,0.9966980209314779,0.0011908703006542427
3542,4,4,0.9980799572934277,0.000402459084568287,0.0002966350475965471,0.00045584869694129446,0.9980799572934277,0.00037668397403263574,0.0003884159034335163
3544,2,2,0.9971817701964837,0.0003818277898440061,0.9971817701964837,0.0007127551922628835,0.00045214488501163074,0.000659029579608467,0.0006124723567893771
3545,3,3,0.9980428555494777,0.00032648378338183696,0.0003818117967608813,0.9980428555494777,0.0004682487791491537,0.00040882440149514823,0.0003717756897353109
3546,3,3,0.9979952610083102,0.0003104563813775035,0.00039751091534530466,0.9979952610083102,0.0004947659926793349,0.00045189404209629736,0.0003501116601914388
3547,4,4,0.9976486028269858,0.0005170601375442087,0.0003384322444888222,0.0007276385049986012,0.9976486028269858,0.00044806136207698285,0.00032020492390561037
3548,2,2,0.9959010333764462,0.000728055794678424,0.9959010333764462,0.000900096994654432,0.0006118441874819915,0.0006470138419694227,0.001211955804769672
3550,2,2,0.99777813409639,0.0003016944954958506,0.99777813409639,0.0003477166397913479,0.00031161671787233896,0.000611589809285467,0.0006492482411649099
3551,2,2,0.9966757260966946,0.0002871703171350685,0.9966757260966946,0.001437830151374027,0.00032203688051735965,0.0005606538595561175,0.0007165826947227638
3552,5,5,0.9962523396640542,0.0005924749312150617,0.0007955517357333695,0.0004427377926369795,0.00039186950751843227,0.9962523396640542,0.0015250263688418887
3553,4,4,0.9981247725278186,0.00041278799798892345,0.0003060609217347216,0.00045108328811857275,0.9981247725278186,0.0003608898669957364,0.00034440539734343424
3554,2,2,0.9978352150697086,0.0002565500010095318,0.9978352150697086,0.0003350141219720584,0.00027155261630633517,0.0007770391736320751,0.0005246290173715346
3555,4,4,0.9980587035308314,0.0004538014574808574,0.000326396489138411,0.0004701095574586633,0.9980587035308314,0.0003395731622070935,0.000351415802883625
3556,1,1,0.9981120932222824,0.9981120932222824,0.0002784898168705461,0.00041797244542394,0.0005121165971199983,0.00022736158329941228,0.0004519663350037125
3558,3,3,0.9980086927681582,0.00034664148895154057,0.0004214679829160906,0.9980086927681582,0.000471751044366424,0.0004237891586935324,0.00032765755691421274
3559,1,1,0.9983238869264855,0.9983238869264855,0.0002300639092792437,0.00037625500051606693,0.00039575587716370194,0.00022566873598685902,0.0004483695505685947
3560,5,5,0.9958842040812073,0.0008747860825900771,0.0008450689190723749,0.00039677864734420496,0.0004573215974497457,0.9958842040812073,0.0015418406723363923
3562,3,3,0.9979894084254282,0.00030178311630232126,0.0003629425454366785,0.9979894084254282,0.00045357652939280436,0.0004630102158204621,0.00042927916761956354
3563,5,5,0.9966963084028821,0.0006543575726364148,0.0006712677122830877,0.0004467097551635762,0.00046923955318192153,0.9966963084028821,0.001062117003852859
3565,3,3,0.997628758832726,0.0003701203564752074,0.0005779815207440184,0.997628758832726,0.0006330335055251911,0.00034158434486259527,0.0004485214396668063
3566,5,5,0.9967907765967716,0.0004998795089546627,0.0006131753601662766,0.0004693039284207936,0.00048263057172214614,0.9967907765967716,0.0011442340339645413
3567,2,2,0.8350049419128712,0.0018913332972334458,0.8350049419128712,0.0006797954688297987,0.0009731897341595137,0.15848805317518544,0.0029626864117206176
3568,1,1,0.998390988081347,0.998390988081347,0.00019554592153772667,0.0003128956748612536,0.00041810595910347323,0.00030477221406329793,0.00037769214908725193
3569,3,3,0.9978542162462325,0.0004207070421225547,0.0005411749176285045,0.9978542162462325,0.0004473052635778905,0.0003440243336944898,0.0003925721967440244
3570,2,2,0.9972474321677706,0.00036944719478594975,0.9972474321677706,0.0009185018965810896,0.0003063458896928079,0.000556670447801977,0.0006016024033676807
3572,6,6,0.9943912073994506,0.0013664985714951828,0.0014682775713425137,0.0010567873828933817,0.0003415593047780428,0.0013756697700402318,0.9943912073994506
3574,2,2,0.9974527920086061,0.0003582258193022605,0.9974527920086061,0.0006361544520975919,0.000325824928549647,0.0006685471355690645,0.0005584556558752736
3575,4,4,0.9981017055475754,0.00042483018608056335,0.0003146339525814471,0.00045847587080462157,0.9981017055475754,0.0003553070768514411,0.0003450473661065472
3576,2,2,0.9969248284028659,0.00028806258121290767,0.9969248284028659,0.001254529672277034,0.00040590167872017567,0.0005871165720489692,0.0005395610928750631
3578,2,2,0.9976896633981774,0.000321641603049811,0.9976896633981774,0.0003930422005975261,0.0002868085110594241,0.0005775701369621295,0.0007312741501536838
3579,3,3,0.9979353872455022,0.00029323758576945905,0.0003704774907881796,0.9979353872455022,0.0005712144620375511,0.00040650110520483495,0.00042318211069779574
3580,1,1,0.9980451081817733,0.9980451081817733,0.0002293723293992007,0.00046342350653904674,0.0005710103454678068,0.0002545099455834565,0.00043657569123722845
3581,4,4,0.9980420685770482,0.00047731487938195663,0.00028363323154744185,0.00047850557524820606,0.9980420685770482,0.00036924156349541013,0.0003492361732787864
3582,4,4,0.998069974209078,0.00045992066217986915,0.0003194143367976084,0.00042299101865914124,0.998069974209078,0.0003666326491492572,0.0003610671241361404
3586,6,6,0.9946721658196992,0.001248276617618088,0.0013774620077581308,0.0009770165651372645,0.0004188772485512335,0.0013062017412360867,0.9946721658196992
3587,5,5,0.9966148750915793,0.0004757649156845398,0.0006498235754462009,0.0005421676914977646,0.0005386808197725184,0.9966148750915793,0.0011786879060197361
3588,3,3,0.9979722053091308,0.000366202735697973,0.00042061176547415226,0.9979722053091308,0.0005137573538834485,0.00038794792488349003,0.00033927491093017464
3589,3,3,0.9980240134809295,0.0003225411141783914,0.0004383869644498695,0.9980240134809295,0.0005089373580181417,0.0003424816623562413,0.0003636394200678038
3590,2,2,0.9972275258031018,0.00033872036226079567,0.9972275258031018,0.0007798507507037326,0.0003189387231834695,0.0007717828203295282,0.0005631815404207043
3591,3,3,0.9979314308302433,0.0003611425165881439,0.00042748961336547595,0.9979314308302433,0.0005244712550404821,0.0003844818957059587,0.0003709838890566753
3592,6,6,0.9946205022533889,0.0012940361244856236,0.0014432161983734433,0.0008887785323311693,0.000413446362799938,0.0013400205286208788,0.9946205022533889
3593,1,1,0.9983702581211057,0.9983702581211057,0.00021576684106117854,0.0003273751445407838,0.0004376174305958659,0.0002947583353165176,0.0003542241273799849
3594,4,4,0.9981070501641148,0.00041433794354786714,0.00030678836597922723,0.000471787862523804,0.9981070501641148,0.00034868863075159125,0.0003513470330826875
3596,4,4,0.997686118624295,0.0004068666775922306,0.000303769504416464,0.00048657426706454586,0.997686118624295,0.0004578605742915988,0.0006588103523399575
3597,6,6,0.9944788280930039,0.001442589457028286,0.0014794081310971635,0.0008578811011939531,0.00040587617226663515,0.0013354170454100338,0.9944788280930039
3598,2,2,0.9833626475817352,0.0004963378168605196,0.9833626475817352,0.013825418046137308,0.0005292598943418596,0.0005529871407130323,0.0012333495202120584
3599,2,2,0.9977886254241416,0.0003516520935773747,0.9977886254241416,0.0004401882518577293,0.00036565732353459774,0.0005130770546283513,0.0005407998522603771
3600,5,5,0.9964917198885508,0.0007269736304063521,0.0006490689053005618,0.0005774298273735617,0.000496885850533978,0.9964917198885508,0.0010579218978347433
3601,4,4,0.9976392385686017,0.00040481371005514317,0.0003501459804246839,0.0008846039469338331,0.9976392385686017,0.0003794102585425148,0.00034178753544210057
3602,1,1,0.9982292563191489,0.9982292563191489,0.0002405111712814614,0.0003789809899611666,0.0005077573845131123,0.00025436082633639517,0.00038913330875896474
3604,4,4,0.9980794742690295,0.0004567732064447932,0.0003129699498536346,0.0004502767363628735,0.9980794742690295,0.0003599949030691736,0.0003405109352400106
3607,2,2,0.997789089222607,0.0003469642182948372,0.997789089222607,0.00039525297673977333,0.0003503223639872019,0.0005195128365724741,0.0005988583817987033
3608,2,2,0.9977708210159879,0.0002829183748216129,0.9977708210159879,0.00045732730495986345,0.0003622075727093108,0.0006112418699498893,0.0005154838615713728
3609,1,1,0.9980537137326609,0.9980537137326609,0.00026259924622717263,0.0004483151038893026,0.0005661896678448544,0.0002815959574842914,0.00038758629189338906
3610,6,6,0.9945604458694274,0.0014039955925516591,0.0014302853161041256,0.0010070390091908097,0.00042003720207001865,0.0011781970106560207,0.9945604458694274
3611,3,3,0.997935846714482,0.00035816097667015,0.00042286539546376864,0.997935846714482,0.0005682615775894312,0.0003905703605393457,0.0003242949752552868
3612,5,5,0.9956302946780676,0.00046310133127828654,0.0010428240291001378,0.0005968502423101456,0.0004759955202774648,0.9956302946780676,0.0017909341989663279
3615,6,6,0.9935307775228011,0.0019478132546762053,0.0016568481848222112,0.0008898187953831153,0.000449221944940528,0.0015255202973768693,0.9935307775228011
3616,6,6,0.9947057009131288,0.001328932306499265,0.0014108436373941062,0.000933678263328068,0.0003943400083046997,0.0012265048713450376,0.9947057009131288
3618,6,6,0.9930189226467143,0.0019523207979566584,0.0015644847840980318,0.0009043966978908601,0.0004214136268395116,0.0021384614465005986,0.9930189226467143
3619,1,1,0.9983275069478128,0.9983275069478128,0.0002070984634194318,0.00033545903982300663,0.00039126188440366056,0.0003025069820822323,0.0004361666824588355
3620,4,4,0.9980489531164318,0.0004194425635654058,0.00031078678298644203,0.0005424406543267007,0.9980489531164318,0.00034408211972173784,0.0003342947629680044
3621,6,6,0.9942721164056412,0.0015837757439237442,0.0015061480279911835,0.0008582428012032721,0.00039240004984502464,0.00138731697139563,0.9942721164056412
3623,3,3,0.9980265232357949,0.0003149317636945458,0.00038936790200224617,0.9980265232357949,0.0005105539931728472,0.0003170067214795399,0.00044161638385600675
3624,3,3,0.9980203456484756,0.00035922200760973025,0.0004114145436586088,0.9980203456484756,0.0004689724869186602,0.000315162652868505,0.0004248826604689279
3625,4,4,0.9979799177894916,0.0004106419223522811,0.0003043162732191598,0.00048084829688244894,0.9979799177894916,0.00046650328280296914,0.00035777243525162485
3626,4,4,0.9981081260620326,0.00038912649902127927,0.0003228040222843085,0.00048625511766738153,0.9981081260620326,0.00035263460381853456,0.0003410536951758953
3627,4,4,0.9978957152684,0.0004669094330800096,0.00029437977285576164,0.0005792003926205439,0.9978957152684,0.00031242507901897096,0.00045137005402470895
3628,1,1,0.997949099543395,0.997949099543395,0.0002419646277801257,0.0004387708246769448,0.0006738735847163827,0.00037075544052115933,0.000325535978910488
3629,1,1,0.998214999245675,0.998214999245675,0.00020189931884115016,0.00030396067914515194,0.0005533332222146133,0.0002951904141160509,0.00043061712000800093
3631,2,2,0.9976954090584306,0.00026476701042027755,0.9976954090584306,0.0005399343913056894,0.0002051811071590422,0.0007944343559111815,0.0005002740767730218
3632,2,2,0.9975614516083676,0.00036978351882698473,0.9975614516083676,0.0005366333626882105,0.000388446524671143,0.0004212186600223407,0.0007224663254237726
3633,3,3,0.9979945807881022,0.0003604653175113978,0.00039785331745960145,0.9979945807881022,0.0005341876681980677,0.00036752561517209605,0.0003453872935567353
3634,4,4,0.9979826281846769,0.0005476918996929104,0.00033575981677499376,0.0004544272953203937,0.9979826281846769,0.0003559135816305792,0.00032357922190426964
3636,2,2,0.9978201885888309,0.00029049008456862784,0.9978201885888309,0.0005065850211170291,0.00029692060456364274,0.0004886845950270186,0.0005971311058927968
3637,4,4,0.9981138730317893,0.00042843411314417697,0.0003112872371518996,0.00043180919705890593,0.9981138730317893,0.00034970924109877866,0.00036488717975693394
3638,1,1,0.9981614764011497,0.9981614764011497,0.00019898364187804176,0.00039750889843480797,0.0005722686659689782,0.0002709379428135627,0.0003988244497549538
3639,1,1,0.9983474114316537,0.9983474114316537,0.0002125144948854173,0.0003342952545626926,0.0004041226870178591,0.00025618964391789956,0.0004454664879622268
3640,4,4,0.9980246394451242,0.000446496382058102,0.0003532467726654348,0.0004732654756494201,0.9980246394451242,0.0003800701157997999,0.00032228180870311814
3641,6,6,0.9943351138272827,0.0014517785731988446,0.0015381312678804644,0.000898948694955936,0.00042770607930490116,0.0013483215573772164,0.9943351138272827
3643,1,1,0.9983007699406364,0.9983007699406364,0.0002058180478215589,0.00032154562152403695,0.0005050211526016419,0.00024357194560943683,0.00042327329180688166
3644,1,1,0.9983162483028264,0.9983162483028264,0.0001897204772807515,0.00034873828096170737,0.0005248852286430392,0.0002497639109508941,0.0003706437993372401
3645,5,5,0.9969325137859035,0.0004749883990231934,0.0009805081716082798,0.0003651627947962126,0.00037181657077111095,0.9969325137859035,0.0008750102778977471
3646,2,2,0.9977108277120371,0.0003460350453234449,0.9977108277120371,0.0005000210952396761,0.00041125692555273264,0.0004478261462222897,0.0005840330756245071
3647,1,1,0.99835185802396,0.99835185802396,0.00020785859165043153,0.00033658561089961695,0.0003908058457935516,0.0002487478309458592,0.00046414409675060443
3648,5,5,0.9962406054067362,0.0005148494329377486,0.0006662502931474561,0.0004632206352322994,0.0007043169388328068,0.9962406054067362,0.001410757293113489
3649,6,6,0.9942321762042113,0.0014062520006656346,0.001455474147839024,0.0008924294900820237,0.0003882504469720486,0.00162541771022991,0.9942321762042113
3650,5,5,0.9943875179278713,0.0007243811779903251,0.0006469090459523056,0.0010018735898931579,0.0005258545650175003,0.9943875179278713,0.0027134636932753804
3651,1,1,0.9984189535771849,0.9984189535771849,0.00020227867014674215,0.00030416576995579873,0.00038887183045431805,0.0002967247643224571,0.0003890053879358134
3654,4,4,0.9980895240416797,0.00042713856867151675,0.0002821891774700076,0.0004582187248270158,0.9980895240416797,0.0003396250939366467,0.00040330439341511803
3656,4,4,0.9979343642299784,0.0005026487166346995,0.000355185657938149,0.0004847354832023078,0.9979343642299784,0.0004294287162222184,0.0002936371960242162
3657,2,2,0.9604428871663361,0.0003684718114220949,0.9604428871663361,0.0005711309642790739,0.00043605413112435634,0.037096922256505016,0.0010845336703334603
3658,6,6,0.9945855765968196,0.0012960759960960037,0.0014801836848927939,0.0010341248738243772,0.0003999410849179272,0.0012040977634493574,0.9945855765968196
3659,4,4,0.9981158409978951,0.00040934744780889116,0.0003124341134608381,0.00043632672622753634,0.9981158409978951,0.000367745037911841,0.0003583056766957982
3662,2,2,0.9978550894581069,0.0002751686486633868,0.9978550894581069,0.0003612149744743535,0.0003154009140703238,0.0006452831386635837,0.0005478428660214806
3663,3,3,0.9980289592142548,0.00038122214990728615,0.00044724285219000876,0.9980289592142548,0.0004590267024013208,0.0003231988602939706,0.0003603502209526485
3664,6,6,0.9946173824931656,0.0013544691919044373,0.0014494607165550033,0.000882449833107596,0.00041795355239761375,0.0012782842128697387,0.9946173824931656
3665,3,3,0.9976965732627738,0.0005966359266835502,0.00039439929381528723,0.9976965732627738,0.0005776493422242834,0.00040636137695309026,0.0003283807975500424
3666,5,5,0.9968896338489013,0.0005633261657335735,0.0006935257579400039,0.00043611518761820086,0.00046508749737182557,0.9968896338489013,0.0009523115424351344
3668,5,5,0.99598773348295,0.0003363966020346747,0.0007771953981180792,0.0007582192346151677,0.0005478420754880133,0.99598773348295,0.0015926132067940833
3670,2,2,0.997640660427512,0.00033809891325906397,0.997640660427512,0.0006112714343878736,0.0003488659037008319,0.00041479495182528375,0.0006463083693150038
3671,2,2,0.9970189348631254,0.0004227507458658813,0.9970189348631254,0.0004970785820286908,0.00032990714004888975,0.0004993878545637401,0.0012319408143674025
3673,4,4,0.9980087876369925,0.0004393177571776301,0.00032953561887802266,0.0004291233850782047,0.9980087876369925,0.0003940656426931557,0.0003991699591804787
3674,2,2,0.9973805769622052,0.00024066608446929444,0.9973805769622052,0.00027168865469376276,0.00023413320648918234,0.0012463262490496464,0.0006266088430930708
3675,5,5,0.9962892081969125,0.0006675147948409095,0.0005167652073399338,0.0007230858856827747,0.0005178270897770328,0.9962892081969125,0.001285598825446848
3676,5,5,0.9948332732232859,0.0004884324357189061,0.0009580561150065288,0.0005095615239576865,0.0009948346227095922,0.9948332732232859,0.0022158420793214977
3677,6,6,0.9947447488443644,0.001318935266647618,0.00139636984703875,0.0009568309483291923,0.0004058162913368716,0.0011772988022831965,0.9947447488443644
3678,3,3,0.9977758940937457,0.0002946617957961585,0.000418367326468984,0.9977758940937457,0.0005273343001978766,0.0004628584068269215,0.0005208840769643301
3679,4,4,0.9979746434694365,0.000561761292251451,0.0003203657818121855,0.0004476163950960735,0.9979746434694365,0.0003828806609628575,0.00031273240044094513
3681,3,3,0.9980437193518978,0.0002957587608107352,0.00042856563026897064,0.9980437193518978,0.00041081153587002253,0.00047569742402375304,0.00034544729712870866
3682,1,1,0.9983918640892032,0.9983918640892032,0.0002132213097746778,0.00031016829914152046,0.00040997971676930915,0.0002886174644304982,0.0003861491206807717
3683,5,3,0.5633760180559776,0.0032413325301155634,0.00269035649863499,0.5633760180559776,0.0016530581303581845,0.42318317939492367,0.005856055389990012
3685,3,3,0.9977383278778204,0.0003905022036560974,0.0005664058072415094,0.9977383278778204,0.0004960513158018244,0.00043951671958310825,0.00036919607589710866
3686,3,3,0.9979916858914258,0.0003388283383074064,0.0004219671265927777,0.9979916858914258,0.0004344712963702554,0.00033964493358628283,0.00047340241371745357
3687,4,4,0.9980205029373487,0.0005333107985717399,0.0003166730372383837,0.00044410788076022946,0.9980205029373487,0.0003690311760695251,0.000316374170011452
3688,3,3,0.9980653455564927,0.0003298636758322412,0.0003956684877088499,0.9980653455564927,0.0004662794481933,0.0003844014921251425,0.00035844133964771846
3689,5,5,0.9967493048875534,0.0004832391098377008,0.0006877582795391882,0.0005031665321151685,0.000525655062428107,0.9967493048875534,0.001050876128526427
3690,3,3,0.9979769861701141,0.00029203133528579435,0.0003901291163720274,0.9979769861701141,0.0004979539799407519,0.0005061444965482342,0.00033675490173908844
3691,2,2,0.9977237879841961,0.0003033527845672973,0.9977237879841961,0.00029714944843954247,0.00027744403005286965,0.0008794311114300767,0.0005188346413140391
3693,6,6,0.9945995908671541,0.0012828385354866812,0.0013034013232357993,0.0009327140964310738,0.0003909503324085866,0.0014905048452837565,0.9945995908671541
3694,2,2,0.9978023867807156,0.0002710779237464881,0.9978023867807156,0.0004918714158811926,0.00030516825730091037,0.0005444668079317537,0.0005850288144241732
3695,3,3,0.9980514326349078,0.0003015892372761894,0.00040538514109596246,0.9980514326349078,0.0005010782181497063,0.00039318900598181406,0.00034732576258834013
3697,4,4,0.9980748613842984,0.0004777413427015282,0.00033648311154642325,0.000451502523149599,0.9980748613842984,0.0003429432886129732,0.000316468349691125
3699,1,1,0.9983671126978833,0.9983671126978833,0.00021807463386988427,0.0003514124482636446,0.0003639150170442537,0.00028768865220485905,0.00041179655073409795
3702,6,6,0.9925488067177325,0.0017917399227141229,0.0018958901901487042,0.0008846443230997791,0.0004326483395065459,0.002446270506798412,0.9925488067177325
3703,4,4,0.9980682853857636,0.00044987807740247616,0.00031809143373736916,0.00045793090462426005,0.9980682853857636,0.0003510641280334202,0.000354750070438846
3705,5,5,0.9949309667921556,0.0006375727342604835,0.0009473482942297427,0.0005585145131227388,0.000756274676842753,0.9949309667921556,0.0021693229893886873
3706,5,5,0.9954178638341549,0.00039073890108405797,0.0019826410014566784,0.00042914638330377467,0.0006153951587624354,0.9954178638341549,0.0011642147212381853
3708,2,2,0.9977484112909965,0.000331032566492045,0.9977484112909965,0.0004667532545895238,0.00038552398061785355,0.0004462966116398114,0.0006219822956643434
3710,6,6,0.9947340469615966,0.0013746292071489471,0.0013261620163044273,0.0009293691237570894,0.0004233361970541052,0.0012124564941387603,0.9947340469615966
3711,4,4,0.9980420508003788,0.0004633646199192503,0.0003109877405886527,0.0004950600864975281,0.9980420508003788,0.00036273504673803807,0.00032580170587779493
3712,5,5,0.9967925065067682,0.0004455426001476161,0.0007317623322574592,0.0004482313866585545,0.0005103758943158274,0.9967925065067682,0.0010715812798523558
3713,4,4,0.9980249918477383,0.0004289188363486202,0.00033984872297481,0.0005115906476544986,0.9980249918477383,0.0003689631452464409,0.00032568680003738367
3714,3,3,0.9979685258537776,0.00031902630406204955,0.0003999712186158086,0.9979685258537776,0.0005477690889942997,0.00043301696020632736,0.0003316905743437281
3716,5,5,0.9966998092385183,0.00038527601857947096,0.0007475033764406681,0.0005044334378841328,0.0005741105649126055,0.9966998092385183,0.0010888673636648498
3717,1,1,0.9983985975340072,0.9983985975340072,0.00020374514769713997,0.0003129324163254469,0.00039986910817737685,0.0002942462729606217,0.0003906095208322552
3718,3,3,0.9979462063564375,0.0003620076763003876,0.00042701431238528385,0.9979462063564375,0.0004836687602793951,0.00046503904909084206,0.000316063845506634
3722,3,3,0.9980008553025432,0.000335641223704804,0.0003977801170264126,0.9980008553025432,0.0005217182619495867,0.00032616909052525874,0.0004178360042507177
3723,4,4,0.9979870321980527,0.0005546934554874968,0.00032414065216776407,0.00046096942981672256,0.9979870321980527,0.0003752570483885156,0.00029790721608678473
3724,5,5,0.9967198814189313,0.0005291542538775901,0.0007131530909691024,0.00042265396844576455,0.0005027400834237852,0.9967198814189313,0.0011124171843524932
3725,3,3,0.9979682161496508,0.0003232950949479557,0.00040067584161400984,0.9979682161496508,0.0005040487556542625,0.00045727188238962646,0.0003464922757433093
3726,3,3,0.9977237491899844,0.00044474500061723833,0.0005089014256877027,0.9977237491899844,0.0005260169225631032,0.0004899581500685023,0.0003066293110791095
3728,4,4,0.9978991065379997,0.0004950529799768451,0.00033146261070829554,0.0005199539857590311,0.9978991065379997,0.00043028956152408644,0.0003241343240320025
3730,3,3,0.9980510395986035,0.00036033033114369413,0.00043398444204824447,0.9980510395986035,0.00044927757351228984,0.0003561683670052797,0.00034919968768700734
3732,4,4,0.9980539767542247,0.0004794520538157547,0.0003248066572972945,0.0004215096121378923,0.9980539767542247,0.00038084576654049394,0.00033940915598384345
3733,4,4,0.9978473144335707,0.000564683391715388,0.00035281218880985976,0.0004928460666387173,0.9978473144335707,0.0003812809119570339,0.00036106300730846764
3734,2,2,0.9976873036759516,0.00034330872535209557,0.9976873036759516,0.0004360665988649302,0.0003575097950871869,0.0005571470128650181,0.000618664191879126
3735,2,2,0.9977425311787297,0.0003128935134014764,0.9977425311787297,0.0005267584963306551,0.00034905395013186576,0.0005631984171776112,0.0005055644442287595
3736,5,5,0.995788463568736,0.00054850921995512,0.000520457723879854,0.0007043209525454696,0.0006113859544851516,0.995788463568736,0.0018268625803984698
3737,6,6,0.9941750494889938,0.0016251833245502089,0.0015175781943343645,0.0009240524098686602,0.0004701693405478973,0.0012879672417050194,0.9941750494889938
3738,6,6,0.9944294465340509,0.0014271697403981701,0.0014846863586555888,0.0008415946313050863,0.0003937416387745622,0.00142336109681574,0.9944294465340509
3739,5,5,0.9913846767356722,0.0044227808208584405,0.0013619733049298093,0.0004765080767459981,0.0005376159375266037,0.9913846767356722,0.0018164451242668855
3740,2,2,0.9977627243431102,0.00027240513873969733,0.9977627243431102,0.0005640615285584138,0.0003512638531898631,0.0004688160782230121,0.000580729058178812
3742,5,5,0.9966280728390856,0.0006776290834723343,0.0007502576986740368,0.0004271988952714458,0.0005060850382906888,0.9966280728390856,0.0010107564452058709
3743,2,2,0.9976753024253248,0.00027407654746296455,0.9976753024253248,0.000467009350135419,0.0002507624306383637,0.0006907420072302307,0.0006421072392083045
3744,1,1,0.9983467767782959,0.9983467767782959,0.00023320511591427872,0.0003565774429191298,0.0004216288385844621,0.0002631803723980047,0.00037863145188824946
3745,3,3,0.9979760510934387,0.00036955179730224986,0.00040018753473202855,0.9979760510934387,0.0005106111846765218,0.0003920246675871848,0.00035157372226339714
3748,1,1,0.9983884264675807,0.9983884264675807,0.00021577180087181165,0.0003300349982286657,0.00041151190056340123,0.0002434428502222538,0.0004108119825329325
3750,1,1,0.9984101053856279,0.9984101053856279,0.00020611853681425256,0.0003160552295310013,0.00040209089625792684,0.0002576683472482734,0.00040796160452045787
3756,3,3,0.998059339342122,0.00032423524179660187,0.0003977415936375614,0.998059339342122,0.0004619525603155086,0.00041800595064185993,0.0003387253114864601
3757,4,4,0.9977310936182822,0.0005309950497372623,0.0003750846163046094,0.00048671665916988615,0.9977310936182822,0.0005067243773411478,0.00036938567916501233
3759,5,5,0.9933008141435108,0.00035588024850093645,0.0035090086241337864,0.0003070112782707511,0.000530529136918783,0.9933008141435108,0.00199675656866499
3760,6,6,0.994678157142798,0.001327909901759403,0.0013946754869827221,0.0009421064916558743,0.0003991974878798962,0.0012579534889241319,0.994678157142798
3761,5,5,0.9922932781759155,0.0038021313144452223,0.0012661713912788732,0.000466073707155153,0.0004552597419606344,0.9922932781759155,0.0017170856692447062
3762,5,5,0.9967895011514954,0.0004524610640866336,0.0008756422199496015,0.0005056855082011993,0.000437449657791849,0.9967895011514954,0.000939260398475265
3763,3,3,0.9980195490597346,0.00031331099187433654,0.0003816379654767426,0.9980195490597346,0.0005050050540112803,0.00041288028634215394,0.0003676166425609415
3764,4,4,0.9980580632743183,0.0003913665588670297,0.0003422717999585708,0.00045801794230647126,0.9980580632743183,0.00038236619891767875,0.00036791422563195724
3765,2,2,0.9977778559161373,0.0003424118951266887,0.9977778559161373,0.0004848853161410462,0.0003535077024508045,0.00046413809563335937,0.000577201074510753
3766,2,2,0.9977053886075588,0.00033352285010213506,0.9977053886075588,0.0003799353100785915,0.0003016238881322624,0.0005148258583558567,0.0007647034857723697
3767,4,4,0.9980344880401989,0.0005295193145985118,0.00030468225269967853,0.00043722376767150334,0.9980344880401989,0.0003730835268861752,0.0003210030979452071
3768,4,4,0.9981129638529626,0.00043071992485603863,0.00030174651325659736,0.0004357071277780039,0.9981129638529626,0.00036270963311008304,0.0003561529480367699
3769,3,3,0.9977101512093867,0.0004798016365812508,0.00040914847626627524,0.9977101512093867,0.000644064070122016,0.00033083617697942806,0.000425998430664468
3770,3,3,0.9979975615914939,0.00030741279031283115,0.0003964935705667483,0.9979975615914939,0.000543524972442988,0.0004088200626200609,0.0003461870125632967
3771,2,6,0.9861245018722471,0.0015377007444637842,0.007281790852251799,0.0016389882430620957,0.0006263733289043388,0.0027906449590708654,0.9861245018722471
3772,4,4,0.9981054070516563,0.0003999789770459695,0.00031166721610109883,0.00045937302652146114,0.9981054070516563,0.0003814571829225918,0.0003421165457525397
3774,5,5,0.9964723052834746,0.00043693904285197735,0.0007795228903449267,0.0004592540544124213,0.0006455462079874672,0.9964723052834746,0.0012064325209285394
3775,5,5,0.9963923730232139,0.0005462932443432282,0.0005927000561047955,0.0007747093479821284,0.0005265559007487417,0.9963923730232139,0.001167368427607243
3776,3,3,0.9979900562378964,0.00036473968230474395,0.000386113039017817,0.9979900562378964,0.0005322602409590837,0.0003697833175354916,0.00035704748228652646
3777,1,1,0.9983418949650964,0.9983418949650964,0.0002194242646832214,0.0003369344262458462,0.00044273485106918466,0.0002576937199272718,0.0004013177729780921
3778,4,4,0.9980380625759069,0.0005197271557895801,0.000325937768004028,0.00045746003754959486,0.9980380625759069,0.0003376529613883423,0.0003211595013616161
3779,5,5,0.9960265146272368,0.00041943995109485003,0.0006959588490422435,0.0011233142562073056,0.00037999890577397453,0.9960265146272368,0.0013547734106448602
3781,5,5,0.9968150977565734,0.00047506561462412687,0.0006320546663594126,0.0005053546971402014,0.0005761686206510441,0.9968150977565734,0.0009962586446518157
3783,5,5,0.9719876007950482,0.012595173847091313,0.0034859718135014494,0.002696127618843125,0.0042224474995800985,0.9719876007950482,0.005012678425935821
3785,4,4,0.9979313520787271,0.00045593321139566166,0.00036434639727217234,0.0005212482599404188,0.9979313520787271,0.0003926025493048015,0.0003345175033598645
3786,2,2,0.997794262152027,0.00032668895163554646,0.997794262152027,0.0003561269811306681,0.00029775054759368773,0.0006442636313863353,0.0005809077362267584
3787,2,2,0.9976432054055799,0.00033183522095538864,0.9976432054055799,0.0005617008612000346,0.0003903474844742136,0.00044582904961302654,0.0006270819781775129
3790,1,1,0.9983217626599022,0.9983217626599022,0.00021880883669317126,0.0003364535393903067,0.00042006043752670935,0.0002551704367146033,0.0004477440897729815
3791,6,6,0.994737579326897,0.001355745732047674,0.0013669614171388266,0.0009191727858981298,0.0004021876722063031,0.0012183530658120992,0.994737579326897
3792,1,1,0.9982693858052507,0.9982693858052507,0.00022045725208191992,0.00033139748137670264,0.00036837308551938646,0.0002526398333799868,0.0005577465423912468
3793,3,3,0.9978436506094422,0.00040008750570827125,0.00039040969485559503,0.9978436506094422,0.0005851001174525473,0.0004327569967549887,0.00034799507578646107
3794,2,2,0.9976945163902682,0.00038411486040087513,0.9976945163902682,0.00048070049917145333,0.0003701445840528045,0.0004274425222381806,0.0006430811438685275
3795,5,5,0.8608916362776917,0.0047958395226116125,0.004401045831427817,0.00428390407852453,0.001452532939537337,0.8608916362776917,0.12417504135020699
3796,4,4,0.9979982944551786,0.00048274191661445417,0.0003196937023204838,0.000488349642651353,0.9979982944551786,0.000341719044591786,0.00036920123864331636
3799,2,2,0.997748981573378,0.00025855018069173953,0.997748981573378,0.0003453935035788386,0.00028253636331875513,0.0007810897857858928,0.0005834485932468313
3801,1,1,0.9982951766481195,0.9982951766481195,0.00018584416273998564,0.0002704898783031799,0.00037318595046007664,0.00032617505471763515,0.0005491283056595657
3803,6,6,0.9946481179940161,0.001405840333039456,0.0013801381593344978,0.0008987691469031975,0.0004212052564221503,0.0012459291102845838,0.9946481179940161
3805,1,1,0.9981295650647218,0.9981295650647218,0.0002277681403141014,0.00037092930035027654,0.0005586944189158302,0.00032757222255133596,0.00038547085314665674
3806,2,2,0.9977998643937322,0.0003324997150038885,0.9977998643937322,0.0003664039289264568,0.0003445261445179865,0.0005336578685101637,0.0006230479493092219
3808,4,4,0.9974264107857118,0.0009627636360444509,0.0003238973699552611,0.0004681912625127413,0.9974264107857118,0.00044579149761089483,0.00037294544816486146
3809,5,5,0.9965328967423909,0.0005225234135964235,0.0007248108878362091,0.00047693094898747126,0.0005815385952483673,0.9965328967423909,0.0011612994119406298
3810,1,1,0.9981330872435266,0.9981330872435266,0.00022173667494218707,0.0003944593229758257,0.00043652571200013875,0.0004138187851621745,0.0004003722613930713
3811,4,4,0.9980297672444988,0.00039765927403035957,0.00034227729746869246,0.0005004393761274622,0.9980297672444988,0.0003556026333377783,0.00037425417453692227
3812,4,4,0.9979615300072551,0.0004903185224843662,0.0003741875440501375,0.0004399145002876735,0.9979615300072551,0.0004447328431893698,0.00028931658273334494
3817,5,5,0.9963948065070078,0.00040569921572203684,0.0007824876177810889,0.0004291014310153864,0.0006007957232714446,0.9963948065070078,0.001387109505202192
3818,2,2,0.9976965351084263,0.00027048677165995356,0.9976965351084263,0.00033537283527136527,0.0002668477157346027,0.0009260228374578766,0.0005047347314499314
3819,2,2,0.9963007618201799,0.00044890839935134434,0.9963007618201799,0.0002595677945703377,0.00033188618177463,0.0020855861967574705,0.0005732896073663874
3821,3,3,0.9977744253920671,0.0005343286337828752,0.0004295615958888473,0.9977744253920671,0.0005405240826075365,0.0003545864322036241,0.0003665738634500216
3824,5,5,0.9967495065514445,0.0004692712908600634,0.0009680503147288735,0.0004738584037227299,0.0004402871066501804,0.9967495065514445,0.0008990263325936835
3825,5,5,0.99694521056184,0.00047834427489932364,0.0006904975218759733,0.0004390982539702907,0.0004386882683072699,0.99694521056184,0.001008161119107087
3826,6,6,0.9937147363937798,0.001446478631371688,0.0015366540548564086,0.0007968096653430349,0.00042989104405658304,0.0020754302105924693,0.9937147363937798
3827,2,2,0.9957536557347544,0.0012301064375083168,0.9957536557347544,0.0008520953934695567,0.0007527367898487531,0.000545430984975056,0.0008659746594439387
3828,4,4,0.9980344519913998,0.0004780385225755038,0.00031345196099758817,0.000473432404689681,0.9980344519913998,0.0003575419373511136,0.0003430831829862263
3829,5,5,0.9969739531222543,0.0004893126709676752,0.0008572975892231474,0.00043876409243298,0.0004049961707150229,0.9969739531222543,0.0008356763544068349
3830,3,3,0.9979670011985098,0.0003678182171867618,0.0004375074304393443,0.9979670011985098,0.0005497645778958647,0.000366983955839883,0.00031092462012816656
3831,3,3,0.9980620769439236,0.0002897154489626109,0.00038257215161413056,0.9980620769439236,0.0004596412194562702,0.0004478159547592081,0.0003581782812842557
3832,1,1,0.9984172964588675,0.9984172964588675,0.00018772597764094752,0.0003255750370531109,0.00040680815773721715,0.00024895708501303004,0.00041363728368827297
3834,6,6,0.9947855606536103,0.0013184963578730766,0.0013500525920336385,0.0009418066619219191,0.0004089086825080956,0.0011951750520529639,0.9947855606536103
3835,3,3,0.9979768678031249,0.00038876822155060593,0.00040722031251717606,0.9979768678031249,0.0005176971463870526,0.0003735573660661268,0.00033588915035420047
3836,2,2,0.9978303652160113,0.00026470813635138315,0.9978303652160113,0.0004593443456121852,0.00034426409989118706,0.0005425070014638381,0.0005588112006701026
3838,1,1,0.9982038073424552,0.9982038073424552,0.00021501406129822466,0.00027150295484294865,0.00036983342357129975,0.00038852710590296554,0.0005513151119294484
3839,3,3,0.9979172531657955,0.00040795142577848884,0.0004526374187759629,0.9979172531657955,0.000507568367735381,0.00041643693874179253,0.0002981526831728999
3840,6,6,0.9936489093556984,0.0017538852337831794,0.0013870398464132484,0.0009446385314716199,0.00037594088702239933,0.0018895861456112032,0.9936489093556984
3841,2,2,0.9976799004529543,0.000364011346697312,0.9976799004529543,0.0004465205422083613,0.0003893310422212925,0.0006028191625509206,0.0005174174533678632
3842,5,5,0.996888059350839,0.0005527209491886477,0.0007924455817460202,0.0004116426107836388,0.00039230919895539597,0.996888059350839,0.0009628223084873375
3844,2,2,0.9970857768295098,0.00034000454799808173,0.9970857768295098,0.00042960974375224237,0.0003490132023999804,0.0006252108309365335,0.0011703848454031522
3845,4,4,0.9980356462337894,0.00045977744093223715,0.0003133453252339699,0.0005265804549537027,0.9980356462337894,0.00034644327928193383,0.0003182072658087864
3847,1,1,0.9983905472022324,0.9983905472022324,0.00018387498707275347,0.0003226179952379035,0.00042775136184610866,0.0002748029633263058,0.00040040549028449036
3849,4,4,0.9980086426880541,0.0004597266260733073,0.0003535071645977631,0.0004795372828122334,0.9980086426880541,0.000386745600767416,0.0003118406376949626
3850,2,2,0.9978499988954864,0.00031371398173873194,0.9978499988954864,0.00039525126811545665,0.00030919686380374037,0.000528726112071327,0.0006031128787843248
3851,6,6,0.9946578620069646,0.0013046715798836104,0.00144410408014009,0.0009109696109925028,0.0003960610963967704,0.0012863316256224119,0.9946578620069646
3852,4,4,0.9979494954223799,0.00047689252119613917,0.00038112017229947415,0.0004891963104836916,0.9979494954223799,0.0004093793501089598,0.00029391622353189034
3853,3,3,0.9980599167692118,0.0003489682526579048,0.00042558751969305465,0.9980599167692118,0.000433603791349011,0.0003701694615756291,0.0003617542055125978
3854,3,3,0.9979631468023555,0.0003472934035390158,0.0004005515483201654,0.9979631468023555,0.0005733903132393151,0.0003459367867487654,0.0003696811457972244
3855,2,2,0.996316455740065,0.00037595047152803337,0.996316455740065,0.0008400052935323306,0.000400606337986224,0.0004504586746303868,0.0016165234822580676
3856,2,2,0.9977817295375396,0.0002872012367038032,0.9977817295375396,0.00038537070133212487,0.00033995583120226654,0.0005779796835443439,0.0006277630096777997
3858,2,2,0.9975923098328338,0.00027325880167653756,0.9975923098328338,0.0003336918638831889,0.00033604659683161267,0.0009583399302167772,0.0005063529745581429
3860,3,3,0.9978796789487134,0.0004484815337087462,0.00039235841588731936,0.9978796789487134,0.0005312964389127895,0.00042056072089619224,0.00032762394188147877
3861,5,5,0.9967266378778253,0.0003048837043298117,0.001108995894248199,0.0005476039473164653,0.0003739673007236308,0.9967266378778253,0.0009379112755565955
3862,4,4,0.9980132800262678,0.0004281875248123639,0.00031138890295825483,0.0005535805370940253,0.9980132800262678,0.00035549843654220786,0.0003380645723254132
3864,1,1,0.9982932344925126,0.9982932344925126,0.00021729599687195122,0.0003289298955580434,0.00042218360456475884,0.00030241700414546937,0.00043593900634714133
3866,5,5,0.9968599470966661,0.0005789621726762608,0.0007079514602515486,0.0005287776209494658,0.00039461081994106474,0.9968599470966661,0.0009297508295155455
3867,3,3,0.9977954463170828,0.0004332942118903723,0.0004775479532573255,0.9977954463170828,0.000521395987234336,0.0004467185571961713,0.00032559697333898216
3870,5,5,0.9968131577678091,0.0003537839941964867,0.0007272470097936369,0.0006633158452690396,0.0004895315116537735,0.9968131577678091,0.0009529638712779283
3871,3,3,0.9979977808400264,0.00037795514906555685,0.00042582184448923565,0.9979977808400264,0.0004374157637308654,0.00037739527863436524,0.0003836311240535047
3873,4,4,0.998070178702295,0.00046848694829850195,0.0002840645897446721,0.0004488431724463081,0.998070178702295,0.0003431227517941663,0.0003853038354214244
3874,6,6,0.9945561848494181,0.0012885623097470805,0.0014520008062446693,0.0009439960086667129,0.00041403868662277847,0.0013452173393006367,0.9945561848494181
3876,1,1,0.9983497877157615,0.9983497877157615,0.00020592808632262504,0.0003672994649157644,0.0004464549186424554,0.000245293340696685,0.00038523647366092646
3878,1,1,0.9982966535299341,0.9982966535299341,0.0002412340340751066,0.0003730977095232516,0.000370457351881451,0.0002755649261899939,0.00044299244839619145
3880,4,4,0.9980994627061911,0.000456412448586043,0.00031881358957395984,0.0004435045219873071,0.9980994627061911,0.00036134647853549646,0.00032046025512610796
3881,1,1,0.9983738014595777,0.9983738014595777,0.00019451698077010908,0.00030650708703115347,0.00041169818969161794,0.00033620355686531664,0.0003772727260641246
3882,4,4,0.9980469094792255,0.0005083356086742432,0.00033504411178513914,0.000431372747456355,0.9980469094792255,0.00036399159400713746,0.000314346458851691
3883,1,1,0.9983196643102236,0.9983196643102236,0.00022855880586971673,0.0003445383383315316,0.00046684193004596495,0.00025488799613222323,0.00038550861939705183
3884,4,4,0.9979278696106534,0.00039757788645036974,0.00028168723864364405,0.0004934060107559177,0.9979278696106534,0.00037374373903255743,0.000525715514464142
3886,1,1,0.9983839632181589,0.9983839632181589,0.0002148656854510716,0.0002943948970286135,0.00039035781871733945,0.00030041438385936057,0.0004160039967846561
3887,2,2,0.9968827215787892,0.00040169444300807095,0.9968827215787892,0.0006965849375787011,0.0003552473233208916,0.0010861002724644434,0.0005776514448384849
3888,6,6,0.9946372982600128,0.0013283151038376007,0.0014326587375831253,0.0008922134765480209,0.000417272351434623,0.0012922420705837898,0.9946372982600128
3889,5,5,0.9966244106726976,0.0004815498838167081,0.000742405026910156,0.0004596405506515933,0.0005446318796191149,0.9966244106726976,0.0011473619863048555
3890,2,2,0.9977928497612709,0.00034285668851807274,0.9977928497612709,0.00040567975189503044,0.0003588744474278593,0.0005295102070643168,0.0005702291438238752
3891,5,5,0.9968193793534305,0.0006202195669605347,0.000818590344510245,0.0004967331781875359,0.0003537490565027452,0.9968193793534305,0.0008913285004085706
3892,3,3,0.9979466962634294,0.0003403281500606203,0.0003719139848101949,0.9979466962634294,0.0005463761135941571,0.00032093722792976673,0.0004737482601756782
3895,1,1,0.9983829451501821,0.9983829451501821,0.0001974557709828392,0.0003136992805778478,0.00040720849264628487,0.0002482190368377037,0.000450472268773198
3896,3,3,0.9980151790387221,0.0003395866707515935,0.00045409813797841553,0.9980151790387221,0.00040895227555376115,0.0004619217715816071,0.00032026210541265655
3897,3,3,0.9979583088876338,0.0003383420429435573,0.0003995973118555094,0.9979583088876338,0.0005121547179492784,0.0004489400918469421,0.00034265694777086986
3899,1,1,0.9983149568212346,0.9983149568212346,0.00024365834056713694,0.0003223565029369459,0.0004330512450717566,0.00027652163248938335,0.00040945545770018974
3900,4,4,0.9979128324311797,0.0004937223898220948,0.0003388368087054839,0.0004471545435790626,0.9979128324311797,0.0004489211169986089,0.000358532709715126
3901,6,6,0.9945259029692016,0.0014307369618020503,0.0014437670958589279,0.0009586323223258657,0.00041840944051203246,0.0012225512102994568,0.9945259029692016
3902,4,4,0.9978727054941336,0.00048090624976938944,0.00039205531170868153,0.0005010175494923646,0.9978727054941336,0.00044745433630494354,0.0003058610585909525
3904,3,3,0.9978203615518788,0.00042884397456390076,0.0004397679516337298,0.9978203615518788,0.0005374163071288939,0.0003779652701454148,0.00039564494464922317
3906,3,3,0.9980061424009388,0.0003167886971851579,0.0004017371884269735,0.9980061424009388,0.0005373605405153979,0.0003226208427419875,0.00041535033019149235
3907,6,6,0.9947071689145272,0.001298342717322489,0.0014227670642660462,0.0009865562914690216,0.00038957115681154656,0.0011955938556036918,0.9947071689145272
3908,1,1,0.9982553111208656,0.9982553111208656,0.00023865392691051955,0.0003610823182264213,0.0005093123757055229,0.0002756854806635619,0.00035995477762835966
3909,6,6,0.9940495201432038,0.0016254648325531075,0.0015932374635353132,0.0009747721785753106,0.0004680918800714434,0.0012889135020609707,0.9940495201432038
3910,4,4,0.9980134390576458,0.0004861450007735068,0.0003127934663280054,0.0004689052875260899,0.9980134390576458,0.0003745404769949154,0.0003441767107315942
3911,3,3,0.997932936826144,0.00038434865834537785,0.0004529314873511579,0.997932936826144,0.000516200044089068,0.00039990966198731387,0.00031367332208309684
3912,1,1,0.9983998388353663,0.9983998388353663,0.00019911868167526585,0.0002707546348924155,0.0003529710387636126,0.0002784229415885673,0.000498893867713839
3913,2,2,0.9975122608626537,0.00023713166077082154,0.9975122608626537,0.0006584060872095838,0.0003390902263831622,0.0006563231259812583,0.0005967880370015894
3914,4,4,0.9980918337186662,0.0004433140376058414,0.0003354545480651854,0.00044819116999320703,0.9980918337186662,0.0003574474095797622,0.00032375911608986853
3916,2,2,0.997858210616878,0.0003255596915317515,0.997858210616878,0.00040635902494442783,0.00032827053867320963,0.0005419830473643132,0.0005396170806083472
3917,4,4,0.9979919162644337,0.0004927710381106487,0.00034759135337865936,0.00047954387108012706,0.9979919162644337,0.0003778210363142438,0.0003103564366826345
3919,6,6,0.9944578768950637,0.0014781238813101076,0.0014447689113395684,0.0009849508416458817,0.00043167318032850054,0.00120260629031224,0.9944578768950637
3920,3,3,0.9979784678675381,0.0003487654179458607,0.000418591994524712,0.9979784678675381,0.0005080092608056454,0.000417029613657872,0.00032913584552787036
3921,5,5,0.996466936239413,0.0006043937544648777,0.0005799623678653918,0.0004998926030900766,0.0004755387199958542,0.996466936239413,0.0013732763151707986
3923,5,5,0.9697703175589348,0.0005369649181339039,0.02701702169797983,0.0006150637088111209,0.00043411588065633415,0.9697703175589348,0.0016265162354839272
3925,4,4,0.9980229777831673,0.00046503797654067635,0.0003603150496057512,0.000467592419293056,0.9980229777831673,0.0003652973625739935,0.00031877940881926776
3926,5,5,0.996319441659891,0.00044272433834718835,0.00063346793822902,0.0006253612988542531,0.000553990031593078,0.996319441659891,0.001425014733085539
3927,1,1,0.9977310379528322,0.9977310379528322,0.00023400315268471377,0.00037123055016318574,0.0004362597924391953,0.00042810725746446685,0.0007993612944162125
3928,6,6,0.9947718981402363,0.0013073540762907432,0.0013228480243087449,0.0009562152557620599,0.0004229366897219804,0.0012187478136802376,0.9947718981402363
3929,2,2,0.9978501563811493,0.00029698054311510656,0.9978501563811493,0.0003656715185710765,0.0003290718810191713,0.0005781238298032167,0.0005799958463421596
3930,6,6,0.9946887900160055,0.0013383875450169694,0.001388907140144247,0.0009063215482248952,0.0003984706872215549,0.0012791230633868553,0.9946887900160055
3932,3,3,0.9979789326595683,0.0003522300369762487,0.00041289812526903676,0.9979789326595683,0.0005054321084566826,0.00036310078144110376,0.000387406288288679
3933,3,3,0.9980266985075168,0.0003108507172295788,0.00041685336103855394,0.9980266985075168,0.0004703198058232257,0.00045588351968681,0.00031939408870486656
3934,4,4,0.9979528390853426,0.0005410129197566128,0.0003083747059173415,0.00048183871943502886,0.9979528390853426,0.0003850715662122765,0.0003308630033361449
3937,3,3,0.9979791928823716,0.00033218668678361397,0.00037082213693609493,0.9979791928823716,0.0005032431062298076,0.000434372240523129,0.00038018294715572
3940,1,1,0.998149913689874,0.998149913689874,0.00022304668982216938,0.000403900599474281,0.0006194731206241069,0.0002441497737876846,0.00035951612641768046
3942,4,4,0.99792625387393,0.0005477430052181809,0.00034179606066827157,0.0004892315574274367,0.99792625387393,0.00039084326275950934,0.000304132239996602
3945,2,2,0.9974771084130934,0.0004207364005216257,0.9974771084130934,0.0006520418260341805,0.00038805823761921883,0.0005246856031574615,0.0005373695195740645
3946,2,2,0.9977823275877197,0.0003138947186087509,0.9977823275877197,0.00046777465048269875,0.00036253985219778,0.0005916415471052695,0.00048182164388589535
3947,1,1,0.9983563770413157,0.9983563770413157,0.00019254503786498284,0.0003546729902575567,0.0004433915437976435,0.0002456828892932244,0.0004073304974706394
3948,4,4,0.998017240422976,0.0004859846030618143,0.00030372863715545255,0.0005085146651174875,0.998017240422976,0.0003424091431127651,0.0003421225285764884
3950,5,5,0.9964798158965248,0.0005140868049700451,0.0007246541256673267,0.0006784826445711673,0.0005476594706085266,0.9964798158965248,0.0010553010576581769
3952,3,3,0.9980156811169298,0.0003601063067006924,0.00045175677531532235,0.9980156811169298,0.0004963409349320338,0.00031926690799116984,0.00035684795813091075
3955,3,3,0.9980612021623539,0.0003564596409562524,0.0003992630844682144,0.9980612021623539,0.0004631647404154089,0.0003527295191167702,0.0003671808526893547
3956,5,5,0.996504756658413,0.0006108023060937952,0.0006149828966027681,0.0004287151852999487,0.0005624820326015968,0.996504756658413,0.0012782609209889006
3958,5,5,0.9963627991181434,0.0005726818651232935,0.000726189153972898,0.0005224142503354879,0.0003692444495219326,0.9963627991181434,0.0014466711629029288
3959,4,4,0.9978665294198688,0.0004177430936434358,0.00032397233114809403,0.0006761399864079379,0.9978665294198688,0.0003615041054741343,0.0003541110634577106
3960,5,5,0.995236786221212,0.001244848168188569,0.0007329920424621454,0.0004282903528732366,0.0005720021618779974,0.995236786221212,0.001785081053386064
3961,4,4,0.9979532377527613,0.0004968914159091654,0.00037831009242963,0.0004884857634960346,0.9979532377527613,0.0003928441387981959,0.00029023083660567747
3962,2,2,0.997213910579352,0.00023827629360070575,0.997213910579352,0.0003934396816817738,0.00026198921895668564,0.0013459793687204736,0.0005464048576881002
3963,3,3,0.99767460469158,0.00039463758253383647,0.0005587322386456398,0.99767460469158,0.00045286626107664637,0.0004933193371868348,0.00042583988897710147
3964,1,1,0.9983720490499183,0.9983720490499183,0.00020066273899575798,0.00030845835356858094,0.0003828300804787838,0.00030334093959045636,0.00043265883744811844
3965,4,4,0.9979712386808255,0.0003750702606486383,0.00030802327152765305,0.0006191342848498936,0.9979712386808255,0.00036781732414999216,0.00035871617799836385
3966,3,3,0.9979404099740363,0.0003363618906991322,0.00038811650731852425,0.9979404099740363,0.0005419837807005658,0.00046595170796131136,0.00032717613928418655
3967,1,1,0.9982854976118487,0.9982854976118487,0.00022411652591932635,0.0003390485157227991,0.0004929265830392331,0.00030559156629179717,0.0003528191971780925
3971,4,4,0.9981245891979885,0.00040228371020952695,0.00029783548332359825,0.00043862144070198515,0.9981245891979885,0.0003503990347174206,0.0003862711330589933
3972,6,6,0.9942359545001158,0.0015663118443093138,0.0015323179875182155,0.0008964471248746528,0.000399665537387758,0.0013693030057942946,0.9942359545001158
3973,3,3,0.9979901906378872,0.0003331402058363489,0.0003980984381145339,0.9979901906378872,0.000538209246271759,0.0003771238035294364,0.00036323766836074216
3974,1,1,0.9982547305788947,0.9982547305788947,0.0001906035558485934,0.0003429648862273297,0.0005588718916894319,0.0002624503118929605,0.00039037877544704613
3975,5,5,0.9969654839754195,0.000654814018696551,0.0007304699510554167,0.00045552495436001626,0.0004377508082565676,0.9969654839754195,0.000755956292211888
3976,1,1,0.9978984891451591,0.9978984891451591,0.0002445274512909697,0.00035854467909059043,0.0004561395753009357,0.0005697575567424641,0.0004725415924159475
3978,3,3,0.9978884162503159,0.0003090613847383185,0.0005332963934312334,0.9978884162503159,0.0005012735642322687,0.0003589023070743448,0.0004090501002079328
3979,4,4,0.998015058493312,0.00046265553674576976,0.0003643050485754488,0.000492813479211721,0.998015058493312,0.0003532096787375434,0.00031195776341756595
3980,5,5,0.9967391207315969,0.00044169243412624205,0.0008340962492605224,0.0003944518226438846,0.00041434699804090535,0.9967391207315969,0.0011762917643315808
3981,5,5,0.9957931731852652,0.0006017583351860103,0.0006843381798455454,0.0005070189107745899,0.0004751655266449469,0.9957931731852652,0.0019385458622837488
3983,5,5,0.99634514306449,0.0004808046991191143,0.0006464735167669049,0.000566238793151735,0.0006135468386409502,0.99634514306449,0.0013477930878313667
3984,5,5,0.9968802030971208,0.0006151855951175263,0.0007311259901955799,0.00041648052024517647,0.00047258912054055463,0.9968802030971208,0.0008844156767804374
3985,4,4,0.9979688959806552,0.00044360491572525295,0.00032245839710313886,0.0004968125345276468,0.9979688959806552,0.00039845058813344414,0.0003697775838553225
3986,5,5,0.9963479071773701,0.000585523587173081,0.0005966974215021193,0.0004992578492208396,0.0006160268481292862,0.9963479071773701,0.001354587116604642
3987,5,5,0.9960463753231342,0.0006864878308512671,0.0006487435383757852,0.0005486437063805238,0.0006784472573144,0.9960463753231342,0.0013913023439438225
3988,3,3,0.9980372390034367,0.00032665820775179733,0.0004204446573885228,0.9980372390034367,0.0005032332646976748,0.00037810690945142613,0.0003343179572739169
3990,4,4,0.9977896100298881,0.0005033661069281327,0.0004026619772786045,0.0005006826176957586,0.9977896100298881,0.0004337127335154586,0.00036996653469397063
3991,1,1,0.9983701123252111,0.9983701123252111,0.0002132601806023731,0.00030849775107900197,0.00042002854808586746,0.0002533691880425608,0.0004347320069791072
3993,6,6,0.9945343110663252,0.0014255020885848677,0.001420837326371946,0.0010100647920282084,0.0004128249074813282,0.0011964598192085215,0.9945343110663252
3995,2,2,0.9968576423731197,0.00020951850440331383,0.9968576423731197,0.00032712079676260644,0.00029485055688809037,0.0017009529970753712,0.0006099147717509831
3996,3,3,0.9979919797646662,0.0004320654006124019,0.00038175736626821295,0.9979919797646662,0.00044699621772736073,0.0003644519677665814,0.00038274928295923617
3998,3,3,0.9979306940969861,0.00041245982527786363,0.0003944314566314963,0.9979306940969861,0.0005639714344598072,0.0003644222627688464,0.0003340209238756998
3999,6,6,0.9942233031239017,0.001719558506307108,0.0014395866404074305,0.0008533695419072982,0.0004063614787017278,0.001357820708774724,0.9942233031239017
4001,3,3,0.9980059742151001,0.0003481841579392155,0.00043530950536579705,0.9980059742151001,0.0005413841830836806,0.00031849987927187767,0.0003506480592393831
4002,5,5,0.9967011649064383,0.0004488562873035499,0.0007482440752647868,0.00040878906886974346,0.0005159996751291574,0.9967011649064383,0.0011769459869944512
4003,3,3,0.9980421172886114,0.00033984758555668127,0.000392238351747844,0.9980421172886114,0.0004223777841256421,0.0004489112227675045,0.0003545077671909341
4004,1,1,0.9983873582654893,0.9983873582654893,0.000208130595285009,0.0003171174011079669,0.0004084979482819951,0.00026970907036951276,0.00040918671946619996
4006,4,4,0.9979780502327494,0.0004281534498114037,0.0003685067851181519,0.00046457470716888827,0.9979780502327494,0.0004285196341692932,0.0003321951909827726
4007,2,2,0.9910877019031115,0.00042592051659385834,0.9910877019031115,0.0012485296052304866,0.00037135703540893306,0.006281205245126902,0.0005852856945284342
4008,6,6,0.9945960841217454,0.0013045612985371966,0.0013924200601047685,0.0009348391510694257,0.00042882399565849353,0.0013432713728847388,0.9945960841217454
4009,5,5,0.9968880698246259,0.00035755212926768013,0.0006499010283560112,0.0005672575029456176,0.0005343498610882918,0.9968880698246259,0.0010028696537165236
4010,2,2,0.99780438458863,0.0003036992108568226,0.99780438458863,0.0004738986802767422,0.00035276422558503783,0.00045784585075007517,0.0006074074439014565
4012,5,5,0.9967890955811608,0.00048379378751943795,0.0007054147411367297,0.000491780227825066,0.000508831405352359,0.9967890955811608,0.001021084257005644
4014,2,2,0.9976915913046394,0.000324924143271478,0.9976915913046394,0.0005656375788545533,0.0003732091713963823,0.0004305834418237215,0.0006140543600146512
4015,2,2,0.997750755135373,0.00026409046903840135,0.997750755135373,0.0003617997923766512,0.00027932111372608814,0.0007263457638125047,0.0006176877256734263
4017,6,6,0.994495464648642,0.001438965574377458,0.0014527306386282776,0.0008954876803426999,0.0004411129688712394,0.0012762384891383336,0.994495464648642
4018,2,2,0.9978388330835057,0.00033638668360027436,0.9978388330835057,0.0004120418900191629,0.00033715909928993284,0.0004958534452333334,0.000579725798351637
4019,1,1,0.9983426483795231,0.9983426483795231,0.00025100840432825197,0.0003087464980219387,0.0003131166705400708,0.00030853485498892114,0.00047594519259769937
4020,3,3,0.99807953689294,0.0003032165109424146,0.0003789010510388455,0.99807953689294,0.0004329565265900506,0.0004075059835922643,0.00039788303489639217
4021,1,1,0.9983499260649703,0.9983499260649703,0.0002270358866222523,0.00033892508495922744,0.0003768483954780579,0.0002518103627498672,0.00045545420522034906
4023,1,1,0.9983556431896864,0.9983556431896864,0.00021100003650562126,0.00033760745660325734,0.00045724897621605363,0.0002718204547563805,0.00036667988623233753
4024,2,2,0.9976864070873118,0.00031416428149634595,0.9976864070873118,0.0005934225297836813,0.00040780220206562175,0.000504758047084669,0.0004934458522579101
4025,6,6,0.994728722751443,0.0012629754803991243,0.0013924855441007275,0.000940331761633749,0.00041736443216322056,0.001258120030260231,0.994728722751443
4026,1,1,0.9981866389006968,0.9981866389006968,0.00018593332620959368,0.0002951282340991838,0.0004112153218805574,0.0004318503449421352,0.0004892338721716694
4029,3,3,0.9980202293692236,0.00034643333297048516,0.00039162986713643384,0.9980202293692236,0.00045469260356037185,0.00033413248190700313,0.00045288234520212
4030,5,5,0.9826655572630101,0.00048306163260881485,0.01421235155957923,0.0004246013493478668,0.0005775627323049565,0.9826655572630101,0.0016368654631490089
4031,1,1,0.9980645592505247,0.9980645592505247,0.00022517525526678697,0.0004091704829425267,0.0006761845309906511,0.0002974451581339848,0.000327465322141343
4032,6,6,0.9947370002744769,0.001285542424530057,0.0013508431566092512,0.0009239387286090876,0.0003903893641945406,0.0013122860515802273,0.9947370002744769
4034,3,3,0.9979026777053379,0.0004211335229406027,0.000386313844098142,0.9979026777053379,0.0005217865931762613,0.0004443081475007199,0.00032378018694639485
4038,2,2,0.9977477059521517,0.00035642705332525755,0.9977477059521517,0.00047734114167937656,0.00037670136584938666,0.00044622396313738326,0.0005956005238566869
4039,1,1,0.9983526163696098,0.9983526163696098,0.00022392799099872496,0.000308550019471034,0.0003702805008221706,0.0002615602512068519,0.00048306486789141895
4042,6,6,0.9944681942410143,0.0015132443241546573,0.001365017936227928,0.0008312868736179287,0.00041113554459060056,0.0014111210803945773,0.9944681942410143
4043,3,3,0.9979905078055691,0.000301942635449357,0.00041893647144713373,0.9979905078055691,0.0005400402626570084,0.0004073907793397688,0.00034118204553767773
4044,5,5,0.9966219645670416,0.0004294819879154409,0.0007306835310826699,0.0005633795599150605,0.00047539276200084425,0.9966219645670416,0.0011790975920444777
4045,4,4,0.998072946050248,0.00044377093653049466,0.0003210200497988141,0.0004645683608902715,0.998072946050248,0.00033662398249097397,0.0003610706200414227
4046,4,4,0.9980487765101773,0.0004975623422066556,0.00033567994054547546,0.00043604575075310435,0.9980487765101773,0.00037549042971008525,0.00030644502660738505
4047,5,5,0.9954864367388427,0.000560581974286154,0.000800943408322928,0.0005078563691665073,0.00045398416044012527,0.9954864367388427,0.0021901973489415697
4048,5,5,0.9966179222073729,0.0004058783027383174,0.0008970467150722525,0.0005683647179869936,0.00045400974944056295,0.9966179222073729,0.0010567783073890337
4049,1,1,0.9982720467921377,0.9982720467921377,0.00018579465997512672,0.0003430797610233142,0.000533905803822947,0.00031710951126669927,0.00034806347177422723
4050,4,4,0.9979856618972888,0.00045370007703906043,0.0003068154223376684,0.00047718232944298096,0.9979856618972888,0.00039814866115762596,0.0003784916127339104
4051,3,3,0.998031190378323,0.00035073149296180133,0.0004199780407151085,0.998031190378323,0.0005119049441224787,0.0003458284283090225,0.0003403667155687131
4054,4,4,0.9979875836234424,0.000484078780499724,0.0003822626308855484,0.0004600235023966689,0.9979875836234424,0.00039174762815043907,0.00029430383462519913
4056,3,3,0.9980443586790426,0.0003492108326347422,0.0004114048152965509,0.9980443586790426,0.0004791555922354967,0.0003345206161943009,0.0003813494645961177
4057,3,3,0.9979857061486631,0.00039900164595442543,0.00040704160714485573,0.9979857061486631,0.0004998083953798619,0.00037693657984959783,0.00033150562300811337
4058,3,3,0.9979669306390225,0.0003873407082858004,0.0004262743033553878,0.9979669306390225,0.0005193938813141881,0.00037838868924046506,0.0003216717787816041
4059,6,6,0.9945968008211825,0.0014049422442692805,0.0014231119999352584,0.000914103076804974,0.00040555769042016155,0.0012554841673878007,0.9945968008211825
4061,4,4,0.9980404173359451,0.00047135995226002113,0.0002964352141275296,0.0005352901272469015,0.9980404173359451,0.00033658156330702166,0.00031991580711346633
4062,2,2,0.9965784121909589,0.00023888824672684103,0.9965784121909589,0.00027834205007682805,0.00021271267175686866,0.0020460514577989924,0.0006455933826817014
4063,1,1,0.9982853399351556,0.9982853399351556,0.00020745541857905716,0.00036024552059034013,0.0005269157048235194,0.00025804357959225685,0.00036199984125932896
4065,1,1,0.9981057957471118,0.9981057957471118,0.0002437320876374372,0.00038858827376624805,0.0006357225556352205,0.0002622230468279967,0.0003639382890213567
4068,6,6,0.9944750307145881,0.001388355806576498,0.0014930224903412766,0.0008820274060278305,0.00039116705052352405,0.0013703965319427519,0.9944750307145881
4069,1,1,0.9984360790978513,0.9984360790978513,0.000202619426567807,0.00030735225937730603,0.00037817144880147966,0.0002448989071915822,0.00043087886021055794
4070,1,1,0.9981585974542562,0.9981585974542562,0.0002548376413167753,0.0004154621414346402,0.0005294235114496976,0.0002940568558702084,0.0003476223956725808
4071,4,4,0.9979920809948519,0.0005148498060927628,0.0003511250563277201,0.0004782045066017967,0.9979920809948519,0.0003408641815491365,0.0003228754545766546
4072,1,1,0.9982266933087818,0.9982266933087818,0.00019765434086494336,0.00035082763912130987,0.0005538872160900374,0.00031896310690318375,0.0003519743882387367
4073,2,2,0.9977776716446096,0.00026010679069741625,0.9977776716446096,0.0003170531224620031,0.00022977933240794698,0.0008346444486516726,0.0005807446611713518
4074,4,4,0.9977921995269697,0.0005350163317467381,0.00042356385825979804,0.0005062040647464973,0.9977921995269697,0.00046809414296341016,0.00027492207531378443
4075,4,4,0.9980455534442422,0.0004610028070533302,0.000328975638953026,0.00041883295786543655,0.9980455534442422,0.0003850111349046658,0.0003606240169814475
4079,4,4,0.9979679939188237,0.0005010477495271864,0.0003763013428337169,0.0004708185328854539,0.9979679939188237,0.0003886324317731909,0.00029520602415676096
4081,2,2,0.9976340845797461,0.0003650301920546521,0.9976340845797461,0.0005947072117244818,0.00039106769884904915,0.00041806979381132415,0.0005970405238143685
4083,3,3,0.9980769266598281,0.00034048832401922926,0.0003966101655223553,0.9980769266598281,0.0004522614854495385,0.00037673850880001086,0.000356974856380773
4084,1,1,0.998382461426564,0.998382461426564,0.00020887203829620372,0.00032549130664905756,0.00046166449305174313,0.0002709630386229221,0.0003505476968161064
4085,6,6,0.9946539239897917,0.0012745588111646668,0.0014244613471179515,0.0009118338781808569,0.0003800616188430429,0.0013551603549017512,0.9946539239897917
4086,6,6,0.9947055293684578,0.0012790969740689134,0.0013927068066129148,0.0009425431203032028,0.0004199161907841283,0.0012602075397730604,0.9947055293684578
4088,1,1,0.9983239640495355,0.9983239640495355,0.00019590292977882915,0.0003349367718557382,0.00042214951279842045,0.0002851289718229977,0.0004379177642086183
4089,5,5,0.9961031557347747,0.0005352866073994186,0.0008005623145195173,0.0004489143849726489,0.0005954544105814438,0.9961031557347747,0.0015166265477523267
4090,2,2,0.9977552868531914,0.00024983887833315014,0.9977552868531914,0.0003374527053327342,0.0003046984377458026,0.0007278420216815963,0.0006248811037153081
4093,4,4,0.9980727476884859,0.0004499755716197587,0.0003209918319636571,0.0004619854142627445,0.9980727476884859,0.00033204075331756737,0.0003622587403504267
4095,5,5,0.9967607602543389,0.0005158103172928558,0.0006498976561892587,0.00046913991072334053,0.0005605594927512447,0.9967607602543389,0.0010438323687044422
4097,1,1,0.9983116011751021,0.9983116011751021,0.00021736404819098256,0.00031810557360725973,0.0004131344836637996,0.0002534036068209077,0.0004863911126150745
4099,4,4,0.9980450691420267,0.0004769475405646372,0.00033812998426556326,0.0004761483202906536,0.9980450691420267,0.00035194961777046364,0.00031175539508197716
4102,2,2,0.9973966525266105,0.00030255339302417473,0.9973966525266105,0.000512705330865673,0.00026020391689711187,0.0008635873197200135,0.0006642975128825117
4104,2,2,0.9978531979894842,0.0003433352029413397,0.9978531979894842,0.0003657880509549011,0.0003179643758452846,0.0006299811512343576,0.0004897332295399298
4107,6,6,0.9946598948467896,0.0013069177054640924,0.0013752582761002087,0.0009411454593252933,0.0004241561047989538,0.0012926276075217783,0.9946598948467896
4109,3,3,0.9980691973455824,0.0003423242787122677,0.0003954572486632173,0.9980691973455824,0.0004410893468191376,0.0003970947756356352,0.0003548370045873148
4111,3,3,0.9980308041686364,0.00036459753841695634,0.0004101204149826678,0.9980308041686364,0.0004980347412187288,0.000358772988348935,0.00033767014839629697
4112,4,4,0.9980629045247063,0.0004616707718943581,0.0003349456514824915,0.0004507902176115834,0.9980629045247063,0.00035943026738709607,0.00033025856691829643
4113,3,3,0.9980263897066222,0.0003425677401119211,0.00044134245224585904,0.9980263897066222,0.0005163143328386197,0.0003301834772042539,0.00034320229097715857
4114,5,5,0.9948325497947491,0.0003348078868022678,0.0033470735634766047,0.0003162870524762507,0.00030269765866324145,0.9948325497947491,0.0008665840438325371
4115,2,2,0.9977519466988581,0.0003702236194604253,0.9977519466988581,0.00048750146888168206,0.0003419438624017496,0.00044392785180043243,0.0006044564985976898
4118,6,6,0.9947630926050368,0.0013309088753682356,0.001386097771475704,0.0008851128658954561,0.00040611669038898826,0.001228671191834783,0.9947630926050368
4119,1,1,0.9982315908400441,0.9982315908400441,0.00022511696466548053,0.00038507152971178806,0.00046721004813500804,0.00022108410508252647,0.0004699265123611944
4120,2,2,0.9977789581618861,0.0003030133393775548,0.9977789581618861,0.0005062622398051476,0.0003493122952250111,0.0004765237128337884,0.0005859302508724356
4121,2,2,0.964282876935944,0.00039467630025911374,0.964282876935944,0.000670525574547993,0.0003130211187664039,0.03183781729017253,0.0025010827803098644
4122,4,4,0.9981085219402287,0.0004356013508626489,0.00032792635704176256,0.0004241046405321473,0.9981085219402287,0.0003518518568803465,0.0003519938544544243
4125,5,5,0.9957079052027673,0.001238054407412564,0.0008277517923550464,0.0003680844224614535,0.00046779772894977955,0.9957079052027673,0.0013904064460538309
4126,1,1,0.9979450942217383,0.9979450942217383,0.00028371985001320743,0.00044753825314015715,0.0006162560828079222,0.0002948638531473496,0.00041252773915307787
4127,3,3,0.9979793806173803,0.00031536887733846556,0.0004147300448924293,0.9979793806173803,0.0005253018615033266,0.0004240499928620315,0.00034116860602341253
4128,3,3,0.9980304281833435,0.0002749593871037644,0.0003690390966638719,0.9980304281833435,0.00046772102433153444,0.00043993940822393586,0.00041791290033332416
4129,6,6,0.9945633233448512,0.0013417496931553271,0.0014742512738405522,0.0010307875125341289,0.0003941497109493844,0.0011957384646694219,0.9945633233448512
4130,1,1,0.9983787639670887,0.9983787639670887,0.00021808944242659404,0.00031420788792744386,0.0003970791152604936,0.0002727137464642547,0.00041914584083253836
4131,1,1,0.9984282716033992,0.9984282716033992,0.0002119414955418095,0.00028296118976945425,0.0003095336575911026,0.00028183519162093914,0.0004854568620775414
4133,2,2,0.9973453064290335,0.00024433548428077367,0.9973453064290335,0.0003469499941497464,0.00028775510704097276,0.001292852229953014,0.0004828007555419893
4134,6,6,0.9945426137468201,0.0012566603444343991,0.0014550459092473851,0.000924986626489206,0.0003847920801405297,0.0014359012928684466,0.9945426137468201
4135,6,6,0.994651677019091,0.0013415899617591227,0.001403909411951969,0.0009296343212958113,0.00040661607709510124,0.001266573208807023,0.994651677019091
4137,4,4,0.9979667878504674,0.0004966586818781048,0.00036261845578956586,0.000488212022501885,0.9979667878504674,0.00038142549695490357,0.0003042974924080814
4139,1,1,0.9983887419370466,0.9983887419370466,0.0002013878983677507,0.0003399664218647231,0.00039467119603367776,0.0003093225084473526,0.0003659100382398588
4140,4,4,0.9979691921401275,0.0005795630172555955,0.00033201832540067375,0.00046100184304461746,0.9979691921401275,0.0003629279315641814,0.0002952967426074907
4141,3,3,0.997996634551832,0.0003024384876053741,0.00041302653798701473,0.997996634551832,0.0005506046110127329,0.00039268645040008306,0.00034460936116265475
4142,4,4,0.9979837822285708,0.0005249185951289237,0.00032233254687974927,0.00047426378119825896,0.9979837822285708,0.00039232074605223793,0.00030238210217007667
4144,2,2,0.9971516959654493,0.0004706380542020769,0.9971516959654493,0.0005301580337572189,0.0004951324481988126,0.0005431124974655567,0.0008092630009270624
4145,1,1,0.9980355226838308,0.9980355226838308,0.00019944543316849041,0.00033710480754570583,0.0007592964604487689,0.000286080645826859,0.00038254996917935254
4146,4,4,0.997880491736537,0.0004686961919951947,0.0003290068815917707,0.000448799794204829,0.997880491736537,0.0004341619639862767,0.00043884343168493385
4147,4,4,0.9977424565216956,0.000579249545662703,0.00041760930921586346,0.0004292716220249803,0.9977424565216956,0.0005023534388574707,0.00032905956254335606
4148,5,5,0.996819404680263,0.0006883696378814457,0.000662440685360148,0.000440246175883668,0.0004445629143447774,0.996819404680263,0.0009449759062669754
4149,1,1,0.9981256700589349,0.9981256700589349,0.00025650552004762126,0.00042787673301665654,0.0005393061227329107,0.0003184679061910564,0.0003321736590767782
4150,2,2,0.9978240335460311,0.0003257662628089964,0.9978240335460311,0.00045803041954888153,0.0003316817616355424,0.0004664442201872871,0.0005940437897882294
4151,2,2,0.9977523579672968,0.0003094536336222442,0.9977523579672968,0.0004942339676659769,0.0003788082354949504,0.0004724239357006433,0.0005927222602193728
4152,6,6,0.9947017695306264,0.0013346831537010045,0.0013453866121459178,0.0009809258310802585,0.00040587114070784184,0.0012313637317385771,0.9947017695306264
4153,5,5,0.9967160589258236,0.0006690447579696837,0.0007078428429391529,0.0004065266842545684,0.0004452070733293683,0.9967160589258236,0.0010553197156836268
4154,5,5,0.9966961633767674,0.0005945516330427997,0.0007649323712182834,0.0003866477363624317,0.0004738346571823676,0.9966961633767674,0.0010838702254268237
4155,4,4,0.998022175178632,0.00048643492064654565,0.0002964315284097944,0.0005199853790496659,0.998022175178632,0.0003576403748787979,0.00031733261838316426
4157,6,6,0.9947154505185788,0.0012866447963337483,0.0013798913790717094,0.0010101278900770095,0.0003966321177332682,0.0012112532982054937,0.9947154505185788
4158,4,4,0.997984468156655,0.0004165382745564254,0.00031433246757668675,0.0005880282486756702,0.997984468156655,0.0003542144044648231,0.0003424184480714625
4160,2,2,0.9978138403822348,0.0002805150008432252,0.9978138403822348,0.00046667236597220296,0.00029961415484210655,0.0005375440277610002,0.0006018140683466952
4161,2,2,0.997635554802507,0.00036730072702277134,0.997635554802507,0.00033292180395914255,0.0002848763646899209,0.0006213733116864528,0.0007579729901348383
4163,2,2,0.997207836581067,0.0003802798226189294,0.997207836581067,0.00047052026674150805,0.00032522963537930355,0.0006085693119959063,0.0010075643821972585
4165,6,6,0.9944511639713309,0.0014427964025561333,0.0014968181209138755,0.0010103267279287396,0.0004017286645914054,0.0011971661126789419,0.9944511639713309
4167,2,2,0.9977112345754746,0.00034597878783008,0.9977112345754746,0.0004051998181582682,0.00035763600759587845,0.0007140030299088547,0.00046594778103238224
4168,4,4,0.9979051600735003,0.0005901407132140806,0.0003386353576366422,0.0004974781892622206,0.9979051600735003,0.0003695587021380595,0.00029902696424877315
4169,6,6,0.9938417555098586,0.001460385375078848,0.0014974730842814018,0.0008305493294359148,0.000408104674235606,0.0019617320271096347,0.9938417555098586
4171,5,5,0.9966571203395395,0.000501771160029477,0.0006314072444272697,0.0005373486132467692,0.0005777584082035552,0.9966571203395395,0.0010945942345534723
4172,5,5,0.9968098383295461,0.00040992974582361626,0.0006287882352273618,0.0006069388824924937,0.0005249698601165444,0.9968098383295461,0.0010195349467939975
4174,4,4,0.998002385859003,0.0005271078111080685,0.00032315604240247753,0.0004461469860587541,0.998002385859003,0.00038968945961983023,0.00031151384180786037
4176,4,4,0.997779623844361,0.000598790751550367,0.00038754323060675696,0.0005224668817114054,0.997779623844361,0.00042841848674167926,0.00028315680502874994
4177,6,6,0.9946962027043632,0.0013258675712443215,0.001399283152331321,0.0009486809735348268,0.00039197483696910054,0.0012379907615572472,0.9946962027043632
4178,4,4,0.9980412242930978,0.000490150507650386,0.0003052453612234271,0.00047072579490785,0.9980412242930978,0.0003723964012054948,0.00032025764191502147
4180,3,3,0.9977050572994962,0.00034439816265559634,0.0004304527670099666,0.9977050572994962,0.0006094240179389701,0.0004203668647231123,0.00049030088817612
4181,6,6,0.9945282851500518,0.001330060603510853,0.001451738602633766,0.0009285395394757322,0.0004057069226658243,0.0013556691816620134,0.9945282851500518
4182,1,1,0.9982827566558757,0.9982827566558757,0.00020534125398367743,0.00038397532063805506,0.00047658294934148663,0.0002397228010045332,0.00041162101915657247
4183,3,3,0.9979230697342137,0.00029348159835035234,0.0003692982403557133,0.9979230697342137,0.000568975807233258,0.0003662547364091065,0.0004789198834378827
4184,2,2,0.997880430960037,0.00027866530221661023,0.997880430960037,0.00041612026132347015,0.0002918252115426088,0.0005752240484894613,0.0005577342163909377
4188,4,4,0.9980276507004937,0.00045736126604304473,0.00035145262776642146,0.0004772874951626042,0.9980276507004937,0.0003528584301284144,0.0003333894804058206
4189,3,3,0.9980281668982853,0.00032235301986219885,0.00038758910692277844,0.9980281668982853,0.0005180961765348424,0.0003848093420126046,0.00035898545638224344
4190,2,2,0.9978682575188684,0.0002814832432561296,0.9978682575188684,0.0004545030633232985,0.0003148823902300485,0.0005069148979239391,0.0005739588863981599
4191,3,3,0.9979546266843534,0.00038557018498689213,0.00034177337740381005,0.9979546266843534,0.0005033994173529266,0.0003658780987064749,0.0004487522371964903
4194,2,2,0.9978961227043259,0.00025586269964928657,0.9978961227043259,0.0004376457862996384,0.0003079774761349893,0.0005996810790348939,0.000502710254555235
4195,5,5,0.9968298074682157,0.000450971769037723,0.0010054616720283343,0.0003958336600347441,0.0003365412411697497,0.9968298074682157,0.0009813841895138077
4196,3,3,0.9980622376910444,0.0003356141827480061,0.0003957729089176773,0.9980622376910444,0.0004639625464200183,0.0004027282008365875,0.0003396844700333551
4197,1,1,0.9983794117881223,0.9983794117881223,0.00019730016127961558,0.0003260131545983926,0.00044426016245159084,0.0002967896764775257,0.0003562250570706917
4199,5,5,0.9968928905831423,0.000477402975321022,0.0007388455576574297,0.000400892578626609,0.00041328609658410775,0.9968928905831423,0.001076682208668496
4200,3,3,0.9978630182526764,0.00045945269442965473,0.0003935133374625826,0.9978630182526764,0.0005579702687994536,0.0003937637177219189,0.00033228172890995526
4201,6,6,0.9910863245807714,0.0012093377548445072,0.003911363972739035,0.0009765163614180949,0.0004105968194283764,0.002405860510798619,0.9910863245807714
4203,5,5,0.9966555475876392,0.0006322401814341899,0.0006775427366348526,0.0005444043004013683,0.0005365665227255351,0.9966555475876392,0.0009536986711649178
4205,2,2,0.9978481562459177,0.00029608458328729965,0.9978481562459177,0.0004420487743665886,0.00033275688969212094,0.0005569080174329765,0.0005240454893032491
4206,5,5,0.9967287932600087,0.0005472889836546721,0.0006256322472933997,0.0004806175203623508,0.0005083551010299766,0.9967287932600087,0.0011093128876509095
4207,5,5,0.9962907083130886,0.0004923680213079432,0.0007898188027911653,0.0005136136991078059,0.0005428852812626411,0.9962907083130886,0.0013706058824418112
4208,1,1,0.9983692666534204,0.9983692666534204,0.00023632490452409885,0.0003186665475118852,0.0003936759743782078,0.0002836561199335259,0.0003984098002319247
4209,4,4,0.9978784648796549,0.0005005641871631844,0.0003955381928391612,0.00047382879964548983,0.9978784648796549,0.0004318453054944199,0.0003197586352028812
4210,1,1,0.9982866077136107,0.9982866077136107,0.00021799174918747354,0.0003398855836833279,0.0004393943802063155,0.0002575153646001277,0.00045860520871189044
4213,1,1,0.9982854196010295,0.9982854196010295,0.00021501850253938164,0.00040257745190442235,0.00047484640048056816,0.00024018682740474724,0.00038195121664147825
4214,3,3,0.9979985421330694,0.0003577403418108646,0.00044999038647972024,0.9979985421330694,0.0005180723453585848,0.0003328346484488679,0.0003428201448325297
4215,2,2,0.9975407995142438,0.0002596837210384306,0.9975407995142438,0.0003006657838141829,0.00022260934214105615,0.0010861737770279914,0.0005900678617345716
4216,6,6,0.9947373157791359,0.001282030352703474,0.0013431155668467345,0.0009982348306130787,0.00043101873107579525,0.0012082847396249611,0.9947373157791359
4217,4,4,0.998017202517783,0.00041043802485278335,0.00035502988990457205,0.00048780060543606005,0.998017202517783,0.0003759845025374766,0.000353544459486068
4218,4,4,0.9980483307533432,0.00044836145795492066,0.0003650969976230202,0.0004557519102250345,0.9980483307533432,0.00038129680124539066,0.00030116207960847086
4221,6,6,0.9945176156080899,0.0013653102676125415,0.0014685643707351118,0.0009238208795455946,0.00041834250072838686,0.0013063463732884571,0.9945176156080899
4222,4,4,0.9979587964131431,0.0004360588283860879,0.00035852770701790844,0.0005664561273610511,0.9979587964131431,0.00035725001973516227,0.0003229109043567328
4223,4,4,0.9978727807629976,0.0004049733491051205,0.0002829017037833326,0.0007190290138505915,0.9978727807629976,0.00035922850359734813,0.00036108666666605124
4224,2,2,0.9977760294702739,0.0003363716255358437,0.9977760294702739,0.00048465491128675347,0.0003366858014412911,0.000470879280087336,0.0005953789113749172
4225,1,1,0.9982698842029939,0.9982698842029939,0.0002449455128359505,0.00030701053527965624,0.00036583106280602666,0.00030539684434687393,0.0005069318417376376
4227,1,1,0.9983022888497456,0.9983022888497456,0.000196224935824953,0.0003430245792706307,0.0004706269273944084,0.00030698390659345264,0.0003808508011709815
4228,5,5,0.9967868843666797,0.0005316213576664157,0.000701245862428758,0.00048540861078151266,0.0005306634924634341,0.9967868843666797,0.0009641763099801274
4231,5,5,0.9966757702454743,0.00045804818042772996,0.0010309181362146546,0.00032463321849901614,0.0003507008511101125,0.9966757702454743,0.0011599293682742107
4232,3,3,0.9980271123139737,0.00035913863641893475,0.0003624733823044005,0.9980271123139737,0.000498638879044217,0.0003556924228665667,0.00039694436539224287
4235,1,1,0.9982710410103636,0.9982710410103636,0.00019067575522042107,0.0003617536035004408,0.00045229357673706207,0.0002218665465167493,0.0005023695076615888
4237,2,2,0.9974655861070671,0.0003837250479626821,0.9974655861070671,0.00041656456190684865,0.00035515311639552465,0.0004434672722233259,0.0009355038944444305
4238,1,1,0.998274581695826,0.998274581695826,0.0002196491878760659,0.00037372494169011784,0.0004662653452270266,0.0002492799582383263,0.00041649887114260034
4239,4,4,0.9978713229888897,0.0006334447227369714,0.0003453406829665653,0.0004940548311028892,0.9978713229888897,0.000368970549600377,0.0002868662247035733
4241,5,5,0.9967506404227362,0.0004975071865391415,0.0008287031652867866,0.00037386059040587496,0.0004424237093872733,0.9967506404227362,0.0011068649256447132
4242,1,1,0.9982706296570376,0.9982706296570376,0.00021358919526991976,0.00037342884802069444,0.0004640773662049993,0.00022106598475018293,0.0004572089487166189
4243,4,4,0.998048372378015,0.0004741660419837802,0.00032136901924657363,0.000409101434715535,0.998048372378015,0.0003891689207730118,0.0003578222052661116
4244,1,1,0.9983884735075107,0.9983884735075107,0.00020181774079550797,0.00032273182394258293,0.0003792947504589646,0.0002993915662697969,0.00040829061102248045
4245,4,4,0.9980250879651706,0.0004179640874311573,0.00029084776438992847,0.0005575571050369385,0.9980250879651706,0.00033841759258690634,0.0003701254853844033
4246,1,1,0.9983893830330806,0.9983893830330806,0.00019483488380182254,0.00027634372782705944,0.0003756239386053193,0.00031345457574912536,0.00045035984093612965
4247,6,6,0.9943050071520737,0.0014976225414638123,0.0015255077377941035,0.001020653110440381,0.00041322872114362417,0.0012379807370843275,0.9943050071520737
4248,4,4,0.9980526522643052,0.00044398839299955784,0.00032619195645090424,0.0004149605254014594,0.9980526522643052,0.0004026726561398286,0.0003595342047031197
4249,4,4,0.998105591730148,0.0004282767829709546,0.0003075231342273017,0.00045028122757452484,0.998105591730148,0.00035811464014314876,0.00035021248493602696
4250,1,1,0.9980892182358249,0.9980892182358249,0.00022268818110609455,0.00029386067312278603,0.00041217456412891764,0.000547816557097261,0.00043424178872022854
4252,2,2,0.9978275730192,0.00027782825004188697,0.9978275730192,0.0003242737190726954,0.0002926391326782938,0.0007057043402477941,0.0005719815387593905
4254,5,5,0.9954962865420753,0.00040301797526790694,0.0007323438866667057,0.0012907894736129061,0.0005868257219396993,0.9954962865420753,0.0014907364004374006
4255,4,4,0.9981032072830471,0.00039388327485968545,0.00029980453679051165,0.0005032194623941094,0.9981032072830471,0.00034985511892934694,0.00035003032397926814
4257,3,3,0.9979889248788093,0.0003068371980861048,0.0003804031529964424,0.9979889248788093,0.00046899751083044204,0.0004979267178868278,0.00035691054139089457
4258,2,2,0.9978579451606773,0.00031128373061369734,0.9978579451606773,0.00038652460880758883,0.0003366749007473473,0.0005225138515054168,0.0005850577476486812
4260,4,4,0.9980386850839111,0.00040071561431415483,0.0003329616949187695,0.0004822905059025265,0.9980386850839111,0.0003810779216025957,0.0003642691793508377
4261,2,2,0.9975399741798812,0.0002286699402456021,0.9975399741798812,0.0005424841531700443,0.000252411403947079,0.0010004747661914784,0.0004359855565646839
4264,1,1,0.9983501350935988,0.9983501350935988,0.00021244070198822064,0.00034950923581173555,0.00041885449550431106,0.00023988281991197817,0.0004291776531849177
4265,1,1,0.9983455419506946,0.9983455419506946,0.00020261188423278807,0.00033200041928831164,0.00047115276605943476,0.0003065706260700942,0.000342122353654785
4266,2,2,0.9978615818102277,0.00025877324791712315,0.9978615818102277,0.00036748483296558085,0.0002709443812639074,0.0006532035685303598,0.0005880121590954217
4267,2,2,0.9977940985976161,0.00034466417242309995,0.9977940985976161,0.0004084495575909237,0.00035346188260672236,0.0004958624234284784,0.0006034633663346498
4268,5,5,0.9968992492584728,0.00042401053449513733,0.0008648833045232924,0.0004723789471321298,0.0004901266667086491,0.9968992492584728,0.0008493512886679176
4269,6,6,0.9947045769968487,0.0013181426759587467,0.0013928303250973926,0.0009041750167257908,0.000407672471395951,0.0012726025139734678,0.9947045769968487
4270,1,1,0.9983370077475304,0.9983370077475304,0.00019626022103816002,0.0003725456978838878,0.0004388011775950168,0.0003064504929634456,0.0003489346629890777
4272,5,5,0.9963714514485085,0.00042967099386951506,0.0006578170994016271,0.0007724804943020023,0.0004794058052866258,0.9963714514485085,0.001289174158631808
4273,6,6,0.9947028594313044,0.001335090120954108,0.0013904251164859266,0.0009423703151177322,0.00041754802126060987,0.0012117069948771907,0.9947028594313044
4276,5,5,0.9966522250175243,0.0005132730785958734,0.000773313718452901,0.0004415436006151365,0.0005491915723632043,0.9966522250175243,0.0010704530124485802
4277,5,5,0.9963040802236112,0.0005541034794471721,0.0007296752339895684,0.00043975302469659837,0.0006119817388986329,0.9963040802236112,0.0013604062993568568
4278,2,2,0.9971578794475144,0.0004179240486579887,0.9971578794475144,0.0007823020515189494,0.0005696529208680957,0.00039544768274757733,0.0006767938486929555
4279,4,4,0.9980616012990123,0.00043762483562835564,0.00034585579026107885,0.0004746555063332009,0.9980616012990123,0.0003810891827981144,0.0002991733859670104
4280,2,2,0.9882479946822005,0.0009435936834522413,0.9882479946822005,0.0016143492997556855,0.0002946249632019221,0.0066944737575705205,0.002204963613819257
4281,1,1,0.9980936063461161,0.9980936063461161,0.00024504477938739374,0.0004133671513517657,0.0006167196192034673,0.00030248109812733125,0.0003287810058139882
4282,1,1,0.9983813665760627,0.9983813665760627,0.0002105228611556413,0.00031625173562584814,0.0004506630313612951,0.0002586689054073626,0.00038252689038715566
4283,2,2,0.9976710541838922,0.0003695949803737673,0.9976710541838922,0.00046790655417005606,0.00029186444194030393,0.0006516305641370173,0.0005479492754866264
4285,4,4,0.9977602939223306,0.0004883731589442759,0.00039963499797812126,0.0005292922713717393,0.9977602939223306,0.00044472777430792454,0.00037767787506732804
4286,6,6,0.9943965742325639,0.0014610235913343384,0.001442770949313984,0.0008156267051270451,0.00040099601306245464,0.0014830085085983163,0.9943965742325639
4287,4,4,0.997980640762747,0.00043671469894949056,0.0003399665246908417,0.0005336053946639614,0.997980640762747,0.00035552528672375095,0.0003535473322249611
4288,2,2,0.9966192353818707,0.0002240439231880127,0.9966192353818707,0.0003439531466128101,0.000253309847746604,0.001885308206086123,0.0006741494944957911
4289,4,4,0.9980189117096457,0.00046865973556741087,0.0003426610839687384,0.0004654322956136672,0.9980189117096457,0.00037160513241498057,0.00033273004278944977
4291,1,1,0.9983597013101609,0.9983597013101609,0.0001898510890499793,0.00031079490402793593,0.0004794756929964695,0.0002727886498564571,0.00038738835390825466
4294,5,5,0.9966214655406154,0.0004481322385608841,0.0007944254498026204,0.0005582678083095587,0.0005215665940283544,0.9966214655406154,0.0010561423686832247
4295,1,1,0.9983466810896084,0.9983466810896084,0.00020836836373727834,0.00034634381698964275,0.00047251945693970544,0.00027859245745451977,0.0003474948152704657
4296,3,3,0.9979198588960616,0.000279076863470129,0.00041514571115627754,0.9979198588960616,0.00047521811277868896,0.0004066560655925275,0.0005040443509407961
4297,4,4,0.9980265672439693,0.000494625835469211,0.000358689524443288,0.00043850893454816433,0.9980265672439693,0.00037290875403400437,0.0003086997075361382
4298,1,1,0.998352839860974,0.998352839860974,0.00020822066798454957,0.0003420199635952251,0.00044943509559328614,0.0002543491603197359,0.0003931352515333198
4299,1,1,0.9983202716559587,0.9983202716559587,0.0002255405393528565,0.0003747203117518748,0.0004491697719708157,0.00024526947285204804,0.0003850282481136797
4300,6,6,0.994793477193075,0.001274628218696821,0.0013715173152543724,0.0009554137965641276,0.000400292367989472,0.0012046711084201928,0.994793477193075
4301,4,4,0.9980388613700677,0.00043398411051038274,0.0003086172320935053,0.0005397291566807637,0.9980388613700677,0.0003515341784613797,0.0003272739521863175
4302,2,2,0.9977658333041499,0.00033370948566483795,0.9977658333041499,0.00040194548622253897,0.00031872130320962104,0.0004979243654133127,0.0006818660553398601
4303,5,5,0.9966067951682641,0.00047363944556538264,0.0007013946922441237,0.0004837913281822639,0.0005889104731180015,0.9966067951682641,0.0011454688926261166
4304,5,5,0.996827472166799,0.00044222242259195067,0.0007415351353722902,0.0004814826477808946,0.00042984304949603705,0.996827472166799,0.0010774445779598222
4305,1,1,0.9983601393217251,0.9983601393217251,0.00019161245367725393,0.0003159420580995042,0.00047917989115280193,0.0002861769582613564,0.00036694931708405464
4306,4,4,0.9979224195646613,0.0005416389058259837,0.00026718243431848583,0.0005811876376974113,0.9979224195646613,0.000358179028946954,0.000329392428549842
4307,3,3,0.998019486780979,0.0003487543249274882,0.00038682821900680036,0.998019486780979,0.00044316435979153295,0.0004481634084836205,0.0003536029068116039
4308,5,5,0.9945498610194877,0.0006693581573003998,0.0007143484322951258,0.001656011645339085,0.0004423875002602334,0.9945498610194877,0.001968033245317451
4309,5,5,0.9969855992582831,0.0004307011999835175,0.0008741364330679002,0.00039427443452427454,0.0004032846030252906,0.9969855992582831,0.0009120040711159415
4310,3,3,0.9980485012887468,0.00032987637298513784,0.0004279652240254314,0.9980485012887468,0.0004874531670044685,0.0003608342362323033,0.0003453697110059019
4311,1,1,0.9983110974520192,0.9983110974520192,0.000208308888015255,0.0002914298543568372,0.00050085826492766,0.00029415173204168924,0.00039415380863939617
4312,3,3,0.9979878454309882,0.00035058298808519857,0.0004367130367519913,0.9979878454309882,0.0005063870815324054,0.00037545028983513164,0.0003430211728071653
4313,2,2,0.9978328917566629,0.0002906281900008257,0.9978328917566629,0.0004013212976335498,0.000296081491440536,0.0005459505212565076,0.0006331267430057319
4314,5,5,0.9969319236003881,0.0004736573090083969,0.0007537097652653204,0.0005162198280687194,0.000499597349708155,0.9969319236003881,0.000824892147561371
4315,2,2,0.9934482573163668,0.00031905907499673637,0.9934482573163668,0.0033504872430899814,0.0003432186288674803,0.001941814086988222,0.0005971636496909168
4316,5,5,0.9967179245821527,0.0006340029818928257,0.0007358180112994429,0.0004623892299742927,0.0004035227203777525,0.9967179245821527,0.0010463424743030402
4318,5,5,0.9968494330491794,0.00043738438777512806,0.0006679589198321875,0.0004853840001809951,0.0004656745354674931,0.9968494330491794,0.0010941651075648446
4320,6,6,0.9945361511762663,0.0013580362871072474,0.0014983564460877626,0.0010133640503414536,0.000406316884798109,0.0011877751553992157,0.9945361511762663
4321,2,2,0.9977208637174874,0.0002862638697824953,0.9977208637174874,0.0004132331093872847,0.00037838921893030734,0.0007446385903002144,0.0004566114941124964
4322,3,3,0.9980854449587716,0.00030884774445170265,0.00037492630780861354,0.9980854449587716,0.00045660106195580426,0.0003923008591715752,0.00038187906784086683
4326,4,4,0.9978353464180492,0.0006109970175487221,0.00039152051627121254,0.0004601566540851997,0.9978353464180492,0.0004180301156460479,0.0002839492783997472
4328,3,3,0.9979550361272377,0.0003846506986306894,0.0003730683932968133,0.9979550361272377,0.0005303873659744148,0.0004028311039480758,0.00035402631091229766
4329,5,5,0.9948558291410711,0.0007028340695993302,0.0007066680334018766,0.002132501109732636,0.0006862026865473835,0.9948558291410711,0.000915964959647694
4330,5,5,0.9961227052471049,0.0006365144809181212,0.0015074030508840325,0.0003469003004233058,0.00030722616059978045,0.9961227052471049,0.0010792507600698585
4331,2,2,0.997358290230617,0.00036253426066418427,0.997358290230617,0.0006750748330966276,0.0005253520940077112,0.0004012645333657962,0.0006774840482487279
4332,4,4,0.9980305477145572,0.0004583135924984777,0.0003406319695192688,0.0004524082801063737,0.9980305477145572,0.0003572079097196624,0.0003608905335989285
4335,1,1,0.9982985968617287,0.9982985968617287,0.00017320194041804652,0.00034547206359694584,0.0003419296330476352,0.0003199384318824263,0.0005208610693262394
4336,1,1,0.9982919271128553,0.9982919271128553,0.00019992407177243192,0.0003868127720430916,0.00048463338468244,0.0002572003606153459,0.000379502298031401
4337,3,3,0.9979472949238554,0.0003694246769096349,0.00045113944505447844,0.9979472949238554,0.0004552409606485161,0.0004362844422486631,0.00034061555128337133
4338,3,3,0.9980516465956978,0.0003293958051573296,0.0003951034864396724,0.9980516465956978,0.000507427436935315,0.0003585203541567382,0.0003579063216131197
4339,1,1,0.9983068859175331,0.9983068859175331,0.00018945671329248498,0.0003508700228605551,0.0004786410210257461,0.00029795692996451066,0.0003761893953235342
4341,1,1,0.9983555964457882,0.9983555964457882,0.00020995644002935306,0.0003148364491770284,0.0004447951685553126,0.00029197530510767473,0.00038284019134243735
4342,6,6,0.9947703976082892,0.001301901363405435,0.0013710513695221421,0.0009661235862015006,0.00039648234606666066,0.0011940437265150487,0.9947703976082892
4343,2,2,0.9977896023613169,0.00030154003769836905,0.9977896023613169,0.00043080196245152963,0.000386564111895483,0.0004912359779331505,0.0006002555487046739
4345,2,2,0.9975766787808407,0.00028420234573402583,0.9975766787808407,0.0004422417369821542,0.00034013269151367286,0.0008961965436537298,0.00046054790127581386
4346,6,6,0.9938359057017172,0.001504497662000455,0.001724693060980891,0.0009447911079647466,0.00040932772551481974,0.0015807847418218414,0.9938359057017172
4347,1,1,0.9983597105142685,0.9983597105142685,0.0001916971841535599,0.0002919642401328108,0.0003566488770304306,0.0003274756313098134,0.0004725035531048997
4348,4,4,0.9979201409086322,0.00046021927010965447,0.00036478556474475304,0.000515992892884911,0.9979201409086322,0.0003785346223259732,0.0003603267413024477
4350,4,4,0.9980354665493575,0.00043384339782872694,0.00029078698600935567,0.000553190171008991,0.9980354665493575,0.00031358381213193514,0.00037312908366347273
4351,5,5,0.996475018668677,0.00046180813357330516,0.0005921989081480842,0.0006653237357298115,0.0005597556467013032,0.996475018668677,0.0012458949071704004
4353,2,2,0.9978581415041667,0.00029724246566860006,0.9978581415041667,0.00038908918100265656,0.00026850903867112967,0.0005466783374959436,0.0006403394729947401
4354,1,1,0.9982174934359483,0.9982174934359483,0.0002235334765798273,0.0003725787281174306,0.0005443192041784669,0.00031874092163534137,0.0003233342335406851
4356,3,3,0.9978681959865701,0.000415349560344595,0.00038506588922815414,0.9978681959865701,0.0005074009612000058,0.0004980151503529108,0.0003259724523042997
4357,3,3,0.9980111163957511,0.0003272208573506157,0.00041853182658869146,0.9980111163957511,0.0005388087615600224,0.00035644057938268654,0.00034788157936694767
4359,4,4,0.9979920380587627,0.0004478491897956546,0.0003500010350238874,0.0005066230074836544,0.9979920380587627,0.0003470859080558009,0.00035640280087835665
4361,1,1,0.9983405180901678,0.9983405180901678,0.00021817387401377132,0.00034883788226581846,0.00047611036284309424,0.0002440264436032698,0.0003723333471062704
4362,5,5,0.9969136036390287,0.0004779335532204245,0.0006821482444473773,0.0004739685053624054,0.00046541811967588936,0.9969136036390287,0.0009869279382652152
4363,3,3,0.9972194588072455,0.0006047016593633569,0.0006097028040568901,0.9972194588072455,0.0008647783546893725,0.0003302357081738278,0.0003711226664710643
4364,2,2,0.9973358070451765,0.000349832608616769,0.9973358070451765,0.0006592162449591912,0.00036889550258532893,0.0006480278003669778,0.0006382207982951945
4365,5,5,0.9954086212319242,0.0006271015321925024,0.0015189657394055255,0.0003836382923346127,0.00035337679800441485,0.9954086212319242,0.0017082964061388166
4366,5,5,0.9940838860017895,0.0006575570284556773,0.001040628596389302,0.001154606072326001,0.0005426822231603593,0.9940838860017895,0.0025206400778790988
4367,4,4,0.9976979057010861,0.0005518340050642905,0.0002522906027254077,0.0006996159066552821,0.9976979057010861,0.00033327680471705766,0.0004650769797519346
4368,5,5,0.9963072830659145,0.00057142217922937,0.0007109484494616055,0.0006032333653437448,0.0007124738394682537,0.9963072830659145,0.0010946391005824615
4369,6,6,0.9935871607614776,0.0013235016120890465,0.0019315765715450211,0.0015644987965098838,0.0003679251912874355,0.001225337067091037,0.9935871607614776
4371,2,2,0.9970044038895342,0.0004446252752617242,0.9970044038895342,0.0007960167720063654,0.0005708611410390051,0.0005050180271282679,0.0006790748950306243
4372,2,2,0.9959693173575468,0.00038198795775006646,0.9959693173575468,0.001376080822594375,0.0004873501127429186,0.0013827972883192461,0.0004024664610467069
4374,1,1,0.9983949622233381,0.9983949622233381,0.00021274930354674623,0.0003010952081880391,0.0004061241860775063,0.0002811654278482929,0.0004039036510012607
4376,1,1,0.9983865099258892,0.9983865099258892,0.0002478724359656253,0.0003053366913172778,0.0003270777450044563,0.00029199212088256164,0.00044121108094086697
4377,6,6,0.9943033882037277,0.00151930563075701,0.0015177951420728023,0.0009912206259691547,0.0004177610649766045,0.0012505293324967285,0.9943033882037277
4381,2,2,0.9977961045955727,0.00032268154639989973,0.9977961045955727,0.0004219182204535064,0.0003683238343419596,0.0004799356322985308,0.0006110361709334894
4382,1,1,0.998140163144672,0.998140163144672,0.00023322447766940512,0.000377641201026036,0.0005773976829768683,0.00033667505400025006,0.0003348984396555194
4384,3,3,0.9979194992508316,0.00042402675172970695,0.00040075509886037505,0.9979194992508316,0.0005435715940904222,0.0003704913970825872,0.00034165590740529956
4385,6,6,0.994398652841594,0.0014729772218887672,0.001577598041730096,0.0008876097266208665,0.0004125975826321593,0.0012505645855340702,0.994398652841594
4387,5,5,0.9965021147097614,0.00046566990950159826,0.0005273580073207053,0.0007052758846453627,0.0005993758980998737,0.9965021147097614,0.0012002055906711517
4388,1,1,0.9982746059701215,0.9982746059701215,0.00021733734490121984,0.00038389254899065495,0.00047191048127252647,0.00022814822510531903,0.0004241054296087708
4389,6,6,0.9944698867016014,0.001373260522604274,0.0014763329029049757,0.0010051378106000447,0.0003880724856767959,0.0012873095766124712,0.9944698867016014
4391,2,2,0.9975390405202458,0.00035659047508674685,0.9975390405202458,0.0006666578896876746,0.00040449980938650655,0.00047174608014217804,0.000561465225451093
4394,2,2,0.9975757881654347,0.0002689755262625231,0.9975757881654347,0.0004973755993220178,0.00031753814713378494,0.0005731400853716142,0.0007671824764754306
4395,1,1,0.9983401580742152,0.9983401580742152,0.00020675514977618146,0.0003402533165207348,0.0004750201045673615,0.00026110665006401617,0.0003767067048565646
4397,3,3,0.9979691957997628,0.0003381461962404364,0.0003591354128027773,0.9979691957997628,0.0004911252692511805,0.0003806591212037716,0.0004617382007389483
4398,3,3,0.9957173072855273,0.0003671675949886918,0.0005172917531163114,0.9957173072855273,0.0006634295306401114,0.0009478334893907388,0.0017869703463368146
4399,6,6,0.9941488230698513,0.0014537146380399922,0.0015166904359709835,0.001149324552177538,0.0003796230780681528,0.00135182422589203,0.9941488230698513
4400,2,2,0.997863628958474,0.00029730334561080295,0.997863628958474,0.00043445595041664804,0.0003244193822471064,0.0005149450899431565,0.0005652472733080678
4401,4,4,0.9979675467263629,0.00043037262652127707,0.0003800190063135702,0.00045052217129100473,0.9979675467263629,0.0004398865243674004,0.00033165294514380354
4402,2,2,0.9976755666412849,0.00032240911908321124,0.9976755666412849,0.0003263156683830511,0.0002649787290935754,0.000668231049477405,0.0007424987926779092
4403,5,5,0.9960814192309266,0.0004532031341096968,0.0006609948517450157,0.000614784371479473,0.0006208027526242863,0.9960814192309266,0.0015687956591149237
4404,4,4,0.9980600496598113,0.0004646952739139282,0.00033165264243771337,0.0004361201144792258,0.9980600496598113,0.00037210292142254777,0.0003353793879352905
4405,6,6,0.9938944178822045,0.001601267055633408,0.0014819132923061563,0.0012626865895763878,0.00038823649124244736,0.0013714786890371908,0.9938944178822045
4406,4,4,0.9980583543266556,0.0004540869990187363,0.00034692860594723313,0.00045999819127301726,0.9980583543266556,0.00037282516764459934,0.0003078067094608241
4408,4,4,0.9980010519534835,0.0004523444280870396,0.0003393654231627476,0.0005295750520791887,0.9980010519534835,0.00036103858032328335,0.000316624562864248
4412,4,4,0.9980220170183068,0.00047924427692850604,0.00036941253946171614,0.00044998424804460575,0.9980220170183068,0.00036116238984689304,0.0003181795274115289
4413,4,4,0.997989904810089,0.00047484372607828817,0.00035339183942949954,0.00047566497797586814,0.997989904810089,0.00035841548076811933,0.0003477791656592715
4414,3,3,0.9980129487721595,0.0003358508855996021,0.0003766170012479573,0.9980129487721595,0.00048158841099380173,0.00034382469524733513,0.0004491702347518522
4416,2,2,0.9857231952942064,0.00023230984464929808,0.9857231952942064,0.0005568100592924992,0.0002696959994395133,0.01230055277326925,0.0009174360291430954
4417,6,6,0.9945640763979108,0.0013522760981700495,0.001428566785387801,0.0008795074131264009,0.0003945407595202462,0.0013810325458847653,0.9945640763979108
4418,1,1,0.9983819342591085,0.9983819342591085,0.00020215333103593011,0.0003159061563878173,0.0004238601012574876,0.0002483364571119811,0.0004278096950983302
4419,4,4,0.9979563142203965,0.00048456890038976595,0.0003527593934249855,0.0004912836199949906,0.9979563142203965,0.0003659689240840683,0.0003491049417096747
4420,5,5,0.9964783620679654,0.0006445984364461416,0.0005750003523658901,0.0005631614382035044,0.0005287314909350435,0.9964783620679654,0.0012101462140841114
4423,3,3,0.9979668058291103,0.0003093888348800662,0.0003965951775600216,0.9979668058291103,0.0005052016549327251,0.00048643090590658834,0.00033557759761024367
4425,6,6,0.9944747079341312,0.0014462546662265179,0.0014621517604810137,0.000864423752272033,0.00040048593610937053,0.0013519759507798856,0.9944747079341312
4428,1,1,0.9983529382081267,0.9983529382081267,0.00021557697643538978,0.0003339201572427422,0.00044319702980314535,0.0002494655325781375,0.00040490209581398
4430,3,3,0.9980327626124983,0.0003275248791581374,0.00045289385065366963,0.9980327626124983,0.00043190961025203295,0.0004394206978171864,0.00031548834962068706
4431,1,1,0.9981783195904346,0.9981783195904346,0.00023293352886698883,0.00040391614474468985,0.0005331753460337333,0.0002602023212326158,0.00039145306868752376
4433,1,1,0.9975505668522378,0.9975505668522378,0.00020698800772532097,0.00030852627075611186,0.00046245786988258214,0.00046715275382451624,0.0010043082455737109
4434,5,5,0.9966593133584807,0.0005450570213163969,0.0007391981454247899,0.0004094914034615876,0.00040171878871169287,0.9966593133584807,0.001245221282604852
4435,4,4,0.9980581290647097,0.0004648763253558805,0.00031937974755375567,0.0004455479211025474,0.9980581290647097,0.0003759006012756814,0.0003361663400024738
4436,5,5,0.9968546713087666,0.00042382261375048427,0.0007582010066799788,0.0005197908656770407,0.0005305918211196441,0.9968546713087666,0.0009129223840063057
4438,1,1,0.9983985262275861,0.9983985262275861,0.00022140574357978245,0.00028056934441774936,0.0003626568375094493,0.00032360601925860105,0.0004132358276483417
4439,3,3,0.9980549123026342,0.00032975897825910787,0.00036920319322615466,0.9980549123026342,0.0004482938656641246,0.0004020808860037377,0.0003957507742127466
4440,2,2,0.996848296193799,0.0004036164945273966,0.996848296193799,0.001049321971300903,0.00041612080990190695,0.00034968526255486985,0.0009329592679159122
4441,5,5,0.9966358996044437,0.0009614159222760664,0.000697174348897362,0.0004929396889922079,0.0004457670981377878,0.9966358996044437,0.0007668033372528939
4442,5,5,0.9958820766473572,0.0004369551792738353,0.0016758616096466375,0.00042257529617585555,0.00028268918432903297,0.9958820766473572,0.0012998420832174972
4444,4,4,0.9978490914839067,0.0006184040590335226,0.0002809519312559374,0.0005638938659926624,0.9978490914839067,0.0003856099151535767,0.000302048744657668
4445,3,3,0.9977995532866712,0.0003641464636438196,0.0004308617336693964,0.9977995532866712,0.0005955942904360852,0.0003286176972194462,0.0004812265283598087
4446,2,2,0.9969911986582647,0.00042921889238559997,0.9969911986582647,0.0007025366680892716,0.0003447695074202859,0.0007772961371897282,0.0007549801366505113
4449,6,6,0.9947045855949139,0.0013208637791972387,0.0013976384065419918,0.000909960866274909,0.00039727702280910505,0.0012696743302628806,0.9947045855949139
4450,6,6,0.9946709678791036,0.0013383068687282437,0.0014301536719324712,0.0009098624364807106,0.0004082352554274242,0.0012424738883276179,0.9946709678791036
4451,5,5,0.9953204603294675,0.000461512663890713,0.0015806010311079104,0.0003374254898579041,0.0005338869898210001,0.9953204603294675,0.0017661134958549727
4454,3,3,0.9979095339242962,0.00033416105865105453,0.00035937845210372066,0.9979095339242962,0.0004252726706166047,0.0005261444854223215,0.00044550940891016015
4455,5,5,0.9967300429931353,0.000592755662858428,0.0006737818969387164,0.0004618170834843069,0.0004948373897206536,0.9967300429931353,0.0010467649738626623
4458,1,1,0.9982976195232435,0.9982976195232435,0.0002068885489426136,0.0003005537691531104,0.0004053359103143521,0.0003253594001052661,0.0004642428482412909
4459,6,6,0.9945845422406292,0.001409849443557451,0.00140871311355374,0.0008767811015583149,0.0004115182845065773,0.001308595816194697,0.9945845422406292
4460,3,3,0.9979437517262001,0.0004200968471540434,0.0004050705095969062,0.9979437517262001,0.0005424333788107436,0.0003503464287983548,0.000338301109439836
4462,2,2,0.997868150223955,0.00030591510408439695,0.997868150223955,0.00035570087761157464,0.0003234773464813902,0.0005690245233390388,0.0005777319245284017
4463,2,2,0.9978134650405918,0.00033119242349829064,0.9978134650405918,0.00033249979666863475,0.0002938080584429527,0.0005635326389311393,0.0006655020418671958
4464,4,4,0.9980042708948005,0.000504011003921187,0.0003111503943094701,0.0004741132205736799,0.9980042708948005,0.00032979727693768687,0.0003766572094574521
4465,5,5,0.9867137357621613,0.005832232702249355,0.0013794438377992375,0.0012027878892243858,0.0004827343648059784,0.9867137357621613,0.004389065443759859
4466,6,6,0.994686298287343,0.001340177446382033,0.0014161380986273818,0.0009009083043127065,0.0003998253879627483,0.0012566524753720829,0.994686298287343
4470,3,3,0.9979787956080826,0.0002937827750280617,0.0003979536423624525,0.9979787956080826,0.00043042449267114737,0.0005504288903934964,0.00034861459146231605
4472,4,4,0.9979791715342852,0.00043515378545354614,0.0003872316826642685,0.0004592789969952906,0.9979791715342852,0.00043568114683384136,0.000303482853767966
4473,5,5,0.9968999817482949,0.0004515679698886893,0.0008594322301325698,0.00038735391740855147,0.00041724451229339596,0.9968999817482949,0.0009844196219818977
4474,3,3,0.9979594936504453,0.00034200488568294953,0.00043399410110502446,0.9979594936504453,0.0005711097132169744,0.0003522491732833044,0.0003411484762664359
4478,6,6,0.9945778903185474,0.001303337405381922,0.0014607235872198681,0.0008998523750188531,0.0004149559268528947,0.0013432403869790687,0.9945778903185474
4480,5,5,0.9945202984620847,0.0006036889561035159,0.0006062881608169323,0.002013145110373165,0.0005115273758718378,0.9945202984620847,0.0017450519347498913
4481,2,2,0.9978154065115225,0.0003124586186262246,0.9978154065115225,0.00034956984550131803,0.0002995586363497886,0.000624394241400298,0.0005986121465999702
4482,1,1,0.9983642118970176,0.9983642118970176,0.00019664626186060536,0.0003471736362247867,0.00045637964188285186,0.00027921736019831866,0.0003563712028158806
4483,1,1,0.9982977686729757,0.9982977686729757,0.00020365795714988349,0.00028188626083867327,0.00033913078970711734,0.00033022100110057537,0.0005473353182278381
4484,2,2,0.9977267556819027,0.000369522741013094,0.9977267556819027,0.000457588041694567,0.00029701430923555005,0.0005057657901125071,0.0006433534360415865
4485,6,6,0.9947075105940482,0.0013309951780926038,0.0013644084724585086,0.0009165750070855192,0.00040843953730194,0.0012720712110132367,0.9947075105940482
4487,3,3,0.9980079576109774,0.00030240873591591766,0.000372762240499509,0.9980079576109774,0.0005046339960887853,0.00038569708875763623,0.00042654032776075966
4488,5,5,0.9964879029518744,0.0006868357046637542,0.0005713464612701198,0.0005751597035242314,0.0005861425001268256,0.9964879029518744,0.001092612678540689
4489,1,1,0.9982471054531337,0.9982471054531337,0.00020456285594952977,0.0003930285585600373,0.0004274644130636199,0.0003387031180384521,0.0003891356012548036
4490,3,3,0.9979821950893915,0.0003578672212863199,0.0004360769686605299,0.9979821950893915,0.0005393902874776561,0.000369847756926297,0.0003146226762577798
4492,5,5,0.9967165122879625,0.0005699609488802611,0.0006861440167029045,0.00043946877975640245,0.0004388066676444979,0.9967165122879625,0.0011491072990534438
4493,3,3,0.9980569297987852,0.00035004947029000936,0.00039758420840414434,0.9980569297987852,0.00047206345010002366,0.0003713186972555471,0.0003520543751650471
4495,6,6,0.9945032255918982,0.001419411457881585,0.0014390522354001739,0.0009361891104521176,0.00042747212855801057,0.0012746494758099308,0.9945032255918982
4496,5,5,0.9965579242880119,0.0006181451230541196,0.0007700335954428921,0.0003964413030178076,0.0006731565449163515,0.9965579242880119,0.0009842991455568562
4497,1,1,0.997803183697119,0.997803183697119,0.00029859776562681374,0.00043180199877225104,0.0006413474351853858,0.0003811028104011077,0.0004439662928955257
4498,4,4,0.9978743014417231,0.0005460913682664831,0.00041386560456872806,0.0004644289367479553,0.9978743014417231,0.0004238921353146622,0.00027742051337911706
4499,5,5,0.9964503960756904,0.0006923421220460036,0.0007901488128658799,0.0007107617051952553,0.00039919961284281413,0.9964503960756904,0.0009571516713597056
4500,3,3,0.9980001986959239,0.0003404832366860468,0.0003587527586942289,0.9980001986959239,0.0004992706788222807,0.0003683675582750512,0.00043292707159849617
4501,3,3,0.9979940157041483,0.00035572117173531914,0.0004499475830216973,0.9979940157041483,0.0004756853213768091,0.00037839788577038596,0.0003462323339475961
4503,6,5,0.9959607155142761,0.0008933426654543088,0.0006657878024769535,0.0005699664729346223,0.0004897196499236942,0.9959607155142761,0.0014204678949343392
4504,4,4,0.9980086794601316,0.000515046476960347,0.00033752795216454606,0.00045897753951173114,0.9980086794601316,0.0003461977796266774,0.0003335707916050713
4505,5,5,0.9957361026413253,0.0006108161790127188,0.000996086962623965,0.00043631963494047125,0.0005500098891959069,0.9957361026413253,0.001670664692901692
4507,1,1,0.9983446934602122,0.9983446934602122,0.00023732048579287453,0.0002996020519006345,0.000348327244118276,0.0002896972043377633,0.0004803595536383013
4508,3,3,0.9979432453965523,0.0003331937952311723,0.0004081694350102007,0.9979432453965523,0.0005661075925861469,0.00040707012496967365,0.0003422136556505343
4509,1,1,0.9983931179919142,0.9983931179919142,0.00021331513189928715,0.0002777132862518807,0.00039704089768288146,0.0002999736975560739,0.0004188389946956507
4511,3,3,0.9979951418571111,0.0003851036904644037,0.0004047834096536824,0.9979951418571111,0.0005025226292148108,0.00035198219250601653,0.00036046622104998706
4512,3,3,0.9980074153625882,0.0003454928599184637,0.0004047866430585516,0.9980074153625882,0.0005200610294819315,0.000368701446163924,0.0003535426587889075
4514,1,1,0.9983379830536142,0.9983379830536142,0.00020391667182443658,0.0003582596833375801,0.0004422404449520535,0.0002489156902058601,0.00040868445606587054
4516,3,3,0.9980004840292007,0.00033613841792834914,0.0004555362327417824,0.9980004840292007,0.0005310568542605617,0.0003429178927678135,0.0003338665731008238
4517,3,3,0.9979239667523991,0.0003624196824716422,0.00044562420568205867,0.9979239667523991,0.000497615660368216,0.00045459886546521427,0.0003157748336137477
4519,6,6,0.9942543659070523,0.001488241533473068,0.0015154271874591395,0.0009682874228926195,0.00040836132754286765,0.0013653166215799755,0.9942543659070523
4520,5,5,0.9955033413664834,0.0005529539639243488,0.0006534085680207564,0.0011872136671698067,0.0005352076709117241,0.9955033413664834,0.0015678747634900053
4523,5,5,0.995083640427408,0.0017896290215384516,0.001032097214029713,0.00039014049504100746,0.00045002165234511396,0.995083640427408,0.0012544711896376832
4524,1,1,0.9982363334822024,0.9982363334822024,0.0002471070706676313,0.00033393020280008507,0.000473725102184619,0.00038856586520141486,0.0003203382769438499
4525,3,3,0.9979332549105542,0.00029671732460890654,0.0003770979608861359,0.9979332549105542,0.0005512984201300722,0.0004573428860200115,0.0003842884978007179
4526,4,4,0.9979792020315519,0.00044494581139953456,0.00036914119043653863,0.0004624992915927732,0.9979792020315519,0.00041674844945923273,0.0003274632255600582
4529,2,2,0.9973030036054651,0.00035806683977837394,0.9973030036054651,0.0005955652999874813,0.00035029079108777293,0.0005487353161846549,0.0008443381474967106
4531,5,5,0.9968177413783387,0.0005817527611802704,0.000782179497750081,0.00040997112145026886,0.0003871690844315002,0.9968177413783387,0.001021186156849263
4532,1,1,0.9984353054809447,0.9984353054809447,0.0001883816415151059,0.00028533758806455,0.000381730113567512,0.0002791339611642505,0.0004301112147438191
4533,4,4,0.9979552332624282,0.0006049986296915034,0.0003275019215827924,0.00045744194287514607,0.9979552332624282,0.00035487110636505385,0.00029995313705734626
4539,6,6,0.9937976136029669,0.0012901147302107098,0.0015903186499239207,0.0008630561758143856,0.0004002806726065869,0.002058616168477516,0.9937976136029669
4540,2,2,0.9977796741145688,0.0002510535431282019,0.9977796741145688,0.00033235538509634934,0.0002625404176334087,0.0008228001007487073,0.0005515764388245802
4541,3,3,0.9979251834589968,0.00036989613055729955,0.00044368956363195327,0.9979251834589968,0.0005644552994904649,0.000389757457996702,0.00030701808932671464
4542,2,2,0.9978302700524041,0.00033395675320189105,0.9978302700524041,0.0004029837961993376,0.00037186117673592664,0.0005282121435093934,0.0005327160779494028
4543,1,1,0.9983726073665607,0.9983726073665607,0.0001796099082748466,0.0003364350390257005,0.000421098052125448,0.00028023184662230805,0.0004100177873909911
4545,2,2,0.997848544197667,0.0002929292484609903,0.997848544197667,0.00032233188893082367,0.00027943319064527273,0.0006970776827957449,0.0005596837915001591
4546,5,5,0.9963585363774848,0.0005686900483332026,0.0007527473801161642,0.00045257607188564083,0.0005231381897881334,0.9963585363774848,0.0013443119323919921
4547,2,2,0.9978406999074926,0.00027596806587678566,0.9978406999074926,0.0004049773210009298,0.0002571756050624691,0.0006441563386421981,0.0005770227619248516
4549,1,1,0.9982067728747209,0.9982067728747209,0.00021060773803196147,0.0003458144042791929,0.0005954127637455674,0.00027370890486240576,0.00036768331435996227
4550,2,2,0.9977072132260056,0.0002901656799487912,0.9977072132260056,0.00046668167811907065,0.00024765749468983015,0.0006868620404151902,0.0006014198808215383
4551,5,5,0.9968709838787466,0.0005135936332493691,0.0007476891408617343,0.0004391151812261726,0.0005801474610963085,0.9968709838787466,0.000848470704819821
4554,6,6,0.9946424652215934,0.0012799107537818848,0.0013690394855580196,0.0009685989052087816,0.00042384014662129815,0.0013161454872365798,0.9946424652215934
4557,4,4,0.9978446908465645,0.0006519558921951071,0.00034410093033237886,0.0004921160845525801,0.9978446908465645,0.0003794750062537488,0.0002876612401016941
4558,5,5,0.9961188526000107,0.0005198874014114371,0.0007072292724214538,0.0005664296044312293,0.0006969046890909732,0.9961188526000107,0.0013906964326342983
4559,1,1,0.9983527624415598,0.9983527624415598,0.0002017599078611747,0.00031595085353572263,0.00032455580740540986,0.0002711488298952309,0.0005338221597427223
4560,3,3,0.9979867147397455,0.0003024005686439804,0.0003554792927702416,0.9979867147397455,0.0005361970032794119,0.00038902259377993905,0.00043018580178085935
4562,1,1,0.9982865907170411,0.9982865907170411,0.00019580537063999798,0.0003476730938931205,0.0004521637080232624,0.00031843328900954407,0.0003993338213930284
4563,2,2,0.9978367717020084,0.00031559701129816106,0.9978367717020084,0.0004216598845605658,0.00031050506392174434,0.0005037658843630992,0.0006117004538481673
4565,1,1,0.9983778366281899,0.9983778366281899,0.0002125142860453493,0.00030817991904375603,0.0004350696850050844,0.00025412301534231296,0.0004122764663736052
4567,4,4,0.9980074125109281,0.0004393353836439951,0.0003428375538727041,0.0005112702194308022,0.9980074125109281,0.0003779236495233025,0.00032122068260120705
4568,1,1,0.9983417867388148,0.9983417867388148,0.00021603864764480329,0.00027268699739859553,0.0002962751569341038,0.0003016485097750175,0.0005715639494326531
4569,6,6,0.9941441202054575,0.0014603455468437053,0.001476035770750065,0.0008833174170163249,0.00040849908537038366,0.0016276819745620007,0.9941441202054575
4571,1,1,0.9982532061634469,0.9982532061634469,0.00021015364977468228,0.00034574605673763496,0.0005558719996679351,0.0002765902388211219,0.00035843189155167465
4572,3,3,0.9980044579840163,0.00036989236927880835,0.00042330081288981806,0.9980044579840163,0.0005287792148403697,0.0003266468385699547,0.00034692278040481043
4573,5,5,0.9963051166822733,0.00036695925836063983,0.000940294944427081,0.0005189637931218677,0.0004635407571236023,0.9963051166822733,0.0014051245646936005
4576,3,3,0.9977110198802865,0.00033414968877783913,0.0003708533470941718,0.9977110198802865,0.0006391670813144037,0.00035223472310170963,0.0005925752794253273
4577,6,6,0.9946613096682787,0.0013638592149025856,0.0013664688972719326,0.0009173522472624771,0.0003865048786578822,0.0013045050936264656,0.9946613096682787
4578,5,5,0.9957047469293245,0.0007741015226686738,0.0008776798929712451,0.0005060478740699843,0.0005201370954306463,0.9957047469293245,0.001617286685534905
4579,5,5,0.9968440225447464,0.0004907512769654393,0.0007438075615881183,0.0004347827791808242,0.0004114234926034266,0.9968440225447464,0.0010752123449157844
4581,1,1,0.9983648889025909,0.9983648889025909,0.00020774298224216905,0.00033991745047636885,0.00044270747948329045,0.0002573720197174942,0.00038737116548982607
4582,3,3,0.9978543042762418,0.00040608236545975663,0.00044525475852074975,0.9978543042762418,0.0005642687479007619,0.00042798564920455744,0.0003021042026724425
4584,6,6,0.9945647462090008,0.001319952857440845,0.0014266433062142614,0.000858215418575234,0.00038469165627192807,0.0014457505524969095,0.9945647462090008
4586,4,4,0.9979891075303987,0.00042908135112780895,0.00035360377356681523,0.00048304695033464143,0.9979891075303987,0.00038180721683758794,0.0003633531777344971
4587,3,3,0.9980105085880988,0.00033839361908890886,0.000385125782026562,0.9980105085880988,0.0005052283182567596,0.00033210017811077086,0.00042864351441814657
4588,1,1,0.9983560645444719,0.9983560645444719,0.00021138380244765752,0.0003151673654697269,0.0004706890999825643,0.00027084298748457694,0.0003758522001435335
4589,4,4,0.9980758296696461,0.0004863569274077295,0.0002899154458537927,0.0004630964479221209,0.9980758296696461,0.00035174740595704285,0.0003330541032131714
4590,2,2,0.9959252794989999,0.00022327896637587,0.9959252794989999,0.00037294856472807676,0.00019736043757250364,0.002192158859792469,0.001088973672531269
4591,2,2,0.9978617799320031,0.00028595473706953637,0.9978617799320031,0.0004064318011336069,0.0002986472097982761,0.0006025315379787168,0.0005446547820167951
4592,5,5,0.9946564945161032,0.0010792209491517217,0.001265086030344888,0.0005492445984951917,0.00034381438130925746,0.9946564945161032,0.0021061395245958376
4594,5,5,0.9736048191153077,0.015660144723211013,0.0017584207610541734,0.00158154606938056,0.0006801686977049052,0.9736048191153077,0.006714900633341664
4595,6,6,0.9944281451588876,0.001275611792299828,0.0012494536190639706,0.0009987524117909255,0.0003757125475622486,0.0016723244703955194,0.9944281451588876
4596,2,2,0.9977203270236732,0.00022660813416318989,0.9977203270236732,0.0004463289339816861,0.0002816071574026712,0.0007342453654335294,0.0005908833853457209
4597,4,4,0.9975799958812267,0.0004396444174624115,0.00027676745872431935,0.0005639386049351145,0.9975799958812267,0.0004437992509632614,0.0006958543866881681
4598,1,1,0.9980833931143873,0.9980833931143873,0.00022348554363411116,0.00033620560028926774,0.00047860206280111875,0.00038501287144391264,0.0004933008074442758
4602,5,5,0.9957779870232382,0.0008040261053921481,0.0013480013307228518,0.00039551687386498265,0.0005554341603392398,0.9957779870232382,0.001119034506442628
4603,3,3,0.9978235221778465,0.0003789599426397257,0.00043528969709963377,0.9978235221778465,0.0005946737960680411,0.00040124887405250734,0.0003663055122936861
4604,1,1,0.9983745724456787,0.9983745724456787,0.0002057082583503004,0.0002521380643257218,0.00031149032015481394,0.00041194833098980054,0.0004441425805006983
4605,4,4,0.9978291745776913,0.0004482813641007937,0.00030677723793395736,0.000490558642508494,0.9978291745776913,0.00045029692108743515,0.0004749112566781029
4606,5,5,0.9967106940434681,0.0005053413515742658,0.0006680576721087423,0.0005297186626369117,0.0005135514260270798,0.9967106940434681,0.0010726368441848807
4607,2,2,0.9978217784143262,0.00026617815398190145,0.9978217784143262,0.00037396639878855994,0.000238144530406031,0.0006878990476971483,0.0006120334548002015
4609,2,2,0.9978536134967791,0.0002567547001368624,0.9978536134967791,0.0003730032903549762,0.00030999902484818534,0.000665560214351903,0.0005410692735289553
4610,3,3,0.9979405021434676,0.00041302853219720586,0.00039288536325182645,0.9979405021434676,0.0005293826220639857,0.0003838579369268601,0.0003403434020925031
4611,2,2,0.9965123299476456,0.0003848357961496501,0.9965123299476456,0.001438746599867664,0.0003960196134651994,0.00032702807452063054,0.0009410399683510456
4613,3,3,0.9979139284040733,0.00039735801486376023,0.0003950519727850371,0.9979139284040733,0.0005588536908489764,0.0003901483846525736,0.00034465953277634386
4614,3,3,0.9978387594103917,0.00040928239980329335,0.00043379737315407994,0.9978387594103917,0.00034173350961065076,0.0005988011171679132,0.0003776261898723909
4615,6,6,0.9942887583779751,0.0015275966138126205,0.00138029420045283,0.0009911034309714637,0.00043741631497234144,0.001374831061815627,0.9942887583779751
4616,1,1,0.9983413572912764,0.9983413572912764,0.0002075952871394014,0.0003177518195747715,0.0004335339625655344,0.0002513288434636063,0.0004484327959804359
4617,5,5,0.9966248364056904,0.00046519501905060756,0.0008798433198136997,0.00047767415958679813,0.0003916856693631924,0.9966248364056904,0.0011607654264952885
4618,3,3,0.9979966719108343,0.000309827983884654,0.0003920613843038503,0.9979966719108343,0.0004816140782607354,0.0004223567560076436,0.0003974678867088155
4619,3,3,0.9980033158553228,0.0003357529971104588,0.00040408495012864766,0.9980033158553228,0.0004692369312818823,0.0004436278302746405,0.00034398143588170723
4620,2,2,0.9978707098152635,0.0003007153428939722,0.9978707098152635,0.000364939589825303,0.00030102378533408176,0.0005312541807922295,0.0006313572858909382
4621,4,4,0.9979143998973101,0.0005353671871035185,0.0002823014584411316,0.0005699212927909533,0.9979143998973101,0.0003746797835836503,0.00032333038077061126
4622,4,4,0.9981122931292237,0.000419545208538032,0.00030909413775970473,0.0004255335543185333,0.9981122931292237,0.00036332458410940884,0.0003702093860506961
4623,2,2,0.9978440206625918,0.00028167348898533093,0.9978440206625918,0.0004518311651296736,0.00031701854998439285,0.0005366612673049071,0.0005687948660038921
4624,1,1,0.998364785976915,0.998364785976915,0.00020909035595056302,0.00031544495530049405,0.0004144026566600399,0.0002603251278929248,0.00043595092728095997
4625,1,1,0.9984160791149586,0.9984160791149586,0.00020813876741815535,0.0003197323572368118,0.0004035797080663836,0.0002470622744314094,0.00040540777788873426
4626,1,1,0.9983671139705715,0.9983671139705715,0.00020765847095742675,0.0003559323742130544,0.0003439521304224402,0.0002908581234885754,0.0004344849303469347
4629,6,6,0.9945552996721084,0.0013011383577412562,0.0014634183971010497,0.0009743801832429272,0.00041052565874419045,0.0012952377310621618,0.9945552996721084
4631,2,2,0.9963846349918171,0.00044832879856329026,0.9963846349918171,0.0011102552685323785,0.000385262950740286,0.0004815642092694971,0.001189953781077556
4632,6,6,0.9946347426709252,0.0013286396796499953,0.0014273594064181374,0.0008998823424836052,0.0004283442665027253,0.0012810316340202616,0.9946347426709252
4633,3,3,0.9978766207556857,0.00034616586988956186,0.0005129605877174393,0.9978766207556857,0.000607002861546431,0.00030034739053285303,0.0003569025346279802
4634,2,2,0.9978817683144025,0.00028452741093422883,0.9978817683144025,0.0003536799122802618,0.0002796027229819517,0.0006237159448454848,0.0005767056945556383
4635,3,3,0.9980261543654765,0.00031179764521848904,0.0004166291916719084,0.9980261543654765,0.0005226268705688077,0.0003462936636325159,0.0003764982634317878
4636,4,4,0.9980638327824732,0.0004216388208789669,0.00035946230155028285,0.0004661088904239953,0.9980638327824732,0.0003678090179437489,0.0003211481867297638
4637,4,4,0.9978869333559134,0.0006003696471927805,0.00032370811326088296,0.0005238230732044359,0.9978869333559134,0.00036063750164948375,0.00030452830877904143
4639,5,5,0.9967717832076614,0.0005667446703120855,0.0006295982940119405,0.0004656247179812368,0.0005372379837350504,0.9967717832076614,0.0010290111262984184
4640,1,1,0.9983262275771084,0.9983262275771084,0.00021444916706606082,0.00032479796709110575,0.0004367070090788341,0.00027604389457929504,0.0004217743850764556
4641,6,6,0.994614736152228,0.0013647197610459699,0.001452634745573265,0.0009149001741245166,0.000409720010941779,0.0012432891560864958,0.994614736152228
4642,1,1,0.9983893924911198,0.9983893924911198,0.0002062885092839119,0.00028834356023537923,0.00039914513475788004,0.0003297537428851505,0.00038707656171789695
4645,2,2,0.9782858491643649,0.0003298413156968835,0.9782858491643649,0.0003650234207957991,0.0003895112949403667,0.01958065919627091,0.0010491156079311407
4646,2,2,0.997832083980026,0.0003214663862829211,0.997832083980026,0.00041521710800795475,0.00033475737917194854,0.0005147842307377995,0.0005816909157733581
4647,4,4,0.9980395085982848,0.0005064135588840944,0.0003186934806771944,0.000458315493517774,0.9980395085982848,0.00037456433487460637,0.0003025045337615166
4648,1,1,0.9982400703186044,0.9982400703186044,0.0002425620228021094,0.0003560734759586456,0.0005280150571952615,0.00025843257369813084,0.0003748465517412636
4649,3,3,0.9980266161319314,0.0003554280949979275,0.00041744529851223664,0.9980266161319314,0.000449529505026491,0.0004064419266031255,0.0003445390429287917
4651,2,2,0.9968869605065078,0.0005706720116124146,0.9968869605065078,0.0006653186044696639,0.0005876454828269412,0.00045412819035344117,0.0008352752042297941
4653,4,4,0.9981006531492362,0.0004369769920205319,0.000331211306850337,0.0004397086195430621,0.9981006531492362,0.0003621503980569838,0.00032929953429285694
4655,4,4,0.998017014552309,0.00042912346259826574,0.00028054854454221176,0.0004470992990609325,0.998017014552309,0.000381662475487572,0.00044455166600214304
4656,3,3,0.998012145705794,0.0003406763698492043,0.0003936188610289429,0.998012145705794,0.0004679901841456602,0.0004311158899423453,0.00035445298923985144
4657,5,5,0.9958309553281414,0.0004033399562967416,0.000756441352022994,0.0005674173505201515,0.0005786014273816847,0.9958309553281414,0.00186324458563705
4658,4,4,0.998076932530631,0.00041738313277157294,0.00030588545419746646,0.0004581273028393504,0.998076932530631,0.0003884480749409119,0.0003532235046197657
4660,5,5,0.9958585873012539,0.00041828361797044774,0.0008817686268383002,0.0013909684181612795,0.0005474584636209202,0.9958585873012539,0.0009029335721551698
4661,6,6,0.9946771277091543,0.0013558003489573631,0.001364069445197358,0.0009316172836034906,0.000449493908518904,0.0012218913045685888,0.9946771277091543
4662,3,3,0.9973406093735121,0.00044285046244542576,0.0004989313827758857,0.9973406093735121,0.0007576184179208093,0.00038179302058318615,0.0005781973427626143
4663,5,5,0.9957332192552858,0.00035034646202801483,0.0024195427403663305,0.0003297532921870508,0.00031434447444858945,0.9957332192552858,0.0008527937756842291
4664,2,2,0.9975415244377068,0.0003668344788361171,0.9975415244377068,0.0003721095188842027,0.00028615560671821084,0.0008075452461309793,0.0006258307117236697
4665,2,2,0.9977700777376562,0.0002865090519825344,0.9977700777376562,0.0003430110832919472,0.0002882565041825657,0.000704825976945425,0.0006073196459413402
4666,1,1,0.9982653821977472,0.9982653821977472,0.0002011357832495134,0.00034055130260693677,0.000535577449352102,0.0002965741608474095,0.00036077910619690086
4668,4,4,0.9980028152821004,0.00045704118932967525,0.000323568185430033,0.0005580010492649708,0.9980028152821004,0.0003369881668236129,0.00032158612705129023
4669,5,5,0.9967384585158112,0.00043396731714902417,0.0006564003185396437,0.0006089195744967097,0.0005106352439963715,0.9967384585158112,0.0010516190300070066
4670,2,2,0.9977224733237811,0.00032616735428947534,0.9977224733237811,0.0003487615870939908,0.000289597579814905,0.0006229146386370067,0.0006900855163836005
4672,4,4,0.9980714345233674,0.0004267710947806399,0.00034975191553060665,0.0004545522418625955,0.9980714345233674,0.00035871269337642904,0.00033877753108236484
4673,4,4,0.9980669924666253,0.0004533274512130085,0.0003320623069363108,0.0004695023401124161,0.9980669924666253,0.00036043458099464863,0.00031768085411826725
4675,1,1,0.9982889935707477,0.9982889935707477,0.00019242245282136193,0.0003579258721203539,0.0005366279796663742,0.00028709797932296885,0.0003369321453212815
4676,6,6,0.9947094881399542,0.0013414459487440967,0.0013704993712616291,0.0009132968810954826,0.00039404601414974003,0.001271223644794904,0.9947094881399542
4677,3,3,0.9979484366130087,0.0003192858994121819,0.00040256401468582504,0.9979484366130087,0.0005375578077048074,0.0003208398403689276,0.00047131582481963846
4678,6,6,0.9946856622620679,0.0013499737419708621,0.0014037344546755294,0.0009169404043481479,0.0004125173487862754,0.0012311717881513039,0.9946856622620679
4680,6,6,0.9947347273318707,0.0013456390673247628,0.0013858639355735156,0.0008865922245321526,0.0004121369995580174,0.0012350404411408421,0.9947347273318707
4681,1,1,0.9983600186226776,0.9983600186226776,0.00019951999883055467,0.000297497439702731,0.00040158943480026935,0.00030383791239418505,0.00043753659159467595
4682,1,1,0.9984133946029581,0.9984133946029581,0.00022039256968998342,0.00031264291481971295,0.0003416460771675161,0.00030860263347994965,0.0004033212018847991
4683,2,2,0.9977748998480231,0.0002922109563507291,0.9977748998480231,0.0005075517114810355,0.0003604629603928603,0.0005678726015748779,0.0004970019221775309
4684,4,4,0.998073645010247,0.0004023178460122011,0.00031697694015845506,0.0005206704722737621,0.998073645010247,0.00033360905278737545,0.000352780678521264
4686,4,4,0.9980117767790153,0.0005064074414146354,0.0003468249289481903,0.00045109202806273524,0.9980117767790153,0.000390202415888416,0.00029369640667078274
4687,2,2,0.9975557109234989,0.00022872306954316372,0.9975557109234989,0.0003422509687652789,0.0003183000302220659,0.0010923944407728202,0.0004626205671977937
4688,5,5,0.9965864500279552,0.0003191090098230982,0.0007894100917813658,0.0007557327105121792,0.0004416911141699075,0.9965864500279552,0.0011076070457582581
4689,3,3,0.9980155818083912,0.00034640890313784764,0.0003944665129616212,0.9980155818083912,0.0004985941621684857,0.00038433081357974356,0.0003606177997611292
4690,4,4,0.9980124347561159,0.00040388366778797293,0.0002893584056286404,0.0005036341083150589,0.9980124347561159,0.00041124219305204254,0.000379446869100384
4691,2,2,0.9978202591569777,0.00029656349245865487,0.9978202591569777,0.0004664506709763598,0.00029519468110321943,0.0006093836861350699,0.0005121483123490235
4693,3,3,0.9979965683570771,0.0003914665663318959,0.0004153948931437037,0.9979965683570771,0.000465098650580806,0.0003965969898695608,0.00033487454299695505
4695,5,5,0.9966359579643583,0.0005579924822677862,0.0006590219461383031,0.000525423375640062,0.0005135570456553407,0.9966359579643583,0.0011080471859401676
4697,2,2,0.9968788203121428,0.00042947592380398157,0.9968788203121428,0.0010425501528749672,0.0004249540036490855,0.0006197578361418313,0.0006044417713873388
4698,3,3,0.9980814297466217,0.00034448044057004847,0.0003994751541377086,0.9980814297466217,0.0004266416876860229,0.000371593306655858,0.0003763796643286351
4699,5,5,0.9965028268042422,0.0005342714456065125,0.0006265859972640257,0.0004456094244899671,0.0005909499302459712,0.9965028268042422,0.0012997563981513838
4702,4,4,0.9981098478899484,0.0004341971494190575,0.00032044494103132195,0.0004424337956235323,0.9981098478899484,0.0003735553004877539,0.0003195209234900216
4704,3,3,0.9980630524038361,0.000326687216178127,0.00042845437891210757,0.9980630524038361,0.0004412913221426765,0.000396865167868995,0.00034364951106206974
4706,6,6,0.9941772763591582,0.0014638180942664575,0.0014437656704057533,0.0009027098913231019,0.0003754960111743288,0.001636933973672175,0.9941772763591582
4708,3,3,0.9979248596957676,0.0004046844483374253,0.0004447400524029991,0.9979248596957676,0.0005679348563911806,0.0003210523168112002,0.00033672863028955254
4709,2,2,0.9978172426824367,0.0003080024508058858,0.9978172426824367,0.0003887472129557756,0.00029053049067694563,0.0005288206552661881,0.000666656507858589
4710,1,1,0.9982789743827132,0.9982789743827132,0.0002400609370925721,0.0003425002501749256,0.0004956033075335166,0.0002492128402963837,0.00039364828218942756
4711,2,2,0.9976355653507036,0.00038215822147627776,0.9976355653507036,0.0006124157576973548,0.0003928912189790825,0.0004419031735665453,0.0005350662775771102
4712,5,5,0.9963924947843944,0.0007296773447554162,0.0008276923466095895,0.0003899285885072096,0.00047725503457492587,0.9963924947843944,0.0011829519011585044
4713,5,5,0.9950590217071876,0.0005910106751314327,0.000990032692356309,0.000511873575958295,0.0005270622831243654,0.9950590217071876,0.002320999066242009
4714,1,1,0.9982493279106547,0.9982493279106547,0.00022717153029941234,0.00036163208885408194,0.00048391167674953966,0.000315646207045616,0.00036231058639664876
4716,5,5,0.996432078172741,0.0005206352279983528,0.0006388434636451158,0.0007472573871082673,0.0004191022359429056,0.996432078172741,0.0012420835125643399
4719,2,2,0.9946252557115288,0.0004365196327648813,0.9946252557115288,0.0004376066901808289,0.00027233307206580204,0.003664306723660876,0.0005639781697988292
4720,3,3,0.9978381829628526,0.0004297363269328159,0.0004939129496019591,0.9978381829628526,0.0005810990020495331,0.00036350549773567583,0.0002935632608273667
4721,4,4,0.9980536127359508,0.00046489507054650966,0.0003384726215921996,0.00047629344093399404,0.9980536127359508,0.00035274700358029377,0.00031397912739617275
4722,6,6,0.9935466970718336,0.0018587057152731489,0.0015677462144029564,0.0009831394156246973,0.00041543393933885317,0.0016282776435267495,0.9935466970718336
4725,1,1,0.9983475361406204,0.9983475361406204,0.0002262224768992526,0.00036365219251149986,0.00040718648857982116,0.0002743653354872522,0.0003810373659014786
4726,1,1,0.9984042149719279,0.9984042149719279,0.00020088460791181675,0.000309487807909507,0.0004142670701366172,0.0002836558007068829,0.0003874897414073399
4727,5,5,0.9968234096663405,0.000567458441977992,0.0007505600070684542,0.0005526271302806891,0.00046050789173060773,0.9968234096663405,0.0008454368626017206
4728,6,6,0.9932656498596012,0.0018063929547513275,0.0017998953498412102,0.0009082135121914162,0.0004807045435868468,0.0017391437800280015,0.9932656498596012
4729,4,4,0.9980080259609727,0.0004592060072518885,0.0003215099127912882,0.0005437129040698865,0.9980080259609727,0.0003624406940309497,0.00030510452088326496
4730,3,3,0.9979808678827924,0.0003779912564662942,0.00040602426899309787,0.9979808678827924,0.0004822954532167053,0.0004144124001761148,0.00033840873835542433
4731,1,1,0.9983500860619171,0.9983500860619171,0.00021653363575618528,0.000364776417838554,0.000416261731242156,0.0003100595025982333,0.0003422826506477695
4732,4,4,0.9980839255640881,0.0004265243596447178,0.0003013719395012353,0.0005256295475242581,0.9980839255640881,0.000329758159531728,0.0003327904297100519
4733,2,2,0.9978350939179893,0.00026375384033637203,0.9978350939179893,0.0003524606270325701,0.00031295805639009193,0.000670055913117798,0.0005656776451339874
4738,5,5,0.9965157043071167,0.0005273802425080017,0.0006964809401383277,0.0004528342185294094,0.0005344745918885399,0.9965157043071167,0.0012731256998190694
4739,3,3,0.997958109940398,0.0003962116207001425,0.00042634820196555843,0.997958109940398,0.0005213783827859578,0.0003721859418927227,0.0003257659122576115
4741,3,3,0.9979663305022548,0.00038630752664408415,0.00047702294754211846,0.9979663305022548,0.0004382640361550309,0.00035701786702708956,0.00037505712037689507
4742,6,6,0.9945376761130316,0.0013659330189599752,0.0014820899016425924,0.000890202958712538,0.00040618479673433153,0.0013179132109190196,0.9945376761130316
4743,1,1,0.9983724543500779,0.9983724543500779,0.00022563322805174726,0.0003276638319841678,0.0004039291942166014,0.0002529937961529858,0.0004173255995165537
4745,3,3,0.9979958061960881,0.0003295595950952294,0.0003990920770178864,0.9979958061960881,0.000520989739827075,0.0003917904210669447,0.0003627619709048023
4747,4,4,0.9980774929353416,0.0003676614945692619,0.0003342042264732723,0.0004542364827706631,0.9980774929353416,0.00038265159678584645,0.0003837532640593165
4748,5,5,0.9962802428430434,0.0007268179250842473,0.000748511745463996,0.0006437509953968301,0.0005353552351500949,0.9962802428430434,0.0010653212558614383
4751,4,4,0.9979134733201862,0.0005506645831967915,0.0003772991386381946,0.0004737385859034221,0.9979134733201862,0.0004016744128504798,0.00028314995922501193
4752,3,3,0.9980124508475919,0.00034715128499867166,0.0004196426713281473,0.9980124508475919,0.00045523488161782806,0.0004406621276477545,0.000324858186815736
4753,4,4,0.9980386303293547,0.00046255746981346986,0.00036030095364020454,0.0004716968005423711,0.9980386303293547,0.0003669361033838121,0.00029987834326547155
4754,4,4,0.9980924983722105,0.0004153312377372661,0.00029708549976552946,0.0005158730881948729,0.9980924983722105,0.0003391043838864252,0.00034010741820543337
4755,6,6,0.9941976818924,0.001419845672306156,0.0014588608686918825,0.0012473861596010688,0.0003705714023647027,0.0013056540046362326,0.9941976818924
4756,1,1,0.9982254620535524,0.9982254620535524,0.0002269357246269601,0.0003711953289416074,0.000438412310166949,0.0002448465557216368,0.0004931480269904304
4757,5,5,0.9742159167158212,0.016813639412917546,0.005890688344747037,0.00048826643212874767,0.0006932105113467384,0.9742159167158212,0.0018982785830386902
4758,4,4,0.9980496687498178,0.0004740129180582909,0.0003384488694470661,0.0004322321553723623,0.9980496687498178,0.00036489243655313263,0.0003407448707512763
4759,5,5,0.9968646005367985,0.0003953096974129044,0.0008918336097237676,0.0004951069632444642,0.0004003337460631767,0.9968646005367985,0.0009528154467571557
4760,1,1,0.9983075555737542,0.9983075555737542,0.0002094881243010123,0.00030354677962961875,0.0003221202347037493,0.00038833168773070177,0.0004689575998808002
4761,5,5,0.9969386130324134,0.0005740843530377995,0.0007073942032569747,0.0004889016401385969,0.0004843936027378768,0.9969386130324134,0.0008066131684154115
4762,3,3,0.9980110880154975,0.00033982745413230924,0.0004279065621556394,0.9980110880154975,0.000503942330085722,0.00035997932540528704,0.00035725631272348824
4763,3,3,0.9979637405542567,0.00036451250862097,0.00043733954411623576,0.9979637405542567,0.0005036045101542411,0.00040322508335054863,0.0003275777995013176
4765,4,4,0.9970820479696911,0.0008119422073378586,0.0003287502018710425,0.0005705627225496904,0.9970820479696911,0.0005452011209897739,0.0006614957775605571
4768,1,1,0.9983268949567053,0.9983268949567053,0.00022923849081202602,0.0003541048729169696,0.00043619282297847173,0.0002818735153244932,0.0003716953412627015
4769,1,1,0.998425576484644,0.998425576484644,0.00020111088283271682,0.0002847902867065055,0.00033128187929685034,0.0003012230365431649,0.00045601742997684484
4771,2,2,0.9977558285105288,0.0002419886011899456,0.9977558285105288,0.0003095104775822133,0.000266051182622418,0.0008479701962595841,0.0005786510318168746
4772,5,5,0.9964338755921199,0.0005814137528309247,0.0006284078252982056,0.0004664971884827367,0.0005372671409892778,0.9964338755921199,0.0013525385002789271
4773,2,2,0.9976977299308742,0.0003964948721846633,0.9976977299308742,0.0004695990434342941,0.0003804287707043063,0.00045529858417525746,0.0006004487986273017
4774,5,5,0.9947859035312792,0.00044838359178241187,0.0010188825559450693,0.0006857897789394785,0.0004765918408201188,0.9947859035312792,0.0025844487012338007
4775,2,2,0.9978426603100295,0.0003139696753579652,0.9978426603100295,0.0004357096291588315,0.0003224056242650788,0.0005060867941960625,0.00057916796699233
4776,1,1,0.9982300201144528,0.9982300201144528,0.0002265721514222949,0.00034010884021249446,0.000500595594526118,0.0003203924797676261,0.0003823108196186503
4778,1,1,0.998358969006305,0.998358969006305,0.0002301259811628887,0.0003369152760866065,0.0004152678276373504,0.0002692413862729771,0.0003894805225351973
4780,5,5,0.9967783722100644,0.0005083455209848687,0.0006739970838113129,0.00044710136626581253,0.000610142053401151,0.9967783722100644,0.000982041765472517
4782,4,4,0.998058810829752,0.00040628412897723967,0.00032159559501638804,0.0005152418513038076,0.998058810829752,0.0003539765153321828,0.00034409107961819467
4783,2,2,0.9978059941027716,0.00026954122395544033,0.9978059941027716,0.0005186854337307857,0.00034157859581327625,0.0005412416613103368,0.0005229589824186054
4784,4,4,0.9979428120058188,0.00043962398775168463,0.00034512653281925553,0.0005919040681952231,0.9979428120058188,0.0003638366859363566,0.00031669671947879473
4786,5,5,0.9966577432383882,0.0005506318413102477,0.0007523639731060528,0.0003832654797892872,0.00043860506878977266,0.9966577432383882,0.0012173903986164717
4787,3,3,0.9979509457709741,0.00036143280695160966,0.00041592926243592964,0.9979509457709741,0.0005584083122815222,0.00034367120533643284,0.00036961264202045753
4788,4,4,0.9978658888815332,0.00045296499326119934,0.0004042250745314328,0.0004822453941331811,0.9978658888815332,0.00044602023783629,0.0003486554187048067
4792,1,1,0.9983864593745104,0.9983864593745104,0.00020800696937164483,0.0003269533003547358,0.0004054373149085181,0.00022663532858882365,0.00044650771226595706
4793,6,6,0.9946271440204584,0.0013761268462458495,0.00142379612495137,0.0009611829556869063,0.0004167494921393108,0.0011950005605182187,0.9946271440204584
4794,3,3,0.9976339868148713,0.0003247774125769907,0.0004956450702215486,0.9976339868148713,0.0007983324097388307,0.00029562776766539595,0.0004516305249259816
4795,4,4,0.9979865748869474,0.0005442160803693218,0.00031342616209126565,0.00045607368342053906,0.9979865748869474,0.00038962568698658356,0.00031008350018482244
4796,3,3,0.9980069082306667,0.00033104728092001295,0.0003897174545420496,0.9980069082306667,0.0004651928477211644,0.00034672254436293634,0.0004604116417871154
4797,4,4,0.9980440693985463,0.000431139569922068,0.00032780481343656963,0.0004674520428495743,0.9980440693985463,0.0003451080893418471,0.00038442608590368683
4800,2,2,0.9977776851042574,0.00031546635672817345,0.9977776851042574,0.0003765627210452847,0.0003196665926222793,0.0005396218860674236,0.000670997339279593
4802,3,3,0.9979767323286619,0.0003730076759253911,0.0004427352158483596,0.9979767323286619,0.0004917171377187821,0.00041106829797416016,0.0003047393438714018
4803,6,6,0.9944066433808932,0.0015119815080835328,0.0014915657542599237,0.0009208038738667849,0.00046316295896358317,0.0012058425239328881,0.9944066433808932
4804,4,4,0.9979172445268556,0.0004989280748863347,0.00036515870661987576,0.0004959112885677811,0.9979172445268556,0.0004041333297268996,0.000318624073343566
4805,1,1,0.9984066335181867,0.9984066335181867,0.0002076474867618032,0.00030409470391369516,0.0003669235320342684,0.0002901675308893461,0.0004245332282141425
4806,1,1,0.9983565915177706,0.9983565915177706,0.00019250524830841356,0.0003232753888917688,0.00047287779003225865,0.0002690834124763079,0.0003856666425207351
4807,4,4,0.9979116769906065,0.00046210516927754205,0.00030130612041453624,0.0006286712297166929,0.9979116769906065,0.00033608191064322354,0.00036015857934152366
4808,5,5,0.9962333726009186,0.0005641575959517812,0.0007536135145965472,0.0004938060729368557,0.0006214385891163789,0.9962333726009186,0.0013336116264797845
4809,1,1,0.99820332123783,0.99820332123783,0.00023498493401173223,0.0003066875058225699,0.0004792963364203096,0.00035314953218351506,0.00042256045373206385
4810,6,6,0.9943647698930039,0.001501755137895993,0.001487994380759829,0.0008661955635962188,0.0003925597535655802,0.001386725271178399,0.9943647698930039
4812,4,4,0.9979208241877068,0.0005332900397163449,0.00036113779531412677,0.0004789453004069945,0.9979208241877068,0.00037721396566461353,0.0003285887111911941
4813,1,1,0.9981615400662182,0.9981615400662182,0.0002707987241260371,0.00040878588218642113,0.0005016049464587885,0.00030834065447240476,0.0003489297265382398
4814,4,4,0.9979796592342594,0.00043006399611531914,0.0003125672972300304,0.0004591189600374119,0.9979796592342594,0.0003986519712698135,0.000419938541088121
4815,5,5,0.996849322833643,0.0004537591103341799,0.0006024344400341295,0.0005187695933657002,0.00048248104274680777,0.996849322833643,0.0010932329798762294
4816,4,4,0.9979659794195311,0.00045846949414400407,0.000366823663198133,0.0005098775943514803,0.9979659794195311,0.0004095901382717868,0.00028925969050344673
4818,5,5,0.9958676257447802,0.0009615203168670139,0.0007071634284423462,0.00051902613725834,0.0005563955725717589,0.9958676257447802,0.0013882688000803531
4819,1,1,0.9983684466930505,0.9983684466930505,0.0002171816459926914,0.0002944442690048559,0.00039687057326375674,0.0003065042852216701,0.0004165525334666055
4821,3,3,0.9980599976359734,0.00030947850514748983,0.000407915425544417,0.9980599976359734,0.00046108820843705886,0.00040239902758829044,0.0003591211973093572
4822,1,1,0.9983973625941166,0.9983973625941166,0.00019875638803127524,0.0002869112565478557,0.00041379395475745677,0.0002745737926829479,0.0004286020138638962
4823,1,1,0.9983256625431322,0.9983256625431322,0.00020774294153172996,0.00031084893788809403,0.00044860025101222984,0.00025681592951583184,0.0004503293969199415
4824,6,6,0.9938062377654914,0.0016096306415238684,0.0016213873083986013,0.0008326442868843637,0.00042975539466930156,0.0017003446030325231,0.9938062377654914
4825,5,5,0.9963436861363089,0.0004436945953664258,0.0005498620525128808,0.0006567378386948458,0.0005458312883538705,0.9963436861363089,0.001460188088763095
4826,1,1,0.998247486744513,0.998247486744513,0.00022109795440043766,0.00038293308955251364,0.00040210154134357796,0.00031039033821856775,0.0004359903319719545
4827,3,3,0.9979906922507003,0.0003748771427788241,0.00038311434141501463,0.9979906922507003,0.0004352484676321649,0.0003444001655714644,0.00047166763190210605
4829,4,4,0.9977561959824595,0.0004992409440649352,0.0003260546114795183,0.0006984716836806761,0.9977561959824595,0.00039394392440221315,0.0003260928539132304
4831,5,5,0.9953769813618898,0.0005536609883333766,0.0007288957982797456,0.0004756123992993776,0.0006523661673173018,0.9953769813618898,0.0022124832848804733
4832,1,1,0.9983306129662006,0.9983306129662006,0.00021966088969213607,0.0003304268625790734,0.00040319490503838083,0.0002961130694869592,0.00041999130700283834
4833,4,4,0.9980130960443854,0.00045721111607977796,0.0002756984786377154,0.0005737009678293798,0.9980130960443854,0.0003501706664944926,0.0003301227265733023
4834,2,2,0.9978534681212206,0.00031143109981530336,0.9978534681212206,0.00036568910955558757,0.00032854552017872563,0.00058088568632639,0.0005599804629034229
4835,6,6,0.994247781216727,0.00157866799547149,0.0014536139598999452,0.000806716202042236,0.00039024793151647244,0.0015229726943429328,0.994247781216727
4836,4,4,0.9980534103355331,0.00043685858491604717,0.0002924179654459965,0.00045250323223081486,0.9980534103355331,0.00037743231877835465,0.00038737756309570266
4837,2,2,0.9977214193914801,0.00021928098700349516,0.9977214193914801,0.0004757302738461494,0.0002796825847141502,0.0008213029150756528,0.000482583847880479
4838,2,2,0.9976075870601316,0.00026609815764529757,0.9976075870601316,0.000659905801021924,0.0003511313529751667,0.000639803026258097,0.0004754746019678922
4839,2,2,0.9977632098522174,0.0002967225084799503,0.9977632098522174,0.0004295657722656459,0.0003073174105399791,0.0005932795325513682,0.0006099049239456157
4840,5,5,0.9964713639926929,0.00047786255378230963,0.0006924953492160155,0.000682932762244313,0.0005067660613837078,0.9964713639926929,0.00116857928068087
4841,1,1,0.9982795786060797,0.9982795786060797,0.000240374459675152,0.00031130360302867807,0.0004003917198949089,0.0003333096232012111,0.00043504198812035615
4842,1,1,0.9983292751802486,0.9983292751802486,0.00021611549912965624,0.0003278950244585079,0.0004828290518894552,0.00025493373450818913,0.0003889515097656122
4843,4,4,0.9980632064395408,0.00036611775418852414,0.00029392893759377735,0.0004876244637269295,0.9980632064395408,0.00037063522137734817,0.0004184871835726197
4844,1,1,0.9983798986686563,0.9983798986686563,0.0002010631483914671,0.0003379851536678343,0.0004283044052407121,0.00028497066634605397,0.0003677779576978595
4845,1,1,0.9983535801993358,0.9983535801993358,0.00019179897438377445,0.00034256877130700873,0.0004042140516442663,0.0003140998739938209,0.0003937381293352918
4847,5,5,0.9968185747989888,0.00031905278899429856,0.0010990160873713883,0.0003641354096368551,0.0003874181837188039,0.9968185747989888,0.0010118027312898848
4848,1,1,0.9982612234111818,0.9982612234111818,0.00021689917835318422,0.00035821541269361864,0.000466743371215146,0.0002703398538485775,0.00042657877270760265
4849,2,2,0.9872243009897949,0.0006662216353369206,0.9872243009897949,0.0010776842979347409,0.00037142420449627584,0.0013710747623558374,0.009289294110081368
4850,5,5,0.9964714981375626,0.0003701865401477586,0.0009044880625431177,0.0004066762524305195,0.0004868814303134193,0.9964714981375626,0.0013602695770025422
4851,3,3,0.9978593533163027,0.00042280135059559595,0.0004482936590100691,0.9978593533163027,0.0005929622305930126,0.00037301947872935297,0.0003035699647692502
4852,1,1,0.9983626196172496,0.9983626196172496,0.00020793399408684525,0.0003475182522384587,0.0004026859317888489,0.0002775163209208933,0.0004017258837154808
4853,5,5,0.996496896971829,0.0003469157690878738,0.0009062551994743898,0.0008490630921233776,0.0003355019170694086,0.996496896971829,0.0010653670504160147
4855,4,4,0.9980275001210629,0.0004393607945249575,0.0003077751597243501,0.0005445958795266598,0.9980275001210629,0.0003507176576914717,0.00033005038746964873
4856,4,4,0.9980870607889007,0.00045190522187342876,0.0003401175823391421,0.0004594445692458425,0.9980870607889007,0.0003462045321386049,0.00031526730550228394
4859,1,1,0.9983577833783018,0.9983577833783018,0.00021205592236973536,0.0003439390516851808,0.00043305740242408064,0.00026668915652905623,0.00038647508869017776
4860,1,1,0.9983414303950672,0.9983414303950672,0.00021071610641950592,0.0003484138084009331,0.00047047551942668736,0.0002373382706970761,0.00039162589998868275
4861,4,4,0.9980616762109988,0.0004313182484774456,0.0003529399970497497,0.0004511969811574033,0.9980616762109988,0.0003766332235699287,0.00032623533874659753
4862,3,3,0.9978213821917452,0.0004419839814198067,0.0005363763991996557,0.9978213821917452,0.00042713215223133354,0.00034937344553816413,0.0004237518298657804
4863,4,4,0.9979269144117338,0.0005191655758452695,0.0003431857497811575,0.0004792296794847343,0.9979269144117338,0.00035292749997510613,0.00037857708318001355
4864,4,4,0.9979489898315477,0.0003719454995888157,0.00029927318211558966,0.0006578998385517338,0.9979489898315477,0.0003597986967056209,0.0003620929514905247
4865,5,5,0.9964613574810746,0.0006589740684294688,0.0013351329014478683,0.00034300707348209843,0.00031315672900616623,0.9964613574810746,0.0008883717465598784
4866,2,2,0.9977052878658313,0.0004050965682499682,0.9977052878658313,0.0004966817249424738,0.000393299767048015,0.00045745211861848126,0.0005421819553097127
4867,2,2,0.9977982789541822,0.0003430029833769742,0.9977982789541822,0.0004164802231947984,0.0003508332517276807,0.00046367664864918785,0.0006277279388691814
4868,2,2,0.9978398720385785,0.00029233365319517946,0.9978398720385785,0.00034657956512446346,0.00031474375227108763,0.0006727500071949484,0.0005337209836358633
4870,1,1,0.9983159867421254,0.9983159867421254,0.00022151731862928836,0.00030944278292550714,0.0004339177476151483,0.00024508278771634775,0.0004740526209883189
4873,1,1,0.9984036927326209,0.9984036927326209,0.00021797304319278122,0.0003055391608817578,0.0003836247061344215,0.0002511954719389526,0.00043797488523118923
4875,1,1,0.99839711768124,0.99839711768124,0.00020575095442596715,0.0003228993075517033,0.00038873133234562884,0.00024086517928130594,0.0004446355451553913
4876,4,4,0.9979566756240461,0.00046694330161361434,0.00035638031887468826,0.0005315409149529659,0.9979566756240461,0.00032924638003893077,0.00035921346047372473
4877,3,3,0.9979621014529997,0.000348224968511555,0.0004615545840304524,0.9979621014529997,0.0004993180549170826,0.00034781658356902804,0.0003809843559722206
4879,3,3,0.9979125602480441,0.0004027248156371346,0.00040705255563250385,0.9979125602480441,0.0005080311570612407,0.000420610692739449,0.0003490205308855876
4880,1,1,0.998260837688828,0.998260837688828,0.00019399480597050736,0.00036149886779740704,0.0004643248878752754,0.00033995059455568046,0.00037939315497295147
4881,1,1,0.9983648311654276,0.9983648311654276,0.000214970404688114,0.000327810419972859,0.0004323102973677825,0.00028744472302111204,0.0003726329895225631
4883,2,2,0.9970888482096463,0.0005423611721213495,0.9970888482096463,0.0006353158960926658,0.000513234815338836,0.0003624031082531861,0.0008578367985476364
4884,2,2,0.9974752798739597,0.00023709527515985006,0.9974752798739597,0.0006224934189118494,0.00032721269175540096,0.0008141015046498653,0.0005238172355633804
4887,1,1,0.9983045267318253,0.9983045267318253,0.00020246120260646887,0.00030003177196380806,0.00045307594036967676,0.00029179891015749463,0.00044810544307722586
4888,5,5,0.9946679712322384,0.0012012307567080631,0.0011562301828387546,0.0003259325632374699,0.0003979411415562649,0.9946679712322384,0.0022506941234211215
4891,1,1,0.9983770061148295,0.9983770061148295,0.00019820265230050733,0.0002852221484777792,0.00038744292516662294,0.0003215327873238509,0.00043059337190174676
4892,5,5,0.9953585697861178,0.0006536444498407185,0.0006066158066333056,0.0005958608361565776,0.0006246721127059336,0.9953585697861178,0.0021606370085456277
4893,2,2,0.9978268742874832,0.0003091496261002137,0.9978268742874832,0.00041229480682180956,0.0003601621277288562,0.0005452240071809436,0.0005462951446850746
4897,6,6,0.9946775125779395,0.0013474938038893494,0.0013826801009820847,0.0009024464825539304,0.00041282882905316847,0.0012770382055820083,0.9946775125779395
4899,5,5,0.9947880235390244,0.001608344525917897,0.0007454330442479845,0.0004534069868470433,0.00048205904119618385,0.9947880235390244,0.001922732862766519
4900,4,4,0.9980200269715894,0.00048401880682711506,0.00034879775742661446,0.00047136492733468533,0.9980200269715894,0.00033352528996072697,0.000342266246861436
4901,3,3,0.9980194233984611,0.0003043509757391899,0.0004026481238140626,0.9980194233984611,0.0005371348113293633,0.00038743403692803336,0.0003490086537283364
4902,4,4,0.9979812538586468,0.00045936473344050644,0.00038829064717748403,0.0004932769242637168,0.9979812538586468,0.0003919876485659764,0.0002858261879055243
4903,2,2,0.9001547967712863,0.0004926625556062123,0.9001547967712863,0.002507139539155576,0.001184644097135415,0.09371736185395059,0.0019433951828659213
4904,4,4,0.9978427894265252,0.0005813017604167186,0.0003662757375486776,0.0004870641572510058,0.9978427894265252,0.000437812932306185,0.0002847559859522799
4906,2,2,0.9976583430460627,0.00025509110982496183,0.9976583430460627,0.0006397044050425874,0.00029110794728729014,0.0005676367368408796,0.0005881167549416197
4909,2,2,0.9973793870133035,0.00024251171859421958,0.9973793870133035,0.0008101366793662801,0.00023429844232433216,0.0006145751039496077,0.0007190910424620544
4910,1,1,0.9983583011623133,0.9983583011623133,0.00021380747611249431,0.00029383590788405217,0.00042842869531795134,0.00031604213034222616,0.0003895846280300142
4911,1,1,0.9983669284634992,0.9983669284634992,0.0002129910030242144,0.00033213642820486997,0.00043423070227137465,0.00026667229905812166,0.00038704110394237047
4913,3,3,0.9979969817942711,0.0003233469797725767,0.00045143737466996845,0.9979969817942711,0.0005376421531304781,0.0003314815284838385,0.00035911016967200615
4914,4,4,0.998039564019528,0.0004971671252572943,0.00033786075763573897,0.00045952213469964144,0.998039564019528,0.0003502383841512301,0.000315647578727937
4915,5,5,0.9960698809499867,0.000578968013198115,0.0007086014181646713,0.0004571393240244161,0.000546318580383469,0.9960698809499867,0.0016390917142425888
4916,2,2,0.9976763961278271,0.00035290939740348685,0.9976763961278271,0.0005801199958849234,0.0003961792538390066,0.0004360335430630485,0.0005583616819823951
4918,1,1,0.9983230882136447,0.9983230882136447,0.00022940535599996984,0.00036079497093554724,0.00042905879551261955,0.00023974436147455798,0.000417908302432572
4919,5,5,0.9936223529839119,0.000391139470440992,0.0036356683933793806,0.000417984639667298,0.0003208513340550855,0.9936223529839119,0.0016120031785453594
4920,1,1,0.998103305598128,0.998103305598128,0.0002266110342450336,0.0004825050634357183,0.0005025768411493261,0.00028659544303277806,0.0003984060200092046
4922,2,2,0.9977650228541537,0.0003554389972873181,0.9977650228541537,0.0004347966217102642,0.0003138386772796411,0.00044715416729372136,0.0006837486822753699
4923,4,4,0.9979306033066785,0.0004927050693865444,0.0003275835048147539,0.00045283820757274247,0.9979306033066785,0.0004020152674592561,0.00039425464408804486
4925,6,6,0.9928450859428007,0.0015458133503154785,0.0016934109769825708,0.0008978725819168484,0.0004240752468133695,0.0025937419011709496,0.9928450859428007
4926,5,5,0.9969619473027128,0.0003636782551631009,0.0009652224791730031,0.00046440097185320524,0.00035223634551480965,0.9969619473027128,0.0008925146455830863
4927,5,5,0.9967212458064786,0.0005500046162343934,0.0007624142742465063,0.00042662462669576095,0.0004295997367729333,0.9967212458064786,0.0011101109395718733
4928,5,5,0.9960970135588401,0.0003957405911081648,0.0007557344072633066,0.0007117972334441898,0.0006313539658375093,0.9960970135588401,0.0014083602435067306
4929,3,3,0.9979569900339039,0.0003216090841200097,0.000385615217516181,0.9979569900339039,0.0005235571291721925,0.0004689708870498337,0.0003432576482379138
4930,2,2,0.9954632772537189,0.00022345991556444264,0.9954632772537189,0.0002845921455272628,0.00023322270784211063,0.0031348563578151704,0.0006605916195321233
4931,4,4,0.9979542682317645,0.0005750702220603292,0.000334242947193668,0.00041890369238880513,0.9979542682317645,0.0004211380517028329,0.0002963768548899266
4933,6,6,0.9926243854286465,0.0014610104895541331,0.0017673491567203178,0.0014442288709400617,0.0004120839472505297,0.0022909421068884506,0.9926243854286465
4934,3,3,0.9973661251851832,0.0003389390458954978,0.000710066695278747,0.9973661251851832,0.0007366223688261007,0.00044541695157286545,0.00040282975324360605
4935,3,3,0.9980538906002496,0.0003419573416195363,0.00037696159472911577,0.9980538906002496,0.00046440134512524753,0.00036522073138185463,0.0003975683868945843
4936,3,3,0.9979138195631723,0.0004045981791978581,0.0005174743344428314,0.9979138195631723,0.00045922397577392556,0.0003751458000358111,0.0003297381473773193
4937,5,5,0.9967833679072935,0.0003985865010292515,0.0008690690669857242,0.0005378373274225719,0.0004549383848546607,0.9967833679072935,0.0009562008124143404
4938,2,2,0.9978262650565454,0.0003120415535399153,0.9978262650565454,0.00038956013806960615,0.0003685767106374885,0.0005816531520161461,0.0005219033891914639
4940,1,1,0.9983125665895988,0.9983125665895988,0.0002225902077465299,0.00035839462886541124,0.00041616014288695157,0.00023056803312889866,0.0004597203977734725
4941,5,5,0.9968014760858557,0.0004851394238204069,0.0008732285180031225,0.0003431297014979637,0.00041072302627158494,0.9968014760858557,0.0010863032445512515
4942,2,2,0.9977273075910108,0.0003346169052007531,0.9977273075910108,0.000504347072626858,0.00039423786849351156,0.0005533493594134351,0.0004861412032547368
4943,5,5,0.99685319546666,0.0006500035090227246,0.0006967469975601461,0.00042856337197405976,0.0004359027761056778,0.99685319546666,0.000935587878677462
4944,6,6,0.9944896081301076,0.001405608921613036,0.001380672408988954,0.0008200068734054705,0.00040106163352351075,0.0015030420323614835,0.9944896081301076
4945,3,3,0.9980125092009811,0.0003864827490214989,0.0004347798322152959,0.9980125092009811,0.0004005461576630817,0.0003830960523958014,0.0003825860077232566
4946,4,4,0.9979661242651249,0.0005487805867561343,0.0003460402621327498,0.000461045715532212,0.9979661242651249,0.00037754833322962083,0.00030046083722440667
4947,5,5,0.9965197507143426,0.000630180858785784,0.0006955109880333904,0.0004259562692662759,0.0004621657150128935,0.9965197507143426,0.0012664354545590406
4948,3,3,0.9980190570314389,0.0003260518868409158,0.0004238622316662274,0.9980190570314389,0.0005044062641419498,0.00036361404553954463,0.00036300854037249784
4950,5,5,0.9946908459845225,0.0007300714573652931,0.0011460350481796405,0.0015579863848848344,0.0003947879054847875,0.9946908459845225,0.0014802732195629267
4951,3,3,0.9980367116250567,0.00035326185470685423,0.0004397320629397857,0.9980367116250567,0.00041681323508367945,0.0004198854642528934,0.0003335957579601431
4954,2,2,0.9975352609223449,0.0002606041775740097,0.9975352609223449,0.000788894427069592,0.00031485509365940565,0.0005090285166685852,0.0005913568626834906
4955,5,5,0.9968616202595707,0.00040524144245639507,0.0007376712766720135,0.0004901359997554047,0.0004944934831269075,0.9968616202595707,0.0010108375384186071
4956,1,1,0.9983750446773714,0.9983750446773714,0.00023212957289581575,0.00029065439201050424,0.00034519421284952224,0.0003050107293041224,0.0004519664155686507
4957,6,6,0.994207985106253,0.0014018840253192033,0.0015961112331796426,0.000863942207208436,0.0003878498418466308,0.0015422275861931248,0.994207985106253
4959,3,3,0.9961405108323703,0.0011540513834430665,0.0009885113419201912,0.9961405108323703,0.0006390711057647047,0.0005350705954580951,0.0005427847410436609
4960,1,1,0.9981889248666128,0.9981889248666128,0.00020989094880307564,0.0003505324172080113,0.00045068850700436024,0.0003006348306127529,0.0004993284297589749
4965,2,2,0.9977487819790309,0.0003908173490438817,0.9977487819790309,0.0003965484170712154,0.0003499377308521611,0.0005263191361231142,0.0005875953878786537
4966,1,1,0.998438865821055,0.998438865821055,0.0001985876967171774,0.0002820829022438984,0.0003956365575473699,0.00029276843149415876,0.000392058590942344
4967,6,6,0.9944840682841886,0.0014083034756034267,0.0014768729192675527,0.0009373221538571854,0.00038375047174616316,0.0013096826953371658,0.9944840682841886
4968,6,6,0.9932030548930622,0.0013812480181075225,0.0014884134453054486,0.0021065103588150647,0.0004055867074557278,0.001415186577254083,0.9932030548930622
4969,2,2,0.9975748088838242,0.00027400244908294403,0.9975748088838242,0.000605634961171013,0.0003333707964705498,0.0007585928109590751,0.00045359009849227204
4972,6,6,0.994370997588737,0.0014696444859824895,0.0015090203388011562,0.0008545803726534583,0.00044879049557125517,0.0013469667182546478,0.994370997588737
4973,2,2,0.9976993451848052,0.0003659980374758707,0.9976993451848052,0.0004742299049169244,0.00036553883728234556,0.0004297825101424423,0.0006651055253772108
4974,2,2,0.9974444051557184,0.00037902678542170416,0.9974444051557184,0.00040397921674611417,0.0003880230996834308,0.000721657542327709,0.0006629082001027718
4975,1,1,0.9982365493047906,0.9982365493047906,0.00017864677189961443,0.0002946362340599675,0.0004041438955218359,0.0003700046694940195,0.0005160191242340265
4976,1,1,0.9979877545187964,0.9979877545187964,0.0001862940061718062,0.0003729706986588091,0.0007956260659890528,0.00027060648947072833,0.00038674822091324675
4977,1,1,0.9983884029492456,0.9983884029492456,0.00021354473064782292,0.00032994970593886315,0.0004184601184455319,0.00026030349173714854,0.00038933900398503273
4978,3,3,0.9979585142426608,0.0003673684600052631,0.0004197128389847088,0.9979585142426608,0.0005648438178349869,0.0003549418217399112,0.0003346188187743408
4980,2,2,0.9969503857418854,0.00063474136566273,0.9969503857418854,0.0007359239812840718,0.0004918761834540373,0.0005994396978550277,0.0005876330298586438
4982,3,3,0.9978408701087925,0.00043830440933746847,0.00042402103531360215,0.9978408701087925,0.0005888940001633607,0.0004048005457543241,0.0003031099006387076
4983,5,5,0.996425421060251,0.0003499041221512322,0.0014314778516810603,0.00033541448780517014,0.000532133785867864,0.996425421060251,0.0009256486922436342
4987,3,3,0.9979618020990411,0.00034709528215661574,0.0004208352733692992,0.9979618020990411,0.0005494252123613096,0.00037547110721807334,0.00034537102585368825
4988,2,2,0.9977307662768435,0.00025058772827434847,0.9977307662768435,0.0005533145600366121,0.00029081413949318477,0.0005345876425962826,0.0006399296527560006
4990,6,6,0.9947005998947873,0.001296586963851403,0.0013820002973585878,0.0009155442756375824,0.0004327124027916248,0.0012725561655734352,0.9947005998947873
4991,2,2,0.9977986874876551,0.00024477690909142994,0.9977986874876551,0.00034341698566353607,0.0002817472163215553,0.0007768699364144165,0.0005545014648539602
4995,1,1,0.9982709485185258,0.9982709485185258,0.00025481773203088855,0.0003534711450246706,0.0004427390689576097,0.0003007518928638057,0.0003772716425972159
4996,5,5,0.996688142102794,0.0004911166976027566,0.0006703678797810878,0.00041785962389205426,0.0005071736875940825,0.996688142102794,0.0012253400083361286
4997,3,3,0.9979415222833352,0.000320247946504175,0.00042898273495830977,0.9979415222833352,0.000521713851415333,0.00045523703765515454,0.00033229614613184105
5000,1,1,0.998202981676333,0.998202981676333,0.0001974636866134639,0.00036796695412466643,0.0006024749253324153,0.0002931243920438815,0.0003359883655525926
5001,1,1,0.9982650788560228,0.9982650788560228,0.00024761076031183215,0.00030033968918408204,0.00037934824481728797,0.0003537449038394879,0.00045387754582457796
5004,5,5,0.9963807673269756,0.0003993135366800049,0.0013792151389416282,0.0006457513609259154,0.00038115594968676,0.9963807673269756,0.0008137966867902092
5006,6,6,0.9947530472129843,0.0012747337442537388,0.0013474797030273938,0.0009760147509651277,0.0004035051567054573,0.0012452194320640177,0.9947530472129843
5007,2,2,0.9976991290551716,0.00023043888563696515,0.9976991290551716,0.00031299422824814774,0.0002810254695981109,0.0009631173312134561,0.000513295030131816
5009,6,6,0.9941669809007275,0.0013232298802744072,0.0017042149739325719,0.000899598535937614,0.0003806194913360515,0.0015253562177918818,0.9941669809007275
5010,1,1,0.9983670611171459,0.9983670611171459,0.00023397932525167495,0.00032761834325841893,0.00032200796847888245,0.00031496021364938126,0.00043437303221552836
5011,1,1,0.9982698391701073,0.9982698391701073,0.00022935024453352837,0.0004013988347817522,0.0004601101620911584,0.0002883821796147056,0.0003509194088716163
5012,5,5,0.9969723288184306,0.00042919663520279755,0.000911799323503046,0.000386462869490362,0.00040348351724570644,0.9969723288184306,0.0008967288361275456
5014,5,5,0.9958250556812667,0.0008327422575752597,0.0008810769680412219,0.0003330759366305708,0.00046251458274714885,0.9958250556812667,0.0016655345737390766
5015,6,6,0.9946658486529201,0.0013334186347578817,0.0014080377118992546,0.0009164256510854625,0.0004167806130242405,0.0012594887363130795,0.9946658486529201
5016,4,4,0.9979637883035257,0.0005807081482941608,0.00034528030740027386,0.0004569682069784209,0.9979637883035257,0.0003474745324946879,0.0003057805013066838
5018,1,1,0.9982039150145053,0.9982039150145053,0.00023262913969771863,0.000295245705901085,0.00039380078509588775,0.0004807691064203264,0.0003936402483796053
5019,5,5,0.996515346766272,0.0008718446654510044,0.0007076746803241982,0.0004175936142738628,0.00033508475354346274,0.996515346766272,0.0011524555201355194
5020,6,6,0.994128162308375,0.0015551253603276183,0.0015130861605469445,0.000924089921357291,0.0003992972518310698,0.001480238997562081,0.994128162308375
5021,3,3,0.9978961456189386,0.0003955376438792944,0.0004365608927848238,0.9978961456189386,0.0005050948013040675,0.00043989450396808046,0.00032676653912510153
5023,4,4,0.9979743414824472,0.00039281104354809955,0.0002785193557586462,0.0004954622745438896,0.9979743414824472,0.000427039189704928,0.00043182665399720113
5024,1,1,0.9978050330234722,0.9978050330234722,0.0003316327552268034,0.00038877096530130154,0.0005626938508798598,0.0005133103562290155,0.00039855904889079884
5025,2,2,0.9975226920968627,0.00036845139422771514,0.9975226920968627,0.00046170944217919,0.00039284037602332997,0.0006367165151786153,0.0006175901755284309
5026,5,5,0.9957663883365582,0.0003266679953661342,0.001516888247626803,0.0005264477153738807,0.00052958103372009,0.9957663883365582,0.0013340266713549522
5027,4,4,0.997514242204116,0.0005295772540907742,0.00031086892527148856,0.000816831593398849,0.997514242204116,0.00038621408528130384,0.00044226593784161015
5028,4,4,0.9980262838906233,0.00045324953886367983,0.00036952140071846176,0.0004534497150040441,0.9980262838906233,0.00037885479516188233,0.0003186406596286483
5029,1,1,0.9983398232894903,0.9983398232894903,0.00021959506225359865,0.0003488641119657747,0.0004562573100519431,0.0002806960399414905,0.00035476418629690475
5030,1,1,0.9983362071200682,0.9983362071200682,0.0001925066308160939,0.0002940441399199051,0.0004568817999960175,0.00028786717160967035,0.0004324931375901588
5031,1,1,0.9982319813044935,0.9982319813044935,0.00024254548152803673,0.0003378849944458276,0.0005336537850281116,0.00028038400855474654,0.0003735504259495762
5032,4,4,0.9980402975760021,0.0003982585882775949,0.00036912542351010273,0.00047040494089123976,0.9980402975760021,0.0003750407765732079,0.00034687269474580214
5033,6,6,0.9942932300507058,0.0014400257744691127,0.0015754741888451447,0.0010512585467483241,0.000392075256459084,0.0012479361827725706,0.9942932300507058
5034,1,1,0.998220693978501,0.998220693978501,0.00023843271152308552,0.0003802586269755837,0.0005150284055403565,0.0002398821405912221,0.0004057041368687779
5038,1,1,0.9983442804062373,0.9983442804062373,0.00021620511615892923,0.00035591523027867444,0.0004192357127876883,0.00024622689891030036,0.00041813663562705066
5040,3,3,0.9978751670477735,0.00037729149170935913,0.0005306438347074503,0.9978751670477735,0.000568592438417536,0.0003018881763279883,0.0003464170110641555
5041,1,1,0.998347536561929,0.998347536561929,0.000200915750139273,0.0003393350106125555,0.00039273669863663745,0.00023633800819449337,0.0004831379704881463
5042,3,3,0.9976775191434735,0.0003764351316984178,0.0005805169319241896,0.9976775191434735,0.0004458805600401903,0.00045670965765509024,0.0004629385752086905
5043,1,1,0.9983064690619737,0.9983064690619737,0.00022697166883349363,0.00033564605093413337,0.00046510797399430413,0.0002757482459007666,0.0003900569983635544
5044,2,2,0.9977703353509755,0.0003171817598319068,0.9977703353509755,0.0004319405819199455,0.0003907331657984173,0.0005151088832492568,0.0005747002582249881
5045,4,4,0.9978567915187174,0.0006029249026722402,0.0003334859779272683,0.00050135754067161,0.9978567915187174,0.00041437471923089225,0.0002910653407805772
5046,1,1,0.9983402709639175,0.9983402709639175,0.00022598816556756017,0.0003380334781228414,0.00042989968090160894,0.00025944659518757114,0.00040636111630291624
5048,1,1,0.9982745618812611,0.9982745618812611,0.0002261772599805129,0.00027417397280787885,0.00038618588476560224,0.0002743078795314264,0.0005645931216535268
5049,5,5,0.9958442871429022,0.0003350601996827411,0.0013443851841155121,0.0005126222878436675,0.000482438822220262,0.9958442871429022,0.0014812063632356869
5050,1,1,0.9983591912842477,0.9983591912842477,0.00019800886581772674,0.0003507738168712633,0.00045281284084276453,0.00026976938363739746,0.00036944380858315834
5052,1,1,0.998366312010801,0.998366312010801,0.00020911899957379147,0.0003077590129832279,0.00042234879884900004,0.00027078533156585366,0.0004236758462272303
5054,6,6,0.9944363845787032,0.001393462998795419,0.0015160581117303422,0.0008770477154858001,0.000383624691098426,0.001393421904186759,0.9944363845787032
5055,2,2,0.9969075063928123,0.0006904361474302082,0.9969075063928123,0.0007270914314107686,0.0005023908904076119,0.0005646206408706386,0.0006079544970684364
5056,6,6,0.9946877477570223,0.0013377348015604844,0.0014124175552238409,0.0009055826959132165,0.0003974815872080349,0.0012590356030721193,0.9946877477570223
5057,1,1,0.9982366820525361,0.9982366820525361,0.0002483742486794229,0.0003260523940085451,0.0004875631838064726,0.0003201484206180067,0.0003811797003514839
5058,2,2,0.9968404361845439,0.0002598773465283015,0.9968404361845439,0.0011884743094098197,0.00021946483150016034,0.0006953262206523118,0.0007964211073655668
5060,6,6,0.99432437331999,0.0014674726503547115,0.0012341147787008908,0.0009593827300595705,0.00036424861431150836,0.0016504079065832605,0.99432437331999
5061,2,2,0.9978233560738752,0.00032162122962562257,0.9978233560738752,0.00046908610678528164,0.00034970564352572464,0.00045876955437104336,0.0005774613918169348
5062,5,5,0.9967175509275369,0.0005435245902625606,0.0007661358980713855,0.0004275188421816679,0.0005062581816678592,0.9967175509275369,0.0010390115602795927
5063,3,3,0.9977868718415728,0.0005171392108841849,0.00040656271626942416,0.9977868718415728,0.0005769057960516731,0.00038844298954415947,0.00032407744567775494
5067,5,5,0.9965951679396264,0.00048576904804597577,0.0009714056154604897,0.0006948893173548898,0.0003782628491559395,0.9965951679396264,0.0008745052303562412
5069,3,3,0.9979047471480338,0.0003658601669975983,0.00042185512018446883,0.9979047471480338,0.0005926598497921891,0.0003993756714699862,0.00031550204352198815
5070,5,5,0.995303028177904,0.0005084860570514917,0.0011630566946353958,0.0004469559323652079,0.00048770635880072803,0.995303028177904,0.002090766779243282
5072,1,1,0.9984153500858268,0.9984153500858268,0.00019348601310810822,0.0003057739012211932,0.0004381926493136228,0.00027004813019233066,0.00037714922033791444
5073,1,1,0.998330692998876,0.998330692998876,0.00021679308849222777,0.0003378378305471314,0.0003814390665172037,0.0003583888027615053,0.0003748482128060146
5075,1,1,0.9983704304019214,0.9983704304019214,0.00019310494938050532,0.0003540185276310264,0.00039810507179115337,0.00023974475824182486,0.00044459629103402144
5076,6,6,0.9942125775864071,0.0015125575158525153,0.0015518927400855972,0.0008963178931431452,0.0004023374679961144,0.0014243167965154594,0.9942125775864071
5077,5,5,0.9969343603316672,0.00040595759981882555,0.001202473146840763,0.00045484613012702744,0.0003192992800105995,0.9969343603316672,0.0006830635115355737
5078,5,5,0.9969309907383036,0.00041008748337226247,0.0009496506291502604,0.00042852301326139745,0.00037255515547923664,0.9969309907383036,0.0009081929804332619
5079,3,3,0.9980578831237702,0.00033387177346311237,0.00037516702309999586,0.9980578831237702,0.0004591529637064767,0.0003581335409836572,0.00041579157497659427
5082,1,1,0.9983392177999756,0.9983392177999756,0.0001941810704931961,0.00028514228785836394,0.00033469351123344544,0.0003541240732675283,0.0004926412571718858
5083,1,1,0.9983405927483682,0.9983405927483682,0.00020010567750382673,0.0003295182015817975,0.0004896965627026118,0.0002748578552799884,0.00036522895456363044
5084,3,3,0.9978924237986113,0.0003836173504352657,0.00043093182522048424,0.9978924237986113,0.0005759445394882271,0.0004065816983950851,0.00031050078784964215
5085,6,6,0.9946325628902735,0.0013814615710312085,0.0014003870927461108,0.0009657870600906249,0.00039780574926829096,0.001221995636590345,0.9946325628902735
5087,1,1,0.9982734472331354,0.9982734472331354,0.00027334004932053166,0.0003437812984907047,0.0004085534127796406,0.00032395175374142437,0.00037692625253232185
5088,1,1,0.9983775197858086,0.9983775197858086,0.00022549518837296402,0.0003172168375412639,0.0004236765785245539,0.0002940108701939569,0.0003620807395586714
5089,2,2,0.9978232331455167,0.0003032019578800434,0.9978232331455167,0.00038405673493601463,0.00027871181227475967,0.0005621666757742059,0.0006486296736183186
5092,5,5,0.9941974112140769,0.0005637568197518716,0.0013663840367027242,0.0004264970958408587,0.0005728373316587111,0.9941974112140769,0.002873113501969
5094,1,1,0.9984536048040645,0.9984536048040645,0.00018451531423343176,0.00028983712770856495,0.0003702709754979988,0.00031914151230021207,0.00038263026619526203
5095,1,1,0.9983607723050776,0.9983607723050776,0.00021631572452424615,0.00032193992382455167,0.0004221887913759498,0.000267348503363695,0.00041143475183393833
5096,3,3,0.997984263916314,0.0003334980594186574,0.0004024730962910356,0.997984263916314,0.0005276980137478397,0.00043053768978517276,0.0003215292244432662
5097,6,6,0.9946466639754914,0.0013519938387776568,0.0014261697278373563,0.0008922333276046117,0.00041684629960486784,0.0012660928306841188,0.9946466639754914
5098,3,3,0.9980311516302484,0.00033267226020779845,0.00039425375799717724,0.9980311516302484,0.0005228421445211706,0.0003592735124065852,0.0003598066946189432
5099,6,6,0.9947135785399979,0.0013248668638478312,0.001392737460366333,0.0009284300371380265,0.00039641223397370923,0.0012439748646762016,0.9947135785399979
5100,4,4,0.9980082387320452,0.00043608314934179965,0.0003571913727154083,0.00044112550401965924,0.9980082387320452,0.0004209756721847038,0.000336385569693154
5101,4,4,0.9979576686535538,0.0004891370589335908,0.00034109139105069824,0.00048609140103549574,0.9979576686535538,0.00035167726995864035,0.0003743342254677215
5103,5,5,0.9962364271591814,0.0004683414233425129,0.0005977463569115074,0.0006901283687872252,0.0005259450589662867,0.9962364271591814,0.001481411632811113
5104,4,4,0.9980391587549607,0.0004333223214356596,0.0003274007960251199,0.0004876889737365925,0.9980391587549607,0.0003812613036243972,0.0003311678502174489
5105,5,5,0.9968012035754836,0.0005075273554694841,0.0006465806935218893,0.0005733129014670585,0.0004424900398984016,0.9968012035754836,0.0010288854341595358
5107,2,2,0.9977533107123728,0.000371802710400706,0.9977533107123728,0.0004858843402776242,0.0003205538632471094,0.0004549632670008412,0.0006134851067006922
5108,5,5,0.9967089385091074,0.00048604648761142445,0.0007320163925902089,0.00045011387742325914,0.00047503586750782535,0.9967089385091074,0.0011478488657598708
5109,4,4,0.998096378660463,0.0004428993728985457,0.00029755764161345247,0.00042679703886257584,0.998096378660463,0.0003649366743267631,0.00037143061183570256
5110,3,3,0.9980267051881893,0.0003054564114512536,0.00041372318854221874,0.9980267051881893,0.00045171308920203006,0.00043225415103825566,0.0003701479715770758
5112,2,2,0.9763765476723641,0.00045383666811278054,0.9763765476723641,0.020420338638685614,0.0005250282516637042,0.000785311161268845,0.0014389376079047222
5113,2,2,0.9952809318436838,0.0002168430969392139,0.9952809318436838,0.00044924396675353535,0.00022714994211661557,0.0029599378194292577,0.0008658933310776123
5115,2,2,0.9977087433586308,0.0003584992178982344,0.9977087433586308,0.0005050587077588899,0.00034371811080645886,0.00042783361868193513,0.0006561469862237039
5116,2,2,0.9965484045641001,0.0003024148977036729,0.9965484045641001,0.00025739766718887243,0.0002667725655429997,0.001935563262325157,0.0006894470431392301
5119,2,2,0.9977695648631995,0.0003313996615262685,0.9977695648631995,0.0004378555330263309,0.0002892361286757371,0.0004993862092850011,0.0006725576042871928
5122,1,1,0.9982543909301635,0.9982543909301635,0.00023247898956045514,0.0003488134646944383,0.0005239224579412886,0.00025352565806396605,0.00038686849957633035
5124,4,4,0.9979257850527588,0.0005796477353635788,0.00034811467979794223,0.0004744554007200208,0.9979257850527588,0.00037404997692652773,0.00029794715443315904
5126,3,3,0.9979017346606294,0.0004030372302838522,0.0004284497069491781,0.9979017346606294,0.000569882194690014,0.0003929222225389819,0.00030397398490870036
5128,2,2,0.9978424021725895,0.000263701476436604,0.9978424021725895,0.00043207725888592914,0.00030324249232286006,0.0006495532973696963,0.0005090233023954152
5130,4,4,0.9977645759320292,0.0005569994618413391,0.0004146574017420157,0.0005126765404563853,0.9977645759320292,0.00045994284499676946,0.0002911478189343066
5131,6,6,0.9942902162507364,0.0014957396532384335,0.001493382941502259,0.001081040344056968,0.00040093992058732155,0.0012386808898785366,0.9942902162507364
5132,1,1,0.9983587071172035,0.9983587071172035,0.00022385141030710484,0.00032697600868750946,0.00042309038253235615,0.0002449551636262735,0.00042241991764317076
5134,1,1,0.9983088299621697,0.9983088299621697,0.0002503408308071606,0.0003617081572670182,0.00039912986442324785,0.0003185612898034019,0.0003614298955294846
5135,4,4,0.9979588463114663,0.000470442816290339,0.0003305124049704058,0.00045730968281149775,0.9979588463114663,0.00040447714659165075,0.00037841163786993243
5137,1,1,0.9983683270769715,0.9983683270769715,0.00021737847511041233,0.0003094229627464968,0.0003960404445424177,0.00027023843836853316,0.000438592602260621
5139,5,5,0.9964532493145344,0.0006159964610530407,0.0006383655479207941,0.0005196008527632263,0.0005667310702377853,0.9964532493145344,0.001206056753490753
5140,1,1,0.998344003410297,0.998344003410297,0.00022719589551311583,0.0003539297981446088,0.0004202649616377217,0.0002496758383181669,0.0004049300960893798
5141,5,5,0.9964647177667079,0.0004612384310582159,0.0007328466078128855,0.0005108334530578078,0.00041903403567919895,0.9964647177667079,0.001411329705684061
5142,3,3,0.997986245425281,0.00034071818117883864,0.0003930800783266083,0.997986245425281,0.0005455914332057424,0.00037785400123792226,0.0003565108807699133
5143,5,5,0.9968663851365717,0.0004624801421072655,0.0008207458140616397,0.0004330548895335931,0.00036892675408410066,0.9968663851365717,0.0010484072636417411
5145,2,2,0.9978369313071388,0.00033101771657546614,0.9978369313071388,0.00045313199569447176,0.00034245226144803746,0.00046630211826076477,0.0005701646008822927
5147,4,4,0.9980258697660835,0.0004567981120283246,0.0003118612145200774,0.0004824020607275385,0.9980258697660835,0.00036511973865852406,0.0003579491079820655
5148,4,4,0.9978273049768247,0.0004825427963433915,0.00036371130910779005,0.0006057885195480144,0.9978273049768247,0.0004069649833760808,0.00031368741480006094
5149,6,6,0.9941802864223204,0.0014956691935885248,0.0015568258852648213,0.0009127639608731474,0.0004305927570416659,0.0014238617809114655,0.9941802864223204
5150,1,1,0.9980586681802274,0.9980586681802274,0.00025190257126362763,0.0003561568046606746,0.0005584392633095915,0.00042245891360457666,0.00035237426693417254
5154,2,2,0.9977381387948124,0.0003655099775516559,0.9977381387948124,0.00043570739909471715,0.0003399094911755116,0.0005512595031465081,0.0005694748342192401
5155,3,3,0.9979291550496503,0.00035163097400681603,0.0003890105637036916,0.9979291550496503,0.0005116459487555571,0.0004780421151706962,0.0003405153487130473
5157,3,3,0.9977777106587133,0.0003767767893775651,0.0004341710604547232,0.9977777106587133,0.0006184966619907783,0.00035717206945988663,0.0004356727600037408
5158,5,5,0.996853737956484,0.00043925711456192746,0.0006460908134630699,0.0004890038829675139,0.0004969867141686303,0.996853737956484,0.0010749235183548117
5159,5,5,0.996647529619068,0.0006146614861439819,0.0007433422089419856,0.000488382877079357,0.0004204722906161279,0.996647529619068,0.001085611518150532
5160,5,5,0.9966738979372554,0.0006421620396486818,0.0005896843951061066,0.0005002217164314745,0.0004966116188203641,0.9966738979372554,0.0010974222927379786
5162,3,3,0.9974655827804343,0.00036934939699920726,0.0005417904316735844,0.9974655827804343,0.0008023250042978797,0.0004559436220609886,0.00036500876453404284
5163,1,1,0.9983168183768865,0.9983168183768865,0.0002110348875593963,0.0003409729755192843,0.0003592934281331503,0.0003738890563548407,0.0003979912755469477
5164,6,6,0.9943169422733756,0.0014322074532787368,0.001521352597642946,0.0010528257721012725,0.00043167063882975325,0.0012450012647716412,0.9943169422733756
5165,1,1,0.9983079565365728,0.9983079565365728,0.00023736743843425696,0.00036238161996510584,0.0004622273876555906,0.0002513228143006,0.0003787442030716144
5166,4,4,0.9980411679132144,0.0004503795129696795,0.00035438655126226,0.0004648509272199074,0.9980411679132144,0.0003755729468952651,0.0003136421484385415
5167,3,3,0.9980621787538013,0.00029933367766020317,0.0003868389992576891,0.9980621787538013,0.00048290084688394484,0.00039623176563470595,0.0003725159567621291
5168,4,4,0.9980403098337489,0.0005097300978998616,0.00032650534508029343,0.00045744515737180716,0.9980403098337489,0.0003440228812264462,0.00032198668467263024
5169,5,5,0.9967349420534034,0.00045432297017568225,0.0007010207220875827,0.0004964753876549623,0.0005204657921148362,0.9967349420534034,0.0010927730745635723
5170,5,5,0.9955240612348956,0.00047595971276130053,0.0008687210028490898,0.0014703653470725616,0.00038396154311251307,0.9955240612348956,0.0012769311593089797
5171,3,3,0.9959118965304299,0.0015974346528426016,0.0005131621423081454,0.9959118965304299,0.0010360066627714075,0.0005041092217606647,0.0004373907898872405
5172,4,4,0.998124306836722,0.0004342162888719535,0.00031829928220260386,0.00042547131536812714,0.998124306836722,0.00035491193021920106,0.0003427943466161305
5173,3,3,0.9979674031386269,0.0003668805227280208,0.00042276707814588283,0.9979674031386269,0.0004885425934595249,0.0003359111299258724,0.00041849553711385714
5175,5,5,0.9967344452666044,0.0004992315403299342,0.0007644410274480844,0.0004774846038316389,0.0004442408386511922,0.9967344452666044,0.0010801567231348223
5177,4,4,0.998110094529353,0.0004196593234585377,0.00032907975946282387,0.00044700647687049373,0.998110094529353,0.0003721611427202052,0.0003219987681349845
5178,4,4,0.9980517912795686,0.0005091701923140388,0.000316774781473714,0.00044312715927381926,0.9980517912795686,0.0003702070647004984,0.0003089295226693249
5180,1,1,0.998302838539877,0.998302838539877,0.00023094892584710734,0.00035513743231634017,0.00043866755208023765,0.00032883050851180033,0.0003435770413675186
5181,4,4,0.9977706646658782,0.000701016686560342,0.00037154176881193515,0.0004887001693550813,0.9977706646658782,0.0003990848189824016,0.00026899189041210554
5183,1,1,0.9981281280120139,0.9981281280120139,0.0002519424336218641,0.0004604249316126166,0.00047621454562676814,0.00030219948162556366,0.00038109059549943936
5184,3,3,0.9979631992568138,0.0003179933439383137,0.0003790816443445452,0.9979631992568138,0.0005017877602532079,0.0003945959069734761,0.00044334208767675155
5185,5,5,0.9965990497539745,0.0008812023136791682,0.0006595769288555369,0.00042954420384950994,0.0004273282090253728,0.9965990497539745,0.0010032985906159152
5186,2,2,0.9973826794055123,0.00023535423085466057,0.9973826794055123,0.0006177559288116915,0.0003275288649515314,0.0008863631809852168,0.0005503183888846774
5187,5,5,0.9965615278922025,0.0005105368025274563,0.0007240137355425417,0.0004816122824815751,0.0005189662026515496,0.9965615278922025,0.001203343084594337
5190,6,6,0.9944103241517374,0.0014104314445786616,0.0014639232365819472,0.000947261625307808,0.0004656776963113849,0.0013023818454828417,0.9944103241517374
5191,3,3,0.9978599905374352,0.0003213172526900861,0.0004061245611449555,0.9978599905374352,0.000562179296316068,0.0003463805104526936,0.0005040078419610378
5192,3,3,0.9980592996935199,0.0003139683666904388,0.0004155745624447188,0.9980592996935199,0.00045217609577325016,0.00042108115316370824,0.0003379001284077671
5193,5,5,0.9969482270628689,0.00044775491366187003,0.0008184822874240736,0.0004052043840399222,0.0004013331669628313,0.9969482270628689,0.0009789981850424146
5197,4,4,0.99791780117475,0.0004533033799194974,0.00031004408613676237,0.0006251694680890445,0.99791780117475,0.00036045750691936863,0.0003332243841853053
5198,2,2,0.9977848538976631,0.00026455624801257575,0.9977848538976631,0.0004407616538583737,0.0002556076064769012,0.000638622985842607,0.00061559760814641
5200,5,5,0.9960373622087553,0.0005462551479615557,0.0008044089176146851,0.0005066854637286597,0.000576514924301768,0.9960373622087553,0.0015287733376380072
5201,2,2,0.9977163590180742,0.0002776770372684824,0.9977163590180742,0.0003747735499791157,0.0003222461745385353,0.0007968716712932736,0.0005120725488464385
5202,5,5,0.9964739914329988,0.000568634494524683,0.0007841380613623017,0.00041540261984424184,0.0005915273934766478,0.9964739914329988,0.0011663059977933573
5203,5,5,0.9969253241679801,0.0003951374210129432,0.0007395802170157346,0.0005560986048820536,0.0004356211414254297,0.9969253241679801,0.0009482384476837657
5204,5,5,0.9969657520478666,0.0004887436740615896,0.0008023688937459085,0.00042704905128927945,0.0005004634378777676,0.9969657520478666,0.0008156228951587708
5206,5,5,0.9970618408355322,0.00041568771221085467,0.0008054006649488076,0.00044965575086679575,0.00035419062412155267,0.9970618408355322,0.0009132244123198235
5207,1,1,0.9984080177565633,0.9984080177565633,0.00019283654392431,0.0003055608752080157,0.0003762434770272277,0.0003051703600582731,0.0004121709872188515
5208,4,4,0.9980217257030567,0.00040667469305008807,0.00033474949434520915,0.0004687680939196771,0.9980217257030567,0.0003475147545750795,0.0004205672610532331
5210,2,2,0.9976901775183062,0.00020308358469998245,0.9976901775183062,0.0004934331403424329,0.0002951337013889212,0.000745034817445618,0.0005731372378168143
5212,5,5,0.9966800020542333,0.0005167000245252823,0.0008017630743686774,0.0004022066927671247,0.00042589374694602,0.9966800020542333,0.0011734344071595985
5215,6,6,0.9946554645918213,0.0013410091291477732,0.001419213913561189,0.0009095801274559166,0.0004060737161398137,0.001268658521873987,0.9946554645918213
5216,5,2,0.7329811320262697,0.0005596497565659423,0.7329811320262697,0.001702491417847381,0.0007578161208350602,0.2617964909753876,0.0022024197030942275
5217,4,4,0.9980258229723755,0.00045057426601539117,0.0003511415893256188,0.0004664771217114925,0.9980258229723755,0.0003728284525626066,0.00033315559800934367
5219,1,1,0.9983393863255559,0.9983393863255559,0.00023640842904495654,0.0003759667345492742,0.00038346792649494334,0.0002943318021022469,0.00037043878225269335
5220,1,1,0.9984315168198591,0.9984315168198591,0.0001982469428625446,0.00030256013664910284,0.0004040072433824899,0.00025742850602794787,0.00040624035121878603
5221,5,5,0.996807722608133,0.0006455849499370212,0.0006369334296702552,0.0004314839504078078,0.00042411823725319037,0.996807722608133,0.0010541568245987839
5224,6,6,0.9946742624907894,0.0013371191051385926,0.0014007991047158559,0.0009086016152272514,0.00040381581612965043,0.0012754018679992372,0.9946742624907894
5225,3,3,0.9979395797203294,0.00040081931298733203,0.00040355350158777003,0.9979395797203294,0.0005450708264472917,0.0003712797966291415,0.0003396968420190408
5226,2,2,0.9976478969206772,0.0003308906306158885,0.9976478969206772,0.0005360336271160288,0.0003639798508381549,0.00040740398631696395,0.00071379498443578
5227,5,5,0.9964871478479126,0.0006702764706636245,0.0007090009800109617,0.0005603366339044729,0.0006393953272656666,0.9964871478479126,0.0009338427402426313
5229,3,3,0.9979893348826978,0.00031946559047951436,0.00039854179733894403,0.9979893348826978,0.000493001327299143,0.0004561482266334762,0.0003435081755511822
5230,5,5,0.9969611959517889,0.0003750581891738466,0.000828744277782204,0.00041876032722195554,0.0005405735097693554,0.9969611959517889,0.0008756677442637755
5231,2,2,0.9965246920291434,0.00046131856398688487,0.9965246920291434,0.0011005329792306926,0.0006930939776785683,0.0006108961022397553,0.0006094663477206475
5232,1,1,0.9983356029330922,0.9983356029330922,0.00019068863559308305,0.0003212181727456691,0.0004943783580513362,0.0003150238884452407,0.0003430880120724801
5233,1,1,0.9983097806603279,0.9983097806603279,0.00023499229753791182,0.0003493879928974817,0.00040649152232280516,0.0002939115715959492,0.0004054359553179261
5234,3,3,0.9980200447805727,0.0002940856127164057,0.00040909177060651354,0.9980200447805727,0.00048223387816358237,0.0004472234879903329,0.0003473204699504148
5235,5,5,0.9967437756868703,0.0003893834858044181,0.0012448813950026603,0.0004842984962514535,0.0003865937673029853,0.9967437756868703,0.0007510671687681968
5236,3,3,0.9980256004421757,0.00037233907761594743,0.00042491409668476445,0.9980256004421757,0.00044921192296025405,0.00037361711405197324,0.0003543173465115185
5237,2,2,0.9975248359818385,0.0003779684759088009,0.9975248359818385,0.0006421472704153967,0.0003921078140864457,0.0004591060487087407,0.000603834409042111
5238,5,5,0.996837006255803,0.0005090536363491479,0.0007207694481044771,0.0004059061701647644,0.0003970423949938568,0.996837006255803,0.0011302220945847627
5239,3,3,0.9980219917446329,0.00032507265430114813,0.00043988494076868743,0.9980219917446329,0.0004953699109895675,0.0003523764137055269,0.00036530433560226527
5240,2,2,0.9972166190992189,0.0004902439140024735,0.9972166190992189,0.000690669719937991,0.0005562096108121851,0.0004866466222176071,0.0005596110338108495
5241,4,4,0.998017798597211,0.000431512406428756,0.0003539285586846811,0.00046239369176429387,0.998017798597211,0.0003843243339733443,0.00035004241193794606
5242,6,6,0.9947414371558636,0.0012769838760873968,0.001362638311537369,0.0009452723290606794,0.00041371438308672156,0.0012599539443642204,0.9947414371558636
5243,2,2,0.9978788127288207,0.00026750245044988483,0.9978788127288207,0.0003964722945712048,0.0002952987628553769,0.0006018937120996549,0.0005600200512031955
5245,5,5,0.9967089414389205,0.0004737959583262866,0.0007692925252575101,0.00044967985329162445,0.0004742202339971228,0.9967089414389205,0.001124069990206991
5246,6,6,0.9947220215011369,0.0013620231941462917,0.001399591001059721,0.0009077077382595401,0.00040906569282544763,0.0011995908725721286,0.9947220215011369
5249,3,3,0.9979739906219883,0.0003709843346505709,0.00042129298976697035,0.9979739906219883,0.0005042890051813618,0.00039255231312502304,0.0003368907352875398
5250,2,2,0.9966584700319148,0.00020602670504084653,0.9966584700319148,0.0003294549617879517,0.00026725812454598933,0.0019414409097302427,0.0005973492669802531
5252,4,4,0.9980539933688255,0.00045793985077776,0.00031644424969403534,0.0005129861935337321,0.9980539933688255,0.000358945765111154,0.0002996905720578564
5253,3,3,0.9979433332674068,0.00039014832837377836,0.0004363740638333345,0.9979433332674068,0.0004974749142092142,0.00039756453816993114,0.0003351048880068975
5258,1,1,0.9983743185786341,0.9983743185786341,0.00019500837186067175,0.00030151769124365125,0.0004330647764132735,0.0002577834483720059,0.00043830713347627287
5259,1,1,0.9984035073146846,0.9984035073146846,0.00020435368422930326,0.0003435984605921858,0.0003942654945568051,0.00025506943800697213,0.00039920560793006504
5260,5,5,0.996642367509959,0.0005965476837141001,0.0006611618554712997,0.0005929864807532976,0.00043552992416193235,0.996642367509959,0.0010714065459403585
5261,4,4,0.9980684071200945,0.00045392034319093494,0.0003173869383225894,0.0004502509030885474,0.9980684071200945,0.00033576015765934256,0.0003742745376440664
5262,2,2,0.9977979630994437,0.0003292320170171093,0.9977979630994437,0.00044605665477558316,0.0003548820376312301,0.0005191390503921457,0.0005527271407402379
5264,1,1,0.9983587282486974,0.9983587282486974,0.00019930273762519153,0.00034844892028922607,0.00043711851825284977,0.0002570775553706119,0.0003993240197646859
5265,6,6,0.9946937255930154,0.0013650787695050287,0.001406928914772683,0.0009362460969984335,0.0003962436865032914,0.0012017769392051799,0.9946937255930154
5266,1,1,0.9983698044328139,0.9983698044328139,0.00020557921431949198,0.000319110120521124,0.000401935920161785,0.00023720020381051357,0.0004663701083732914
5267,5,5,0.9966317643780365,0.0004477758901388136,0.0005602848625892971,0.0005481604983064069,0.0005711963538864575,0.9966317643780365,0.0012408180170425788
5268,1,1,0.9983541087705015,0.9983541087705015,0.00023143483270062634,0.00031317462137374884,0.00036356996575065236,0.0003017572478970791,0.00043595456177663504
5269,4,4,0.9979471991821854,0.0005203885598460899,0.00037661644613776033,0.0004659957684909975,0.9979471991821854,0.0004074333293753985,0.0002823667139642582
5271,5,5,0.9966645790419328,0.0004966770624896649,0.0006897559473768066,0.00044653261803773874,0.0006059638661986037,0.9966645790419328,0.001096491463964379
5272,3,3,0.9979710529880333,0.0003457777560696589,0.00045962558882228235,0.9979710529880333,0.0004988750702468233,0.0003722491724543095,0.0003524194243735534
5279,3,3,0.9980215944976649,0.0003175679568399492,0.00040884141011409244,0.9980215944976649,0.00044857803366607263,0.0004641793164782515,0.00033923878523675784
5280,1,1,0.9981480132087975,0.9981480132087975,0.0002398626210159141,0.00040393662282742107,0.0005122933321216861,0.0002970932254792973,0.0003988009897581261
5281,1,1,0.9983564334170186,0.9983564334170186,0.0001965405015813275,0.0003072960923050112,0.0003275951415740749,0.0002584550611257229,0.000553679786395191
5282,3,3,0.9980111710939905,0.00031864131853746896,0.00034927414597936434,0.9980111710939905,0.000492239457602224,0.00043898629048564106,0.0003896876934048097
5284,4,4,0.9979116863881148,0.0005675527130977495,0.0003375953891609068,0.0004820573645144424,0.9979116863881148,0.0004147234743434167,0.0002863846707686504
5285,1,1,0.998404999443689,0.998404999443689,0.00019209624548803406,0.0003278113887133884,0.0004010435790338149,0.0003008981464421302,0.00037315119663359824
5286,5,5,0.9965683182951717,0.00045811652492884275,0.0006073166126914897,0.0004981016953608013,0.0005678921566549238,0.9965683182951717,0.0013002547151923026
5287,5,5,0.9949555614901484,0.0011951369943315829,0.001122245056739425,0.000637831142142896,0.0007345481147256261,0.9949555614901484,0.0013546772019120276
5288,3,3,0.998041554936483,0.00032795219160566916,0.0003872004917140338,0.998041554936483,0.0005224898573314426,0.0003612378365246747,0.0003595646863411902
5290,5,5,0.9962810368218115,0.0007600329059350156,0.0007887765493661309,0.0004268503983724773,0.00048811044414054545,0.9962810368218115,0.0012551928803744244
5291,2,2,0.9974693483585325,0.0003779838443581469,0.9974693483585325,0.0006347881373866635,0.00045435668427141655,0.00047767513709823565,0.0005858478383528059
5292,5,5,0.9961316782971167,0.00045365410359047946,0.0016681714081212625,0.000344174251495356,0.00036925246972418775,0.9961316782971167,0.0010330694699520334
5293,6,6,0.9946628890899475,0.0013359789846605287,0.0014086682465466762,0.0009031714945914437,0.0004117391397164371,0.0012775530445374174,0.9946628890899475
5294,4,4,0.9979657898249839,0.00043554798051551155,0.00030467815697828455,0.000574711755258667,0.9979657898249839,0.0003857902395650477,0.0003334820426985864
5295,2,2,0.9978625042131896,0.00027503689841273287,0.9978625042131896,0.0003586361950670726,0.00030351304616931543,0.0005938491586562231,0.0006064604885052551
5296,6,6,0.9947010860247366,0.0013125727777306459,0.001418650412468306,0.0009709857972394371,0.0004036715297452391,0.001193033458079806,0.9947010860247366
5297,4,4,0.998030217506605,0.00045715445776304647,0.00033154695651929254,0.00045864745512006296,0.998030217506605,0.0003824419584708243,0.00033999166552175234
5298,3,3,0.9980513559505158,0.0003136928854160972,0.00042006703126671837,0.9980513559505158,0.0004874857019636437,0.00039560089739450736,0.000331797533443243
5299,5,5,0.9962731703321194,0.0006253459206563564,0.0006790186814733801,0.000470679461956972,0.0005883440087211438,0.9962731703321194,0.0013634415950727606
5300,5,5,0.9954269134847975,0.0006954287087458846,0.0010142886519021053,0.0005478605273806754,0.0003942967530925942,0.9954269134847975,0.0019212118740812613
5301,5,5,0.9967277014627826,0.0004998145141587194,0.0006098248392111089,0.0004989520512500269,0.0005506476717075852,0.9967277014627826,0.0011130594608899772
5304,1,1,0.9982974998781411,0.9982974998781411,0.00020572358074153832,0.00032091899950289446,0.0005052999412856843,0.0003326699619391651,0.00033788763838965487
5305,4,4,0.9979226942737165,0.0004873624302287461,0.0004028399318814236,0.000487382191729146,0.9979226942737165,0.0004100679844150213,0.00028965318802917574
5306,1,1,0.9984116545107109,0.9984116545107109,0.000205471602196562,0.00029644597061740795,0.00038314514641914655,0.0003146110390688337,0.00038867173098717004
5307,1,1,0.9983170752189877,0.9983170752189877,0.00020379906359624235,0.0003573392426225271,0.0004266464109766285,0.00023307923627252655,0.00046206082754432775
5309,1,1,0.9983330973200988,0.9983330973200988,0.00018465763085974448,0.0003144444098546854,0.0005076721734281246,0.00027848854600210125,0.0003816399197565687
5311,1,1,0.9983657121143884,0.9983657121143884,0.00020904072401443076,0.0003445604857043642,0.0003855715959072694,0.0002887139596842361,0.0004064011203013028
5312,2,2,0.9977685797978746,0.00032001539747137004,0.9977685797978746,0.0003306101806430994,0.00029058202613357523,0.0005791127562137328,0.0007110998416636788
5313,3,3,0.9965968011067223,0.0004030077835709311,0.0014701329743789769,0.9965968011067223,0.000608187416119056,0.00037034624502132893,0.0005515244741875068
5315,2,2,0.9977570374808616,0.0003165345091004694,0.9977570374808616,0.0004431137490350481,0.00033864468689706774,0.00047309456222991873,0.0006715750118758845
5318,5,5,0.9964492912624425,0.0004950536243241919,0.0007008298250640755,0.0004650261529212978,0.0006176096288232262,0.9964492912624425,0.0012721895064246665
5319,1,1,0.9983735459122118,0.9983735459122118,0.00018469153962710275,0.0003175839405296599,0.00041397846755780005,0.0002771813079060053,0.0004330188321677712
5320,4,4,0.9978276779961981,0.0006710386744828744,0.0003446625963361868,0.0004766985801878881,0.9978276779961981,0.0003823944016891393,0.000297527751105827
5321,2,2,0.9978044476343236,0.00030485762082638174,0.9978044476343236,0.00031479922841147164,0.00027318063010791884,0.0007342568315770827,0.0005684580547534679
5322,4,4,0.9979833658713949,0.00042527149870293297,0.0003151840448636049,0.0005754606269457614,0.9979833658713949,0.0003720099448938294,0.00032870801319895596
5324,4,4,0.9980248139648439,0.00044450300814772773,0.0003457657147037257,0.00044175420991723256,0.9980248139648439,0.00042382933763436174,0.0003193337647530169
5325,3,3,0.9979094700297195,0.00042473905376816786,0.0004323956893599364,0.9979094700297195,0.0005029524827360471,0.00041172754629027845,0.00031871519812614105
5327,1,1,0.9984021177320388,0.9984021177320388,0.0002141462334466414,0.0003249056847677727,0.00038684017472624183,0.00030840911079650434,0.00036358106422404126
5330,5,5,0.9968521303873157,0.00043573729513329156,0.0007062186703038117,0.0005214353600758059,0.0004988635344286908,0.9968521303873157,0.0009856147527427268
5331,2,2,0.9968744739771747,0.00038468407863421426,0.9968744739771747,0.001188381252433568,0.0003664692713116918,0.0005150072508420441,0.0006709841696038438
5334,3,3,0.9980027471989659,0.00028466830218056206,0.00040856572892436233,0.9980027471989659,0.0005177199112786795,0.00043135079854269653,0.000354948060107849
5335,1,1,0.998298238523097,0.998298238523097,0.00021895753101234899,0.0003230459826539491,0.0004838601500978845,0.00027522628751320215,0.0004006715256256109
5336,2,2,0.9716013477116323,0.0006601956425510164,0.9716013477116323,0.0008163574222488165,0.0005091945539673707,0.0031639383477797397,0.02324896632182077
5337,4,4,0.9979323502479122,0.0004601555282852331,0.00038666975076088436,0.000489868823108852,0.9979323502479122,0.00041324856293320045,0.00031770708699964547
5339,3,3,0.99802356920791,0.0003365344689535071,0.0004260079329918843,0.99802356920791,0.00046356863583003774,0.0003316417952056419,0.0004186779591089002
5341,5,5,0.9967461929140082,0.0004947510367086253,0.000874041530639195,0.0004155202521361298,0.0004218655566304651,0.9967461929140082,0.001047628709877433
5343,5,5,0.9959825716770015,0.0005340251608746517,0.0017253025031985772,0.0005381286265271192,0.0003583994852185022,0.9959825716770015,0.0008615725471796462
5344,6,6,0.9946790449871715,0.0013156806177429881,0.0014156970903967205,0.0009621397007799405,0.0003906034499902056,0.0012368341539186114,0.9946790449871715
5345,4,4,0.9980872027116726,0.0004366363756629974,0.0003135923102403095,0.0004613383093611661,0.9980872027116726,0.00033534215517661806,0.0003658881378862675
5346,6,6,0.9947064390681057,0.0013080611656341033,0.0013581106729792947,0.001063228221871829,0.0004227403205797902,0.0011414205508292273,0.9947064390681057
5347,1,1,0.9983504393313922,0.9983504393313922,0.00021735756420017733,0.0002795220470916076,0.000324217524356205,0.00030273098256578755,0.0005257325503940578
5348,1,1,0.9983740241971921,0.9983740241971921,0.00020995451722786236,0.0003570384135840704,0.00043323774531324574,0.00025642795206970274,0.0003693171746131178
5350,4,4,0.9978160829985235,0.00043093418813658016,0.0003201341014631032,0.0004381340974214543,0.9978160829985235,0.0005336392772220131,0.00046107533723336214
5351,2,2,0.9973902630156259,0.0004077449284194496,0.9973902630156259,0.0005443755871048022,0.0004117502555062212,0.0003898718598797853,0.0008559943534637859
5353,2,2,0.9977878765720546,0.0003074581093655265,0.9977878765720546,0.00035783203392472147,0.00033963483621115474,0.0005255322503889261,0.0006816661980552568
5354,4,4,0.9980390730365878,0.00048003119018414015,0.0003154542375071516,0.0004640553408468811,0.9980390730365878,0.0003491253904958127,0.0003522608043781969
5355,1,1,0.9984067908072872,0.9984067908072872,0.0001991077170755184,0.0003173389967332699,0.00038247753653005697,0.0002718172842976874,0.00042246765807625635
5356,5,5,0.9894454182567775,0.0009232654451007583,0.001183913564596673,0.0006052515272668175,0.0005447128296186632,0.9894454182567775,0.007297438376639651
5357,4,4,0.9981115354113295,0.0003896789467252879,0.00031752236930603143,0.0004310978031376987,0.9981115354113295,0.00036586165127934495,0.00038430381822214223
5359,4,4,0.9979979396737759,0.0004877323226963401,0.00037621179948120356,0.000475909735583343,0.9979979396737759,0.00037473472187773445,0.0002874717465852857
5361,2,2,0.9978052867173322,0.0002912194089052152,0.9978052867173322,0.00034914717074174703,0.0002823960308778609,0.0006865886659819948,0.000585362006161045
5362,5,5,0.997011095842813,0.0005169823537871718,0.0007226216195655464,0.0004199026360368045,0.000488817822864507,0.997011095842813,0.0008405797249330466
5363,2,2,0.9978903588657756,0.00023828311763226674,0.9978903588657756,0.0004055834311849782,0.0002711010859259208,0.0006887041350694474,0.0005059693644117404
5364,2,2,0.9975091261043803,0.0003014572734162009,0.9975091261043803,0.0003191325535961142,0.000293585152905721,0.000867114638843679,0.0007095842768580688
5365,5,5,0.995989500722623,0.0005005093404029833,0.0007966817350617574,0.0004551345479024604,0.000518969143348129,0.995989500722623,0.0017392045106616768
5366,6,6,0.9945215932287859,0.001357545693270253,0.0014675671336483445,0.0008939023606477767,0.0004181760492418545,0.00134121553440591,0.9945215932287859
5368,3,3,0.9980605699530405,0.0003640283558063901,0.0004036948168926643,0.9980605699530405,0.0004456858304049429,0.00034522486261048384,0.0003807961812450768
5370,2,2,0.9977788184509306,0.0002773778356456267,0.9977788184509306,0.0003213177795982846,0.00026640513874969445,0.0007657924905255012,0.0005902883045502364
5373,5,5,0.9967632787445065,0.0004162547908626047,0.000698531313941939,0.0004511091906981264,0.00047249628708781325,0.9967632787445065,0.0011983296729029711
5375,1,1,0.9982553010830358,0.9982553010830358,0.0002337597807811086,0.0003619270241611676,0.0004941926397956756,0.0002592503995003963,0.0003955690727258477
5377,1,1,0.998374478137829,0.998374478137829,0.00018091436067141516,0.0002945100470176851,0.00039958040637921096,0.00029519561685891784,0.0004553214312438536
5378,5,5,0.9968921903094127,0.0004164901188957071,0.0007844701460527972,0.00046225534097307954,0.0004499266378031094,0.9968921903094127,0.000994667446862624
5379,5,5,0.9959953982199267,0.0005532565969460865,0.0007168081908665259,0.0005786423547493988,0.0005190989446793668,0.9959953982199267,0.0016367956928319475
5381,4,4,0.9979970141381737,0.0004862074701810814,0.0002998352435523323,0.0004747823523938196,0.9979970141381737,0.00039135885851392425,0.0003508019371851881
5382,5,5,0.9962575535960819,0.0003251698541137381,0.0017274872108161965,0.0005189360870150816,0.00039833729207238366,0.9962575535960819,0.0007725159599006444
5383,2,2,0.9977610796549168,0.00032733671170760177,0.9977610796549168,0.00047632982384350573,0.00035756485431493075,0.0004628777705479745,0.0006148111846692161
5384,2,2,0.9971222254705687,0.0005585568623518681,0.9971222254705687,0.0006390820291084084,0.0005010199935558491,0.0005433948162751554,0.0006357208281398203
5385,2,2,0.9977810670202227,0.0003139077646866221,0.9977810670202227,0.0005066159490224453,0.00034525905016895937,0.0004383032365610025,0.0006148469793382584
5386,1,1,0.9983343077276458,0.9983343077276458,0.00021067441285502116,0.00032052160687492584,0.00045163042875003337,0.0002461359154297001,0.00043672990844454725
5387,6,6,0.9947524076240456,0.001246164320725864,0.0013672178618719668,0.0009834636008217293,0.0003925847415654894,0.0012581618509693384,0.9947524076240456
5388,2,2,0.99759318207261,0.0003844521881897091,0.99759318207261,0.0005422350272059614,0.0003900348860472452,0.0004651681271884459,0.0006249276987585708
5389,1,1,0.9981788189557677,0.9981788189557677,0.00023798994749651097,0.00036495565261005376,0.00040275777319423884,0.00025302217747866755,0.0005624554934529591
5390,6,6,0.9946304457812245,0.0013518795465392293,0.001434650373848943,0.0009281036814589608,0.0003992377273816476,0.0012556828895467225,0.9946304457812245
5392,4,4,0.9980804863843481,0.00042688793960212905,0.00033503590195332173,0.0004568849955500427,0.9980804863843481,0.00034912407666764714,0.0003515807018787991
5393,1,1,0.9982063598453806,0.9982063598453806,0.00020820281866612008,0.00035797457642207267,0.0005309822644899829,0.00032507875025376907,0.000371401744787461
5394,5,5,0.9961172767006085,0.00037732537024479085,0.0007646018632250742,0.00046158424165875514,0.0005085715865079259,0.9961172767006085,0.0017706402377550051
5395,3,3,0.9979964247850694,0.0003645759117207695,0.0004059738660540851,0.9979964247850694,0.0004891231825041039,0.00040395903714556696,0.00033994321750607293
5396,5,5,0.996859041522171,0.000488375239637931,0.0006073501231050881,0.0006809085388153981,0.00043236727713867514,0.996859041522171,0.0009319572991319954
5397,6,6,0.9939286113216308,0.0013742189282097222,0.001658865117368401,0.0008342801511836492,0.00040948928928604913,0.0017945351923213913,0.9939286113216308
5399,5,5,0.9965417559731528,0.00040926389644561445,0.0006258788370352137,0.0009041102220748973,0.00048211255633186245,0.9965417559731528,0.0010368785149596957
5400,5,5,0.9968426928780438,0.0004579484004396743,0.0006381413817948423,0.0004930440675749397,0.0004441963173571226,0.9968426928780438,0.0011239769547895702
5402,1,1,0.9984091878955863,0.9984091878955863,0.00019218996292273517,0.00026068876576078125,0.00036119051815788693,0.00027973157619880814,0.0004970112813736133
5403,1,1,0.9982449873529116,0.9982449873529116,0.00021820459497529435,0.0003619465661794982,0.0005484449210283075,0.000256720229931086,0.00036969633497428624
5406,4,4,0.998002395176902,0.0004994457928447607,0.0003497062000663245,0.0004755369077386854,0.998002395176902,0.00037597534772084145,0.0002969405747273776
5407,1,1,0.9982765822196201,0.9982765822196201,0.00021248887949154883,0.000269463461049636,0.00040543814355080497,0.0003070948635007686,0.0005289324327872132
5408,5,5,0.9964763475456073,0.0004171273011260929,0.0011312205989924692,0.0003319279042351877,0.0004971682769233567,0.9964763475456073,0.0011462083731155275
5409,6,6,0.9943598890148849,0.0014507723658906443,0.0016207357052892362,0.0008697216211197245,0.0004167658536101149,0.0012821154392053823,0.9943598890148849
5410,5,5,0.9964335056682299,0.0004365935787325773,0.0007228675597914558,0.0004424246767375334,0.0005388337353596666,0.9964335056682299,0.0014257747811489566
5411,4,4,0.9980732551974398,0.0004466761467440347,0.000338850554766751,0.0004647113836558942,0.9980732551974398,0.00035494881527857583,0.0003215579021149943
5413,3,3,0.9978841117629191,0.0003323660696361587,0.0004167950026649826,0.9978841117629191,0.000570955230364073,0.00032706690230372684,0.000468705032111898
5415,1,1,0.9983620725658692,0.9983620725658692,0.00021547453416352944,0.00035289740119258926,0.0003916229851083754,0.000299952937912407,0.00037797957575397246
5416,6,6,0.9943300601076828,0.001562212728409879,0.0014631267574088292,0.0008508195850147462,0.000419463588837708,0.0013743172326460649,0.9943300601076828
5417,2,2,0.9971986960290996,0.0002261344041328825,0.9971986960290996,0.00026547696195193196,0.0002575636595932682,0.001475098419241359,0.0005770305259810666
5418,4,4,0.9980522653280821,0.00043775430503524955,0.00032482096255233913,0.00045343946562113717,0.9980522653280821,0.000384116846329772,0.00034760309237934293
5419,4,4,0.9980573879004857,0.0004421810808592632,0.00033102551054553167,0.0004774931687103728,0.9980573879004857,0.0003621600924369536,0.00032975224696215737
5420,3,3,0.9978640759184739,0.00041332198071284017,0.00040453576705495073,0.9978640759184739,0.000572663969503693,0.0004398594065185028,0.0003055429577360736
5421,1,1,0.99833738316666,0.99833738316666,0.00022661943606280542,0.00032671781387039157,0.00039360824504098825,0.00031479257903056833,0.00040087875933523924
5422,1,1,0.9982370489703849,0.9982370489703849,0.00023989339505412524,0.00034910706519206136,0.00046781003958458743,0.00030120495254109826,0.0004049355772432187
5423,1,1,0.9982845805599566,0.9982845805599566,0.00022832573408934187,0.00034181007438871145,0.0004495766758023515,0.00023375437005732023,0.00046195258570561645
5424,4,4,0.9980098974378186,0.000486174791081192,0.00037410112971473424,0.0004354772904856607,0.9980098974378186,0.00039263083854680983,0.00030171851235300575
5425,5,5,0.9965919176157515,0.0003970354414317471,0.0006719650646711711,0.0006986973983922367,0.0004555557934295677,0.9965919176157515,0.001184828686323811
5427,3,3,0.9979631828175975,0.0003452703506244117,0.00042063241984118633,0.9979631828175975,0.0005563858390350226,0.0003573003315446816,0.0003572282413571648
5428,2,2,0.9977454807361468,0.0003723986254447009,0.9977454807361468,0.00046470034934106857,0.00038352993867046446,0.00046174913354310297,0.0005721412168538811
5429,5,5,0.9964382725608472,0.0004502378031542541,0.0007414630438791695,0.001040871263157802,0.0003822172031991002,0.9964382725608472,0.0009469381257625512
5431,4,4,0.9979170281361311,0.0005205440849354797,0.00028321607703999394,0.0005949413941848941,0.9979170281361311,0.00036030569441887803,0.00032396461328961385
5432,3,3,0.9978772727287787,0.00029851199678495184,0.00043687543646559634,0.9978772727287787,0.0005184312017227434,0.00038488269933470366,0.0004840259369132867
5434,4,4,0.9980569710742244,0.00048050815177384137,0.00033169403501596826,0.0004148014508788341,0.9980569710742244,0.00037816345278385565,0.0003378618353231323
5437,1,1,0.9982087303623071,0.9982087303623071,0.000268675087563084,0.0003179451061395898,0.00044597398741099824,0.00030478371412958065,0.00045389174244968945
5439,5,5,0.9960893681303427,0.0005662170752170556,0.0006766576166832524,0.000491214755726102,0.0006261564157801852,0.9960893681303427,0.0015503860062507581
5440,3,3,0.9980249036599539,0.00029920634175087206,0.0004291624196287609,0.9980249036599539,0.000519203410415505,0.00035139870464413086,0.00037612546360681623
5441,2,2,0.9967446737107886,0.0002188581364824945,0.9967446737107886,0.00029117658884009927,0.0002386416406720131,0.0018983586540672922,0.0006082912691495021
5442,5,5,0.9963851686082906,0.0005518068604005507,0.000719128926380774,0.0005986956957495377,0.0005372577963093097,0.9963851686082906,0.0012079421128691774
5443,5,5,0.9913228484262463,0.004829004858070566,0.0011148461949387648,0.0006125383069228836,0.0004476808662600693,0.9913228484262463,0.001673081347561416
5446,1,1,0.9983501690162615,0.9983501690162615,0.00019977409613496541,0.00030376160480844827,0.0003706742522300535,0.0003752242869925972,0.0004003967435724723
5449,4,4,0.9980056128166451,0.0005052812248699839,0.0003520757043257922,0.0004602981732903933,0.9980056128166451,0.00037367735146275,0.0003030547294059354
5451,5,5,0.9961316651930727,0.000549634980441374,0.0010184503693955816,0.00039034436018523,0.00042331693394050173,0.9961316651930727,0.0014865881629645792
5452,3,3,0.997850689843632,0.00038468458988027613,0.0004919085926791388,0.997850689843632,0.0005332917330977607,0.0003844559211040568,0.00035496931960677384
5453,5,5,0.9964601336032632,0.00041618160064592666,0.0011137935729894019,0.00049974070553595,0.0004508128885769887,0.9964601336032632,0.001059337628988445
5454,1,1,0.9982620653612846,0.9982620653612846,0.00025618971644288596,0.00033442197357146726,0.0003817987875058011,0.0002870749037506085,0.00047844925744465943
5457,4,4,0.9980963046160282,0.00044508463003245676,0.0003349271668629184,0.0004429402891270394,0.9980963046160282,0.0003472446924587744,0.0003334986054907172
5458,4,4,0.9980701192126801,0.00044642176535531587,0.0003357187755359494,0.0004684250747385775,0.9980701192126801,0.0003474310293084366,0.00033188414238160803
5461,5,5,0.9931318668679103,0.0008357080357255206,0.004039669149068713,0.00039484353880381214,0.00020946206832960895,0.9931318668679103,0.0013884503401620464
5462,3,3,0.997612503385584,0.0003948238442165226,0.00046864115168996745,0.997612503385584,0.0006601463341258084,0.0003026041529437387,0.0005612811314399896
5466,1,1,0.9983965024279675,0.9983965024279675,0.0002036452591330203,0.0003387954650247525,0.00036729772062447523,0.0002725168431982608,0.0004212422840519753
5468,3,3,0.9979166044480076,0.0003920615460030884,0.0004363467822006381,0.9979166044480076,0.00038697244977693637,0.0005261652851594447,0.00034184948885232757
5469,5,5,0.9958634929240123,0.001098996438545472,0.0006979313717152436,0.0004294953780204432,0.0003892002785055936,0.9958634929240123,0.0015208836092009746
5470,4,4,0.9981005267299438,0.00042074290820248164,0.0003129738452597193,0.0004558126728278495,0.9981005267299438,0.00036084821777651073,0.0003490956259897398
5471,3,3,0.9980372709838604,0.0003744281392180993,0.0004211305026204077,0.9980372709838604,0.0004383384623878707,0.00034750043147534264,0.0003813314804379039
5472,1,1,0.9984030387152777,0.9984030387152777,0.00020490841949025846,0.0003034366024402146,0.00040321451845439654,0.0002740937123570688,0.000411308031980406
5473,2,2,0.9977802153897737,0.000312674754717324,0.9977802153897737,0.00043030621759478646,0.00035222855115170186,0.0004737446480764814,0.0006508304386861101
5474,6,6,0.9946081252125156,0.0013277276796403417,0.0013644419319056422,0.0008551653119729665,0.0004030748713459017,0.0014414649926195427,0.9946081252125156
5475,5,5,0.9923950304915143,0.0006599518734048314,0.0009422879543778129,0.0007353362066217248,0.0006155113144044867,0.9923950304915143,0.004651882159676768
5476,5,5,0.9965391249547307,0.00041455869008037006,0.0009614967362718593,0.0005280320231321381,0.00036512228293339,0.9965391249547307,0.0011916653128515341
5477,2,2,0.9973186669423278,0.0003101743082614009,0.9973186669423278,0.0008734424785419877,0.0004306275950475804,0.0004667168723411994,0.0006003718034799383
5478,2,2,0.9977262850781797,0.00034590351510240116,0.9977262850781797,0.0004209025163462279,0.00033162494271391055,0.00047442003803244414,0.0007008639096252748
5481,3,3,0.9979632951142823,0.00033710099045113653,0.00042226470523556997,0.9979632951142823,0.000546339076634803,0.00041292121163844273,0.00031807890175776255
5482,5,5,0.9965616309425583,0.0004290789264545301,0.0009392735498170309,0.0004431843022361904,0.0004319564222990815,0.9965616309425583,0.0011948758566347913
5483,3,3,0.9980599531655632,0.00035893440670951144,0.00043356553562328445,0.9980599531655632,0.0004320375262787558,0.0003706366497727119,0.0003448727160526776
5484,1,1,0.9983173727731565,0.9983173727731565,0.00022138203151772807,0.00036456574608677815,0.00048293703632289707,0.0002602782635560211,0.0003534641493600841
5488,4,4,0.9981115867116371,0.0004276069660001448,0.00033256930031433076,0.0004166497510821483,0.9981115867116371,0.0003782275978487936,0.0003333596731174502
5489,2,3,0.7591658169196136,0.0006231077078136183,0.23074556688368641,0.7591658169196136,0.000809095501914496,0.005546897136318684,0.0031095158506529194
5490,4,4,0.9980109288970797,0.0004642332184606887,0.00031845195773755975,0.00046436078054900513,0.9980109288970797,0.00036116491374616275,0.0003808602324269789
5491,5,5,0.9963589843916757,0.00048139705570907055,0.0007400692371007558,0.00042182939871401366,0.0008150841894949502,0.9963589843916757,0.0011826357273055212
5492,3,3,0.9980124082080863,0.0003433981857678491,0.0004129041272215407,0.9980124082080863,0.0005133979060174695,0.00036368701864083244,0.0003542045542660111
5494,4,4,0.9979431622436583,0.00040849358858638125,0.00033387255614586805,0.000616032433752256,0.9979431622436583,0.00037377513241924296,0.0003246640454379186
5499,1,1,0.998285017389897,0.998285017389897,0.00022051601745531042,0.0003117013034132405,0.00035378404619022943,0.00039768947459709714,0.0004312917684471399
5500,1,1,0.9981890873911331,0.9981890873911331,0.00026678045128792233,0.0003594595672449509,0.0004398063127123524,0.0003026704820887127,0.00044219579553292116
5502,1,1,0.9982864766366605,0.9982864766366605,0.00020435039236973382,0.00027467055336720126,0.0003216790570887163,0.00029668564963737014,0.000616137710876491
5503,6,6,0.9945874294643088,0.0014004737717719896,0.0014058412166435695,0.0009070107553896084,0.00045091909488417174,0.0012483256970018423,0.9945874294643088
5504,4,4,0.997988427303324,0.00044795330782585363,0.00036844240251767606,0.0004809005598686147,0.997988427303324,0.00038302528370810345,0.00033125114275567806
5505,3,3,0.9979130056063792,0.00036965673666162867,0.0004328925678877184,0.9979130056063792,0.0005656978630133894,0.0004034477039440019,0.0003152995221140183
5506,4,4,0.998086151844457,0.0004560937529618148,0.00032118324632830585,0.0004442950899340188,0.998086151844457,0.00037564201034182953,0.00031663405597704265
5507,1,1,0.9982785014659663,0.9982785014659663,0.0002301028279596904,0.0003198685399095955,0.0004219628396747845,0.0002803195435944387,0.0004692447828952016
5509,5,5,0.9966317416084833,0.0003978698567828121,0.0008804634618948032,0.0005740455474605125,0.00039488374574862405,0.9966317416084833,0.0011209957796299323
5511,2,2,0.9966174552059087,0.00022806336685477524,0.9966174552059087,0.00035672203999186384,0.0002477368884030965,0.0021106751433444125,0.0004393473554971832
5512,3,3,0.9980423204433125,0.0003367689233522508,0.00042548931046094176,0.9980423204433125,0.00045024965850354456,0.0004110088728675589,0.00033416279150313386
5513,5,5,0.996672642609023,0.0005113792785217757,0.0006593615480107633,0.0005576207254905949,0.000580992847865592,0.996672642609023,0.0010180029910882374
5514,1,1,0.9983943309015364,0.9983943309015364,0.00020785295480514834,0.00031674211561533465,0.0004376949599158122,0.0002668077995641472,0.0003765712685629725
5515,2,2,0.9977280402016906,0.0003370878952874942,0.9977280402016906,0.0005369700323597312,0.00037233531118550115,0.00046321705587911387,0.0005623495035975652
5516,6,6,0.9941167690519108,0.001585228811832889,0.0015195609087815345,0.0008534315154066674,0.00045203088025623473,0.0014729788318119043,0.9941167690519108
5517,5,5,0.9968793901017936,0.0004976357690776863,0.0007213626028152377,0.0005086850957609306,0.0004596443589991405,0.9968793901017936,0.0009332820715534245
5518,2,2,0.9977929526503081,0.0003320572410289625,0.9977929526503081,0.0004207081191975148,0.00036647511055857836,0.0005076005439414376,0.0005802063349655763
5519,4,4,0.9979142097356589,0.00039126853210349745,0.00031749169309740975,0.0006035308780363333,0.9979142097356589,0.00037786493821310985,0.0003956342228907701
5520,5,5,0.9964155019333947,0.00040615711142561736,0.0006703708245217422,0.0008419455313114047,0.00047656722307445453,0.9964155019333947,0.0011894573762720856
5523,1,1,0.9979044360583816,0.9979044360583816,0.0002445666800464182,0.00040762280404829334,0.0007097112046311355,0.00029259245970092755,0.00044107079319163944
5524,2,2,0.996991451647048,0.00033743931701508034,0.996991451647048,0.00032804078741680985,0.0002425295523581874,0.0015316509798868811,0.0005688877162750571
5526,1,1,0.9982771200134827,0.9982771200134827,0.00022238010997708443,0.00033080547555155293,0.0004108004427248435,0.00023430210184149922,0.0005245918564224488
5528,4,4,0.9979459975337457,0.0003872834333062918,0.000273409395959081,0.0005497461716982033,0.9979459975337457,0.00041732938485823944,0.0004262340804324938
5530,2,2,0.9971722687669701,0.00026180795259717055,0.9971722687669701,0.00026825922389504066,0.00026819016050725627,0.0014981281300936698,0.0005313457659368574
5532,1,1,0.9982344817253624,0.9982344817253624,0.00018848947619667055,0.000371548788318185,0.0005411700021363546,0.0003024563176529092,0.00036185369033352394
5533,5,5,0.9968120629518068,0.0005858077886193893,0.0006444730791856819,0.0004751668103453971,0.0005057430332218087,0.9968120629518068,0.0009767463368209736
5534,4,4,0.9980695979349112,0.0004626788494663494,0.0003378559240890526,0.000438721099777693,0.9980695979349112,0.00036338926786855995,0.000327756923887136
5535,5,5,0.996717314220438,0.0003567683304526231,0.0006586921782289634,0.0007394900609650731,0.00048144827202191274,0.996717314220438,0.001046286937893484
5536,5,5,0.9956689558420918,0.0014456595346550455,0.0008166197195316463,0.00042979783043461294,0.00045917733437255396,0.9956689558420918,0.0011797897389143593
5538,1,1,0.9983331276491721,0.9983331276491721,0.00020212282257913306,0.000291204566449309,0.00032891826930643743,0.0003333783438852963,0.0005112483486076888
5539,4,4,0.9980574505837447,0.00044263929563814834,0.00034677514646790596,0.00046076524902232394,0.9980574505837447,0.000362550790859523,0.00032981893426740607
5540,1,1,0.9984154639630394,0.9984154639630394,0.00020387804523306946,0.00031535447420571533,0.0003876295379616995,0.0002636909201359821,0.00041398305942424036
5541,1,1,0.9982483934403518,0.9982483934403518,0.0002449371810212148,0.0003469288125100128,0.00045384487000172476,0.00029164507149368255,0.00041425062462157404
5542,2,2,0.9978574459966079,0.000259468782574092,0.9978574459966079,0.0003990451148774923,0.00028455087247675334,0.0006458726480065522,0.0005536165854572008
5543,4,4,0.9980442878328623,0.00042611917946095925,0.00034601178550319685,0.00046303037568277966,0.9980442878328623,0.0003666917166953177,0.00035385910979553924
5545,3,3,0.9979313425524183,0.0003641289299769917,0.00044867543945875855,0.9979313425524183,0.000534955751399929,0.0003997099918600342,0.00032118733488598755
5548,5,5,0.9929279280737342,0.00033225644540429446,0.0052301420563317155,0.00031482287332074485,0.0003413826204605201,0.9929279280737342,0.0008534679307485455
5549,1,1,0.9984025247412672,0.9984025247412672,0.00019658238251266588,0.00031072169528526905,0.00044728907707091385,0.00023884190560825532,0.000404040198255722
5550,3,3,0.998032434703622,0.0003293410930619177,0.00038182946269667083,0.998032434703622,0.0005155720440255791,0.00035376807871598476,0.0003870546178779255
5551,6,6,0.9945575391355675,0.0014631363442171388,0.0014102018296320946,0.0008589555266296868,0.00041954855460521766,0.001290618609348278,0.9945575391355675
5553,2,2,0.9977880121015064,0.000329296870766598,0.9977880121015064,0.0004729486836136551,0.0003577686225347664,0.0005684256563756907,0.00048354806520296454
5554,6,6,0.993385115282416,0.0015391234451174968,0.0016103270125736664,0.0008701112055176002,0.0003998728559728383,0.002195450198402407,0.993385115282416
5556,6,6,0.994299756032226,0.0015322767224886964,0.0014944772500763504,0.0008464718589364203,0.0004635921733518019,0.0013634259629208014,0.994299756032226
5557,1,1,0.9979898146316198,0.9979898146316198,0.00029972244990022215,0.0004265504568765855,0.0005325474886382154,0.00027854121015527143,0.0004728237628100204
5558,4,4,0.9980337529747129,0.00041579757869145015,0.00034536692500822605,0.0005296277449530103,0.9980337529747129,0.00034741007197349713,0.0003280447046609598
5560,5,5,0.9966816533240994,0.0003456285127504707,0.0009207315952788584,0.0005565068694921466,0.0004419722345792764,0.9966816533240994,0.0010535074637997995
5561,1,1,0.9983481650281337,0.9983481650281337,0.00021531786401290923,0.00030714472083135,0.00039696396646394334,0.0002258544248666441,0.0005065539956914203
5562,2,2,0.9976818106113571,0.0003012734745958239,0.9976818106113571,0.0003451111515619266,0.000344536118037304,0.0008356550277692966,0.0004916136166786235
5563,1,1,0.9983480098914188,0.9983480098914188,0.00022172352134989325,0.0003049053157836498,0.00040596084742725827,0.000270314136424083,0.0004490862875962714
5564,3,3,0.9979790958344311,0.0003320719959653935,0.00039015710014334845,0.9979790958344311,0.0005026849641492938,0.000320254502126595,0.0004757356031842953
5565,3,3,0.9979929086050967,0.0003365613819629773,0.00048733955464632555,0.9979929086050967,0.000454934101071998,0.0003602950880463663,0.00036796126917562616
5567,3,3,0.9977888992150556,0.0004187110724383231,0.0005591302140233496,0.9977888992150556,0.0005774727866268644,0.0002977040983225489,0.0003580826135333168
5570,2,2,0.9977869606200175,0.0002801053817448449,0.9977869606200175,0.00048134322767135287,0.00034843439185368026,0.0005713255741240434,0.0005318308045885687
5574,3,3,0.9979795488461664,0.00034675980088877276,0.0004165354255632918,0.9979795488461664,0.0004846273352919553,0.0004514467246937703,0.00032108186739582376
5575,3,3,0.9980405359655151,0.00031759185714524296,0.00040391005691948264,0.9980405359655151,0.000489003451191629,0.00031967796133636184,0.00042928070789216425
5578,3,3,0.9978633911855018,0.00044454729054265254,0.00038433926280792433,0.9978633911855018,0.0005213482857823068,0.00044151493322536396,0.000344859042139906
5579,5,5,0.9961806752006169,0.0006133183038774719,0.0006886098566960704,0.00040971593423886477,0.0005869699071009978,0.9961806752006169,0.001520710797469663
5580,1,1,0.998311124562088,0.998311124562088,0.0002309391594469092,0.00032557332457955557,0.0004282867292254654,0.0002455817797108309,0.00045849444494918345
5581,3,3,0.998025739141573,0.000317459361644363,0.00037789474398758555,0.998025739141573,0.0004925968065109377,0.0004033320729705608,0.00038297787331359814
5582,3,3,0.997970235649857,0.0003972470580597866,0.0004350529947517805,0.997970235649857,0.0005034932181337711,0.000365416894890251,0.00032855418430741693
5583,4,4,0.9980448477442545,0.00043835598010605895,0.0003388985753614161,0.0004891947027038081,0.9980448477442545,0.0003631982103062531,0.000325504787267987
5584,2,2,0.9976891566533764,0.00038095117817155914,0.9976891566533764,0.0005110449974769664,0.00037394079364604793,0.00044126528155225616,0.0006036410957765283
5585,5,5,0.9966006036804971,0.00045357646168452,0.0009471890270817854,0.0006937132230473837,0.00047238987685168537,0.9966006036804971,0.0008325277308375758
5586,6,6,0.9943655267992683,0.0015705660188255646,0.0014690001745013789,0.0008619577456859218,0.0004284881671480212,0.0013044610945708414,0.9943655267992683
5588,5,5,0.9939270017944164,0.0002781975614268984,0.003507258392463094,0.0003983274852232837,0.00029592973845455446,0.9939270017944164,0.001593285028015762
5589,3,3,0.9979667773653464,0.0003383490876362864,0.00040637705108432864,0.9979667773653464,0.000581594423286858,0.00036964827857727354,0.0003372537940687962
5590,1,1,0.9981133064044166,0.9981133064044166,0.0002495667504060319,0.00030743668540469515,0.00044903015512150283,0.000308568445960587,0.0005720915586905493
5591,1,1,0.9984326598334448,0.9984326598334448,0.00020655828830401073,0.00030889125241009895,0.0003522357892718755,0.00027405815956205724,0.00042559667700727363
5592,4,4,0.9980081278589253,0.0004566406132109258,0.0003496086932997722,0.000441660901735187,0.9980081278589253,0.00038964284307799543,0.00035431908975075687
5593,6,6,0.9943053122283811,0.0014508726302210643,0.001396199105669896,0.001186869223118522,0.00038818368905239707,0.0012725631235570216,0.9943053122283811
5594,5,5,0.9968680449894306,0.00044576423204191164,0.001068320687730612,0.0003839528128294391,0.0003733352688562015,0.9968680449894306,0.0008605820091112583
5595,5,5,0.9943974797783767,0.0013426733810539134,0.0015303060010574394,0.00033127142605191966,0.0003178371275740819,0.9943974797783767,0.002080432285886025
5596,1,1,0.99837215440447,0.99837215440447,0.00020424459305791015,0.0003124898910538282,0.000410759837631441,0.0002727962285011101,0.00042755504528576725
5597,2,2,0.9976581871647018,0.00037924254723010315,0.9976581871647018,0.0005264545608337512,0.00040231586153036076,0.00044662580549962845,0.0005871740602043476
5598,4,4,0.9980528137369474,0.0004328924958712192,0.000332873354924915,0.00046736341704243974,0.9980528137369474,0.0003451834876663552,0.00036887350754770864
5599,3,3,0.9979531156971267,0.0003295744438298921,0.00043477158394891453,0.9979531156971267,0.0004255600464472445,0.000543647477556808,0.00031333075109019813
5601,3,3,0.9980513638223658,0.00034273596018536084,0.00041468916212570824,0.9980513638223658,0.00044020510346370634,0.0003883033072273041,0.0003627026446322186
5602,1,1,0.9980351148179663,0.9980351148179663,0.00025691309827962115,0.00047374434377215274,0.0005956758287935993,0.000272924221069585,0.0003656276901188416
5603,3,3,0.9979992971003778,0.00033626852484312905,0.0004143107990725106,0.9979992971003778,0.0005257857508411727,0.0003961248041082454,0.0003282130207571584
5608,2,2,0.9970453688547132,0.0005156393321681073,0.9970453688547132,0.0005562639151620452,0.0005155761768540715,0.0005152286771077179,0.0008519230439948902
5610,5,5,0.9966208129334131,0.0006103382566239713,0.0007653028302636426,0.00046178388920257345,0.0004435302861740892,0.9966208129334131,0.001098231804322655
5613,4,4,0.9979937050137254,0.0004720956773101147,0.00036580869249043204,0.00047025066908702696,0.9979937050137254,0.00040484324456074004,0.00029329670282633746
5614,2,2,0.9977587584595229,0.00032486542878157175,0.9977587584595229,0.0004930653437349161,0.00037866874948829497,0.0004557861304275377,0.0005888558880447788
5615,5,5,0.9967160693541555,0.0005543984768833673,0.000689857763922038,0.0004905325120958707,0.0004937441777613137,0.9967160693541555,0.0010553977151819883
5616,5,5,0.9966906613996801,0.0004993705231707549,0.0006659349513908859,0.00048541800090386297,0.0005255898155852598,0.9966906613996801,0.0011330253092691302
5617,1,1,0.9982862636530017,0.9982862636530017,0.00022583590230763155,0.0003699481162964772,0.0004813368500356532,0.00024379986682008327,0.00039281561153848
5618,1,1,0.9982187537719294,0.9982187537719294,0.00022274172212349388,0.00034900048815973125,0.0003874247635976669,0.0002455080197552059,0.0005765712344345694
5620,1,1,0.9982613157898217,0.9982613157898217,0.00024782008741116294,0.00036611360091435706,0.0004574912505706623,0.0002746115323775047,0.00039264773890457764
5622,4,4,0.9980379446141111,0.0004564700676920897,0.00030867702278150226,0.0005276408416111809,0.9980379446141111,0.0003485481382509277,0.0003207193155531828
5624,2,2,0.9965232633324577,0.0006987095709919041,0.9965232633324577,0.0009690367755126461,0.0006254417835963093,0.0004598339447945778,0.000723714592646858
5625,3,3,0.9979852779041725,0.0003697824407292486,0.00042319398955563116,0.9979852779041725,0.00045400743459346173,0.00044111260525940647,0.0003266256256898317
5626,3,3,0.9980164423817214,0.00034443257049032456,0.0004184286873759676,0.9980164423817214,0.0005224151981547608,0.0003692379128193976,0.00032904324943815313
5627,5,5,0.9962434920607947,0.00038676692064228314,0.0007094037827257877,0.0005234204079685818,0.0006085574370484129,0.9962434920607947,0.0015283593908202696
5629,4,4,0.9980053956305475,0.0004928491276610068,0.0003619787552531227,0.00045691247646217073,0.9980053956305475,0.0003767197572682743,0.00030614425280792385
5631,5,5,0.9960669327245996,0.00037560403260019314,0.0008420239438004427,0.0009353818090204261,0.00040002121368772075,0.9960669327245996,0.0013800362762916903
5632,1,1,0.9983832859289845,0.9983832859289845,0.000179026778780834,0.00029545140020197195,0.0004093487908012995,0.00030737235686511877,0.0004255147443663499
5634,2,2,0.9976674620225927,0.00035346251801653036,0.9976674620225927,0.0004186683094562323,0.0003130266758061473,0.0004673817173619266,0.0007799987567664724
5636,2,2,0.9975566725808522,0.00034699968119410456,0.9975566725808522,0.0005881221189304282,0.00044680720375356466,0.00040034907442945813,0.0006610493408402285
5637,4,4,0.9980020992827041,0.00045996287116514665,0.0003754725125539776,0.00045902683389364984,0.9980020992827041,0.00039739214687832417,0.00030604635280485985
5638,4,4,0.9980785186194026,0.0004033884248405467,0.0003369926887301443,0.00045143375831317907,0.9980785186194026,0.00036796388080616896,0.00036170262790738514
5639,1,1,0.9983159263569511,0.9983159263569511,0.00023563197370044613,0.0003236953330729751,0.00037285362336977255,0.0002449280863569561,0.0005069646265485463
5642,4,4,0.9981008550768486,0.0003916303366258233,0.00030159324976670613,0.0004801096992943448,0.9981008550768486,0.0003807875890574287,0.00034502404840699937
5643,5,5,0.9961150355844061,0.0006412889769786613,0.0007569646035534974,0.0004624196752561319,0.00048584488428934404,0.9961150355844061,0.001538446275516328
5644,4,4,0.9979740181075929,0.000487884176690892,0.00038506284253790086,0.0004589620403004013,0.9979740181075929,0.0003993637668997053,0.00029470906597819577
5648,1,1,0.9984129911802165,0.9984129911802165,0.00021265091138617548,0.000309791452620688,0.00037359127059977777,0.00026223669470847174,0.00042873849046834043
5649,5,5,0.9937605759761825,0.0010660237586574796,0.001831101009312481,0.00045904676948813,0.00037646407425887365,0.9937605759761825,0.0025067884121005137
5652,3,3,0.9979966834419088,0.000371021064480563,0.0004350721960131225,0.9979966834419088,0.0005075125071384902,0.000371221764506485,0.0003184890259526048
5653,5,5,0.9969659050892673,0.0004376464406840065,0.000721183080946876,0.00048325403839697014,0.0005186408356994661,0.9969659050892673,0.0008733705150053307
5656,2,2,0.9977721178692035,0.0003039994287625429,0.9977721178692035,0.00044611932323530357,0.0003152871465821209,0.0007042804481891074,0.00045819578402723994
5658,1,1,0.9982719079743431,0.9982719079743431,0.00020632601549164874,0.0003615678314609517,0.0005486522307521919,0.00024306368772134863,0.0003684822602308748
5659,1,1,0.9983672332728174,0.9983672332728174,0.00022045279542653212,0.00029269745084006913,0.00038070379469094546,0.000268493628995214,0.0004704190572300069
5660,3,3,0.9977506011603672,0.0002925593350681477,0.0004008678453922945,0.9977506011603672,0.0005903050892473855,0.000520360201295076,0.0004453063686299712
5661,4,4,0.9980623958529563,0.0004672816820451204,0.0003036311498786927,0.0004605931264831423,0.9980623958529563,0.00034147695925415507,0.000364621229382594
5662,4,4,0.9980890270740935,0.0004478972166168675,0.0003390679524538606,0.0004529573832618188,0.9980890270740935,0.0003394851849721334,0.0003315651886018025
5664,5,5,0.9917968858828434,0.004383259140684407,0.0014469108352389225,0.0004298216813789763,0.00034827580148632956,0.9917968858828434,0.0015948466583679119
5665,1,1,0.998257924365825,0.998257924365825,0.00024273273903900253,0.00036540477201835967,0.00045581411403527083,0.0002695054574502177,0.00040861855163223227
5667,5,5,0.9968259385334252,0.00036020958397527797,0.0012528009310842074,0.0003992998119757239,0.0003588536947150539,0.9968259385334252,0.0008028974448245442
5668,2,2,0.9972444059029224,0.00029439025896410326,0.9972444059029224,0.0007518138780517527,0.0004643841488892032,0.0008142745354474441,0.00043073127572517246
5669,4,4,0.997945840915719,0.0004681668923037302,0.00030820496483095576,0.0004430323587660768,0.997945840915719,0.0004236696968602452,0.0004110851715200305
5671,5,5,0.9967808037003544,0.00056666493729272,0.0008149025210987047,0.00043698320985020064,0.00040334194499955657,0.9967808037003544,0.0009973036864044937
5672,3,3,0.9978345292065754,0.00033134446978752774,0.00037744490930785894,0.9978345292065754,0.000551237331385749,0.00035096580712269963,0.000554478275820755
5674,5,5,0.9961134884721603,0.00043675857138181565,0.0013903535899335657,0.0006690641411068726,0.00029522787337409295,0.9961134884721603,0.0010951073520433813
5676,2,2,0.9977134327373054,0.0003500803965336402,0.9977134327373054,0.0005129378334041602,0.0003452471816845892,0.00043898086849853703,0.0006393209825736869
5677,3,3,0.9980197328968077,0.0003492714736001379,0.0004196451494773055,0.9980197328968077,0.0005016828843415522,0.00037332145390832106,0.0003363461418650187
5678,5,5,0.9917162066510158,0.0011868970475548979,0.0037317860427613985,0.0003521892069560646,0.0003788597825791569,0.9917162066510158,0.002634061269132689
5680,5,5,0.9962740346334121,0.0005187863344046596,0.0005975494518702483,0.0005438133013005495,0.0006866443713570799,0.9962740346334121,0.0013791719076553203
5681,1,1,0.9984033095182923,0.9984033095182923,0.00020299611518905146,0.00031178373686450484,0.0004082743200652428,0.000276265390995567,0.00039737091859339284
5683,6,6,0.9945747898060019,0.0014034293190850246,0.0014287117003037259,0.0009918140758733097,0.00042788527404208067,0.0011733698246940165,0.9945747898060019
5684,6,6,0.9946523746453794,0.0013719297494260369,0.0014196311596158704,0.0009349032622007629,0.0003993649379567761,0.0012217962454212088,0.9946523746453794
5685,2,2,0.9978455573974927,0.0003371399922829577,0.9978455573974927,0.0003355411735047415,0.0002977933924795014,0.0006172712321187939,0.0005666968121213966
5686,5,5,0.9969681481433981,0.0004896071902640378,0.0007248536701411841,0.0004865833897779074,0.00044742282043797174,0.9969681481433981,0.0008833847859808622
5688,1,1,0.9981252224944558,0.9981252224944558,0.00025487434351177706,0.000342514919496519,0.00036233483348391423,0.0005367026780705982,0.0003783507309814312
5690,5,5,0.996872281603004,0.0005063140595067096,0.0007232817844766312,0.0003507181660730487,0.0005007158211045861,0.996872281603004,0.0010466885658349688
5691,6,6,0.9946866389799527,0.0013402348163202235,0.0013982598236607744,0.000963513366276758,0.0003934305417805148,0.0012179224720090017,0.9946866389799527
5692,2,2,0.9977531196554879,0.00028204485276863935,0.9977531196554879,0.00034155919050245654,0.000294682609523212,0.0008322105577179659,0.000496383133999838
5693,2,2,0.9977339681916378,0.00032951900638533634,0.9977339681916378,0.0005095140722318537,0.0003421714297262951,0.0004907989141707018,0.0005940283858479423
5695,5,5,0.9927578467928021,0.0003057926521995803,0.002526497361626912,0.0005827470740597705,0.00041910815980432365,0.9927578467928021,0.0034080079595073375
5696,3,3,0.9978523037165427,0.0003070489844053332,0.00038661239409161296,0.9978523037165427,0.0005664607037408102,0.00034635670427597324,0.0005412174969436984
5697,4,4,0.9979956199432274,0.00045606674619284886,0.0003556345490639178,0.0004337815938559032,0.9979956199432274,0.000407849236779566,0.0003510479308803958
5699,4,4,0.9980746620931057,0.0004638891021289382,0.0002935345725412039,0.000493271747614955,0.9980746620931057,0.00036125202724035743,0.0003133904573688714
5700,6,6,0.9942453891355784,0.0015213373710457258,0.00144698266926445,0.0008847416956429914,0.00042194234455827223,0.0014796067839102207,0.9942453891355784
5702,1,1,0.998279105269838,0.998279105269838,0.00020689810987718684,0.00039281541116961867,0.00045509863507833803,0.00025771439399134246,0.000408368180045528
5703,3,3,0.998004700184056,0.000369062285281496,0.00040982953259900365,0.998004700184056,0.00044809414162162936,0.0003961341435721098,0.00037217971286979676
5704,5,5,0.9966167766943894,0.0003908723982398022,0.0008668964238514366,0.0005195587812886568,0.0003953359939571827,0.9966167766943894,0.00121055970827354
5705,3,3,0.9979212005059067,0.0003097785539761307,0.00038237811089187023,0.9979212005059067,0.0005565237464381484,0.000350304761218482,0.0004798143215686854
5706,3,3,0.9979505815210405,0.00039811757048803135,0.0004082950923611382,0.9979505815210405,0.000428294778348862,0.0004681199930084371,0.00034659104475295345
5708,5,5,0.9966352015252194,0.00046370274502967714,0.0007100601078386417,0.0004533737949524628,0.0006450215410053044,0.9966352015252194,0.0010926402859544747
5709,1,1,0.9982786214470226,0.9982786214470226,0.00022193552365669275,0.000376306330042246,0.0004609172481846553,0.00028449457124617996,0.0003777248798476364
5710,5,5,0.9965361726813763,0.00042891111071485143,0.0006528158216094886,0.0007421227331200093,0.00047889531156602365,0.9965361726813763,0.0011610823416133955
5711,5,5,0.9966751956352249,0.0005184733048937197,0.0008804530918064804,0.0004069434906363124,0.0004084470237149623,0.9966751956352249,0.0011104874537236382
5712,4,4,0.998090420200481,0.00044575271325219634,0.0003240518188174461,0.0004416880723956563,0.998090420200481,0.0003776151763938171,0.00032047201865995447
5714,3,3,0.998025516233761,0.00034063934470448577,0.0003776042936385667,0.998025516233761,0.0005170683038470235,0.00032527566574957193,0.00041389615829936767
5716,2,2,0.9974421146623544,0.0002486631536313431,0.9974421146623544,0.0002947028808446731,0.0002883459349588266,0.0012303922414966832,0.0004957811267140656
5718,1,1,0.9982599136777774,0.9982599136777774,0.00016148437560192295,0.0003058204820359403,0.0004999559380417309,0.00040813040690694334,0.00036469511963600163
5719,5,5,0.9968936473212684,0.0005196969156831265,0.0008364756965939013,0.000398198376672064,0.0004157654778922397,0.9968936473212684,0.0009362162118902857
5720,2,2,0.9978147462289191,0.0002850025453471745,0.9978147462289191,0.0004926394188792335,0.000364006209993486,0.000545612178635543,0.0004979934182255935
5721,6,6,0.9944742831943931,0.0014306177187463158,0.0013855526468641987,0.0008396403130448375,0.0003993503837745921,0.001470555743176933,0.9944742831943931
5722,2,2,0.9975128356726225,0.000346475054343443,0.9975128356726225,0.000623745214920476,0.0004803565768124723,0.00044459501165241405,0.0005919924696486925
5723,4,4,0.9980211435732828,0.00043055588311104957,0.00031002209048610116,0.0004622459931368063,0.9980211435732828,0.0004059926310517397,0.00037003982893135727
5727,3,3,0.9980691544734802,0.0003440792368501439,0.0003991453746863096,0.9980691544734802,0.0004652331627386387,0.0003756793043313594,0.00034670844791343127
5728,3,3,0.9978383683527112,0.00042114895757992154,0.0004225864538741438,0.9978383683527112,0.0006312958574743817,0.00036780728619531836,0.00031879309216502767
5729,2,2,0.997580976631124,0.00022515890897874981,0.997580976631124,0.0004132060942785945,0.0003409418587576883,0.0009360244417779727,0.0005036920650830012
5730,5,5,0.9965845942781867,0.00040431538454933414,0.0007683552562881496,0.0005253788281749838,0.00048637835425306973,0.9965845942781867,0.0012309778985477333
5731,5,5,0.9967653705828077,0.0005246018384827042,0.0007532059064177643,0.000442338494192601,0.0005537384397193983,0.9967653705828077,0.0009607447383798158
5734,3,3,0.9980408884811163,0.00034781516221972085,0.0004360258670686662,0.9980408884811163,0.00046192309347065156,0.0003593188285702134,0.00035402856755448024
5736,4,4,0.9980367172293996,0.0004709625663639564,0.00035384179272745435,0.0004731008248617926,0.9980367172293996,0.0003337965579088049,0.0003315810287384254
5737,3,3,0.9979731456901851,0.00030129827152543574,0.00040528452837048767,0.9979731456901851,0.00048603312556334734,0.00047931084001174077,0.0003549275443439052
5739,5,5,0.9968776849396304,0.0005825711499840963,0.0008340323815700353,0.00042749886680065334,0.0004194202545275688,0.9968776849396304,0.0008587924074873494
5740,5,5,0.9963151095177868,0.0011565114004418368,0.0006550417857776227,0.0004572658470344117,0.00042988834135630874,0.9963151095177868,0.000986183107603079
5741,3,3,0.9974486071560639,0.0004268549314111028,0.0007244108011982531,0.9974486071560639,0.0006353641990944441,0.0003828715646131574,0.0003818913476191221
5743,4,4,0.9980834032085851,0.00042401655030776115,0.0003254338680424346,0.00047197468855593726,0.9980834032085851,0.0003478059545351682,0.000347365729973553
5744,1,1,0.9983427180984211,0.9983427180984211,0.00020040421115182161,0.0003147996795523614,0.0004568455467169446,0.00031911275066229196,0.0003661197134952363
5745,1,1,0.9983446384493929,0.9983446384493929,0.00019757929417477045,0.0003150462512986562,0.00047333953704497086,0.00030143168342904286,0.000367964784659733
5746,5,5,0.9967805650786922,0.0005870831379194373,0.0006431977123892642,0.00045806072871181603,0.0005196432147087942,0.9967805650786922,0.0010114501275784982
5747,2,2,0.9973814748015933,0.0002548661651121817,0.9973814748015933,0.0003598246275750709,0.0002781681489686658,0.0012022423193503952,0.0005234239374003384
5749,2,2,0.9978655218220664,0.0002540538904669253,0.9978655218220664,0.0003717665183388457,0.00030171054085947175,0.0006876346469648747,0.0005193125813034623
5750,2,2,0.9978380807098091,0.00029022973660738016,0.9978380807098091,0.00031432115700440254,0.0003138122765892632,0.0006349815931911889,0.00060857452679871
5755,6,6,0.994107687157454,0.0017070044376702707,0.0014627429824310674,0.000832237796921966,0.00044662460111602914,0.001443703024406636,0.994107687157454
5757,5,5,0.9970120391790496,0.0005196828383073781,0.0007842730422605643,0.00038380450175682507,0.00038905151503991644,0.9970120391790496,0.0009111489235857955
5759,3,3,0.9979716090593606,0.0003956245549658095,0.0004026334268313119,0.9979716090593606,0.0005157247727466881,0.0003746839120857401,0.00033972427400993786
5760,1,1,0.9984388060071241,0.9984388060071241,0.00020314955947112507,0.0002908174153685704,0.00035332091998009087,0.0002945689283327526,0.0004193371697234404
5762,3,3,0.9979790352465352,0.00036935240842560614,0.00040964747380322004,0.9979790352465352,0.00046019223816813647,0.00045266738511820693,0.0003291052479495988
5765,5,5,0.9956223701004305,0.0011628453309468342,0.0006031016438430404,0.0004391356343312821,0.0005626880635217301,0.9956223701004305,0.0016098592269265946
5766,4,4,0.9980371647294018,0.0004973921485514546,0.0002882149143975436,0.0004629560014075248,0.9980371647294018,0.00036619600917467827,0.00034807619706698074
5767,5,5,0.9960722763546561,0.0010065326771407997,0.0007114008653448581,0.0005106510861844073,0.0004848881139427729,0.9960722763546561,0.0012142509027310807
5768,1,1,0.9983301201239514,0.9983301201239514,0.00021296426610537914,0.00033675648549909716,0.0004549307339349972,0.00024227639453985162,0.00042295199596925983
5769,3,3,0.9980788107475949,0.0002924828754052432,0.00039998681958390835,0.9980788107475949,0.0004511533089620359,0.00042639162183898664,0.00035117462661499887
5770,2,2,0.9967049684384263,0.0005828278680118892,0.9967049684384263,0.000714233505867407,0.0004255917986167534,0.0006901418824230181,0.0008822365066546583
5772,2,2,0.9971813914407471,0.0004052852357041548,0.9971813914407471,0.0005873488702320346,0.00026627460549136754,0.0008526362738181854,0.0007070635740071935
5773,2,2,0.9978533141203877,0.00031920827254742015,0.9978533141203877,0.00039353444784286903,0.00033866668565749763,0.0005510608762634056,0.0005442155973010636
5775,1,1,0.9984213667482811,0.9984213667482811,0.0001989464473180838,0.0002926753239500345,0.0004183598152939413,0.00024731813671721346,0.00042133352843960276
5777,2,2,0.9977238845251292,0.0003224887115319459,0.9977238845251292,0.000518268730926922,0.0003858753337447804,0.0004350677866082195,0.0006144149120589725
5779,1,1,0.9983785772548224,0.9983785772548224,0.00020473773757035855,0.00034016889783022706,0.0004321649364802091,0.0002780150521059803,0.00036633612119090235
5780,5,5,0.9960699740641029,0.00044739074706351845,0.0006736834630124561,0.000709896372116181,0.000502744024364508,0.9960699740641029,0.0015963113293404447
5783,2,2,0.9977453904779529,0.0003260492120687805,0.9977453904779529,0.00039589392705150297,0.0003176778440192472,0.000685075859843045,0.0005299126790645381
5784,3,3,0.998018240023185,0.00029403488586779794,0.0003941328807326146,0.998018240023185,0.0004625709729120581,0.0004521814295655763,0.0003788398077370507
5785,5,5,0.9969079949805636,0.00038246556693059976,0.0006587701407405688,0.0004865164450614109,0.0004838966929036572,0.9969079949805636,0.0010803561738001665
5786,1,1,0.9983190683654094,0.9983190683654094,0.0002286829482940183,0.0003447853134961677,0.00047072732094536343,0.0002511995509464085,0.0003855365009086401
5787,5,5,0.9954089718490104,0.0007715863909794713,0.0008537763083006304,0.0004733628395614984,0.0005569020395930473,0.9954089718490104,0.0019354005725549708
5789,6,6,0.9942881136227139,0.0015709635980714041,0.0015175177912489682,0.0008708240642079578,0.00044817289718413926,0.001304408026573728,0.9942881136227139
5790,2,2,0.9975566618106534,0.0003168607867444782,0.9975566618106534,0.0006876225064503884,0.0003762413305615655,0.0005807320560596403,0.00048188150953054317
5791,6,6,0.9946013270761201,0.001425978202007871,0.001431403737853444,0.000849753233257989,0.00042429416169455903,0.0012672435890659986,0.9946013270761201
5793,2,2,0.9976799145370268,0.0002838381648282292,0.9976799145370268,0.0003670827664091897,0.0002756216886021163,0.0007468745923063964,0.0006466682508273967
5794,6,6,0.9947414087840941,0.001281932887672678,0.001379300447919811,0.0009308071749452126,0.0004163315622628598,0.001250219143105353,0.9947414087840941
5795,5,5,0.9965520638928207,0.0005683735100892912,0.0006584366480723866,0.000686977841966291,0.00043261252915464005,0.9965520638928207,0.0011015355778966852
5796,6,6,0.9943588189963275,0.0013583393047618398,0.0015746302375195303,0.0008643180319411769,0.0004071898507587881,0.0014367035786912194,0.9943588189963275
5797,3,3,0.9980582962910153,0.00033595485159933767,0.0003697997886394926,0.9980582962910153,0.0004849355494542058,0.00034832761945632646,0.00040268589983537
5800,3,3,0.9980256415137391,0.00031900012527155745,0.000382959342455431,0.9980256415137391,0.000497500055825366,0.00035611312561390716,0.0004187858370946179
5803,5,5,0.9965840170265636,0.0003605914527736397,0.0011197220018287274,0.00040227113896227555,0.0003890132080964894,0.9965840170265636,0.0011443851717752843
5805,2,2,0.9978283598311242,0.00026294314238248034,0.9978283598311242,0.0004111718289624593,0.0003557618513856686,0.0006765991583312731,0.0004651641878139429
5806,5,5,0.9964328084794932,0.0005001121453855133,0.0006640597893919389,0.00047995087373867346,0.0005696303134159097,0.9964328084794932,0.0013534383985747145
5807,1,1,0.9983043258093097,0.9983043258093097,0.00019513159418531195,0.00031765215250956615,0.0005136113432823691,0.00032521920722685565,0.0003440598934863431
5811,6,6,0.9943476181272471,0.00148877499420936,0.0014797405832844013,0.0008503190938615528,0.0004248889977266066,0.0014086582036709307,0.9943476181272471
5812,1,1,0.9981212879690937,0.9981212879690937,0.0002873929820262835,0.0003235982623243352,0.0003159475058362602,0.00030185840018891,0.0006499148805304831
5813,2,2,0.9972978002524966,0.0002176101647270344,0.9972978002524966,0.0003310042298309599,0.0002787856145700698,0.001352166143487421,0.0005226335948879445
5819,3,3,0.9978142382315623,0.00031615137852028535,0.0005440040584525663,0.9978142382315623,0.0005877084683598959,0.00036169791548670946,0.0003761999476182826
5821,2,2,0.9976798130536674,0.00035171666303637354,0.9976798130536674,0.00048613917085296677,0.00032716900707431014,0.0006268927515973904,0.0005282693537715662
5822,4,4,0.9979386228220967,0.0004949472158592866,0.0003844309439500182,0.0005042480438346514,0.9979386228220967,0.0004021826806977946,0.0002755682935616003
5824,1,1,0.9982240089602835,0.9982240089602835,0.00020998462717366942,0.00038792739064725563,0.0005641121808123283,0.00028600096929732883,0.00032796587178585335
5825,3,3,0.9977271823613374,0.0004943695221848602,0.0004369328236358176,0.9977271823613374,0.0006504818815258783,0.000387662223085966,0.0003033711882301453
5826,2,2,0.9978522950331868,0.0002458561718984445,0.9978522950331868,0.0003987254045942828,0.00030270747616494985,0.0006880716327458213,0.0005123442814096208
5827,2,2,0.9978414551817829,0.00031472745616890327,0.9978414551817829,0.00044370056950603326,0.00034314408974318243,0.0004987691548271389,0.0005582035479717844
5828,4,4,0.9979504882020874,0.00037080335897493377,0.00028719502038557205,0.0006610914467616094,0.9979504882020874,0.000362167409551615,0.0003682545622388663
5829,3,3,0.9980257153235494,0.00030702149872915074,0.00039689709040016967,0.9980257153235494,0.0005267045029519258,0.00035233103776887234,0.0003913305466004644
5830,3,3,0.9980233242829741,0.00035880570587160007,0.0003867546071624006,0.9980233242829741,0.00046653134434337706,0.0003653020296427321,0.0003992820300058064
5831,6,6,0.9917942087828416,0.00226928698631283,0.0016460843114064875,0.0009951295032305269,0.0013434575478887248,0.0019518328683197428,0.9917942087828416
5832,1,1,0.9983978986353649,0.9983978986353649,0.0001984827801193769,0.0003051547501441573,0.00040774311752562277,0.00033001483793085036,0.00036070587891516543
5834,3,3,0.9979848236563376,0.0003270668279855293,0.0004491284453746259,0.9979848236563376,0.0005210706445251678,0.0003080788767363983,0.0004098315490407166
5837,3,3,0.9977410864384232,0.0005001168978898942,0.0005163198750842374,0.9977410864384232,0.00045409552993087344,0.00045334651367330943,0.00033503474499848717
5839,1,1,0.9983888767031176,0.9983888767031176,0.00022160638547651055,0.00032128678553878224,0.0003890136684490692,0.0002897625353299276,0.0003894539220880894
5842,4,4,0.998010549600949,0.0005435877686316211,0.0003387185772535904,0.0004572832138506877,0.998010549600949,0.0003421944767377216,0.00030766636257736847
5843,4,4,0.998129183407904,0.00045184133087734877,0.0003106268396382517,0.00042932704431994004,0.998129183407904,0.0003404006110010285,0.00033862076625944444
5844,5,5,0.9818941040473171,0.0005829272726191641,0.002399370608786686,0.0009057280518186703,0.001416851108574052,0.9818941040473171,0.012801018910884294
5845,1,1,0.9983679763297659,0.9983679763297659,0.00022381976316192997,0.00032107850536812027,0.00041340686887647625,0.00022973028623790985,0.00044398824658964544
5846,1,1,0.9983980444050573,0.9983980444050573,0.0001797155779135562,0.0003098302523694416,0.00043271341048180603,0.0003173377021401475,0.00036235865203781574
5849,2,2,0.9977840324975763,0.0003208643993441477,0.9977840324975763,0.00044898715387486866,0.00032721567052546035,0.0004936071127536829,0.0006252931659253337
5851,6,6,0.9946230882974221,0.0013727943036093905,0.0014167086087531187,0.0009879105723017132,0.0004311899930211932,0.0011683082248924801,0.9946230882974221
5853,4,4,0.9979980866506278,0.0004109984844151054,0.0003357864427967928,0.000560712317753441,0.9979980866506278,0.0003738746849862458,0.0003205414194206015
5856,4,4,0.9980977945370969,0.00040524511339209377,0.00034120795031231284,0.0004458270029374622,0.9980977945370969,0.0003512013915526121,0.0003587240047085665
5857,5,5,0.9958887051947941,0.0004171097555886085,0.0008835685449834892,0.0005116478092563024,0.0004571568856405864,0.9958887051947941,0.001841811809736896
5858,3,3,0.9978670575557081,0.00046492255066384394,0.00046059015467842386,0.9978670575557081,0.0004866288848263454,0.0003947237076544586,0.00032607714646878933
5859,3,3,0.997942376365935,0.00037559114010104485,0.00039590584392578933,0.997942376365935,0.00047733800161623016,0.00041070129806668415,0.000398087350355354
5862,3,3,0.9980334975618391,0.0002973513719636114,0.0003666104872294333,0.9980334975618391,0.000468441824835818,0.00045044218193395077,0.00038365657219810684
5863,4,4,0.9981127181505361,0.0004094710910727319,0.0003210702107153998,0.00044621523145579195,0.9981127181505361,0.0003577422318037251,0.00035278308441618364
5864,1,1,0.9982840486365907,0.9982840486365907,0.00022445949586652085,0.00035050467941596697,0.0004698599836917841,0.0002710926946901324,0.00040003450974496153
5865,5,5,0.9954361883317709,0.0003966551964372342,0.0006332764527864049,0.0018513150164700062,0.0005774368509793453,0.9954361883317709,0.0011051281515561098
5866,6,6,0.9943939434669058,0.001435180192838076,0.0014296803837960488,0.0010746482280291232,0.0004074044986067515,0.001259143229824191,0.9943939434669058
5868,1,1,0.998359401692773,0.998359401692773,0.00021018622330594327,0.0003694414117038643,0.00040932728080290243,0.00026153633882882967,0.00039010705258543
5870,3,3,0.9978844921308848,0.0003981790955150897,0.00041194916599111045,0.9978844921308848,0.0005612679748137345,0.000435713346725309,0.0003083982860700243
5871,3,3,0.9980016326057336,0.0002852996105720969,0.00038541224689804835,0.9980016326057336,0.0004647429729956449,0.0004462302593185575,0.0004166823044821505
5872,3,3,0.9978459303926743,0.0003522838673255472,0.00041545123107735826,0.9978459303926743,0.0004360548521642285,0.0006003598936811219,0.0003499197630774362
5873,1,1,0.998363697716465,0.998363697716465,0.00020167112719448116,0.0002630194712406112,0.0004164554220743196,0.0003338428585582891,0.0004213134044672533
5875,5,5,0.9957875440292401,0.0008385582917457573,0.0015892134709485672,0.0004141188621975494,0.00024104849899153345,0.9957875440292401,0.00112951684687656
5878,1,1,0.9958286631572696,0.9958286631572696,0.001359028521057967,0.000624567271165672,0.000516265563153992,0.00045972097707425993,0.00121175451027852
5879,2,2,0.997683483026208,0.0002079856406994164,0.997683483026208,0.00063465439832953,0.00023353296744542593,0.0006941481550028081,0.0005461958123148468
5880,6,6,0.9945425465806352,0.001376927224638068,0.001465642690771903,0.0010489359972528387,0.0004145711416076326,0.0011513763650943013,0.9945425465806352
5881,4,4,0.9980678723910653,0.0003803222334350707,0.0003341054108708568,0.0004929491338974733,0.9980678723910653,0.0003469350772747483,0.00037781575345658503
5882,5,5,0.9964514129183372,0.0008268540725248598,0.0006468465471073089,0.0004949277081678095,0.00045915136193922803,0.9964514129183372,0.001120807391923647
5885,1,1,0.9981340240156691,0.9981340240156691,0.00021474594865313946,0.00041302786128419604,0.0005788935509103664,0.0003455717924084473,0.0003137368310748232
5886,6,6,0.9946299629519301,0.0013129007788982843,0.0014082548212255804,0.0009252505109990296,0.00041730087153639216,0.0013063300654106277,0.9946299629519301
5888,3,3,0.9980018752127192,0.0003603665257780057,0.00040820451537184227,0.9980018752127192,0.0004887327674973045,0.0003950378276079424,0.0003457831510257428
5889,4,4,0.9980192472876839,0.0004409953671830124,0.00030357839718499885,0.000490837628237256,0.9980192472876839,0.00035374080038351864,0.00039160051932731046
5890,4,4,0.9980623880972895,0.0004522842406145862,0.00033608136796030086,0.00046351660289451396,0.9980623880972895,0.0003657339242794105,0.0003199957669616269
5891,2,2,0.997779120320145,0.0002642992897271441,0.997779120320145,0.00032706211064225586,0.0002805531104471621,0.0007988575772519903,0.0005501075917864075
5893,5,5,0.9963059200342572,0.0004746934757462546,0.0006439597782529661,0.0005216464515310466,0.00055373557756833,0.9963059200342572,0.0015000446826442298
5894,2,2,0.9977924376261029,0.00028837296284086954,0.9977924376261029,0.00041344783277241776,0.0002547857179124609,0.0006140595957908711,0.0006368962645805108
5895,1,1,0.998240930161071,0.998240930161071,0.00024026112382888535,0.0003330272680231433,0.00045878037701673055,0.00034977928702016424,0.00037722178304013307
5897,5,5,0.996747346936263,0.0004443699262139919,0.001178439349212901,0.00031651859170424615,0.0003802606719797245,0.996747346936263,0.0009330645246261779
5898,6,6,0.994742711169385,0.001329595286083597,0.0013522119882384855,0.0009471107825225662,0.00040466592884509065,0.0012237048449252998,0.994742711169385
5900,4,4,0.99799380796436,0.0004928152675467835,0.00031997622801319917,0.0004854622440071261,0.99799380796436,0.0003832116541984894,0.00032472664187443496
5901,3,3,0.9962599875952761,0.0005549277745120613,0.001002788021862346,0.9962599875952761,0.000753509275243942,0.0007633939843987226,0.0006653933487067661
5903,4,4,0.9980087902751634,0.0004985491409131783,0.00031018001109554843,0.0005271579734972729,0.9980087902751634,0.0003619635836494471,0.0002933590156810728
5904,3,3,0.9980119091170921,0.0003150205560238911,0.00042399039933914943,0.9980119091170921,0.0004554508859370964,0.0004590574037985167,0.00033457163780930204
5907,5,5,0.9963325111128624,0.0007231649101612314,0.0006559634059348559,0.00044679183879126424,0.0004844124703543826,0.9963325111128624,0.0013571562618958665
5908,1,1,0.9983746137495293,0.9983746137495293,0.00018652748863886266,0.00027288197610759654,0.0004336112610673695,0.0002547724953677598,0.00047759302928912875
5909,4,4,0.9980270214830289,0.0004969193807205986,0.0003203746729697249,0.000494773264273837,0.9980270214830289,0.00035447464140898996,0.00030643655759789667
5910,1,1,0.9984328595651172,0.9984328595651172,0.000209786745307316,0.0003066927813853191,0.00036228733489248265,0.00029157520162957076,0.00039679837166807925
5911,3,3,0.9980039599724745,0.0003130853771550794,0.0004197289487900219,0.9980039599724745,0.00048157211839813043,0.0004583031097857548,0.00032335047339648084
5913,3,3,0.9978387631782552,0.0003975733104696198,0.0004796006106398889,0.9978387631782552,0.0005193781484732748,0.00045155267140261246,0.000313132080759424
5915,5,5,0.9966916387151752,0.0006964481231864833,0.0006543288828391143,0.00047006774918253124,0.0004751540512846975,0.9966916387151752,0.0010123624783320232
5916,4,4,0.9980928184746471,0.0004341357220267907,0.0003318432679594018,0.0004505239432456103,0.9980928184746471,0.00035781407076286066,0.0003328645213581505
5918,2,2,0.9978005322564415,0.00025337631780038245,0.9978005322564415,0.00032868916423595997,0.00027334922658385876,0.000803655560332215,0.0005403974746060815
5919,3,3,0.9980145687016108,0.0003034394756521567,0.0003801090640597342,0.9980145687016108,0.0005241128962230211,0.00037867046172109523,0.0003990994007331905
5920,6,6,0.9943690149905932,0.0015320392081302247,0.0014646765268718162,0.0008488510301126934,0.00043000821206493577,0.0013554100322271366,0.9943690149905932
5922,5,5,0.9970343825378853,0.0003966720642143942,0.0006804242984874477,0.0004469009075917071,0.0004661246269678229,0.9970343825378853,0.0009754955648533603
5924,3,3,0.9979814142579998,0.00038207313059714597,0.0004063440659187671,0.9979814142579998,0.0005092991556666131,0.0003919124079324759,0.0003289569818852173
5925,5,5,0.9964617146449387,0.0005519500258114603,0.0006729003095556246,0.0007868997252962134,0.0005360888452654797,0.9964617146449387,0.0009904464491325058
5926,3,3,0.9979883820798174,0.0002944315255534593,0.0003978834399911727,0.9979883820798174,0.0005697713473183883,0.0003854398363470092,0.0003640917709725347
5928,4,4,0.9979617029488864,0.0005515378780128704,0.00031643793574545273,0.0004831931158341806,0.9979617029488864,0.00038173759305629976,0.0003053905284648234
5929,4,4,0.9980914536655382,0.00045121193360040225,0.00033063576142660793,0.0004527995474480854,0.9980914536655382,0.00033784175296154757,0.00033605733902517454
5930,5,5,0.9968242226919238,0.0005471349929875968,0.0006775731169310039,0.0004275326030182765,0.0004805640872517422,0.9968242226919238,0.0010429725078875678
5931,3,3,0.9980385433633979,0.0003237581835329729,0.00040869808710553533,0.9980385433633979,0.00041783241117945906,0.0004650002302991817,0.000346167724484897
5932,3,3,0.9980673923025942,0.0003020788065104805,0.00042768958005765586,0.9980673923025942,0.00045529837786449726,0.00037920477776217715,0.00036833615521096363
5934,3,3,0.9979806865377621,0.0003651436245429711,0.0004235629012983393,0.9979806865377621,0.000505959631485955,0.0003861769634947642,0.0003384703414159309
5935,5,5,0.9967962756284398,0.0003800850405345961,0.0007539221291695175,0.0005581346730389249,0.0004249698685383379,0.9967962756284398,0.0010866126602788347
5937,1,1,0.9983893985494953,0.9983893985494953,0.00022586914635298918,0.0003124210744608128,0.0003602507476800902,0.0002910366268238561,0.0004210238551870119
5938,2,2,0.9974269380626323,0.00025760248819638924,0.9974269380626323,0.0003958402419703667,0.0003076824102406376,0.0011217735132677013,0.000490163283692723
5939,2,2,0.9977942458027129,0.0003361989427909342,0.9977942458027129,0.0004132802321196802,0.00038551538227843147,0.0004962672123707773,0.0005744924277272933
5940,3,3,0.9977008632296941,0.0005588514079372922,0.00044918699826820727,0.9977008632296941,0.0005568284586619982,0.0004383470134588799,0.0002959228919794991
5942,3,3,0.9971527766846764,0.000562987390566019,0.0005771440171624667,0.9971527766846764,0.0008089008392304785,0.000499710193450622,0.00039848087491407575
5943,4,4,0.9980047711428494,0.0005220264038733235,0.0002893318993984584,0.0005135071303093718,0.9980047711428494,0.0003766819856535872,0.00029368143791601455
5944,3,3,0.9978070290892734,0.0003807061533177826,0.0004995792720027497,0.9978070290892734,0.0005234170568765746,0.00038356877715779985,0.0004056996513717647
5945,1,1,0.9983844135119045,0.9983844135119045,0.00021153883563823539,0.000326732880803415,0.00040879391963176355,0.00027745040733476064,0.0003910704446873195
5946,4,4,0.9980801658797689,0.00044062877649096754,0.00032382881475584685,0.000460400173297204,0.9980801658797689,0.0003547968920494846,0.00034017946363760094
5947,1,1,0.9983444915561106,0.9983444915561106,0.00019885638845846342,0.0003150296909966478,0.000499408843638153,0.00025631573572180066,0.00038589778507428565
5949,2,2,0.9976572587223134,0.0002548243411687941,0.9976572587223134,0.00032195183666024646,0.00029623184832924544,0.0009942544479094601,0.00047547880361892487
5950,4,4,0.9980067396330031,0.00044592561610583287,0.0003588699097732349,0.00044641939174173376,0.9980067396330031,0.0004004101894033577,0.0003416352599726607
5952,2,2,0.9975397028562476,0.0003501651776271798,0.9975397028562476,0.000416135109586217,0.00029555583658202845,0.0005270923377876256,0.0008713486821693017
5954,6,6,0.9946988768341487,0.0013507817567488447,0.0013884054423341937,0.0009063933927983861,0.0004169496801948163,0.0012385928937750895,0.9946988768341487
5955,4,4,0.9980480515817862,0.0004959860157437934,0.0003322317737209446,0.000442889337529693,0.9980480515817862,0.00036780809179153527,0.00031303319942789016
5957,3,3,0.9979245085445637,0.00038484861767863987,0.0004449485842475014,0.9979245085445637,0.0005296038324354251,0.00037470214864135636,0.00034138827243351187
5959,5,5,0.9960938234909246,0.0003538286886609841,0.0006994215752645085,0.0013095901995924565,0.0005270506445218709,0.9960938234909246,0.0010162854010355865
5960,4,4,0.9980483724067861,0.0004088537517699352,0.000308733803424226,0.0005414921105564668,0.9980483724067861,0.0003657265287552784,0.00032682139870797054
5961,3,3,0.9978861118146339,0.000382187119809827,0.0004816339880954137,0.9978861118146339,0.000602392254992165,0.00033933073521856126,0.000308344087250074
5962,1,1,0.9982735869833035,0.9982735869833035,0.0002067285481788577,0.0003498539360580933,0.00046584797714056993,0.0002413918497007735,0.00046259070561827114
5964,1,1,0.9983440703168834,0.9983440703168834,0.0002093378106981607,0.0003385567532806572,0.0004494709994625074,0.00026444314119412264,0.00039412097848115534
5965,4,4,0.9979553635780384,0.0004172252631106485,0.000284659974176377,0.0005444503197150841,0.9979553635780384,0.00039329554260421297,0.00040500532235530337
5966,5,5,0.9943804464981576,0.0005580157832795069,0.0008235569553980283,0.002320179512296429,0.0004782416380202033,0.9943804464981576,0.0014395596128482981
5967,4,4,0.9980588360438118,0.00041350121084687,0.0002789100386871189,0.000509357654624177,0.9980588360438118,0.00033903442567404077,0.0004003606263559204
5968,4,4,0.9980135589684814,0.0005074037183822001,0.0003031580245832986,0.0004429591393630742,0.9980135589684814,0.00037798548184010173,0.00035493466734995015
5969,4,4,0.9980599330368422,0.0004126743809096191,0.0002995011826503772,0.0005426546067854095,0.9980599330368422,0.00035796592495196785,0.0003272708678605183
5970,5,5,0.9967119059489631,0.0003945859428142654,0.0008911898974840929,0.0004595314351515539,0.0004382956494473193,0.9967119059489631,0.001104491126139661
5972,2,2,0.9929022668892877,0.00042209307707343543,0.9929022668892877,0.0038512933051411554,0.00041021129220078,0.001516892065361644,0.000897243370935316
5973,2,2,0.9978083842999939,0.0002493610923564227,0.9978083842999939,0.00040479277451331477,0.00032705644433848424,0.000723956842207542,0.00048644854659041963
5975,5,5,0.99679782943965,0.00045725949235305915,0.000753061299192199,0.000422564700702426,0.00048431665332004334,0.99679782943965,0.001084968414782282
5976,3,3,0.9980034674562354,0.00029868988288454167,0.0004132740704034113,0.9980034674562354,0.0005352529295054319,0.00034963203063233895,0.000399683630338886
5977,6,6,0.9943338033258534,0.001448775321465984,0.0014422230018872116,0.0008847444017794433,0.0004337352613724731,0.0014567186876414226,0.9943338033258534
5981,5,5,0.9968364153444446,0.0004314827928652538,0.0006080546247898583,0.0006416637279137173,0.00048452667710223343,0.9968364153444446,0.0009978568328844293
5983,2,2,0.9977569342948138,0.00037241710991096764,0.9977569342948138,0.00040712165364536817,0.00034132196515198883,0.0005338848178473312,0.0005883201586304849
5984,6,6,0.9945250080970358,0.0014120121701344582,0.0014526291239432387,0.0009306095264122121,0.0004052709282790356,0.0012744701541952657,0.9945250080970358
5985,2,2,0.9976519088163862,0.00037898692072895287,0.9976519088163862,0.000547228050330114,0.0004295088438069301,0.0004578278322270954,0.0005345395365207229
5989,5,5,0.9966058496138216,0.0005557191776422397,0.0006974538973026893,0.0004926426220033166,0.0005191152909397095,0.9966058496138216,0.0011292193982905096
5990,5,5,0.9968508524183336,0.00036992401274081377,0.0008402502395900168,0.0004837224864335083,0.0003747938982129111,0.9968508524183336,0.0010804569446891457
5993,6,6,0.9945291666076159,0.0014219075372923198,0.0014206828481326487,0.0009860431100870662,0.0003645080064492699,0.0012776918904227293,0.9945291666076159
5996,5,5,0.9965449367165559,0.0005040666032808418,0.0007113493058328725,0.0005778506865355915,0.0005034819073739327,0.9965449367165559,0.0011583147804209498
5997,2,2,0.9971659442424678,0.0005080986155912549,0.9971659442424678,0.000545468053517074,0.0004340702225096429,0.000756026834344231,0.0005903920315699339
5998,2,2,0.99774111547787,0.0002433413931907464,0.99774111547787,0.00048378064003079134,0.0003113004161844589,0.000731562651541087,0.000488899421183066
5999,2,2,0.9977648160638934,0.00033802844369849313,0.9977648160638934,0.00031404191088169807,0.00029346722007598185,0.000626785092445795,0.0006628612690046026
6002,3,3,0.9979409387998082,0.0003945421591843865,0.0004071390840776175,0.9979409387998082,0.0005506988936356349,0.0003187793511506687,0.0003879017121435615
6003,5,5,0.9909318255528531,0.004861415618554145,0.0009664654079533671,0.001014136432434973,0.0004370453053958903,0.9909318255528531,0.0017891116828085646
6004,1,1,0.9983443284727871,0.9983443284727871,0.00021075571394565983,0.00031936716663847,0.00041565474751893044,0.00024604425482306543,0.00046384964428678875
6005,5,5,0.9967664828035926,0.0004312826063573548,0.0006720865729099547,0.0005589135302619928,0.00044493355478262913,0.9967664828035926,0.001126300932095468
6007,1,1,0.9982492211360051,0.9982492211360051,0.0002679464914543555,0.0003604995469811579,0.00043360641391473686,0.00030921411938636384,0.00037951229225832093
6008,5,5,0.9940319387696868,0.0005022747655131364,0.0007916660182575949,0.002793380216362701,0.0005860457736360066,0.9940319387696868,0.0012946944565437957
6010,3,3,0.9979201066821789,0.0003587622678716926,0.0003909813979429733,0.9979201066821789,0.0005320400236338188,0.00042122926758398276,0.0003768803607884541
6011,5,5,0.9949532470906964,0.0004418013410103938,0.0015690122303840908,0.00031862830952059167,0.00045285995292818955,0.9949532470906964,0.002264451075460354
6013,2,2,0.9977117415066797,0.00032237991685730587,0.9977117415066797,0.0005665973089059043,0.00032616417137904327,0.000489099340937747,0.0005840177552400237
6014,2,2,0.9972534565891183,0.0003580956760880312,0.9972534565891183,0.0006126037786332736,0.0003590459743401082,0.0009548588804212931,0.0004619391013989816
6015,4,4,0.9979749551392223,0.00048017456368944564,0.0003726880326408295,0.0004944856741536549,0.9979749551392223,0.0003961574493722404,0.00028153914092154947
6016,5,5,0.9968886460549866,0.00040512876254996077,0.0009184709162967256,0.0004593946851966309,0.0004468091418142751,0.9968886460549866,0.0008815504391558258
6020,6,6,0.9947972310613369,0.0012985835022017366,0.0013313556939436133,0.000929100675531408,0.0004141459697249234,0.0012295830972614827,0.9947972310613369
6021,1,1,0.9983675807657576,0.9983675807657576,0.00021816853851443522,0.00033448634549485364,0.00045363508164970206,0.0002737926733656211,0.00035233659521782167
6022,1,1,0.9983672256310078,0.9983672256310078,0.00020338156405102755,0.0003210546778025079,0.0003409126282927369,0.0002560955409868616,0.0005113299578591589
6023,2,2,0.9976318354274675,0.00035016911369836973,0.9976318354274675,0.00042481184780020865,0.00037245245987856313,0.000614513773336987,0.0006062173778183841
6028,6,6,0.994390806936509,0.0014709623379075888,0.0014912439828788943,0.0009507418929670399,0.00044565858340104463,0.0012505862663363316,0.994390806936509
6029,4,4,0.9977269905482364,0.000710277245803171,0.000388370395606688,0.00048665083098494626,0.9977269905482364,0.00042025483556615734,0.0002674561438026094
6030,6,6,0.9947644581558697,0.0012873526571382332,0.0013595558852513823,0.0009168390634750588,0.00039950712092144214,0.0012722871173442263,0.9947644581558697
6031,1,1,0.9983217879813254,0.9983217879813254,0.0002109566572921519,0.00034288980231170387,0.00044260200686935985,0.00022707777952585755,0.0004546857726753209
6032,2,2,0.996327593229959,0.0006833049216895425,0.996327593229959,0.0006812478047158634,0.0006705757209734905,0.0008516844949139458,0.0007855938277481175
6033,6,6,0.9945914035235469,0.0013526576648889132,0.0014491471062948707,0.0008993875714263791,0.0004161770873477865,0.0012912270464950865,0.9945914035235469
6034,3,3,0.9973710146122147,0.000373896960081364,0.00037948376079494523,0.9973710146122147,0.0007523458177106962,0.0004134902498265029,0.0007097685993719299
6035,6,6,0.9946435319392557,0.0013535976836980253,0.001430048088355061,0.0009574313524204734,0.0003979881145809548,0.001217402821689739,0.9946435319392557
6036,1,1,0.9983107283620645,0.9983107283620645,0.00021744223554084904,0.00028941094730847047,0.0004351119757342242,0.0003347637393102539,0.0004125427400417118
6038,1,1,0.9984298268662245,0.9984298268662245,0.00021191050303839633,0.00029407453022654346,0.00031838973264099386,0.00032398121871133207,0.0004218171491581944
6040,6,6,0.9943333992411411,0.0013789436957703455,0.0015187886506558678,0.0008679907298798176,0.0003976825152108607,0.0015031951673420687,0.9943333992411411
6041,3,3,0.9979306280665321,0.0003117942567871116,0.0003692426045974556,0.9979306280665321,0.0005543072455905489,0.00038472968567866694,0.0004492981408140975
6042,3,3,0.9979227713701102,0.0003806112837716709,0.0003926175152553763,0.9979227713701102,0.0005629306750402148,0.00041233029501236965,0.0003287388608101669
6043,3,3,0.9980470498628926,0.0003199517938223958,0.0003562535608841117,0.9980470498628926,0.00045527170705421816,0.0004196101952708959,0.0004018628800757735
6044,3,3,0.9979900036005114,0.000374969644745112,0.0003949945060151111,0.9979900036005114,0.0004786848689775205,0.0004103618522332764,0.00035098552751760203
6046,3,3,0.9978442446767994,0.0004637444335590079,0.0003967547191992021,0.9978442446767994,0.0005754975865336422,0.0003750162818727922,0.0003447423020360002
6047,1,1,0.9983521509153598,0.9983521509153598,0.0002156627410562188,0.0003337008756621908,0.000432029067200286,0.00026669451690148124,0.00039976188382006726
6053,5,5,0.9959711914793606,0.0009576827169391339,0.0006093056003413081,0.0005703843474946786,0.0005474146138555928,0.9959711914793606,0.001344021242008642
6054,1,1,0.9982850530836974,0.9982850530836974,0.00023233187695614256,0.0003914581660918867,0.0004512960452673287,0.0002997816878942388,0.00034007914009306076
6055,1,1,0.9982855857469609,0.9982855857469609,0.00023936411697298465,0.0003562717870225424,0.0003408900907374536,0.0002984513751117058,0.00047943688319422643
6056,3,3,0.9979531957547578,0.00036783837258922987,0.0004449645725256854,0.9979531957547578,0.0005800563488323637,0.00033614607594397523,0.0003177988753508734
6057,5,5,0.996591599376425,0.0005456882746557211,0.0006388409547970394,0.0004785795041494206,0.00067899410915578,0.996591599376425,0.0010662977808169765
6059,1,1,0.997912342088989,0.997912342088989,0.00023246672814001762,0.00036801650810978106,0.0007556552842719844,0.00033885019188185006,0.00039266919860731414
6060,5,5,0.996519547165665,0.0005204286912202305,0.000741933400535266,0.0005127402160552436,0.00039584768088059274,0.996519547165665,0.0013095028456436033
6061,6,6,0.9945869224940594,0.001384432978918707,0.0014675655076352274,0.0009450930892167954,0.00038725925564420143,0.0012287266745255778,0.9945869224940594
6067,5,5,0.9961937028092174,0.00046455851342678276,0.0010727898229339157,0.0007057393798422233,0.0003203053287966257,0.9961937028092174,0.0012429041457831301
6068,1,1,0.9983846975932569,0.9983846975932569,0.00019440264119140622,0.0003111752106034344,0.00045344127988186406,0.00022778703337503767,0.00042849624169133714
6070,4,4,0.997956317299098,0.0004577468106241274,0.00031888125388903157,0.0005883028159658196,0.997956317299098,0.00035246413614103023,0.00032628768428210356
6071,2,2,0.9977900767881863,0.00031633764641764443,0.9977900767881863,0.00034866134935980037,0.0003363585202053588,0.0006265269341602004,0.0005820387616706265
6073,2,2,0.9978386790541379,0.0002885805451831995,0.9978386790541379,0.0004174681975346649,0.0003403757010842622,0.0005436753288851348,0.0005712211731748378
6074,3,3,0.9980637794513033,0.0003446217165559717,0.0004261124641722167,0.9980637794513033,0.00040097953332603767,0.00041848665004530885,0.0003460201845971289
6075,6,6,0.993849245861994,0.0017382515850735737,0.0014629542540839397,0.0010837244640558945,0.00038697295165046944,0.0014788508831421146,0.993849245861994
6076,4,4,0.9980540071081481,0.0004055547677705019,0.00034077156335397216,0.00047832674065307874,0.9980540071081481,0.0003348216345849671,0.0003865181854894384
6078,4,4,0.9978361045994938,0.0003818455639288171,0.00034234322386018023,0.0007220872582914868,0.9978361045994938,0.00038157507291466545,0.0003360442815110469
6079,2,2,0.997588051744733,0.00031130075282349243,0.997588051744733,0.0005917563307092029,0.00037027329933850966,0.0004224010896822023,0.000716216782713699
6080,1,1,0.9983647386588351,0.9983647386588351,0.00020509292088444553,0.00030460466710369166,0.00045969246970621884,0.00029038625447894845,0.00037548502899162117
6082,1,1,0.9982758885237707,0.9982758885237707,0.00024180575867228832,0.0003245858865385421,0.0004548838826412285,0.00031259688357416197,0.0003902390648031048
6083,2,2,0.99738043421858,0.0003469309590606127,0.99738043421858,0.0006386908345313364,0.00031642499340214206,0.0007066549142360991,0.0006108640801898683
6084,4,4,0.9980741030216774,0.0004414003901923322,0.0003462016511161861,0.0004432921681414538,0.9980741030216774,0.00036863767600605013,0.0003263650928665537
6085,4,4,0.9978809274108347,0.0004241921633357341,0.00041266823913894615,0.00048679811474456995,0.9978809274108347,0.0004039764379334619,0.000391437634012596
6086,3,3,0.9980123294598504,0.00037263608312650023,0.0004180625943130059,0.9980123294598504,0.000514862431616955,0.00034631431626354456,0.000335795114829629
6088,2,2,0.9978381731760652,0.00033417986418479126,0.9978381731760652,0.00043266012255340614,0.0003423744839941271,0.0005060830603924621,0.0005465292928100916
6089,1,1,0.9983246882143159,0.9983246882143159,0.0002051791762156137,0.0003455585500281914,0.00046803740712640234,0.0002631077671819131,0.00039342888513207736
6090,2,2,0.9973842746053577,0.00038528882794819055,0.9973842746053577,0.0005576498943131071,0.00044586047807867064,0.0005600575960581335,0.0006668685982441343
6091,2,2,0.9972677746016503,0.0003387857461739535,0.9972677746016503,0.000609368757625039,0.0003259422542337416,0.0006131944563362096,0.0008449341839807509
6092,4,4,0.9979814874516104,0.00045873509724620994,0.000377132579383305,0.0004323312275971238,0.9979814874516104,0.00039723183139107275,0.00035308181277189177
6093,2,2,0.9978719682032963,0.0003081818571355791,0.9978719682032963,0.00039452294748528344,0.0003271146864049965,0.0005302888366833029,0.0005679234689945705
6095,3,3,0.9979637981496348,0.0002916392439725648,0.0004053048954751641,0.9979637981496348,0.00047070903222989116,0.0005286494915740591,0.0003398991871135735
6096,2,2,0.9977929842453902,0.0002686720758093093,0.9977929842453902,0.00042955709418393133,0.00029196832479433784,0.0006219860089521371,0.0005948322508701065
6099,5,5,0.9969858667331333,0.00045708800377247113,0.0007586621320350623,0.0004929703496776253,0.00045870923267085336,0.9969858667331333,0.0008467035487107296
6100,5,5,0.9915271089747176,0.0013148312742118206,0.00134339179346387,0.0005364884686595892,0.0006767881355792288,0.9915271089747176,0.004601391353367867
6101,1,1,0.9982522822684937,0.9982522822684937,0.00019185670448345848,0.0003537057896604456,0.0005807294801845573,0.0002407122253852339,0.00038071353179267145
6102,4,4,0.9980320076791572,0.00041170603464173465,0.0003270473596031368,0.0005456551885000618,0.9980320076791572,0.00035267176825961043,0.0003309119698382298
6103,2,2,0.9976391630370562,0.00028863153490426153,0.9976391630370562,0.0006811802280376272,0.0003458060157403741,0.00048429250362881583,0.0005609266806326301
6104,6,6,0.9946062626247945,0.0013079107035966861,0.001437201669482995,0.0009325411600758228,0.00040658430222651203,0.0013094995398235726,0.9946062626247945
6106,4,4,0.9981157862483233,0.0004581678696726986,0.0003055605946307994,0.0004350075359682421,0.9981157862483233,0.0003636045469793985,0.00032187320442561367
6107,6,6,0.9947045219923945,0.0013235337965006233,0.0014039398784030587,0.0009322362391332854,0.0004147173801010696,0.0012210507134674553,0.9947045219923945
6109,2,2,0.9978081592689484,0.00024861778447039367,0.9978081592689484,0.0004091227220989082,0.00026782250228122716,0.0007323112521584563,0.0005339664700426905
6110,1,1,0.9982534610211707,0.9982534610211707,0.00018618923374493242,0.0003047892412496524,0.0005652071875526988,0.000272301157359608,0.00041805215892237626
6113,1,1,0.998289914762094,0.998289914762094,0.000203944589069395,0.0003886884783594697,0.0005009914907082345,0.0002453431739429956,0.00037111750582586407
6115,3,3,0.9979774152283158,0.00027164365192810657,0.0003555754883779906,0.9979774152283158,0.0005098705192381972,0.0004645079512376084,0.00042098716090223755
6116,3,3,0.9979970148707221,0.0003425818385310148,0.00037851287568271315,0.9979970148707221,0.0005029052409051371,0.000375434417926826,0.00040355075623200104
6117,2,2,0.9976110628805381,0.0003553812627392122,0.9976110628805381,0.0005486180401069224,0.0003694051765150168,0.0003926481944067778,0.0007228844456937271
6118,3,3,0.9979944494311038,0.0003272281697357341,0.00042901535610700433,0.9979944494311038,0.0005047393631197931,0.0004224861444011869,0.00032208153553250137
6122,2,2,0.99786354436684,0.0002541675521744353,0.99786354436684,0.00034833040100244923,0.0002948150076401434,0.000717623533409579,0.0005215191389333763
6123,4,4,0.9976893695778172,0.0005719435202090995,0.0004212708246616043,0.00048337393875130477,0.9976893695778172,0.0005181114518392966,0.0003159306867214862
6124,1,1,0.9983191986155786,0.9983191986155786,0.00020795071851411996,0.00031652351578387994,0.0004954326392059323,0.0003234078821123265,0.00033748662880515607
6127,1,1,0.9982215778843307,0.9982215778843307,0.00023547672065731345,0.00037195469547841333,0.0005468201134191523,0.00027562279183907407,0.0003485477942752622
6130,4,4,0.9979244999477092,0.00041797180197686686,0.0002701999471765624,0.0005258366278590547,0.9979244999477092,0.0003924799010479444,0.00046901177423047023
6132,5,2,0.5215956358924401,0.0010792339019389692,0.5215956358924401,0.000991837547314368,0.0006357480632547573,0.4719728041595542,0.0037247404354976235
6135,2,2,0.9978608962640907,0.00030342429088569205,0.9978608962640907,0.0003802774607667689,0.00031563803259957086,0.0005234458572520803,0.0006163180944052595
6137,4,4,0.9980781541910252,0.0004194720225631075,0.0003131668553273638,0.00045055319409621265,0.9980781541910252,0.00033186973211328475,0.00040678400487481023
6138,6,6,0.9945968623399463,0.0013572484341175509,0.0014354251662683538,0.0008816173856713241,0.0003992522345679988,0.0013295944394285414,0.9945968623399463
6139,4,4,0.9978983167695915,0.0005896238710262668,0.000332195256349158,0.0005105237267910482,0.9978983167695915,0.00036540048909156504,0.0003039398871504762
6140,2,2,0.9741951304307753,0.00031878808183567476,0.9741951304307753,0.0003936954048428786,0.0004252425312200203,0.02340411227097265,0.0012630312803534472
6143,4,4,0.9980092853821898,0.0004217392213075725,0.00036444556498902407,0.0004915873972333191,0.9980092853821898,0.0003869804867609041,0.00032596194751946615
6144,3,3,0.9978044812044892,0.00032601844704760436,0.0005661848897837759,0.9978044812044892,0.0005492914526518153,0.00032799907939845123,0.00042602492662926757
6145,5,5,0.9968548119871544,0.0003873650100718357,0.0009987793463731279,0.0003731019790370203,0.0004166657579237866,0.9968548119871544,0.0009692759194398007
6146,3,3,0.9979462898871533,0.00039015431453191395,0.0004548048124536417,0.9979462898871533,0.0004890962581641732,0.00038196164375069,0.0003376930839463385
6147,2,2,0.993053972653179,0.0004218975739445512,0.993053972653179,0.0007051258315898505,0.0003654758763639564,0.0038857962925487287,0.0015677317723739826
6148,3,3,0.9975926450125957,0.0006232346584500629,0.0003940388156620136,0.9975926450125957,0.00063853931358147,0.0003945041567595142,0.0003570380429512032
6149,5,5,0.9956173585004792,0.0006114283850795782,0.0009063154291595741,0.00041945044500378786,0.0005105107979235002,0.9956173585004792,0.0019349364423544727
6150,3,3,0.9978962608493996,0.00042152497811493524,0.0004725236236172787,0.9978962608493996,0.0005296224032853734,0.000339948798562486,0.0003401193470203093
6151,6,6,0.994529150832805,0.0013879092361659144,0.0014895282832390656,0.0008918016934981699,0.0004022090721406232,0.0012994008821511722,0.994529150832805
6152,4,4,0.9980511002780158,0.000450371730287666,0.00033561939524469656,0.00046654277977380804,0.9980511002780158,0.00036330630718460884,0.00033305950949339563
6153,1,1,0.9984128316534507,0.9984128316534507,0.00018853394131468576,0.00028964818460669174,0.00036556604901564246,0.00032674343155225763,0.00041667674006005116
6154,6,6,0.9940996541043622,0.0017503295976367256,0.0014876346039263588,0.0009401718658567478,0.0004770651764145886,0.0012451446518034056,0.9940996541043622
6155,2,2,0.985798566407441,0.0002799174020255753,0.985798566407441,0.00035800338414475417,0.0003109340807659627,0.012231701601245024,0.0010208771243777144
6156,3,3,0.9980188585804004,0.0003320754032590832,0.0004327380437950828,0.9980188585804004,0.0004819951416833319,0.0004273055228142031,0.00030702730804794986
6157,4,4,0.9980456055260295,0.00038582400803468316,0.0002954255676882542,0.0004914163929313284,0.9980456055260295,0.000351462136712649,0.00043026636860363633
6158,1,1,0.9981193393708094,0.9981193393708094,0.00022063716996595893,0.00039990464500863133,0.0005285610283250432,0.00027906717978393863,0.00045249060610699483
6160,6,6,0.9940664072584464,0.0015684085284414769,0.001554472682400232,0.0008365175289644417,0.00040497918074671976,0.0015692148210007183,0.9940664072584464
6162,1,1,0.9983174064069573,0.9983174064069573,0.0002022935751882042,0.000286246604767757,0.00035688777451994667,0.00029582860482517355,0.0005413370337417331
6165,5,5,0.9962076985113225,0.00036491103831337454,0.0013344926783866666,0.00046562047646036967,0.00042316034589786125,0.9962076985113225,0.001204116949619178
6168,4,4,0.9980259077617025,0.00041482159552713504,0.00031536194301862196,0.0005513349313797135,0.9980259077617025,0.0003383906083650581,0.00035418316000694264
6171,5,5,0.9961615513318696,0.0010196796845819516,0.0007779279964491535,0.0005440649022779688,0.00044146702209770184,0.9961615513318696,0.0010553090627236604
6173,6,6,0.994692192662831,0.0012851425573739384,0.0014185091203642356,0.0009317486976745331,0.0004005402918805008,0.0012718666698757057,0.994692192662831
6174,4,4,0.9979686808752012,0.0004944471623962171,0.00033841491030808183,0.00047894314342091925,0.9979686808752012,0.0003931789223546611,0.0003263349863189544
6178,1,1,0.9984329443985428,0.9984329443985428,0.0002014527096344765,0.00031346110030597274,0.00038673093429376676,0.00025424661381183417,0.0004111642434112281
6179,3,3,0.9978599598177404,0.0004968217429976084,0.0004277813699848999,0.9978599598177404,0.00048464551445363395,0.0003217646361912063,0.00040902691863232374
6180,1,1,0.9982652468783716,0.9982652468783716,0.0002249076004997938,0.00033296171631530763,0.000377336037355312,0.00022323718608368887,0.0005763105813743399
6181,2,2,0.9959476712959888,0.00022789118984101224,0.9959476712959888,0.0003635949297662098,0.00021450965748732775,0.002643667343291197,0.0006026655836253969
6182,2,2,0.9978088838174333,0.0003097581534068844,0.9978088838174333,0.0003943902887996695,0.00031749392251725293,0.0005097778682370629,0.0006596959496060615
6185,6,6,0.9947237236871486,0.00128219069330674,0.0013747970959488225,0.0009812149661729862,0.00041048222811401964,0.0012275913293088294,0.9947237236871486
6186,1,1,0.9984113987156896,0.9984113987156896,0.00019927638276001432,0.0003055517098300392,0.00040439556310398607,0.0003172200173229794,0.00036215761129342093
6189,5,5,0.9966534254063065,0.0005026462261251853,0.0006203011438940905,0.0005049586419802631,0.0005252617661107136,0.9966534254063065,0.0011934068155831988
6190,5,5,0.9968205992410193,0.0004654874667724493,0.0007084046905689876,0.00045682290797317745,0.0004668015337040675,0.9968205992410193,0.001081884159962047
6191,4,4,0.9980492371100286,0.00038781970812872235,0.00027180832093074206,0.0005345239651436506,0.9980492371100286,0.00034942590673559784,0.0004071849890326676
6192,6,6,0.9944728161857603,0.0013886639119510254,0.001424605280444004,0.0009214893350629763,0.0003888453122580977,0.0014035799745235583,0.9944728161857603
6193,2,2,0.9977789345530255,0.00028559605786618737,0.9977789345530255,0.00040392012322636807,0.0003007843280800584,0.0005797714009310092,0.0006509935368710696
6194,4,4,0.9980922775037984,0.0003848467189404225,0.00030384769935756377,0.000457231266268246,0.9980922775037984,0.000390585005025595,0.00037121180660962196
6195,2,2,0.9978165997069107,0.00032238490786325115,0.9978165997069107,0.00045130328284759925,0.0003484424091368106,0.0005024360894053332,0.000558833603836239
6196,3,3,0.9978536064687692,0.00032226716067787004,0.0004443201890903115,0.9978536064687692,0.0005226528891327156,0.00038175213225097554,0.000475401160078914
6198,3,3,0.9980062036294911,0.0003729701419267023,0.00045491975047009614,0.9980062036294911,0.000479182276084124,0.0003424881275035069,0.0003442360745245167
6199,5,5,0.9968961154359458,0.000516146346505531,0.0008436914376498733,0.0003527336406814708,0.00039517031284559754,0.9968961154359458,0.00099614282637174
6201,3,3,0.9979054856380463,0.00034543286645271335,0.0003525682234108744,0.9979054856380463,0.0005368891250087552,0.00038166402100208943,0.0004779601260793223
6202,2,2,0.9949064052501647,0.00023143605683961625,0.9949064052501647,0.00030446192717058777,0.00031368440643337356,0.003618708754168473,0.000625303605223248
6203,1,1,0.9983285749066428,0.9983285749066428,0.00021001523393280897,0.00031714711052502657,0.0004322445023286823,0.0002442137213428474,0.00046780452522783263
6205,2,2,0.9977897604856643,0.00023600759430235585,0.9977897604856643,0.00036095096630476897,0.00026814698018149573,0.0008095831503170545,0.0005355508232300558
6206,4,4,0.9981059411728631,0.0004373538792958538,0.00031120940160521524,0.0004565294629673414,0.9981059411728631,0.00034086891320773245,0.00034809717006075054
6207,4,4,0.9980409612143346,0.00040617829128315963,0.0003154127002822162,0.00044161962588199144,0.9980409612143346,0.00038220616493834695,0.00041362200327969064
6208,4,4,0.9980165677197498,0.0004533263977393387,0.0003209456046602402,0.0004422882451622263,0.9980165677197498,0.000418548685049425,0.000348323347639002
6209,5,5,0.9964452390542464,0.0008155478284766654,0.0006927208745352556,0.0004139422673796966,0.0005015209901619334,0.9964452390542464,0.0011310289851999976
6212,1,1,0.9982940982586939,0.9982940982586939,0.000222325363647113,0.00039316348787192887,0.0004135040394348165,0.0002619415575708238,0.0004149672927814193
6213,4,4,0.9980580521782445,0.00040086921739074553,0.000315507185235276,0.0005171048848953602,0.9980580521782445,0.00036319346367905966,0.00034527307055504813
6215,1,1,0.9983008415152754,0.9983008415152754,0.0001944931119384231,0.00035000097393857735,0.0005288570490210019,0.00023034619311887187,0.0003954611567077989
6216,2,2,0.9812950651563338,0.0006316569934956531,0.9812950651563338,0.015153741721444609,0.0007646265681731342,0.0011308533800782183,0.001024056180474644
6217,1,1,0.9981785659108551,0.9981785659108551,0.0002411587977579582,0.0004254885491732477,0.000514125552844006,0.0002654384229736172,0.000375222766395906
6219,2,2,0.9888699026513714,0.00044583776489330633,0.9888699026513714,0.0008563208369328804,0.00025421442042241656,0.008567937625349213,0.0010057867010308229
6220,1,1,0.9982171180481819,0.9982171180481819,0.00022487317781376255,0.00036711932355397875,0.0005270166235934618,0.0003051690220039063,0.00035870380485305517
6221,3,3,0.9979302173469359,0.00036899179723391353,0.00043948808830434325,0.9979302173469359,0.000535350435216011,0.00042728552099204536,0.0002986668113178333
6222,3,3,0.9954044213429429,0.0006823564583252833,0.0005019514651634881,0.9954044213429429,0.0024219764426962444,0.0004626855352235204,0.0005266087556485648
6223,4,4,0.9979993681520585,0.0004350976369707047,0.0002963925065746793,0.0005295112485916687,0.9979993681520585,0.00035808572941483746,0.0003815447263895913
6225,2,2,0.9966935764954403,0.00021942955901297368,0.9966935764954403,0.00032274455921961996,0.0002419906875276392,0.0019836336616004583,0.0005386250371990141
6226,2,2,0.9974761823571197,0.00042881503242734193,0.9974761823571197,0.0004347432790943115,0.00034483374501913136,0.0004420542487765428,0.0008733713375630104
6228,1,1,0.9983054380037574,0.9983054380037574,0.00022238789526622118,0.0003575055290389665,0.0003895721914105049,0.0002990234121348037,0.0004260729683921236
6229,5,5,0.996359769763324,0.0007553342179825646,0.0006695755902258109,0.00046039576605014107,0.000434875024467816,0.996359769763324,0.001320049637949771
6231,6,6,0.994533716959141,0.001430959641975171,0.0014397971952400139,0.0009165643093328962,0.0004003109880441675,0.0012786509062667972,0.994533716959141
6232,2,2,0.9978047658263188,0.000249234887609534,0.9978047658263188,0.0003855569600596409,0.0003190068062101251,0.0007367798421737615,0.0005046556776281418
6233,1,1,0.9984036610455591,0.9984036610455591,0.0001926840357470687,0.00032612900390626483,0.0004053008761834391,0.00030489295888034906,0.000367332079723804
6236,4,4,0.9979434284991932,0.0005838395255807336,0.00034367812960733223,0.00045401525837558313,0.9979434284991932,0.0003700163386148561,0.00030502224862837896
6238,2,2,0.9978195488961835,0.00036540860530337037,0.9978195488961835,0.00041618931823617284,0.0003451746036138835,0.0005030558125620171,0.000550622764101104
6239,4,4,0.9981092252057305,0.00042809741150193637,0.00032426070660089703,0.00041467961428843185,0.9981092252057305,0.00037683476835406873,0.0003469022935241926
6240,2,2,0.9978600219894319,0.0003355948454483488,0.9978600219894319,0.00035680301058946593,0.0003179401707213967,0.000539763718271237,0.0005898762655376872
6242,3,3,0.9978928830940892,0.0003858060098771573,0.00041131350826188577,0.9978928830940892,0.0005921124633457451,0.000393744894278085,0.0003241400301479841
6243,1,1,0.9983289056148956,0.9983289056148956,0.00020768181401510264,0.0003519725140987772,0.00045401025683646694,0.0002445034725056366,0.0004129263276484107
6245,4,4,0.9979575548576344,0.00040075586157493567,0.0002971952393600749,0.0005850361004612859,0.9979575548576344,0.0003897797597279879,0.00036967818124129055
6246,1,1,0.9980097156152015,0.9980097156152015,0.0002293878146769269,0.0003045689876484897,0.0003009402639528951,0.0006700696367573518,0.00048531768176287036
6247,2,2,0.9977670848783348,0.0003111874003397968,0.9977670848783348,0.00040370639938713067,0.00033721346835801274,0.0005249212186933282,0.0006558866348869776
6248,2,2,0.997460334569306,0.0004251712611853729,0.997460334569306,0.0006174232077873876,0.0004025154696680592,0.0003747693886484805,0.0007197861034047105
6249,2,2,0.9976926236392721,0.00025493934923213305,0.9976926236392721,0.00036172180207945983,0.00030017488169055336,0.000654465893489952,0.0007360744342357814
6251,2,2,0.9974488160957857,0.00035045461524872424,0.9974488160957857,0.0005997033301579869,0.0004177829268374146,0.0005483723767194158,0.0006348706552507529
6252,1,1,0.9982301011123184,0.9982301011123184,0.00019813816226926516,0.000364359723331866,0.0005573539287725175,0.0002725699035412798,0.0003774771697667758
6254,4,4,0.998082996257127,0.0003976103329195961,0.00028184335702603736,0.00046692136714528084,0.998082996257127,0.0003778677786164383,0.00039276090716564986
6255,3,3,0.9979558226286964,0.0003756185558231965,0.00044139292316768176,0.9979558226286964,0.0005344319050459263,0.00034562260494434485,0.0003471113823226252
6259,4,4,0.9980887243473289,0.0004506997947945443,0.00032120243806951857,0.00043801922591595234,0.9980887243473289,0.00037275097138559716,0.0003286032225055613
6261,1,1,0.9983285452807467,0.9983285452807467,0.00020000271450531569,0.0003124515389293416,0.0003930173379496043,0.00029340151183181716,0.00047258161603732366
6262,1,1,0.9982037390277261,0.9982037390277261,0.00022793479377853683,0.0003195335981042355,0.00037221202518347495,0.00039206665801480036,0.00048451389719288666
6263,4,4,0.9979710231590468,0.0004941393386990364,0.0003817384352474928,0.00044756803388879126,0.9979710231590468,0.00038832573740271633,0.0003172052957151667
6264,3,3,0.998005544112588,0.00031874954686786887,0.00039230462496068276,0.998005544112588,0.0004698151468171155,0.0004664787706896618,0.00034710779807664593
6267,5,5,0.9964951922998784,0.0005283597883362744,0.0006385452611857423,0.0004400870261054677,0.0005222575299660254,0.9964951922998784,0.0013755580945281414
6268,1,1,0.9982381974923589,0.9982381974923589,0.0002046209201310377,0.00036581598091402684,0.0005566633807854903,0.00027324020751989244,0.00036146201829063377
6269,4,4,0.9980735958296412,0.00043828751868945867,0.0003496693034264261,0.00043495472298666824,0.9980735958296412,0.0003706599442486021,0.00033283268100772035
6270,1,1,0.9983188551750398,0.9983188551750398,0.00019260924418515067,0.00030159326869739014,0.000508098688105741,0.0002682101021682671,0.00041063352180359326
6272,6,6,0.9944366910397293,0.001342902402944661,0.0014179149700428296,0.0010866922851652317,0.0003534321395906398,0.0013623671625273444,0.9944366910397293
6273,5,5,0.9969500540978823,0.0004528460686774664,0.0007711197554502607,0.00045153037186129925,0.00043440043994678,0.9969500540978823,0.0009400492661818617
6274,3,3,0.9978853802080087,0.00038596467467905,0.0004179348861821518,0.9978853802080087,0.0005182456128147283,0.00043675674255383445,0.00035571787576158204
6275,1,1,0.9981602727026865,0.9981602727026865,0.00023471209739012362,0.0004355379366076713,0.0005464747500622695,0.00028206497399753557,0.0003409375392559411
6276,6,6,0.9944136659478144,0.0014164758500376953,0.00137422768234571,0.0011498369184830424,0.000391033649585931,0.0012547599517331626,0.9944136659478144
6277,3,3,0.9980119545251994,0.0003353034470476729,0.0003694287321882509,0.9980119545251994,0.0004948238522875283,0.0003622101099255506,0.00042627933335155936
6278,5,5,0.9965919384120803,0.0004782121748108059,0.0005651585597438659,0.0006282055481872128,0.0005873505799979207,0.9965919384120803,0.0011491347251800011
6279,2,2,0.9977860277114757,0.0003255926558264106,0.9977860277114757,0.0003768539820930373,0.00034071596448812685,0.0005036442200467349,0.0006671654660697331
6282,3,3,0.9979936899972334,0.00031852936972672305,0.00041182984567734684,0.9979936899972334,0.0005501280441391908,0.0003545274022165494,0.000371295341006842
6283,2,2,0.9970749034802754,0.00043635746500649307,0.9970749034802754,0.0005464483593695675,0.00038408006809531196,0.00038503030799066554,0.0011731803192625728
6284,4,4,0.997675520837964,0.0007537847852068214,0.00038938986747742195,0.00048280032126088484,0.997675520837964,0.00041664688316966485,0.00028185730492130305
6285,5,5,0.9962241201961285,0.0005062889313060409,0.000580648341666644,0.0005776302163762432,0.0006506358330201553,0.9962241201961285,0.0014606764815024657
6287,5,5,0.9966830876645698,0.0003292265843263107,0.0011838371016553995,0.0005470852047607467,0.0004017601711562182,0.9966830876645698,0.0008550032735315616
6288,5,5,0.9964060444562975,0.00044588236474367026,0.0006338783587052633,0.0006532629654813864,0.0005539503906432655,0.9964060444562975,0.001306981464128841
6289,3,3,0.9979797992397881,0.00039614523760757054,0.0004096096879338715,0.9979797992397881,0.00047006072906273955,0.0004093962695495236,0.0003349888360582668
6291,1,1,0.998358254280378,0.998358254280378,0.0002104902844191278,0.00033245423025307164,0.00040098807195696503,0.00026627453905749823,0.0004315385939353499
6292,2,2,0.9977898632295431,0.00032176411237591667,0.9977898632295431,0.000359450163297345,0.0002853557776709748,0.0007151507059289517,0.0005284160111836909
6293,4,4,0.9978036793516323,0.00041456688564316574,0.0002716087758346165,0.0005872061892113546,0.9978036793516323,0.0003887804539854445,0.0005341583436931128
6294,2,2,0.9978897320058481,0.000328291229001156,0.9978897320058481,0.0003847952185883042,0.00028702449398832977,0.0005779866204284834,0.0005321704321457585
6295,4,4,0.9980305133477189,0.00045216133925349864,0.000316789188166958,0.0005062952577793301,0.9980305133477189,0.00033308695730338713,0.00036115390977800805
6296,4,4,0.9979147463145353,0.0004282169165785491,0.00027146420728085645,0.0005081069032642561,0.9979147463145353,0.0004324083047839882,0.0004450573535571821
6297,1,1,0.9983185321966375,0.9983185321966375,0.00021152910918336963,0.0002942246149069804,0.0003509318557650469,0.0002720219725016589,0.0005527602510054252
6298,3,3,0.9977392254134253,0.00045085100164337695,0.000531743762020688,0.9977392254134253,0.000498443449262817,0.00045732698246185306,0.0003224093911859431
6299,4,4,0.9980052406604893,0.0003715286256882939,0.00029516043426168844,0.0005659349428905512,0.9980052406604893,0.0003805621638890363,0.0003815731727811313
6300,5,5,0.9960966049937208,0.0007807040305483992,0.0006454326951276854,0.0005675110359197428,0.0003880498442291036,0.9960966049937208,0.001521697400454347
6301,3,3,0.9979955816031748,0.0004077844359867711,0.00039872220197778276,0.9979955816031748,0.0004802939786943003,0.00033989442771770434,0.00037772335244861153
6302,5,5,0.9960269580699883,0.00040801476312330673,0.0007496582432041592,0.001005545223462303,0.0004651252658449792,0.9960269580699883,0.0013446984343769516
6303,2,2,0.9977027375344648,0.0003283643715962485,0.9977027375344648,0.00047898174115273577,0.0003006561258136409,0.0004459536930892921,0.0007433065338833479
6304,4,4,0.9979750416149156,0.0004900779992703964,0.0003186972140276059,0.0004184659878658411,0.9979750416149156,0.0004268980077507257,0.0003708191761698672
6305,1,1,0.9982860171447403,0.9982860171447403,0.0001659660252913304,0.00031573186985261813,0.0004986567399354398,0.00028612704757958123,0.00044750117260079954
6309,1,1,0.9983192206942952,0.9983192206942952,0.00021954508239930092,0.0003432692652169027,0.00048744778039791134,0.0002671462166763159,0.00036337096101431626
6310,5,5,0.996185626155307,0.0008009199140827941,0.0008085267824432074,0.0004799494467569665,0.0003392553567300694,0.996185626155307,0.0013857223446798969
6312,1,1,0.9983292500081324,0.9983292500081324,0.0002346009925389997,0.00035532320442272777,0.0004079151371952259,0.0002344276501199714,0.0004384830075906426
6314,2,2,0.9977595317779989,0.0002436756357360836,0.9977595317779989,0.00040864071314982044,0.0002774666550231759,0.0006752629891416249,0.0006354222289503602
6315,5,5,0.9966345284971178,0.0005477475854341669,0.0006851280241624407,0.0005916263822399214,0.0004479443240248286,0.9966345284971178,0.001093025187020931
6316,6,6,0.9939354975313816,0.0017063165536124387,0.0016557108146340695,0.0008923308091410756,0.00041121307305265795,0.001398931218178195,0.9939354975313816
6317,5,5,0.996555307515569,0.00039849551724857076,0.0006841441938915617,0.00048233803400068293,0.0005600845789682117,0.996555307515569,0.0013196301603220029
6318,1,1,0.9983779093423875,0.9983779093423875,0.0002004950148566564,0.00034863913059535455,0.00039996248976265856,0.00029445151763992283,0.0003785425047577799
6319,5,5,0.9966151399630089,0.0006840150065107317,0.0007128908383748527,0.0004183232203874948,0.0004718843980729541,0.9966151399630089,0.001097746573645103
6320,2,2,0.9978928442744524,0.00026721450369296396,0.9978928442744524,0.000411067643121878,0.0003102877673561593,0.0005952215569856546,0.0005233642543909665
6321,6,6,0.9943380351106822,0.0014162708847964428,0.0014333555307342299,0.0008711044848776391,0.0003857535542680306,0.0015554804346414345,0.9943380351106822
6322,5,5,0.996725800047703,0.0004993769716642642,0.0006538185623010916,0.00043124710814409996,0.0004970922042793396,0.996725800047703,0.0011926651059082978
6323,4,4,0.9980607935841184,0.00041930335930032495,0.0003216913033919001,0.0005167541217946619,0.9980607935841184,0.0003543402976451067,0.0003271173337495852
6324,4,4,0.998093336124716,0.00043843955614477264,0.0003209023364337668,0.0004347986668484595,0.998093336124716,0.0003769058494846005,0.0003356174663724582
6325,6,6,0.9946494497045637,0.0013431569987780742,0.0014027846925793522,0.000930403456803155,0.0004267329263673712,0.0012474722209083653,0.9946494497045637
6326,4,4,0.9980232488722325,0.0005218887158621861,0.00034112489472486857,0.0004483985100531791,0.9980232488722325,0.00034926040565456295,0.00031607860147281303
6327,3,3,0.9969256484583645,0.00027434193081734534,0.0010117849997346767,0.9969256484583645,0.0005351040725998522,0.0005872464368518177,0.0006658741016318522
6328,4,4,0.9978836272295601,0.0005719951058325365,0.00036361476281552906,0.00046535235450845963,0.9978836272295601,0.00041417923445597154,0.0003012313128273376
6329,2,2,0.9979124887149414,0.0002841118320665974,0.9979124887149414,0.00037622190684294144,0.00030339108290473193,0.0005801471544904758,0.0005436393087537852
6332,1,1,0.9983782120141376,0.9983782120141376,0.00019176054257777608,0.00030829997012440924,0.0004485248355068428,0.0002834242293559439,0.00038977840829754895
6333,4,4,0.9980386389562391,0.0004943592600170545,0.0003354816163761276,0.00045508448289845616,0.9980386389562391,0.00037138785778461367,0.0003050478266847694
6335,4,4,0.9979861337173624,0.0005078153011082152,0.0003658750268195382,0.00045686226795623434,0.9979861337173624,0.0003919028426687367,0.0002914108440848416
6337,5,5,0.9961053231580668,0.000930847786444507,0.0007076027915392074,0.0004782987868890423,0.0005886430441718705,0.9961053231580668,0.0011892844328886105
6338,4,4,0.9979799128808807,0.0005567269171208386,0.000322989199313016,0.0004437325341861617,0.9979799128808807,0.0003895341375365594,0.0003071043309626703
6340,2,2,0.9969445496831331,0.0002850365787941943,0.9969445496831331,0.000601645394753109,0.0004176653010348171,0.0013176840734328875,0.0004334189688519414
6341,5,5,0.9968368889613729,0.0005037458574479288,0.0006702923705674168,0.0005126536095884214,0.0004918107827446407,0.9968368889613729,0.0009846084182787917
6342,1,1,0.9983904425504938,0.9983904425504938,0.00023220798323657515,0.00030053785495599904,0.0003426206261852415,0.00029624154747652997,0.0004379494376518386
6343,3,3,0.998033426426724,0.00033180801463616213,0.0004517182654346107,0.998033426426724,0.0004431986723615356,0.00039525267462401953,0.0003445959462196926
6344,2,2,0.9976647018643329,0.0002819168764114754,0.9976647018643329,0.0005786854376813763,0.000309189552387378,0.0006727130464996131,0.000492793222687313
6346,3,3,0.997990952388065,0.0003217494863635476,0.0004236642138148135,0.997990952388065,0.0004955778074334026,0.00044004329835872774,0.0003280128059645249
6347,2,2,0.9978775818563802,0.0002949294176476102,0.9978775818563802,0.0003648651851666342,0.000313588346487372,0.0006394103118272151,0.0005096248824907756
6348,1,1,0.998207397794349,0.998207397794349,0.0002607327633375949,0.00035412479671358935,0.0004856993074253971,0.0002974247462820497,0.0003946205918924726
6351,5,5,0.9966836115118347,0.00048445611137041357,0.000648944434318734,0.0005029242371790242,0.0005360640107024009,0.9966836115118347,0.0011439996945946617
6352,4,4,0.9980446921689137,0.00047239950500714567,0.0002838526164939412,0.0005316048430299916,0.9980446921689137,0.00033390017266918964,0.00033355069388604357
6353,4,4,0.9978008994956559,0.0007321389952074264,0.0003382615439433681,0.0004756182377080805,0.9978008994956559,0.00036898162691676004,0.0002841001005685057
6354,5,5,0.9967396188438759,0.0005925476620245296,0.000705655267744399,0.00042095087795267845,0.000545717040815988,0.9967396188438759,0.0009955103075865715
6355,3,3,0.9980754096500246,0.00031107912850685107,0.0004194184622601179,0.9980754096500246,0.0004497845562750126,0.0004023458053219191,0.0003419623976115697
6357,1,1,0.9982805006586739,0.9982805006586739,0.00023492288419515737,0.00039490152400764816,0.00043831293678457125,0.00025197251680190644,0.00039938947953693733
6358,3,3,0.9979774410492903,0.0003704865541556929,0.0004417389306195231,0.9979774410492903,0.000492130117855281,0.00033603064550476153,0.0003821727025744176
6359,1,1,0.9981066012572639,0.9981066012572639,0.00020266057540541802,0.00026078004424214755,0.00031648568474243276,0.0006473429009231347,0.0004661295374230048
6360,3,3,0.998046833898515,0.00030098161584787923,0.00042567409102546404,0.998046833898515,0.0004997505833410228,0.0003789437313038687,0.0003478160799667311
6363,1,1,0.9983817913249836,0.9983817913249836,0.0002057921638115138,0.0003284841266358526,0.0004215016912522869,0.00028095666654730597,0.0003814740267693826
6364,5,5,0.9967614533177327,0.000514259828418796,0.0008211534195274201,0.000492902099871611,0.0003738420022315928,0.9967614533177327,0.001036389332217929
6365,5,5,0.9964222802171095,0.0005756708499358543,0.0005829217781788189,0.000828085400215025,0.00048651088792899173,0.9964222802171095,0.0011045308666317209
6366,5,5,0.9962990600779887,0.0004819710312836657,0.0007502456800288466,0.0004253395481034536,0.0004954120820306173,0.9962990600779887,0.0015479715805647245
6367,3,3,0.9979402647995073,0.0004019726274863581,0.00043699949568471087,0.9979402647995073,0.00041855540837802815,0.00046104429514698365,0.000341163373796782
6368,3,3,0.9979631749465243,0.00035762536030021694,0.0004165035725746315,0.9979631749465243,0.0005391372751651064,0.0003706282821630205,0.00035293056327276794
6369,6,6,0.9944640981047739,0.0014013928575714039,0.0014900672229980984,0.0009208606194751707,0.00041071532123948594,0.001312865873941949,0.9944640981047739
6371,1,1,0.9982902984668717,0.9982902984668717,0.00020294990791157972,0.0003208793642735794,0.00031298858966943144,0.00032278289996001295,0.0005501007713136846
6372,4,4,0.9979734607580872,0.0003630309216820586,0.0002845288719719631,0.000644221118776257,0.9979734607580872,0.00032486872928740805,0.00040988960019503585
6373,1,1,0.9982958143293128,0.9982958143293128,0.00021101837492336576,0.0003416112175169844,0.0005100344301554019,0.00023916531762621133,0.00040235633046523496
6375,6,6,0.993908571056058,0.0014104285006580018,0.0017041464668573947,0.0008629986372707879,0.00038654070877074267,0.0017273146303850588,0.993908571056058
6376,2,2,0.9976486171514827,0.0002900445775324715,0.9976486171514827,0.00042403131863702676,0.00030702669306944993,0.0006750356947224162,0.0006552445645560154
6377,6,6,0.994472276028146,0.0014201837898548395,0.001471207814115839,0.0009168862082840426,0.00044455382394240295,0.0012748923356568603,0.994472276028146
6380,5,5,0.9967835873531866,0.000511144856215168,0.0007959489962244152,0.0005059101832023295,0.00048012902134682474,0.9967835873531866,0.0009232795898246596
6381,2,2,0.9978344713024243,0.0002692475625465001,0.9978344713024243,0.0005167246431089998,0.00034163837035420483,0.0005111155777921287,0.0005268025437738516
6383,1,1,0.9982885335849466,0.9982885335849466,0.00021539701895176622,0.0002738772786525242,0.00037520738277932046,0.000423084462614768,0.0004239002720550428
6384,5,5,0.9960761105889061,0.0008968377938205829,0.0006928907099007879,0.0005181369234639092,0.00038103357161954496,0.9960761105889061,0.0014349904122891637
6385,3,3,0.9980477699118611,0.0003214390211772,0.0004043407924890399,0.9980477699118611,0.0004912262963550725,0.0003710313692024292,0.0003641926089151768
6386,5,5,0.9960386369274011,0.000944028281085966,0.0007802730241941322,0.00047692584830074855,0.0005025469970024359,0.9960386369274011,0.0012575889220156318
6387,5,5,0.9964469316081978,0.0005430594965223238,0.0006510675263270536,0.0005570715925657765,0.0007192019152285565,0.9964469316081978,0.0010826678611585352
6388,3,3,0.997994501748694,0.0003181574446428902,0.0003839221162007964,0.997994501748694,0.0005238088567248106,0.00038829525758831275,0.00039131457614924114
6390,2,2,0.9978361490866681,0.00030734104079197563,0.9978361490866681,0.00041934273498923653,0.00035475397345738124,0.0004978049429272011,0.0005846082211661836
6392,3,3,0.9980606011197066,0.0003063665297959603,0.00036346030419144495,0.9980606011197066,0.0004742301899093864,0.00036664615523708066,0.00042869570115953553
6393,3,3,0.998025345292907,0.00038510287544180375,0.000434543964288051,0.998025345292907,0.00041358041851550115,0.00038606167196316685,0.0003553657768845114
6395,6,6,0.9944395984540951,0.0014754694369743559,0.0014799275617082784,0.0008444291277413994,0.0004165665872403355,0.0013440088322404465,0.9944395984540951
6396,3,3,0.9980411110680166,0.0003348155355848569,0.0004524121839777635,0.9980411110680166,0.00048119660040625394,0.0003509489532466647,0.00033951565876791005
6398,1,1,0.9983897066383415,0.9983897066383415,0.00021165840815640035,0.0003209605791346141,0.00042090410909052366,0.00022952460700075477,0.00042724565827617904
6399,2,2,0.859782352430505,0.00046880465430694914,0.859782352430505,0.0007092209534301995,0.0007698653044526316,0.1358007215179448,0.0024690351393603215
6400,3,3,0.9980313044487031,0.0003392163733820971,0.0004483001477770167,0.9980313044487031,0.0004836366794549351,0.0003616933195420733,0.00033584903114077777
6401,4,4,0.997977054144105,0.0004357018229413226,0.000347706219032433,0.0005471235359832266,0.997977054144105,0.0003783382326877516,0.0003140760452503351
6402,2,2,0.9623031007281403,0.0005142301081314628,0.9623031007281403,0.0004509971762091773,0.00047378815297868977,0.034946560812894545,0.0013113230216456324
6403,3,3,0.9967927302460436,0.000563354404105461,0.0006755045591938096,0.9967927302460436,0.0012138048145213117,0.0003684888057328738,0.0003861171704029599
6404,1,1,0.9982811037635773,0.9982811037635773,0.00024354902717120379,0.0003580005369289917,0.0004888059252913468,0.00029187110556212704,0.00033666964146904867
6405,6,6,0.994429930592985,0.0014484406627791983,0.0014539141622091048,0.0008532502486085178,0.00043469532581072863,0.001379769007607445,0.994429930592985
6407,2,2,0.997814616999895,0.00033476781561159446,0.997814616999895,0.0004658627843463033,0.0003462704638737853,0.0004727962187136811,0.0005656857175595516
6408,6,6,0.9945751237271424,0.0012778715217522964,0.0014294235459281783,0.0009353879542820086,0.0003897327330890887,0.0013924605178059894,0.9945751237271424
6409,6,6,0.9946418760647614,0.0012879332915269567,0.0014328613997250184,0.0009028130808020929,0.00038993529383860416,0.0013445808693458808,0.9946418760647614
6410,4,4,0.998000763111661,0.00047470444077499463,0.0003526112863554977,0.0004494291328530232,0.998000763111661,0.00039289337270819396,0.0003295986556473693
6412,6,6,0.9943668983946911,0.0014644589895879024,0.0014958543415685625,0.0008385726872808818,0.00044810411468548084,0.0013861114721861127,0.9943668983946911
6413,2,2,0.9975655863649382,0.0003211553519382991,0.9975655863649382,0.00041450708872908327,0.00029248333275849145,0.0007977460672935594,0.0006085217943425062
6414,5,5,0.9885710436491346,0.0005006822456290063,0.008131165513678195,0.0003969972535679904,0.0003491528819189045,0.9885710436491346,0.002050958456071324
6419,4,4,0.9980181586029402,0.000431808735997245,0.0003375464337749392,0.0005369958305123474,0.9980181586029402,0.0003472630387381972,0.00032822735803708446
6420,6,6,0.9943405996928509,0.0014452805926615454,0.001515622343279412,0.0010253252156291943,0.0004264684072326263,0.0012467037483463199,0.9943405996928509
6421,4,4,0.9980131076002066,0.0005325754642904571,0.0003221084473279393,0.00043769289409529774,0.9980131076002066,0.00038900768207043537,0.0003055079120093282
6422,6,6,0.9937517592396999,0.0016728278469222515,0.0016202318672951456,0.0009795221804926066,0.0004781307332961169,0.0014975281322938988,0.9937517592396999
6423,4,4,0.9980656702154275,0.0004956075088415851,0.0003248179046459315,0.0004365582512941797,0.9980656702154275,0.00035880774504008203,0.00031853837475081956
6425,3,3,0.997989238089056,0.000293480890399857,0.00036403218857079394,0.997989238089056,0.00044627921096440637,0.00046942368428955786,0.00043754593671933986
6426,5,5,0.9965534951825187,0.00044822009356281433,0.0007689154580618729,0.00045090911307414655,0.00043027074135031687,0.9965534951825187,0.0013481894114322592
6427,4,4,0.9980546751040545,0.0004466154484235272,0.0003179591224423286,0.00047196921950205437,0.9980546751040545,0.0003610846807223166,0.0003476964248553744
6428,4,4,0.9979705382960067,0.0005904389062912252,0.00032164075489131617,0.0004639632903592053,0.9979705382960067,0.0003470532887525306,0.00030636546369909687
6429,3,3,0.9979437380464823,0.00033030482707446297,0.00037160479390812066,0.9979437380464823,0.000575193051660816,0.0004126625295514965,0.00036649675132280894
6430,6,6,0.9946034057059447,0.0013634813742852,0.0013961283073544504,0.0009424041570752519,0.00042872742151722976,0.0012658530338231758,0.9946034057059447
6432,2,2,0.997683259517832,0.00027618728175773553,0.997683259517832,0.0005186859493559645,0.0003287655910420049,0.000659605935893151,0.0005334957241191732
6433,4,4,0.9980447438433914,0.00047954708108481083,0.00030393232454307024,0.0005125770187536906,0.9980447438433914,0.0003610407928238716,0.00029815893940318916
6434,3,3,0.9979187497083815,0.00041713651440228306,0.0004163925041065147,0.9979187497083815,0.0005504545795950572,0.0003770337075345883,0.0003202329859801088
6435,3,3,0.997977124723349,0.00034216312781449633,0.00039716814759422324,0.997977124723349,0.0005722241162229571,0.0003392246594347439,0.0003720952255847315
6436,4,4,0.998002263797463,0.0004437249008097719,0.0003330184663251792,0.0004922722161807539,0.998002263797463,0.00032755390183587265,0.00040116671738542374
6437,5,5,0.9970501929716973,0.00047260390237086134,0.0008821146567339328,0.0004687530289403091,0.00034526550209180545,0.9970501929716973,0.0007810699381658835
6439,6,6,0.9946136479793508,0.0013450441996583483,0.001467660973091023,0.000880744361473074,0.00039259960803405224,0.0013003028783926589,0.9946136479793508
6440,4,4,0.9979670596173209,0.0004989301645597284,0.00037264884853751835,0.0004861249448811726,0.9979670596173209,0.00033841244132782917,0.00033682398337291287
6441,2,2,0.9971492822987582,0.00023415437168209443,0.9971492822987582,0.0003282191152719319,0.0003013951044411652,0.0014841341086132053,0.0005028150012333503
6442,3,3,0.9980785815371788,0.0003110005998389795,0.00037179818859165434,0.9980785815371788,0.0004703029955076861,0.0003787904719835709,0.0003895262068995137
6444,4,4,0.9979704771762432,0.0005186057340470956,0.00033739048727053037,0.0004839615503041074,0.9979704771762432,0.00037220617989927834,0.0003173588722358077
6447,5,2,0.5715431124667172,0.00106792806651022,0.5715431124667172,0.0017036124345977787,0.0013518054392370655,0.42057858019021577,0.0037549614027219728
6450,5,5,0.9966241285173639,0.0006509458287556304,0.00068206859244292,0.0004273946176247543,0.0004975361016435752,0.9966241285173639,0.0011179263421691834
6451,1,1,0.9983842558787412,0.9983842558787412,0.00018854130972149788,0.0002981716168631868,0.00044504875063965094,0.0003200894739235253,0.0003638929701109806
6457,4,4,0.998109196098832,0.0004078575480944815,0.00029912206049969073,0.0004812446009563708,0.998109196098832,0.0003513464673094723,0.0003512332243080424
6458,2,2,0.993598004422955,0.00033635412829795394,0.993598004422955,0.0007897127446967184,0.0006830920948135722,0.0040003387924178666,0.0005924978168189404
6459,2,2,0.997864809731856,0.0003089459288863254,0.997864809731856,0.0003982455053242616,0.0003345235981426485,0.000576046718458974,0.0005174285173316088
6461,1,1,0.9982790922101777,0.9982790922101777,0.0002395363542698703,0.00036077391849275494,0.00043682404080582155,0.00029329860054210085,0.00039047487571174317
6462,6,6,0.9935364551063524,0.0017946963964212022,0.0015801991777428192,0.0008332752396114374,0.00046124066797139876,0.0017941334119008267,0.9935364551063524
6463,4,4,0.9979805928300304,0.00040974345219407316,0.00034759204403113597,0.0005331803422022168,0.9979805928300304,0.0004059860019453377,0.0003229053295968801
6464,6,6,0.9942623494329895,0.0014335219917705378,0.0015134867459557606,0.0009468195024065417,0.0004559713469679807,0.0013878509799096354,0.9942623494329895
6467,2,2,0.9978186291409835,0.00025282911803922725,0.9978186291409835,0.00032917603537839166,0.0002939782979729399,0.0007955094652083212,0.0005098779424175786
6468,5,5,0.9966736952457405,0.0004884402112269128,0.0006590519862779112,0.0005227731848356823,0.0004971318372928618,0.9966736952457405,0.0011589075346261767
6470,1,1,0.9983513856981039,0.9983513856981039,0.00022863517971601142,0.00037050506564788413,0.0003941807681527715,0.00024279157290954675,0.0004125017154698704
6472,4,4,0.9978000967130457,0.0005134214527086735,0.000424948947384013,0.0005154647745286045,0.9978000967130457,0.0004736485927882878,0.0002724195195446822
6473,2,2,0.9978244253255275,0.00032648889296139433,0.9978244253255275,0.000361507116351662,0.00033983273722259345,0.0005488643627279382,0.0005988815652089532
6474,4,4,0.998025724240785,0.00044387774614702954,0.0002923420831086906,0.00046555800325981476,0.998025724240785,0.00038526205250913206,0.00038723587419040744
6475,1,1,0.9983037477039477,0.9983037477039477,0.000196108307784175,0.00031600255294954484,0.000516606136954464,0.0002968832553557349,0.0003706520430085095
6477,3,3,0.9979652073714271,0.0003163086919549832,0.00040307364168750093,0.9979652073714271,0.0005563702382647286,0.00041962822043973137,0.00033941183622599423
6478,3,3,0.9979816618175343,0.0003334955924452741,0.0004058584916083778,0.9979816618175343,0.0005174851400757886,0.00038768285638258684,0.0003738161019536587
6479,3,3,0.9979591215874494,0.0003165270356573209,0.00036737675875692837,0.9979591215874494,0.0004691002738264354,0.0005105480617264204,0.00037732628258356883
6480,6,6,0.9944969162311273,0.0014577553877019782,0.0014891709947020997,0.000865868730039469,0.0004160514361168287,0.0012742372203122612,0.9944969162311273
6481,3,3,0.9980617657034606,0.000327966967857899,0.00041407579559743117,0.9980617657034606,0.00045997567621928955,0.00039113854455569033,0.0003450773123091064
6482,5,5,0.9918647839353817,0.0019233383624860068,0.0021582788994017332,0.0003302484439084904,0.0006035461675040644,0.9918647839353817,0.0031198041913180013
6483,5,5,0.9909601909598916,0.0030982259978988114,0.0010718339519793065,0.0005568064820891741,0.0004559190192670422,0.9909601909598916,0.0038570235888741038
6485,1,1,0.9982586492860267,0.9982586492860267,0.000198103574601304,0.00035291691856831044,0.0003946438660550474,0.0002747996765649299,0.0005208866781837122
6486,4,4,0.9980671473463257,0.0004370927695687934,0.00033378066707090957,0.0004407398867855706,0.9980671473463257,0.00035620231507543906,0.0003650370151735164
6488,1,1,0.9982809957109492,0.9982809957109492,0.0002245037744013295,0.0003468997870914128,0.0004993490261008821,0.0002779080805897258,0.0003703436208675002
6490,5,5,0.9970431766299751,0.0004260160136232532,0.0007990929171819166,0.00047626496936974935,0.00042138038468519375,0.9970431766299751,0.0008340690851648247
6491,5,5,0.9962369458717444,0.0008854868582923791,0.0006731095663369757,0.0004896406442533413,0.0004041895839527376,0.9962369458717444,0.0013106274754202513
6492,3,3,0.9979843734034026,0.00035160118030236743,0.0004188676097506182,0.9979843734034026,0.0005291637890455427,0.00038371213378117215,0.00033228188371772733
6494,2,2,0.9978015834174059,0.00029717513275672147,0.9978015834174059,0.0003359157064218776,0.0002979834043212047,0.0006983253277100474,0.0005690170113842812
6495,2,2,0.9978414169928544,0.00030066779025516807,0.9978414169928544,0.0004927869594508548,0.00031956266748935455,0.0004983927649808276,0.0005471728249693106
6496,4,4,0.9980336649884946,0.00039876898876776225,0.0003205344809378041,0.000507982372975278,0.9980336649884946,0.0003861372559258205,0.00035291191289879087
6498,2,2,0.9977905669544772,0.0002768881945819909,0.9977905669544772,0.0005019586492695233,0.00034483259963269045,0.0005322926983942344,0.0005534609036443834
6500,3,3,0.9979005252470918,0.00035920081459684755,0.00048291172921145363,0.9979005252470918,0.0005279628253343498,0.0003427710924399779,0.00038662829132553637
6501,4,4,0.9980484431365829,0.00043573423394279977,0.0003556396761407248,0.00046930826785803777,0.9980484431365829,0.00037572239636816083,0.0003151522891073997
6503,4,4,0.9979058269728557,0.0005370317250087217,0.00032445845829095994,0.000540309398317777,0.9979058269728557,0.00040360527562124606,0.00028876816990564366
6504,6,6,0.9930430405916572,0.001785532527360307,0.001815726470146319,0.0009395250586159026,0.0004618380512350463,0.0019543373009852454,0.9930430405916572
6505,1,1,0.9984260814935424,0.9984260814935424,0.000196438021136747,0.0003142521314688239,0.00040664416226787286,0.0002574167742698048,0.00039916741731431236
6512,4,4,0.9979789865004464,0.00041620185997640595,0.00028452093863351506,0.0005899868563338376,0.9979789865004464,0.00035378115759536824,0.00037652268701458325
6513,3,3,0.9980372564314602,0.0003177074470136374,0.0004027113810858513,0.9980372564314602,0.0005333003818530476,0.00034640984769783873,0.000362614510889395
6515,4,4,0.9979945390207284,0.0005209366152510022,0.000354412434028032,0.0004746023624160284,0.9979945390207284,0.00034077854259468025,0.00031473102498181556
6517,5,5,0.9969137148114439,0.00046303104874984583,0.0006408579343930148,0.0005124644016937048,0.0004988034705373453,0.9969137148114439,0.0009711283331822662
6518,5,5,0.9961907441287309,0.0006171131866994404,0.0007395343844389948,0.00041111660805515115,0.000448902492406665,0.9961907441287309,0.0015925891996688537
6519,2,2,0.9977651715959026,0.00025509553795820695,0.9977651715959026,0.0003482117110205202,0.0002838973610652769,0.0007370833402091261,0.0006105404538442398
6523,5,5,0.9965516639438816,0.0005575205606031383,0.0006543830590335495,0.0004423693600628055,0.0005273665465882971,0.9965516639438816,0.0012666965298305727
6525,6,6,0.9945765406339759,0.0012706925208577525,0.0014633812925579188,0.0009243920490411283,0.00039411850024049567,0.0013708750033268114,0.9945765406339759
6527,4,4,0.998050627710762,0.000433943527575015,0.0003001720865557659,0.0005372858388999016,0.998050627710762,0.00035257932170048954,0.0003253915145066132
6528,5,5,0.9964693145240063,0.0004817238641495025,0.0007281056138025341,0.0005808945488862088,0.0005792675866604251,0.9964693145240063,0.0011606938624949554
6529,6,6,0.9917795975614773,0.0013424580306899735,0.003800797402283366,0.0011247979393976854,0.0003961320214943436,0.0015562170446574034,0.9917795975614773
6530,4,4,0.9980617977718115,0.00046510043878948275,0.00034359649145556,0.00045488502379187817,0.9980617977718115,0.0003620409850977126,0.00031257928905386624
6531,5,5,0.9967858632955153,0.0005308795868809029,0.0007730402162391706,0.00048678146367360964,0.0003804544042875029,0.9967858632955153,0.0010429810334035535
6532,3,3,0.9979169356916057,0.0003915400355037624,0.00040313121735369677,0.9979169356916057,0.0005851657704697003,0.0003444391267574656,0.0003587881583096571
6535,1,1,0.9983653547916059,0.9983653547916059,0.00018144402059333642,0.0002878733829309624,0.0003832686098929711,0.00033584548919226675,0.00044621370578427856
6537,6,6,0.9945405994974784,0.0014171484630752665,0.0014466829128490224,0.0009063753238119975,0.0004219066622193807,0.0012672871405658905,0.9945405994974784
6538,3,3,0.9978736836587072,0.0004671995771219365,0.000473263157315209,0.9978736836587072,0.000427944557965812,0.00041939690728946014,0.000338512141600385
6539,6,6,0.9946635177034836,0.0012839943463874527,0.0014145547172430973,0.0009598500139391056,0.00041375712557259345,0.0012643260933741444,0.9946635177034836
6540,1,1,0.9983289838521743,0.9983289838521743,0.00024007479123460708,0.00033866368499903363,0.0004179004255682028,0.00024161759965491463,0.0004327596463690591
6541,6,6,0.9946027254244093,0.0013155620354858015,0.0014310433555153271,0.0009359136321247475,0.0003872432515356953,0.0013275123009291242,0.9946027254244093
6542,5,5,0.9964454632336391,0.0005981686325938761,0.0005707757002930606,0.00047156246076360785,0.0005356227555771821,0.9964454632336391,0.0013784072171331085
6544,4,4,0.9980601444413904,0.0004679537832181074,0.00033649336900365304,0.000456461727193875,0.9980601444413904,0.0003592725027543275,0.000319674176439702
6545,2,2,0.9978936950220866,0.0002849256111682197,0.9978936950220866,0.00040658511631723134,0.00031848835030618127,0.0005511488690971969,0.0005451570310245481
6546,3,3,0.9980483346453648,0.0003400083729188994,0.0004129569601783062,0.9980483346453648,0.0004995352516162247,0.0003577312404212264,0.0003414335295005304
6547,3,3,0.9980292269988253,0.0003595789217986398,0.0004298036454595,0.9980292269988253,0.0005019303336485493,0.0003382944454105823,0.0003411656548574761
6549,4,4,0.998112796691361,0.00040767897692635765,0.00029861065527802617,0.0004344848562136335,0.998112796691361,0.000375742325165579,0.00037068649505542375
6550,4,4,0.9980512569580229,0.0004641357966477932,0.00031516187846644835,0.0004969938165589447,0.9980512569580229,0.00033773553631338534,0.00033471601399058797
6553,2,2,0.9972206522038948,0.0002034841925405084,0.9972206522038948,0.0002924276681491583,0.0002673991884422265,0.0013915351826291038,0.0006245015643442212
6554,5,5,0.9967405241487401,0.00041632607636084523,0.0008285651600013028,0.0004931548048777373,0.0005297888441639897,0.9967405241487401,0.000991640965856049
6555,2,2,0.9976130417002093,0.00030518542696744087,0.9976130417002093,0.00044832363158071794,0.000275722052216502,0.0005730172573097487,0.0007847099317162828
6556,4,4,0.9980032080029069,0.0004846429623206416,0.0003220180299043541,0.0004629287685349143,0.9980032080029069,0.00036757609031900346,0.0003596261460142353
6557,3,3,0.9978699866019569,0.00031653257603511496,0.0003755230507987887,0.9978699866019569,0.000543451884617996,0.00034888303054512993,0.0005456228560460071
6558,3,3,0.997877517914136,0.0003583908259771659,0.0004276891653259257,0.997877517914136,0.0004914610951670483,0.0004274907936334152,0.00041745020576038175
6560,1,1,0.9981918599847,0.9981918599847,0.00019960798356735205,0.000332314200490164,0.0006061159015000005,0.0003462319444532729,0.00032386998528931
6561,1,1,0.9981757430454007,0.9981757430454007,0.0001756749848413932,0.00034624882488898623,0.0005936034738925151,0.0002834484047300873,0.0004252812662464463
6563,4,4,0.997957874001667,0.000505268188634236,0.00033900887277030705,0.0004619071223117243,0.997957874001667,0.0003797331322406872,0.00035620868237604196
6564,6,6,0.9945970459047534,0.0014211260264051383,0.0014140507690296163,0.0008532235245379278,0.0004148126041137933,0.00129974117116017,0.9945970459047534
6565,2,2,0.9062806036645118,0.000513736697489851,0.9062806036645118,0.00041931211078159275,0.0005353846510850763,0.08942929916628102,0.0028216637098507015
6566,1,1,0.9982102233059272,0.9982102233059272,0.0002681568524417962,0.0002709162740061872,0.00033117788145290566,0.0004184879786013752,0.0005010377075705907
6567,5,5,0.9962273199568603,0.0008889828955082696,0.0006440677457149665,0.0004236314216302069,0.0006379606557990371,0.9962273199568603,0.0011780373244872175
6568,5,5,0.9966869842386933,0.0003913124340595612,0.0011215337896367252,0.00042629963256816077,0.0003942788710505777,0.9966869842386933,0.000979591033991663
6569,4,4,0.9980616612515777,0.00040657832562202576,0.00032413889750330634,0.0004604362187953573,0.9980616612515777,0.00037671657130053664,0.0003704687352010287
6571,2,2,0.9978762751594328,0.00028093066192745695,0.9978762751594328,0.0003775514313667668,0.00029237024386713414,0.0005519429119861445,0.000620929591419772
6573,1,1,0.998412606877433,0.998412606877433,0.00020667079615493085,0.00030304997859105574,0.0004115925103109671,0.00025833948108591807,0.0004077403564241209
6575,5,5,0.9966654527821389,0.0004486758999910387,0.000744995686968464,0.0005331583855612877,0.00042625954691768563,0.9966654527821389,0.0011814576984226148
6576,5,5,0.996229278617938,0.00027012581821487646,0.0017412132245423725,0.0003436808637401499,0.00039446780699603626,0.996229278617938,0.0010212336685686278
6579,2,2,0.9967880845476262,0.00025670566618753507,0.9967880845476262,0.00035858657028450363,0.00025684746005800486,0.0018706921210437722,0.00046908363479992706
6580,1,1,0.9983034172274339,0.9983034172274339,0.00020184539185182757,0.00034198311763753016,0.0005129011165157493,0.0002602706693068113,0.0003795824772542049
6583,1,1,0.9982838659736164,0.9982838659736164,0.000226006873969093,0.00038657733954007047,0.0004897130724370054,0.00026899632866999787,0.0003448404117674781
6584,6,6,0.9947227915229316,0.0013083939459706075,0.0013591495102526759,0.001003717369439785,0.00039038525730000984,0.0012155623941052672,0.9947227915229316
6585,5,5,0.9959859038631658,0.00032127857451382354,0.002074764764197553,0.0003459426733137281,0.00033636856103644064,0.9959859038631658,0.0009357415637727306
6586,5,5,0.9965450344285907,0.0004921510204358484,0.0006475949309063526,0.0004786048460364793,0.0005136539202886412,0.9965450344285907,0.0013229608537420618
6587,3,3,0.9979485689043631,0.0002735533003614808,0.0005281216485902102,0.9979485689043631,0.00047086102735470345,0.00035358167312881506,0.0004253134462016271
6590,6,6,0.7719735413327168,0.004166268229411586,0.009485733584899762,0.12251794195596662,0.01403058210817885,0.07782593278882638,0.7719735413327168
6591,2,2,0.9978371301790884,0.00032888432599340864,0.9978371301790884,0.00034514807232852987,0.0003372977787553851,0.0005764069048444879,0.0005751327389898598
6592,6,6,0.9945130005217534,0.0012993990228340308,0.0014970896947764766,0.0009444123972460893,0.000413215035524341,0.0013328833278656604,0.9945130005217534
6593,1,1,0.9984028500443946,0.9984028500443946,0.00018081720130624744,0.00029274025471438185,0.00032688445966498587,0.0003349493635638152,0.0004617586763560324
6594,5,5,0.9969911370462581,0.0004317881450743173,0.0006816410901595778,0.0004914752106711532,0.0005320585223487196,0.9969911370462581,0.000871899985488231
6595,3,3,0.9978824160067872,0.00035209922721580046,0.0005031882871411934,0.9978824160067872,0.0005783669237072629,0.0002978316660222399,0.0003860978891263031
6597,2,2,0.9978010799797695,0.0002528902436465241,0.9978010799797695,0.00035055448696772324,0.00030169279581671526,0.0007743709370894447,0.0005194115567100602
6598,2,2,0.9977889734980477,0.00033008321089795595,0.9977889734980477,0.00048077191214169167,0.0002966914235329254,0.0005687420873451741,0.0005347378680344727
6601,5,5,0.9943827676022603,0.0005173607062931888,0.0015738393864537833,0.0016290558736727426,0.0008702050212893562,0.9943827676022603,0.0010267714100306799
6603,3,3,0.9979824821167853,0.00039760857843897926,0.00046064453446653024,0.9979824821167853,0.0004563000020539271,0.00032241021921716777,0.00038055454903808097
6604,2,2,0.9978083812798292,0.0002453280283589122,0.9978083812798292,0.0003268618551411465,0.0003140864379227789,0.0007483551045772045,0.0005569872941708833
6605,4,4,0.998033188908598,0.0005174775534385351,0.0003342709847051967,0.00044881882594314696,0.998033188908598,0.00035153383379557155,0.00031470989351949026
6607,2,2,0.9978965069933295,0.0002943036306842366,0.9978965069933295,0.00042219253598698857,0.0003152016959035166,0.0005211483608573505,0.0005506467832383522
6608,2,2,0.9974642256253551,0.00022024877956659382,0.9974642256253551,0.00034483982383982123,0.00024104001609038327,0.001236752748531585,0.0004928930066165827
6609,5,5,0.9970386026016527,0.0004984004175227567,0.0006509302568380682,0.0004919093909935602,0.0004192951680795839,0.9970386026016527,0.0009008621649133079
6610,6,6,0.9947078751988375,0.0013452292895778377,0.0013967450512604714,0.0009300189466254755,0.0004150339155228397,0.0012050975981758283,0.9947078751988375
6612,1,1,0.9982119598105033,0.9982119598105033,0.00021854141220339343,0.0004222301778229768,0.0005216489598500747,0.0002645221510556906,0.0003610974885647223
6613,3,3,0.9979897404353183,0.00030917469544151753,0.0004031416185199214,0.9979897404353183,0.0004684637377117787,0.000401202226634517,0.00042827728637395056
6615,3,3,0.9979245250562992,0.0003447078782733158,0.0004224164411597615,0.9979245250562992,0.0005805908928200814,0.0004076778545715243,0.00032008187687617665
6617,3,3,0.9979425260003462,0.00035452747335279776,0.00039521931481188103,0.9979425260003462,0.0005516109625980337,0.00042369109791705735,0.0003324251509741363
6618,1,1,0.9983917691744264,0.9983917691744264,0.00022499939096417204,0.00033666410485811283,0.00038719897551051503,0.0002512286205389614,0.0004081397337018779
6620,4,4,0.9979891797153296,0.00048261165073671113,0.00035832736624140165,0.00048167407094865117,0.9979891797153296,0.00035112268475408106,0.0003370845119894946
6621,5,5,0.9962030700849619,0.00048418026073075314,0.0005641433893556338,0.0006047392773612969,0.0005536174063099689,0.9962030700849619,0.0015902495812804428
6622,4,4,0.9979499776617312,0.0005773557119834782,0.0003384678140369679,0.0004719113742898165,0.9979499776617312,0.00036411559270816036,0.000298171845250314
6623,5,5,0.9971493708910334,0.0004420847817319442,0.0007795160347274671,0.00047913971908786326,0.00041146161604550146,0.9971493708910334,0.0007384269573738582
6626,6,6,0.994683781197633,0.0013153349005446324,0.0013608492158849845,0.0009405134862757041,0.00039039973395821266,0.001309121465703507,0.994683781197633
6628,1,1,0.9982742383477979,0.9982742383477979,0.00023583480661974808,0.00032976538508949424,0.00040289827835267793,0.0002547843112229933,0.0005024788709172511
6630,4,4,0.9980482655134291,0.000480518627166,0.0003198344456086789,0.0004580149906980479,0.9980482655134291,0.00038085214440314444,0.00031251427869505825
6631,2,2,0.9749819232998901,0.0002634266587035762,0.9749819232998901,0.0009746029556102698,0.000279158674436713,0.021731108062174095,0.0017697803491852715
6633,5,5,0.9958654322996782,0.0004253210945672319,0.0016173086542212163,0.0003931861303019707,0.0005317576408425473,0.9958654322996782,0.0011669941803888477
6634,4,4,0.9980683890213163,0.00046828712295104893,0.00033305735547998306,0.00045334431600932624,0.9980683890213163,0.0003599339247017218,0.00031698825954161285
6635,6,6,0.9946593125505934,0.0013922357906953871,0.001382389616117421,0.0009539048273954506,0.00039619994037735467,0.0012159572748210125,0.9946593125505934
6637,5,5,0.9964102791810927,0.0005961992242628021,0.0007779130585863373,0.0005406830873220383,0.000379579653762357,0.9964102791810927,0.0012953457949738169
6639,1,1,0.9984052101269562,0.9984052101269562,0.0002110936332287576,0.00031138497508255696,0.0003737485423472831,0.0002635029198997787,0.00043505980248543694
6640,5,5,0.9965827405881909,0.0004787046603766016,0.0006920947134805411,0.0004762450664283713,0.0005805840795702863,0.9965827405881909,0.0011896308919533266
6642,1,1,0.9983925770058889,0.9983925770058889,0.00021112156965610437,0.00029510077890102155,0.000399854288911617,0.00029880034161594354,0.0004025460150264648
6644,2,2,0.9977194287052549,0.0002487669022117303,0.9977194287052549,0.0003358768462399337,0.00029356919159214876,0.0008208299092469527,0.0005815284454543375
6645,1,1,0.9983930435305088,0.9983930435305088,0.00020831845070269398,0.00032680115424330074,0.0004252797488728354,0.000274242870903992,0.00037231424476830594
6646,1,1,0.9984689900339084,0.9984689900339084,0.00020589022857765547,0.0002771895821289173,0.00032529673220653687,0.00028713878532171655,0.00043549463785670916
6647,2,2,0.9969317200862879,0.0003538017506125644,0.9969317200862879,0.0003794948171033881,0.0003005636243944823,0.0014222880811565698,0.0006121316404450258
6648,3,3,0.9979381906387107,0.0003675684473250545,0.00038266224639315103,0.9979381906387107,0.0005319426284521345,0.0004460019296574853,0.00033363410946156744
6650,2,2,0.997202250628032,0.00022745195869011394,0.997202250628032,0.00040235124853930346,0.0002839702862596369,0.0013849435703822133,0.0004990323080968066
6651,2,2,0.977104855231841,0.0008857561780302578,0.977104855231841,0.0016183855862819546,0.0006160903425475867,0.000866884149325011,0.01890802851197429
6652,3,3,0.9970241107174428,0.0002945024146742164,0.0005954376489414886,0.9970241107174428,0.0006823849924714139,0.0007479431162669801,0.0006556211102030603
6653,1,1,0.9982643225659291,0.9982643225659291,0.0002092354739281295,0.00037924611679516324,0.0005273142915814813,0.00026115479857286125,0.0003587267531932363
6654,5,5,0.9965719318756666,0.00047897848950179844,0.0007427373727254701,0.00044443876498117266,0.0005442766236964889,0.9965719318756666,0.0012176368734284225
6656,2,2,0.9977150596102325,0.00036567029883140874,0.9977150596102325,0.0005130717506976608,0.00039257885816708826,0.00046335285906813455,0.0005502666230031456
6658,1,1,0.9983170561998255,0.9983170561998255,0.0002267282975065207,0.00032859130444259883,0.0004181204435437781,0.0002747631041974162,0.0004347406504842787
6660,4,4,0.9980588687791851,0.00039074500609945163,0.0003412058622224103,0.00048788142805202895,0.9980588687791851,0.0003888435655189872,0.0003324553589220055
6661,1,1,0.9983818371910437,0.9983818371910437,0.00020002561246193517,0.0003321771853629585,0.0004422672666917827,0.00025111666451906034,0.0003925760799206317
6662,5,5,0.9966698084708902,0.0006201016822436479,0.0006201339292871333,0.0005197685571062302,0.0005026775076436762,0.9966698084708902,0.0010675098528291874
6665,1,1,0.9983219157149233,0.9983219157149233,0.0002392041995816102,0.0003153128963662629,0.0003767707836161983,0.00021936924132325678,0.0005274271641894169
6667,3,3,0.9980146806784338,0.0003533180833607166,0.0003958380517293572,0.9980146806784338,0.0004922242913043494,0.00040373016647635336,0.0003402087286954004
6668,3,3,0.9980119200430074,0.0003654610966586093,0.00041525015314155053,0.9980119200430074,0.00041768759887725093,0.00042525404162128814,0.00036442706669390844
6669,2,2,0.9948752306784917,0.000625158804482719,0.9948752306784917,0.002580844431997229,0.0006237409242711619,0.0007311510400946613,0.0005638741206623388
6670,1,1,0.9983239067856127,0.9983239067856127,0.00020239350389854066,0.0003562869562557303,0.00047724617775749884,0.00027525304072228767,0.000364913535753343
6671,1,1,0.998382780350828,0.998382780350828,0.0002002825296321837,0.00029816119724484136,0.00040020059200520514,0.00027736528857309225,0.0004412100417166793
6672,4,4,0.9980198158854896,0.0005211764371784074,0.0003249984879395903,0.00046843270021737466,0.9980198158854896,0.00034221069702256105,0.0003233657921525172
6674,1,1,0.9981691330375004,0.9981691330375004,0.0002322585947049635,0.00043720289340542584,0.0005144738014026796,0.00024208930178334757,0.000404842371203143
6676,6,6,0.9946888356941886,0.0012779341356020505,0.0013570379949267638,0.0009209040132029579,0.00043059511551706643,0.0013246930465625507,0.9946888356941886
6677,3,3,0.9979079280429287,0.000352901964567485,0.00043398450308806366,0.9979079280429287,0.0005613119191013462,0.00033495354623880064,0.0004089200240755926
6678,1,1,0.9981847699139268,0.9981847699139268,0.0002699857657122079,0.0003663596979572221,0.00048126290454985563,0.0003359357750634392,0.0003616859427904852
6679,4,4,0.9980950169012657,0.00041203095723143206,0.00032425547037435944,0.00045215820957341307,0.9980950169012657,0.0003395997652876608,0.0003769386962675243
6681,3,3,0.9980550239886848,0.00030527142215652905,0.0003969513332478263,0.9980550239886848,0.000505320514493983,0.0003697479850037286,0.00036768475641303584
6682,6,6,0.9945119320955768,0.0014438005895191337,0.0014581653084789743,0.0008610300461376907,0.0004033046595342718,0.0013217673007532113,0.9945119320955768
6684,2,2,0.9977633288054624,0.000327630713426326,0.9977633288054624,0.00043819515253778677,0.0003971894830726935,0.0005241381863397201,0.0005495176591611979
6686,4,4,0.9980063401263376,0.00045722743389325313,0.0002984877020730873,0.0005319467408220547,0.9980063401263376,0.0003454756878451153,0.00036052230902893255
6688,4,4,0.997998262789244,0.00037898816244753684,0.0002959495719952044,0.0006050235756575078,0.997998262789244,0.00035580239021764076,0.00036597351043824686
6689,3,3,0.9979754801909418,0.0003321699278259279,0.0004156054352128796,0.9979754801909418,0.0004928280601577353,0.00046390516615262196,0.00032001121970904906
6690,5,5,0.9930572680575088,0.0011203544174242259,0.0014104191456443432,0.00047968494716024154,0.0004077284899821836,0.9930572680575088,0.003524544942280221
6692,3,3,0.9979371280879401,0.0003823709147511019,0.0004612610125968641,0.9979371280879401,0.0005008760715529978,0.00037092996565380213,0.00034743394750513877
6694,3,3,0.9979967254481886,0.00033152981627409086,0.00040612173882992943,0.9979967254481886,0.0005550057271830346,0.0003403455409476806,0.00037027172857673603
6699,4,4,0.9976394329788635,0.0006862739206510779,0.00037992376603068984,0.0004998273292995532,0.9976394329788635,0.0004929349018572139,0.0003016071032979686
6703,2,2,0.9975200129967879,0.00032228201791583707,0.9975200129967879,0.0003601846341827989,0.0003004265259007481,0.0010100722843856434,0.00048702154082705157
6704,1,1,0.9983395351478461,0.9983395351478461,0.00020125126567993725,0.00032191803142305906,0.00048432918293057534,0.00026860629774302735,0.00038436007437732617
6705,5,5,0.9965306786745967,0.0004983225788865014,0.0007469212622018102,0.0007176734269598182,0.0004348293443210142,0.9965306786745967,0.001071574713034193
6707,6,6,0.9945037113148071,0.0014233220939556422,0.0014773162173437563,0.0008799725105760129,0.00041818128771213466,0.0012974965756054147,0.9945037113148071
6709,6,6,0.9938615933666429,0.0015183525962835075,0.0015700193478645802,0.0008879131970871247,0.0003956836447594659,0.0017664378473623895,0.9938615933666429
6712,1,1,0.9980805813240597,0.9980805813240597,0.00020862496706018562,0.0003101283998904637,0.0006155291154955274,0.000396799109628637,0.00038833708386539287
6716,5,5,0.9941138078247252,0.0003974966497165596,0.00325002379388179,0.0003801848462262484,0.00028688785502919685,0.9941138078247252,0.001571599030420936
6717,6,6,0.9947018143104135,0.001367485399445116,0.001384675984558137,0.0009304248486927809,0.0004076723173222542,0.0012079271395682258,0.9947018143104135
6718,2,2,0.9971774513354331,0.00035644622670355,0.9971774513354331,0.000901425570513428,0.0004775818222794077,0.0006242828068840968,0.00046281223818641986
6719,1,1,0.9983203370731687,0.9983203370731687,0.00022612226697554685,0.00031205530385503574,0.00036321215723417855,0.0003674543609015081,0.0004108188378651111
6720,1,1,0.9982700581171348,0.9982700581171348,0.00022548984579780324,0.00037111315237943563,0.0005003519605008978,0.0002703376325742698,0.0003626492916128314
6722,5,5,0.9965703677372538,0.0004876832628923159,0.0005831824493939204,0.0005300925796388951,0.0005397090674817283,0.9965703677372538,0.0012889649033392782
6724,4,4,0.9980169001396563,0.0004572586377754674,0.00034936125618908364,0.0004750601984499219,0.9980169001396563,0.0003633726543295141,0.00033804711359976497
6725,1,1,0.9983921931685518,0.9983921931685518,0.00019235977927503422,0.00029052163254719753,0.00036987922393881897,0.0003379996147434758,0.0004170465809437775
6726,4,4,0.9980681900805513,0.0004962943674437433,0.0003220175102340242,0.00044944406721207636,0.9980681900805513,0.00032262030879232117,0.0003414336657666072
6727,6,6,0.9943551873961167,0.0014116498438301883,0.0015235193785587881,0.0009559597100247612,0.0004242571533539073,0.0013294265181156189,0.9943551873961167
6729,4,4,0.9980266698677667,0.00045795022781474276,0.00036349022442420297,0.0004986859862245006,0.9980266698677667,0.0003649010908144448,0.00028830260295539557
6731,2,2,0.9977358686495221,0.0003534639874145722,0.9977358686495221,0.0005459343723750162,0.00031897961503664547,0.00048681552810443424,0.000558937847547033
6732,1,1,0.9983959189824653,0.9983959189824653,0.00020939102121467898,0.00032354690483285336,0.0004160891527931922,0.0002520141262226003,0.0004030398124714813
6733,4,4,0.9980920030943633,0.0004402143855059535,0.0003207474097571639,0.0004663399338736881,0.9980920030943633,0.00034165240029046865,0.00033904277620944384
6734,3,3,0.9978876627457763,0.0004284277057253793,0.00039408940612567256,0.9978876627457763,0.0005755939589735153,0.00036417430664222034,0.0003500518767566323
6735,4,4,0.998063292129557,0.0003895949149370274,0.0002983564704638341,0.0005578962299195016,0.998063292129557,0.0003503907446239541,0.0003404695104987438
6736,1,1,0.9980190373633984,0.9980190373633984,0.00025045250351521083,0.0003720956078764497,0.0006530328912511157,0.0003678226705547991,0.0003375589634041941
6739,2,2,0.9977592158988917,0.0003332931350065766,0.9977592158988917,0.0005364865026523269,0.0003763496616206446,0.0004600513752010727,0.0005346034266274876
6740,5,5,0.9969753282301328,0.0004543428192794579,0.0008004128090211677,0.00046307379401710753,0.0004362863949480242,0.9969753282301328,0.0008705559526014036
6741,5,5,0.9964917375796039,0.000506721382515599,0.000725097202933821,0.0006517342456366313,0.0006054780723582788,0.9964917375796039,0.0010192315169518349
6742,6,6,0.9945540087185619,0.0013765670120018784,0.0014310456554588226,0.0010113066181272968,0.0003864703916693653,0.0012406016041807398,0.9945540087185619
6743,3,3,0.9980056746497472,0.00031850222610842606,0.0004234816163262038,0.9980056746497472,0.0005107023129802842,0.00036532185415972797,0.0003763173406781421
6745,5,5,0.9968209968174253,0.000655291919011546,0.0006942247513817258,0.0004528578206145154,0.0005016691619436445,0.9968209968174253,0.0008749595296232564
6746,6,6,0.9947396428451025,0.001305494600494007,0.001362858828454096,0.0009384678496706184,0.00041263163510415514,0.001240904241174645,0.9947396428451025
6747,5,5,0.9952979912425541,0.001232216977869952,0.000919360863201312,0.00043616156746084677,0.0004292404144848315,0.9952979912425541,0.001685028934428929
6748,2,2,0.9978006087755281,0.0002493158880641784,0.9978006087755281,0.00043078535770087553,0.0003244678923893167,0.0007248686158335212,0.0004699534704839515
6751,6,6,0.9940929300247601,0.001547109643731389,0.0015648338773415135,0.001013798572066514,0.000476765382239681,0.0013045624998608818,0.9940929300247601
6753,6,6,0.9942021283434572,0.0014097092930023228,0.0015626866007192033,0.0008349268892287001,0.00040249711917705796,0.0015880517544154759,0.9942021283434572
6754,4,4,0.9980409868917194,0.0004544579773066523,0.0003584149863263645,0.0004706404057392833,0.9980409868917194,0.00035940675756951005,0.0003160929813388741
6755,3,3,0.9979314973253428,0.00034353214985690343,0.0004202499845961445,0.9979314973253428,0.0005560886359731617,0.00043193456014637137,0.00031669734408473467
6757,3,3,0.998021140254955,0.00035006179273432267,0.00044891462503889067,0.998021140254955,0.00045600880107820566,0.0003984116143980718,0.0003254629117954848
6758,4,4,0.9979559372022105,0.0005978063544950231,0.00030373199699998605,0.00047160040037392805,0.9979559372022105,0.0003664406171974874,0.00030448342872301106
6759,1,1,0.998160928594103,0.998160928594103,0.00023538652098568377,0.0003352194899208637,0.0005192219513675583,0.00025039830449606566,0.000498845139126935
6760,3,3,0.9980290173678715,0.00035091840449507256,0.00042769311322559073,0.9980290173678715,0.0005024855310310625,0.0003484202190898781,0.0003414653642869013
6761,5,5,0.9957015804984413,0.0005906274128204301,0.0017276661871885833,0.000793645250479979,0.000387024821017282,0.9957015804984413,0.0007994558300524238
6762,1,1,0.9983438850205374,0.9983438850205374,0.000203856046390729,0.00031615693731542997,0.000433520148812397,0.0002934958786599028,0.00040908596828412785
6763,1,1,0.99837163428255,0.99837163428255,0.00020479705748547206,0.00030340419395517924,0.00043173886973333714,0.00027508776838098636,0.00041333782789498933
6764,4,4,0.9980883662837134,0.0004458440529953623,0.0002876508123624938,0.0004145546974235151,0.9980883662837134,0.00037896219471469613,0.0003846219587905313
6767,2,2,0.9976073632696433,0.00030126309528894716,0.9976073632696433,0.0005824696348048451,0.00034396892160486225,0.0005799606517563367,0.0005849744269017136
6768,2,2,0.9958408960818564,0.0002692354741556707,0.9958408960818564,0.00042728237797095517,0.00024155917068052657,0.0016267248058925655,0.00159430208944388
6770,5,5,0.9960211238828278,0.0008704135240752862,0.0007271366427100898,0.0005578014712867217,0.0005806263838851089,0.9960211238828278,0.0012428980952150217
6771,3,3,0.9977893048720592,0.00041698799185127983,0.00045435594828314925,0.9977893048720592,0.0006190849066067852,0.0003097237410924426,0.0004105425401071525
6772,4,4,0.9978744478923679,0.0006593518440508777,0.00032907233771612744,0.00047269021680300367,0.9978744478923679,0.0003629585660871238,0.00030147914297498206
6774,2,2,0.9978149153575101,0.0002620596553674679,0.9978149153575101,0.0004616767209939763,0.0003217657573903995,0.0005027626284444169,0.0006368198802936476
6776,1,1,0.9977748747873049,0.9977748747873049,0.00022249874933727675,0.0005714641745260125,0.0007555923474089936,0.00030251836135575103,0.0003730515800671123
6777,4,4,0.9978785585403819,0.00047900609545172435,0.0002910031491981868,0.0005951559329586714,0.9978785585403819,0.0003489793768618835,0.0004072969051477601
6778,5,5,0.9966570171418596,0.000519456634594219,0.0006543386283239212,0.00043310725736978966,0.0005317729100223679,0.9966570171418596,0.0012043074278301337
6779,1,1,0.998246190050202,0.998246190050202,0.00021835681034428617,0.00032129599382370826,0.0004451370269039371,0.00037598684154949483,0.0003930332771765895
6781,2,2,0.9978742570815454,0.0003126940938135533,0.9978742570815454,0.00035646340774815794,0.00029103187744836616,0.0005950012821580498,0.0005705522572863947
6783,3,3,0.9980115874818112,0.0003303817642782636,0.0003952349937362978,0.9980115874818112,0.0004944505627878147,0.00042573010365625885,0.0003426150937302383
6785,3,3,0.997930052553615,0.0003660800730262612,0.00044034954721798624,0.997930052553615,0.0005284821346635347,0.0004021216703778406,0.00033291402109945293
6786,3,3,0.9977379653923049,0.0002811883978752212,0.0005855950186635055,0.9977379653923049,0.0005754214828644422,0.0003355910866120008,0.0004842386216799659
6787,3,3,0.9979595356596047,0.00030752773265250186,0.0003558967001514374,0.9979595356596047,0.0005166368422367521,0.0004618457941411166,0.000398557271213503
6790,3,3,0.9978897987837616,0.0003730102258590827,0.00043233148556862756,0.9978897987837616,0.0005092467671718987,0.00046503714728582434,0.0003305755903529268
6791,4,4,0.9980603290061475,0.00045057158179102034,0.00033543513552601703,0.0004667803205773262,0.9980603290061475,0.00033479915859550114,0.0003520847973627218
6792,1,1,0.9983784763758445,0.9983784763758445,0.00022580895527387506,0.0003079547852829268,0.00035989863667403493,0.0002668246957988677,0.0004610365511257569
6794,6,6,0.9945057548826073,0.0014190348599113333,0.0014186944614927068,0.0010107956418122588,0.0004004657883088717,0.0012452543658674987,0.9945057548826073
6796,5,5,0.9963939001008704,0.0005298516114682326,0.0005972706374761176,0.0005008778157420588,0.0006013784686899561,0.9963939001008704,0.0013767213657532352
6797,3,3,0.9978833086344411,0.0003968917200464524,0.0004060035186238198,0.9978833086344411,0.0005940315019588592,0.0003285111611272323,0.0003912534638025178
6798,1,1,0.9984239704070045,0.9984239704070045,0.00019812618115541897,0.00028969284505379563,0.0003887210183096408,0.0002640787084535306,0.00043541084002317765
6799,5,5,0.9969613751068876,0.0003749287869811779,0.0009596318306107777,0.0003966029642234825,0.00038532476336083644,0.9969613751068876,0.0009221365479360725
6800,1,1,0.9983677213926329,0.9983677213926329,0.00020978245656043848,0.00028070280966851146,0.0003450471660872347,0.00034165488143018865,0.00045509129362079117
6801,5,5,0.9966798152974817,0.0007208241966402116,0.00072497125978459,0.00040443094482627343,0.00044840986087575516,0.9966798152974817,0.0010215484403915227
6802,1,1,0.9983571436751433,0.9983571436751433,0.00020358773139514988,0.0003374593887641956,0.000471971796081584,0.0002444733173749312,0.00038536409124068587
6803,1,1,0.9983582991497594,0.9983582991497594,0.00021210720459671086,0.0003261465331400332,0.0004127613257965812,0.00027055906817961915,0.00042012671852763674
6804,1,1,0.9983431082249747,0.9983431082249747,0.00021600392897892011,0.0003558535820695505,0.0003792133058808496,0.00023820965681092877,0.0004676113012850074
6806,4,4,0.998030569644673,0.00045473179427433537,0.000349985132893694,0.0004991541915797074,0.998030569644673,0.0003408571533328418,0.00032470208324641606
6807,5,5,0.9966859975360249,0.0004360789064483565,0.0008450184889429672,0.0003671693835137769,0.000441635817633112,0.9966859975360249,0.0012240998674369055
6809,1,1,0.9981782250598005,0.9981782250598005,0.0002264059668019841,0.0003940753919618773,0.0005957123376297396,0.00025923974748021236,0.0003463414963255328
6810,4,4,0.998026583829462,0.0004610555927471753,0.00033500183467657626,0.0004399534523017208,0.998026583829462,0.0003690431020266107,0.00036836218878603906
6811,2,2,0.9978165912572685,0.00033004641082067144,0.9978165912572685,0.00039672442335791295,0.00033249736086901686,0.0005100235722019925,0.0006141169754818903
6812,3,3,0.9979612621375553,0.0003357670433452925,0.00040409911055739884,0.9979612621375553,0.0004742549110597834,0.0003426177647513106,0.00048199903273089687
6813,6,6,0.9945786847222464,0.0013626266265007708,0.0013971077958948104,0.0010575028934582678,0.00041271084073485136,0.0011913671211649342,0.9945786847222464
6814,2,2,0.9978027431888914,0.00030453425911748725,0.9978027431888914,0.000561748369873446,0.0003044088216146038,0.0004757297623421952,0.0005508355981608777
6815,1,1,0.9982112101138183,0.9982112101138183,0.0002297625763980945,0.00043429963894311936,0.0004711839443061686,0.0003132157929267321,0.0003403279336076367
6816,1,1,0.9982456131697593,0.9982456131697593,0.00023778672426937435,0.0003651764478034281,0.0004919334395011157,0.0002720397068326785,0.00038745051183406066
6817,5,5,0.9966783322249899,0.00040044238913376415,0.0008204168823614799,0.0005691985019068304,0.0004443770650425669,0.9966783322249899,0.0010872329365654249
6818,3,3,0.9979662313438498,0.0002772384743640239,0.0004784470960052703,0.9979662313438498,0.0004901683720001238,0.0003569021147304757,0.0004310125990503515
6820,2,2,0.9968819859613959,0.0003085185964791882,0.9968819859613959,0.0007751882846047127,0.000798494457975827,0.0005321034824798727,0.0007037092170644921
6821,1,1,0.9983541531098467,0.9983541531098467,0.00022055274662193973,0.0003398870610361001,0.0004252175673696835,0.0002525663475509882,0.0004076231675747365
6822,4,4,0.9980645287813508,0.00044558581663586724,0.00032827988021746365,0.00048122994969894054,0.9980645287813508,0.00034285065575590093,0.0003375249163410742
6823,2,2,0.9977373990890841,0.00032896283381347895,0.9977373990890841,0.00046151582103313754,0.00035599141540665124,0.0005028465486584878,0.0006132842920041832
6826,2,2,0.9978212447450812,0.00033017291626474663,0.9978212447450812,0.00041063321346908115,0.00035237744896109797,0.0005259845765918674,0.0005595870996320948
6827,6,6,0.9943210278668264,0.0013986119853541966,0.0014422244262594641,0.0012298962586358372,0.00038317909694764754,0.0012250603659764397,0.9943210278668264
6828,4,4,0.9980274165517319,0.0004770575769365232,0.0003651067208741316,0.0004726355407939434,0.9980274165517319,0.00036798258686987257,0.0002898010227936592
6829,4,4,0.9980765756580005,0.00042180508185324345,0.00027876766888586783,0.00045824534832442266,0.9980765756580005,0.0003573291241140917,0.0004072771188219596
6831,3,3,0.9977967845403422,0.0003423676162459737,0.00036601025586387994,0.9977967845403422,0.0005951999271797096,0.00038079721201791033,0.0005188404483504001
6832,4,4,0.9980993383843685,0.0004426285235650362,0.00033224157079478806,0.00044199519514112005,0.9980993383843685,0.00036142706518721505,0.000322369260943376
6833,2,2,0.9976351663273731,0.0002832873256514124,0.9976351663273731,0.0004907573072617777,0.00026729049190754687,0.0006846814343089875,0.0006388171134971112
6834,5,5,0.9964032987390674,0.0007907733952633066,0.00079369419736952,0.00042790548300950193,0.0003609862041669833,0.9964032987390674,0.0012233419811232423
6835,2,2,0.99744454011349,0.00023854697774151974,0.99744454011349,0.0003021163955741765,0.00023124050454388417,0.0010700838492802185,0.0007134721593701924
6836,1,1,0.9983243837390146,0.9983243837390146,0.00021245691049722978,0.0003248459993964109,0.0004015831416145754,0.0003024728942933268,0.0004342573151839895
6838,3,3,0.9979741625660207,0.00037604213273295694,0.00041452662041428757,0.9979741625660207,0.00045491903870109124,0.00045129211954717625,0.00032905752258387857
6839,1,1,0.9984444305762632,0.9984444305762632,0.0001988049928784512,0.00025671078497616485,0.00032879340118386366,0.00033357836162812015,0.00043768188307019817
6840,5,5,0.9968687268806264,0.0003523327669514272,0.0008505500640000879,0.0004815595150092328,0.0004508040404187842,0.9968687268806264,0.000996026732994023
6843,2,2,0.9977171317677916,0.00033164687576743633,0.9977171317677916,0.0005524530949573585,0.0003754626629622447,0.0004543568600856512,0.000568948738435698
6847,1,1,0.9982415536332122,0.9982415536332122,0.0002048365879321361,0.00034968476738774857,0.0005265859124127287,0.00029544945865360477,0.00038188964040168606
6848,3,3,0.9980485450919352,0.00030132388963983846,0.00037107025898419117,0.9980485450919352,0.0004360173484729805,0.0004451809223335946,0.0003978624886342586
6849,4,4,0.9979561352959244,0.0005457466933072702,0.0003297464501999528,0.0005146543151985713,0.9979561352959244,0.0003477022326375519,0.00030601501273226807
6851,5,5,0.9922510756308959,0.00039076676170812937,0.0058602409969611335,0.0004368090786531369,0.000315424513361908,0.9922510756308959,0.0007456830184198696
6852,6,6,0.9944869440310038,0.0014135620403274989,0.0014724997391425973,0.0008691901076779726,0.0004066410005326992,0.0013511630813154497,0.9944869440310038
6853,4,4,0.9980067850368679,0.0004295393403843614,0.0002933013963621823,0.0004719796529209478,0.9980067850368679,0.0003735673179673333,0.00042482725549729326
6854,3,3,0.9979074556322637,0.000393010668661544,0.00045190599815664935,0.9979074556322637,0.0005003140819055322,0.00043443522969626716,0.00031287838931633746
6859,4,4,0.9978563076244912,0.00037008616653231425,0.0003027577733715434,0.0007315075989670596,0.9978563076244912,0.0003582875029029055,0.00038105333373501197
6861,4,4,0.9979613624969634,0.0004593514131906204,0.00039094909062525066,0.0005275938102139511,0.9979613624969634,0.00037197106561109226,0.0002887721233956823
6862,5,5,0.9960163061157272,0.0004026428725805888,0.0006638427032264502,0.0005874041714234829,0.0006050429550163723,0.9960163061157272,0.0017247611820259416
6863,2,2,0.9975083865784605,0.00023535359177536647,0.9975083865784605,0.00035134632365136904,0.00028067311522477764,0.0011567161185873313,0.0004675242723006734
6864,2,2,0.9975888851878739,0.00037547455917599147,0.9975888851878739,0.000637254492990664,0.00042400615168692733,0.0003943614006149281,0.0005800182076576441
6865,4,4,0.9981064609954964,0.0004021302081479344,0.0003161553117978704,0.0004934460647406414,0.9981064609954964,0.000341953324982488,0.00033985409483469766
6868,2,2,0.99782882252303,0.0003035100359599351,0.99782882252303,0.00045425347751132074,0.00033772790559621706,0.0005479230537318969,0.0005277630041707911
6869,3,3,0.998017798302822,0.00032811519099449287,0.00042067829490936577,0.998017798302822,0.0005276261417999204,0.00035455759284601845,0.0003512244766283297
6870,5,5,0.9964597732203212,0.0004823734300418104,0.0006260956814451092,0.0005275676911125402,0.0005673079817159,0.9964597732203212,0.0013368819953634295
6871,2,2,0.9977436189162394,0.0003364683001359417,0.9977436189162394,0.00038078289358873597,0.0003271877298815279,0.0004963689184911311,0.0007155732416632373
6873,1,1,0.9982512249812666,0.9982512249812666,0.00020191590271995962,0.000371145785440366,0.0005769563630831409,0.00025261087977200455,0.000346146087717868
6874,2,2,0.9978403924584924,0.0003478436514166209,0.9978403924584924,0.0003803090030028184,0.00033195968316392777,0.0005367942438818978,0.0005627009600423947
6875,6,6,0.9943257402802241,0.0015110620948801214,0.0015131408069562614,0.00090101859923477,0.00044550472113165574,0.0013035334975730253,0.9943257402802241
6876,1,1,0.9982881535128704,0.9982881535128704,0.00017080006781030268,0.0003169265790475875,0.00040098437347751005,0.0003728034271979018,0.00045033203959629083
6877,5,5,0.9897598316186609,0.005316021861359218,0.0016030767268921037,0.00035152631109912905,0.0004643144035066043,0.9897598316186609,0.002505229078482023
6878,4,4,0.9980581029239033,0.00043532954373975096,0.0003434664676864779,0.0004706615095004711,0.9980581029239033,0.0003530723623395291,0.0003393671928304466
6880,3,3,0.9977702041151015,0.0005200125272158013,0.00040877080386843864,0.9977702041151015,0.0005927938827306021,0.00037486239214178476,0.00033335627894184514
6881,4,4,0.9980894777388045,0.0004100954333009458,0.0003250896941406237,0.0004641987257337966,0.9980894777388045,0.00035468907508609364,0.0003564493329340602
6882,1,1,0.998360893018749,0.998360893018749,0.00020538023288766373,0.00032909778849337995,0.0004403124102881403,0.0002957269554559868,0.0003685895941259376
6884,6,6,0.9946619614979364,0.0013286039127698044,0.0013808728775398407,0.0008989136320728161,0.00038307278489261264,0.0013465752947885374,0.9946619614979364
6886,1,1,0.9982086698621523,0.9982086698621523,0.00024007379383221138,0.00039720781936135644,0.0005069326261858909,0.00021707730243798645,0.00043003859603031407
6887,1,1,0.9983554238825739,0.9983554238825739,0.00019094354763783735,0.00032911574014102957,0.00037951140786112765,0.000365521167798157,0.0003794842539879742
6889,5,5,0.9967597394229947,0.0004236232387335364,0.0008426774675475967,0.0004692228832316308,0.0004240118621455675,0.9967597394229947,0.00108072512534704
6890,6,6,0.990510834736375,0.0017094411089715403,0.001314179095595927,0.0014672190197757419,0.0004201442447522648,0.004578181794529507,0.990510834736375
6892,3,3,0.9979987703047856,0.0003615182345198743,0.0004080991478216372,0.9979987703047856,0.00048792490086802535,0.00041678128607557194,0.00032690612592935534
6894,1,1,0.9983948924136139,0.9983948924136139,0.00020123841829768928,0.00031140577190126345,0.00042296008307757087,0.0003096612010168461,0.000359842112092786
6896,2,2,0.9977319456901838,0.00022765851956808465,0.9977319456901838,0.00034853997231875197,0.000298537436826457,0.0007479810318108028,0.0006453373492921331
6897,5,5,0.9948003114749681,0.0011893098496234661,0.0021468747490155284,0.0005328594029887933,0.00024042308658654975,0.9948003114749681,0.0010902214368176462
6898,1,1,0.9981235618636297,0.9981235618636297,0.0002670019101502665,0.00034246144680538475,0.0004502867413425701,0.0003389329275905952,0.0004777551104814912
6900,2,2,0.9939619755636122,0.00024651849217119316,0.9939619755636122,0.0003943054596239118,0.00033221633070545546,0.004382346287904879,0.0006826378659823939
6901,3,3,0.9979802705874223,0.00035034101706971554,0.00041087928204366946,0.9979802705874223,0.0005458041417575292,0.0003667117466517455,0.00034599322505499206
6903,3,3,0.998002218515235,0.0003271630225357148,0.0004128150124113973,0.998002218515235,0.0005126940021725256,0.0004142774216657155,0.00033083202597972996
6904,2,5,0.5037388481677578,0.0007013835265994173,0.4900485263995976,0.0025659763021697204,0.0008198346538446141,0.5037388481677578,0.0021254309500308493
6907,3,3,0.9979458315925802,0.00029910448532951157,0.00042229698165347824,0.9979458315925802,0.0005672271868584251,0.000418091536417177,0.00034744821716126557
6909,5,5,0.9967619162983472,0.0004000663750221706,0.0008422780068539155,0.0006566952785925705,0.0003863149606749296,0.9967619162983472,0.0009527290805092643
6910,4,4,0.9980260850317529,0.0004513885393265963,0.00029876303559426474,0.0004724965595421676,0.9980260850317529,0.0004000759214100922,0.00035119091237394547
6914,6,6,0.9939720703134504,0.0013791519213473683,0.0014709102513522838,0.0012380206858816616,0.00034418812124695247,0.0015956587067213629,0.9939720703134504
6917,6,6,0.9947272343765505,0.0013167535019568996,0.001350677859426306,0.0009423399257997068,0.0004092038308252261,0.001253790505441315,0.9947272343765505
6920,6,6,0.9944815325988677,0.0014485587147658858,0.001470074128214639,0.0008800250087624078,0.0004065800331579336,0.0013132295162313506,0.9944815325988677
6921,3,3,0.9979255122467218,0.00042167305621134115,0.00043095557734477253,0.9979255122467218,0.0005181031261658841,0.0003338262296612389,0.00036992976389501166
6922,3,3,0.9980213083526023,0.0003394845040868881,0.0004208410949753139,0.9980213083526023,0.0004951372125620912,0.0003551595371275601,0.0003680692986456892
6924,6,6,0.9945684374129113,0.0013479332735201032,0.001462353000480317,0.00092118958284666,0.0003928542310761609,0.001307232499165467,0.9945684374129113
6928,4,4,0.9980209233050666,0.0004896202766586876,0.0003532825339646805,0.0004569254980078212,0.9980209233050666,0.0003560450405472574,0.00032320334575495623
6929,1,1,0.9983711667197092,0.9983711667197092,0.00020547717680734377,0.0003240004728858412,0.00038695175852729584,0.00026625181637006536,0.0004461520557003213
6930,2,2,0.9976692570434142,0.0003480638473382701,0.9976692570434142,0.0004509918406265302,0.0003511266179710436,0.0004972804341846607,0.0006832802164651963
6931,4,4,0.9980314567733406,0.00047642959871188124,0.00033635890122777945,0.00042647712788888343,0.9980314567733406,0.0004014691110977049,0.0003278084877331924
6932,3,3,0.9979466335282381,0.00030351463701301797,0.000379460205969404,0.9979466335282381,0.0005433546943310489,0.00035891074893203194,0.00046812618551635735
6933,5,5,0.9967366986482634,0.0004951445130037816,0.0006024043639577265,0.000537244139836032,0.000527089113751012,0.9967366986482634,0.0011014192211880169
6934,3,3,0.9978961088615855,0.0003953479486611004,0.00040558618301858937,0.9978961088615855,0.0005897817639468599,0.00036466863585188873,0.0003485066069360405
6936,4,4,0.9980773717539868,0.00044979639710685,0.0003404628122559383,0.0004425704973687614,0.9980773717539868,0.00035881880366124937,0.00033097973562044684
6937,3,3,0.9980109485321359,0.0003248905172009242,0.0004180717869258777,0.9980109485321359,0.0005434451823569526,0.0003541395180074815,0.0003485044633728343
6938,1,1,0.9984020083893398,0.9984020083893398,0.00021244485856251885,0.00030379504383630057,0.000393850952886088,0.00028283586569184823,0.00040506488968343446
6943,2,2,0.5693945561426063,0.0007767573487520741,0.5693945561426063,0.0010948869691400308,0.0009166602251592189,0.4236984753925263,0.004118663921816065
6944,1,1,0.9970596562954845,0.9970596562954845,0.00036314533368140943,0.0005673829752941447,0.0008439968760967535,0.0005749024747588724,0.0005909160446842555
6946,4,4,0.9980928830490753,0.00042579968503430216,0.00031752370932061315,0.0004699812810683487,0.9980928830490753,0.00034679075560879356,0.00034702151989270835
6947,4,4,0.9979393330823257,0.0004422468679572908,0.0002717804575832526,0.0006031668431663547,0.9979393330823257,0.0003790980723104192,0.00036437467665695675
6948,3,3,0.9979849213800511,0.00029936817399654655,0.0003836185173881021,0.9979849213800511,0.0005050699267110838,0.00038084303083020364,0.00044617897102290345
6949,3,3,0.9979528048014371,0.00038768186360272657,0.0004406690014066927,0.9979528048014371,0.00047629823454770987,0.0004435764161679727,0.00029896968283778556
6950,5,5,0.9968202155011139,0.0006016257127289784,0.0007006673287482144,0.0004722529867020107,0.0005265108214876971,0.9968202155011139,0.0008787276492192352
6952,3,3,0.9979450021105137,0.0004215990660680819,0.0003971898262765386,0.9979450021105137,0.0005304113152922106,0.00033895162898714496,0.0003668460528623389
6954,1,1,0.9982860401699926,0.9982860401699926,0.00023440186551093895,0.0003707448090212798,0.00046661745133987916,0.0002807871999333745,0.0003614085042019586
6955,5,5,0.9963083303866669,0.0006036898504608326,0.0007103239637196206,0.00047329059547977754,0.000549497874424687,0.9963083303866669,0.001354867329248242
6956,3,3,0.9979830978767923,0.0003433505890248944,0.00046322788399327244,0.9979830978767923,0.0005286402932512738,0.000307420625471194,0.0003742627314671099
6957,5,5,0.9965871646455992,0.0004398297492925947,0.0008061565518603287,0.0005263749083453325,0.0005125615900237814,0.9965871646455992,0.001127912554878791
6958,2,2,0.9976843375118214,0.00038035309149744005,0.9976843375118214,0.0004553219959608572,0.0003790151302332384,0.0004962601123650844,0.0006047121581220846
6959,2,2,0.9978196083127864,0.00026320426238814844,0.9978196083127864,0.00035944443690323727,0.0002565770578241241,0.0007942170425484363,0.0005069488875496855
6960,2,2,0.997524673597528,0.00038335274242941287,0.997524673597528,0.0004647805448097243,0.00032834673597858567,0.0007513373818878499,0.0005475089973664848
6962,5,5,0.9968656710158632,0.00043136587173852643,0.000724155587020528,0.0005827353457574646,0.0005557088275795008,0.9968656710158632,0.0008403633520408268
6964,6,6,0.9947296885313442,0.0012935994383136923,0.0013661094236817042,0.0009630126202702518,0.00041277016044610705,0.001234819825944029,0.9947296885313442
6965,1,1,0.9982424222412953,0.9982424222412953,0.0002293019470075352,0.00033787207577313914,0.000510019386414637,0.00035488404919692076,0.00032550030031248674
6966,6,6,0.9945557198798679,0.0013731622715090226,0.0014411946876491334,0.0009658128334964104,0.0003828286166411953,0.0012812817108363425,0.9945557198798679
6967,5,5,0.9966237166780825,0.0005944061333108228,0.0005396013525419355,0.0007120001558083982,0.0005362453317716743,0.9966237166780825,0.0009940303484846497
6968,2,2,0.9976328917111804,0.0002927952826812815,0.9976328917111804,0.0004297723194045903,0.00032543281392080105,0.0008015956509648887,0.0005175122218480209
6969,2,2,0.9978127165054329,0.00024097388750591456,0.9978127165054329,0.0003343179417514714,0.0002713251690131339,0.000722225935389485,0.0006184405609071073
6970,5,5,0.9924555025863528,0.0015212418819656698,0.0007400811450525792,0.00047657895867302304,0.0006181899932638112,0.9924555025863528,0.004188405434692109
6971,3,3,0.9979221786346447,0.000390023434105653,0.0004770368676502537,0.9979221786346447,0.0004754243118180259,0.00034549236442940536,0.0003898443873519961
6973,4,4,0.9980928682584379,0.0004100397012300997,0.0003105607504433668,0.0005171899845441912,0.9980928682584379,0.0003398222339711065,0.0003295190713733095
6975,5,5,0.9968445495146153,0.0005245374734197851,0.000675717440086154,0.0004422523574864849,0.0005424622901164482,0.9968445495146153,0.0009704809242758125
6976,4,4,0.9980602646081105,0.00042210762879358867,0.0003111767515758855,0.00047537651405355814,0.9980602646081105,0.00037694282136555403,0.0003541316761009751
6978,4,4,0.9980543057411406,0.0004728015543336441,0.00031372433708642895,0.0004031851683186997,0.9980543057411406,0.0003878357220461272,0.0003681474770744288
6979,3,3,0.9980102205591074,0.00036982235943852843,0.0004248127309788254,0.9980102205591074,0.0005024319974391529,0.0003203225412866759,0.00037238981174947015
6980,1,1,0.9983052587968898,0.9983052587968898,0.0002285781796825931,0.00034315644519989594,0.0004707367313042661,0.00029368918560391134,0.00035858066131950133
6982,1,1,0.9983478277247834,0.9983478277247834,0.00020626084412996907,0.0002962978173356972,0.00037743961266796213,0.000315049356138445,0.0004571246449445715
6984,1,1,0.9983007990377762,0.9983007990377762,0.00022885221101761902,0.0003418756065580198,0.0004853324249321286,0.00026350728976106227,0.00037963342995493184
6986,2,2,0.9972868142749927,0.00029067975053664554,0.9972868142749927,0.000821940848294876,0.00035245044899041454,0.0007998829383847942,0.00044823173880057177
6989,1,1,0.9982734104754574,0.9982734104754574,0.0002241618992875757,0.0004080275599084842,0.0004053879293823196,0.00024635011014535404,0.00044266202581895784
6990,5,5,0.9961045800422742,0.00048775664464055805,0.0009772373419585523,0.0011558927153874719,0.00032749556111594594,0.9961045800422742,0.0009470376946232744
6991,4,4,0.9980814067696604,0.00045583153810543415,0.0003032671111176626,0.00046227500950194334,0.9980814067696604,0.0003529491522072388,0.00034427041940733436
6992,2,2,0.9977393689856325,0.0003502599327703634,0.9977393689856325,0.0005054071353238093,0.00037891966942793065,0.00045387737462600236,0.0005721669022193558
6993,2,2,0.9978108424215002,0.0002617933053707041,0.9978108424215002,0.0003670143856911854,0.00028427231691015444,0.0007563765537578921,0.0005197010167698311
6994,2,2,0.9977585653992284,0.00035976195691872986,0.9977585653992284,0.0004703403082122051,0.00033953400777869794,0.00045576147109800593,0.0006160368567637981
6995,5,5,0.9892158062731785,0.00035650163552516435,0.008813080111644136,0.0003642147041510537,0.00033471182884845684,0.9892158062731785,0.0009156854466527108
6996,3,3,0.9978918894283159,0.0003379636662239632,0.0004437031132168854,0.9978918894283159,0.0006425150315856348,0.000297529601117072,0.0003863991595406934
6997,3,3,0.9980258048154218,0.00028563949435592514,0.00035701090723180715,0.9980258048154218,0.00048624908958631754,0.00041516606657505955,0.00043012962682909727
6998,1,1,0.9982594432177573,0.9982594432177573,0.0002794821847653913,0.00033466610750656415,0.00040339576890333816,0.0003330997974371933,0.0003899129236302468
6999,1,1,0.9984279941162201,0.9984279941162201,0.00020606308097963438,0.00031358510243388604,0.0003667758745309075,0.0002576963179230708,0.0004278855079125599
7000,1,1,0.9983116830118743,0.9983116830118743,0.00020750341840599065,0.0003396848306938088,0.00042456960036556555,0.00022903462487669352,0.00048752451378369314
7002,3,3,0.9977787238412744,0.00039165590799356605,0.000525453768973112,0.9977787238412744,0.0004930351903941431,0.0003275667483004303,0.0004835645430643221
7003,1,1,0.9983679420053964,0.9983679420053964,0.00020168025625338416,0.00034439303926279426,0.00042026323103956176,0.0003041128149784013,0.00036160865306955197
7004,5,5,0.9968522429528106,0.00042021269751173787,0.0010594252051915832,0.00039768682696444946,0.00037894902376854145,0.9968522429528106,0.0008914832937530961
7006,6,6,0.9941179583672559,0.0016646031007850656,0.0015095394081418205,0.000911437716237031,0.0004337546633067841,0.0013627067442733669,0.9941179583672559
7008,6,6,0.9947266497075691,0.0013176935707900404,0.0013881165786495885,0.0009329471404736125,0.0004122154127255428,0.001222377589792158,0.9947266497075691
7009,2,2,0.9972887150204895,0.00021182904546802775,0.9972887150204895,0.00029194017731547114,0.0002481236906869835,0.0014355909239126348,0.0005238011421273094
7010,4,4,0.9980482284784674,0.0003988940320907316,0.00031271429773365263,0.0004981201701818059,0.9980482284784674,0.0003708789165398393,0.00037116410498653655
7011,2,2,0.9977960683250011,0.00024650062789688556,0.9977960683250011,0.0003476352173533095,0.00029703098986388996,0.0007698210030896122,0.0005429438367951748
7014,4,4,0.9980343397532958,0.0004217313136941421,0.000290634180814157,0.0005630363244912788,0.9980343397532958,0.00035498185040019377,0.000335276577304425
7015,5,5,0.9965953485519485,0.0004237191859872967,0.0008084872012798374,0.0004305145813266224,0.00048532460426547926,0.9965953485519485,0.0012566058751923256
7017,1,1,0.998123089630782,0.998123089630782,0.0002221825808883039,0.0004161734459230885,0.000511976705532981,0.0003154825764342989,0.00041109506043931473
7018,4,4,0.9980344809218407,0.0004639856927977184,0.00030283465922917015,0.0004944557171960771,0.9980344809218407,0.0003436786864440614,0.00036056432249227243
7019,6,6,0.9945790738723617,0.001474031475739229,0.0014231178169630066,0.0008782240885827223,0.00042418151737603615,0.0012213712289773067,0.9945790738723617
7020,6,6,0.9944693321013358,0.001415659042054242,0.0013093536874022814,0.0008973003557157842,0.00039460212114551254,0.0015137526923463338,0.9944693321013358
7025,6,6,0.9944487581490971,0.001442737145705546,0.0014963342929810726,0.0009261323508211483,0.00041067727362867893,0.0012753607877665483,0.9944487581490971
7026,5,5,0.9961883634946265,0.0005629950928107904,0.000666757572316909,0.0005813696779414544,0.0005695815218239627,0.9961883634946265,0.0014309326404804115
7027,6,6,0.9944804753156747,0.001435515797864096,0.0014764555734582854,0.00086054146356917,0.0004109759693316813,0.0013360358801019886,0.9944804753156747
7032,5,5,0.9952896081621353,0.0006112918178889541,0.0007039560316483598,0.0006842360901657625,0.0005482158982569866,0.9952896081621353,0.0021626919999046903
7035,5,5,0.9964569391100597,0.00048260996990432005,0.0006275444288535827,0.00047426965595576495,0.0006696379398882028,0.9964569391100597,0.0012889988953383963
7036,3,3,0.9978583199810975,0.00043500315565709685,0.0004781501943858451,0.9978583199810975,0.0005020339029931987,0.00040485045302590737,0.00032164231284045403
7037,4,4,0.9980166693271072,0.0005209074389974069,0.0003398481599234465,0.0004538727850972834,0.9980166693271072,0.00035949950425227134,0.00030920278462240954
7040,4,4,0.997790881630877,0.0005917702623839891,0.00031307525161830394,0.0004984260062426406,0.997790881630877,0.00043655315021247365,0.0003692936986656163
7041,2,2,0.995335354001837,0.0002383148856671137,0.995335354001837,0.0002705697135938186,0.00021021611364095748,0.0031420642917336862,0.000803480993527337
7042,1,1,0.9983174498383608,0.9983174498383608,0.000222818979929992,0.0003184650373242286,0.0004586687905425131,0.00029936597158845526,0.000383231382254097
7045,3,3,0.9980332517944641,0.0003237064896567802,0.0004102620695157939,0.9980332517944641,0.0005242789185707265,0.0003618798022839281,0.0003466209255084778
7046,1,1,0.9983225322630744,0.9983225322630744,0.00021844579283363053,0.0002900526465413056,0.00036425915652217995,0.00030710694000971647,0.0004976032010189132
7047,1,1,0.9983362175073773,0.9983362175073773,0.0002105689516821983,0.00034652152587682605,0.0004800394916962344,0.00024407635448230714,0.00038257616888517893
7050,1,1,0.9982252477546161,0.9982252477546161,0.0002416176078917964,0.0003936075748246873,0.0004841425568885008,0.00026784988231607027,0.0003875346234628823
7051,1,1,0.998138454982949,0.998138454982949,0.00026989370972035394,0.00037955595634480376,0.000418930675163777,0.00036175194951133246,0.00043141272631081335
7052,6,6,0.9947517114414335,0.0012996278879353162,0.0013828504041967563,0.0009391198605029923,0.0004123545493505187,0.0012143358565809375,0.9947517114414335
7053,5,5,0.9964489471487777,0.0005023712658714035,0.0005851664890775929,0.0006190939908687008,0.0006066983193271441,0.9964489471487777,0.0012377227860774526
7056,4,4,0.998058232154528,0.0004829311664073984,0.0003262709078843147,0.0004817809247142014,0.998058232154528,0.0003179696506627953,0.000332815195803253
7057,3,3,0.9979929150462789,0.00030877905213712406,0.00040738166970657726,0.9979929150462789,0.0005570291775127129,0.00036497610638414535,0.0003689189479806287
7058,2,2,0.9972452912845085,0.0003852167616812787,0.9972452912845085,0.0008874560511194136,0.0004369055065795169,0.0004975635560032728,0.0005475668401081456
7062,2,2,0.9963584896918163,0.0006308491217068069,0.9963584896918163,0.0012903806514262552,0.00046170769389336085,0.0005863579198809963,0.0006722149212762844
7063,1,1,0.9983949080584001,0.9983949080584001,0.00018611210611965676,0.00030324754363814045,0.0004451479428043903,0.00028645233223076994,0.00038413201680699707
7065,4,4,0.9980550824897935,0.00043935031072706655,0.00032294791309448747,0.00045790583585081027,0.9980550824897935,0.0003522893175915001,0.00037242413294274264
7066,3,3,0.9979760135003902,0.0003533239098750036,0.0004052369947754408,0.9979760135003902,0.0005503205512531847,0.0003526975663344578,0.0003624074773716906
7067,2,2,0.9978470880427883,0.0003331194483212059,0.9978470880427883,0.000417241626193223,0.0002846529554974883,0.000590591113981471,0.0005273068132183262
7068,6,6,0.9945907561221861,0.00141029664799215,0.0014468979743043927,0.0009634402782826512,0.0004171680471198832,0.0011714409301148536,0.9945907561221861
7069,2,2,0.9978373226514492,0.00031626846007885,0.9978373226514492,0.00044622657454776774,0.00034494644208061794,0.0004990063979621553,0.000556229473881422
7070,3,3,0.9980013866702162,0.0003462807641988376,0.0004195928088637065,0.9980013866702162,0.0005073474529000968,0.0003723586660271002,0.00035303363779403676
7071,5,5,0.9967893014500854,0.0003922632176565433,0.0009976679809855344,0.00042225573253054264,0.0004183341079285525,0.9967893014500854,0.0009801775108134415
7074,2,2,0.9978279050623217,0.0002631845912843208,0.9978279050623217,0.0005361467315817054,0.00029629410090149414,0.0005515312503809982,0.000524938263529796
7076,5,5,0.9954976107371716,0.0003016782655272662,0.002687772807215836,0.0005017449863106502,0.00028839373445157813,0.9954976107371716,0.0007227994693230814
7077,4,4,0.9979511964462002,0.00046483738086996426,0.00028843478852405417,0.0005735389929420173,0.9979511964462002,0.00037487086464340214,0.0003471215268203579
7078,5,5,0.9969534911972269,0.000444747189125683,0.0007863362582577989,0.0004059727668407848,0.00046938751071836347,0.9969534911972269,0.0009400650778304706
7079,1,1,0.9984162267136587,0.9984162267136587,0.0002084186648855554,0.0003120385355978162,0.0003578035832899506,0.00030800340575325673,0.0003975090968148053
7081,2,2,0.9957414438330193,0.0004900474240325303,0.9957414438330193,0.0009602741508440784,0.0005522898044997369,0.0018044264678690636,0.0004515183197352452
7082,1,1,0.9983846660193312,0.9983846660193312,0.0002164593760877642,0.0003453468625976172,0.00042248831694680593,0.0002668176793057606,0.0003642217457309194
7083,1,1,0.998380670149075,0.998380670149075,0.0001947982691130617,0.0002819758109015352,0.00039853138515429223,0.00034123973767622074,0.0004027846480800005
7084,5,5,0.9913867243505354,0.0010874610301298607,0.0031149671813710447,0.0005246528375398063,0.0005774790262583914,0.9913867243505354,0.003308715574165465
7085,3,3,0.998016407173751,0.0003847161784620842,0.00038153795232665345,0.998016407173751,0.00047999718785704,0.0003598868524848315,0.00037745465511845335
7087,5,5,0.9967705032254883,0.0005711540591764234,0.0006537469466877456,0.00047411362274247756,0.0005031487100125148,0.9967705032254883,0.0010273334358925936
7088,4,4,0.9980856016401386,0.0004641415622044917,0.00033792885940836753,0.00045182525644373993,0.9980856016401386,0.00034145021952961625,0.0003190524622753064
7090,6,6,0.9942878982673982,0.0014520998668082217,0.0014927394075191505,0.0011316609922903276,0.00041472338080082477,0.0012208780851832802,0.9942878982673982
7091,5,5,0.9960511460718591,0.0004756668122647699,0.0007603174992623589,0.00044598294206790506,0.0005411602396639073,0.9960511460718591,0.0017257264348819624
7092,6,6,0.9945431025093313,0.0014567446591166452,0.0014393557020241908,0.0009391361054247162,0.00041320312840084406,0.0012084578957022836,0.9945431025093313
7093,3,3,0.9979629344076971,0.00031742665484339717,0.0004258610059925868,0.9979629344076971,0.0005167982800928242,0.00031883958757998436,0.00045814006379412027
7094,3,3,0.9979950496667613,0.000319027168091975,0.00040100144624444055,0.9979950496667613,0.0005548140124150582,0.0003388080212651973,0.00039129968522203445
7097,4,4,0.9979696522765521,0.0005091698081099335,0.0003807353363669615,0.00045514372922780583,0.9979696522765521,0.00038615813649204287,0.00029914071325116233
7098,2,2,0.9977055642648787,0.00022711818317438655,0.9977055642648787,0.0004531609506609907,0.00022396195993028124,0.0008603859848610316,0.0005298086564948037
7099,3,3,0.9980187835503348,0.00033183100398059384,0.0003784792656813533,0.9980187835503348,0.0005083350911164853,0.0003923734349253134,0.00037019765396152545
7100,6,6,0.9942318899544796,0.0016341982577725484,0.0014992879159616982,0.000909820790463027,0.000445124639593243,0.001279678441729809,0.9942318899544796
7102,6,6,0.9938368768753703,0.001283842212255649,0.001270224762038007,0.0011689288743491765,0.0003651309152013522,0.0020749963607855277,0.9938368768753703
7103,5,5,0.996607746375547,0.0005211865467603146,0.0006686993645934344,0.0004632691985362527,0.0004667995803614174,0.996607746375547,0.001272298934201499
7104,4,4,0.9977169590716403,0.0003909137490197195,0.0003669124909655175,0.0008076071455399359,0.9977169590716403,0.0003774062256113718,0.00034020131722318196
7105,5,5,0.9964328520567507,0.0004321554524115259,0.0007058072026910257,0.00048238959266379706,0.0005777578636858346,0.9964328520567507,0.0013690378317971741
7108,1,1,0.9982659378052882,0.9982659378052882,0.0002164617101973743,0.00036846985131544713,0.0004500401380117415,0.0003040747518254727,0.0003950157433617694
7110,2,2,0.9977172571039701,0.0002448944422791918,0.9977172571039701,0.0003184292859464114,0.0002600808791550887,0.0008205432060937525,0.0006387950825555808
7113,3,3,0.9980287275054018,0.00033331293863916417,0.00040023440494718995,0.9980287275054018,0.0004952001194535095,0.00040266338161096954,0.00033986164994735603
7115,4,4,0.9980948975229763,0.0004508040331108747,0.000335777890619128,0.0004335927255674087,0.9980948975229763,0.0003699105151275395,0.0003150173125987729
7117,3,3,0.9979917672184991,0.000362347551690196,0.0004317567881708638,0.9979917672184991,0.0004994693293971522,0.00037898010119318497,0.0003356790110494554
7118,5,5,0.996909625931414,0.00038474441126945096,0.0008274457800307506,0.0004928080340586133,0.0005606386401403661,0.996909625931414,0.0008247372030868852
7119,1,1,0.9982065125761653,0.9982065125761653,0.00021009933715797517,0.00039155375600990816,0.00040837469143866384,0.00025553640720741774,0.0005279232320208056
7120,5,5,0.9968999915762813,0.00043957062401962424,0.0009042205403471437,0.0005233860683921273,0.00037169205741572237,0.9968999915762813,0.0008611391335441769
7121,4,4,0.997877258933806,0.0005634216955840925,0.0003652144146828022,0.0004886125770248793,0.997877258933806,0.0003865129158090517,0.00031897946309327493
7122,3,3,0.9979858604077596,0.00030459510790106537,0.00038676811597053386,0.9979858604077596,0.000542534642856176,0.0003741333280016667,0.00040610839751097213
7123,3,3,0.9979144973823377,0.0003722550188858802,0.0003669935119779268,0.9979144973823377,0.0004604515290163349,0.0004660773867793455,0.00041972517100277257
7125,6,6,0.9945581705942452,0.0014116148763430743,0.0014366807238241997,0.00098888105940167,0.00038734853744595897,0.0012173042087399175,0.9945581705942452
7126,5,5,0.9966068133238715,0.0004886299072903267,0.0007957164090705216,0.00046166378264862594,0.0004207878607777655,0.9966068133238715,0.001226388716341335
7128,4,4,0.9980807967221129,0.0004332513842561742,0.00031544365411570946,0.00047277126981093166,0.9980807967221129,0.0003456646043981627,0.00035207236530620584
7130,3,3,0.9979654678450469,0.0003762673767445473,0.00039954205672483383,0.9979654678450469,0.0004368480120142015,0.0003401452487365986,0.00048172946073298976
7132,6,6,0.9946651092251405,0.0013104459020825885,0.0014868662144763912,0.0009064926664688474,0.00040224047525446973,0.0012288455165771761,0.9946651092251405
7133,1,1,0.9983652172478199,0.9983652172478199,0.00021395133676246962,0.0003401786358992723,0.0004154686732194573,0.00028747884612106967,0.0003777052601777973
7134,2,2,0.997782350819151,0.0002953408873505878,0.997782350819151,0.0005735229119172581,0.00034173620852925103,0.0004506439710996089,0.0005564052019521156
7136,5,5,0.9965137643841364,0.0004703075881992899,0.0006295794031950494,0.0005062765458939134,0.0006867113272064763,0.9965137643841364,0.001193360751368887
7137,4,4,0.9979920384944435,0.0005198023862857832,0.00034910262903452326,0.0004533948084680841,0.9979920384944435,0.0003893165848242779,0.00029634509694381967
7139,1,1,0.9981961683518907,0.9981961683518907,0.00021417556505052478,0.00026514127534430924,0.0003277406450448723,0.0004938206322029447,0.0005029535304666074
7140,4,4,0.9980626055422058,0.00043867723501362483,0.00036384878882989133,0.00043296278558531415,0.9980626055422058,0.00037061976544296437,0.00033128588292242317
7141,3,3,0.9979379506517715,0.0004156863322248668,0.00045802463368551657,0.9979379506517715,0.0004373255243564249,0.0004326039227560861,0.0003184089352056791
7144,6,6,0.9946688398862906,0.001363198585380531,0.0014151060849408683,0.0009440759282938805,0.00040737181023003634,0.001201407704864008,0.9946688398862906
7146,5,5,0.9967968288842248,0.0004206696432625202,0.0009323721030306464,0.0005375251805892351,0.00039690409743427615,0.9967968288842248,0.0009157000914585415
7148,4,4,0.9980929662674902,0.0003983289419972895,0.0003198945250437455,0.0004926613848143101,0.9980929662674902,0.00034690721663509883,0.0003492416640193378
7149,6,6,0.9943698905849025,0.0014871622633466398,0.0015003400116724256,0.0009782364029722662,0.00045381022136837634,0.0012105605157377863,0.9943698905849025
7150,1,1,0.9983649472245291,0.9983649472245291,0.00019741927254264652,0.00028059444700211274,0.0003478983992000347,0.0003546335790899443,0.00045450707763617797
7151,3,3,0.9979355948058687,0.0003249595665158904,0.00044446752691369284,0.9979355948058687,0.0005774567025490584,0.000297278271384338,0.0004202431267684151
7152,2,2,0.9976489807505835,0.00026806105431955346,0.9976489807505835,0.0002862522283173515,0.00025818941370738674,0.0009135417335781593,0.0006249748194940572
7154,1,1,0.9975755483255485,0.9975755483255485,0.00037967830228974303,0.0004836113203839199,0.0006349023283325118,0.0003858970638015732,0.00054036265964387
7156,1,1,0.9983644606160158,0.9983644606160158,0.00020696870812096147,0.0003099604944263303,0.0004560882299509731,0.00026563347100232615,0.0003968884804836255
7158,4,4,0.9980801107757978,0.00042046352342478804,0.00031449845829957496,0.00046769254898436943,0.9980801107757978,0.0003429514682263967,0.0003742832252670702
7159,2,2,0.9976424347506246,0.0003693053356498108,0.9976424347506246,0.0005544101460224732,0.0003388217223896235,0.00043123761606230827,0.0006637904292511548
7161,1,1,0.9983879873786444,0.9983879873786444,0.00021580957458783556,0.00032857104872301786,0.000398673615230632,0.00023877443073681362,0.0004301839520772332
7162,2,2,0.9975191031393561,0.00020830367903268185,0.9975191031393561,0.000310406507332752,0.00024286487990307293,0.0010793186481447383,0.0006400031462306965
7163,1,1,0.9983397263893591,0.9983397263893591,0.00019025873043186883,0.00038432659912286297,0.0004438072006420157,0.0002628003010011897,0.00037908077944303134
7164,3,3,0.9980257036759554,0.00031876750924113826,0.0004263294963686324,0.9980257036759554,0.000423357849972085,0.00044310459379983736,0.00036273687466291334
7165,5,5,0.9963031520660534,0.00043662888543146924,0.001419061027083534,0.0003630549877065272,0.0003393355125618112,0.9963031520660534,0.001138767521163335
7167,6,6,0.9945579473720352,0.0013391690632003177,0.001375381561385092,0.0010489348478260236,0.00035850429082279585,0.0013200628647306078,0.9945579473720352
7168,4,4,0.997921952878981,0.0005470875490806968,0.00035583100929603673,0.00045537160505570545,0.997921952878981,0.00040838853722222524,0.0003113684203643291
7169,4,4,0.997970558133582,0.0004296118144004059,0.0003054354568525736,0.0005746791350486382,0.997970558133582,0.00038100882320473155,0.0003387066369115632
7175,2,2,0.9969228586364532,0.0002657059120061016,0.9969228586364532,0.00058014555113388,0.00030807227356465503,0.0013829851297119846,0.0005402324971301118
7176,3,3,0.99789413140296,0.00037926478384216406,0.0004095341033782941,0.99789413140296,0.0005638948680737487,0.0004058151871768509,0.0003473596545689187
7178,2,2,0.9978299443402168,0.00032916848485030044,0.9978299443402168,0.0004231743022479726,0.000371965176625534,0.0005021608537553601,0.0005435868423041449
7179,1,1,0.9982268098808289,0.9982268098808289,0.00017669077074434597,0.00034840170093744245,0.0004313659621007466,0.00035289926186217533,0.00046383242352641426
7180,1,1,0.998241904724235,0.998241904724235,0.0002287370305913032,0.0003806696344279531,0.0004754469571180722,0.0002547381745292666,0.00041850347909839613
7181,5,5,0.9966842785101818,0.0006606545234125441,0.0007651414101478676,0.0004010000658941006,0.0004022153254694935,0.9966842785101818,0.001086710164894212
7182,2,2,0.9974165573998316,0.00046505956763331213,0.9974165573998316,0.0004374627642286071,0.00039685288228494416,0.000579089882121222,0.0007049775039003003
7183,6,6,0.9944841914876609,0.0013885943659877277,0.0014613591855691238,0.0010119793665906683,0.00039238045807314827,0.0012614951361184239,0.9944841914876609
7185,5,5,0.9967029872331788,0.00041936874222373683,0.0009948155092644303,0.0006170011587162364,0.0004138276638421264,0.9967029872331788,0.000851999692774605
7187,4,4,0.9979438711097599,0.0005137447421836038,0.0003090449480532643,0.0005813240146850917,0.9979438711097599,0.0003466039380002337,0.0003054112473179396
7188,4,4,0.9980439639001912,0.00043873032681960954,0.00027203453736765243,0.0004623656918667707,0.9980439639001912,0.00036205887956924535,0.00042084666418552955
7190,5,5,0.9958726108990325,0.000313365645153096,0.0021418832466894395,0.0004949660773175741,0.00034156795687935644,0.9958726108990325,0.0008356061749280736
7192,6,6,0.9944198342107929,0.0014402949624208008,0.0014543313900599777,0.0010584271102612574,0.000400811534669455,0.0012263007917955792,0.9944198342107929
7196,6,6,0.9947221569225542,0.0013249515709351247,0.0013698334040985521,0.000922961944155624,0.0004035936553380697,0.001256502502918462,0.9947221569225542
7199,5,5,0.9965739980240359,0.0003607749364247291,0.0008198308844005631,0.0005420099809002743,0.00046787857004294164,0.9965739980240359,0.001235507604195631
7200,3,3,0.9980628092519649,0.0003013939841904098,0.0004114901230609897,0.9980628092519649,0.0004547317272618543,0.0004157898653639217,0.0003537850481578859
7201,6,6,0.9945924510500507,0.0013738830531705322,0.0014321862889082233,0.000881900221574665,0.0004023756915989469,0.0013172036946969836,0.9945924510500507
7202,1,1,0.9982765833402583,0.9982765833402583,0.00020060012888383253,0.00033200089554976894,0.0004391708609085526,0.00025559461006100404,0.0004960501643387327
7203,4,4,0.9980701824761623,0.0003805809091170433,0.0003190782652573356,0.0004981584495086855,0.9980701824761623,0.00037524984470269925,0.000356750055251964
7205,1,1,0.9983449257395884,0.9983449257395884,0.00021347456501565217,0.0003152925142372846,0.00042153517713286606,0.000339320200767142,0.0003654518032587034
7206,3,3,0.9980494642872441,0.0003217769248729562,0.00037353128149791154,0.9980494642872441,0.0004820726877511752,0.000406485144106455,0.00036666967452743057
7207,3,3,0.9979525300311624,0.00035282618446199173,0.000435720612399426,0.9979525300311624,0.0005244423253918101,0.000408926375970006,0.0003255544706142227
7208,3,3,0.9980078303850325,0.00028445292162395465,0.0003826278248143143,0.9980078303850325,0.0004964795062240744,0.00042852281905046236,0.0004000865432547101
7210,2,2,0.9977747371382112,0.0002658581538549151,0.9977747371382112,0.0002985863993344997,0.0002925940373149747,0.0008649756412880607,0.0005032486299963133
7211,2,2,0.9978290490375211,0.0003396669558034087,0.9978290490375211,0.0004040457733863041,0.00034957992565631693,0.0005214342574298047,0.0005562240502030924
7214,1,1,0.9982875675474336,0.9982875675474336,0.0002414092762036977,0.0003170832860235136,0.0004036430022970636,0.00024267907641377823,0.0005076178116283162
7215,6,6,0.994481304020989,0.0012897532159253068,0.0013889545512520468,0.0009225343041631265,0.00041091930179475194,0.0015065346058757783,0.994481304020989
7216,2,2,0.9977931113824942,0.0003160316659689398,0.9977931113824942,0.000328658537852678,0.0002805720234304098,0.0007334433272614311,0.0005481830629924015
7217,2,2,0.9976965156102202,0.00023892945212439148,0.9976965156102202,0.00048324119233428194,0.0002375220053559731,0.0007886480752373739,0.0005551436647278356
7218,1,1,0.9982551350791813,0.9982551350791813,0.00023434052105488387,0.000359329155038874,0.0004265013237103276,0.0002859668049774843,0.00043872711603719025
7220,6,6,0.9946937078470345,0.0013567742580738707,0.001404338997977928,0.0009403421534404079,0.0004023370029671381,0.0012024997405061702,0.9946937078470345
7224,1,1,0.998345980913779,0.998345980913779,0.00020877480188097967,0.0003477874595374529,0.00042176765105531613,0.00026070981658964776,0.00041497935715758747
7227,5,5,0.9966170457426097,0.0003052600957744072,0.001401634290906952,0.00039262766210441615,0.0003842518715158664,0.9966170457426097,0.0008991803370887065
7228,4,4,0.9978877589631017,0.0005161550234605548,0.0003879702177120428,0.0005278523196135844,0.9978877589631017,0.00037862416202122655,0.0003016393140908762
7229,1,1,0.9983417477752973,0.9983417477752973,0.00021105827558457377,0.00034647898840939556,0.000466921488414499,0.000276540944892109,0.00035725252740210817
7230,3,3,0.9977945323705683,0.00044919592673400865,0.00047053269949343395,0.9977945323705683,0.0004695044321582648,0.000493077106477917,0.0003231574645681156
7232,2,2,0.9963338570822192,0.00039707046432951946,0.9963338570822192,0.0007394318381300107,0.00033031556007228225,0.0016048177227858678,0.0005945073324631799
7236,6,6,0.9944340867976987,0.0013943325424127756,0.0015280078364659454,0.0009631185366350464,0.0003859287935519471,0.0012945254932355246,0.9944340867976987
7238,4,4,0.997896867311518,0.00042095621423225173,0.00038469560788782585,0.0004916693806346361,0.997896867311518,0.00041117555228072723,0.0003946359334464516
7239,6,6,0.994475076270922,0.001447399044425008,0.0014350852136397819,0.0008926134992026398,0.0003908437830908264,0.0013589821887197348,0.994475076270922
7241,3,3,0.9979906118750461,0.00032208586462606964,0.0003957637833043187,0.9979906118750461,0.0005028854375519895,0.00031146290826274565,0.0004771901312087999
7244,6,6,0.9943151943584747,0.0015194946706755096,0.0015106512972807215,0.0009539099870931047,0.00043642040136282695,0.0012643292851131438,0.9943151943584747
7245,3,3,0.9978339410042786,0.00046212911339501417,0.00047849158041858044,0.9978339410042786,0.00052644594009248,0.00040104761450508416,0.0002979447473102379
7246,2,2,0.9969040511513696,0.0004949150487869411,0.9969040511513696,0.00042128462960238137,0.00035466552673290745,0.0006557885050326268,0.001169295138475512
7247,4,4,0.9980544770320611,0.0004608647596866764,0.0002981987991107375,0.00047029768922888837,0.9980544770320611,0.0003802300966875409,0.0003359316232251123
7248,4,4,0.9975892989407407,0.0006098809371725508,0.00032867822372255307,0.000651493887851236,0.9975892989407407,0.00043867185110898224,0.00038197615940402705
7250,1,1,0.9982228716390441,0.9982228716390441,0.00020546839769555725,0.00025299522856186697,0.0003916234647033788,0.0003675891726485139,0.0005594520973466404
7251,1,1,0.9980269899531529,0.9980269899531529,0.0002403003511828285,0.0003519785111791906,0.0004996222958646025,0.00025916564256605375,0.0006219432460544256
7252,1,1,0.9982920719766989,0.9982920719766989,0.0001917911805308664,0.0003162617349548388,0.0005235062788734811,0.00030518467108591797,0.0003711841578560565
7255,5,5,0.9966105479097764,0.00045095213781853226,0.0010211384740031455,0.00035703405103160553,0.0005688550688172316,0.9966105479097764,0.0009914723585530262
7256,5,5,0.9969649273610249,0.0004115691346500589,0.0007753477979703164,0.0005328628181838928,0.0004294589691890156,0.9969649273610249,0.0008858339189817912
7260,1,1,0.9981560434228915,0.9981560434228915,0.00021502610584769118,0.0004436404995372885,0.0005226789095171346,0.0002915194003236054,0.00037109166188280436
7262,5,5,0.9968340521777719,0.0004667041137020721,0.0007804282572057713,0.00042652400755687305,0.0004921465064618409,0.9968340521777719,0.001000144937301655
7263,2,2,0.992451998019084,0.000374349761767619,0.992451998019084,0.0033241658817165405,0.0003965875892165985,0.0028994567478901087,0.0005534420003250909
7264,2,2,0.9978583651055176,0.0003104880724284423,0.9978583651055176,0.000402876776006674,0.0003309727432428478,0.0005184239190364593,0.0005788733837679114
7265,1,1,0.9983757132053928,0.9983757132053928,0.00020706323034649126,0.00033788399555209647,0.0004282160041993044,0.00024608017700790543,0.00040504338750144457
7266,6,6,0.9946327614739382,0.0013553603173205757,0.0014367499974163366,0.0009250170928142013,0.0004030256696346896,0.0012470854488760125,0.9946327614739382
7268,3,3,0.99804546368918,0.000297712743485318,0.0004126003064278381,0.99804546368918,0.00041583438195178234,0.00039539880930218786,0.000432990069652884
7269,1,1,0.9983530961563823,0.9983530961563823,0.00018154616069754884,0.00025090405639086294,0.00029971204600890707,0.00039761647326626173,0.0005171251072541571
7270,2,2,0.99771138286858,0.00036262594259454,0.99771138286858,0.0005137688003136365,0.0003942225516064291,0.00048070425200510264,0.0005372955849003746
7271,3,3,0.9979675086778311,0.0003158021410448008,0.00041537802432105016,0.9979675086778311,0.0005106669712063811,0.00035014434382408865,0.0004404998417725882
7272,3,3,0.9980597884390519,0.00032534237157612236,0.0004132670497205708,0.9980597884390519,0.000465440699691241,0.0003972538897058539,0.0003389075502544031
7275,6,6,0.9942414475278327,0.0013907042631403775,0.0012947165734195575,0.0009426125636843503,0.00035786662620793526,0.0017726524457150573,0.9942414475278327
7276,4,4,0.9980222115189146,0.0005123347545691687,0.0003198913423274034,0.00046914490760511683,0.9980222115189146,0.00034424720039145186,0.0003321702761922628
7278,5,5,0.9956960911667861,0.0009437625634214091,0.0008712400653812654,0.0005041706144798523,0.0005887832514289563,0.9956960911667861,0.0013959523385023227
7279,1,1,0.9983317136266074,0.9983317136266074,0.0002013120659702524,0.00030084448738640845,0.00047879167840402307,0.00034111545710651065,0.00034622268452531
7280,1,1,0.9982885380586216,0.9982885380586216,0.0002343398573888801,0.0003666681609520377,0.0004381770934112063,0.00028425739833208737,0.0003880194312942662
7281,5,5,0.9907867342420452,0.0002791913001866748,0.0066081425375085915,0.0004278975842899337,0.0004276707490346673,0.9907867342420452,0.0014703635869349181
7282,5,5,0.9968439969861248,0.00043987220718067887,0.0007542649294482728,0.00040353895384108153,0.0004950363385064358,0.9968439969861248,0.0010632905848987073
7283,3,3,0.998062120981195,0.0003408571922918448,0.0004162895021463775,0.998062120981195,0.00041246712083374136,0.0004072207179638325,0.000361044485569269
7284,2,2,0.9977544915964027,0.00031397307627528714,0.9977544915964027,0.0005958281555169339,0.0003207086629166719,0.0004526984891664434,0.0005623000197219745
7285,5,5,0.9967461547960095,0.0004413170268358917,0.000634311855406873,0.0006010912890534383,0.0004431886068091628,0.9967461547960095,0.0011339364258851445
7286,4,4,0.9980578474827259,0.0005131594091469185,0.00032735570529447054,0.0004452927144713478,0.9980578474827259,0.0003458762760425339,0.0003104684123188238
7287,1,1,0.9983110628188436,0.9983110628188436,0.00021574357084333876,0.00035035456651732897,0.0004975816218381088,0.00026037172005530164,0.0003648857019023473
7288,4,4,0.9980380651305121,0.0004837891956049457,0.00032453363516124885,0.00044162720100924776,0.9980380651305121,0.00036914835524372086,0.00034283648246884863
7289,4,4,0.9980222260420479,0.0005080066153803806,0.0003223646193708722,0.00046606278996651115,0.9980222260420479,0.0003439972908317742,0.0003373426424025839
7290,6,6,0.9946299166904432,0.0013742858629840944,0.0014281613636012316,0.0009090988833557031,0.0004121163454884708,0.0012464208541272468,0.9946299166904432
7293,4,4,0.9980441139274567,0.0004951480573451982,0.0003364744816734657,0.00044545646328524724,0.9980441139274567,0.0003733348358843118,0.00030547223435510996
7294,1,1,0.9983543583755938,0.9983543583755938,0.00019019040333392615,0.0003301890139008686,0.00039391743373223717,0.0003282537257392885,0.00040309104769991244
7295,6,6,0.9946206350723339,0.0013972699465321344,0.001299648136673377,0.0009034032285161927,0.0003956149848797453,0.001383428631064679,0.9946206350723339
7297,3,3,0.997676133245079,0.00025987801275138107,0.00044547763249142014,0.997676133245079,0.00047495798093848856,0.0006268940420182961,0.0005166590867215225
7298,5,5,0.9965105524329069,0.0004683081291307317,0.0005464237112882051,0.0005688625314503995,0.0005871452664692958,0.9965105524329069,0.001318707928754517
7301,4,4,0.9979915138195515,0.0005202559154415638,0.0003430167106069667,0.0004500447322840328,0.9979915138195515,0.0003990134672387711,0.0002961553548772031
7303,4,4,0.9980579466493666,0.00046947658985157544,0.00031737061179291026,0.00043328338913642677,0.9980579466493666,0.00036542758065550993,0.0003564951791969172
7304,6,6,0.9946243005686632,0.0012983069544670587,0.0014360610861364395,0.0009150589900764213,0.0004077521377732645,0.0013185202628835167,0.9946243005686632
7305,6,6,0.9943601457812213,0.0013538747983338987,0.0015091564226025688,0.0009600227319262207,0.0003877498080873344,0.001429050457828636,0.9943601457812213
7306,3,3,0.997939200206691,0.0003436044194406174,0.0003703442888995628,0.997939200206691,0.0005904414633608012,0.00039953420590079267,0.0003568754157072176
7307,3,3,0.9979554585996935,0.0003589110182577371,0.00039244468912177753,0.9979554585996935,0.0005413571064456557,0.0003759942414738753,0.00037583434500750197
7308,4,4,0.9979999565534479,0.0005725377169658123,0.00032343398839700593,0.00045887001707962027,0.9979999565534479,0.00034888505809626684,0.0002963166660134185
7309,4,4,0.9980721521041636,0.00042884622438292525,0.0002974661488693377,0.00043707995999266955,0.9980721521041636,0.0003554949670199328,0.0004089605955715692
7310,3,3,0.9979518509414176,0.00034061546128402937,0.00042080582148310485,0.9979518509414176,0.0004981297747364728,0.00046980086496613223,0.00031879713611266585
7311,4,4,0.9980732182777434,0.0004630683097205868,0.0003291293972177431,0.0004494564191390808,0.9980732182777434,0.00037293616259238745,0.00031219143358673267
7312,2,2,0.9970154347173736,0.0005080396497958883,0.9970154347173736,0.0004146271039981957,0.00031266373470821725,0.0010146529787870566,0.0007345818153370697
7314,1,1,0.9983720225940197,0.9983720225940197,0.00020370360376088,0.00033598547595383924,0.00041544833397676645,0.00023807937497269095,0.00043476061731613096
7315,1,1,0.9983314477798575,0.9983314477798575,0.00021079539770031816,0.00033646098872876316,0.00044838642911019275,0.00023252178462863842,0.0004403876199746268
7316,6,6,0.9946161064775682,0.0013467367013329497,0.0014303435091965566,0.0009000937708609657,0.0004315016624450763,0.0012752178785962927,0.9946161064775682
7318,3,3,0.9979716085169541,0.00034751070032947777,0.00042225934079354114,0.9979716085169541,0.0005151960689414705,0.00043000721620319835,0.0003134181567782055
7319,2,2,0.9974806368208746,0.0003871670596482937,0.9974806368208746,0.0005616762578797349,0.00036573587060648703,0.0005165027444676728,0.0006882812465232289
7320,2,2,0.9977207580106368,0.0002759490979994595,0.9977207580106368,0.00031116583809250454,0.00028119992367383245,0.0007514266030344442,0.0006595005265630211
7321,2,2,0.9978493147089256,0.0003430474966179508,0.9978493147089256,0.00035365557929342283,0.00030017366087427294,0.0005819692451026215,0.0005718393091859866
7322,3,3,0.9979829818043626,0.00036884752776652894,0.00035642676810639134,0.9979829818043626,0.0004967716548684505,0.0003862483899850333,0.00040872385491096813
7323,2,2,0.9974490615547733,0.00039276177137342405,0.9974490615547733,0.0005644146553149956,0.0003461970884994821,0.00044524480666866965,0.0008023201233701842
7325,2,2,0.9977279653039405,0.0002700970311214376,0.9977279653039405,0.0005499343579364775,0.00030696067165792703,0.000511961308448159,0.0006330813268955783
7327,1,1,0.9982652193067493,0.9982652193067493,0.0002531927925555764,0.00032951907317891027,0.0003744742181450104,0.0003794373235187392,0.00039815728585257995
7329,5,5,0.9967084114880165,0.00040496671155412024,0.000687252742812219,0.0004366856963856475,0.0006289568962168028,0.9967084114880165,0.0011337264650146995
7330,4,4,0.9979346724544839,0.0005150384830842013,0.0003723321325071088,0.0005008480378084117,0.9979346724544839,0.00038994443145379487,0.0002871644606626754
7331,1,1,0.9980168268853644,0.9980168268853644,0.00022358851931061457,0.0003605142535199086,0.000566422343589698,0.0003469823710576988,0.00048566562715769967
7332,3,3,0.9979450418970218,0.00028726770338445573,0.00035179793294531003,0.9979450418970218,0.00048625910209728116,0.0005240689035445478,0.00040556446100658644
7333,5,5,0.9966608995326173,0.0004336995561119384,0.0008666194206437004,0.0004887389131687363,0.0004813493927659761,0.9966608995326173,0.0010686931846923702
7335,2,2,0.9974459745146139,0.00033285375736154856,0.9974459745146139,0.0007562896285726836,0.00039441658987421086,0.0005825031630529896,0.00048796234652467293
7337,2,2,0.9974017220560266,0.00035890845376726553,0.9974017220560266,0.0007490266951352165,0.00036220478312815296,0.00038269295105466955,0.0007454450608880506
7339,5,5,0.9956266109551279,0.00041651014488953693,0.0012335905861946027,0.000530286714538442,0.0005956110214644006,0.9956266109551279,0.001597390577785068
7340,1,1,0.9983057393516444,0.9983057393516444,0.0001950970795304006,0.0003313188597105038,0.0005007930739203783,0.00031928599812529465,0.00034776563706917415
7342,4,4,0.9979054239800331,0.0004729050816877239,0.00039053720174175014,0.0005123705715579597,0.9979054239800331,0.00042158033469680777,0.00029718283028265795
7343,3,3,0.9953025804527018,0.0003631704394409733,0.00058982179204152,0.9953025804527018,0.0005107657168079448,0.0020075047376982165,0.0012261568613095408
7345,1,1,0.9981363536513213,0.9981363536513213,0.00026671496929060403,0.00040150577386190855,0.0005111052062080672,0.00033116947330437657,0.0003531509260136251
7346,1,1,0.9983521686394415,0.9983521686394415,0.00023677542016928616,0.0003366425512459281,0.00043713796126170444,0.00027786748213341815,0.00035940794574817206
7347,2,2,0.9975386507246587,0.00025493135730477145,0.9975386507246587,0.00045807983631720317,0.000285869488389283,0.0008838797384373461,0.0005785888548926014
7348,6,6,0.9947344014338513,0.0012920281085880448,0.00135581054969484,0.0009966728925524197,0.0003989401136811479,0.0012221469016322644,0.9947344014338513
7350,6,6,0.9945975688827738,0.0013761929206587901,0.0013470552129134592,0.0009492185339696529,0.00039737523770510587,0.0013325892119791455,0.9945975688827738
7351,4,4,0.9978095908836311,0.0007094518262876366,0.0003345082703043623,0.00044818476281006914,0.9978095908836311,0.00041488416391403384,0.00028338009305282506
7352,2,2,0.9978247918107539,0.0002999820000957027,0.9978247918107539,0.00039716813046361554,0.00029391172684323686,0.0005702084766522366,0.0006139378551912973
7356,2,2,0.9978250026989117,0.00033204859145102546,0.9978250026989117,0.00045405012868807236,0.0003620747215783552,0.0004789632397951251,0.0005478606195757834
7357,4,4,0.9980665147309262,0.00043694807240706645,0.00033875130895638265,0.0004508015252219736,0.9980665147309262,0.0003477947133604139,0.0003591896491279063
7359,1,1,0.9983332715554816,0.9983332715554816,0.00021657645911773865,0.00031574349731414164,0.00040338537503737006,0.0002648688377142967,0.00046615427533493555
7361,4,4,0.9979691679749163,0.00040461482167300066,0.00034109813000324403,0.0005622429652029885,0.9979691679749163,0.000394166488772906,0.00032870961943157114
7362,6,6,0.9947011607436855,0.0013176448591381885,0.0013661165909378042,0.000936930546369148,0.00040312007157692785,0.0012750271882923795,0.9947011607436855
7363,1,1,0.9982220913271189,0.9982220913271189,0.00021471594759752804,0.00042670506990351515,0.00044204890094695816,0.0002693572999815877,0.00042508145445156894
7364,5,5,0.9969873130294137,0.0005731140434680309,0.0007514788528138534,0.0004057353483713873,0.0003783970427645185,0.9969873130294137,0.0009039616831685606
7365,3,3,0.9979885189486315,0.00030977405058213697,0.0003641199208174684,0.9979885189486315,0.0005448485847932725,0.00042186619507820827,0.0003708723000974483
7366,4,4,0.99803292405764,0.0004980830975884337,0.0003473210161891205,0.0004398171744878903,0.99803292405764,0.0003795856952178134,0.00030226895887678517
7368,3,3,0.9980378911681324,0.0003277558771031205,0.00042375789024723707,0.9980378911681324,0.00047411924661211707,0.00036649063135847063,0.00036998518654673826
7369,6,6,0.9946927788665201,0.0013841591345634696,0.0013803027604728977,0.0009400552130062348,0.00040018469730362846,0.0012025193281336851,0.9946927788665201
7372,2,2,0.9974984064882868,0.0002637659707880305,0.9974984064882868,0.0007566915886363626,0.0002921377871690908,0.0006477698418757615,0.0005412283232439646
7373,4,4,0.9978476275170057,0.0005788621209820994,0.0002757605845399078,0.0005932846980831525,0.9978476275170057,0.0003937157842723885,0.00031074929511674954
7374,2,2,0.9977638170891385,0.0003079903665944662,0.9977638170891385,0.0004422846297217866,0.00039043432508294125,0.0006445985863055418,0.0004508750031568633
7376,3,3,0.9980116761881809,0.00033645585090176766,0.00039740413753934007,0.9980116761881809,0.0005030152245030526,0.0004031510386107581,0.0003482975602642598
7377,4,4,0.9980257039373728,0.0004433493280087975,0.00034707427116237256,0.00048456145494848155,0.9980257039373728,0.0003725597078763972,0.0003267513006312386
7378,4,4,0.9980601060396351,0.00040552785943815805,0.00033271203002757747,0.00047974407777352156,0.9980601060396351,0.000354689960881192,0.00036722003224446884
7381,5,5,0.9964960176003245,0.0004379066212969877,0.0008934682663598227,0.00037955495487327116,0.0004677032392099045,0.9964960176003245,0.001325349317935617
7383,5,5,0.9966335123442092,0.00037484176590571987,0.0009828162552314838,0.0005964926216431651,0.0004694180899271516,0.9966335123442092,0.0009429189230833149
7385,3,3,0.9977542652932373,0.0005057611194429069,0.0004122742439611743,0.9977542652932373,0.0006410230747584115,0.00034639022349947107,0.0003402860451007214
7387,6,6,0.9947125001013206,0.0012736878485309598,0.0014263817978336915,0.0009460352861656079,0.00037895365293204525,0.0012624413132170727,0.9947125001013206
7388,2,2,0.9946359011107966,0.00022220104182184617,0.9946359011107966,0.00031334054739511134,0.00027391996117729614,0.003924311687668825,0.000630325651140376
7389,1,1,0.9983756181178118,0.9983756181178118,0.0001893808734805284,0.00025674082807380244,0.0003968800449184068,0.0003317195685766182,0.0004496605671388314
7390,5,5,0.996920416402549,0.0004835634366125053,0.0007137551662013311,0.0005147559892083715,0.0004793745225050464,0.996920416402549,0.0008881344829236667
7391,1,1,0.9983092849774956,0.9983092849774956,0.00021175118606342943,0.00034503091430962185,0.00047080104005929374,0.0003024406345454656,0.0003606912475267156
7392,1,1,0.9983798611129012,0.9983798611129012,0.00019775122706634795,0.000325067668835338,0.00038745640984676655,0.00029794374516029697,0.00041191983618999123
7393,2,2,0.997800346718521,0.0003574844941909404,0.997800346718521,0.0003926161664691477,0.0003217285447143157,0.0005580075981161989,0.0005698164779883592
7394,6,6,0.9939765937118628,0.0015331297192255477,0.0015706338465008656,0.0008376162155794093,0.00043241848500847246,0.0016496080218229498,0.9939765937118628
7395,5,5,0.9962132483889802,0.000509972069745161,0.0007668254355786736,0.0004783401043427439,0.0005038344208355576,0.9962132483889802,0.0015277795805176343
7396,5,5,0.9948855420030521,0.0008522501771610181,0.0007139400384324198,0.0005152041171626819,0.0006303437642627474,0.9948855420030521,0.0024027198999289757
7399,5,5,0.99668299157409,0.0005636827835412965,0.0008332519043041178,0.0003781329621375664,0.0003712988585368627,0.99668299157409,0.0011706419173901366
7400,1,1,0.9983108913422228,0.9983108913422228,0.00022739732756494487,0.00036834995561091903,0.00043567529949924236,0.00023024288207618715,0.0004274431930258637
7401,6,6,0.9939193486071535,0.0014094258318944897,0.0016348239338946815,0.0008624632984248569,0.00042973871005746615,0.0017441996185750095,0.9939193486071535
7402,2,2,0.9979034198723425,0.00027906855552592853,0.9979034198723425,0.000389480654219773,0.00027622662482149627,0.0005791060124683079,0.0005726982806219471
7404,5,5,0.9968359583223119,0.0004955154783312325,0.0007828299510444296,0.00045798178116543317,0.0004706553062157739,0.9968359583223119,0.0009570591609312691
7407,3,3,0.9979619680515402,0.000320122296577669,0.00034233922610548545,0.9979619680515402,0.00043792725049551724,0.0005179152748461658,0.0004197279004350198
7410,3,3,0.9979909903865304,0.0003371180583741737,0.00035620283745786284,0.9979909903865304,0.000532918506369348,0.0003776839677926314,0.0004050862434756091
7411,4,4,0.9980666700734794,0.0005005337030749415,0.0003134043778181184,0.00043551702987349616,0.9980666700734794,0.0003635592389977641,0.0003203155767562925
7412,2,2,0.9973996376354138,0.00023924203085564695,0.9973996376354138,0.0004498308181978697,0.0003366306895226822,0.0011122447345159408,0.00046241409149401773
7413,2,2,0.9976961396589147,0.0003663901290625453,0.9976961396589147,0.0005262070489173896,0.00037705350973938283,0.00041534963640928814,0.0006188600169567081
7414,1,1,0.998209570782911,0.998209570782911,0.00020511776745011078,0.00037190835228173943,0.00031673572749590624,0.00047577718483106444,0.00042089018503020957
7415,1,1,0.9983502235327789,0.9983502235327789,0.00020460370359370178,0.00035316696520421145,0.00047827504331484066,0.00024871207032217506,0.00036501868478618706
7416,2,2,0.992197305081097,0.0003206736195817217,0.992197305081097,0.0004552365435525086,0.0003511487343063084,0.006063725617903112,0.0006119104035593367
7418,1,1,0.998304835274705,0.998304835274705,0.00020052011716120078,0.00029151418448609143,0.0003886789048355978,0.0003968950626027831,0.0004175564562092731
7419,5,5,0.9966137616609957,0.0005686500102502914,0.0006859989924186727,0.0004999807391125548,0.0005367508125142122,0.9966137616609957,0.0010948577847086144
7420,5,5,0.9968707959092099,0.0003826935641187477,0.0009243532947655285,0.0004474772633380941,0.0003802974458049444,0.9968707959092099,0.0009943825227628216
7421,6,6,0.9943275244260983,0.0015591396395444328,0.0014892803155847204,0.0008570559192165412,0.0004422415977440095,0.0013247581018120437,0.9943275244260983
7422,4,4,0.9980970888327021,0.0004487071853382358,0.0003271223578397619,0.0004442182397803104,0.9980970888327021,0.0003467525415901364,0.00033611084274955003
7423,5,5,0.9968165909924972,0.0006185993490475442,0.0006557550413714481,0.000488813624600952,0.0005141124758384478,0.9968165909924972,0.0009061285166443682
7424,3,3,0.9978450224826356,0.0004494931641164101,0.00043585528421365366,0.9978450224826356,0.0005705012412299886,0.0003943144860824756,0.00030481334172161495
7427,3,3,0.9979339674511916,0.00041519357957429053,0.0004044338936307384,0.9979339674511916,0.0005394794773389891,0.0003526141168979884,0.0003543114813662435
7429,4,4,0.9980941568789394,0.00042123240486407814,0.0003128226720086537,0.0004592550465431174,0.9980941568789394,0.00034562108872863404,0.00036691190891617777
7430,6,6,0.9946843662434008,0.00128277782889479,0.0014688421034913964,0.0009672208960737146,0.0004154301871830977,0.0011813627409561565,0.9946843662434008
7433,2,2,0.9978168236075411,0.0002715204122153557,0.9978168236075411,0.00037861187150715106,0.0003118743922753175,0.0006706135834469722,0.000550556133014164
7434,3,3,0.9980416213095842,0.00031941832004609317,0.00040056398962145075,0.9980416213095842,0.000502016274648813,0.00037288095019521317,0.0003634991559042318
7435,5,5,0.9923428403556721,0.0005295192561596883,0.001931029509488289,0.00064623364319076,0.00038061251266806475,0.9923428403556721,0.004169764722821093
7436,5,5,0.9969916902252299,0.0004906091764692295,0.000751408033726634,0.00034306200280536303,0.0004341462579244849,0.9969916902252299,0.0009890843038443502
7438,2,2,0.9975944673826264,0.00036536937534897276,0.9975944673826264,0.0005872863876040375,0.0004121783432518859,0.0004040867804442779,0.0006366117307244549
7439,3,3,0.9978941872808078,0.00036933405465889766,0.00042855513766556786,0.9978941872808078,0.0006022009522989299,0.00039434291695463066,0.0003113796576141372
7440,1,1,0.9981038490375035,0.9981038490375035,0.00023238720127781055,0.0004818514241851497,0.0004993913422343812,0.0003516174009747747,0.0003309035938243632
7441,5,5,0.9969999321817877,0.0004893323702070117,0.0006547425957421872,0.00046332443027823317,0.0004860884572227637,0.9969999321817877,0.0009065799647620642
7442,3,3,0.9980783009086669,0.0003194931632976272,0.0004077749141568597,0.9980783009086669,0.0004630017582459333,0.00037958485794568073,0.0003518443976869718
7443,5,5,0.9962109272228532,0.0005204995366833489,0.0006468606262088428,0.0006661504703059155,0.0006048651378682007,0.9962109272228532,0.0013506970060805199
7444,6,6,0.9947141958646747,0.0012447814166323217,0.0013874758668827086,0.0009293031719080025,0.00040226051163738354,0.0013219831682649294,0.9947141958646747
7446,6,6,0.9944765832427747,0.001512278170221296,0.0014585919657812978,0.0008996388342322763,0.0004220330306786398,0.0012308747563117767,0.9944765832427747
7447,1,1,0.9983293768692404,0.9983293768692404,0.0002013640163806332,0.00034213441580643254,0.00047153780588392037,0.00027459095024071826,0.0003809959424478932
7448,1,1,0.9981935359983303,0.9981935359983303,0.00021636490181215553,0.00042200559663420486,0.000480529200215657,0.0003095919514364516,0.00037797235157128973
7449,3,3,0.9980313263207431,0.0003694951040512715,0.000394639067540962,0.9980313263207431,0.00047807122271798836,0.0003551305882701581,0.00037133769667633317
7451,5,5,0.9965099619258978,0.000570593281189518,0.0006296994933310118,0.0005161277911956363,0.0006122208970401067,0.9965099619258978,0.0011613966113459334
7454,1,1,0.9980369201819683,0.9980369201819683,0.0002764430535020991,0.0004548643770048201,0.0005879859667896645,0.0002849651789215862,0.00035882124181354255
7455,1,1,0.998349324890163,0.998349324890163,0.00022447866280022742,0.0003273742092831837,0.0004335874469719688,0.00026593718636238424,0.0003992976044192645
7456,2,2,0.9964576348773163,0.000262492277735521,0.9964576348773163,0.00039073431922799647,0.00020745035695785284,0.0018603872713027594,0.0008213008974595477
7457,6,6,0.9945553049401653,0.001452065932475379,0.0013830191936067535,0.0010525043533356833,0.00040278008427926796,0.0011543254961376365,0.9945553049401653
7458,5,5,0.9930416226031218,0.000662004646632682,0.0015820125662386602,0.00038537978049554996,0.0004958956223059403,0.9930416226031218,0.0038330847812053288
7460,4,4,0.9980869416958024,0.0004300460330909005,0.0003182145049667271,0.0004647975495901121,0.9980869416958024,0.00035867325358543336,0.00034132696296453036
7462,5,5,0.9958286752475031,0.0004193824370558961,0.0010002072538164146,0.001022132216753414,0.0005208878361213986,0.9958286752475031,0.0012087150087499126
7463,5,5,0.9968701288726585,0.0004460147592530829,0.0008655663942488589,0.000384773225998163,0.0004033740666491165,0.9968701288726585,0.0010301426811923605
7466,5,5,0.9965979284902985,0.0004753967141176617,0.0005514596028074289,0.0005505037748240651,0.0005742678086814467,0.9965979284902985,0.0012504436092709349
7467,6,6,0.9946837772026561,0.0013360655531766696,0.0014162722154459225,0.0009367945369280614,0.00040304383300766524,0.001224046658785543,0.9946837772026561
7469,2,2,0.9978000705191413,0.00034494637564075266,0.9978000705191413,0.0004373389318468458,0.0003727441140093806,0.0005072199367150606,0.000537680122646673
7470,4,4,0.998063339593118,0.0004308203086079581,0.0003255797440000831,0.00044371543102716526,0.998063339593118,0.0003845057499854742,0.0003520391732613461
7472,4,4,0.9978554815814845,0.0005072469342638304,0.00039122314660570366,0.0004811972889548712,0.9978554815814845,0.00043532770233191637,0.0003295233463591333
7473,4,4,0.9978734663668805,0.0004629714458530655,0.0003207392622415852,0.0006489831794080198,0.9978734663668805,0.00034786146896127664,0.0003459782766555607
7474,1,1,0.9982976073349713,0.9982976073349713,0.0002437031593665407,0.00030884803681889463,0.00032092670823975837,0.0003233176169571584,0.0005055971436463996
7475,3,3,0.9979958667269124,0.0004166789059189305,0.00044196181122733134,0.9979958667269124,0.00043243787362172,0.0003223920982463629,0.0003906625840732439
7476,3,3,0.9978992510615675,0.00030114151175996144,0.00037210115846103266,0.9978992510615675,0.0004517975709633489,0.0006068543037658646,0.00036885439348231797
7477,2,2,0.9977913908781402,0.00031142832596013447,0.9977913908781402,0.0003408567217851186,0.0003195064140948347,0.0006231552572151844,0.0006136624028045451
7478,4,4,0.9979984608344864,0.0004122308347811034,0.00032328734216007714,0.0005803852949585159,0.9979984608344864,0.00033248438582431485,0.000353151307789619
7479,1,1,0.9983614640704959,0.9983614640704959,0.00020871213212209078,0.000356511449846462,0.0004347031823038332,0.00025792278901208527,0.00038068637621949147
7481,1,1,0.9981837973986524,0.9981837973986524,0.00020360615565177785,0.00037868628229872025,0.0005818784651111539,0.0003281053147673961,0.00032392638351859637
7482,1,1,0.9982541480664646,0.9982541480664646,0.0002357340337734864,0.0003805289558083932,0.0003973399690312313,0.000225428629057101,0.0005068203458651728
7483,4,4,0.9979253908591741,0.0006180035936960128,0.000313636290764077,0.00045903402042832546,0.9979253908591741,0.0003571397647777479,0.0003267954711595532
7484,4,4,0.998102551254358,0.0003867237328062885,0.00031180931311714985,0.0004576517137423073,0.998102551254358,0.00036367879723053423,0.00037758518874576484
7485,6,6,0.9935960533397745,0.0017016760134641866,0.0018129696405610246,0.0008428297969340362,0.0004320353225056065,0.0016144358867606463,0.9935960533397745
7486,5,5,0.9969360934303164,0.0004856202046285434,0.0009375686740448164,0.0004377070336999333,0.00042040474810194376,0.9969360934303164,0.0007826059092083934
7490,1,1,0.9984100140999826,0.9984100140999826,0.00020599806276165217,0.0003187142315525461,0.00038956192928196536,0.0002500180930136824,0.00042569358340746344
7491,2,2,0.9978170451526043,0.00028034579167920834,0.9978170451526043,0.00044474035055389304,0.0003063271014175199,0.0006395148848155922,0.0005120267189295617
7493,5,5,0.9952194123622595,0.0012568639395085161,0.0007643907469592254,0.0006753909421252056,0.0003815709507953461,0.9952194123622595,0.0017023710583522074
7494,2,2,0.995952998525339,0.0002845540974699908,0.995952998525339,0.002074114352078028,0.00037641035889284685,0.0007225155965672797,0.0005894070696528146
7495,5,5,0.9957408292394797,0.0009645414527319188,0.0007552786964032809,0.0005307030188296286,0.0006454686120699437,0.9957408292394797,0.0013631789804855255
7496,4,4,0.9980293207634069,0.00045256134628781096,0.0003535851240928134,0.0004284891308568942,0.9980293207634069,0.0003999951994394414,0.0003360484359162098
7497,2,2,0.9969969285671667,0.0002977220946781026,0.9969969285671667,0.000893978804715772,0.0003395512519138275,0.0009942419592388458,0.0004775773222867539
7498,2,2,0.9978575216086759,0.00026784543291404365,0.9978575216086759,0.0003599991222506879,0.0002998122036923464,0.0006641716904511473,0.0005506499420158381
7499,6,6,0.9944605005125201,0.0013640260365566145,0.0015398986279030343,0.0008552618992114646,0.00039736823259842934,0.001382944691210383,0.9944605005125201
7500,4,4,0.9979724449766407,0.0005791772367258591,0.00033384160447021057,0.0004624128125597472,0.9979724449766407,0.00034760876423731916,0.0003045146053661195
7501,6,6,0.9946981516197781,0.0013386664008681393,0.001367157537049938,0.0008699751791542237,0.0004008143962469076,0.001325234866902653,0.9946981516197781
7502,2,2,0.9978648699933645,0.0002599901572245421,0.9978648699933645,0.00039274714593271875,0.0002746729245574714,0.0006778995749498288,0.0005298202039708922
7503,5,5,0.9953517271585652,0.00042641401682747893,0.0012502430829979445,0.0007943747983916858,0.00082026620457967,0.9953517271585652,0.0013569747386380042
7504,4,4,0.9979961617068737,0.0004697838809178404,0.0003637513330779257,0.000467817364412391,0.9979961617068737,0.00038740191803242216,0.0003150837966858142
7506,2,2,0.9978601753515893,0.0002817662143095013,0.9978601753515893,0.0003812151130819956,0.00032086654277414654,0.0006169871452146192,0.0005389896330304069
7507,6,6,0.994580538255391,0.0014053139198264262,0.0014548209309921977,0.0009080417542120763,0.00040705195271368194,0.0012442331868646834,0.994580538255391
7509,2,2,0.9978532286281091,0.0002985717173942691,0.9978532286281091,0.0003355584661873686,0.0002893980444313198,0.0006264150781991873,0.000596828065678827
7511,4,4,0.9978833245986142,0.00046632290815224484,0.00026721706658214565,0.000504687691766447,0.9978833245986142,0.00044398839705699116,0.00043445933782804966
7512,4,4,0.9979917849141743,0.00047452522990356754,0.0003775755118079536,0.0004614261780936541,0.9979917849141743,0.00039832505830818905,0.00029636310771246076
7514,1,1,0.9983989561062343,0.9983989561062343,0.00021498657512359587,0.0002892044711875979,0.00035465156417659703,0.00027639567172206954,0.0004658056115558318
7516,2,2,0.9971844516799433,0.00043639790802673284,0.9971844516799433,0.0006879167605641605,0.00033966288775331196,0.00082168721986306,0.0005298835438494252
7517,5,5,0.9949226867724431,0.0006967987789769789,0.0006985040305926378,0.0005701298298055685,0.0006178914269590863,0.9949226867724431,0.002493989161222592
7518,6,6,0.9946947987950965,0.0013335496581533938,0.001399670885353862,0.0009126243218554391,0.0004073626016581083,0.0012519937378827493,0.9946947987950965
7519,1,1,0.998382555109494,0.998382555109494,0.00022200075614870453,0.00032848186238588155,0.00038974909176684493,0.0002537667426595687,0.00042344643754501667
7520,6,6,0.9942480080607329,0.0015097233327473613,0.0014509932013172877,0.0009134370841295107,0.00037593297548547765,0.0015019053455874723,0.9942480080607329
7521,2,2,0.9975672622917582,0.0004045309478514548,0.9975672622917582,0.0005579916571620181,0.0004639368114557998,0.0004578496873139714,0.0005484286044586323
7522,4,4,0.9978168391720302,0.0005581016516146881,0.0003233385628619055,0.00048125528356196973,0.9978168391720302,0.00044255958580872323,0.00037790574412246747
7523,6,6,0.9937170920360201,0.001288497843371695,0.001680239133564344,0.0008894230862656865,0.00038152089786971184,0.0020432270029084893,0.9937170920360201
7524,2,2,0.9977523238827966,0.0003273638184667816,0.9977523238827966,0.00028526696816244795,0.000290732230067667,0.0007134616600837394,0.0006308514404226406
7526,2,2,0.9968641007507105,0.00020484401386467523,0.9968641007507105,0.0003332689389573019,0.00022101509095942505,0.0017756452317051693,0.0006011259738028582
7527,5,5,0.9968202472104513,0.00044109670981745414,0.0008190088268211372,0.0004123677938728902,0.0005224126695148076,0.9968202472104513,0.0009848667895225116
7529,2,2,0.9978059654983927,0.00031673238223097795,0.9978059654983927,0.0003954579582649357,0.0003604597556015103,0.0005789964179586711,0.00054238798755125
7530,6,6,0.9946561751868634,0.0012891424896791688,0.0014977228841848874,0.0009985842906598315,0.0003848336520986729,0.0011735414965139647,0.9946561751868634
7531,2,2,0.9978312605213598,0.0003296806848205857,0.9978312605213598,0.0004025219332259889,0.00036046046227630074,0.0005407195935208383,0.0005353568047964333
7534,6,6,0.9945936716262429,0.0012957694599582445,0.0014554952382962324,0.0008966622915920622,0.0003699335471668457,0.0013884678367437502,0.9945936716262429
7536,3,3,0.998013750008575,0.0003562272231300256,0.00045139587705722204,0.998013750008575,0.0004996347200739243,0.00033159519584803745,0.0003473969753158924
7537,2,2,0.9977882450002675,0.0003105912642568789,0.9977882450002675,0.0004277033090378004,0.0003438639874018943,0.0005271940312586046,0.0006024024077772772
7538,2,2,0.9976667649953285,0.0002520359815545461,0.9976667649953285,0.00035145675481612653,0.00028950544348294293,0.0009191597858178558,0.0005210770390000596
7539,3,3,0.9978696494411126,0.00048074014600905165,0.0004465518168395056,0.9978696494411126,0.00042375068191939956,0.0004302321343170179,0.0003490757798025112
7541,2,2,0.9978547209687264,0.00030512341604965347,0.9978547209687264,0.0003947666253782479,0.0003334560552214139,0.0005759280002382614,0.0005360049343860026
7542,5,5,0.9965832629925198,0.0005282631503812431,0.0006635930489122397,0.0005348139568245969,0.0005501673912363137,0.9965832629925198,0.0011398994601258651
7543,4,4,0.997926131688037,0.00045848461351010594,0.0003936735330192468,0.0004904640446180171,0.997926131688037,0.0004066650159262902,0.00032458110488930666
7546,5,5,0.9960494772287495,0.0006560941781232772,0.0006886491994438076,0.0007576904711408444,0.000365766905308748,0.9960494772287495,0.001482322017233811
7547,4,4,0.9980520540393605,0.0004596348430772728,0.00033727056089840083,0.00047940015524877374,0.9980520540393605,0.0003210283253777736,0.0003506120760373798
7549,6,6,0.9944933885584086,0.0013364106729415414,0.001502923004106563,0.0008786581080186041,0.00036818156647548255,0.0014204380900492025,0.9944933885584086
7550,2,2,0.9977884754352849,0.00034712549319314376,0.9977884754352849,0.000386189670206891,0.00035412962051818627,0.0004996767600332663,0.0006244030207636068
7552,2,2,0.9972224900886812,0.00021290131518839235,0.9972224900886812,0.0003167921015482249,0.00022890017207111363,0.0014542664673035581,0.0005646498552075295
7553,5,5,0.9968010019757151,0.00047219657361107463,0.0006975661846082748,0.00048297206292991526,0.0005403942104950704,0.9968010019757151,0.0010058689926405668
7554,1,1,0.9981389102071684,0.9981389102071684,0.0001658920382668455,0.00039067291293149305,0.0006670234762540365,0.0002573228572122937,0.00038017850816699883
7555,2,2,0.9978129528912203,0.00032445145065956404,0.9978129528912203,0.0004067845060731011,0.0003166050572943096,0.0005781397254517206,0.0005610663693010552
7557,6,6,0.994383757423135,0.0015485699830185015,0.0015007809082233966,0.0008709896340343936,0.00042139540722764605,0.0012745066443610223,0.994383757423135
7558,2,2,0.9978549621115503,0.00032932053679907115,0.9978549621115503,0.0003974616811837793,0.00032925051298618777,0.0005127017268702532,0.0005763034306104593
7559,4,4,0.9980207672942015,0.00045806611848116203,0.0003319585809379712,0.0004168226438194781,0.9980207672942015,0.00040512342785503413,0.0003672619347047917
7560,3,3,0.9978967227296406,0.00037279339915307665,0.00043203794528786087,0.9978967227296406,0.00045510244107532837,0.0005129811734802106,0.0003303623113627444
7561,6,6,0.9943755869148665,0.001627608435891642,0.001430624514469782,0.000832597492601966,0.0004041859066829377,0.0013293967354871437,0.9943755869148665
7562,1,1,0.9983631256704174,0.9983631256704174,0.00021722666450879992,0.00033378061348745115,0.0003750912618132383,0.00031972302614310065,0.0003910527636300021
7563,3,3,0.997996782958335,0.00028839103039719185,0.00040521145259155846,0.997996782958335,0.0005659797662828727,0.0003530493247984334,0.00039058546759493346
7565,1,1,0.9983711529997715,0.9983711529997715,0.0002087203401092742,0.0003352667741646016,0.0004012430602940512,0.00027171451689510505,0.00041190230876538545
7566,2,2,0.9833589768971776,0.000356400916025404,0.9833589768971776,0.000836819357620637,0.00032099814577261026,0.014441695086080926,0.0006851095973229628
7567,3,3,0.997973667198271,0.0003428321837998001,0.00042335697616724036,0.997973667198271,0.0005270788293865084,0.0004125877738815234,0.00032047703849392224
7570,4,4,0.9979838953093427,0.00047838348403325535,0.0003273058660651955,0.0005060949313108601,0.9979838953093427,0.00036279589474828703,0.00034152451449962184
7571,3,3,0.9980181298724089,0.00035692455340407056,0.0003875885560807543,0.9980181298724089,0.00040035745556448734,0.0004784519174486234,0.00035854764509316906
7572,4,4,0.9980088719862209,0.000476543309287751,0.0003127168929419634,0.0005049423603943191,0.9980088719862209,0.00033746940884263923,0.0003594560423124567
7573,3,3,0.998042947222335,0.00033062350324359604,0.0004239477883515933,0.998042947222335,0.0004417889895039109,0.0004131784979015549,0.0003475139986643758
7575,1,1,0.9982848229734638,0.9982848229734638,0.00021083319669554546,0.0003357442841165626,0.0005139629113441322,0.0002850557981855364,0.00036958083619451434
7576,2,2,0.9972302875409721,0.00022959546180846866,0.9972302875409721,0.0002610639619362981,0.000259983947960575,0.00141681547112384,0.0006022536161988602
7577,2,2,0.9971325969418872,0.00018448483332048378,0.9971325969418872,0.00040093908735996725,0.0002589360940809585,0.0014387725656078846,0.000584270477743528
7578,2,2,0.996211122991905,0.00024451005720384407,0.996211122991905,0.00028550323697794003,0.00022135848506364147,0.0024569904175278184,0.0005805148113217699
7579,3,3,0.9979423500262453,0.00032705947274025605,0.0003939176415151395,0.9979423500262453,0.0005707381524615088,0.00032854344807212876,0.00043739125896561217
7581,4,4,0.9980038075639024,0.0005222123721741194,0.00035529596285406405,0.00047070097740055356,0.9980038075639024,0.0003539426638054211,0.0002940404598635279
7582,1,1,0.9983215789921259,0.9983215789921259,0.0002103862178035009,0.000331688318467996,0.000427525222671444,0.00024769422837478915,0.0004611270205564245
7584,4,4,0.9980280525688036,0.00044324721335634986,0.00036099827895714505,0.00048156103646952557,0.9980280525688036,0.000391663382955603,0.00029447751945786444
7585,4,4,0.9980000133146538,0.0005617153048580994,0.00033540434508749333,0.00044791580083009496,0.9980000133146538,0.0003496515147805348,0.0003052997197899602
7586,4,4,0.9979776343900741,0.0005277956742818555,0.000335620004398932,0.0004747400919573415,0.9979776343900741,0.0003248425071626791,0.0003593673321250523
7588,1,1,0.9983904800951209,0.9983904800951209,0.0001968465946256903,0.0002813561956574586,0.0003521997448828322,0.0003189439353770653,0.00046017343433604784
7589,1,1,0.998309955287553,0.998309955287553,0.00023075329616930955,0.00030531067303465485,0.000309443562418161,0.0003100866697503489,0.0005344505110747238
7590,3,3,0.9979449046678182,0.0004030029866660002,0.00040841309778124447,0.9979449046678182,0.0004989496149070933,0.00041219144441266277,0.00033253818841490657
7592,6,6,0.9945303439966081,0.0013175806487989122,0.0014205490659282471,0.0010932662596670824,0.00038433329682343307,0.0012539267321741952,0.9945303439966081
7593,4,4,0.9980370071203742,0.00042413490930590206,0.00033747761671185485,0.0004939022892198814,0.9980370071203742,0.0003701863920428881,0.0003372916723452361
7594,6,6,0.9930778334024123,0.001880962673631778,0.0016812510330857125,0.0013686533222449409,0.0003993787813371903,0.001591920787288102,0.9930778334024123
7595,4,4,0.9979874590483223,0.0004953210926617696,0.00033321937166411766,0.0004450471384357457,0.9979874590483223,0.0004024870376726086,0.00033646631124341147
7596,2,2,0.9978133586961067,0.0002920971062209323,0.9978133586961067,0.00044711851591250075,0.00037638910552640703,0.0005592831376415349,0.0005117534385920514
7598,5,5,0.9963206467723603,0.0006040261611447622,0.000562872586465402,0.0004830451126686983,0.0006331594458912489,0.9963206467723603,0.0013962499214695311
7599,4,4,0.9980312411853572,0.00038164117688631056,0.0003036214386549419,0.0005657912843187603,0.9980312411853572,0.0003537565080388303,0.00036394840674395596
7600,1,1,0.9982292489040112,0.9982292489040112,0.0002057459922037589,0.0003691683824687212,0.0005646111247092233,0.00025004839252865504,0.00038117720407852807
7601,2,2,0.9947962729573622,0.00038363691910224724,0.9947962729573622,0.00033748636687718804,0.0002811191775491095,0.0027175227328881226,0.0014839618462211999
7602,3,3,0.9979244699748935,0.00043096624256671543,0.00040406225362109023,0.9979244699748935,0.0004939061586539018,0.0004345468869100294,0.00031204848335492004
7606,2,2,0.9976747203743374,0.00031344058625618743,0.9976747203743374,0.0006333410584432405,0.00038420523730156933,0.0004472585086563399,0.0005470342350053981
7609,1,1,0.9983086178507705,0.9983086178507705,0.00021209320992171052,0.00038361559453126777,0.0004091327842962717,0.00026476734284846474,0.00042177321763194243
7611,2,2,0.9976645996580996,0.00029802971614209013,0.9976645996580996,0.0005254633248771463,0.0003715087905253937,0.0005060995004901882,0.0006342990098655423
7612,5,5,0.9967784590800366,0.0003295521598937644,0.0008985213718033677,0.0006590250409604181,0.000433113154605179,0.9967784590800366,0.0009013291927006986
7613,2,2,0.9978591261077391,0.00029491242206285676,0.9978591261077391,0.00035109783610009273,0.00031876234329582866,0.000599995469383133,0.0005761058214189863
7614,1,1,0.9983763927796934,0.9983763927796934,0.00021702042938123877,0.00029444939678501154,0.0004067912909157637,0.0002671339960722679,0.00043821210715239026
7617,2,2,0.9977184092994353,0.0003629187834660513,0.9977184092994353,0.0004731401068071188,0.0003925150494257,0.0005189170249436586,0.0005340997359221365
7619,3,3,0.9980325463564491,0.0003459707202184839,0.0004395048758557839,0.9980325463564491,0.00046910323966952924,0.00033540052875665296,0.00037747427905045493
7620,2,2,0.9971052973472477,0.00047977102740681996,0.9971052973472477,0.00046690390539783235,0.0004329138079105531,0.0006410467699935227,0.0008740671420435265
7621,5,5,0.9943113360305376,0.0005454365182296955,0.0007285995549693747,0.002013153868946034,0.0004472162996951338,0.9943113360305376,0.0019542577276221605
7622,3,3,0.9979548854920122,0.0003161452809146172,0.0004087246164628718,0.9979548854920122,0.0005099446457578114,0.000444018334093563,0.000366281630758969
7624,5,5,0.9968462447435202,0.0004297917416007769,0.0008128916847817857,0.0005137706685899713,0.0004619116888714576,0.9968462447435202,0.000935389472635825
7625,2,2,0.9968025727622971,0.0004151233109910882,0.9968025727622971,0.0008432350197338185,0.00045560428976916626,0.0006720936315398786,0.0008113709856689354
7626,6,6,0.994372141074203,0.001497386506582534,0.0014638091841611106,0.0008257639225327031,0.00042450620590975437,0.0014163931066109225,0.994372141074203
7628,4,4,0.9980196307957226,0.0004463021422513189,0.00029888648898055965,0.0004916412559760538,0.9980196307957226,0.0003801015472304808,0.00036343776983898014
7629,3,3,0.9980390410851526,0.0003322833132094607,0.0004054373316812551,0.9980390410851526,0.0005052056964746722,0.00035145831320433044,0.00036657426027760897
7630,4,4,0.9979747072229596,0.0005475674480410447,0.00035386908461343804,0.000449167599667696,0.9979747072229596,0.00037460809612657026,0.00030008054859171664
7631,2,2,0.997461372646098,0.0002652398686165839,0.997461372646098,0.000648570689349645,0.0003005504129605168,0.0006840557693742192,0.0006402106136010676
7633,3,3,0.9980096866709581,0.0002844366380297196,0.0004086160983248008,0.9980096866709581,0.0005063306030232965,0.0004168132499318534,0.00037411673973216714
7634,3,3,0.997128502249167,0.0005841928509246753,0.0005879300158678846,0.997128502249167,0.0008170691469522202,0.0004440724777242827,0.00043823325936393257
7635,5,5,0.9962802834948356,0.0006027529783110844,0.0006969471792277859,0.000440203016157436,0.0005715378386201593,0.9962802834948356,0.001408275492847966
7637,6,6,0.9942145412676129,0.001475200909568414,0.0015659839009871807,0.0008578003158890764,0.00042098650672385004,0.001465487099218624,0.9942145412676129
7638,6,6,0.9941469202638278,0.0014434902364471405,0.0013790210625142902,0.0008409592362727027,0.00043211844339555096,0.0017574907575425398,0.9941469202638278
7639,2,2,0.9945840132512079,0.0006680024380913545,0.9945840132512079,0.0017821757356169196,0.0006427383374943847,0.0017992051995000529,0.0005238650380893875
7640,3,3,0.9980355766071428,0.0003354802609643519,0.0003778615244658885,0.9980355766071428,0.0004602646037302994,0.00038730379741081433,0.00040351320628580705
7641,3,3,0.9978746621850727,0.00033059802103667054,0.0004109805924604353,0.9978746621850727,0.0004856533995469689,0.0005619600666445523,0.00033614573523867435
7642,4,4,0.9980011217211487,0.0005745386482365293,0.00032175029383573817,0.0004348372818780406,0.9980011217211487,0.0003506877982991329,0.00031706425660179053
7643,3,3,0.9980368577589686,0.0002816511126718264,0.0003626840392398142,0.9980368577589686,0.00047893885995832524,0.000428478286637959,0.00041138994252358773
7645,1,1,0.9983769671354069,0.9983769671354069,0.00022734732229197905,0.0003076249563913205,0.0003758145618734912,0.00027992427976382303,0.0004323217442723065
7647,4,4,0.9979021994160189,0.0005159141958685519,0.00034682669593424356,0.0005064069053570093,0.9979021994160189,0.0003907410602147954,0.0003379117266065664
7649,3,3,0.99769817285304,0.0004959696310777602,0.00047933620915107175,0.99769817285304,0.0006268660352650651,0.0003533694119870426,0.000346285859479143
7650,6,6,0.9946100366485254,0.0013222342363609513,0.0015098517236400773,0.0009569728531156255,0.000394257324795792,0.001206647213562097,0.9946100366485254
7653,3,3,0.9980019936261304,0.0003147922194906458,0.0003658387726495614,0.9980019936261304,0.0005177151220056037,0.0003811340597566005,0.0004185261999671453
7655,4,4,0.9977124433181433,0.0007834577310443489,0.000344726327191535,0.0005010100181614363,0.9977124433181433,0.0003888096350572402,0.00026955297040211657
7656,2,2,0.9974915882500739,0.00027504979620680484,0.9974915882500739,0.0002577464611581868,0.00026995889541766373,0.0011455294534699037,0.0005601271436735645
7658,6,6,0.99475391475767,0.0012668223981912561,0.0013213041844273197,0.0009430718093254759,0.0004289497556503907,0.0012859370947355445,0.99475391475767
7659,5,5,0.9969844752595352,0.0004766799658877332,0.0008062095777667757,0.0003942010255187535,0.0004153893693848582,0.9969844752595352,0.0009230448019067365
7660,3,3,0.9980110977749357,0.0003346855961844588,0.0004373915633228573,0.9980110977749357,0.0005111049044285937,0.00032696938457774794,0.00037875077655065854
7664,5,5,0.9962648834990455,0.0004002434571934563,0.0007918014010206637,0.0006247375165112793,0.0005514232877108948,0.9962648834990455,0.0013669108385181822
7667,4,4,0.9979727170291359,0.00043654152974104284,0.00035017902265992667,0.0005443676762978594,0.9979727170291359,0.0003760964797403856,0.0003200982624248287
7668,1,1,0.9982537601798772,0.9982537601798772,0.0002287122618869086,0.00036821488080840783,0.0005201983135916132,0.00027169060125676545,0.0003574237625791406
7669,1,1,0.9983618151462637,0.9983618151462637,0.00021738305097147512,0.00027052675619258575,0.0004034075051518128,0.00028525969972584324,0.0004616078416947085
7670,1,1,0.9981982693072942,0.9981982693072942,0.0002209768146068602,0.00037876039869928725,0.000548964798378497,0.0003068998151746837,0.00034612886584628705
7671,1,1,0.9983881145317113,0.9983881145317113,0.00020275427774842198,0.0002918100109126258,0.0003310022500949662,0.00034512168328727197,0.000441197246245489
7675,2,2,0.9976023256720332,0.00033280151872176056,0.9976023256720332,0.0005500607230900766,0.00034436665245114723,0.0006325028461826122,0.0005379425875211378
7676,4,4,0.9980343687437754,0.00046079129168322125,0.00029105493770197906,0.0004556874987051688,0.9980343687437754,0.00042000501105595513,0.0003380925170783388
7677,4,4,0.9979551718046491,0.0004633952194529918,0.00040075431952684744,0.000483737253802209,0.9979551718046491,0.0003986607937561635,0.00029828060881264
7678,5,5,0.9966350604405235,0.00041078880567755303,0.0007137353551575407,0.00047855084133579867,0.000612394079264394,0.9966350604405235,0.001149470478041154
7679,4,4,0.9980681417743807,0.00041564600038957036,0.00032609217638224523,0.00047719149156148603,0.9980681417743807,0.00034395718414202014,0.0003689713731439525
7681,3,3,0.998013958277379,0.0003635409175411457,0.0003956571685917605,0.998013958277379,0.0004981389427399975,0.00033298390418387975,0.00039572078956418537
7682,1,1,0.9982803104968256,0.9982803104968256,0.00019719556907982287,0.0003047683930691276,0.0005194132805290061,0.00025233821960596797,0.00044597404089042735
7683,2,2,0.9977086833270447,0.0003700409452651268,0.9977086833270447,0.0004685587506391394,0.0003814117827786558,0.0004968168239267236,0.000574488370345657
7684,6,6,0.993812710411924,0.0013918993485786202,0.0015697534439751426,0.0009139553571950946,0.0004180437953915586,0.0018936376429356187,0.993812710411924
7685,2,2,0.9972127170194489,0.00048708628019289,0.9972127170194489,0.0006758687277887242,0.0003673390629861983,0.0005222813305412524,0.0007347075790420435
7686,3,3,0.9980062776435101,0.0003303528916151814,0.000417090571291059,0.9980062776435101,0.0005506055276786369,0.0003375728534118669,0.0003581005124931452
7687,5,5,0.9968465854283446,0.0005250500236251341,0.000673190087673689,0.00042448741583997257,0.00043716548055215665,0.9968465854283446,0.0010935215639645052
7688,4,4,0.9980338222508661,0.00047269312230846674,0.0003617868062667868,0.0004530306326463965,0.9980338222508661,0.0003771942577055733,0.0003014729302066226
7690,4,4,0.9978453522645743,0.00042194005434458936,0.000308387058291642,0.000699171256526689,0.9978453522645743,0.0003401493800568137,0.0003849999862059477
7692,2,2,0.9977335261620838,0.0003711100629729496,0.9977335261620838,0.0004660186195017767,0.0003963062689562942,0.00047391678832197465,0.0005591220981632436
7693,2,2,0.9976923639796026,0.000396067556325205,0.9976923639796026,0.0005097867167987794,0.00040228093245541245,0.0004703934639343211,0.0005291073508837035
7694,4,4,0.9979608723467238,0.00042711791981843417,0.0003333563730912103,0.0004814996821128086,0.9979608723467238,0.00044220325105593766,0.0003549504271978098
7696,6,6,0.9947581700509467,0.0012921450882732873,0.0013677231943531236,0.0009208386591070758,0.0004018007527582381,0.0012593222545616196,0.9947581700509467
7698,4,4,0.9980096457403809,0.00045901017070382015,0.0003099209644213454,0.0004678564839075313,0.9980096457403809,0.00035870824044071216,0.0003948584001457417
7699,4,4,0.9979629525314926,0.000528700999445894,0.0003269131123614321,0.0004404028881461152,0.9979629525314926,0.00040533684695139835,0.0003356936216025732
7701,2,2,0.9974910793047828,0.0004864343876809427,0.9974910793047828,0.0005399430355827929,0.0004082978728131957,0.00043294849897627165,0.0006412969001641543
7702,6,6,0.9942885121462242,0.0014955659715673443,0.001542127563267484,0.0009261624120537179,0.00045516155845580394,0.0012924703484314727,0.9942885121462242
7703,4,4,0.9980328449035875,0.00040389983565870585,0.00034340979554747005,0.0004827802656695139,0.9980328449035875,0.0003929028080549608,0.0003441623914819032
7704,5,5,0.9966071776809152,0.00044317665443473426,0.0007249298456537152,0.0005072560709178388,0.0005128983140750669,0.9966071776809152,0.0012045614340034589
7705,2,2,0.9977946548872841,0.0002924336140792393,0.9977946548872841,0.00045649853693209726,0.00034275775317511484,0.0006000568687416911,0.000513598339787721
7706,2,2,0.9945043544095254,0.00020317316094580233,0.9945043544095254,0.0003540546827567832,0.0002502394545897815,0.004075393170320882,0.0006127851218613551
7707,3,3,0.997939491426985,0.0004012451538604638,0.000418394847279645,0.997939491426985,0.0005035610340603794,0.00031018835200547125,0.00042711918580904247
7708,3,3,0.9886129215479263,0.0010896391813156494,0.0010350826524131095,0.9886129215479263,0.0013340649151785365,0.006297873532518465,0.0016304181706478986
7710,3,3,0.9980104061625505,0.00031214081506074847,0.00039557314993326993,0.9980104061625505,0.0005269928733016748,0.000389247635674187,0.00036563936347955756
7713,3,3,0.9979842398669159,0.0003672252022600916,0.00044758652984660646,0.9979842398669159,0.00048827249437916623,0.0003851997582959077,0.00032747614830232853
7714,4,4,0.9979167458332683,0.0006221818545036205,0.00033657307673428256,0.00046922801418855693,0.9979167458332683,0.0003498874969284913,0.0003053837243768344
7716,2,2,0.997738683734358,0.0003459615859902299,0.997738683734358,0.000550079256418504,0.0003429577797549211,0.00043830722185943255,0.0005840104216189167
7718,1,1,0.9983936486572486,0.9983936486572486,0.00021422898906436408,0.00029684429546157295,0.0003835228019130922,0.000305615345372343,0.00040613991094003176
7719,6,6,0.9932674498223085,0.0013410484396378765,0.0013822310595888619,0.001007812363848866,0.0003982961484249309,0.002603162166190898,0.9932674498223085
7720,4,4,0.9981126544172438,0.0003971328746521529,0.00031589416140364034,0.0004652878448195723,0.9981126544172438,0.00035927886206768876,0.00034975183981313525
7721,3,3,0.9980449718050785,0.0003354084051669168,0.00042629486592952646,0.9980449718050785,0.0004947937579928987,0.0003574050512138324,0.0003411261146184125
7724,1,1,0.9982675920149,0.9982675920149,0.0002117839450333035,0.0003258964768605947,0.0004217807983527203,0.0003247283945542817,0.00044821837029907706
7725,2,2,0.9975905725282278,0.00027989003271341106,0.9975905725282278,0.0004928371787807234,0.00027944890594160804,0.0007789451868548367,0.0005783061674816307
7726,5,5,0.9969344607394951,0.00038920344750438714,0.0010438405933312232,0.0004441814880384168,0.0003595225740069708,0.9969344607394951,0.0008287911576238964
7727,6,6,0.9944096474166518,0.0013575101402316604,0.0016021345938662405,0.000986009280549902,0.00037728934978028676,0.0012674092189200424,0.9944096474166518
7728,5,5,0.9969333112573491,0.0006087070614875572,0.0006509760665968804,0.00043909509402840726,0.0004796603609536678,0.9969333112573491,0.0008882501595844322
7729,1,1,0.9982967691368314,0.9982967691368314,0.00020558358357525847,0.00029616121692575207,0.00034776152722940627,0.00027331464972535526,0.000580409885712864
7731,6,6,0.9944217405753415,0.0014545464077117389,0.0014802376384030617,0.001040204153951523,0.0004113022423745464,0.0011919689822176695,0.9944217405753415
7732,6,6,0.9946935356024568,0.0013204089511014495,0.0014135738009486152,0.0009339758734880813,0.00039759043800498387,0.0012409153340000752,0.9946935356024568
7737,2,2,0.9972117186531774,0.00021595943645183734,0.9972117186531774,0.0003127422421134481,0.000216713312945193,0.001441784966389133,0.000601081388923077
7739,3,3,0.997953029174284,0.0003769245998449911,0.000433903961092611,0.997953029174284,0.0005574971862469894,0.00036871953177846424,0.00030992554675298947
7740,4,4,0.998027748444474,0.0004805481616676359,0.0003466957155034917,0.0004587172036761002,0.998027748444474,0.0003853964178914377,0.00030089405678739896
7741,6,6,0.9945713896492712,0.0014390631140424842,0.0013859707422696549,0.0008973444945390625,0.0003973970022585361,0.0013088349976191028,0.9945713896492712
7743,3,3,0.9980235850413841,0.00033885176800824867,0.0004051341885213427,0.9980235850413841,0.00048559087063875466,0.00037357469843164715,0.0003732634330158603
7745,4,4,0.9976389951850325,0.0007730215518340375,0.00037524640100527286,0.00043857531332938606,0.9976389951850325,0.00047671844180113756,0.0002974431069978031
7747,3,3,0.9979316363281567,0.00032955729450798887,0.0004236988180653223,0.9979316363281567,0.0006020478543647474,0.0003314686595397182,0.0003815910453655257
7749,4,4,0.9980493867606339,0.0004860572557659031,0.00035345607034964916,0.00046028412565827105,0.9980493867606339,0.00034074529243326526,0.0003100704951590248
7751,6,6,0.9947320698511551,0.001296306440194355,0.0013426398569123495,0.0009459551526875094,0.00038450547819207713,0.0012985232208585847,0.9947320698511551
7752,4,4,0.9973702298070364,0.000655087284412733,0.0005200227536944906,0.0005646931165228378,0.9973702298070364,0.0005959977782223437,0.0002939692601112197
7753,5,5,0.9963484545659523,0.0005365951294535091,0.0005985009567602671,0.0005610462472920248,0.0005229748276477888,0.9963484545659523,0.0014324282728940473
7754,2,2,0.9976765164985608,0.00035382808929443983,0.9976765164985608,0.0004895007998158412,0.00034017775300269415,0.0005938327896699966,0.0005461440696563548
7756,2,2,0.9977629472549941,0.000305604685806524,0.9977629472549941,0.00050731452706452,0.00036027890391681267,0.0005025252593662689,0.0005613293688517397
7757,6,6,0.9945510591168784,0.0014534833850589261,0.0014080719827852196,0.0008416855173990845,0.0004321858885892128,0.0013135141092891793,0.9945510591168784
7758,1,1,0.9983282148776038,0.9983282148776038,0.0001952204078996297,0.0002957282836414444,0.0004975564394047843,0.0003160781173606449,0.00036720187408971076
7760,1,1,0.9982755243443013,0.9982755243443013,0.0002363953404193933,0.00034369301487788837,0.00047865379303825827,0.000276649168705231,0.0003890843386579423
7761,1,1,0.9982271841556685,0.9982271841556685,0.00022259622208335307,0.00042394577217241635,0.0005053859833437783,0.0002643645313573021,0.00035652333537475653
7762,6,6,0.9946459622101841,0.0013522751519313852,0.0014203647280564124,0.0009166983737962406,0.0003934170853680154,0.0012712824506638607,0.9946459622101841
7763,4,4,0.998055598715001,0.00043851813311998215,0.0003573195794510495,0.0004546189545510799,0.998055598715001,0.0003709127856923045,0.00032303183218456956
7764,1,1,0.9982552248141562,0.9982552248141562,0.00022923645881179345,0.0003993610861392663,0.0004579915693564351,0.00023906552115991424,0.0004191205503763642
7766,3,3,0.9979798027917482,0.0003748760861986675,0.00043067661988773994,0.9979798027917482,0.000508107117420462,0.0003593399979597525,0.0003471973867851616
7769,4,4,0.9979598602457453,0.00043069514071391316,0.0003470861315539307,0.0005032484208223481,0.9979598602457453,0.00034541082794799444,0.00041369923321644703
7770,1,1,0.998372004201287,0.998372004201287,0.00020940477837938162,0.00034104156174240865,0.0004211512218203259,0.0002764488414834381,0.00037994939528739253
7771,1,1,0.9983561603782208,0.9983561603782208,0.00022003090929783293,0.00034858265899026785,0.00040677393426512726,0.00024948440763343906,0.00041896771159258706
7772,4,4,0.9976219438547622,0.000691224896834545,0.00039608812934127056,0.00047606584257075125,0.9976219438547622,0.00047136746518490876,0.00034330981130627995
7773,1,1,0.9982325202120371,0.9982325202120371,0.00022659282894492034,0.00036801801486294655,0.0005233968718972989,0.000319773294730737,0.00032969877752697
7774,3,3,0.9980164347176407,0.0003558319727463666,0.00041496047637227553,0.9980164347176407,0.0005073282887438918,0.0003273309129191764,0.0003781136315776393
7775,1,1,0.9983666926571007,0.9983666926571007,0.00021959069685089532,0.00031666990611069765,0.0003418409339289511,0.0002834036776072321,0.0004718021284015851
7777,1,1,0.9983165895808847,0.9983165895808847,0.00019953604358270954,0.0003110516104052937,0.00040245319618257674,0.00024724197434080627,0.0005231275946039215
7778,1,1,0.9983850957590399,0.9983850957590399,0.00021973216731705338,0.00029676139900872015,0.000344865165826902,0.00027400459227571133,0.0004795409165318179
7779,5,5,0.9968851079346539,0.0003737311743018593,0.0009502976748900367,0.0006491567001754009,0.0003364002399680344,0.9968851079346539,0.0008053062760107245
7782,3,3,0.9980049316025974,0.00032303393644754274,0.0003884333839890109,0.9980049316025974,0.0004805447043671996,0.00038042959811424026,0.0004226267744845856
7783,1,1,0.9982696284511259,0.9982696284511259,0.00022036922847403718,0.00026932593474395634,0.0004409297564391761,0.00034686474367240735,0.00045288188554456853
7784,2,2,0.9978506900811159,0.00028990946404913384,0.9978506900811159,0.00042295029529284634,0.00030606206139222904,0.0005812304639229091,0.0005491576342269029
7785,5,5,0.9962112107264199,0.0005940481441466754,0.0007828632680643455,0.0004493514021557251,0.0004205933531661846,0.9962112107264199,0.0015419331060471796
7786,2,2,0.9978271044852665,0.00031451499413544,0.9978271044852665,0.00044421307028771597,0.00035398360051263077,0.0004736410880703832,0.0005865427617273219
7787,3,3,0.998011789568532,0.00036352055129005277,0.0004123503973706597,0.998011789568532,0.000508620789299898,0.0003475773881641772,0.0003561413053432386
7788,3,3,0.9978103325948149,0.0003096933660533552,0.00040518980628626494,0.9978103325948149,0.00044943082597686553,0.0005669586892381526,0.00045839471763052606
7789,3,3,0.9980224726807007,0.00034213656952455685,0.0003881600825839886,0.9980224726807007,0.000511372302651846,0.000388401527941227,0.00034745683659775434
7790,2,2,0.9970452990337807,0.000276202096205606,0.9970452990337807,0.000592673419619056,0.00041013159009055204,0.00108774061670306,0.0005879532436011055
7791,4,4,0.997853416979391,0.0004035382715231692,0.00033227411132228746,0.0006829528439858838,0.997853416979391,0.00038865527173027127,0.00033916252204743344
7793,4,4,0.9980079820726878,0.0004758571309666202,0.00029239742699243367,0.0005295385011025007,0.9980079820726878,0.00035340076723592987,0.00034082410101481575
7794,3,3,0.9978245519401482,0.0004902958182572352,0.00044725998406316736,0.9978245519401482,0.000423075777740448,0.0004430182462836216,0.0003717982335074416
7795,6,6,0.9944248865119076,0.0014559423827061977,0.0015011264317608087,0.0009561270184085047,0.000418823822497355,0.0012430938327194837,0.9944248865119076
7797,1,1,0.9981757165805882,0.9981757165805882,0.000234976200527649,0.0003957133827935123,0.0004894259505009381,0.0003705734043270328,0.00033359448126261845
7798,4,4,0.9981066844897143,0.00040386789451011434,0.0003221681676150695,0.00044603597241552913,0.9981066844897143,0.0003522933995863697,0.0003689500761586481
7799,6,6,0.9910572314990644,0.0019469583915537585,0.001566740845543983,0.0009554114222385364,0.00046645079473397794,0.004007207046865351,0.9910572314990644
7800,4,4,0.9980337334223005,0.0005093416151015605,0.000345139699796205,0.000465249712775018,0.9980337334223005,0.0003434292383189153,0.00030310631170778505
7802,2,2,0.9977750897384262,0.0003552317757548259,0.9977750897384262,0.0004392831784776199,0.0003526562903016003,0.0004611300285836699,0.000616608988456077
7803,3,3,0.9979878437829134,0.00032158342742210147,0.00038026165983122526,0.9979878437829134,0.0004999494284492376,0.0004382968723016201,0.00037206482908244475
7807,6,6,0.9944592503318332,0.001420323706831085,0.0015040263214487586,0.0009054744540454448,0.00047245478070051365,0.001238470405140981,0.9944592503318332
7809,4,4,0.9979020704193091,0.0005150307731080618,0.00039888718970673486,0.0004673249367174372,0.9979020704193091,0.00043630898352098985,0.00028037769763763495
7812,2,2,0.796548189935044,0.00046325058920800244,0.796548189935044,0.0008824129496884193,0.0006147749389755663,0.1984489565614102,0.0030424150256739653
7813,4,4,0.998064791338428,0.00044302643631966346,0.0003261591791422144,0.00044065665670022766,0.998064791338428,0.0003838343909412198,0.00034153199846875663
7814,3,3,0.9980263844492249,0.0003632200216379236,0.0004482605182383908,0.9980263844492249,0.0004302168405264194,0.0004044300881546709,0.00032748808221753353
7815,1,1,0.9970869255389583,0.9970869255389583,0.00023487463084695517,0.0003989212788588829,0.0007220434952046208,0.0008894221242945554,0.000667812931836681
7816,3,3,0.9980402473528527,0.0003278032489430075,0.00042576933136936207,0.9980402473528527,0.00047716291186418165,0.0003775128236193969,0.000351504331351397
7819,4,4,0.9979689088376971,0.0004929133852640822,0.00037313085990901856,0.00046553948494492396,0.9979689088376971,0.0004074542314644715,0.00029205320072043557
7821,6,6,0.9944707760068936,0.0014905634154462847,0.0014690864196519732,0.0009516094598565369,0.0004187734492096547,0.0011991912489419615,0.9944707760068936
7822,5,5,0.9967596201847067,0.000655101551408913,0.0006578951114198569,0.00043198703853394063,0.0004536170324256901,0.9967596201847067,0.0010417790815049814
7824,4,4,0.9979887857370554,0.0005458012338154718,0.0003431752848775994,0.00045746603680063737,0.9979887857370554,0.0003410685457231678,0.00032370316172777207
7826,2,2,0.9975795894781894,0.00039238594459968285,0.9975795894781894,0.0004857455570003903,0.0003595266446450541,0.0004067607623754426,0.0007759916131900657
7827,2,2,0.9977439012328959,0.00025770916542919157,0.9977439012328959,0.0003230178154098542,0.0002969973014924842,0.0008582149650424947,0.0005201595197300481
7828,1,1,0.9981739319124352,0.9981739319124352,0.0002480972566284591,0.0003991111508401155,0.00055155028870424,0.00028831735252226475,0.0003389920388697802
7830,5,5,0.9968446346057978,0.0004958438730276875,0.0006254280941475869,0.0005575063323294828,0.0004802884870585327,0.9968446346057978,0.0009962986076389384
7832,4,4,0.9979773717770503,0.0005246295141809666,0.0003345846275600364,0.0004680493139806104,0.9979773717770503,0.00036700055916152695,0.00032836420806659834
7834,1,1,0.998341438432112,0.998341438432112,0.0002125424102433542,0.00035792011470732503,0.0004612292123624242,0.00028013623739849653,0.0003467335931762492
7837,4,4,0.9980989166231898,0.0004215472755668602,0.0002995628767471688,0.0004368187248991675,0.9980989166231898,0.0003544467932831642,0.0003887077063138392
7838,3,3,0.997953912346546,0.00028403205801088855,0.0003971606283910481,0.997953912346546,0.0004480753943116129,0.00043731271027513756,0.00047950686246536105
7839,4,4,0.998010940602594,0.0003894136490001863,0.0003609442236342633,0.00046961207747412255,0.998010940602594,0.00040365607419827454,0.0003654333730992942
7840,5,5,0.9965906695729813,0.0005851849770891458,0.0006187009460922684,0.0004161781422539846,0.0005977684248332115,0.9965906695729813,0.0011914979367501524
7842,2,2,0.9977559754577682,0.00035182200162666734,0.9977559754577682,0.00037445922088293456,0.0003168999402087031,0.0005522407101619336,0.0006486026693516081
7843,3,3,0.9979451610356092,0.0003120564312801158,0.0003968338256760819,0.9979451610356092,0.0005452559150598128,0.000459284623293567,0.0003414081690812881
7844,4,4,0.9980141775793033,0.0004585012602581175,0.0003414726525328688,0.0004719410610635314,0.9980141775793033,0.00035724172039992066,0.00035666572644221724
7846,5,5,0.9968693464234476,0.000513501910985635,0.0007285441104674241,0.0005224561115305907,0.0003937351131224545,0.9968693464234476,0.0009724163304463422
7847,3,3,0.9979782745267921,0.0003232253089598583,0.00036094064287564424,0.9979782745267921,0.0004890947042533832,0.0004427945843254672,0.00040567023279358444
7848,1,1,0.9983975322364905,0.9983975322364905,0.000212719828416533,0.0003052000474584408,0.0004098090972579012,0.00028160542933169946,0.0003931333610449119
7850,3,3,0.9980139255425059,0.00031436096422313994,0.0003978312407492515,0.9980139255425059,0.0004949725462139782,0.0003866938165461398,0.00039221588976161753
7851,1,1,0.9982688427522546,0.9982688427522546,0.00019644398144453716,0.0003698028600204486,0.0004967306169878919,0.0003372360190945287,0.0003309437701980402
7852,3,3,0.9979587537468859,0.0003080908130089518,0.0003615424992016359,0.9979587537468859,0.0005339615026483055,0.00039685414668555306,0.00044079729156969074
7853,5,5,0.9958818623144537,0.00048085666209585817,0.0008484388219839247,0.0012106243164380702,0.0003909633639294197,0.9958818623144537,0.001187254521099017
7855,1,1,0.9981408805937111,0.9981408805937111,0.0002796830569036173,0.00043105310815763506,0.00046016281959091154,0.0002873739483577669,0.0004008464732789744
7857,6,6,0.9946394490930665,0.0013006621645017232,0.0013534198417430709,0.0009683557948984603,0.0004060185717915707,0.0013320945339987682,0.9946394490930665
7859,1,1,0.9982295880400621,0.9982295880400621,0.0002249017057818683,0.0003501073475439968,0.000540662855000586,0.0002897734828986306,0.0003649665687128767
7860,6,6,0.9946082646616197,0.0013832266885336446,0.0014030717752480828,0.0009429930767859157,0.0004065595201052115,0.0012558842777074747,0.9946082646616197
7862,4,4,0.9980371692025943,0.0004322267237942485,0.0003537933260340522,0.0004967114703873828,0.9980371692025943,0.0003690341581821988,0.0003110651190077735
7863,1,1,0.9983291400632449,0.9983291400632449,0.00023626627319245732,0.000288999790296587,0.0003914271333905488,0.00030635719693755393,0.00044780954293797325
7864,5,5,0.9966347098321073,0.0004375070834389053,0.0005889952458539549,0.0006055132982671553,0.0005557429577904365,0.9966347098321073,0.0011775315825422038
7866,6,6,0.9940994756909786,0.0015936245554613077,0.0015872903979415464,0.000868696932922919,0.00041771003978994934,0.0014332023829056817,0.9940994756909786
7867,4,4,0.997986387899804,0.0005784729559211902,0.0003459684331992932,0.0004264444591722514,0.997986387899804,0.0003641471235573044,0.0002985791283460574
7868,5,5,0.9959510108375592,0.0006657750255468131,0.0007602131206490128,0.0004930796931566513,0.0005906452279030807,0.9959510108375592,0.0015392760951852755
7869,2,2,0.9976336268558879,0.0003348973865519411,0.9976336268558879,0.0003859764160246999,0.00028898358875459166,0.0007779653926875865,0.0005785503600933742
7871,4,4,0.9979526803177873,0.0004102754676352645,0.00032913078847338024,0.0005457799310246065,0.9979526803177873,0.00040653510162512604,0.0003555983934543174
7872,3,3,0.998002653695117,0.0003209154155794202,0.0004184344706480471,0.998002653695117,0.0005250286536164368,0.0003876756779745574,0.00034529208706438963
7874,2,2,0.9977955680237822,0.00029708182727004553,0.9977955680237822,0.0003888266456577503,0.000371091732048995,0.0006292599632026837,0.0005181718080382675
7875,5,5,0.9965748277903528,0.0006195061989351706,0.0007005660087599726,0.00042783917885804085,0.0005255149758223332,0.9965748277903528,0.0011517458472716981
7876,1,1,0.9983924732459358,0.9983924732459358,0.00022773059553537724,0.00027413603419566325,0.0003161578546514998,0.00035123442548938935,0.00043826784419223684
7878,3,3,0.9979742743887798,0.00037764826984459883,0.0004015824464827916,0.9979742743887798,0.0005181983877263385,0.00039530803862491455,0.0003329884685416238
7879,5,5,0.9960960737404302,0.000525260227289035,0.0007298965932228894,0.0004877590395584408,0.0006168901449450697,0.9960960737404302,0.0015441202545544517
7881,3,3,0.9980081057259824,0.00033829471794890746,0.000392369048208845,0.9980081057259824,0.00048566718947747105,0.00034192437274822596,0.0004336389456341065
7882,2,2,0.9974830344286897,0.00030930373966999515,0.9974830344286897,0.0006404284827983391,0.00031765584018224053,0.0008090256270571403,0.0004405518816025896
7883,1,1,0.9983176507817954,0.9983176507817954,0.00019297287048387592,0.00030617990829489417,0.0005141317643877552,0.0003143450756621161,0.00035471959937605804
7885,1,1,0.9982480923057563,0.9982480923057563,0.00020450357824633154,0.00035952985930806766,0.0005561517856356319,0.0002701687895995177,0.0003615536814541997
7886,4,4,0.9980274666595846,0.0004318595297053141,0.00028931418297432876,0.00045160810775591876,0.9980274666595846,0.0003622126108010535,0.00043753890917871215
7887,5,5,0.9963028529815863,0.000723192766501124,0.000743991353482155,0.0004625765478045972,0.0005244877008619458,0.9963028529815863,0.0012428986497639107
7888,1,1,0.9983399776504651,0.9983399776504651,0.0002182395038017142,0.0003371684176714992,0.0003846959898707486,0.0003287674808724703,0.00039115095731825813
7889,2,2,0.9940565039903962,0.0006917163882190697,0.9940565039903962,0.0022203634137513122,0.0004914679642283265,0.0012170394387616846,0.0013229088046434138
7890,5,5,0.996297223856756,0.0006335389609440769,0.0006932160768451855,0.00047980437273242616,0.000587865270089802,0.996297223856756,0.0013083514626325249
7891,5,5,0.996409755278021,0.0004235110495541513,0.0010388205177260883,0.00036314525703560595,0.00040802682343543597,0.996409755278021,0.001356741074227693
7892,6,6,0.9945957291858983,0.0013883192176532054,0.0014313179162442847,0.0009328016525905491,0.00041475703839632553,0.0012370749892173297,0.9945957291858983
7893,4,4,0.9979970133603544,0.0004558205962748751,0.0003402820241627782,0.0004954267196641958,0.9979970133603544,0.0003726374809671665,0.0003388198185765862
7894,5,5,0.9968624929920409,0.0004322189324918258,0.0008369175749832983,0.0005104624240309596,0.00035021219940169657,0.9968624929920409,0.0010076958770513116
7895,4,4,0.998082277780833,0.0004342120590852836,0.00032318684097430305,0.00046520091916428926,0.998082277780833,0.00036761908205703214,0.0003275033178861004
7898,2,2,0.9976649072981657,0.00041319772424153217,0.9976649072981657,0.0004621757736760202,0.0004037595850550285,0.00046356449202067016,0.0005923951268410412
7900,5,5,0.99664769726882,0.0003281904636923928,0.0009123616415076825,0.0006535871923757997,0.0003794132656267754,0.99664769726882,0.001078750167977421
7901,1,1,0.9983585717818122,0.9983585717818122,0.00019056230306725195,0.00033753085576151336,0.0004894994897076226,0.0002641203212377769,0.0003597152484136207
7902,4,4,0.9980884089510097,0.00043126070069599915,0.00032663912518425135,0.00042078052787396095,0.9980884089510097,0.0003803863033733955,0.0003525243918626422
7904,2,2,0.9978730815926674,0.00027301369494337933,0.9978730815926674,0.0003936548655095612,0.0002750088498601453,0.0006107832389214446,0.0005744577580980992
7905,2,2,0.7711122682297471,0.02824211511546262,0.7711122682297471,0.0032856103712686083,0.002621155016448428,0.043562397644796205,0.15117645362227705
7906,4,4,0.9979970389849256,0.0004549138528574595,0.0003488750722495449,0.0005038506599589032,0.9979970389849256,0.00032613983079149634,0.0003691815992169286
7907,5,5,0.9967758509228762,0.0005045416971225582,0.0007036437222086742,0.0006129366354869897,0.0004616434400276757,0.9967758509228762,0.0009413835822779049
7908,5,5,0.9968402127215921,0.00048726577561599533,0.0006154845309095481,0.000472398928223776,0.0005117650593170353,0.9968402127215921,0.0010728729843415253
7909,1,1,0.9983055172762425,0.9983055172762425,0.0001868938337601878,0.00035047410331874796,0.0004906554616964466,0.00031810939374395266,0.0003483499312381485
7910,3,3,0.9979715772647574,0.0003200405189525885,0.00042117887711585236,0.9979715772647574,0.0005488474103857283,0.00031924639194318816,0.00041910953684529676
7911,1,1,0.998354417620646,0.998354417620646,0.00021416929294765374,0.0003628776403889656,0.0004453640644822051,0.00028714775773035326,0.0003360236238046169
7912,3,3,0.9979959035856569,0.00028347353478773717,0.000409732127667154,0.9979959035856569,0.0005392681030590324,0.0004239516487625805,0.00034767100006655725
7913,2,2,0.9977862836963178,0.00027583303750524155,0.9977862836963178,0.0005466433941568976,0.00030725653056727013,0.0005000238889915684,0.0005839594524612102
7917,2,2,0.997794531586498,0.0003543102887318903,0.997794531586498,0.000384354170005023,0.0003275106984373103,0.0005466002674818188,0.00059269298884598
7918,5,5,0.9964909556366568,0.0005192651026964431,0.000699659735103992,0.0004262605181495883,0.0006660994076954456,0.9964909556366568,0.0011977595996977056
7920,4,4,0.9980901048378172,0.00040507256139757066,0.0003304562760566102,0.00044062265805647037,0.9980901048378172,0.0003947868891946322,0.0003389567774775349
7921,4,4,0.9980402313493179,0.00046985813609431195,0.0003434765462518113,0.0004615242845722042,0.9980402313493179,0.0003685017913326432,0.00031640789243122933
7922,5,5,0.9969660662104838,0.00038896419660741936,0.0008836609796865929,0.00037906115261103577,0.00040406224524814146,0.9969660662104838,0.0009781852153630537
7923,4,4,0.9980257275781369,0.000472369346772594,0.0003214625407411037,0.00046212296417303414,0.9980257275781369,0.0003534549286732811,0.0003648626415031413
7924,1,1,0.9983043903829002,0.9983043903829002,0.0002307350698355261,0.0003288865151510341,0.0004361468058637738,0.0003011523069960136,0.00039868891925342887
7925,4,4,0.997935528440904,0.0005604542064806597,0.0003660883794053963,0.0004585772962236362,0.997935528440904,0.0003799620588981384,0.00029938961808822405
7926,5,5,0.9964722875782479,0.0005873920446580745,0.0006074541308672327,0.0004972502014262379,0.0005745846124092724,0.9964722875782479,0.0012610314323913223
7927,5,5,0.996293359663231,0.0005894072200200355,0.0005899552451440748,0.00043497254680874053,0.0006642369511496677,0.996293359663231,0.0014280683736465046
7928,4,4,0.9980787469259674,0.0004345705051835433,0.0003169401656191006,0.0004621014170223522,0.9980787469259674,0.0003683837431627857,0.0003392572430447765
7929,6,6,0.99460033121967,0.001354011987757362,0.0014542548966237213,0.0008867243618662709,0.0004193533826018018,0.0012853241514808663,0.99460033121967
7930,2,2,0.9978212418717153,0.00028962622454166247,0.9978212418717153,0.00042498572845536483,0.00036011753757256233,0.0005955328412929227,0.0005084957964221583
7931,1,1,0.9983044378130961,0.9983044378130961,0.00019314743899490026,0.00033263230026815005,0.0005181587551987198,0.0003066401622103526,0.0003449835302318358
7932,2,2,0.9973640484154324,0.0002256877631963985,0.9973640484154324,0.0005023238803437623,0.000311124012926643,0.001025178069666918,0.0005716378584338716
7934,4,4,0.9980302266562531,0.0004426595322966046,0.000283249532168085,0.0005072282998112331,0.9980302266562531,0.0003583667209001888,0.0003782692585708322
7935,5,5,0.9965599702204818,0.0004933314889633526,0.0007205117522704732,0.0004420957352587316,0.0005810640009486348,0.9965599702204818,0.0012030268020769967
7937,4,4,0.9980055182672328,0.0004447261518655618,0.0003783060918642896,0.00047538718121283404,0.9980055182672328,0.00035494869750282883,0.0003411136103216453
7939,3,3,0.9979703573956437,0.0003901062416167686,0.00041451317840231504,0.9979703573956437,0.0004366040033603616,0.00044955025968067345,0.0003388689212962748
7940,4,4,0.9980373370941706,0.00043638978613355,0.000361896112099493,0.00045425721077380906,0.9980373370941706,0.0003808521364779008,0.0003292676603446754
7941,6,6,0.9943919761084621,0.0014943293037745433,0.0015063683942609534,0.0008753803543871018,0.00040813110467070933,0.0013238147344445676,0.9943919761084621
7942,1,1,0.9979588350822436,0.9979588350822436,0.0002782177003127967,0.00045757470070964426,0.0006261684067961188,0.00027366961591271366,0.00040553449402525824
7943,6,6,0.9944357505894376,0.0014383790019332247,0.0015033068513240675,0.0008938989738589676,0.0003970435499720016,0.0013316210334742033,0.9944357505894376
7944,1,1,0.9983554061221918,0.9983554061221918,0.0002151250539675462,0.0003144766330458954,0.0004296115116379032,0.0003072125783374932,0.0003781681008194565
7946,4,4,0.9978280486076605,0.0007277024718523152,0.00030683397408801555,0.00044289139761422247,0.9978280486076605,0.00038892867040461786,0.000305594878380318
7947,2,2,0.9977549765933661,0.00023985028035690078,0.9977549765933661,0.0003586625337305612,0.0002906060502654345,0.0008403861307739195,0.0005155184115071266
7948,6,6,0.9946721847504482,0.0013221586568457897,0.0014521328641397358,0.0009029224256909484,0.0003937100777562467,0.0012568912251190978,0.9946721847504482
7949,6,6,0.9946885691369498,0.001343844725338946,0.0013801666527686475,0.000935068762359011,0.0003947817362085236,0.0012575689863751093,0.9946885691369498
7950,2,2,0.9977477072441358,0.0002438519993386279,0.9977477072441358,0.0003594257396004296,0.0003052426216979322,0.0008013480802155879,0.0005424243150116554
7951,1,1,0.9983370990200184,0.9983370990200184,0.00021605866273556135,0.00035149640135551504,0.00045093987761904143,0.0002864603448289362,0.0003579456934425274
7954,5,5,0.9968638770253464,0.00048518229136246347,0.0008720735049935374,0.0004522234576186027,0.0004113408447676591,0.9968638770253464,0.0009153028759113237
7956,2,2,0.9977069054958603,0.0002634231099979442,0.9977069054958603,0.0004754031616019689,0.00034674114966103836,0.0007148962578181823,0.0004926308250606041
7957,2,2,0.997747364019432,0.00022698131070522526,0.997747364019432,0.00036598583486046693,0.00026137251099094336,0.0008074318576928191,0.0005908644663185722
7958,3,3,0.9980305493702084,0.00035524057879043896,0.0003765656527135561,0.9980305493702084,0.0004992249037438677,0.00036221030552650906,0.0003762091890172525
7959,3,3,0.9979530265776811,0.0003550996794944142,0.0003852192945127373,0.9979530265776811,0.00047311688661537936,0.00033999796246567837,0.0004935395992307214
7960,5,5,0.9967038071362555,0.000450411900407957,0.0007336683364985183,0.000446052845081738,0.0005523672463748819,0.9967038071362555,0.001113692535381353
7961,2,2,0.9974088008043426,0.00041037404759806196,0.9974088008043426,0.0003648454416147278,0.00029422377510892976,0.0006898679376509812,0.0008318879936847655
7962,5,5,0.996659586722152,0.0006185301736288884,0.0005826892738726807,0.0005089567603610397,0.000491804476945647,0.996659586722152,0.0011384325930397512
7965,5,5,0.9969591390656491,0.0003844589125086888,0.0007344727414927219,0.00048720169637702797,0.0005037036272619503,0.9969591390656491,0.0009310239567105111
7966,4,4,0.9980666327202217,0.0004469512333103925,0.0003513919464827537,0.0004552856392693086,0.9980666327202217,0.000358595173830913,0.0003211432868849077
7967,6,6,0.9943717855010722,0.00139385638349032,0.0015266157198374054,0.0008404590305155469,0.00040525370253264556,0.0014620296625519414,0.9943717855010722
7970,5,5,0.9928217310360243,0.0005800088855499995,0.0009487375872562027,0.0030716037628738422,0.0004138964776946459,0.9928217310360243,0.002164022250600947
7971,5,5,0.9968123338946413,0.0004079674843630544,0.0006893071215962202,0.0005283420538119632,0.0006071172116090596,0.9968123338946413,0.0009549322339783799
7972,4,4,0.9978718890931689,0.0005288733589332805,0.0003627560266324149,0.0005276941881227433,0.9978718890931689,0.00041552979937778373,0.00029325753376485106
7974,5,5,0.9538406735250264,0.00047849066350521207,0.040393520170120475,0.0007352599063511356,0.000576375634744982,0.9538406735250264,0.0039756801002517345
7976,1,1,0.9982147660513515,0.9982147660513515,0.00021165764933597228,0.0003694359634634154,0.0005684968938454987,0.00023911236738921558,0.00039653107461449556
7977,4,4,0.9979835538385642,0.0004852626195838053,0.00034339576818111423,0.00046927282994864715,0.9979835538385642,0.0003844218364008292,0.0003340931073214332
7978,1,1,0.9982504842948293,0.9982504842948293,0.0002177700531883781,0.0003556219531545599,0.0005418285985124431,0.0002841560174521581,0.00035013908286313635
7979,6,6,0.9947518002520773,0.0012467049810005175,0.0012974349329578597,0.0009605565476489438,0.0004184156418437946,0.0013250876444715523,0.9947518002520773
7980,4,4,0.9980753517577251,0.0004427599715594218,0.00034690988336419826,0.00043311929875456334,0.9980753517577251,0.0003484804424485222,0.00035337864614822564
7981,4,4,0.9980301270823991,0.0004520201769008035,0.00031768486982913704,0.00045453992833658,0.9980301270823991,0.00038667721712109127,0.00035895072541328627
7983,4,4,0.998039699669297,0.0005015408572494578,0.000320081901907218,0.0004601357092455751,0.998039699669297,0.0003515156988788485,0.0003270261634219547
7984,6,6,0.994634654522495,0.0013886997842393468,0.001390533325606468,0.0009291061095942899,0.0004007484636699696,0.0012562577943949018,0.994634654522495
7985,5,5,0.9962923974931146,0.0005127123364514179,0.000954588453551984,0.00037831422544141953,0.00045504397037228266,0.9962923974931146,0.0014069435210682802
7986,2,2,0.9978923068836801,0.00029041108405456574,0.9978923068836801,0.0003885766439611463,0.00030499614835183486,0.0005362767189194431,0.0005874325210328486
7987,4,4,0.997771748629991,0.000650768135050099,0.0003559698925711217,0.0005318571658316805,0.997771748629991,0.00039568998344358315,0.0002939661931125243
7988,5,5,0.996569051127316,0.0004929524797676588,0.0006231087112714103,0.0005262225240113049,0.0005148712732776546,0.996569051127316,0.001273793884356003
7989,6,6,0.9944605880585949,0.0013767895362493954,0.0014949127878954155,0.000904520221707403,0.0004587335885853675,0.0013044558069674492,0.9944605880585949
7992,6,6,0.9944939861580193,0.0013466419165533289,0.0014699916439120898,0.0008884574808072785,0.00039777195081990154,0.001403150849888073,0.9944939861580193
7993,1,1,0.9983884484200906,0.9983884484200906,0.0001883600416929355,0.0003086520420679823,0.00046962958374032485,0.00025981019562391206,0.0003850997167843357
7994,3,3,0.9979422678899691,0.00037748817667431693,0.0004190614850426492,0.9979422678899691,0.0005355532043126512,0.0003996114533747553,0.0003260177906265428
7995,1,1,0.9982681369128233,0.9982681369128233,0.00025129146763126537,0.0003886740633376101,0.0004439769005617263,0.00026088519618638596,0.00038703545945968827
7996,1,1,0.9983647779016731,0.9983647779016731,0.00020447091255813716,0.0002913374194589901,0.00044862830907639785,0.0002680945730825765,0.0004226908841508403
7997,3,3,0.99790235658423,0.00037092340216772675,0.00039815908910164293,0.99790235658423,0.0005939419988484975,0.0004151287482396732,0.00031949017741230237
7998,1,1,0.9983341757485359,0.9983341757485359,0.0002025811737627373,0.00033715985430621563,0.00042197752123250955,0.0002952836354639363,0.0004088220666987345
7999,1,1,0.9983023444599134,0.9983023444599134,0.00023072623234616181,0.00030786902949495753,0.00046032792164856976,0.0003185592169865419,0.0003801731396103842
8000,1,1,0.9983068963351394,0.9983068963351394,0.0002248144773362173,0.000357456266209421,0.0004693196778985384,0.00028228161418732606,0.0003592316292291257
8001,3,3,0.9979754617564079,0.0003890195253053187,0.0004298928256605089,0.9979754617564079,0.0004613541807036463,0.0003984391540281002,0.000345832557894443
8002,2,2,0.9976531674481649,0.00039382321829950983,0.9976531674481649,0.0005038997528744268,0.0004238788307550934,0.0004777094200686807,0.0005475213298373604
8003,5,5,0.9966917227093073,0.00037241177758005445,0.0009825489437388579,0.0003477574857748661,0.00044426674982713074,0.9966917227093073,0.0011612923337717832
8004,5,5,0.9926693005837552,0.0010278605174151413,0.0021544931446582133,0.00046015959551151745,0.0004081450282646783,0.9926693005837552,0.0032800411303952064
8005,1,1,0.9983773293832764,0.9983773293832764,0.0001815337611752036,0.0003086830275777177,0.0004590069903775875,0.000276650478462151,0.0003967963591309037
8008,5,5,0.9969160649348116,0.00044820763703255903,0.000593785202055514,0.000494339391522059,0.0005392350772167553,0.9969160649348116,0.001008367757361537
8010,6,6,0.9945796377018239,0.0013059264286395408,0.0013642558579204384,0.0008960683746574523,0.00038228255394762563,0.0014718290830110002,0.9945796377018239
8012,3,3,0.9979753885542553,0.0004031271591024518,0.0004305535606242408,0.9979753885542553,0.00046493423497948576,0.00036227420044005523,0.0003637222905985483
8013,4,4,0.9979369232575572,0.0004867044718897355,0.00025953598773373153,0.0005446809587088627,0.9979369232575572,0.00035809596002897223,0.00041405936408149584
8015,2,2,0.9977235434096436,0.000360973449815979,0.9977235434096436,0.00045667237634987816,0.00035967215931780716,0.0004906243527912768,0.0006085142520815743
8018,3,3,0.9980197583449716,0.00038242646437049974,0.00044265887538030493,0.9980197583449716,0.00042613939662325856,0.0003738430467597614,0.00035517387189462624
8019,6,6,0.9945692394875925,0.0012686689523233924,0.0014204787134557463,0.0010100805035433511,0.0003585210428169766,0.001373011300268052,0.9945692394875925
8020,4,4,0.997990401339996,0.00046640941601132,0.0003793088082436404,0.0004938269422941393,0.997990401339996,0.0003658338216277634,0.0003042196718272335
8021,1,1,0.9982735112962831,0.9982735112962831,0.0001789651031060975,0.0003610706550987748,0.0004994631260092379,0.00032722167725765907,0.00035976814224515365
8022,5,5,0.9952164418286328,0.00035294519117945905,0.0010026641647761006,0.0015868401802307456,0.000526293679892125,0.9952164418286328,0.0013148149552887575
8023,1,1,0.9982759891387222,0.9982759891387222,0.00023619782442344463,0.0003705616959486146,0.00045380307432713604,0.0003268099078910459,0.0003366383586875636
8027,6,6,0.9944547660911977,0.0012902126892042828,0.0014717039367157833,0.0011565507913977517,0.00035485114701397727,0.001271915344470598,0.9944547660911977
8028,2,2,0.9978074924809315,0.0002394192970466505,0.9978074924809315,0.00048659517274718964,0.000305815993330365,0.0006177974006172091,0.0005428796553271979
8029,3,3,0.9979415010391891,0.00040866204473071816,0.00041152091418743644,0.9979415010391891,0.0005272136538392902,0.0003574355162073191,0.00035366683184592335
8030,1,1,0.9982110420830268,0.9982110420830268,0.00024153123761403803,0.0003689907666365019,0.0004771512834413953,0.0002651659348352628,0.00043611869444596014
8031,3,3,0.9980423694754029,0.0003233290123729879,0.000386146139491725,0.9980423694754029,0.0005272538530238814,0.00034228209661841516,0.0003786194230901
8032,3,3,0.9979624443262418,0.00038645432779515847,0.00039337504384329673,0.9979624443262418,0.0004728040222414937,0.0004076420321355069,0.00037728024774276827
8033,2,2,0.9970642159076367,0.00025348095726426947,0.9970642159076367,0.0005462056958194757,0.0002117288622380338,0.0012336081654833865,0.0006907604115581072
8034,1,1,0.9982701142251088,0.9982701142251088,0.00021021413594184116,0.00037928794280028686,0.0004899385772084959,0.00031427676934268976,0.0003361683495978804
8035,2,2,0.9976047150329133,0.0003500752873973733,0.9976047150329133,0.00044855576256821333,0.00032314804223444716,0.0004528192122507861,0.0008206866626359604
8036,2,2,0.9974378940754994,0.0002213678512627925,0.9974378940754994,0.00029680376193331586,0.0002793762999076035,0.0012318228405739033,0.0005327351708230182
8037,5,5,0.9960942470731683,0.0005203794947978064,0.0007422195919808523,0.00042475013246263027,0.0006164450071189692,0.9960942470731683,0.0016019587004714438
8038,2,2,0.9978099019895195,0.0002918694387269288,0.9978099019895195,0.0005131584246647246,0.0003203945091376903,0.0005707614218249213,0.0004939142161263034
8039,5,5,0.9931300651291957,0.0004752837880066978,0.0018960871506542667,0.00046914934060287655,0.0004664921025758354,0.9931300651291957,0.0035629224889646605
8040,5,5,0.9968258753174726,0.00042552510122907395,0.000706462381182046,0.00048547113043942533,0.00046962782097007867,0.9968258753174726,0.001087038248706823
8041,5,5,0.9963023205296847,0.0007195263421543338,0.0006447461487037165,0.0004786073767241372,0.0005495173138744196,0.9963023205296847,0.0013052822888587202
8042,5,5,0.9963611727267742,0.0005837822545622204,0.0008223166613274197,0.0007041392217469421,0.00032992695151882746,0.9963611727267742,0.001198662184070435
8044,4,4,0.9979575095372647,0.0005503064250337159,0.0003182181522347306,0.000437665778020874,0.9979575095372647,0.0003899955934991508,0.00034630451394679113
8045,3,3,0.9980611561525154,0.00031997768981967424,0.00037290531291970467,0.9980611561525154,0.0004906099235942093,0.00034189427453787,0.00041345664661311844
8048,2,2,0.997763526778346,0.00032111649684747514,0.997763526778346,0.00043247821761710584,0.00033248948676748027,0.0005369638099324158,0.0006134252104895117
8049,1,1,0.9981815704287967,0.9981815704287967,0.0002539424721398367,0.00039814479091166387,0.0005328411875812892,0.0002713669643449011,0.000362134156225566
8050,1,1,0.9982904530635824,0.9982904530635824,0.00021535143041980518,0.0003361897746149157,0.00045595287782193507,0.0002872065740463233,0.0004148462795144061
8051,4,4,0.9980019516318932,0.0004675736516612482,0.0002800081450279244,0.000520109002960551,0.9980019516318932,0.0003542077756472341,0.00037614979280985986
8052,4,4,0.9980284401725908,0.00046080635308836016,0.00029829397173301625,0.0005224613616697055,0.9980284401725908,0.0003377825720933381,0.00035221556882472627
8054,5,5,0.9966413608995279,0.0004382311729536884,0.0008327007220931232,0.0005445515071426213,0.0004820483559782449,0.9966413608995279,0.0010611073423044187
8055,2,2,0.9976646875641698,0.00024253829846582127,0.9976646875641698,0.0003338905217762295,0.00027532639729135324,0.0009525826293831567,0.0005309745889137456
8057,4,4,0.9980438982243424,0.00044684065660619053,0.00034653456652413626,0.0004355006400677543,0.9980438982243424,0.0003789449705827996,0.0003482809418767409
8058,2,2,0.9974924017549164,0.00025371391594832416,0.9974924017549164,0.00042648160301061576,0.00035730310155866437,0.0009226584460287213,0.0005474411785372926
8059,3,3,0.9979538423207869,0.00040057532367706304,0.00043853215912875796,0.9979538423207869,0.00048360051520028867,0.00041033974562311063,0.00031310993558398013
8060,5,5,0.9966300640391684,0.0006244473362756926,0.0006509140118027764,0.0005309004026460667,0.0005271800016005524,0.9966300640391684,0.0010364942085064775
8064,1,1,0.9983302327377103,0.9983302327377103,0.00021401954054705107,0.0002974672994501745,0.0003905559355718424,0.0003123048987233979,0.0004554195879974908
8065,1,1,0.9983497367730836,0.9983497367730836,0.00020679558368377773,0.0003523341847303109,0.0004646433580176187,0.00024000836405279946,0.00038648173643194807
8066,1,1,0.9981671770443016,0.9981671770443016,0.00023512774193603216,0.000374969174089868,0.0004399373864182884,0.00034831763503979446,0.0004344710182144293
8067,2,2,0.9976412882964768,0.000255268290561533,0.9976412882964768,0.0003000612958777498,0.00025034694942766374,0.0009642805898663741,0.0005887545777896364
8068,5,5,0.9968056668328062,0.0005054979114153561,0.0008098452227086985,0.0004011489213897916,0.0004173793709189149,0.9968056668328062,0.0010604617407610458
8069,2,2,0.997763751688651,0.0003550817778081251,0.997763751688651,0.00045480535425139164,0.00035004230405169605,0.00046218934527498965,0.0006141295299630273
8070,6,6,0.9947355264238873,0.0012886422756715299,0.001368296082583483,0.0009743318537399845,0.000406513829482123,0.0012266895346356157,0.9947355264238873
8073,6,6,0.9947198242026171,0.0012990608305512173,0.0013885268167985812,0.0009186275062057072,0.00041928175601063444,0.0012546788878168343,0.9947198242026171
8074,5,5,0.9932908487439389,0.0006985614522363038,0.0007168491341766108,0.000821781766987635,0.0005943803384956574,0.9932908487439389,0.0038775785641649418
8075,2,2,0.997617895900238,0.0003634411825341538,0.997617895900238,0.0004987692205232317,0.0003501218145853269,0.0004153089229961165,0.0007544629591229807
8077,6,6,0.9947181748103213,0.0012754235803236083,0.0014204062793186781,0.0009368706800112853,0.00039847203633279764,0.0012506526136923228,0.9947181748103213
8078,3,3,0.9979178528875668,0.00035150043034300497,0.0004244866891063889,0.9979178528875668,0.00046031169646932186,0.0005242788536762271,0.0003215694428381957
8079,4,4,0.9980449248652389,0.00044803080789426514,0.00033099738393330635,0.00043860838498017545,0.9980449248652389,0.00037642403754660026,0.0003610145204067699
8080,1,1,0.9982385859437356,0.9982385859437356,0.000223129471313808,0.0003312027517366349,0.0004980422771920897,0.00036747578343989713,0.0003415637725821438
8081,2,2,0.997695299067201,0.0003461049333830702,0.997695299067201,0.00048481997631203593,0.0003426620378529359,0.0006061183572978474,0.0005249956279531223
8082,2,2,0.9976349057695983,0.00023751210094928054,0.9976349057695983,0.00034066290280498386,0.00029277406232000374,0.0008964655734031061,0.000597679590924397
8084,3,3,0.9980411895251838,0.0003063786754021616,0.00040755525232832033,0.9980411895251838,0.0004973643396805989,0.0003575769073415344,0.000389935300063635
8086,4,4,0.9979057488592428,0.0004901662555645768,0.0004059856072661714,0.0004559258603608155,0.9979057488592428,0.00043958336077824594,0.00030259005678744154
8087,4,4,0.9980653312052654,0.0004910730824731178,0.0003241641999295399,0.0004534778341758993,0.9980653312052654,0.0003504845088057224,0.0003154691693503789
8089,2,2,0.9978443165781522,0.0003274296105889642,0.9978443165781522,0.0004107819314548975,0.00032251344986346914,0.0005528888311303337,0.0005420695988101554
8091,4,4,0.9980640935950561,0.00039972962291143314,0.0003135608461455651,0.000514375853889652,0.9980640935950561,0.0003356789977928961,0.00037256108420433257
8092,1,1,0.998239745862349,0.998239745862349,0.00024634299706592194,0.00034243270900170364,0.0004355688765874353,0.0003524188455066699,0.00038349070948925516
8093,4,4,0.99805051849366,0.0004381887851623135,0.0003239004217759234,0.00045035858179121746,0.99805051849366,0.0003534979133981447,0.0003835358042124965
8094,6,6,0.9946227322905957,0.001347309012199783,0.001415031648309152,0.0008918380122594689,0.0004084976201328813,0.0013145914165030468,0.9946227322905957
8095,1,1,0.9983174491147977,0.9983174491147977,0.0001764003772974596,0.0003819588918946632,0.0004648270988980749,0.0002993377181965041,0.0003600267989156836
8096,6,6,0.994672154327037,0.0013333851704003994,0.0013997838156746233,0.000933363658815594,0.00038054351043746774,0.0012807695176348397,0.994672154327037
8097,5,5,0.9967409838125837,0.0005376380797999592,0.0007735117004687562,0.00046501881417371774,0.0004485130717109898,0.9967409838125837,0.0010343345212629007
8098,3,3,0.9979168817874229,0.00036707490072647393,0.0004389240716900921,0.9979168817874229,0.0005456976896687359,0.0004241069349577218,0.00030731461553411163
8100,4,4,0.9980545922618794,0.00044421666885872296,0.00033937262586018004,0.0004564282864889211,0.9980545922618794,0.0003378726144855449,0.0003675175424271895
8103,4,4,0.9980341022061053,0.0004617521385349641,0.0003341511615296371,0.00047488445678048053,0.9980341022061053,0.0003466468334569901,0.00034846320359260526
8104,3,3,0.9980578070488793,0.000336501104223437,0.0003605228506277029,0.9980578070488793,0.00046751175174843644,0.0003901514203330084,0.00038750582418814857
8106,1,1,0.9982983174480793,0.9982983174480793,0.0001949189696975346,0.00033873403024357667,0.0005122443975137853,0.00029144586598266485,0.0003643392884832267
8107,2,2,0.9976982173084435,0.0002657964306261696,0.9976982173084435,0.0005046277524728195,0.00036071721425630425,0.0007199927992460408,0.0004506484949550819
8108,1,1,0.9983835228946966,0.9983835228946966,0.00018820612555825065,0.00029486262935168666,0.00046731723986498787,0.00028013978907229144,0.0003859513214562399
8109,5,5,0.996369025592215,0.0005703460896554962,0.0007153852064664101,0.0004953956337590698,0.0004691306485701398,0.996369025592215,0.001380716829333908
8110,1,1,0.9978514401231114,0.9978514401231114,0.0001854496564273039,0.0003478312396603724,0.0005685889338026981,0.0005697111192402613,0.00047697892775787907
8111,3,3,0.9980540016182284,0.000321206599274956,0.0003779973678304916,0.9980540016182284,0.0004871217116306161,0.0003950887955488202,0.00036458390748671287
8118,5,5,0.9967679909615723,0.0006251280802845939,0.0007556281843661213,0.0004392291620731048,0.0003663134530972653,0.9967679909615723,0.0010457101586065483
8120,6,6,0.9944504487279652,0.001438753561220724,0.0014591866620674893,0.0009293802420424189,0.00046845734993475465,0.0012537734567694575,0.9944504487279652
8121,5,5,0.9963566724534446,0.00043538265135417264,0.0006699152152303466,0.0005890611599931185,0.0006119667491940884,0.9963566724534446,0.0013370017707836533
8125,4,4,0.9980008370387838,0.0005343647928984237,0.0003410659854987736,0.00046954416500518363,0.9980008370387838,0.00034958892512576323,0.00030459909268807934
8126,6,6,0.9946881489534707,0.0012690173407002706,0.0014018148588694629,0.0008932006855877436,0.00042462916278542993,0.0013231889985864062,0.9946881489534707
8127,2,2,0.9976675025858079,0.00035091492856012584,0.9976675025858079,0.00033112534226244705,0.00026986850145125957,0.0008591826868338439,0.00052140595508448
8128,2,2,0.9976844307187869,0.00034819551666229995,0.9976844307187869,0.00043940163092261056,0.0003677368484589683,0.000552707158340061,0.0006075281268291711
8129,6,6,0.9946281876091689,0.0013438675400028073,0.0014115930805091471,0.0009231106957685879,0.0003924293893527254,0.0013008116851978054,0.9946281876091689
8132,1,1,0.9983191203386335,0.9983191203386335,0.0001927173264100101,0.00033907417585500273,0.0004959613577527173,0.00025456771913729564,0.00039855908221152577
8133,2,2,0.9975244707186406,0.00040732209903679965,0.9975244707186406,0.0005906533389870919,0.0004496091751234822,0.0004764083290688964,0.0005515363391431128
8134,6,6,0.9944916912926115,0.001440801533982732,0.0014825881150477532,0.0008675864038573455,0.00040562546721821253,0.0013117071872824815,0.9944916912926115
8135,5,5,0.9966523088390093,0.0003586199904647469,0.0011221120408628584,0.0003692073819477386,0.0005183027261618626,0.9966523088390093,0.0009794490215534308
8136,4,4,0.9979748684111747,0.000513036295113046,0.00034255022904136265,0.0004825732013056186,0.9979748684111747,0.00036383519767020785,0.00032313666569511065
8137,3,3,0.9979554711582164,0.00032096330914717694,0.0004022268232387668,0.9979554711582164,0.0005253291612283326,0.00032546913520867975,0.0004705404129604663
8138,2,2,0.9977712627203487,0.0002806900547537274,0.9977712627203487,0.00047063213602716085,0.00030928276031232414,0.0005030648296197169,0.0006650674989385
8139,2,2,0.9953919782384855,0.00021574591226069953,0.9953919782384855,0.0003542738606619525,0.0002501049927391664,0.0031842410525059935,0.000603655943346726
8140,2,2,0.9978180819113057,0.0003137413283924543,0.9978180819113057,0.0004581142100504665,0.0003616677453175836,0.00047780065390277883,0.0005705941510309851
8141,1,1,0.998318223380981,0.998318223380981,0.00021678934599045078,0.00028919158733536844,0.0004067997911642829,0.0003056345244094647,0.00046336137011949096
8143,4,4,0.9979182652460941,0.00048624652215776784,0.00031711204318492074,0.0004613893461084189,0.9979182652460941,0.0004030349100943469,0.0004139519323604502
8144,1,1,0.9982473687554441,0.9982473687554441,0.0002379223258107522,0.00032458963158510764,0.0004219649640057359,0.0002625580485027602,0.0005055962746516479
8145,4,4,0.9980915256811144,0.0003870393463578275,0.00030435322901130156,0.0004731852692981978,0.9980915256811144,0.00037605587949890196,0.00036784059471952794
8147,3,3,0.9980380054104331,0.00036063621934770906,0.0003955493784927982,0.9980380054104331,0.0004594854888842748,0.00040312475640202764,0.0003431987464400795
8149,6,6,0.9944372391873165,0.0014172896350393104,0.0014782941753770655,0.0008480628786277566,0.0004157403108104863,0.001403373812828893,0.9944372391873165
8150,1,1,0.998375098451333,0.998375098451333,0.00020749048959557215,0.00031727139541565713,0.0004586150099689934,0.0002483073134636851,0.0003932173402230574
8152,1,1,0.9984319050876506,0.9984319050876506,0.0002014784397428604,0.000300299644572696,0.00038067510498877974,0.00026521931608134764,0.00042042240696383426
8153,6,6,0.9946698673783901,0.0013594946532445508,0.0013917607899165813,0.0009642247001250178,0.00041066692736621037,0.0012039855509575468,0.9946698673783901
8154,4,4,0.9979662458952138,0.0004865078741354278,0.0003641812786518049,0.000497829496518828,0.9979662458952138,0.0003932690716264145,0.0002919663838537669
8155,3,3,0.9980014077805254,0.0003542933594346499,0.0003833633424605987,0.9980014077805254,0.000528767245196442,0.00038397475573764904,0.00034819351664506
8157,2,2,0.9977965512024219,0.0002994467260432627,0.9977965512024219,0.00039723778070490924,0.00033648440678481895,0.0005628063315664833,0.0006074735524785702
8158,3,3,0.9980088069474982,0.0003094056797491729,0.0004137017611388487,0.9980088069474982,0.0005269661880573408,0.00039506582143712936,0.00034605360211937354
8159,6,6,0.9945439908836623,0.0014270598217014264,0.0014348520809674226,0.0009485855914863086,0.0004289078768254567,0.0012166037453571344,0.9945439908836623
8162,1,1,0.9982523473471366,0.9982523473471366,0.00021842585160047366,0.0003434185107157404,0.0004569695516862306,0.000284595070065524,0.00044424366879541633
8163,3,3,0.9979839338813121,0.00033811734185621616,0.00040919946911151624,0.9979839338813121,0.0005034605300277507,0.000427661369777343,0.0003376274079151043
8164,6,6,0.994550594813035,0.0013834902080831263,0.0014675952679704253,0.0008846310216303169,0.00037942225280941774,0.0013342664364716854,0.994550594813035
8165,3,3,0.9978519652216014,0.00038478597376401377,0.0004316057366623293,0.9978519652216014,0.0006289514527358582,0.00038634579336694854,0.0003163458218694904
8166,5,5,0.9960483517231637,0.0005727834528669452,0.0006330262330715327,0.0005927503119798017,0.0005317759196263823,0.9960483517231637,0.001621312359291616
8167,1,1,0.9983613894817873,0.9983613894817873,0.0002164076859168004,0.00032365358370450853,0.0004397104757663165,0.00027222828657157746,0.00038661048625346557
8168,5,5,0.9967697781354209,0.00035756238225529796,0.0010761981746372502,0.0004583291266353953,0.0003972561067765526,0.9967697781354209,0.000940876074274597
8169,2,2,0.7763231962897507,0.0007750060146703388,0.7763231962897507,0.0007437900611496215,0.000808820358164251,0.21903216754690963,0.002317019729355624
8171,4,4,0.9980604242803988,0.00047943366557677076,0.00035077604784625324,0.0004571033146757013,0.9980604242803988,0.0003320566092587856,0.0003202060822436756
8172,5,5,0.9961532871833322,0.0004526811790804903,0.0006811737494834792,0.0005626283192404001,0.0006337719337388352,0.9961532871833322,0.0015164576351246793
8173,6,6,0.9940875825078425,0.001248799504348889,0.0017226439765629933,0.0008944714259828304,0.00036770981595919623,0.0016787927693036788,0.9940875825078425
8174,1,1,0.9980120212101276,0.9980120212101276,0.0002790885254548967,0.00039164253408539645,0.0006151848815662207,0.0002824071481782228,0.00041965570058779937
8175,5,5,0.9960630151392071,0.0008995328333205523,0.0005545614189496554,0.0005571727891403632,0.0004495039583273537,0.9960630151392071,0.0014762138610549796
8176,4,4,0.9979495548757618,0.0005350787618291702,0.00036346441421369755,0.000441752089446535,0.9979495548757618,0.0004006206057006702,0.00030952925304820713
8177,1,1,0.9983761241568041,0.9983761241568041,0.00018592287832415073,0.0002548227185464815,0.0003686140091290632,0.0003171667609326802,0.0004973494762636111
8178,5,5,0.9947678586250138,0.0005730670846612544,0.0025654040496551262,0.0004137638417158282,0.0004364910509802172,0.9947678586250138,0.0012434153479737578
8179,2,2,0.9976425956254527,0.00032543970773074224,0.9976425956254527,0.0005791937693032187,0.00038100442175098244,0.0004087828351920008,0.0006629836405704653
8180,1,1,0.9983563658327737,0.9983563658327737,0.000217423970169604,0.00028417855056032547,0.0003471924448614878,0.00038434549126084024,0.00041049371037419225
8184,2,2,0.997816540844409,0.0003146928809431825,0.997816540844409,0.00041728977229183936,0.00030731893001204855,0.0004736618310172862,0.0006704957413266738
8188,3,3,0.9979543559570405,0.00031426004318336727,0.0004195862221962305,0.9979543559570405,0.0005411063834506414,0.00040139388366933155,0.00036929751045989054
8189,3,3,0.997970746788927,0.00038535288791403445,0.0004357196330127638,0.997970746788927,0.00048527839748442825,0.0003460550874147241,0.0003768472052470224
8190,4,4,0.9979577058414838,0.00048274878615811107,0.00038969598221058214,0.0004797410508013982,0.9979577058414838,0.0003954600249328458,0.00029464831441327656
8192,5,5,0.9965355945007569,0.000432098220845505,0.001137449934381738,0.00039984512132671,0.0005978882292752543,0.9965355945007569,0.0008971239934139478
8194,5,5,0.9967181191840406,0.0004674132555278196,0.0007061395519508706,0.0004363916569392363,0.00047047759786898296,0.9967181191840406,0.0012014587536724728
8195,3,3,0.9979135180502948,0.00033697038798893695,0.00039777072597032203,0.9979135180502948,0.0006117316963855001,0.00037501386206518247,0.0003649952772953216
8196,2,2,0.9977335961231505,0.0002915524828564279,0.9977335961231505,0.0005842185364772916,0.000351111434805208,0.0005186643700585628,0.0005208570526520652
8198,6,6,0.917155708798864,0.001854732913436562,0.06941684824354703,0.007744111766237367,0.0007979971993522355,0.003030601078562841,0.917155708798864
8199,1,1,0.9983825941327191,0.9983825941327191,0.0002135007289871325,0.00029591055535922825,0.0003981756265619124,0.0002515675215731722,0.00045825143479942993
8202,6,6,0.9945471227436163,0.0013814043404072323,0.001434474825682487,0.000979218160479221,0.00039520187184050493,0.0012625780579742132,0.9945471227436163
8204,1,1,0.9983982115442247,0.9983982115442247,0.00021800760144913782,0.00031522786410685,0.0003902426152488965,0.0002875491876254079,0.0003907611873448368
8205,6,6,0.994654724209011,0.0013626683976288472,0.0014146839249356976,0.0009392351599792344,0.00040810794711194025,0.0012205803613332226,0.994654724209011
8206,6,6,0.9946427016427593,0.0013421971372813,0.0014166357691487578,0.0009120158200370505,0.00041526839859594764,0.001271181232177714,0.9946427016427593
8207,3,3,0.9980432586947103,0.00033995350623573377,0.0004372492664688765,0.9980432586947103,0.00044869068025449066,0.0003961635943876628,0.0003346842579428657
8208,6,6,0.9944759001138546,0.00148583575931831,0.0014800860065791346,0.000891720816981681,0.00042720526064070336,0.0012392520426256284,0.9944759001138546
8209,5,5,0.9961498187226403,0.00043675447837339697,0.0008758922695194499,0.0004349936674555992,0.00039318027985593506,0.9961498187226403,0.001709360582155348
8211,4,4,0.9980025132824605,0.0004943073943847249,0.0003785355240710342,0.00045389494869059986,0.9980025132824605,0.00037759864262373763,0.0002931502077694812
8212,4,4,0.9979417539346719,0.00043955015786195124,0.00036320743744247156,0.0004981719931499252,0.9979417539346719,0.00037817082205490596,0.00037914565481885935
8213,3,3,0.9979613775313464,0.00037469473967222816,0.00046791484134952894,0.9979613775313464,0.00044969691859473074,0.00039850612813385674,0.00034780984090324843
8215,4,4,0.9980795736095345,0.00046192204349131095,0.0003437686076310664,0.00044082793567693776,0.9980795736095345,0.0003408387831231312,0.0003330690205430668
8216,4,4,0.998063002298444,0.0004403105535183924,0.00035715155977105687,0.00046640996890217473,0.998063002298444,0.00036142496290948706,0.00031170065645486224
8217,2,2,0.9978656833451366,0.0003249668731383175,0.9978656833451366,0.00039195050752277615,0.0003173464129784578,0.0005577935158793189,0.000542259345344501
8218,5,5,0.99600280814732,0.0003574907290177709,0.0017686757649632455,0.00032560890645730756,0.0003324625388999645,0.99600280814732,0.0012129539133417901
8222,2,2,0.9978203639897413,0.0003272628384306195,0.9978203639897413,0.0004263633470298758,0.0003448889307206855,0.0005256506730920133,0.0005554702209855442
8223,2,2,0.9969434971809845,0.0004790846549912608,0.9969434971809845,0.0005996030304550606,0.0005261966534535279,0.0004691057959014684,0.0009825126842142099
8224,4,4,0.9980536286828556,0.0004992747952944352,0.0003149565264275099,0.0004430764002381201,0.9980536286828556,0.0003528853106296206,0.0003361782845546991
8225,6,6,0.9943677198368196,0.0014684656367843672,0.0015156867210004254,0.0009425726596516328,0.0004174383903214237,0.0012881167554225851,0.9943677198368196
8227,1,1,0.998295122374849,0.998295122374849,0.00022861357001296452,0.0003682522779657784,0.0004676641810189179,0.00029444088983269167,0.00034590670632070894
8228,1,1,0.9983186342024766,0.9983186342024766,0.00022752707501287004,0.0003352982220832672,0.00042798046152531477,0.0002871815361533049,0.0004033785027487408
8229,2,2,0.9972597278472822,0.0005366169454104211,0.9972597278472822,0.0004699980452130128,0.00036806965060055634,0.0007061196898624805,0.0006594678216314238
8230,3,3,0.998027705307782,0.0003556238083225358,0.0004079105902957299,0.998027705307782,0.0004765629813582962,0.00036868031161507844,0.00036351700062637536
8231,6,6,0.992757656073203,0.0021422847165919264,0.0017100841127201006,0.0009121952842319031,0.0004596226979829007,0.002018157115270168,0.992757656073203
8232,3,3,0.9979083992287267,0.0003773155793932257,0.0004361990048263468,0.9979083992287267,0.0005194040368179534,0.0004446612349551338,0.00031402091528081547
8236,3,3,0.9980534025508898,0.0003657775708509074,0.00044548332679123626,0.9980534025508898,0.00042456521119190393,0.0003621142427137849,0.0003486570975623581
8237,4,4,0.9979773759595248,0.0005144456792577118,0.0003707671782122629,0.00043534394662823986,0.9979773759595248,0.000357144432689019,0.00034492280368790627
8238,4,4,0.9979188631380581,0.0004510760589049443,0.000381234639379262,0.00047818263789132837,0.9979188631380581,0.00044332870686474734,0.00032731481890170664
8239,4,4,0.9979218013290602,0.00037230092763231265,0.0003087473564020672,0.0006509435717477791,0.9979218013290602,0.00040161244409465084,0.0003445943710630099
8240,2,2,0.9978743227875657,0.00030505987256412593,0.9978743227875657,0.0004137740527764127,0.00033243697121331466,0.0005395306202341764,0.0005348756956462246
8241,5,5,0.9966753917324986,0.0006060270362555246,0.0006186839431242071,0.00046655286322900023,0.0005382393243446068,0.9966753917324986,0.0010951051005479836
8243,3,3,0.9980195486240416,0.00036163455394141336,0.0004175054376670556,0.9980195486240416,0.0005298108880911229,0.00033155507660355806,0.0003399454196551692
8244,3,3,0.9980161585391522,0.00033287387012175093,0.0004025177883419006,0.9980161585391522,0.0005098410358625126,0.0003469526723582769,0.000391656094163404
8245,3,3,0.9979739109901321,0.0002812892299262615,0.0003974457526328807,0.9979739109901321,0.0005189825545928198,0.00048295693347245487,0.00034541453924353697
8246,1,1,0.9983562779678196,0.9983562779678196,0.00019413975721730312,0.0003158245597788731,0.0004283947546402091,0.0002851523494859483,0.0004202106110582741
8247,4,4,0.9980379199259163,0.0005067973021996229,0.00031173174519846347,0.0004399096034336323,0.9980379199259163,0.0003856373082899307,0.0003180041149620525
8248,2,2,0.9978935962399783,0.0002717799153757374,0.9978935962399783,0.0003695787183481052,0.0002859063046879902,0.0006393546893090756,0.0005397841323008678
8250,2,2,0.9970588298719922,0.0005398242874977106,0.9970588298719922,0.0005901622707101199,0.0005251753406647811,0.0004744588330480815,0.0008115493960871362
8251,3,3,0.9980473087019608,0.00034125105285017366,0.00043086166634534906,0.9980473087019608,0.000437656334433179,0.0004090584718891227,0.00033386377252141305
8253,5,5,0.9967924419532189,0.0003452659812885194,0.0008956914544981842,0.00046193960732567323,0.0003670557586578269,0.9967924419532189,0.0011376052450109016
8255,2,2,0.9977193672514663,0.0003704119372487339,0.9977193672514663,0.0003774100116284162,0.0003439599890912869,0.0004697955539429901,0.0007190552566222797
8256,4,4,0.9979729793318647,0.0004776149071862875,0.00038076801584499537,0.00048273106930895053,0.9979729793318647,0.00039237488483627545,0.0002935317909588247
8258,1,1,0.9983765142408707,0.9983765142408707,0.00021517741520797533,0.00033250978718402205,0.0004026519994406389,0.00029279702743267947,0.00038034952986395836
8260,2,2,0.9978284252571796,0.00029708847382047904,0.9978284252571796,0.0004541131750481309,0.0003117311074565038,0.00053027709364308,0.0005783648928521417
8262,5,5,0.9929591740704119,0.0008984460524304062,0.0009395765133560927,0.0005199370334468921,0.0015055504474531438,0.9929591740704119,0.003177315882901558
8263,4,4,0.9980932521220082,0.0004056036093390544,0.0003118019286289773,0.0004867642442025255,0.9980932521220082,0.0003632010427573436,0.00033937705306396807
8265,5,5,0.996144486948959,0.00041846395626466966,0.0018464068605463394,0.0004828899463148813,0.0003086106961442197,0.996144486948959,0.0007991415917709974
8267,4,4,0.9979922711109197,0.0005037540636203624,0.00036825048772454893,0.00046991152263192677,0.9979922711109197,0.00037808953114080773,0.00028772328396261436
8268,2,2,0.9977956608650449,0.00030767436181446415,0.9977956608650449,0.00037989304036041506,0.0003423773312968013,0.0005087490221601941,0.0006656453793231759
8269,5,5,0.9964338753311195,0.0004792568608773879,0.000706727340506751,0.0005307581854435555,0.0005460970103665899,0.9964338753311195,0.0013032852716861763
8270,3,3,0.9979399352861017,0.0003608187436157334,0.0004207751112236589,0.9979399352861017,0.0005438531792005551,0.00042121693649623546,0.0003134007433620717
8271,4,4,0.997968385151404,0.0003989368889612794,0.00030068628542427123,0.0005211993170061318,0.997968385151404,0.0004421926611148173,0.0003685996960896155
8272,1,1,0.9982713996378644,0.9982713996378644,0.00018719549829260515,0.000362161246229172,0.00040137860166551437,0.0003938783113238672,0.0003839867046244762
8273,4,4,0.9981323392634938,0.00039574203233213673,0.00029622823110849063,0.00047535917347422783,0.9981323392634938,0.0003355105752942617,0.000364820724297066
8274,4,4,0.9980922949037364,0.00042570507184646006,0.0003091710866075566,0.0004335202657071756,0.9980922949037364,0.00038107003775653776,0.000358238634345914
8275,1,1,0.9982030332573248,0.9982030332573248,0.00021076125142601335,0.0004133143495969279,0.0005616903038956232,0.0002444922269277109,0.00036670861082893093
8277,5,5,0.9965669896164537,0.0005479591738682395,0.0007046981592361606,0.00045079093316805613,0.0005587142044322643,0.9965669896164537,0.0011708479128415173
8278,4,4,0.9980340802488467,0.000524962850946804,0.000338732231348383,0.00044650655701850077,0.9980340802488467,0.00035564571701441434,0.0003000723948252082
8281,1,1,0.9982305926070097,0.9982305926070097,0.00019598754886170322,0.0004199968722997442,0.00043176867130863457,0.000314751122993154,0.000406903177526992
8283,4,4,0.9979954526636503,0.0005278021334732718,0.00033205495876313613,0.00044255439840509554,0.9979954526636503,0.00036740569206893407,0.0003347301536392689
8285,5,5,0.9961382589562873,0.0005875441618715141,0.0007121013365115818,0.0005090440310333545,0.0005928609077431433,0.9961382589562873,0.0014601906065531277
8286,1,1,0.9983479868066275,0.9983479868066275,0.00020100457477974186,0.000312561594206433,0.0004390419063457784,0.00027971123193485753,0.00041969388610567897
8287,5,5,0.9964854391147825,0.0005850121887297834,0.0006402976552469423,0.000494234248640233,0.0005967103579831638,0.9964854391147825,0.0011983064346173492
8290,5,5,0.9960176090983541,0.0005528690965293026,0.0006934922241921715,0.0004750499087874961,0.000554031910941285,0.9960176090983541,0.0017069477611955791
8291,3,3,0.9978043960888197,0.0003163090229550417,0.00044116665914408854,0.9978043960888197,0.0004935437715715898,0.0003937208703151053,0.0005508635871945556
8292,6,6,0.9897581356165898,0.002643356104340677,0.0021426125932646903,0.0021801502481920473,0.0013052533636310603,0.001970492073981718,0.9897581356165898
8294,5,5,0.996764196417885,0.0004219969034468689,0.0006763705841675063,0.0005032767725645853,0.000564504480578371,0.996764196417885,0.0010696548413575767
8295,3,3,0.9979351404913778,0.0003645638223852933,0.00039726869772797966,0.9979351404913778,0.0003864037725426548,0.0005483866358268043,0.0003682365801394803
8296,4,4,0.9979760809225762,0.0005003973857065053,0.000350573346850986,0.0004789275200153123,0.9979760809225762,0.0003696905171979469,0.0003243303076531404
8299,3,3,0.9980411756396689,0.0003188390473664417,0.0003868746077103153,0.9980411756396689,0.0004470638624961976,0.0004029061911473323,0.00040314065161082104
8300,5,5,0.9968620267444641,0.0004807587989632309,0.0006783265086637319,0.00045686237202123976,0.0005075021625230286,0.9968620267444641,0.0010145234133646767
8302,4,4,0.9980948731223328,0.00045383803825722587,0.00031027393342794677,0.00043531423567087714,0.9980948731223328,0.0003583456623049847,0.0003473550080062189
8303,6,6,0.9947663615092148,0.0013165139917972078,0.001351754190528911,0.0009879408240407296,0.000398035163977429,0.0011793943204409046,0.9947663615092148
8304,3,3,0.9980244194450449,0.0003184814854545746,0.0004047742516248717,0.9980244194450449,0.0004579142930176589,0.0004026224891191981,0.0003917880357388236
8306,6,6,0.9945604257233464,0.0014147406983728674,0.0014728606988534717,0.0008597829191352045,0.0003914656138066147,0.001300724346485524,0.9945604257233464
8307,5,5,0.9966207965743202,0.0003974708759241942,0.00112897730630891,0.0004933627898396221,0.00039930729856328434,0.9966207965743202,0.0009600851550437942
8309,5,5,0.9961489775846862,0.0005456355979658833,0.0005296685976639168,0.0006087771094202625,0.0005718544798737067,0.9961489775846862,0.0015950866303899804
8311,5,5,0.9966873997943774,0.00036474554778284846,0.0007471541528975795,0.0005427001417232599,0.0005278580606033021,0.9966873997943774,0.0011301423026156042
8312,6,6,0.9946314731271362,0.0013625456191384742,0.0013994394996253198,0.0009036495461391593,0.00042203999839064536,0.0012808522095702616,0.9946314731271362
8313,4,4,0.9980254645312343,0.00040316162632552234,0.00031414998291357746,0.0005156948091925753,0.9980254645312343,0.00037458498471544077,0.00036694406561860995
8314,1,1,0.9983854338425493,0.9983854338425493,0.00019352229805970778,0.0002911800997301513,0.0004389616389345789,0.00026019424083467506,0.00043070787989166746
8315,1,1,0.9983661408052976,0.9983661408052976,0.00021875324388053778,0.00031738537956682133,0.00041087726966418934,0.0002721955726203691,0.0004146477289705162
8317,1,1,0.9983191581420824,0.9983191581420824,0.000216141547171947,0.0003315322329359914,0.0004988281050457701,0.0002597317394799154,0.00037460823328396584
8318,3,3,0.9976064437975658,0.0003785170735306226,0.0003811419772273345,0.9976064437975658,0.0005769959807065454,0.00036391978474106324,0.000692981386228604
8320,3,3,0.9979678764423278,0.0003718367439965912,0.00041665370776046786,0.9979678764423278,0.0005420457399053979,0.0003847174603219405,0.000316869905687851
8321,3,3,0.9979517086592085,0.00036610864570845537,0.0004311300968599036,0.9979517086592085,0.000541956583494341,0.0003308247615857572,0.00037827125314314773
8322,3,3,0.9980270821609812,0.000313523475754289,0.000370216954833729,0.9980270821609812,0.00041742555324745574,0.0004525502114796387,0.00041920164370369
8325,4,4,0.998082816076016,0.00043862231809331,0.0003456883797312928,0.00044369892803786847,0.998082816076016,0.0003544435972086432,0.0003347307009129858
8326,3,3,0.9980310655630399,0.0003285494804064037,0.0004180959807539176,0.9980310655630399,0.0005041827046842222,0.000356895653827168,0.0003612106172884926
8327,6,6,0.9944959110370964,0.001447947787150715,0.0014255245667412924,0.0009021556896132885,0.00044531927370087106,0.001283141645697399,0.9944959110370964
8328,4,4,0.9980519116504677,0.0004974801695716741,0.00030462455653395925,0.0004655906397338023,0.9980519116504677,0.0003503112216259668,0.00033008176206694045
8330,3,3,0.9980631071277669,0.000291164399812957,0.00040430649661222026,0.9980631071277669,0.00047640174583495824,0.00041415339890340917,0.00035086683106952426
8331,4,4,0.9980719414261529,0.00040215965271969597,0.00030020366351899276,0.0004897515914502519,0.9980719414261529,0.00036707154971041,0.00036887211644786374
8332,3,3,0.9979823651067665,0.00031995639782886624,0.00037241460237307037,0.9979823651067665,0.000512360472674837,0.00043285141912197464,0.0003800520012347783
8333,3,3,0.9979918584280446,0.000310404389779991,0.0004371894428860418,0.9979918584280446,0.0005398828967097703,0.0003760142063374057,0.0003446506362421765
8334,6,6,0.9945343445991301,0.0014276960452888517,0.0014282855724615802,0.0009719170931735472,0.00041335753020721856,0.00122439915973869,0.9945343445991301
8335,5,5,0.9968440235601657,0.00037157284152663226,0.000809816095592347,0.0006157572314103773,0.0005228670623789113,0.9968440235601657,0.0008359632089260754
8337,4,4,0.9981280761879722,0.00040743527467643426,0.00029831750987253106,0.0004480743193969192,0.9981280761879722,0.000358116565842348,0.0003599801422395774
8338,3,3,0.9980309720332221,0.0003334739050979899,0.00041404625993304286,0.9980309720332221,0.0005206675328565669,0.000340369388415883,0.00036047088047448775
8341,2,2,0.997287392122849,0.00025386406911083936,0.997287392122849,0.000534962978880667,0.0002593767129464132,0.001097771687821307,0.0005666324283918147
8343,1,1,0.9981978297430841,0.9981978297430841,0.00028065693244167244,0.00039938344481941243,0.00044136228499942596,0.0002326583434251416,0.0004481092512302105
8344,2,2,0.997826069151114,0.0003404205881572915,0.997826069151114,0.0003881891721527573,0.0003235158314659058,0.0004846958469723905,0.0006371094101375671
8346,3,3,0.9980450101179829,0.00033353331637410764,0.0003767440663301335,0.9980450101179829,0.0004915913659702805,0.00035125219477138915,0.0004018689385712027
8347,4,4,0.9978133208276986,0.0005358692017726244,0.0003556798246039398,0.0005547724884612123,0.9978133208276986,0.0004431801686977917,0.0002971774887658063
8349,2,2,0.9978050174871004,0.00028885111059995293,0.9978050174871004,0.0003795844519613719,0.00029704980481802713,0.0005266840234368345,0.0007028131220833999
8351,3,3,0.9979579521310948,0.00038651397616568995,0.00035592683966334765,0.9979579521310948,0.0004989741755633016,0.0003620627129716938,0.00043857016454108936
8354,4,4,0.9980176962017064,0.0003821850219260386,0.00030541607088303434,0.0005924678570729038,0.9980176962017064,0.00035045861532951965,0.0003517762330820643
8355,1,1,0.9982250765646681,0.9982250765646681,0.00024126804403046747,0.0003497904133349295,0.0004978871642021665,0.00031218442553962824,0.00037379338822475923
8357,5,5,0.9962157591711894,0.0003910023363795154,0.001404083564574352,0.00034216072473982007,0.0003611904679814151,0.9962157591711894,0.001285803735135484
8358,2,2,0.9977890718592024,0.0003178632819532088,0.9977890718592024,0.00047616648396452246,0.0003607720747051141,0.0005069075481651036,0.0005492187520097559
8359,5,5,0.9968214949488706,0.000446853011740653,0.0009413574909302663,0.0004989747401117689,0.0004507272262316559,0.9968214949488706,0.0008405925821149984
8360,2,2,0.9972711650426703,0.0003939313931593447,0.9972711650426703,0.0007821357925135576,0.0004173324163936368,0.0005525524858112611,0.000582882869451989
8361,2,2,0.9900155851928922,0.0004586076334796785,0.9900155851928922,0.006942583380163692,0.0004941097089074247,0.00141283930640193,0.0006762747781550193
8362,3,3,0.9980618290572155,0.0003111585452313606,0.00043169608898341403,0.9980618290572155,0.00044589258983446055,0.0004120557742394744,0.0003373679444958121
8363,5,5,0.9964860163102663,0.0006896761365666594,0.0006054731613952115,0.0004961334389799657,0.00048030572716362596,0.9964860163102663,0.0012423952256281408
8364,2,2,0.9967973652801475,0.0003302036144371032,0.9967973652801475,0.0014954447715792313,0.00034323238046910876,0.00039258301730987365,0.0006411709360572155
8365,5,5,0.9967585684201088,0.0003912319672869673,0.0008015888168968355,0.0004503363711911426,0.0004413972467219392,0.9967585684201088,0.0011568771777943846
8366,4,4,0.9978674482112,0.00035950693615076183,0.0002764005905072112,0.0007275600965768361,0.9978674482112,0.00037740500791493274,0.0003916791576502353
8368,4,4,0.9978023133382636,0.0006127787032084885,0.00033664714882322656,0.00046536992708676666,0.9978023133382636,0.00042322292413323294,0.0003596679584845987
8371,3,3,0.9979170209624586,0.000359357867359029,0.0004194237220093549,0.9979170209624586,0.000577091661005056,0.0004081805336782764,0.0003189252534896947
8374,5,5,0.9968182089609308,0.000479287886942278,0.0005849070290003945,0.0005081019021521987,0.0004688931917087828,0.9968182089609308,0.0011406010292656563
8375,5,5,0.9962866123921623,0.0005554889692749549,0.0007456022294650378,0.00047563588889388566,0.0005774965287638679,0.9962866123921623,0.0013591639914400252
8378,4,4,0.9981017652424126,0.00039929739206960373,0.000322891542960396,0.0004886658834642386,0.9981017652424126,0.00035406838087687304,0.00033331155821615704
8379,3,3,0.9980106455396619,0.0003217472337662724,0.00040929883785824665,0.9980106455396619,0.0005062375920819671,0.00040138934750974916,0.00035068144912182007
8380,4,4,0.9980036846714152,0.0005498993611918767,0.0003361542443451849,0.00044417240218449085,0.9980036846714152,0.00036551313794293673,0.0003005761829202604
8381,4,4,0.9980458232625783,0.0004468483479375019,0.0002808112244945535,0.00047627674493500586,0.9980458232625783,0.0003601690481359566,0.00039007137191865936
8382,1,1,0.9983440530578335,0.9983440530578335,0.00022491591051070918,0.0003185664591637453,0.00044637274308418305,0.00023904985261416516,0.0004270419767937933
8383,4,4,0.9979695644065368,0.00043793601650975823,0.000331902293299189,0.0005076710350436089,0.9979695644065368,0.00036091066309409107,0.0003920155855165268
8384,4,4,0.9979672738707331,0.0005265564388697323,0.0003380261088990954,0.0004758365838225804,0.9979672738707331,0.00035965950931943745,0.0003326474883559597
8386,1,1,0.998397209053754,0.998397209053754,0.00020515475669999494,0.0003017184903720378,0.00034686094872647005,0.00031409771781098383,0.00043495903263638454
8387,2,2,0.9977658248538565,0.00032043135435418736,0.9977658248538565,0.0004575189294597532,0.00033228042649052883,0.00044524371901849194,0.0006787007168206188
8388,5,5,0.9965890521841324,0.0004967526703662547,0.0006558586528784508,0.0006305914060825855,0.0006336019062675299,0.9965890521841324,0.0009941431802728542
8390,5,5,0.9963181145834775,0.0006018189673660296,0.000638804814073854,0.0005010759987481662,0.0006207362245734102,0.9963181145834775,0.001319449411760982
8392,6,6,0.9942382756668479,0.0013272409803900245,0.0015897255217166618,0.0008728631233906091,0.0003900046357329971,0.0015818900719218839,0.9942382756668479
8393,5,5,0.996311157019981,0.0004788819490049041,0.0006571443709112876,0.000549380450602124,0.0006643619464507937,0.996311157019981,0.0013390742630499288
8394,5,5,0.9960189203135414,0.0004294094285277763,0.0006139651363582554,0.0008152097950466228,0.0005295587915354862,0.9960189203135414,0.0015929365349904578
8396,5,5,0.9966218046306293,0.00042933101563832985,0.0006223725820775666,0.0006017593293747871,0.0005175997864338195,0.9966218046306293,0.0012071326558461741
8398,1,1,0.9983462945949025,0.9983462945949025,0.00021121245668692757,0.00031408829471754883,0.0003893333645110629,0.00026063230161546514,0.00047843898756645475
8399,6,6,0.9946137801279891,0.0013235014438546975,0.0015175510148488322,0.0009511514916290286,0.00038614784642812923,0.0012078680752502702,0.9946137801279891
8400,1,1,0.9981970557019426,0.9981970557019426,0.00022364360816047412,0.00041458816329013084,0.0005096995897669466,0.0003187781576286742,0.00033623477921112225
8401,6,6,0.9946134770127041,0.0013726508593156497,0.0014349282839886807,0.0009217070842386848,0.0004141703573898189,0.0012430664023630725,0.9946134770127041
8402,5,5,0.9964056326111222,0.0005054931524300425,0.0006741123492843088,0.0004621414291909412,0.0005560963272169279,0.9964056326111222,0.0013965241307555608
8403,2,2,0.996950451287794,0.0002786624837843739,0.996950451287794,0.0003341259156276699,0.00024173747896750184,0.0013033765184077167,0.0008916463154186655
8404,3,3,0.9979265412746576,0.0004178214078526653,0.00041146725618878904,0.9979265412746576,0.000538108667965778,0.0003279628702982418,0.00037809852303690046
8406,2,2,0.9978918602507024,0.0002780178958225423,0.9978918602507024,0.00039622950807102617,0.00031711240255030953,0.0005759132425230177,0.0005408667003306702
8407,2,2,0.9978792804177251,0.0003007305245160846,0.9978792804177251,0.00043665784194791467,0.0003003315692027149,0.0005277940144468733,0.0005552056321612866
8409,5,5,0.99657777504368,0.0006741548258500526,0.0007033800767755274,0.00045690288585530027,0.00038858935803730006,0.99657777504368,0.001199197809801886
8410,1,1,0.9983328784656075,0.9983328784656075,0.00023325415343008042,0.00035996596893662187,0.00036242160453492644,0.0002464566399367624,0.00046502316755413556
8411,4,4,0.9977676832430533,0.000560241341897347,0.00041786805226538457,0.0005107836313738614,0.9977676832430533,0.00046316478816348734,0.0002802589432466744
8413,3,3,0.9978999986528564,0.0003173615605303879,0.00034864422355823134,0.9978999986528564,0.0005580920286284081,0.0004045204409083821,0.00047138309351829
8414,1,1,0.9983503833620989,0.9983503833620989,0.00020425669239546837,0.0003142750361102605,0.00042336050019409584,0.00024169306598394294,0.0004660313432172881
8415,2,2,0.997059278239893,0.00024648943343882245,0.997059278239893,0.0002688542440204411,0.00025742158943034706,0.001497850482545124,0.0006701060106721914
8420,4,4,0.997950847560638,0.0004460697217463033,0.0002927673909605042,0.0005314347194590604,0.997950847560638,0.0003574545537814794,0.00042142605341464784
8422,1,1,0.9983466255786729,0.9983466255786729,0.00019279214311038482,0.0003342704527518425,0.00047916726900678106,0.00024780062031935383,0.00039934393613868407
8424,1,1,0.998178959605364,0.998178959605364,0.000267537459276926,0.00030827668590256246,0.0004030929023856152,0.0003783550218751634,0.00046377832519580044
8425,2,2,0.9978397696401365,0.00028691926255683994,0.9978397696401365,0.0004112829960193291,0.0002666952128700315,0.0005922966415376025,0.000603036246879618
8426,1,1,0.9983580492839167,0.9983580492839167,0.0002194190234108138,0.0003648442573047688,0.0003869847074518362,0.00028554661431057026,0.0003851561136053969
8427,1,1,0.9982048022226125,0.9982048022226125,0.00019980711884175407,0.0004610869393757145,0.0004361272330688119,0.00032513622774407464,0.0003730402583570609
8429,3,3,0.998024551260439,0.0003461859777846157,0.0003994533199990048,0.998024551260439,0.0004485999091971694,0.00039986819508902854,0.00038134133749119427
8430,2,2,0.9977344851213475,0.00035105080160972705,0.9977344851213475,0.00045102517166337907,0.0003629000485152791,0.00044725119043842617,0.0006532876664257291
8432,4,4,0.99789060174765,0.0004214390068045776,0.0003579589788411834,0.0005541097876388115,0.99789060174765,0.0003914380486775992,0.00038445243038790904
8433,6,6,0.9944934713856334,0.001412634719165405,0.0014918340406205731,0.000915510800704174,0.0004270209699915577,0.0012595280838849075,0.9944934713856334
8434,5,5,0.995536157003209,0.0014397942979726011,0.0008562457518221715,0.00037102252453134597,0.00037114409123947464,0.995536157003209,0.0014256363312253886
8436,3,3,0.998011295730161,0.00034052129933593553,0.0004463341898571204,0.998011295730161,0.0005028848278274238,0.00035738021808326604,0.00034158373473521756
8437,4,4,0.9979189917416308,0.0004371264752460946,0.0003403033196838267,0.0004952875751546668,0.9979189917416308,0.0004377678946220379,0.00037052299366254306
8438,1,1,0.9983754899107353,0.9983754899107353,0.00021536668789610088,0.00029758209010420606,0.00038449309011483646,0.0002703707924107063,0.0004566974287388961
8440,3,3,0.9980215865389922,0.00031828655697374044,0.00039488815764291096,0.9980215865389922,0.00046515708504893627,0.00036164099000309625,0.00043844067133916157
8441,5,5,0.9964606905116904,0.0004670553081239335,0.0005538529778065638,0.0008600654602140089,0.0005349030067290809,0.9964606905116904,0.0011234327354360733
8442,3,3,0.9980213460581336,0.00037827545787376117,0.00043764828955957836,0.9980213460581336,0.00043913060582543754,0.00038062201236931266,0.00034297757623830735
8443,5,5,0.996808933628937,0.0006136106017375665,0.0006909323769565714,0.00043305844340216747,0.0005029186077661021,0.996808933628937,0.0009505463412006655
8444,1,1,0.9982239968393648,0.9982239968393648,0.00020253022151857727,0.00034149299687375465,0.00041508575137182765,0.00027244428125577523,0.0005444499096152782
8445,4,4,0.9980456669312809,0.0004530872029369359,0.0003470989412481309,0.00048354447743769667,0.9980456669312809,0.000361933658159585,0.00030866878893669246
8446,5,5,0.9965047639089393,0.0004653843551507056,0.0007889991819241711,0.0004832827739699195,0.00043794928066765684,0.9965047639089393,0.001319620499348328
8447,2,2,0.9978342834697085,0.0002584771183995655,0.9978342834697085,0.00047432116983323633,0.0003187884343845984,0.0006123870373872068,0.0005017427702869306
8448,6,6,0.9945046980338652,0.0014320094877043191,0.0014436276211955115,0.0009022991319437068,0.00042265193726639456,0.001294713788024902,0.9945046980338652
8449,2,2,0.9978412834994135,0.00029543774626444836,0.9978412834994135,0.00048173063888672465,0.0003119534160590661,0.0005430168548345401,0.0005265778445419242
8451,3,3,0.9979588129975095,0.0003763903059366964,0.0004176032521064093,0.9979588129975095,0.0004928378787357098,0.0003898140698378704,0.0003645414958738138
8452,5,5,0.9966060832465612,0.0008373121144139641,0.000646545416955435,0.0004321654437412127,0.0004620761770486054,0.9966060832465612,0.001015817601279642
8453,3,3,0.9979218040164417,0.0003805613654890586,0.0005244119254267057,0.9979218040164417,0.0004910766917336918,0.00036860146746430417,0.0003135445334445471
8456,4,4,0.9980702716524926,0.0004079124077450354,0.00029413462374209073,0.0004769340896953501,0.9980702716524926,0.0003887647653935574,0.00036198246093149334
8457,6,6,0.9946254795483623,0.0013614488598231883,0.0014410476009519167,0.0009001301104106413,0.0003940368071787183,0.0012778570732731708,0.9946254795483623
