dataset_row,true_project_label,predicted_project_label,confidence,p_1_native_advertising,p_2_news_satire,p_3_propaganda,p_4_manipulation,p_5_news_parody,p_6_fabrication
0,1,1,0.9999972005024048,0.9999972005024048,1.5059577368980083e-11,7.612537138315406e-09,1.7092572296494004e-10,2.7916990727323984e-06,7.2379524172169e-34
1,1,1,0.999997195615323,0.999997195615323,1.5096609102892763e-11,7.633852782792e-09,1.7135577531521947e-10,2.79656437186289e-06,7.276392852631838e-34
2,1,1,0.9999971973783238,0.9999971973783238,1.510138241053615e-11,7.624054631746234e-09,1.7124576761982827e-10,2.794811274362462e-06,7.329032850453836e-34
3,5,5,0.9872247520004389,5.07061814886707e-05,0.0009507258896622075,2.4470118525955305e-07,3.5905588058667926e-05,0.9872247520004389,0.011737665639166374
4,6,6,0.9674223818536052,0.005906913611287658,0.005898468587710715,0.007332434021515382,4.8502214822743725e-05,0.01339129971105836,0.9674223818536052
5,5,5,0.9871821497299036,5.08169543035042e-05,0.0009442271776409374,2.4475147136400575e-07,3.589932480009186e-05,0.9871821497299036,0.011786662061880468
7,1,1,0.9999971980126637,0.9999971980126637,1.507600046125147e-11,7.627143977107398e-09,1.7125328339241385e-10,2.7941738629880653e-06,7.254334012278095e-34
8,2,2,0.9859654780608439,3.841064468766605e-06,0.9859654780608439,0.005081232790813402,4.975302439475697e-06,0.008944472781434532,2.3155675975851136e-23
9,4,4,0.9999361813604547,1.868567062823282e-05,7.988772286160705e-07,2.596549323095377e-05,0.9999361813604547,1.836859845754926e-05,4.376030346882491e-22
10,4,4,0.9999362579526543,1.8684344290018616e-05,7.984199539510958e-07,2.5905368363879747e-05,0.9999362579526543,1.835391473780227e-05,4.36748520170474e-22
11,4,4,0.999936264972594,1.867880996022702e-05,7.98723845073987e-07,2.590392251902728e-05,0.999936264972594,1.8353571081620495e-05,4.364223151018907e-22
12,6,6,0.9675444941898238,0.0058787225229294145,0.005877079102508046,0.007300657573548496,4.828297046737889e-05,0.013350763640722805,0.9675444941898238
13,1,1,0.9999972007035715,0.9999972007035715,1.507410049310898e-11,7.605865607090771e-09,1.708477923545769e-10,2.7915046411360234e-06,7.30319720504658e-34
15,2,2,0.9859499689437492,3.845455812119305e-06,0.9859499689437492,0.005075324931956723,4.983377462952372e-06,0.008965877291019065,2.340842604512695e-23
16,2,2,0.9857738417806985,3.927764913158652e-06,0.9857738417806985,0.005169058897624252,5.07622339205497e-06,0.009048095333371977,2.3781540580865852e-23
19,4,4,0.9999361999330503,1.86900996444297e-05,7.989560824916851e-07,2.594468721164248e-05,0.9999361999330503,1.8366324011197128e-05,4.379824665758239e-22
20,1,1,0.9999972044924909,0.9999972044924909,1.5035151088174154e-11,7.598964236190427e-09,1.7065454045891826e-10,2.787722855245953e-06,7.232570594939722e-34
21,3,3,0.9999999999969246,1.6186526716345745e-13,5.202668012667233e-21,0.9999999999969246,1.0575360796274896e-14,2.902987036165409e-12,1.9660674974708414e-35
22,1,1,0.9999971716840466,0.9999971716840466,1.5354312057866478e-11,7.72896460558961e-09,1.7346797970315413e-10,2.8203981665636624e-06,7.676663217794361e-34
24,5,5,0.986979639941607,5.0917852567915836e-05,0.0009361094821726242,2.4569014911700006e-07,3.589149419180358e-05,0.986979639941607,0.011997195539311525
25,4,4,0.9999363039319223,1.867404224916045e-05,7.983626034843837e-07,2.5883550323900768e-05,0.9999363039319223,1.8340112901186e-05,4.373834786996338e-22
26,4,4,0.9999360617900067,1.8725709211998934e-05,8.011146167978794e-07,2.600343566394658e-05,0.9999360617900067,1.840795050059857e-05,4.395386015684675e-22
27,4,4,0.9999361453361338,1.8693614330103347e-05,7.989825087729252e-07,2.598840417395513e-05,0.9999361453361338,1.8373662853275515e-05,4.3748911588816915e-22
28,6,6,0.967542575724274,0.005872198817447824,0.00587528539856766,0.007313343875474873,4.826239088616774e-05,0.013348333793349517,0.967542575724274
29,4,4,0.9999362353541758,1.8696609227302177e-05,7.987309306963489e-07,2.591228812251802e-05,0.9999362353541758,1.8357017543730988e-05,4.377315771226617e-22
30,1,1,0.9999972022661789,0.9999972022661789,1.505255459373811e-11,7.607737728492911e-09,1.7080318614982165e-10,2.7899402275925513e-06,7.235100978081062e-34
31,1,1,0.9999972000521172,0.9999972000521172,1.505461499710373e-11,7.617903965636489e-09,1.709969175823901e-10,2.792143927285131e-06,7.223611488890422e-34
32,5,5,0.9869887038801582,5.0866211287457396e-05,0.0009404838962563271,2.441683428436698e-07,3.5900236794331605e-05,0.9869887038801582,0.011983801607160808
34,5,5,0.9871491295753986,5.0911449027877503e-05,0.0009406719552507162,2.4602562164542935e-07,3.596256432717077e-05,0.9871491295753986,0.011823078430374051
38,6,6,0.9674510547571873,0.005906519871061101,0.005891195191339006,0.007323821046953622,4.844404611321172e-05,0.013378965087345871,0.9674510547571873
40,4,4,0.9999361521526134,1.872348006795897e-05,8.004767176328263e-07,2.5934580332092914e-05,0.9999361521526134,1.8389310268879914e-05,4.388843732722998e-22
41,2,2,0.9856555223757448,3.951502255095002e-06,0.9856555223757448,0.005177610160005188,5.098483066493553e-06,0.009157817478928455,2.4937355176996946e-23
43,4,4,0.9999361560647059,1.8722675788381734e-05,7.990389119152211e-07,2.594579135067196e-05,0.9999361560647059,1.8376429243198303e-05,4.374208580899413e-22
44,5,5,0.9870202598152121,5.108472494895292e-05,0.0009496880754064419,2.459657389249212e-07,3.598400490408932e-05,0.9870202598152121,0.011942737413789527
46,5,5,0.9871129558431837,5.0937926941534635e-05,0.000936198993646389,2.4627900230296377e-07,3.593754037071131e-05,0.9871129558431837,0.011863723416855352
48,1,1,0.9999972005954235,0.9999972005954235,1.5077084178516515e-11,7.611520383324208e-09,1.7095622311461455e-10,2.7916070228141045e-06,7.266472086435894e-34
49,1,1,0.999997193761109,0.999997193761109,1.5146787206636274e-11,7.641718001866792e-09,1.715072506745764e-10,2.7984105189507555e-06,7.39954533591917e-34
50,2,2,0.9859945175921474,3.835706789677704e-06,0.9859945175921474,0.005047632632979657,4.968878800227673e-06,0.008949045189283173,2.3631888132017415e-23
51,4,4,0.999936236013247,1.8682230194065908e-05,7.98665968934075e-07,2.592731310493469e-05,0.999936236013247,1.83557774851553e-05,4.370246265001049e-22
52,6,6,0.9654637932136401,0.006214926393902789,0.006275379744000248,0.007786796344211601,5.137178506684941e-05,0.014207732519178513,0.9654637932136401
54,6,6,0.9531280149697349,0.008177292538277741,0.008224162297349942,0.011045135614557281,6.938611234229343e-05,0.01935600846773793,0.9531280149697349
56,4,4,0.9999361740057844,1.8706709756532413e-05,7.991282161351777e-07,2.5946941103352642e-05,0.9999361740057844,1.8373215139618958e-05,4.370219250352324e-22
57,2,2,0.9859253312972547,3.857448745513838e-06,0.9859253312972547,0.005101322334442737,4.992720716195889e-06,0.008964496198840823,2.3157090394236596e-23
58,4,4,0.9999360832388735,1.87279797103018e-05,8.010225397859712e-07,2.597572907876389e-05,0.9999360832388735,1.841202979764672e-05,4.40341577020484e-22
59,3,3,0.9999999999969198,1.6224221836618347e-13,5.2208951040241494e-21,0.9999999999969198,1.0603437396866808e-14,2.907350583704003e-12,1.968903232649974e-35
60,2,2,0.985940992241308,3.8557966259581005e-06,0.985940992241308,0.005092685381462345,4.9871561822954865e-06,0.008957479424421383,2.317147495281284e-23
62,2,2,0.9860233406024282,3.82567256820072e-06,0.9860233406024282,0.005035660291797902,4.957870103881575e-06,0.008932215563101805,2.353114726516853e-23
63,4,4,0.9999359261438614,1.874676241716674e-05,8.015973511371305e-07,2.608224901273398e-05,0.9999359261438614,1.844324735757066e-05,4.403277320832094e-22
66,2,2,0.9859866380423957,3.838956419599766e-06,0.9859866380423957,0.0050703298422153905,4.9713329846344365e-06,0.008934221825984696,2.3109730605838003e-23
67,6,6,0.9675079307356944,0.005892365748511991,0.005888038896577124,0.007309014844376147,4.83452068339878e-05,0.013354304568006353,0.9675079307356944
68,4,4,0.9999361628130423,1.870594591073019e-05,7.988071358860074e-07,2.5960415072341317e-05,0.9999361628130423,1.8372018838648353e-05,4.382641799546393e-22
69,5,5,0.9869532541033423,5.091629114506327e-05,0.0009393280971513806,2.447882257691296e-07,3.5911221059005494e-05,0.9869532541033423,0.012020345499076521
70,3,3,0.9999999999969286,1.6164392093935775e-13,5.192515231185771e-21,0.9999999999969286,1.056609363427368e-14,2.8992411476666317e-12,1.9641512932367619e-35
71,2,2,0.9859784318297297,3.841317130252208e-06,0.9859784318297297,0.005073319060655456,4.972049633029958e-06,0.008939435742851703,2.3088031879943995e-23
72,4,4,0.999936165328424,1.869463021763996e-05,7.997261613780071e-07,2.596266237745948e-05,0.999936165328424,1.8377652819535724e-05,4.393319237488709e-22
74,1,1,0.9999966380912848,0.9999966380912848,2.0879669181162783e-11,9.81332032128622e-09,2.171989537966729e-10,3.3518573164793544e-06,2.031263644430139e-33
76,2,2,0.9860043955629049,3.832101601909621e-06,0.9860043955629049,0.005059349678954652,4.9610005759286095e-06,0.008927461655962657,2.3201691479712104e-23
77,4,4,0.9999362790296538,1.8670776541812033e-05,7.982655251796494e-07,2.5908370393148898e-05,0.9999362790296538,1.8343557886136417e-05,4.367736701780189e-22
78,5,5,0.9870581872869021,5.097633840299268e-05,0.0009354930655838504,2.4588097961135914e-07,3.591666803210312e-05,0.9870581872869021,0.011919180760099367
79,5,5,0.9870126054596416,5.092933657160582e-05,0.0009393033413997844,2.448681143964396e-07,3.5933937382139313e-05,0.9870126054596416,0.011960983056890513
80,1,1,0.9999971893043872,0.9999971893043872,1.51234209526008e-11,7.658369605473696e-09,1.7192673905875e-10,2.8028501931503042e-06,7.2929195192274084e-34
82,6,6,0.96696003549816,0.005988969431394273,0.005985133895510304,0.007414943924969662,4.919153525030962e-05,0.013601725714715398,0.96696003549816
85,6,6,0.9663791678039655,0.006108616935723278,0.006065004161361113,0.007574298507494141,5.0157031518224805e-05,0.013822755559937804,0.9663791678039655
86,1,1,0.9999971970573888,0.9999971970573888,1.5078729407838675e-11,7.627753820044424e-09,1.712209407758778e-10,2.795128557763423e-06,7.250873750869674e-34
88,6,6,0.9668809476990832,0.006010354909481057,0.0059854995917523034,0.007451468278189082,4.9351071068730696e-05,0.013622378450425635,0.9668809476990832
89,4,4,0.9999361067261757,1.8727833799387714e-05,7.994032949735982e-07,2.5977301651326543e-05,0.9999361067261757,1.838873507864166e-05,4.377038851653838e-22
90,1,1,0.999997202626592,0.999997202626592,1.5042396704737694e-11,7.606061876710469e-09,1.7081579790196778e-10,2.7895814879890908e-06,7.233468164078297e-34
95,5,5,0.9870551622120075,5.0846086213728784e-05,0.000942146714707527,2.441484979289766e-07,3.590756530261577e-05,0.9870551622120075,0.011915693273270663
96,4,4,0.9999361554805065,1.872058662752655e-05,8.003334747661084e-07,2.5937129634145733e-05,0.9999361554805065,1.8386469757079203e-05,4.408000238246577e-22
97,6,6,0.9669436902931291,0.006015083798337735,0.005976295110162653,0.00742025748895723,4.917185755089995e-05,0.013595501451862472,0.9669436902931291
98,4,4,0.9999362100042994,1.87034476106837e-05,7.987683836815502e-07,2.5926038351058364e-05,0.9999362100042994,1.836174135514761e-05,4.373852138333731e-22
99,6,6,0.967446735728065,0.005904974419691256,0.005897291626077237,0.007320098381760986,4.843039321242276e-05,0.01338246945119308,0.967446735728065
101,6,6,0.9673883494652609,0.005913017576517571,0.0058994363033974115,0.007348281678341697,4.8468603092798247e-05,0.01340244637338968,0.9673883494652609
102,5,5,0.986995595987524,5.075784957171589e-05,0.0009449181814034994,2.4415620382000437e-07,3.588995492315555e-05,0.986995595987524,0.011972593870373896
105,2,2,0.9858147842173949,3.900968212315022e-06,0.9858147842173949,0.005139632348215587,5.0460443676983195e-06,0.00903663642180956,2.373294106481204e-23
106,2,2,0.98597572561545,3.840261986933685e-06,0.98597572561545,0.005075445861262889,4.972050783494639e-06,0.008940016210516665,2.3100415175655518e-23
107,4,4,0.9999360244196588,1.872019003969693e-05,7.980439410848321e-07,2.6065520897197804e-05,0.9999360244196588,1.8391825463289147e-05,4.369735671797037e-22
109,5,5,0.9869516606453048,5.089972871395237e-05,0.0009399593526758859,2.4461394725221765e-07,3.590786611966695e-05,0.9869516606453048,0.012021327793238393
112,5,5,0.9869901632888448,5.078311962310691e-05,0.0009403426593533168,2.4398684585271166e-07,3.58684713488329e-05,0.9869901632888448,0.011982598473984045
113,6,6,0.9670719780893903,0.005972369526118593,0.005957148264312993,0.0074109798323141116,4.90809930139218e-05,0.013538443294850176,0.9670719780893903
115,4,4,0.9999362054972004,1.870160000263676e-05,7.993790589961216e-07,2.5924528647333314e-05,0.9999362054972004,1.8368995090676198e-05,4.377868059596732e-22
116,5,5,0.9872122439182868,5.115075020207536e-05,0.000943509662396303,2.4810431837486465e-07,3.603638510544931e-05,0.9872122439182868,0.011756811179691068
117,2,2,0.985909474525612,3.874173812376598e-06,0.985909474525612,0.005073126565252659,5.011486865739587e-06,0.009008513248457329,2.444108224255241e-23
119,3,3,0.9999999999968796,1.6440812754221282e-13,5.3212306465700225e-21,0.9999999999968796,1.0726424826108693e-14,2.9451644725688e-12,2.0265142416147673e-35
120,5,5,0.9869819398141076,5.08792555074744e-05,0.0009470997146254333,2.4427502419670685e-07,3.5907887887733395e-05,0.9869819398141076,0.011983929052847541
123,6,6,0.9664798483414566,0.006100097049276026,0.006044675372702465,0.007545200476742558,4.9945621895793025e-05,0.013780233137926586,0.9664798483414566
125,4,4,0.9999362531522367,1.867730183692389e-05,7.978681829697474e-07,2.5928120076527036e-05,0.9999362531522367,1.834355766699407e-05,4.365026589130132e-22
126,1,1,0.9999971975972104,0.9999971975972104,1.5072586651968016e-11,7.629346334629461e-09,1.7120481834579915e-10,2.794587165763012e-06,7.266085596623336e-34
127,1,1,0.9999971650619872,0.9999971650619872,1.535022929820933e-11,7.770312995903441e-09,1.7393193751728315e-10,2.8269784176675168e-06,7.652724078873637e-34
128,5,5,0.9872120308203155,5.106760316274486e-05,0.0009342610571755754,2.481271733909258e-07,3.5964577179327346e-05,0.9872120308203155,0.011766427814993465
129,2,2,0.9856510294661217,3.946758460482025e-06,0.9856510294661217,0.005224090312579921,5.092691328640289e-06,0.009115840771509327,2.4448201972277178e-23
130,2,2,0.9859810519458755,3.8364504919337265e-06,0.9859810519458755,0.005012922875690795,4.975724696658987e-06,0.008997213003245172,2.4336576834214842e-23
132,1,1,0.9999971970424131,0.9999971970424131,1.5080520372115872e-11,7.625464619106712e-09,1.7126906284975802e-10,2.7951457727212144e-06,7.265736365812871e-34
133,5,5,0.9871333826072823,5.0773956749116506e-05,0.0009505157448639227,2.4525666873692824e-07,3.593057339358744e-05,0.9871333826072823,0.011829151861042324
134,2,2,0.9859699046345958,3.842095780202035e-06,0.9859699046345958,0.00507798548478289,4.973994727033582e-06,0.008943293790114134,2.3148713734126837e-23
135,3,3,0.9999999999969179,1.6242726877511875e-13,5.223801688484346e-21,0.9999999999969179,1.0617385574775979e-14,2.9089752786554647e-12,1.970592678809126e-35
136,3,3,0.9999999999969159,1.6262272272555063e-13,5.228688139926468e-21,0.9999999999969159,1.0614842826920537e-14,2.910787386326312e-12,1.9715692762996495e-35
137,3,3,0.9999999999969108,1.6292930737030784e-13,5.246341877548785e-21,0.9999999999969108,1.0650004535092839e-14,2.915561422449228e-12,1.9758918959814764e-35
138,6,6,0.967653172568774,0.005871267580716659,0.0058579853184918896,0.007268520715061688,4.809376076022317e-05,0.013300960056195512,0.967653172568774
141,3,3,0.9999999999969216,1.6207842291192765e-13,5.206072460949074e-21,0.9999999999969216,1.0581171831549466e-14,2.905735602689066e-12,1.970034646478434e-35
142,6,6,0.96736235929745,0.005918438876269195,0.0059042170592211165,0.007353594346825627,4.860175666230783e-05,0.013412788663571899,0.96736235929745
143,2,2,0.9859502843323582,3.847082128245664e-06,0.9859502843323582,0.005072873843209933,4.984084802066056e-06,0.00896801065750157,2.3400018470282074e-23
146,3,3,0.9999999999969236,1.6207917020527182e-13,5.203361760161325e-21,0.9999999999969236,1.0581665835500317e-14,2.9037435201671108e-12,1.9639421938784693e-35
147,4,4,0.9999360924285873,1.8743906527903206e-05,8.011968306951634e-07,2.5956648911148082e-05,0.9999360924285873,1.8405819143071784e-05,4.394535168418082e-22
148,1,1,0.9999971835706138,0.9999971835706138,1.516123908735518e-11,7.672634806890194e-09,1.7222584721522368e-10,2.8085693641717096e-06,7.378525396603769e-34
149,3,3,0.9999999999969268,1.6185879859264472e-13,5.1997106093789054e-21,0.9999999999969268,1.0582136320579877e-14,2.9007812605549563e-12,1.9626497534251786e-35
150,3,3,0.9999999999968698,1.652487596563734e-13,5.358821646846645e-21,0.9999999999968698,1.0850530349748183e-14,2.954126260476258e-12,2.0212832263406837e-35
151,6,6,0.9667229511921888,0.0060225704298993,0.00602472363291704,0.007504733516406407,4.9530129777214306e-05,0.01367549109881126,0.9667229511921888
152,6,6,0.9665151122751556,0.006065784980839351,0.006037680395724781,0.007559060602497259,4.990010359193007e-05,0.013772461642191067,0.9665151122751556
153,4,4,0.9999361917839031,1.870507508414469e-05,7.988910599658025e-07,2.5934871150222634e-05,0.9999361917839031,1.8369378802555885e-05,4.370318014198284e-22
154,3,3,0.9999999999969209,1.622474425461713e-13,5.214467805793468e-21,0.9999999999969209,1.0600648429028965e-14,2.906328208088064e-12,1.9676957749473728e-35
159,3,3,0.9999999999969242,1.6205830458964785e-13,5.208773857974864e-21,0.9999999999969242,1.0593891384747332e-14,2.9031738967705926e-12,1.9624468680865457e-35
160,1,1,0.9999971579678898,0.9999971579678898,1.5509576356712602e-11,7.773783622214707e-09,1.7438143907314185e-10,2.834068435674704e-06,7.945425444409788e-34
162,2,2,0.9859537427805122,3.852300118080425e-06,0.9859537427805122,0.005084434450971068,4.984624786312108e-06,0.008952985843612466,2.3194203074553514e-23
163,6,6,0.9673107177574093,0.005931848798678435,0.005919435994367027,0.007350688835581411,4.865663386243617e-05,0.013438651980101407,0.9673107177574093
164,1,1,0.9999972004320877,0.9999972004320877,1.506277862339713e-11,7.610478653797887e-09,1.7095882123104512e-10,2.7917714121050344e-06,7.261286376506995e-34
166,3,3,0.9999999999969255,1.6191397032101988e-13,5.1996648016531796e-21,0.9999999999969255,1.0573615759770276e-14,2.902095351208915e-12,1.962414787495718e-35
167,6,6,0.9663851724195719,0.006103239119394776,0.006068731178987704,0.007568990178487775,5.005333925799178e-05,0.013823813764299878,0.9663851724195719
168,1,1,0.9999972002003578,0.9999972002003578,1.5073126097471956e-11,7.613341294436337e-09,1.7090532228646734e-10,2.7920003225662346e-06,7.257948121108726e-34
169,3,3,0.9999999999969228,1.6210597093053122e-13,5.2092802066354676e-21,0.9999999999969228,1.0585744973024156e-14,2.9045797210311506e-12,1.9646597854169387e-35
171,2,2,0.985987015816708,3.835672329930106e-06,0.985987015816708,0.005069457701648439,4.966060624978441e-06,0.008934724748688666,2.3130266925407623e-23
172,6,6,0.9668302732647084,0.006023976744474351,0.005986666876790799,0.007468712692643182,4.941094987940564e-05,0.013640959471503825,0.9668302732647084
173,2,2,0.9858595297440848,3.887443375901169e-06,0.9858595297440848,0.005123714558076876,5.019211843853109e-06,0.009007849042618641,2.4285991680523187e-23
174,1,1,0.9999972032677628,0.9999972032677628,1.504148350059125e-11,7.604285544068954e-09,1.7075431799440033e-10,2.7889421558851336e-06,7.224041967481918e-34
175,2,2,0.9859885363516546,3.838751428713869e-06,0.9859885363516546,0.005066081582015879,4.970636929104407e-06,0.008936572677971554,2.3225145838653855e-23
177,6,6,0.9639228012824501,0.0065615154514242525,0.006452621682641633,0.008160934458579223,5.461713856505018e-05,0.014847509986339812,0.9639228012824501
178,1,1,0.999997201424609,0.999997201424609,1.5069918842407754e-11,7.610345612854315e-09,1.7092943595569128e-10,2.790779046062497e-06,7.27045462230463e-34
179,3,3,0.9999999999969197,1.6220786643537205e-13,5.211453505119183e-21,0.9999999999969197,1.0596348672512845e-14,2.9076119006270314e-12,1.9726722219166976e-35
180,3,3,0.9999999999969273,1.6186299790982573e-13,5.197117518273877e-21,0.9999999999969273,1.0571722639388018e-14,2.9002533389122907e-12,1.9632018096139614e-35
181,1,1,0.9999972015455424,0.9999972015455424,1.5059361705876938e-11,7.606941116062331e-09,1.7084057138188148e-10,2.7906616165501855e-06,7.2520994291563025e-34
185,2,2,0.9857946725519601,3.911645286497727e-06,0.9857946725519601,0.005032214400660904,5.065043239943422e-06,0.009164136358852644,2.611868473009442e-23
186,1,1,0.9999971937413165,0.9999971937413165,1.5091041779091766e-11,7.63638262312726e-09,1.7143449119881533e-10,2.7984357753918125e-06,7.269065590176677e-34
187,3,3,0.9999999999969273,1.617991258840433e-13,5.197637071898492e-21,0.9999999999969273,1.0571150393087755e-14,2.9004004742449936e-12,1.9610415481402884e-35
191,6,6,0.9674466667910263,0.005895849150058152,0.005881224001612339,0.007333540941636887,4.843949102798417e-05,0.013394279624638385,0.9674466667910263
194,3,3,0.9999999999969228,1.622074007598599e-13,5.208254550492815e-21,0.9999999999969228,1.0592477404718754e-14,2.9044323870371453e-12,1.963532904237207e-35
195,1,1,0.9999972032342528,0.9999972032342528,1.5044287814924446e-11,7.605391902501328e-09,1.7068072896759233e-10,2.788974630318058e-06,7.248660356450349e-34
197,3,3,0.9999999999969169,1.626238551502105e-13,5.226051684792046e-21,0.9999999999969169,1.0622459518091134e-14,2.9098309573778017e-12,1.968689705794689e-35
198,1,1,0.9999972003462689,0.9999972003462689,1.50803765677189e-11,7.613380990223113e-09,1.7099713199874543e-10,2.7918542725531685e-06,7.255173336238541e-34
199,3,3,0.9999999999969077,1.6314992433360693e-13,5.254219494949697e-21,0.9999999999969077,1.066919730222753e-14,2.9184568917378687e-12,1.9769992425873584e-35
200,5,5,0.9871229759969318,5.107181972509972e-05,0.0009473482154558202,2.4596742984139236e-07,3.5971071096493295e-05,0.9871229759969318,0.01184238692936103
202,1,1,0.9999971843044585,0.9999971843044585,1.5251697093187263e-11,7.67316607403549e-09,1.7233517810093634e-10,2.8078347886006836e-06,7.56351180755273e-34
204,1,1,0.9999971980065302,0.9999971980065302,1.5073978307923287e-11,7.620445236934418e-09,1.7112752602875865e-10,2.79418682299785e-06,7.242953685817562e-34
209,5,5,0.9871398934724618,5.0897618287158306e-05,0.0009416813405834481,2.4528692092628124e-07,3.5920926587126296e-05,0.9871398934724618,0.011831361355159624
210,5,5,0.9870525628188427,5.083207360017952e-05,0.0009411938951365561,2.4449532138272487e-07,3.589911013021205e-05,0.9870525628188427,0.011919267606969016
211,2,2,0.9859510032424863,3.844091334681288e-06,0.9859510032424863,0.005086588109306957,4.9780819688528746e-06,0.008953586474903236,2.3167579303360243e-23
212,4,4,0.9999361180113217,1.8743583284880573e-05,8.006070177032313e-07,2.5940939342776562e-05,0.9999361180113217,1.8396859033009587e-05,4.391095639407192e-22
214,5,5,0.9869547112046564,5.087557038949507e-05,0.0009435832150496048,2.445625787810021e-07,3.5913000639440886e-05,0.9869547112046564,0.012014672446686317
215,1,1,0.9999972006755676,0.9999972006755676,1.5067645922273978e-11,7.617081992734103e-09,1.709699762874343e-10,2.7915213128611637e-06,7.253554612888921e-34
216,3,3,0.9999999999969228,1.6200091693593475e-13,5.203745370915269e-21,0.9999999999969228,1.0579719188270698e-14,2.904629360628321e-12,1.9659719772602212e-35
218,1,1,0.9999971932627877,0.9999971932627877,1.509390183942244e-11,7.648022869707533e-09,1.715519589473905e-10,2.798902543474776e-06,7.264305034154181e-34
219,1,1,0.9999971447354354,0.9999971447354354,1.5619466010096365e-11,7.825315435320234e-09,1.7551459950991463e-10,2.8472481150367216e-06,8.103140961437163e-34
221,1,1,0.9999971895833122,0.9999971895833122,1.5116249160816304e-11,7.659147631292648e-09,1.718350499344654e-10,2.802570588829303e-06,7.293101084264463e-34
222,5,5,0.9869678577612733,5.087305200049271e-05,0.000938556371548029,2.44158881132732e-07,3.588365467491353e-05,0.9869678577612733,0.012006585001622223
223,4,4,0.9999362226919891,1.8681582082092592e-05,7.977860282082284e-07,2.594796446499546e-05,0.9999362226919891,1.834997543569075e-05,4.362420411268384e-22
224,3,3,0.9999999999969227,1.6212489565166994e-13,5.20805653999163e-21,0.9999999999969227,1.0588363145528631e-14,2.904720158530805e-12,1.9644426592750425e-35
225,4,4,0.9999362496132674,1.868584683116424e-05,7.988876245727025e-07,2.590890095106415e-05,0.9999362496132674,1.8356751325748796e-05,4.3716544116514265e-22
227,3,3,0.9999999999969253,1.619766642358175e-13,5.203283630927419e-21,0.9999999999969253,1.058466478222296e-14,2.9021941658196545e-12,1.961944492846929e-35
228,6,6,0.9665018483846441,0.006088490477184165,0.006054905841423599,0.007529182083666777,4.9839132960166384e-05,0.013775734080121138,0.9665018483846441
229,5,5,0.9874021621774898,5.101167533060959e-05,0.0009476429031773055,2.4690796918282753e-07,3.59947921566345e-05,0.9874021621774898,0.011562941543876491
231,5,5,0.9870526873416137,5.1014881833902134e-05,0.0009385986698827521,2.454278369765908e-07,3.5946441835473574e-05,0.9870526873416137,0.01192150723699729
232,5,5,0.987127471634645,5.0935564018727514e-05,0.0009472985992170012,2.454039980319834e-07,3.594240650029105e-05,0.987127471634645,0.011838106391621077
233,1,1,0.9999972001424585,0.9999972001424585,1.5056481277312564e-11,7.617406923880647e-09,1.710764041025136e-10,2.7920540016467213e-06,7.230401924226913e-34
234,6,6,0.9663018758099591,0.006126912513868727,0.006090629068563674,0.007570692586754683,5.0153601515004085e-05,0.013859736419338832,0.9663018758099591
235,2,2,0.985948314207442,3.849515785248403e-06,0.985948314207442,0.005081047916991448,4.984459099735644e-06,0.00896180390068155,2.3420218008990026e-23
236,3,3,0.9999999999968284,1.673598023066416e-13,5.476439317266952e-21,0.9999999999968284,1.0919609492015245e-14,2.993348631463043e-12,2.1072701000380457e-35
239,5,5,0.9870493320273986,5.098819576197057e-05,0.0009401706133704707,2.4485408510719744e-07,3.593754819907457e-05,0.9870493320273986,0.011923326761184683
243,3,3,0.9999999999969241,1.6205149401644814e-13,5.203143292326851e-21,0.9999999999969241,1.0581923233710079e-14,2.9032419510749325e-12,1.9635699908883754e-35
244,2,2,0.9858632540423334,3.894736222343177e-06,0.9858632540423334,0.005126340287126673,5.02667826465043e-06,0.009001484256052935,2.3745439650748632e-23
246,3,3,0.99999999999693,1.6167391195138677e-13,5.189932011589336e-21,0.99999999999693,1.0566314697093355e-14,2.8978040941896636e-12,1.9592760079518217e-35
248,4,4,0.9999360481192158,1.8706304214323556e-05,7.992446140460261e-07,2.6051399381159486e-05,0.9999360481192158,1.839493257473662e-05,4.381264462536369e-22
249,3,3,0.9999999999969257,1.61906074838292e-13,5.199384391019079e-21,0.9999999999969257,1.0575417797221787e-14,2.9019239888199154e-12,1.9642155256501764e-35
250,3,3,0.9999999999969235,1.620182630102249e-13,5.2021137384494775e-21,0.9999999999969235,1.0576468710445251e-14,2.9039837612029183e-12,1.9661365134852162e-35
251,1,1,0.9999971723532536,0.9999971723532536,1.5348647057073e-11,7.729775928532982e-09,1.7338282536801632e-10,2.8197282390414685e-06,7.694082979409009e-34
252,4,4,0.9999362693097273,1.867893425592326e-05,7.985102051636908e-07,2.5902582092778645e-05,0.9999362693097273,1.8350663718795214e-05,4.367629091042181e-22
253,2,2,0.9860068276199118,3.834376620254751e-06,0.9860068276199118,0.0050576182848184655,4.962337066094607e-06,0.008926757381583402,2.3187858332148285e-23
254,3,3,0.9999999999969219,1.620567071754147e-13,5.206680331484199e-21,0.9999999999969219,1.0580658537022286e-14,2.9054572308478475e-12,1.9678853742687204e-35
258,3,3,0.9999999999968988,1.6317593349049663e-13,5.26012506262551e-21,0.9999999999968988,1.0655110497706917e-14,2.9273607581569724e-12,2.0026620657940976e-35
259,3,3,0.9999999999969094,1.6268945713700782e-13,5.2318078969466385e-21,0.9999999999969094,1.0621604443205681e-14,2.917279359616756e-12,1.9866486794270677e-35
260,2,2,0.985864591010333,3.860894065832302e-06,0.985864591010333,0.0051137268318390845,5.003310531051995e-06,0.009012817953231026,2.3638309017212123e-23
261,6,6,0.9671777466541109,0.005949093850688221,0.005931914908345943,0.007405195735162246,4.887479669618692e-05,0.013487174054996432,0.9671777466541109
262,3,3,0.9999999999969309,1.6153431889839247e-13,5.183524649905377e-21,0.9999999999969309,1.0551669829040825e-14,2.896967744883953e-12,1.958739977270636e-35
266,5,5,0.9871390662966849,5.0922153756572346e-05,0.0009430574466369111,2.448791047460602e-07,3.594100442257325e-05,0.9871390662966849,0.011830768219394425
267,1,1,0.9999971993814137,0.9999971993814137,1.506780932058003e-11,7.612924468068018e-09,1.7099710449882813e-10,2.7928195967965363e-06,7.231304878941652e-34
269,3,3,0.9999999999969222,1.6218057831307916e-13,5.2091236042085746e-21,0.9999999999969222,1.0596773476746361e-14,2.9050931666622362e-12,1.9671453936490628e-35
270,4,4,0.9999362497790114,1.8675189301354228e-05,7.979051234112537e-07,2.593335624984634e-05,0.9999362497790114,1.834377031397046e-05,4.362120533669195e-22
272,6,6,0.9669223992077303,0.005998180461624357,0.005991971422246012,0.007436161977770795,4.9207601150998086e-05,0.013602079329477641,0.9669223992077303
273,3,3,0.9999999999968721,1.6451761749741702e-13,5.331637488089777e-21,0.9999999999968721,1.0738865180446791e-14,2.952743855629007e-12,2.02923814096322e-35
274,6,6,0.966611175583697,0.00605308239023384,0.006035121800498402,0.007523071853299175,4.979984932154021e-05,0.013727748522950115,0.966611175583697
275,4,4,0.9999362293186219,1.868762483387407e-05,7.9749787472746e-07,2.593813102353706e-05,0.9999362293186219,1.8347427646033927e-05,4.361799514608777e-22
277,5,5,0.9870578288841105,5.093957029083481e-05,0.0009396894899180999,2.4490492572482743e-07,3.590839436652578e-05,0.9870578288841105,0.011915388756388349
278,6,6,0.9676340968181204,0.005869346802894387,0.005865528467348972,0.0072801559398127285,4.814930177065635e-05,0.013302722670052806,0.9676340968181204
279,1,1,0.9999971941441138,0.9999971941441138,1.514271731543861e-11,7.641675387568846e-09,1.7165723607371855e-10,2.7980274108272537e-06,7.3822970538763585e-34
282,1,1,0.9999971961454234,0.9999971961454234,1.512308915518057e-11,7.631252469018169e-09,1.7128927894460158e-10,2.7960369117289885e-06,7.372778933287522e-34
284,3,3,0.9999999999969142,1.6238504562915411e-13,5.220653813565591e-21,0.9999999999969142,1.0600850340095183e-14,2.9127828259886182e-12,1.985551153787429e-35
285,3,3,0.9999999999969229,1.6206505169303672e-13,5.207658774165633e-21,0.9999999999969229,1.0586242421495587e-14,2.904438327887814e-12,1.9653240900129097e-35
286,4,4,0.9999362135783741,1.8693677174178377e-05,7.989984441284984e-07,2.5929928451263268e-05,0.9999362135783741,1.8363817556312478e-05,4.373556056293545e-22
287,5,5,0.9871656909985606,5.0951388972304894e-05,0.0009422391195869672,2.451361289372516e-07,3.5948738609475e-05,0.9871656909985606,0.011804924618141711
288,2,2,0.9859820803362005,3.8375261882508385e-06,0.9859820803362005,0.005028069647236438,4.975994956842251e-06,0.008981036495418003,2.394608565914436e-23
289,4,4,0.9999362470944071,1.868860753720102e-05,7.987191181818026e-07,2.5911568927308547e-05,0.9999362470944071,1.835401001029434e-05,4.371671630072779e-22
290,5,5,0.9872588891951287,5.078930258118522e-05,0.0009476186742218365,2.452705260538894e-07,3.5926051012412727e-05,0.9872588891951287,0.011706531506529784
291,2,2,0.9860004527032042,3.83246862001442e-06,0.9860004527032042,0.00501774317234419,4.9673211387519e-06,0.008973004334692943,2.3887811050451977e-23
292,3,3,0.9999999999969212,1.623222134829363e-13,5.210147334105777e-21,0.9999999999969212,1.0596226693681959e-14,2.905934909630185e-12,1.9650886871295913e-35
293,5,5,0.9870772586087367,5.091422399850971e-05,0.0009405102979422606,2.451068827144018e-07,3.59252891324247e-05,0.9870772586087367,0.01189514647330741
294,2,2,0.9860265440320587,3.8186099003248686e-06,0.9860265440320587,0.005044314537895951,4.95075311964012e-06,0.008920372067025341,2.310098112870891e-23
295,2,2,0.9859558743725637,3.848047832521239e-06,0.9859558743725637,0.005078111645716882,4.984947431846654e-06,0.008957180986455048,2.3375227933583842e-23
299,2,2,0.9859746440901501,3.839255861779557e-06,0.9859746440901501,0.005073586251259724,4.972962489927225e-06,0.008942957440238486,2.3106558752031145e-23
301,5,5,0.987305596137726,5.1096235220159736e-05,0.0009483583637287932,2.477495706069533e-07,3.609411544049458e-05,0.987305596137726,0.011658607398314084
304,1,1,0.9999971974655214,0.9999971974655214,1.5091597963759526e-11,7.62022509787866e-09,1.7118187415739922e-10,2.794727980016478e-06,7.291953777441497e-34
305,1,1,0.9999971993689646,0.9999971993689646,1.5063015453671323e-11,7.623217921547322e-09,1.7109959174238631e-10,2.792821654828393e-06,7.237453412044047e-34
306,6,6,0.9671907208678346,0.005942781906642428,0.00594055015730696,0.007366350421771208,4.891234752569201e-05,0.013510684298919107,0.9671907208678346
307,6,6,0.9671642388127973,0.005959404278660232,0.005934784798630542,0.007389416878349624,4.888947552128704e-05,0.013503265756040972,0.9671642388127973
308,3,3,0.9999999999969236,1.62119804116731e-13,5.209368464849254e-21,0.9999999999969236,1.0592428972047175e-14,2.9038317180619006e-12,1.9636283534717546e-35
309,5,5,0.9870161140163746,5.150071697853445e-05,0.0009558008845525633,2.5038667682953856e-07,3.617633814726647e-05,0.9870161140163746,0.011940157657270186
310,1,1,0.9999971877963095,0.9999971877963095,1.5157504666212544e-11,7.655017699225698e-09,1.718573082635483e-10,2.804361657935859e-06,7.341430546760132e-34
311,5,5,0.9875002923744998,5.0872128644851685e-05,0.000960572158287935,2.4748269094015586e-07,3.6008366126395814e-05,0.9875002923744998,0.011452007489750123
312,2,2,0.9859206016870787,3.864427878445393e-06,0.9859206016870787,0.005101841187018684,4.996587835453685e-06,0.008968696110188634,2.3242004050501343e-23
313,4,4,0.9999362550077378,1.8687446281740837e-05,7.989679887960234e-07,2.5904510576521784e-05,0.9999362550077378,1.8354067415281586e-05,4.3803330861609135e-22
314,6,6,0.9653560966839833,0.0063431329213112396,0.006227703522886532,0.00777491090275032,5.1534105596034634e-05,0.014246621863472633,0.9653560966839833
315,6,6,0.9675376908251179,0.005883049445016733,0.005873490165939838,0.007308101567328653,4.83086591314891e-05,0.01334935933746537,0.9675376908251179
317,5,5,0.9869932037599609,5.080952475791339e-05,0.0009418129908288188,2.437916566701398e-07,3.5869317048031205e-05,0.9869932037599609,0.011978060615747755
320,3,3,0.9999999999969242,1.619609403195158e-13,5.20298672773295e-21,0.9999999999969242,1.0577228128882566e-14,2.9033225035155548e-12,1.9648164545984027e-35
321,2,2,0.98592897585135,3.860171988976839e-06,0.98592897585135,0.005089330018269405,4.997274704533203e-06,0.008972836683687205,2.3400463279238646e-23
322,2,2,0.9859516733883525,3.850953375706346e-06,0.9859516733883525,0.005050959205850487,4.989656417348005e-06,0.008988526796003773,2.3954935425083575e-23
323,2,2,0.9859491036875289,3.854457817569031e-06,0.9859491036875289,0.005088174034579418,4.985898215841518e-06,0.008953881921858302,2.3200121579887615e-23
327,2,2,0.9859894295640623,3.837290707205519e-06,0.9859894295640623,0.005055242701497941,4.9697325812462905e-06,0.008946520711151294,2.3429062132801467e-23
328,3,3,0.9999999999969179,1.623488766669531e-13,5.219697285781503e-21,0.9999999999969179,1.0603754592070906e-14,2.90916981351017e-12,1.970807204168257e-35
329,2,2,0.985930891177271,3.862021064162422e-06,0.985930891177271,0.005097281250220791,4.992442957550997e-06,0.008962973108486484,2.3252727229870196e-23
330,3,3,0.9999999999969245,1.6194490897234605e-13,5.205272875473062e-21,0.9999999999969245,1.0581099080903137e-14,2.9030400937639328e-12,1.96463953037e-35
332,1,1,0.9999971927603021,0.9999971927603021,1.510112578261719e-11,7.644364648350208e-09,1.7158043357360592e-10,2.799408651641281e-06,7.272229575427728e-34
333,1,1,0.9999971998852921,0.9999971998852921,1.5063049065933642e-11,7.610599085044365e-09,1.708954496942864e-10,2.7923181504044022e-06,7.247362423733212e-34
334,2,2,0.9860143175556381,3.824570353725449e-06,0.9860143175556381,0.005049126666956464,4.957773928136411e-06,0.008927773433123586,2.32532217022807e-23
336,4,4,0.9999362154015526,1.8693992910041105e-05,7.982175541348962e-07,2.5934828132972837e-05,0.9999362154015526,1.8357559850236995e-05,4.360325154838638e-22
337,5,5,0.9875147848235163,5.138234594244456e-05,0.0009268851748131823,2.5406367534758154e-07,3.6087016456935914e-05,0.9875147848235163,0.011470606575595845
338,3,3,0.9999999999969231,1.6209891148635237e-13,5.2082857507772975e-21,0.9999999999969231,1.0587493673410472e-14,2.904212507227064e-12,1.962764486177811e-35
339,4,4,0.9999362555053659,1.8678927868772003e-05,7.985210406700588e-07,2.5917690388288875e-05,0.9999362555053659,1.834935533638932e-05,4.3725206076625735e-22
340,2,2,0.9859493200657508,3.847681912263341e-06,0.9859493200657508,0.005080297368017633,4.9818593033735525e-06,0.008961553025015891,2.327070710637726e-23
341,1,1,0.9999971971528893,0.9999971971528893,1.508872623868555e-11,7.629480743946168e-09,1.712753531265796e-10,2.7950312660450626e-06,7.269244334026379e-34
342,4,4,0.9999361024102583,1.871719330695334e-05,8.013591076839793e-07,2.5975307367387386e-05,0.9999361024102583,1.8403729959691708e-05,4.421375676176571e-22
343,3,3,0.9999999999966727,1.7660151562380685e-13,5.918164561791901e-21,0.9999999999966727,1.1785181410493061e-14,3.1389129969097337e-12,2.231678598705222e-35
344,1,1,0.9999971973877401,0.9999971973877401,1.5068293118053863e-11,7.633951861914823e-09,1.7135679557414281e-10,2.7947918828687804e-06,7.245065498461032e-34
345,2,2,0.9859780246893184,3.8399836454160104e-06,0.9859780246893184,0.005075885568940506,4.972850342453337e-06,0.008937276907753384,2.3091287154947176e-23
346,6,6,0.9672489078333127,0.005946088088443012,0.0059289202691179465,0.007362646115759398,4.8715731924820296e-05,0.013464721961442083,0.9672489078333127
348,3,3,0.9999999999969249,1.6205676393261815e-13,5.204583620564181e-21,0.9999999999969249,1.059485856164788e-14,2.9024920740541594e-12,1.959176508275318e-35
349,4,4,0.9999361585422577,1.869449570607717e-05,7.998786119860969e-07,2.596745270182728e-05,0.9999361585422577,1.8379630722387788e-05,4.389866524503319e-22
351,4,4,0.9999362273364628,1.8697801629246426e-05,7.990001287740662e-07,2.5913785552153702e-05,0.9999362273364628,1.8362076227020445e-05,4.37191329859525e-22
352,3,3,0.999999999996926,1.6184299525952826e-13,5.196366873315851e-21,0.999999999996926,1.0571886584983176e-14,2.9015319986574156e-12,1.9643377702659835e-35
353,2,2,0.9858632867233548,3.910132895481775e-06,0.9858632867233548,0.005059568731321156,5.037077774183869e-06,0.009068197334654398,2.5763853059599488e-23
355,2,2,0.9859412391870003,3.8612810176199526e-06,0.9859412391870003,0.005089971564440165,4.990831172151552e-06,0.008959937136369892,2.338328055242392e-23
356,5,5,0.9870255900378592,5.0912523070172025e-05,0.0009388555019691579,2.444509758120265e-07,3.591134841453299e-05,0.9870255900378592,0.011948486137711227
357,5,5,0.9869792392426011,5.162737014972806e-05,0.0009503488484580786,2.50476806844552e-07,3.6148928527872605e-05,0.9869792392426011,0.011982385133456437
358,3,3,0.9999999999969267,1.6183903091805674e-13,5.196597595382141e-21,0.9999999999969267,1.0569374405197011e-14,2.900867575440878e-12,1.961276486383442e-35
360,5,5,0.9870000737211304,5.104392704261723e-05,0.0009382344765296255,2.4632586568972505e-07,3.596707086765119e-05,0.9870000737211304,0.01197443447856407
361,3,3,0.9999999999969227,1.6198642824381185e-13,5.2048923538674066e-21,0.9999999999969227,1.058001972519641e-14,2.904769908137729e-12,1.969952912115317e-35
362,6,6,0.9670623569120761,0.005964808983906168,0.005956919308407557,0.007391445832695753,4.906055039690206e-05,0.013575408412517552,0.9670623569120761
363,2,2,0.9860130887551078,3.82558315422948e-06,0.9860130887551078,0.005021261063243962,4.959732910857076e-06,0.00895686486558313,2.3701353538415634e-23
364,2,2,0.9860122614087785,3.83109797025483e-06,0.9860122614087785,0.005055040694771721,4.958634975302103e-06,0.008923908163504158,2.3219638041857412e-23
366,4,4,0.9999362736038301,1.8681835019740378e-05,7.982412215082594e-07,2.5900740287412384e-05,0.9999362736038301,1.8345579641354508e-05,4.363625369112164e-22
369,4,4,0.9999362418025904,1.869291234256366e-05,7.985713600905869e-07,2.5911234983012906e-05,0.9999362418025904,1.83554787238417e-05,4.38069719355878e-22
373,4,4,0.9999362090637961,1.8701070308490664e-05,7.989178789455569e-07,2.5925906921724968e-05,0.9999362090637961,1.8365041094789123e-05,4.3756130709711885e-22
374,3,3,0.9999999999969107,1.6283695146969946e-13,5.244826360560408e-21,0.9999999999969107,1.0634086908234016e-14,2.91572322643106e-12,1.9804722130944704e-35
376,2,2,0.9859699320840966,3.83816173071213e-06,0.9859699320840966,0.005045756438368373,4.977021456226702e-06,0.008975496294348231,2.367512570576533e-23
377,6,6,0.9666613803177146,0.0060660186524008715,0.00601711336434556,0.007500078691725199,4.966572026201141e-05,0.013705743253551655,0.9666613803177146
378,1,1,0.9999971991787237,0.9999971991787237,1.5060307923720058e-11,7.618356531227312e-09,1.7107115464720763e-10,2.793016788407392e-06,7.232788702341833e-34
380,3,3,0.9999999999969273,1.6186629339928751e-13,5.19820210558893e-21,0.9999999999969273,1.0572189695476838e-14,2.9002782406967397e-12,1.96168173812482e-35
381,3,3,0.9999999999969024,1.6343398342068285e-13,5.268670881754522e-21,0.9999999999969024,1.0690849809420733e-14,2.9235857711454454e-12,1.9833393959032012e-35
382,2,2,0.9859143643542586,3.868745880767792e-06,0.9859143643542586,0.005102671894847311,4.9991001251989465e-06,0.008974095904888018,2.3250009849462475e-23
383,2,2,0.9859505950447848,3.849802012893679e-06,0.9859505950447848,0.005089023390866208,4.985857720020556e-06,0.008951545904616123,2.315004012952524e-23
384,4,4,0.9999362567943503,1.8685329404820662e-05,7.981742779221434e-07,2.5910245697854678e-05,0.9999362567943503,1.8349456269156212e-05,4.363635137557477e-22
385,2,2,0.9858825423001636,3.876367830616426e-06,0.9858825423001636,0.0051173913171008376,5.014742681141462e-06,0.008991175272223845,2.342190300713009e-23
386,1,1,0.9999971985984182,0.9999971985984182,1.5076567329651814e-11,7.615577249536878e-09,1.710478060712972e-10,2.79359988011822e-06,7.260406483938346e-34
387,4,4,0.9999362251428101,1.868239107926573e-05,7.979200946718095e-07,2.5944076884325862e-05,0.9999362251428101,1.8350469131647563e-05,4.358880002420461e-22
388,4,4,0.9999362544146502,1.8693686097012752e-05,7.986099690380882e-07,2.590121236067974e-05,0.9999362544146502,1.8352076923221614e-05,4.365024322075253e-22
390,3,3,0.9999999999969248,1.6190927274520814e-13,5.199486197939872e-21,0.9999999999969248,1.057155510655481e-14,2.902805315567527e-12,1.96475765798851e-35
391,2,2,0.9859878248479241,3.839297191263096e-06,0.9859878248479241,0.005065809210662205,4.968196996797379e-06,0.008937558447225658,2.3230938346104386e-23
392,5,5,0.9871180861695533,5.075266571363443e-05,0.0009471799980301236,2.445120418159917e-07,3.589041415851604e-05,0.9871180861695533,0.011847846240502695
393,4,4,0.9999361042410315,1.870365962685474e-05,7.999955309697422e-07,2.5999462523085942e-05,0.9999361042410315,1.8392641287536504e-05,4.390626687333163e-22
394,5,5,0.9884313359500705,5.1505278701800945e-05,0.0009636942519250303,2.5743052571378794e-07,3.622588427697334e-05,0.9884313359500705,0.010516981204499967
396,5,5,0.9870258780057029,5.0819678358931875e-05,0.0009376971803921124,2.4496128667391116e-07,3.588003929813914e-05,0.9870258780057029,0.01194948013496134
397,6,6,0.9673198680239629,0.005930383281575985,0.00591760990644329,0.007340685838254478,4.8631909071626104e-05,0.01344282104069181,0.9673198680239629
398,5,5,0.9886232130344215,5.118101384392688e-05,0.0009836377594081075,2.562566055193231e-07,3.6297154657367806e-05,0.9886232130344215,0.010305414781063657
402,4,4,0.9999361084115487,1.8703978307216342e-05,7.999522986009253e-07,2.599673641891561e-05,0.9999361084115487,1.8390921426601945e-05,4.390247819535076e-22
403,4,4,0.9999362709808909,1.867844187128413e-05,7.979423385539845e-07,2.5909168939908966e-05,0.9999362709808909,1.8343465959364646e-05,4.363981917804994e-22
404,1,1,0.99999718585806,0.99999718585806,1.5223669026178585e-11,7.66467224192816e-09,1.7200412648616436e-10,2.8062900400618796e-06,7.499382534793367e-34
405,4,4,0.9999361456711872,1.871664191243409e-05,8.00697752758932e-07,2.5945598412972556e-05,0.9999361456711872,1.839139073473979e-05,4.39910712993976e-22
406,6,6,0.9674387813408235,0.005899373716445858,0.005889431900912212,0.007341808448241444,4.8440034134405016e-05,0.013382164559442612,0.9674387813408235
407,5,5,0.987676092111132,5.090351014386173e-05,0.0009608245147782673,2.4827700268205976e-07,3.604411683174366e-05,0.987676092111132,0.011275887470111446
408,1,1,0.9999971603703935,0.9999971603703935,1.5468153313927692e-11,7.761120028599241e-09,1.7413087854881772e-10,2.831678887274694e-06,7.898529041613002e-34
409,1,1,0.9999971976176585,0.9999971976176585,1.508221537721147e-11,7.620654729953055e-09,1.711343471953501e-10,2.7945754701744613e-06,7.269215698789184e-34
412,4,4,0.9999362292089492,1.8689018480643346e-05,7.995788941282267e-07,2.5914333080834333e-05,0.9999362292089492,1.836786059519266e-05,4.376858633710004e-22
413,3,3,0.999999999996913,1.6269583990453008e-13,5.2346443237835625e-21,0.999999999996913,1.0628190466891417e-14,2.913721310794752e-12,1.9762460088082923e-35
414,5,5,0.9873201035881597,5.135071705908548e-05,0.0009373366017965017,2.478206602786951e-07,3.5978430258025056e-05,0.9873201035881597,0.011654982842066423
415,3,3,0.9999999999969178,1.625611879733139e-13,5.225442506033792e-21,0.9999999999969178,1.0621441446429837e-14,2.9090655410130196e-12,1.96877685526707e-35
417,1,1,0.9999972025216829,0.9999972025216829,1.5045457084799536e-11,7.612163335664486e-09,1.7083740933372754e-10,2.7896802709524114e-06,7.234720294331816e-34
418,1,1,0.999997199416234,0.999997199416234,1.5070517626880663e-11,7.618654744654557e-09,1.7113555120105916e-10,2.7927789052423342e-06,7.24225964200673e-34
420,1,1,0.9999971909204932,0.9999971909204932,1.516377249595496e-11,7.646477120506124e-09,1.7165380127395905e-10,2.8012462120876606e-06,7.405908443923528e-34
421,2,2,0.9859814866099121,3.839055463227968e-06,0.9859814866099121,0.005069985688992177,4.970553349624005e-06,0.008939718092282943,2.31130029417593e-23
422,6,6,0.9666858915286693,0.00602753960108185,0.006019258016994291,0.007530170629209084,4.9591121330627145e-05,0.013687549102714846,0.9666858915286693
423,2,2,0.9858416506118168,3.902255541164877e-06,0.9858416506118168,0.005061486463960572,5.0384127292755456e-06,0.009087922255952278,2.5626116760540475e-23
424,5,5,0.9877271004860457,5.0877169208193234e-05,0.0009601842174133939,2.484118496187969e-07,3.600275346264613e-05,0.9877271004860457,0.011225586962020449
425,1,1,0.9999971992419358,0.9999971992419358,1.5064313540686164e-11,7.621549921504126e-09,1.710749061060298e-10,2.7929503750905405e-06,7.231643911137227e-34
426,1,1,0.9999971839730474,0.9999971839730474,1.5253397538491708e-11,7.676380457465355e-09,1.7228640803321745e-10,2.8081630324786378e-06,7.53140929653274e-34
427,4,4,0.9999362373615946,1.8691680090658754e-05,7.98288554200074e-07,2.5919758869259523e-05,0.9999362373615946,1.8352910891264356e-05,4.366756587709299e-22
429,1,1,0.9999971976065606,0.9999971976065606,1.5111332066367033e-11,7.621144056518201e-09,1.7120429643489562e-10,2.7945859797301597e-06,7.331734250213001e-34
430,5,5,0.9873501944574553,5.079782915107996e-05,0.0009491687814555486,2.4575103858538346e-07,3.5939521137840234e-05,0.9873501944574553,0.011613653659761676
431,1,1,0.9999971964731678,0.9999971964731678,1.5078481730676013e-11,7.630800425974494e-09,1.7127124290346385e-10,2.7957096821424527e-06,7.251103576808417e-34
432,4,4,0.9999361593409201,1.8707157639798173e-05,7.999920963395973e-07,2.5954305206895055e-05,0.9999361593409201,1.8379204136920565e-05,4.385897747065132e-22
433,3,3,0.9999999999969185,1.6245204293704443e-13,5.221444790965901e-21,0.9999999999969185,1.0615451796314547e-14,2.9084482441750107e-12,1.9650337565334604e-35
434,2,2,0.9858775746229216,3.878222784700462e-06,0.9858775746229216,0.004999382520781479,5.025970960368983e-06,0.009114138662551799,2.5802789576013903e-23
436,3,3,0.9999999999969285,1.6183589624823168e-13,5.1957401702160306e-21,0.9999999999969285,1.0573424160290567e-14,2.8991808847248513e-12,1.9575525084568048e-35
437,6,6,0.9654868942885232,0.006220272280163639,0.00623690343528542,0.007758970837781864,5.149622139331837e-05,0.014245462936852605,0.9654868942885232
438,2,2,0.9860038683895017,3.8260680454122625e-06,0.9860038683895017,0.005049474326107089,4.959706415939693e-06,0.008937871509929828,2.3257990008201993e-23
439,5,5,0.9870668242018196,5.090902346827778e-05,0.0009399823568618884,2.4473669887241227e-07,3.592577098903875e-05,0.9870668242018196,0.011906113910162438
440,5,5,0.9882730677597112,5.1167253335951826e-05,0.0009718401793755441,2.5405530100501283e-07,3.626225302460682e-05,0.9882730677597112,0.010667408499251683
441,5,5,0.9870657620258834,5.107722903679405e-05,0.0009389889483581456,2.455106799885389e-07,3.595125764523059e-05,0.9870657620258834,0.01190797502839648
442,5,5,0.9870353473219226,5.096394221613614e-05,0.0009397555435584116,2.450308603071794e-07,3.592708094749398e-05,0.9870353473219226,0.011937761080494998
444,4,4,0.9999360897975159,1.872069949429541e-05,7.993918544720363e-07,2.5997950328612416e-05,0.9999360897975159,1.8392160806768965e-05,4.372405378031336e-22
445,1,1,0.9999971861768657,0.9999971861768657,1.5215715581957852e-11,7.670758034562508e-09,1.7215622239331888e-10,2.805965004327896e-06,7.461649394376094e-34
446,1,1,0.9999971987972195,0.9999971987972195,1.5077607716223345e-11,7.621163266210225e-09,1.7111201576142637e-10,2.793395427709031e-06,7.25616780685419e-34
447,6,6,0.9675058137169941,0.005893717340965725,0.005887322343429379,0.0073117459545209915,4.8342420544118544e-05,0.013353058223545716,0.9675058137169941
451,3,3,0.9999999999969063,1.631599123200569e-13,5.258999152558723e-21,0.9999999999969063,1.0668854410043209e-14,2.9198362183351045e-12,1.982209011771823e-35
453,1,1,0.999997192091731,0.999997192091731,1.5165561562111397e-11,7.64767628079608e-09,1.7162958488056088e-10,2.8000737976453987e-06,7.431200608444309e-34
456,1,1,0.9999971894763788,0.9999971894763788,1.5135516488147758e-11,7.650191206178065e-09,1.7164399839250478e-10,2.8026866503939118e-06,7.311891135083176e-34
457,6,6,0.9674293696610576,0.00590887147324774,0.0059026454487687684,0.007320261259380678,4.8429558672347235e-05,0.01339042259887286,0.9674293696610576
458,4,4,0.9999361649392996,1.8708457493060472e-05,7.989986599393081e-07,2.595270004248761e-05,0.9999361649392996,1.837490450498918e-05,4.382100876925645e-22
459,3,3,0.9999999999969206,1.6209110930695195e-13,5.214532887901409e-21,0.9999999999969206,1.0597943182421626e-14,2.9067373023365468e-12,1.9696711421147214e-35
461,3,3,0.9999999999969296,1.6173197337212073e-13,5.190421151245669e-21,0.9999999999969296,1.0566239049248237e-14,2.8981596763815746e-12,1.9572545142108938e-35
462,5,5,0.9873378050820139,5.089920700230162e-05,0.0009367386623690667,2.484971001736266e-07,3.593828995029299e-05,0.9873378050820139,0.011638370261564382
463,3,3,0.9999999999969251,1.6190427942068217e-13,5.1997238273541434e-21,0.9999999999969251,1.0574100332999048e-14,2.9024343112143948e-12,1.9654363442101867e-35
466,1,1,0.9999971979944089,0.9999971979944089,1.507072505986321e-11,7.627145397660231e-09,1.7122707426978216e-10,2.7941921479923057e-06,7.2392518597939435e-34
467,5,5,0.9869541323009441,5.086059698828854e-05,0.0009392520219771052,2.442718976907921e-07,3.588662118769792e-05,0.9869541323009441,0.01201962418700512
469,1,1,0.99999719150825,0.99999719150825,1.5111731237546595e-11,7.647958042726231e-09,1.7168701499552425e-10,2.8006569933241856e-06,7.293851556662974e-34
470,1,1,0.9999971999289772,0.9999971999289772,1.5083440451423916e-11,7.610323863470843e-09,1.7094714617024135e-10,2.7922746683223794e-06,7.305037597075548e-34
471,1,1,0.9999971930806848,0.9999971930806848,1.514859371497735e-11,7.643238201002726e-09,1.716722682636817e-10,2.7990892563003507e-06,7.383894531172361e-34
472,1,1,0.9999972028703792,0.9999972028703792,1.5053753227468595e-11,7.602693072597351e-09,1.7076263827337342e-10,2.789341111446806e-06,7.2423138091708436e-34
473,3,3,0.9999999999969277,1.6189682648504874e-13,5.195316028757001e-21,0.9999999999969277,1.0572309290945185e-14,2.8998976746979988e-12,1.9613821884008895e-35
474,3,3,0.9999999999969128,1.629010208443492e-13,5.234921548995016e-21,0.9999999999969128,1.063240259808468e-14,2.9136492710784835e-12,1.9736569926518216e-35
476,5,5,0.9871092184173414,5.1024945684721475e-05,0.0009358638098331076,2.4654844843891154e-07,3.5923404161389775e-05,0.9871092184173414,0.011867722874530813
479,1,1,0.9999971936070696,0.9999971936070696,1.5091688448541568e-11,7.64801659346455e-09,1.715929461991936e-10,2.798558229126353e-06,7.27491931938867e-34
480,4,4,0.9999362204876334,1.8700123286806007e-05,7.993035376834115e-07,2.591523777964997e-05,0.9999362204876334,1.836484776247141e-05,4.378757603184303e-22
482,6,6,0.9649084302938802,0.006370334150452169,0.006333304768411976,0.007902535890289403,5.2239451685171686e-05,0.014433155445281143,0.9649084302938802
483,6,6,0.9657593941083072,0.006254894420579792,0.006157758639307076,0.007691586632682053,5.0922733983789517e-05,0.014085443465140037,0.9657593941083072
484,2,2,0.985946061774816,3.855636591834159e-06,0.985946061774816,0.005082332205130928,4.985585738719595e-06,0.008962764797722522,2.3350982017074413e-23
485,4,4,0.9999362488760483,1.8680692195734132e-05,7.991824033272097e-07,2.5914003086177523e-05,0.9999362488760483,1.83572462666124e-05,4.373556113628607e-22
486,2,2,0.9858117346141735,3.901567978284492e-06,0.9858117346141735,0.005149532471692352,5.042075584392277e-06,0.009029789270571537,2.395352928018433e-23
487,3,3,0.9999999999967921,1.6952951896766284e-13,5.586247220750161e-21,0.9999999999967921,1.1059683759508122e-14,3.027190607301862e-12,2.1543429469918463e-35
488,3,3,0.9999999999969221,1.621990768431257e-13,5.210432230875913e-21,0.9999999999969221,1.0599343882507691e-14,2.9051615321116803e-12,1.965141873341173e-35
489,1,1,0.9999971952491455,0.9999971952491455,1.5095404686489644e-11,7.640014583468598e-09,1.7149881826816278e-10,2.7969242456063863e-06,7.266520649397017e-34
490,4,4,0.9999361982384896,1.8711719314634126e-05,7.991376631722512e-07,2.592158424352277e-05,0.9999361982384896,1.8369320289072926e-05,4.373227213212947e-22
491,5,5,0.9876993871720178,5.1504492477465655e-05,0.0009243019735653489,2.57143590790448e-07,3.61653788087888e-05,0.9876993871720178,0.011288383839539838
492,3,3,0.9999999999969245,1.620362425810841e-13,5.20506335485651e-21,0.9999999999969245,1.0581067580113294e-14,2.9029927620438377e-12,1.9640274413894334e-35
493,1,1,0.99999719254783,0.99999719254783,1.512021158318899e-11,7.636023939015845e-09,1.7156655203226153e-10,2.799629459322263e-06,7.288078968717025e-34
494,2,2,0.9859895058047453,3.837912242166921e-06,0.9859895058047453,0.005066171171125044,4.967005154371257e-06,0.008935518106733065,2.3457893751097374e-23
495,3,3,0.9999999999968574,1.6595930213254612e-13,5.383457912686299e-21,0.9999999999968574,1.0828846272178005e-14,2.9657830224217746e-12,2.0450889302530966e-35
497,4,4,0.9999360733189434,1.8735624587175212e-05,8.014065630208013e-07,2.5982366119520768e-05,0.9999360733189434,1.8407283786845313e-05,4.399553166892878e-22
500,6,6,0.9676352185498033,0.00586392248585534,0.005866500501868806,0.007283613784230072,4.8155652717587494e-05,0.013302589025524992,0.9676352185498033
501,5,5,0.9872372393790212,5.105008439053228e-05,0.0009341777712367569,2.4791535663351373e-07,3.5969186166522635e-05,0.9872372393790212,0.011741315663828463
502,4,4,0.9999354535570127,1.887964138183168e-05,8.079076917718512e-07,2.6276477343871526e-05,0.9999354535570127,1.8582416569849507e-05,4.5064690587984e-22
505,4,4,0.9999359913761356,1.8737583196742692e-05,8.019147908917869e-07,2.603848307232175e-05,0.9999359913761356,1.843064280445149e-05,4.393911220128644e-22
508,5,5,0.9870803620510789,5.105462429399612e-05,0.0009388005043821224,2.456416650894341e-07,3.5959656638937125e-05,0.9870803620510789,0.011893577521940969
511,5,5,0.9870446272585083,5.086354610386502e-05,0.0009420797024672052,2.4390913363279195e-07,3.5901478399461105e-05,0.9870446272585083,0.011926284105387609
512,5,5,0.9869836695487417,5.074048405075439e-05,0.000942764868254432,2.438609859210822e-07,3.586625708183058e-05,0.9869836695487417,0.011986714980885348
513,3,3,0.9999999999967153,1.7415886705450854e-13,5.7925908854281394e-21,0.9999999999967153,1.1539799555595646e-14,3.0990662145696078e-12,2.2054302828613116e-35
514,4,4,0.9999361278541948,1.8717389873787304e-05,8.003205253170255e-07,2.5965159973092762e-05,0.9999361278541948,1.838927543301524e-05,4.388706144222644e-22
515,5,5,0.987317540485833,5.108665822088571e-05,0.0009338705705546132,2.5095267763058366e-07,3.6029448084125776e-05,0.987317540485833,0.011661221884629803
517,1,1,0.9999972022520692,0.9999972022520692,1.5054068799665398e-11,7.60828331669889e-09,1.7080788013669668e-10,2.7899537854272256e-06,7.234953507987615e-34
518,5,5,0.9869544442975882,5.083759404559567e-05,0.0009411292369328495,2.44050034460342e-07,3.5896002424760015e-05,0.9869544442975882,0.012017448818974132
519,4,4,0.9999362549553782,1.869200001892098e-05,7.988120561993452e-07,2.5896331284214617e-05,0.9999362549553782,1.8357901262430142e-05,4.37294407046031e-22
521,1,1,0.999997199603072,0.999997199603072,1.5080780561795054e-11,7.616575118981302e-09,1.709972839787771e-10,2.7925942748241054e-06,7.302218070043247e-34
522,3,3,0.999999999996918,1.6234850125057827e-13,5.221155201044739e-21,0.999999999996918,1.060992851183732e-14,2.9090121712667384e-12,1.9705717026033756e-35
523,4,4,0.999936222758214,1.869366558747662e-05,7.988787896096904e-07,2.592188018856061e-05,0.999936222758214,1.8362817220383566e-05,4.37388401343042e-22
524,4,4,0.9999360344794248,1.8736307217043788e-05,8.014453068313682e-07,2.6012199696593088e-05,0.9999360344794248,1.841556835477934e-05,4.397039464180729e-22
525,1,1,0.999997200103505,0.999997200103505,1.5074868236366952e-11,7.617950932068679e-09,1.7105435342067505e-10,2.792092414867693e-06,7.273837419056187e-34
526,6,6,0.9676506766073515,0.005867069480576738,0.005862646293690879,0.007272057183042884,4.8116627470048344e-05,0.013299433807868015,0.9676506766073515
527,6,6,0.9667086932363228,0.006048197977070016,0.0060115667025030465,0.007483047607922159,4.958348563797794e-05,0.013698910990544069,0.9667086932363228
529,2,2,0.9858945049125794,3.866020295617325e-06,0.9858945049125794,0.00511928801628027,5.003922925582843e-06,0.008977337127919281,2.3197078624436628e-23
535,2,2,0.9859531786096639,3.856292792093501e-06,0.9859531786096639,0.005080613581079062,4.9841834443402575e-06,0.008957367333020683,2.3234336832715406e-23
537,4,4,0.9999360423829557,1.8724992538832707e-05,8.005643705243664e-07,2.6023798837794485e-05,0.9999360423829557,1.840826129708397e-05,4.416010937994091e-22
539,3,3,0.9999999999969187,1.6252582910762852e-13,5.222498392503755e-21,0.9999999999969187,1.0623578701110509e-14,2.908184785415486e-12,1.9651833559227758e-35
540,5,5,0.9870301911246202,5.09197412677462e-05,0.0009391539589229487,2.4576183989580854e-07,3.5933397658903144e-05,0.9870301911246202,0.011943556015690275
541,1,1,0.9999971970688414,0.9999971970688414,1.5103524169067387e-11,7.628583253557994e-09,1.7129125760840104e-10,2.795116180759536e-06,7.315198431459383e-34
543,2,2,0.9859527501716773,3.852660146854629e-06,0.9859527501716773,0.005086137408558507,4.981135942207007e-06,0.00895227862367522,2.32883372321415e-23
544,4,4,0.9999360594795695,1.8741988394238727e-05,8.011429522846935e-07,2.5984276724988465e-05,0.9999360594795695,1.8413112358994387e-05,4.407100481145348e-22
545,3,3,0.9999999999969249,1.6210698209133376e-13,5.206350155056817e-21,0.9999999999969249,1.0585275767513959e-14,2.9024842831636252e-12,1.9619078175971666e-35
546,4,4,0.9999362166983545,1.869507229128728e-05,7.987168986629915e-07,2.5927096257907638e-05,0.9999362166983545,1.83624161976209e-05,4.36995381526334e-22
548,1,1,0.9999971982853494,0.9999971982853494,1.5078455603487935e-11,7.61904598501556e-09,1.711603733752282e-10,2.793909365801391e-06,7.245885703850333e-34
549,2,2,0.9858101445442203,3.908459641874713e-06,0.9858101445442203,0.005138817830726577,5.052703323912239e-06,0.00904207646208742,2.3855220225067258e-23
550,4,4,0.999936226900804,1.867956203251962e-05,7.99013951323674e-07,2.5935351102753596e-05,0.999936226900804,1.835917210945548e-05,4.377354600935355e-22
551,3,3,0.9999999999969182,1.6250350851953843e-13,5.221063228297663e-21,0.9999999999969182,1.0608871690520419e-14,2.9086443235674844e-12,1.9697189700987158e-35
552,3,3,0.9999999999968826,1.6390008967055193e-13,5.3268886107644645e-21,0.9999999999968826,1.071090067703481e-14,2.9429083397697184e-12,2.0070439470456667e-35
554,5,5,0.9869857280544388,5.097488441472803e-05,0.0009391697742102241,2.445512907762795e-07,3.590676101360445e-05,0.9869857280544388,0.011987975974631884
555,6,6,0.9668511134767038,0.006016284640980683,0.005993775002100251,0.007461789592185579,4.938612484362748e-05,0.01362765116318605,0.9668511134767038
556,6,6,0.9674796425940287,0.005903955351596963,0.0058859418119835616,0.0073158441278497535,4.838803806982838e-05,0.013366228076471096,0.9674796425940287
557,5,5,0.9869129777654231,5.075919036482468e-05,0.0009406083187224086,2.43542384211188e-07,3.584789808597658e-05,0.9869129777654231,0.012059563285019536
560,3,3,0.999999999996921,1.6230279788032636e-13,5.210745518421894e-21,0.999999999996921,1.0594760733103436e-14,2.9061305230915806e-12,1.9648347479738397e-35
561,5,5,0.9872270723249414,5.08324478122411e-05,0.0009485891221419939,2.4457456931214353e-07,3.589582365608513e-05,0.9872270723249414,0.011737365706878845
562,2,2,0.9859434750262125,3.856360673945542e-06,0.9859434750262125,0.005090761476327728,4.9863376916620795e-06,0.008956920799094294,2.3263145830935795e-23
563,4,4,0.9999361109465962,1.8708632507470354e-05,7.995861749904693e-07,2.5992875485905263e-05,0.9999361109465962,1.83879592354919e-05,4.386582913441876e-22
564,2,2,0.9857639684120872,3.925796441868537e-06,0.9857639684120872,0.005162617746162899,5.0621788463521905e-06,0.009064425866461761,2.4169197479406892e-23
565,1,1,0.9999971976066765,0.9999971976066765,1.507370941840179e-11,7.628741354990546e-09,1.7126131917254944e-10,2.79457824711782e-06,7.2433248954608245e-34
566,6,6,0.96751707189995,0.005898715806335471,0.0058812961516173205,0.007299867647234825,4.833276685011313e-05,0.013354715728012407,0.96751707189995
567,4,4,0.9999361810737641,1.8696004362509542e-05,7.983579336175762e-07,2.595764034457882e-05,0.9999361810737641,1.8366923595167214e-05,4.379562596650221e-22
568,6,6,0.9673441637473319,0.005919152328593063,0.005910118310580287,0.007349729136767734,4.8574226167474715e-05,0.01342826225055956,0.9673441637473319
569,1,1,0.999997203260532,0.999997203260532,1.506052846153528e-11,7.600644179824751e-09,1.7077531973887057e-10,2.788952988051074e-06,7.266802466721914e-34
570,2,2,0.9859649424445386,3.843702316254991e-06,0.9859649424445386,0.005080502384544457,4.976336779189105e-06,0.008945735131821474,2.3165047834434522e-23
573,6,6,0.9672688782710499,0.005946518749986679,0.00591978301222742,0.0073640691833359515,4.871098361506339e-05,0.013452039799784953,0.9672688782710499
574,4,4,0.9999362348793547,1.8694631895245358e-05,7.983909590911816e-07,2.5917357334643042e-05,0.9999362348793547,1.835474045630797e-05,4.368182586302502e-22
575,2,2,0.9859343850614779,3.854673272281039e-06,0.9859343850614779,0.00509843661874652,4.991907028461509e-06,0.008958331739474957,2.3192556802345474e-23
576,3,3,0.9999999999968847,1.6452294655901367e-13,5.316971534651596e-21,0.9999999999968847,1.0767294701807388e-14,2.9399753244159857e-12,2.0008761967805621e-35
577,6,6,0.9676341057505561,0.005875061570769953,0.005862089325584779,0.007273311609496532,4.815323786409539e-05,0.013307278505728503,0.9676341057505561
578,5,5,0.986998954679031,5.10021204669569e-05,0.0009393092272331061,2.4444995597583584e-07,3.5920820553759585e-05,0.986998954679031,0.011974568702759278
580,4,4,0.9999361509447432,1.8715194766623283e-05,7.994921533895753e-07,2.595301841635224e-05,0.9999361509447432,1.8381349920508184e-05,4.37259563112685e-22
581,1,1,0.9999971844372866,0.9999971844372866,1.5152427800354237e-11,7.674638346171908e-09,1.7218919834612e-10,2.8077007334354997e-06,7.34565233955962e-34
582,4,4,0.9999361877005684,1.870477905687183e-05,7.99911884657525e-07,2.5932703207532892e-05,0.9999361877005684,1.8374905282534958e-05,4.376673417891894e-22
583,6,6,0.9670086450218615,0.005960468762298683,0.005973382992876058,0.0074267456771554725,4.9076168121344024e-05,0.01358168137768699,0.9670086450218615
585,3,3,0.9999999999968828,1.6386595765385778e-13,5.294884089107904e-21,0.9999999999968828,1.0709112457355623e-14,2.9426930281860723e-12,2.026509603821661e-35
586,2,5,0.9463118626755906,0.000968792455385591,0.052122067201645875,0.0003589563234298143,0.00022916510476773293,0.9463118626755906,9.156239180448916e-06
587,4,4,0.9999362243824544,1.8696141119416325e-05,7.992892244779412e-07,2.5916741070359087e-05,0.9999362243824544,1.836344613121287e-05,4.375865648400243e-22
588,5,5,0.9870860156738118,5.075739691363583e-05,0.0009457701781537289,2.440621131795605e-07,3.589254307849506e-05,0.9870860156738118,0.011881320145929146
589,4,4,0.9999361586152244,1.8721033976280742e-05,7.989852701679129e-07,2.594488805825383e-05,0.9999361586152244,1.8376477470850416e-05,4.368163025802145e-22
590,4,4,0.99993621758659,1.8698827705903955e-05,7.983440090385392e-07,2.5925899891177668e-05,0.99993621758659,1.83593418038935e-05,4.365048915330338e-22
591,4,4,0.9999343860429695,1.9233553399829438e-05,8.204548995866567e-07,2.6674268948773993e-05,0.9999343860429695,1.8885679782390036e-05,4.695498731805853e-22
592,5,5,0.9870426138053876,5.083858104416385e-05,0.000941506516060211,2.4421825191357994e-07,3.590270405428467e-05,0.9870426138053876,0.011928894175201878
593,2,2,0.9858748024146918,3.8831302315046125e-06,0.9858748024146918,0.005119076589901728,5.019257336241329e-06,0.008997218607838782,2.3515264978788757e-23
594,6,6,0.9637399504968228,0.006665174216710224,0.006488185490173107,0.008076461374564163,5.374582138578052e-05,0.014976482600344013,0.9637399504968228
598,5,5,0.9869243274873278,5.084749423251311e-05,0.0009420117937711975,2.4340880466574104e-07,3.585816380576511e-05,0.9869243274873278,0.012046711652058036
599,1,1,0.999997201108782,0.999997201108782,1.5057534068601952e-11,7.610369170037168e-09,1.7090009449127098e-10,2.791094891173091e-06,7.2272406266754e-34
600,2,2,0.9859528017923156,3.843559668743626e-06,0.9859528017923156,0.005088907171062183,4.978437501919479e-06,0.008949469039451608,2.3130262844161867e-23
601,2,2,0.985678448731569,3.927075800734864e-06,0.985678448731569,0.005200648067886401,5.079228792038649e-06,0.009111896895951798,2.4242655556236435e-23
602,3,3,0.9999999999969118,1.6261406823638453e-13,5.2287907954083724e-21,0.9999999999969118,1.062286458085859e-14,2.914937059325685e-12,1.9847020029209485e-35
603,5,5,0.9869482856064251,5.0881312345566454e-05,0.0009378516039364174,2.4448651203874825e-07,3.588356798104376e-05,0.9869482856064251,0.012026853422799879
604,3,3,0.99999999999692,1.6226956449931278e-13,5.217576819640126e-21,0.99999999999692,1.0607745117552004e-14,2.9070231801727627e-12,1.9691286461515958e-35
605,6,6,0.966327621481942,0.006092433797709225,0.0060742850506206965,0.007622069944582922,5.0131571967026725e-05,0.013833458153178201,0.966327621481942
606,3,3,0.9999999999969053,1.629907820110887e-13,5.246090779750922e-21,0.9999999999969053,1.0647175837435204e-14,2.9211275997472756e-12,1.9885336734734041e-35
607,3,3,0.9999999999969249,1.619786765475046e-13,5.2032998650725704e-21,0.9999999999969249,1.058222819854991e-14,2.9026384443006312e-12,1.9610815608106207e-35
608,2,2,0.9859639992550039,3.8486708068842095e-06,0.9859639992550039,0.005080043506450979,4.977695205309771e-06,0.008947130872532866,2.3250994764422138e-23
609,3,3,0.9999999999969199,1.6212116770304109e-13,5.208679200136485e-21,0.9999999999969199,1.058385532760649e-14,2.907456719613873e-12,1.9738328844796305e-35
611,6,6,0.9651603845173609,0.006313514256148914,0.006274385860323316,0.007853976622600053,5.1924245734842386e-05,0.014345814497831993,0.9651603845173609
613,3,3,0.999999999996916,1.6252704490121145e-13,5.224701431209793e-21,0.999999999996916,1.0611239565758698e-14,2.910867379672044e-12,1.972425389798993e-35
619,5,5,0.9869869239532382,5.088346372990207e-05,0.0009437132362388173,2.4428531968307155e-07,3.592553034716479e-05,0.9869869239532382,0.011982309531126278
620,6,6,0.9675069650639893,0.005892022942163466,0.005887392960054977,0.007300050209946023,4.833542363390945e-05,0.01336523340021232,0.9675069650639893
621,3,3,0.9999999999969247,1.6192898282185316e-13,5.196745483755515e-21,0.9999999999969247,1.0571317766205267e-14,2.902865659258126e-12,1.9682367475618247e-35
622,2,2,0.9860303064211159,3.8175796754392465e-06,0.9860303064211159,0.005032989942953974,4.948856150022401e-06,0.008927937200104624,2.3281166000476448e-23
623,6,6,0.9661390529532493,0.006163095454173042,0.00610292140849625,0.007621972246713426,5.043423123952526e-05,0.013922523706128528,0.9661390529532493
624,2,2,0.9858694990800974,3.900506479543693e-06,0.9858694990800974,0.0051175128885741095,5.02882545410843e-06,0.00900405869939491,2.4127483687307823e-23
625,5,5,0.9870802234545212,5.082761772493478e-05,0.0009422782196499891,2.4421409768504666e-07,3.59082073148815e-05,0.9870802234545212,0.011890518286691253
626,1,1,0.9999971998244974,0.9999971998244974,1.505564347246197e-11,7.622541095427958e-09,1.7105428646936518e-10,2.792366851587462e-06,7.230509918780823e-34
628,5,5,0.9873476225241754,5.122019898300248e-05,0.0009306078453642241,2.510308649064308e-07,3.6009588692058026e-05,0.9873476225241754,0.011634288811920437
629,1,1,0.9999971999747448,0.9999971999747448,1.506298084085523e-11,7.613369636958425e-09,1.7101133803879006e-10,2.792225811361809e-06,7.253491380765248e-34
630,1,1,0.9999971994073545,0.9999971994073545,1.506955846087791e-11,7.621228081390561e-09,1.7107302152660405e-10,2.792785274672033e-06,7.243843298752983e-34
631,2,2,0.9859842938037836,3.83885244245102e-06,0.9859842938037836,0.005070073305820307,4.969712010781664e-06,0.008936824325942816,2.312052481719084e-23
632,4,4,0.9999362268941449,1.868506683476147e-05,7.991241235240436e-07,2.5930217432658616e-05,0.9999362268941449,1.8358697464327926e-05,4.37681922878327e-22
633,4,4,0.9999362996847427,1.8666894717779425e-05,7.981576042377149e-07,2.5895817866795744e-05,0.9999362996847427,1.8339445068554048e-05,4.367785618268824e-22
634,2,2,0.985926342180016,3.873102780884837e-06,0.985926342180016,0.005040142629071756,5.00351335357343e-06,0.009024638574777855,2.454081800854205e-23
638,6,6,0.9677439608829268,0.00584490834058695,0.005847154862826329,0.0072546375672425415,4.796786160936125e-05,0.01326137048480805,0.9677439608829268
640,4,4,0.9999362743565139,1.8668549369128312e-05,7.978770223602386e-07,2.5919559095305294e-05,0.9999362743565139,1.8339657999451467e-05,4.360123243603095e-22
642,1,1,0.9999971994063775,0.9999971994063775,1.5079232815036468e-11,7.617583330321664e-09,1.7102942826085708e-10,2.792789930505234e-06,7.262406295916641e-34
643,2,2,0.9859875975144977,3.833274709233603e-06,0.9859875975144977,0.005057167658984591,4.967837966591196e-06,0.008946433713841935,2.3444659065648955e-23
644,2,2,0.9860289567933693,3.8204085044012855e-06,0.9860289567933693,0.005040362743008584,4.9525504593931366e-06,0.008921907504658292,2.3138683836300448e-23
645,4,4,0.99993625312692,1.866978203927116e-05,7.980282068277375e-07,2.593430321899978e-05,0.99993625312692,1.8344759614829404e-05,4.370620220069793e-22
648,2,2,0.9860022308454792,3.8315075937353275e-06,0.9860022308454792,0.0050404460530545205,4.964623265090164e-06,0.008948526970607513,2.3806353268887938e-23
649,1,1,0.9999970323530807,0.9999970323530807,1.671945019218284e-11,8.266514855433823e-09,1.8485615852527475e-10,2.959178828936038e-06,1.0051918686067398e-33
651,1,1,0.9999972010306823,0.9999972010306823,1.504994395383373e-11,7.618600723866909e-09,1.710044047165549e-10,2.791164662527407e-06,7.240712370470226e-34
652,5,5,0.987102759215048,5.085118064012774e-05,0.0009422594173837773,2.446721958752096e-07,3.591153912683635e-05,0.987102759215048,0.011867973975605458
653,3,3,0.9999999999969047,1.6272669421436105e-13,5.244204081460297e-21,0.9999999999969047,1.063806505786533e-14,2.9219796111855682e-12,1.9964169821195775e-35
654,5,5,0.9870637182112875,5.088870091775218e-05,0.0009406372285814901,2.4468686206403744e-07,3.591431807146258e-05,0.9870637182112875,0.01190859685427985
656,6,6,0.9658944001310373,0.006188020687204146,0.006163878139187578,0.007676786905583199,5.082505414845116e-05,0.014026089082839343,0.9658944001310373
657,2,2,0.9857845532213947,3.909249913929238e-06,0.9857845532213947,0.005152668477893528,5.043548842591086e-06,0.00905382550195537,2.4551416371031187e-23
658,5,5,0.9869318723546467,5.0965655171136186e-05,0.0009430640084248306,2.445494560474728e-07,3.592610737075823e-05,0.9869318723546467,0.01203792732493051
660,5,5,0.9874867422225494,5.086065696641123e-05,0.0009518815865038105,2.4714295165301035e-07,3.599058301508538e-05,0.9874867422225494,0.011474277808013729
661,6,6,0.9669969536092404,0.005983824319185425,0.005967327262691247,0.007435303451333662,4.917856899620801e-05,0.01356741278855306,0.9669969536092404
663,4,4,0.9999362177725328,1.8689524915913643e-05,7.98133185281373e-07,2.594103980159282e-05,0.9999362177725328,1.8353529564455257e-05,4.368554806107026e-22
664,6,6,0.9675696202488712,0.005878625334594078,0.005872019377957602,0.007303350964171222,4.825030337952203e-05,0.01332813377102646,0.9675696202488712
665,1,1,0.9999971986681959,0.9999971986681959,1.5069912260050153e-11,7.620754559090896e-09,1.7116733067552923e-10,2.7935248122086003e-06,7.244730031354316e-34
666,5,5,0.9869891839693337,5.093969485602522e-05,0.0009404361294458805,2.4391368413791426e-07,3.5898827837952506e-05,0.9869891839693337,0.011983297464842346
667,1,1,0.9999972022353844,0.9999972022353844,1.504747911362841e-11,7.606440417906252e-09,1.7080906672943164e-10,2.789972318770526e-06,7.241205082931252e-34
668,2,2,0.9859526471957614,3.851704328204469e-06,0.9859526471957614,0.005086686835078962,4.983535651067584e-06,0.008951830729180448,2.334601813409549e-23
669,1,1,0.9999971957248166,0.9999971957248166,1.5076866591124205e-11,7.639255659664786e-09,1.7133769343923332e-10,2.7964495132253e-06,7.247667832701231e-34
670,4,4,0.9999362206020573,1.869307580013382e-05,7.989030446519171e-07,2.592683228473951e-05,0.9999362206020573,1.836058681317113e-05,4.373419890923978e-22
671,2,2,0.9792131210740275,7.996164582759643e-06,0.9792131210740275,0.007742058578061584,8.081097840138361e-06,0.013028743085488072,4.0686934418373255e-22
672,6,6,0.9675438937978231,0.005883770824927925,0.005878736901983161,0.007306164323179163,4.82846222522114e-05,0.013339149529834407,0.9675438937978231
674,5,5,0.9873327738484736,5.1723536390162056e-05,0.0009432350866724726,2.563731906806443e-07,3.62346292424886e-05,0.9873327738484736,0.011635776526030527
675,2,2,0.9860127537595145,3.824506986053058e-06,0.9860127537595145,0.005053609742849634,4.956628726141027e-06,0.008924855361923776,2.3188475871472863e-23
676,5,5,0.9870209207915872,5.100683486463079e-05,0.0009407103538517402,2.451304316444781e-07,3.593887199244961e-05,0.9870209207915872,0.01195117801727235
677,6,6,0.9668305234857374,0.0060100131211017205,0.0059698409393292295,0.007509502335164976,4.935038922689283e-05,0.0136307697294398,0.9668305234857374
678,2,2,0.9859648790085137,3.849010055530105e-06,0.9859648790085137,0.005079839788181061,4.978071688736319e-06,0.008946454121560976,2.323397586414706e-23
679,4,4,0.9999362485044366,1.8696256601564024e-05,7.993322405647731e-07,2.589613072270788e-05,0.9999362485044366,1.8359775998540008e-05,4.376220795410697e-22
681,4,4,0.9999362094668338,1.8698295806910392e-05,7.994378361929907e-07,2.5925703102456458e-05,0.9999362094668338,1.8367096420694453e-05,4.376997493685798e-22
683,4,4,0.9999362066320813,1.869915223219959e-05,7.99051623026483e-07,2.5930674595406023e-05,0.9999362066320813,1.836448946822753e-05,4.372243913508023e-22
684,3,3,0.9999999999969222,1.6203109622400797e-13,5.2022783551416446e-21,0.9999999999969222,1.0578742150028124e-14,2.9051887506363973e-12,1.9698061494602976e-35
685,5,5,0.9871771881459351,5.090486688867021e-05,0.0009468730613910181,2.447878067013081e-07,3.5924074339636094e-05,0.9871771881459351,0.011788865063638871
687,4,4,0.9999361228226809,1.873219104137496e-05,7.992800997304662e-07,2.5957151979167585e-05,0.9999361228226809,1.8388554198931027e-05,4.362019459360264e-22
689,6,6,0.967707009896337,0.005856152000613131,0.005854768958732948,0.007258426461016919,4.8037087284007856e-05,0.013275605596016146,0.967707009896337
690,3,3,0.9999999999969318,1.6151983286069746e-13,5.1839135073813895e-21,0.9999999999969318,1.0552294404297123e-14,2.8961536728441186e-12,1.956176714714241e-35
691,1,1,0.9999971973656975,0.9999971973656975,1.5110283233325254e-11,7.626512051111526e-09,1.7112014859108652e-10,2.7948215600884325e-06,7.34401992615667e-34
692,1,1,0.9999971997593228,0.9999971997593228,1.5053591166911856e-11,7.622102875028595e-09,1.7109054187029941e-10,2.792432430220711e-06,7.234859798356814e-34
693,4,4,0.99993620415477,1.8694747700187488e-05,7.986232271697358e-07,2.5939729781574408e-05,0.99993620415477,1.8362744521068916e-05,4.371703129697952e-22
694,2,2,0.985999448626271,3.829494889879239e-06,0.985999448626271,0.005052245915646459,4.963146973740423e-06,0.00893951281621898,2.3274458439148707e-23
695,2,2,0.9859577196340988,3.849669742427327e-06,0.9859577196340988,0.0050827823631463915,4.984045237093207e-06,0.008950664287775216,2.3261797355455272e-23
696,2,2,0.9859855490814902,3.83736524147669e-06,0.9859855490814902,0.005067429567477502,4.967138357149506e-06,0.008938216847433665,2.3096256809839807e-23
698,1,1,0.9999972016412436,0.9999972016412436,1.5049371061678452e-11,7.614610118614914e-09,1.7088408118622276e-10,2.7905582127157132e-06,7.2239099691157245e-34
700,4,4,0.9999362155790625,1.8688303829566854e-05,7.978478544722391e-07,2.5943341577011907e-05,0.9999362155790625,1.8354927676473783e-05,4.369508028245137e-22
702,6,6,0.9675388434831851,0.005882428393479907,0.005878564955103728,0.007312585747496471,4.829253890933239e-05,0.013339284881825527,0.9675388434831851
703,5,5,0.9871272123891622,5.079592036519331e-05,0.0009438136131386338,2.443409760693512e-07,3.5906970069906136e-05,0.9871272123891622,0.011842026766288025
704,3,3,0.9999999999969232,1.621058608310545e-13,5.20518501044954e-21,0.9999999999969232,1.0584779291185836e-14,2.9040686929007388e-12,1.9628962864781176e-35
705,5,5,0.9869982458881639,5.071995803478514e-05,0.0009436038017640317,2.4414748874763455e-07,3.5868136471776855e-05,0.9869982458881639,0.011971318068076907
706,4,4,0.9999362304951096,1.8698439646304628e-05,7.990443097509074e-07,2.590725642036616e-05,0.9999362304951096,1.8364764514079707e-05,4.371136481282697e-22
707,2,2,0.985933382043809,3.858282798384718e-06,0.985933382043809,0.005082348129599876,4.994193068486636e-06,0.00897541735072426,2.3374528585860002e-23
708,4,4,0.9999361872145629,1.871124403669838e-05,7.989878909673007e-07,2.59323374716929e-05,0.9999361872145629,1.8370216037760545e-05,4.369426729862937e-22
711,4,4,0.9999361487838404,1.8729677622300878e-05,7.998826870817202e-07,2.5929319459427805e-05,0.9999361487838404,1.8392336390740627e-05,4.37793185457615e-22
712,5,5,0.98711892408433,5.07709588556322e-05,0.0009495471883603056,2.442906102164495e-07,3.590888207025312e-05,0.98711892408433,0.01184460459577371
713,2,2,0.9857826968081781,3.910701911502491e-06,0.9857826968081781,0.005158855043679001,5.054566132031298e-06,0.009049482880099439,2.389418786814504e-23
714,5,5,0.9870693566339709,5.104557087078717e-05,0.0009413878346467353,2.4625461722479354e-07,3.598371239654463e-05,0.9870693566339709,0.011901979993497848
715,3,3,0.9999999999969259,1.6196490063084038e-13,5.1988751952782264e-21,0.9999999999969259,1.0575230900249898e-14,2.901613588217676e-12,1.9605023043615376e-35
716,5,5,0.9873479182127085,5.0867159784704645e-05,0.0009561396279230891,2.462710493885754e-07,3.5969080956338205e-05,0.9873479182127085,0.01160885964757802
717,5,5,0.986941623899359,5.09464377482711e-05,0.0009372280164901587,2.452959583537719e-07,3.589423577646405e-05,0.986941623899359,0.01203406211466769
718,2,2,0.9859813470985851,3.841108991188877e-06,0.9859813470985851,0.00503040502960239,4.977778894465128e-06,0.008979428983926932,2.390091700018265e-23
719,2,2,0.9860337516314571,3.816549818246849e-06,0.9860337516314571,0.005043039295623312,4.945981462261834e-06,0.008914446541639028,2.312026810888326e-23
721,6,6,0.9675946335393419,0.00587538274917346,0.005867615099589327,0.007295348948180526,4.823781976103761e-05,0.01331878184395371,0.9675946335393419
723,1,1,0.9999972008416096,0.9999972008416096,1.5059927069139424e-11,7.615573679405453e-09,1.710045000501216e-10,2.7913567521973467e-06,7.251342216671807e-34
724,4,4,0.9999361985517639,1.868760502156084e-05,7.996228744996115e-07,2.59447416209547e-05,0.9999361985517639,1.8369478719114286e-05,4.390453140647462e-22
725,2,2,0.9859658176632584,3.845068436612092e-06,0.9859658176632584,0.005077971725841176,4.976416695989699e-06,0.008947389125767846,2.3259764106407264e-23
726,3,3,0.9999999999969218,1.6205908739982908e-13,5.2071775225624395e-21,0.9999999999969218,1.0586413151023042e-14,2.9055465650711765e-12,1.96884876538785e-35
727,2,2,0.9859879195368082,3.839662514880958e-06,0.9859879195368082,0.005066164725833581,4.9668753251864624e-06,0.008937109199518246,2.3167028909592888e-23
728,5,5,0.9870057865571809,5.101670977183144e-05,0.0009418999500598481,2.460197707405936e-07,3.5970408568342965e-05,0.9870057865571809,0.011965080354648494
730,3,3,0.9999999999969248,1.619976052944595e-13,5.20195213009602e-21,0.9999999999969248,1.058128129858321e-14,2.902661517415573e-12,1.9624499140077188e-35
731,1,1,0.9999971966812282,0.9999971966812282,1.5095472756079196e-11,7.631218771762763e-09,1.7129761513115806e-10,2.795501159923624e-06,7.273465829013404e-34
732,3,3,0.999999999996919,1.624547529115063e-13,5.218197713927972e-21,0.999999999996919,1.060714330353964e-14,2.9079286391624393e-12,1.966027125572663e-35
734,1,1,0.9999972019502553,0.9999972019502553,1.505086507619398e-11,7.613121369937493e-09,1.7086365420447062e-10,2.790250708808602e-06,7.250751358962885e-34
735,6,6,0.962859258414964,0.006878303175904438,0.006595027700754053,0.008327215486925709,5.521856674129894e-05,0.0152849766547105,0.962859258414964
737,6,6,0.9676555519875895,0.005869457309926672,0.00586200978608079,0.007269795317982739,4.8103154371001865e-05,0.013295082444049365,0.9676555519875895
739,5,5,0.9874065748144207,5.1736082804351043e-05,0.0009601159959476983,2.538139528350421e-07,3.623653307944288e-05,0.9874065748144207,0.011545082759794902
740,3,3,0.9999999999969001,1.6336521603060358e-13,5.265459742263218e-21,0.9999999999969001,1.0670339509250572e-14,2.925842041187359e-12,1.9964327789336188e-35
741,4,4,0.9999361519693056,1.869401257655298e-05,7.979935394742097e-07,2.5988816037315445e-05,0.9999361519693056,1.83672085410176e-05,4.3655890910485995e-22
743,3,3,0.9999999999969256,1.6196290248090465e-13,5.200007252169917e-21,0.9999999999969256,1.0578753463463244e-14,2.9019245174424195e-12,1.9626147794517087e-35
745,1,1,0.9999971978905553,0.9999971978905553,1.507544219333789e-11,7.618175772933774e-09,1.7109401216263432e-10,2.794305099429309e-06,7.245746494357559e-34
747,3,3,0.999999999996887,1.6429674515335172e-13,5.302682138537577e-21,0.999999999996887,1.0719454253637208e-14,2.937906970686952e-12,2.0074358891102396e-35
750,3,3,0.9999999999969265,1.618662453199978e-13,5.198796854793799e-21,0.9999999999969265,1.058281524131016e-14,2.901069807018039e-12,1.96057271113439e-35
751,3,3,0.9999999999969285,1.6172935554733427e-13,5.191979764914495e-21,0.9999999999969285,1.0562620918206272e-14,2.89924903089101e-12,1.9588766870261413e-35
752,2,2,0.9859258662157298,3.859608291846518e-06,0.9859258662157298,0.00509305860173739,4.9988995211541185e-06,0.008972216674719927,2.343241341109326e-23
753,4,4,0.9999361506433225,1.8717825943035882e-05,8.011351798285244e-07,2.5939340419272968e-05,0.9999361506433225,1.8391055135367823e-05,4.392122079052594e-22
755,6,6,0.967248466684837,0.005927848623093345,0.005937588803024645,0.007350423416406579,4.877250034509988e-05,0.01348689997229337,0.967248466684837
756,4,4,0.9999362211175684,1.8693257113905205e-05,7.985669980636687e-07,2.5928558233460342e-05,0.9999362211175684,1.8358500086112196e-05,4.379023594323913e-22
757,1,1,0.9999972006071846,0.9999972006071846,1.5073226995911813e-11,7.607161656160907e-09,1.708687695390212e-10,2.791599711750156e-06,7.252854019379564e-34
758,1,1,0.9999972003203511,0.9999972003203511,1.5080923082065963e-11,7.619119270161564e-09,1.7116333899038294e-10,2.791874285392092e-06,7.290725977747533e-34
759,4,4,0.9999361662568137,1.8701771257762106e-05,7.99309366513169e-07,2.5954989260051235e-05,0.9999361662568137,1.837767330191565e-05,4.378150944528805e-22
760,1,1,0.9999971989105094,0.9999971989105094,1.508973855881057e-11,7.617789091688907e-09,1.7108523869880327e-10,2.79328552660451e-06,7.281691798101884e-34
763,2,2,0.9857669257811446,3.9130031981100605e-06,0.9857669257811446,0.005047726463162816,5.068126908312017e-06,0.009176366625586303,2.6145225407688162e-23
764,5,5,0.9878714254495761,5.116045139211792e-05,0.0009646827535730361,2.517853017058499e-07,3.6177071143928764e-05,0.9878714254495761,0.011076302489013196
765,3,3,0.99999999999687,1.6530799522258844e-13,5.359573935454696e-21,0.99999999999687,1.085032020779406e-14,2.9538784219614657e-12,2.0134892482034914e-35
766,2,2,0.9859973541701764,3.829612356187606e-06,0.9859973541701764,0.005041100958355423,4.9645904894794736e-06,0.00895275066862242,2.3519039085293345e-23
767,4,4,0.9999362414838682,1.8685511076127323e-05,7.986257142085442e-07,2.591842803635131e-05,0.9999362414838682,1.83559513051517e-05,4.368790514592583e-22
770,4,4,0.9999362870555477,1.8676185664527323e-05,7.984395763924957e-07,2.58933041592785e-05,0.9999362870555477,1.8345015052151042e-05,4.364079237230452e-22
771,2,2,0.9859927703029756,3.837789468373192e-06,0.9859927703029756,0.005066624431214283,4.966130305308753e-06,0.00893180134603649,2.3256882223836887e-23
772,4,4,0.9999361410328671,1.8689425667605558e-05,7.987257516908548e-07,2.600108458387793e-05,0.9999361410328671,1.8369731129654354e-05,4.381780785782684e-22
773,6,6,0.9659996293433205,0.006126853560313671,0.0061815336581133844,0.0076329713422328225,5.05536271761422e-05,0.014008458468843557,0.9659996293433205
774,4,4,0.9999361310951782,1.8700428215305887e-05,8.000147960607999e-07,2.5981232921165476e-05,0.9999361310951782,1.838722888920868e-05,4.393933836389417e-22
775,3,3,0.9999999999969311,1.6160809984044415e-13,5.1858974470001076e-21,0.9999999999969311,1.0558274739477728e-14,2.8966765330210288e-12,1.9554509121795812e-35
777,2,2,0.9461892516612213,5.124416284267281e-05,0.9461892516612213,0.019948894585652327,2.9639607788492683e-05,0.033780969982495336,7.808612217703755e-19
778,3,3,0.999999999996922,1.6225401925261361e-13,5.212471968551535e-21,0.999999999996922,1.0598325697588017e-14,2.9051926408581566e-12,1.9652231174436752e-35
780,3,3,0.9999999999969075,1.631473989259897e-13,5.2478902480981275e-21,0.9999999999969075,1.0644211179790343e-14,2.9186844801823508e-12,1.9796214833722898e-35
781,3,3,0.9999999999969268,1.619143566068913e-13,5.199783444501605e-21,0.9999999999969268,1.0576372370306016e-14,2.9008201273270156e-12,1.9608111095086917e-35
782,1,1,0.9999971935811538,0.9999971935811538,1.515294377572287e-11,7.636668675002962e-09,1.7152127128842277e-10,2.798595503364868e-06,7.393612679443891e-34
784,1,1,0.9999971926455817,0.9999971926455817,1.511695501117384e-11,7.638041860958601e-09,1.7143757258720257e-10,2.799529821950612e-06,7.320685999932986e-34
789,6,6,0.9663074567124064,0.006133802944473033,0.006076992569507264,0.00757936465015677,5.0170903997772055e-05,0.013852212219458804,0.9663074567124064
790,5,5,0.9870785399062426,5.104815610282061e-05,0.0009383609503516283,2.452395275331847e-07,3.5954084843959876e-05,0.9870785399062426,0.011895851662931367
791,4,4,0.9999362124308446,1.8703776770882916e-05,7.996467980068787e-07,2.591431385977073e-05,0.9999362124308446,1.8369831726714014e-05,4.389867989485883e-22
792,3,3,0.999999999996913,1.6279268249761368e-13,5.233066593702182e-21,0.999999999996913,1.0629746439192708e-14,2.9136021759712838e-12,1.9738745271749764e-35
793,4,4,0.9999362494204524,1.8678024633157855e-05,7.980497513212604e-07,2.592448696797353e-05,0.9999362494204524,1.835001819503317e-05,4.372995184793367e-22
794,3,3,0.9999999999969253,1.6189048894432494e-13,5.204090806594589e-21,0.9999999999969253,1.0591302635394972e-14,2.9022452109206207e-12,1.9626717844227703e-35
796,2,2,0.9860017467635946,3.829298648598629e-06,0.9860017467635946,0.005062921015768818,4.960923401448617e-06,0.008926541998586562,2.3053869557795742e-23
797,3,3,0.9999999999969277,1.6168335865457488e-13,5.196074611268703e-21,0.9999999999969277,1.0570535644745745e-14,2.9001640136236052e-12,1.9622580940046947e-35
799,1,1,0.9999971982255094,0.9999971982255094,1.5075800718844138e-11,7.620937347395504e-09,1.7111293978692472e-10,2.793967364587192e-06,7.234894124512003e-34
803,4,4,0.9999361793483565,1.8677610495234756e-05,7.978645994442664e-07,2.59868924852061e-05,0.9999361793483565,1.835828406362073e-05,4.367082828801582e-22
804,1,1,0.9999971979018561,0.9999971979018561,1.506814165950054e-11,7.626185131126872e-09,1.7119346376726823e-10,2.794285696998734e-06,7.240108758459642e-34
805,3,3,0.9999999999969196,1.6236910542259617e-13,5.219021585789692e-21,0.9999999999969196,1.0610899420255906e-14,2.9075323515740972e-12,1.9660084682357696e-35
806,5,5,0.9870232833443549,5.073523672924183e-05,0.0009447926816155499,2.4363813131848606e-07,3.58744575856144e-05,0.9870232833443549,0.011945070641583413
807,1,1,0.9999971961230216,0.9999971961230216,1.5102130318228447e-11,7.631712949951857e-09,1.714053516101875e-10,2.7960587580433002e-06,7.304246197373995e-34
808,3,3,0.9999999999969222,1.6225577914646725e-13,5.211656510012049e-21,0.9999999999969222,1.0598693470490486e-14,2.904992161821769e-12,1.9640715365315956e-35
810,6,6,0.9671211683506518,0.005979656562484325,0.00594357777880368,0.007391348344511354,4.891726696433915e-05,0.013515331696584558,0.9671211683506518
811,2,2,0.9860114940900807,3.826921632535631e-06,0.9860114940900807,0.005055410124861111,4.957899368278238e-06,0.008924310964057363,2.3143990188475647e-23
812,1,1,0.9999970846002348,0.9999970846002348,1.6206290441145727e-11,8.063457894846917e-09,1.8037748410765065e-10,2.907139723531257e-06,9.135221939303566e-34
813,6,6,0.9661355562186429,0.006196518049424087,0.0060999555172901,0.007589019086981346,5.0319367529456376e-05,0.013928631760132237,0.9661355562186429
814,1,1,0.9999971962715185,0.9999971962715185,1.508121458015766e-11,7.633758929584642e-09,1.7132830923443063e-10,2.795908313075729e-06,7.254685806043963e-34
815,2,2,0.9857346876880293,3.931812506604295e-06,0.9857346876880293,0.005017802226385899,5.089703564153755e-06,0.009238488569514054,2.7106996705190283e-23
817,4,4,0.9999362394480262,1.868797675032783e-05,7.980299598502689e-07,2.5922633274390125e-05,0.9999362394480262,1.8351911989231615e-05,4.362377725982938e-22
820,4,4,0.999936196058919,1.8691565056872482e-05,7.998866111536117e-07,2.593847344804841e-05,0.999936196058919,1.8374015964922137e-05,4.395497354117157e-22
821,5,5,0.9871079626196213,5.103346621137232e-05,0.000935543635937979,2.472566903660401e-07,3.5988708539305856e-05,0.9871079626196213,0.011869224312999693
822,4,4,0.9999362266311967,1.868444473795284e-05,7.979552735586943e-07,2.5937964997543353e-05,0.9999362266311967,1.8353003794148374e-05,4.374905696078613e-22
825,2,2,0.9859992328673409,3.8327176907421315e-06,0.9859992328673409,0.005062810667385052,4.96259884270826e-06,0.008929161148740573,2.3118682281918562e-23
826,2,2,0.9859081603928022,3.870434715618449e-06,0.9859081603928022,0.005097301051461564,5.006470929454395e-06,0.008985661650091174,2.3500110850601115e-23
827,3,3,0.9999999999969267,1.618026922694438e-13,5.192506783981148e-21,0.9999999999969267,1.0565994094723995e-14,2.900968071462478e-12,1.965206836573824e-35
828,2,2,0.985922314763155,3.860848588334472e-06,0.985922314763155,0.005086587658235054,4.996885391536272e-06,0.00898223984462994,2.350185903034297e-23
829,2,2,0.9859963496443551,3.832433964904904e-06,0.9859963496443551,0.005050872546370149,4.966579175762356e-06,0.008943978796133966,2.3334335277162323e-23
833,4,4,0.9999361940208377,1.8710528231296945e-05,7.98962139947827e-07,2.592680960454556e-05,0.9999361940208377,1.8369679186557713e-05,4.369640982356883e-22
834,1,1,0.999997197509984,0.999997197509984,1.5071085499389023e-11,7.625738407540513e-09,1.711785357480289e-10,2.7946780281289057e-06,7.236985039706409e-34
835,5,5,0.9871685368670996,5.114120880588792e-05,0.0009378356270794688,2.46792092707324e-07,3.599234669809218e-05,0.9871685368670996,0.011806247158224205
836,4,4,0.9999360741614277,1.8704921398870602e-05,7.99960447956585e-07,2.6022219960429878e-05,0.9999360741614277,1.8398736765066808e-05,4.400613172260152e-22
838,5,5,0.987014620096353,5.096960260733807e-05,0.0009357738170203202,2.456868475906755e-07,3.5924313044731356e-05,0.987014620096353,0.011962466484127103
840,5,5,0.9876887999950056,5.117725756792394e-05,0.0009364450956448774,2.53386068945467e-07,3.607380301595124e-05,0.9876887999950056,0.011287250462696722
841,2,2,0.9859088447758569,3.8701255874520185e-06,0.9859088447758569,0.005097996933699339,5.007092521882438e-06,0.008984281072334266,2.3576824471094595e-23
842,5,5,0.9873507242161329,5.097949972192366e-05,0.0009324628872489043,2.500846735215343e-07,3.595275332716457e-05,0.9873507242161329,0.011629630558895565
843,1,1,0.9999972019166428,0.9999972019166428,1.505102714686799e-11,7.605729309127361e-09,1.7079003650655277e-10,2.790291786829005e-06,7.2342581669307525e-34
844,1,1,0.9999971982067681,0.9999971982067681,1.5059927992717523e-11,7.632430967554618e-09,1.7118872355555443e-10,2.7939745521950804e-06,7.246326025190431e-34
845,1,1,0.999997196330286,0.999997196330286,1.5085913145640103e-11,7.625314901807557e-09,1.7126052393640346e-10,2.7958580525865903e-06,7.2611268991619795e-34
846,6,6,0.9662795316082504,0.006128249502222789,0.0060883619363145515,0.0075770689550265545,5.0161868051313396e-05,0.013876626130134387,0.9662795316082504
847,4,4,0.9999362797320817,1.8671353287279708e-05,7.985766690000689e-07,2.590346565780878e-05,0.9999362797320817,1.8346872304267925e-05,4.373176668196981e-22
849,4,4,0.9999362249764326,1.8670526308561842e-05,7.978111920041027e-07,2.5958104138132848e-05,0.9999362249764326,1.834858192865242e-05,4.365377373132297e-22
851,1,1,0.9999971951463259,0.9999971951463259,1.5087587418501458e-11,7.637334353955123e-09,1.714471093664757e-10,2.7970298050823753e-06,7.256257415487272e-34
854,6,6,0.9676431336875053,0.005872242178410384,0.005857383806125872,0.007269436825465959,4.809241542834026e-05,0.013309711087064087,0.9676431336875053
856,2,2,0.9858723436222316,3.898690802168213e-06,0.9858723436222316,0.0051162137689615885,5.024973049571911e-06,0.009002518944955063,2.4037065944489825e-23
857,4,4,0.9999361623441867,1.8720648281234698e-05,7.991492093557713e-07,2.5941428354956338e-05,0.9999361623441867,1.837642996773253e-05,4.373106306431674e-22
859,1,1,0.9999971981361675,0.9999971981361675,1.5085773929270283e-11,7.622516829943566e-09,1.711518573805132e-10,2.7940550780121557e-06,7.262105283298061e-34
860,4,4,0.9999358742884414,1.8787047181653544e-05,8.023877891019562e-07,2.607184487420309e-05,0.9999358742884414,1.8464431713642016e-05,4.398794845408853e-22
862,1,1,0.9999971938017819,0.9999971938017819,1.5093057618004094e-11,7.644443345409568e-09,1.7152264945251525e-10,2.7983671591014336e-06,7.255954218489362e-34
865,6,6,0.9674846410055926,0.0059021553290217205,0.005888326976308211,0.007309107945428933,4.8351570755949507e-05,0.013367417172892566,0.9674846410055926
866,3,3,0.9999999999969209,1.6231303074272922e-13,5.216486101044435e-21,0.9999999999969209,1.0609515727533572e-14,2.9060686993519892e-12,1.9634286579501528e-35
867,2,2,0.9859871715918272,3.8405755953461356e-06,0.9859871715918272,0.005064577133935675,4.970483540585331e-06,0.008939440215101225,2.3230447647549574e-23
868,2,2,0.9858710459706509,3.8732402846483525e-06,0.9858710459706509,0.0051228007940512365,5.012648401450204e-06,0.00899726734661177,2.3423192738473353e-23
870,4,4,0.9999362248206555,1.8698194845460702e-05,7.987162927416763e-07,2.591750787372501e-05,0.9999362248206555,1.8360760332569448e-05,4.369568680045202e-22
871,4,4,0.9999362208876639,1.8700512584788726e-05,7.988312237361511e-07,2.5917329829890894e-05,0.9999362208876639,1.8362438697772057e-05,4.370201717240584e-22
872,1,1,0.9999971920600235,0.9999971920600235,1.5120755393484484e-11,7.648396206819216e-09,1.7170230969888006e-10,2.8001047571685306e-06,7.284761811754638e-34
876,4,4,0.9999360292309925,1.875721397952843e-05,8.002557527248077e-07,2.599867330064375e-05,0.9999360292309925,1.8414625974660395e-05,4.392067611666065e-22
877,5,5,0.9873561462371229,5.081037201150077e-05,0.0009556556467019249,2.465492436582351e-07,3.596276110356841e-05,0.9873561462371229,0.011601178433816584
878,2,2,0.986000619769751,3.833215766362968e-06,0.986000619769751,0.004999722905010338,4.97169473587621e-06,0.008990852414736385,2.429046543493134e-23
879,5,5,0.9869996421783777,5.099944473344961e-05,0.0009416353984488717,2.4524077148616926e-07,3.594953071012338e-05,0.9869996421783777,0.011971528206958413
880,4,4,0.9999362386861513,1.869422428754838e-05,7.983710486836109e-07,2.5913886716804292e-05,0.9999362386861513,1.8354831795601422e-05,4.366700649240711e-22
881,5,5,0.9871340232458538,5.103874553573087e-05,0.0009383896376031891,2.464365415863713e-07,3.598867905056833e-05,0.9871340232458538,0.011840313255415076
882,1,1,0.9999971660034727,0.9999971660034727,1.5416358080100785e-11,7.748948109660717e-09,1.7394305635225512e-10,2.8260582198109325e-06,7.804444036278296e-34
884,1,1,0.9999971986682896,0.9999971986682896,1.5063120282972622e-11,7.626756429722675e-09,1.7116844172207686e-10,2.7935187223661333e-06,7.2368558578328295e-34
885,6,6,0.9676640668229946,0.005867048938310195,0.005856106175355265,0.007271696346383367,4.808710869574298e-05,0.01329299460826091,0.9676640668229946
888,4,4,0.9999362188569767,1.8693460824297913e-05,7.984051764365701e-07,2.5929260897233954e-05,0.9999362188569767,1.8360016125296272e-05,4.362728430663371e-22
889,4,4,0.9999362097848671,1.8692614712674473e-05,7.99038757608102e-07,2.5934006732779996e-05,0.9999362097848671,1.8364554929829708e-05,4.376129829629698e-22
890,6,6,0.9673656597411583,0.005929550003293611,0.0059036345470868026,0.00734133603511396,4.855541278680196e-05,0.013411264260560628,0.9673656597411583
891,2,2,0.9859337997795884,3.858998469428545e-06,0.9859337997795884,0.005096096538815953,4.991864966141699e-06,0.008961252818160046,2.3355382123438005e-23
893,5,5,0.9870252169496901,5.118211335112196e-05,0.0009417450271745737,2.4719740375409733e-07,3.601118735061614e-05,0.9870252169496901,0.011945597525029824
894,3,3,0.9999999999969225,1.6222198347292852e-13,5.207477373098659e-21,0.9999999999969225,1.0589782188088123e-14,2.9048349829949586e-12,1.9649669434292357e-35
895,6,6,0.9675229740338201,0.005896056881400561,0.005882241615527403,0.007299850460661345,4.831572686109817e-05,0.013350561281729496,0.9675229740338201
896,2,2,0.9859607890001556,3.847196235796382e-06,0.9859607890001556,0.005082847678096593,4.979329653264466e-06,0.008947536795858664,2.3153587544711655e-23
899,2,2,0.9859427756532395,3.856508750034976e-06,0.9859427756532395,0.005090408850199294,4.986522005328825e-06,0.008957972465805956,2.3277200380314576e-23
900,1,1,0.9999971973031457,0.9999971973031457,1.507941604537439e-11,7.61820996341438e-09,1.7108191225100505e-10,2.7948924830194446e-06,7.259623377289642e-34
901,4,4,0.9999361597622086,1.8718360216301692e-05,8.001138978928165e-07,2.5939801849941453e-05,0.9999361597622086,1.8381961827242003e-05,4.38050042956763e-22
903,5,5,0.987117139662227,5.113082001892399e-05,0.00094522527401707,2.4643206318535917e-07,3.6005404292364233e-05,0.987117139662227,0.01185025240738146
904,6,6,0.9672265968298647,0.005946103569134522,0.005921533268386889,0.007387919042928235,4.876935227939373e-05,0.013469077937406239,0.9672265968298647
907,1,1,0.9999972001032579,0.9999972001032579,1.5058166086124387e-11,7.619134055166293e-09,1.7102631776123146e-10,2.792091523641533e-06,7.229796250017435e-34
908,4,4,0.999936254992716,1.8674440165219883e-05,7.983827606519249e-07,2.592193973737164e-05,0.999936254992716,1.83502446207745e-05,4.370353416573e-22
909,4,4,0.9999362063400192,1.8685168181520022e-05,7.984824748879558e-07,2.595383423741692e-05,0.9999362063400192,1.8356175086909182e-05,4.368013923545117e-22
910,6,6,0.9670329293839037,0.005961715566099842,0.00595418684205413,0.0074591863069200445,4.9070291088278376e-05,0.013542911609933938,0.9670329293839037
911,2,2,0.9860316025337679,3.819992717894836e-06,0.9860316025337679,0.00503467284723802,4.95131152075912e-06,0.008924953314755346,2.3217979706212668e-23
912,1,1,0.9999972025380623,0.9999972025380623,1.505793050647339e-11,7.601435608483528e-09,1.7077850753000435e-10,2.789674665646969e-06,7.2604106811674e-34
914,3,3,0.9999999999968735,1.649545049807543e-13,5.345042393273835e-21,0.9999999999968735,1.0808818961258026e-14,2.9508038787484256e-12,2.0196616944977693e-35
915,2,2,0.9859344012906511,3.861104389601868e-06,0.9859344012906511,0.005096855626686526,4.992959116816972e-06,0.00895988901915605,2.3328500697787944e-23
916,1,1,0.9999972005877344,0.9999972005877344,1.5084643936237287e-11,7.614478296441047e-09,1.7109197380902379e-10,2.7916116107966388e-06,7.288068369327037e-34
918,2,2,0.9859552353601384,3.846059001259868e-06,0.9859552353601384,0.005087968672367933,4.97700841175368e-06,0.008947972900080602,2.3138773511416147e-23
919,1,1,0.9999971953651998,0.9999971953651998,1.5106548017199467e-11,7.63753848675106e-09,1.713965563806456e-10,2.796810758567519e-06,7.278373438456073e-34
920,5,5,0.9870480126817791,5.091140349964639e-05,0.0009406035397913928,2.443087698941378e-07,3.591042128143261e-05,0.9870480126817791,0.011924317644878502
921,3,3,0.9999999999969191,1.623001841381619e-13,5.2143396436109586e-21,0.9999999999969191,1.0603159629359454e-14,2.9078729770212186e-12,1.9694219548642414e-35
922,2,2,0.9856659781867085,3.973446359137631e-06,0.9856659781867085,0.005202498835362357,5.121357951092677e-06,0.009122428173618868,2.455634723741097e-23
923,5,5,0.9869942371282248,5.084575614855695e-05,0.0009444494262098633,2.4354957930637085e-07,3.589320997610596e-05,0.9869942371282248,0.011974330929861422
924,5,5,0.9872084742252258,5.1067208460712394e-05,0.000935947418476224,2.472367652675822e-07,3.598355316660245e-05,0.9872084742252258,0.011768280357905366
925,3,3,0.99999999999692,1.62261916709852e-13,5.21920163039606e-21,0.99999999999692,1.0610716078437087e-14,2.906986147039398e-12,1.9666650278051855e-35
926,5,5,0.9875503785778563,5.305232010015115e-05,0.0009711167886058069,2.65157710075879e-07,3.6768614820384834e-05,0.9875503785778563,0.011388418540907245
927,5,5,0.9872843687972535,5.0785234692012625e-05,0.0009492899216459919,2.451480379653882e-07,3.592621168579034e-05,0.9872843687972535,0.011679384686684878
929,6,6,0.9675528056105688,0.005880501884385502,0.005877550731199708,0.007304976583169937,4.827628354799495e-05,0.013335888907128056,0.9675528056105688
930,6,6,0.9667704519254404,0.006039600262412776,0.006013483875547802,0.007452891114754353,4.942608609994405e-05,0.01367414673574474,0.9667704519254404
932,2,2,0.9856266492978201,4.020925439555957e-06,0.9856266492978201,0.00518921424615564,5.141831687309629e-06,0.009174973698897393,2.663858241360042e-23
933,4,4,0.999936205807674,1.8694476235852837e-05,7.982596058967225e-07,2.594115441781161e-05,0.999936205807674,1.8360302066579917e-05,4.365115543267479e-22
934,3,3,0.9999999999969257,1.6202655638264473e-13,5.204637144775463e-21,0.9999999999969257,1.0589165816941462e-14,2.9017977112095994e-12,1.9632945153018144e-35
935,1,1,0.999997196407124,0.999997196407124,1.5077675094986607e-11,7.635115422665542e-09,1.7126940753794522e-10,2.7957714134024515e-06,7.2582937505482876e-34
936,5,5,0.987300653937109,5.1127327555241354e-05,0.0009317330223701772,2.5048485049191144e-07,3.606323042554581e-05,0.987300653937109,0.011680171997689653
939,5,5,0.9870790436538708,5.102078678117879e-05,0.0009378664081560993,2.453849224348754e-07,3.5938989134056e-05,0.9870790436538708,0.011895884777135457
940,4,4,0.9999362318932292,1.869268166000778e-05,7.987103606429213e-07,2.591733742315831e-05,0.9999362318932292,1.835937732701225e-05,4.367784805997309e-22
941,5,5,0.9875641635623799,5.0964998502165846e-05,0.0009515160046839915,2.48943206062677e-07,3.6021819488238146e-05,0.9875641635623799,0.011397084671739697
942,4,4,0.999936128159322,1.8713667215777337e-05,7.99084454561496e-07,2.5977257433466724e-05,0.999936128159322,1.838183157424949e-05,4.368928791694617e-22
943,4,4,0.9999361469906715,1.8722960121054622e-05,7.992499694061509e-07,2.595056808136958e-05,0.9999361469906715,1.8380231156749687e-05,4.380409671810621e-22
945,3,3,0.9999999999969212,1.623116710685552e-13,5.215026486893767e-21,0.9999999999969212,1.0601111819180161e-14,2.9059085660682504e-12,1.96500409366031e-35
946,5,5,0.9870381343223499,5.0838746766792795e-05,0.0009405388077770931,2.443827936813759e-07,3.590222199482374e-05,0.9870381343223499,0.01193434151831775
947,1,1,0.9999971980974517,0.9999971980974517,1.506828615466983e-11,7.626532171564552e-09,1.7126303344278066e-10,2.7940896848609056e-06,7.236993063173808e-34
949,4,4,0.9999361949887129,1.8694281478385828e-05,7.987400235208106e-07,2.5946750693755058e-05,0.9999361949887129,1.8365239091495735e-05,4.380966480030673e-22
950,6,6,0.9673626144006757,0.005920249609138773,0.005909470460501254,0.007346502688887162,4.8565122553003404e-05,0.013412597718244181,0.9673626144006757
951,4,4,0.9999362274013901,1.8687660306595164e-05,7.983144395602327e-07,2.5931020883463212e-05,0.9999362274013901,1.8355602980285382e-05,4.3736623700758155e-22
953,3,3,0.9999999999969308,1.616653237052404e-13,5.18765999685408e-21,0.9999999999969308,1.055869129314653e-14,2.8970391960864666e-12,1.9562556987512887e-35
955,6,6,0.967378408907753,0.0059111941763437485,0.005898119538829986,0.007358346222177806,4.8568617040339925e-05,0.013405362537855209,0.967378408907753
956,5,5,0.9869767623718382,5.085973223812997e-05,0.0009404224679633736,2.452438950544587e-07,3.590546402410255e-05,0.9869767623718382,0.011995804720041121
957,5,5,0.9870711779519898,5.091803250352262e-05,0.0009362696463075577,2.451481459883923e-07,3.589131791758617e-05,0.9870711779519898,0.011905497903135524
958,4,4,0.9999362344429873,1.870074771219194e-05,7.99175310001258e-07,2.59029422615573e-05,0.9999362344429873,1.8362691728929587e-05,4.371928721827306e-22
959,5,5,0.986960461710393,5.0818856848358386e-05,0.0009436601739132302,2.439631347762299e-07,3.589313994905137e-05,0.986960461710393,0.012008922155761612
960,1,1,0.9999971929872445,0.9999971929872445,1.5159216967828955e-11,7.629657349920019e-09,1.714667813878655e-10,2.799196472205318e-06,7.391741891991137e-34
961,5,5,0.9880820166326111,5.0981894513641014e-05,0.0009722812600223318,2.5180164871174936e-07,3.617995415399187e-05,0.9880820166326111,0.01085828845705032
962,2,2,0.9859119063952038,3.864722930305837e-06,0.9859119063952038,0.005076134487838109,5.003305324188302e-06,0.009003091088703685,2.412811195983814e-23
963,4,4,0.9999361531263514,1.8714572029736893e-05,7.991937144293378e-07,2.5954571029103426e-05,0.9999361531263514,1.8378536875205275e-05,4.370238996858448e-22
964,4,4,0.9999362247642006,1.8697743964931673e-05,7.989543928871617e-07,2.5917900764130016e-05,0.9999362247642006,1.8360636677376124e-05,4.379938803492686e-22
967,1,1,0.9999972033140312,0.9999972033140312,1.5042856743943894e-11,7.604363348783878e-09,1.7074057685771572e-10,2.788895822138956e-06,7.226485592174798e-34
968,6,6,0.9625378779765368,0.006741480946159612,0.006487586694674296,0.00883020170244384,5.55823296467204e-05,0.015347270350538704,0.9625378779765368
969,3,3,0.9999999999969262,1.6188209060524183e-13,5.198160974739203e-21,0.9999999999969262,1.0573581594832486e-14,2.901308179014514e-12,1.9622648626058953e-35
970,5,5,0.9869181047017248,5.0861330968332384e-05,0.000942035368685912,2.4375962195728377e-07,3.5865920574403494e-05,0.9869181047017248,0.012052888918424645
972,1,1,0.9999972011863056,0.9999972011863056,1.505351129027739e-11,7.604185521902012e-09,1.7075156814579824e-10,2.791023703859241e-06,7.237760916362694e-34
973,3,3,0.9999999999969228,1.6211657579404503e-13,5.207828048983621e-21,0.9999999999969228,1.0587973659164479e-14,2.9045826212164723e-12,1.9658328084673343e-35
974,2,2,0.9859924996481297,3.836203815519638e-06,0.9859924996481297,0.005063939527622739,4.967431265458327e-06,0.008934757189166592,2.315568123772845e-23
975,5,5,0.9871737195307853,5.099122923691948e-05,0.0009333751298479855,2.4787619866760944e-07,3.596546316064346e-05,0.9871737195307853,0.011805700770770512
976,1,1,0.9999972001134824,0.9999972001134824,1.5063537404162303e-11,7.615644096619555e-09,1.7098853375045886e-10,2.792084821465798e-06,7.2282280817784585e-34
977,6,6,0.9675457733469514,0.005876030726532277,0.0058869190782646205,0.007294775818445752,4.82823079357105e-05,0.01334821872187037,0.9675457733469514
979,3,3,0.9999999999969308,1.6158658189268626e-13,5.187051461821936e-21,0.9999999999969308,1.0560569444465432e-14,2.8971180718156917e-12,1.9567039390388894e-35
983,5,5,0.9869576118628782,5.086994629172371e-05,0.0009419415106254298,2.440613308580305e-07,3.58940243474531e-05,0.9869576118628782,0.01201343859452629
985,6,6,0.9673880140118017,0.005915221702716423,0.005907178018329011,0.007335776361205249,4.8516334107940215e-05,0.01340529357183964,0.9673880140118017
986,4,4,0.9999359549056291,1.874489310318647e-05,8.024864171198344e-07,2.6055393657111998e-05,0.9999359549056291,1.8442321193372884e-05,4.420258178398568e-22
989,6,6,0.9677109316586668,0.005852914983553728,0.005850913471366404,0.007259770802238818,4.8027010562392255e-05,0.013277442073611766,0.9677109316586668
991,3,3,0.9999999999969015,1.6334667080191703e-13,5.273654550279533e-21,0.9999999999969015,1.0683859676694955e-14,2.9245778165486214e-12,1.984922255275523e-35
992,5,5,0.9870174122212585,5.0864283156236644e-05,0.0009388372007533287,2.4437966058180253e-07,3.590180632758189e-05,0.9870174122212585,0.011956740108843766
994,1,1,0.9999971952675983,0.9999971952675983,1.51181524402475e-11,7.632431842995017e-09,1.7133579102672846e-10,2.7969135159328326e-06,7.316266666783171e-34
997,3,3,0.999999999996926,1.6195190379724042e-13,5.202178319539846e-21,0.999999999996926,1.0583153014606894e-14,2.9015379209613623e-12,1.964074537665261e-35
998,4,4,0.9999362523900979,1.867097974999552e-05,7.978821699344437e-07,2.5935569464974218e-05,0.9999362523900979,1.8343178517249042e-05,4.366708790169874e-22
999,2,2,0.9859981256700717,3.832332733324243e-06,0.9859981256700717,0.005064979930686351,4.963571050736294e-06,0.008928098495457832,2.3110000779573557e-23
1000,4,4,0.9999362260491955,1.8692599566400376e-05,7.984408627431513e-07,2.5926443098471243e-05,0.9999362260491955,1.8356467276923672e-05,4.367778101558189e-22
1001,6,6,0.967594911061687,0.005878106524917166,0.005870467687931841,0.007287564463455666,4.8205805440650634e-05,0.013320744456567618,0.967594911061687
1003,6,6,0.9675765389950944,0.005876673972497709,0.005877822005550704,0.007291670754948238,4.823696001425552e-05,0.013329057311894741,0.9675765389950944
1004,1,1,0.9999972041544355,0.9999972041544355,1.503276692449546e-11,7.601326002691251e-09,1.7064204373285968e-10,2.788058563739603e-06,7.220863787248427e-34
1006,2,2,0.9860002689413337,3.832168689943343e-06,0.9860002689413337,0.005058908479123665,4.962597008915174e-06,0.008932027813843812,2.314627364255135e-23
1007,3,3,0.9999999999969229,1.6204362485613695e-13,5.204319308695737e-21,0.9999999999969229,1.0579733618602997e-14,2.9044973153845614e-12,1.9668068044312334e-35
1008,1,1,0.9999971943096644,0.9999971943096644,1.5097155345593918e-11,7.628101244488857e-09,1.713409574264941e-10,2.7978757962164265e-06,7.278294522009955e-34
1009,4,4,0.9999361883976834,1.870618745475101e-05,7.993004896664953e-07,2.5934507109281168e-05,0.9999361883976834,1.8371607262961095e-05,4.374364337973577e-22
1011,3,3,0.9999999999969242,1.620162502086717e-13,5.2079312592279484e-21,0.9999999999969242,1.0594180816374301e-14,2.9032067120946894e-12,1.963982282969201e-35
1014,4,4,0.9999361907075913,1.870728604031918e-05,7.98553018001029e-07,2.5937284471854736e-05,0.9999361907075913,1.8366168878505943e-05,4.3720865126843645e-22
1015,4,4,0.999936160977758,1.871279640818311e-05,8.006970464825411e-07,2.5938840757116286e-05,0.999936160977758,1.8386688030276768e-05,4.40649616697229e-22
1017,6,6,0.9666230165739638,0.006096650964701862,0.00601510281541494,0.007492569155411487,4.959752745340973e-05,0.013723062963054516,0.9666230165739638
1018,6,6,0.9668686589781583,0.006013548412664791,0.005985416772302262,0.0074582853949236244,4.9371310052901565e-05,0.013624719131898054,0.9668686589781583
1019,2,5,0.993054616510103,5.333644701769125e-05,0.0011448687387875926,3.190490545959593e-07,3.8037464316669886e-05,0.993054616510103,0.0057088217907205405
1020,5,5,0.9870045544346421,5.112583590271194e-05,0.0009393582682918355,2.457604277144776e-07,3.597060074806222e-05,0.9870045544346421,0.011968745099987533
1021,1,1,0.9999972017159331,0.9999972017159331,1.5049450013126818e-11,7.609852083188084e-09,1.7092150616045708e-10,2.7904882439073396e-06,7.2261022123146965e-34
1022,5,5,0.9870581737921968,5.084859456935841e-05,0.0009411336667444377,2.4462910621077465e-07,3.5894264530536865e-05,0.9870581737921968,0.011913705052852571
1023,5,5,0.9870851623978284,5.0827249877501794e-05,0.0009414817202491987,2.443533584237105e-07,3.590241492815514e-05,0.9870851623978284,0.011886381863758354
1024,6,6,0.9676271795808753,0.00586964883519713,0.005865835438568306,0.0072790897131477855,4.814117418821258e-05,0.013310105258023222,0.9676271795808753
1025,1,1,0.9999971992177386,0.9999971992177386,1.5070730478934813e-11,7.616723612252534e-09,1.7095161254291603e-10,2.7929795155443564e-06,7.248559746715893e-34
1026,4,4,0.9999361563004336,1.8721719945229842e-05,7.990100962961653e-07,2.5945767360898995e-05,0.9999361563004336,1.8377202163868603e-05,4.37362804541188e-22
1027,4,4,0.9999361631328397,1.8704931546634267e-05,7.997939435535767e-07,2.595338958593705e-05,0.9999361631328397,1.8378752084110893e-05,4.37993763225656e-22
1028,5,5,0.9871500012741952,5.084188948135931e-05,0.0009442546507151369,2.443824764345433e-07,3.591496416732185e-05,0.9871500012741952,0.01181874283896466
1031,3,3,0.9999999999969174,1.6221305798388496e-13,5.2172515697453336e-21,0.9999999999969174,1.0599344117132456e-14,2.9099214002465662e-12,1.9748992641766335e-35
1034,6,6,0.9663602333215419,0.006102569251585181,0.006053088504047171,0.00760230560058134,5.0125409126847735e-05,0.013831677913117593,0.9663602333215419
1035,6,6,0.9653461973626611,0.006256610623374076,0.006177969332766566,0.007934002567162913,5.155608504948445e-05,0.014233664028985876,0.9653461973626611
1036,2,2,0.9859277734985707,3.862254575914521e-06,0.9859277734985707,0.005072045873231415,4.996894065185256e-06,0.008991321479556743,2.4014703987291285e-23
1037,3,3,0.9999999999969185,1.6253238269596447e-13,5.220596689216977e-21,0.9999999999969185,1.0612877153110421e-14,2.9082930736084896e-12,1.9678751494980293e-35
1038,3,3,0.9999999999969242,1.6208131619784812e-13,5.20419938813582e-21,0.9999999999969242,1.0581657839520343e-14,2.903165214087825e-12,1.9615954963348127e-35
1039,1,1,0.9999971987906007,0.9999971987906007,1.5084819485849477e-11,7.619419204607623e-09,1.710522562038489e-10,2.793403842974524e-06,7.263890431289894e-34
1042,3,3,0.9999999999969218,1.6224300121370457e-13,5.2122184328792195e-21,0.9999999999969218,1.059680555744215e-14,2.905423528826171e-12,1.969903232451992e-35
1045,4,4,0.9999361183500757,1.8699858559221413e-05,7.997488402066561e-07,2.5995176223851163e-05,0.9999361183500757,1.8386866301133093e-05,4.390327999360383e-22
1046,3,3,0.9999999999969184,1.6245493025398556e-13,5.2228574938586335e-21,0.9999999999969184,1.0627742516468348e-14,2.9085832964699247e-12,1.9654250571238546e-35
1048,4,4,0.9999362158250974,1.8702179063041285e-05,7.991574219620563e-07,2.5916814149122905e-05,0.9999362158250974,1.8366024268524653e-05,4.378868157370152e-22
1050,6,6,0.9663603125973907,0.006060364257361017,0.006098572432949463,0.0075657449558172935,5.00453159195739e-05,0.01386496044056198,0.9663603125973907
1051,5,5,0.9871006299799746,5.1025463382606375e-05,0.00093743237547538,2.456538843721342e-07,3.5950680790940155e-05,0.9871006299799746,0.011874715846492172
1052,6,6,0.967717650395341,0.005851255963366184,0.00585547447605143,0.007252205872604188,4.8006883999905355e-05,0.013275406408637398,0.967717650395341
1054,4,4,0.9999361915835571,1.8696501038907848e-05,7.994347109005521e-07,2.5941428456870644e-05,0.9999361915835571,1.8371052236240118e-05,4.374498533519035e-22
1056,2,2,0.9859950168593599,3.830665137362278e-06,0.9859950168593599,0.005059067352825148,4.963027485760878e-06,0.008937122095191971,2.312984846073999e-23
1058,3,3,0.9999999999969164,1.6255237698301984e-13,5.228556838526686e-21,0.9999999999969164,1.0616552736966054e-14,2.9104709969480125e-12,1.9696678599152377e-35
1060,3,3,0.9999999999969251,1.6190887099465816e-13,5.204433217572613e-21,0.9999999999969251,1.057949721565655e-14,2.902480226546478e-12,1.9646304094049873e-35
1061,6,6,0.9663247053621149,0.006097363939254659,0.006091103073745019,0.007588685880997454,5.013401597762053e-05,0.01384800772791029,0.9663247053621149
1063,4,4,0.9999362454462982,1.8691350802056133e-05,7.992108650918129e-07,2.5903553147924684e-05,0.9999362454462982,1.8360438886769267e-05,4.374503667363126e-22
1065,4,4,0.9999358660869228,1.878450732153301e-05,8.00206217779091e-07,2.610909132287696e-05,0.9999358660869228,1.8440108215024747e-05,4.398683684442423e-22
1066,1,1,0.9999971912174732,0.9999971912174732,1.512676233582966e-11,7.64772637572835e-09,1.7170069018192153e-10,2.80094797295555e-06,7.310492572811811e-34
1067,3,3,0.99999999999692,1.6234329056331168e-13,5.2205487691347205e-21,0.99999999999692,1.0609541210664304e-14,2.906983208222388e-12,1.9657545129162922e-35
1068,4,4,0.9999362023100664,1.8682362948128114e-05,7.977571743622398e-07,2.5962824092822902e-05,0.9999362023100664,1.8354745718357894e-05,4.369325421317785e-22
1069,1,1,0.9999971997612939,0.9999971997612939,1.506327479559241e-11,7.622232806042495e-09,1.710569055850288e-10,2.7924303530460443e-06,7.253342881600571e-34
1070,4,4,0.9999360920764249,1.872167140849022e-05,8.004747449756811e-07,2.5989487774793034e-05,0.9999360920764249,1.8396289646851793e-05,4.3964152184592485e-22
1071,2,2,0.9859722675743694,3.840229250232611e-06,0.9859722675743694,0.005058248188199604,4.977905225590025e-06,0.00896066610295524,2.3597342150230112e-23
1075,4,4,0.9999363019006091,1.8676024899696886e-05,7.983005280437794e-07,2.5881029131663256e-05,0.9999363019006091,1.8342744831423943e-05,4.37045007058158e-22
1076,2,2,0.9859753500645372,3.834663842158298e-06,0.9859753500645372,0.0050492251319324555,4.97019046800867e-06,0.008966619949220366,2.352214012114015e-23
1077,5,5,0.9870499050809307,5.077993685703029e-05,0.0009437127519447202,2.4384518603171356e-07,3.589226848497678e-05,0.9870499050809307,0.011919466116596536
1078,3,3,0.9999999999969266,1.618778399119482e-13,5.1948388876744396e-21,0.9999999999969266,1.0572726628946886e-14,2.900969848903719e-12,1.9623053215017418e-35
1079,2,2,0.9859581534255356,3.851176270749436e-06,0.9859581534255356,0.005082664372872192,4.9821019139545e-06,0.008950348923407537,2.3275812975079236e-23
1082,1,1,0.999997192370546,0.999997192370546,1.5114238186506342e-11,7.642001018445658e-09,1.71531910518534e-10,2.799800806893827e-06,7.305103311236084e-34
1083,3,3,0.9999999999969218,1.6222064546087326e-13,5.211710582850006e-21,0.9999999999969218,1.0600629576413164e-14,2.9054176686743582e-12,1.9639129673193333e-35
1084,3,3,0.9999999999969175,1.6218549688487602e-13,5.214444269552815e-21,0.9999999999969175,1.0598405929828876e-14,2.909827022016598e-12,1.980496310643163e-35
1085,2,2,0.9859691414823591,3.84567450599108e-06,0.9859691414823591,0.005066979480494652,4.980127956614396e-06,0.00895505323468369,2.3518591994111793e-23
1086,2,2,0.9859433704353502,3.8641015593880015e-06,0.9859433704353502,0.0050197680539631065,5.001400106650692e-06,0.009027996009020697,2.4860365391711072e-23
1088,3,3,0.9999999999969167,1.6250619482047077e-13,5.22519102082314e-21,0.9999999999969167,1.0614435281203237e-14,2.910153204069321e-12,1.9710193706997877e-35
1089,5,5,0.9873362892031737,5.1462356428558864e-05,0.0009385993064335455,2.53281090361736e-07,3.610642616668553e-05,0.9873362892031737,0.011637289426707182
1090,5,5,0.9870849701357278,5.09647441606351e-05,0.000939665441612614,2.4517997536038583e-07,3.5938358565238265e-05,0.9870849701357278,0.011888216139958293
1094,2,2,0.9859756135453197,3.8364382389364485e-06,0.9859756135453197,0.005072420032892293,4.970728598752464e-06,0.008943159254950287,2.3183947250571954e-23
1095,3,3,0.9999999999968336,1.6693612035840618e-13,5.463603447097873e-21,0.9999999999968336,1.0916710492775806e-14,2.9885041001650993e-12,2.0806624982870245e-35
1096,4,4,0.9999362729441522,1.8677718444182524e-05,7.977561748756827e-07,2.591001760905487e-05,0.9999362729441522,1.8341563619718157e-05,4.363615228379111e-22
1097,3,3,0.9999999999965905,1.7954554427001454e-13,6.10441191076338e-21,0.9999999999965905,1.173587555823792e-14,3.2182418482433205e-12,2.4223937024064023e-35
1098,2,2,0.9860110798695981,3.827921167321555e-06,0.9860110798695981,0.0050565210540750565,4.957806188033637e-06,0.008923613348971514,2.3102097045788406e-23
1099,5,5,0.9870276120057031,5.095245721567616e-05,0.0009386680458406512,2.448547455066477e-07,3.5921906773753805e-05,0.9870276120057031,0.011946600729721363
1100,3,3,0.9999999999969256,1.6185095420233674e-13,5.201122175580177e-21,0.9999999999969256,1.0576684892158314e-14,2.9020588560081076e-12,1.9639641818972273e-35
1102,2,2,0.9859954910522765,3.8335259256553805e-06,0.9859954910522765,0.005065277013400412,4.963830511973409e-06,0.008930434577885468,2.3098964754138003e-23
1104,5,5,0.9870001639147825,5.0874780679886494e-05,0.0009422612004773945,2.443039799344936e-07,3.592106860212697e-05,0.9870001639147825,0.011970534731478156
1105,4,4,0.9999361554578632,1.8712086475792947e-05,7.987080866715783e-07,2.595971751135694e-05,0.9999361554578632,1.8374030063023408e-05,4.377868259970609e-22
1106,4,4,0.9999362401582857,1.8684746209770325e-05,7.986679771399042e-07,2.5920829145433623e-05,0.9999362401582857,1.835559838198282e-05,4.383737288312012e-22
1109,2,2,0.9859111356387775,3.869617478270805e-06,0.9859111356387775,0.005105184509872208,5.003488555839641e-06,0.008974806745316253,2.3391826229390384e-23
1113,1,1,0.999997202264045,0.999997202264045,1.5055134656895315e-11,7.608419890325427e-09,1.70875966990865e-10,2.7899416039965423e-06,7.2408446540713785e-34
1114,4,4,0.9999362043394885,1.8693839644036206e-05,7.993880060912826e-07,2.5935841050314698e-05,0.9999362043394885,1.836659181106404e-05,4.38647178971796e-22
1115,1,1,0.9999971966642478,0.9999971966642478,1.5076346587105565e-11,7.63521312289758e-09,1.7136794888702954e-10,2.795514094789981e-06,7.241367840145692e-34
1117,2,2,0.9859510871061893,3.84328384024204e-06,0.9859510871061893,0.005071826633024497,4.98064610149528e-06,0.008968262330844407,2.3409033886629936e-23
1120,2,2,0.9858468545430817,3.883304326549958e-06,0.9858468545430817,0.005130491553710895,5.028506829756823e-06,0.009013742092051101,2.3631363555914873e-23
1121,5,5,0.9870416145936424,5.093962325828525e-05,0.000939818671767224,2.443654248601082e-07,3.592272358862573e-05,0.9870416145936424,0.011931460022318634
1122,3,3,0.9999999999968652,1.651013872056532e-13,5.364768803256321e-21,0.9999999999968652,1.0790085885922373e-14,2.9589382349869967e-12,2.0402900576404124e-35
1124,3,3,0.9999999999968896,1.635965334021383e-13,5.302586499560948e-21,0.9999999999968896,1.0691191305823636e-14,2.936174088826995e-12,2.0064865864043419e-35
1126,1,1,0.9999971971391005,0.9999971971391005,1.5084305099874655e-11,7.63312991538016e-09,1.7132670397676357e-10,2.795041358569327e-06,7.258073899390531e-34
1127,2,2,0.9858971520255715,3.886878071728043e-06,0.9858971520255715,0.005101452336257626,5.012345249247859e-06,0.008992496414849848,2.3946377255474793e-23
1129,1,1,0.9999972020678208,0.9999972020678208,1.5053384414525215e-11,7.606088381329497e-09,1.7084404957320513e-10,2.79014019338397e-06,7.2392774390547626e-34
1131,4,4,0.9999362708167893,1.8680674948740958e-05,7.988023368665663e-07,2.5899737355044807e-05,0.9999362708167893,1.834996857013238e-05,4.373654220185677e-22
1132,6,6,0.9673592693972753,0.005925601647125862,0.00591006302616139,0.007339655208658718,4.855600223691349e-05,0.013416854718541793,0.9673592693972753
1133,2,2,0.9860372960514373,3.8155096043921956e-06,0.9860372960514373,0.005034403803811569,4.947317389017896e-06,0.008919537317757749,2.318624817950231e-23
1134,4,4,0.9999360579753434,1.873457096935367e-05,7.991952224444309e-07,2.6014420426851633e-05,0.9999360579753434,1.8393838038138692e-05,4.386413490443043e-22
1135,2,2,0.9860103369674563,3.82558739592354e-06,0.9860103369674563,0.005051179794539191,4.9589742326551275e-06,0.008929698676375854,2.3267048919939377e-23
1136,5,5,0.986917898445156,5.0918632409822e-05,0.0009391922116812896,2.44858017693771e-07,3.590401359561185e-05,0.986917898445156,0.012055841839139608
1137,1,1,0.9999971991717596,0.9999971991717596,1.506922906678667e-11,7.620296884168216e-09,1.7104542995637954e-10,2.7930218289480376e-06,7.240588211498117e-34
1138,1,1,0.9999971976629615,0.9999971976629615,1.507735464448349e-11,7.616923398360042e-09,1.7116810713791075e-10,2.7945338696987357e-06,7.266139857836536e-34
1139,5,5,0.9870285302523674,5.093313583851326e-05,0.0009373311032387999,2.4486829026112505e-07,3.591448313044801e-05,0.9870285302523674,0.01194704615713456
1140,3,3,0.9999999999969317,1.6155900573181593e-13,5.184066925357163e-21,0.9999999999969317,1.0553219402544775e-14,2.8962737446980218e-12,1.9554878028711516e-35
1141,4,4,0.9999361473811779,1.8716165945677814e-05,7.991616705374644e-07,2.5957006502874288e-05,0.9999361473811779,1.838028470297334e-05,4.373299311938217e-22
1142,4,4,0.9999361813752834,1.869024280900034e-05,7.984762052266581e-07,2.596775611534265e-05,0.9999361813752834,1.8362149587016874e-05,4.380743812052199e-22
1146,2,2,0.9860066243893383,3.8287316469885595e-06,0.9860066243893383,0.005053427702689508,4.963306042283158e-06,0.008931155870283045,2.3138899594702995e-23
1147,2,2,0.9859693358847039,3.8419517736663575e-06,0.9859693358847039,0.005073262766144441,4.974533834335764e-06,0.00894858486354368,2.3282408800225655e-23
1150,4,4,0.9999362201462251,1.8701445177662176e-05,7.989595436158289e-07,2.5911477793377813e-05,0.9999362201462251,1.8367971260362205e-05,4.371566509033048e-22
1152,3,3,0.9999999999969268,1.6180021356378479e-13,5.199911573500202e-21,0.9999999999969268,1.0574649317819573e-14,2.90084700436444e-12,1.9614761590827357e-35
1153,1,1,0.9999971895687197,0.9999971895687197,1.5194200340434294e-11,7.64995691543289e-09,1.7180922193321773e-10,2.8025943200032105e-06,7.462971198853442e-34
1155,4,4,0.9999361455687102,1.8698434671649412e-05,7.996278314783856e-07,2.597449335197298e-05,0.9999361455687102,1.8381875434663264e-05,4.389553410118917e-22
1160,6,6,0.96688390537376,0.006033016594820222,0.005978492389792722,0.007434875353409336,4.925639565400894e-05,0.013620453892563769,0.96688390537376
1163,5,5,0.9870280973593161,5.071499401005573e-05,0.0009437410049854435,2.4377565505289175e-07,3.586951348637556e-05,0.9870280973593161,0.011941333352547023
1164,4,4,0.9999361756234033,1.87164389070592e-05,7.988437924334127e-07,2.5937086805756802e-05,0.9999361756234033,1.8372007091417436e-05,4.367586418637848e-22
1165,1,1,0.999997197388568,0.999997197388568,1.5082325536452243e-11,7.628021627933017e-09,1.7122987028861234e-10,2.794797098170518e-06,7.266173790625955e-34
1166,4,4,0.9999361878424365,1.8714912868826064e-05,7.993489177046954e-07,2.5926316128192185e-05,0.9999361878424365,1.8371579648798064e-05,4.379533331973241e-22
1167,5,5,0.9870474845039123,5.087863710565386e-05,0.0009398164925354098,2.4414933412016644e-07,3.5892922693868326e-05,0.9870474845039123,0.01192568329441853
1168,3,3,0.9999999999969266,1.6188202679387399e-13,5.196698839974354e-21,0.9999999999969266,1.05717104775233e-14,2.9010387483563558e-12,1.9619013677278265e-35
1169,3,3,0.9999999999969246,1.6198011259472023e-13,5.205058815114307e-21,0.9999999999969246,1.0586727483832736e-14,2.9029069431250564e-12,1.9632794016650748e-35
1170,4,4,0.9999362218086463,1.870852271397965e-05,7.988632975172341e-07,2.59055979279748e-05,0.9999362218086463,1.8365207414224408e-05,4.367364513399084e-22
1172,6,6,0.9668330221837717,0.005995748885789654,0.005995739537397492,0.0074517841469203296,4.942940322294252e-05,0.013674275842897895,0.9668330221837717
1173,4,4,0.9999362262767751,1.8691414732311615e-05,7.994293318806973e-07,2.5916895058301805e-05,0.9999362262767751,1.8365984102362745e-05,4.381475711628744e-22
1174,4,4,0.9999362202232064,1.8680374609046885e-05,7.97639061079601e-07,2.5951894036524913e-05,0.9999362202232064,1.834986908698727e-05,4.360807251035611e-22
1177,4,4,0.9999362975005853,1.867148017208526e-05,7.98121002179241e-07,2.589013996811075e-05,0.9999362975005853,1.8342758272319732e-05,4.3658921379057695e-22
1178,5,5,0.9872175418633178,5.0918750287478416e-05,0.000937053547218557,2.4718433721315746e-07,3.591475124906915e-05,0.9872175418633178,0.01175832390358991
1181,4,4,0.9999362035345931,1.8710826633430118e-05,7.997773506673625e-07,2.5907414186449154e-05,0.9999362035345931,1.8378447236308916e-05,4.377424591808257e-22
1182,5,5,0.9870113830459605,5.101767050403718e-05,0.0009380640094460209,2.4625284890159217e-07,3.5960882865305075e-05,0.9870113830459605,0.011963328138375254
1183,3,3,0.9999999999969255,1.6183865323528846e-13,5.199176403481277e-21,0.9999999999969255,1.0573081860967593e-14,2.902147518779802e-12,1.9655940666258638e-35
1185,4,4,0.9999362532812854,1.8681918376673696e-05,7.98296677360099e-07,2.5914981657407125e-05,0.9999362532812854,1.835152200310895e-05,4.373338755201318e-22
1186,5,5,0.9870906885935851,5.108208278359061e-05,0.0009385440836785869,2.473751211070602e-07,3.596288417916271e-05,0.9870906885935851,0.011883474980652462
1187,4,4,0.9999361562009962,1.8711545704348274e-05,7.98511075502402e-07,2.596049755885787e-05,0.9999361562009962,1.8373244665149545e-05,4.373100785807513e-22
1191,4,4,0.9999361694931973,1.8700473085717777e-05,7.99055438718414e-07,2.5958645858948924e-05,0.9999361694931973,1.837233241933029e-05,4.374128549660632e-22
1192,2,2,0.9859659770416601,3.8397263977944184e-06,0.9859659770416601,0.005067123194400307,4.976717924921826e-06,0.008958083319616976,2.3412885750593976e-23
1193,3,3,0.9999999999969186,1.6240984648406916e-13,5.2175394636895595e-21,0.9999999999969186,1.0608201154545015e-14,2.9083900140517035e-12,1.9665335148558848e-35
1196,1,1,0.9999971984624334,0.9999971984624334,1.5105990714362052e-11,7.611503752046005e-09,1.70990549906026e-10,2.7937399663186466e-06,7.3242373914333835e-34
1197,3,3,0.9999999999964446,1.890358538463116e-13,6.563851078643178e-21,0.9999999999964446,1.224813113870972e-14,3.3541783845987444e-12,2.768822478296924e-35
1198,1,1,0.9999971959426902,0.9999971959426902,1.511658249374407e-11,7.624752735008854e-09,1.712819013695915e-10,2.796246158581624e-06,7.321467566010661e-34
1200,2,2,0.9860076068883139,3.831196394316198e-06,0.9860076068883139,0.005055722984652647,4.962846841872244e-06,0.008927876083797203,2.3150534907254068e-23
1201,3,3,0.99999999999692,1.6215255625519632e-13,5.2086486051332e-21,0.99999999999692,1.058687622343581e-14,2.907271344842374e-12,1.972799326108481e-35
1202,1,1,0.9999971985377544,0.9999971985377544,1.5083162801328822e-11,7.61971980437658e-09,1.7113722985983976e-10,2.7936563053663433e-06,7.264488983107424e-34
1203,6,6,0.9658823127129504,0.006226845686920562,0.0061379204644936595,0.007672128095355439,5.082456882061803e-05,0.01402996847145927,0.9658823127129504
1204,4,4,0.9999362657345435,1.867844092173048e-05,7.981489091479199e-07,2.591297067946539e-05,0.9999362657345435,1.834470494618146e-05,4.367725503588004e-22
1205,3,3,0.9999999999969273,1.6180309315699177e-13,5.197235824266692e-21,0.9999999999969273,1.0569876286637112e-14,2.900389957810701e-12,1.9616493241312088e-35
1206,5,5,0.9869882701556253,5.085946625560535e-05,0.0009378800894301164,2.4444622474252735e-07,3.588467971044137e-05,0.9869882701556253,0.011986861162753866
1208,4,4,0.9999362367390814,1.86826174141615e-05,7.979005986969659e-07,2.5934286547257506e-05,0.9999362367390814,1.834845635850208e-05,4.363349744074743e-22
1210,2,2,0.9859654727438805,3.847008181631132e-06,0.9859654727438805,0.005078785233647471,4.9785790121133234e-06,0.008946916435278248,2.3334245875820193e-23
1214,1,1,0.9999971989684365,0.9999971989684365,1.5069558880480534e-11,7.619745688095584e-09,1.7115444986975113e-10,2.79322559381818e-06,7.246813963175424e-34
1215,5,5,0.9870778865556589,5.105968068503821e-05,0.0009352331076866638,2.4697949656337715e-07,3.5950353264656886e-05,0.9870778865556589,0.011899623323208269
1216,2,2,0.9859744256633767,3.84274665263098e-06,0.9859744256633767,0.005072888799183056,4.975119609666164e-06,0.00894386767117804,2.3278673047175367e-23
1217,3,3,0.9999999999969159,1.6253003574794449e-13,5.231712408454216e-21,0.9999999999969159,1.0632941718324444e-14,2.9108969627936018e-12,1.9751319291648213e-35
1218,6,6,0.9669941523661049,0.005993315972730318,0.005970086801572497,0.007423033015629991,4.914207739074507e-05,0.013570269766571566,0.9669941523661049
1220,1,1,0.9999972002527312,0.9999972002527312,1.5087143287728506e-11,7.610941903170124e-09,1.7096443233059617e-10,2.7919502753037124e-06,7.28644127420218e-34
1223,4,4,0.9999361797972924,1.8696269903594593e-05,7.987397293581756e-07,2.5956535509773654e-05,0.9999361797972924,1.83686575649914e-05,4.371266405520721e-22
1225,1,1,0.9999971972674536,0.9999971972674536,1.507285783312055e-11,7.629738115098081e-09,1.7121990320916733e-10,2.794916515664418e-06,7.245714572054273e-34
1226,4,4,0.9999361578671218,1.87046754989907e-05,7.991312326858036e-07,2.5965603338442554e-05,0.9999361578671218,1.8372722808136216e-05,4.3860877179717785e-22
1227,2,2,0.9859362119920116,3.862642066718028e-06,0.9859362119920116,0.005092935279111221,4.990405445065141e-06,0.008961999681365268,2.329311108285427e-23
1229,3,3,0.9999999999969231,1.6204743086023747e-13,5.204513823336378e-21,0.9999999999969231,1.0582519527067454e-14,2.9042789678458438e-12,1.966411206840067e-35
1230,2,2,0.9859884929641719,3.8404314716564175e-06,0.9859884929641719,0.005060901094041173,4.970990130444043e-06,0.008941794520184856,2.3280910999528902e-23
1231,6,6,0.9659113614254926,0.0061626966608993115,0.006084299561534017,0.007775088079288836,5.069820579318208e-05,0.014015856066992082,0.9659113614254926
1234,1,1,0.999997195088439,0.999997195088439,1.50809730818834e-11,7.637114787058747e-09,1.7138299246683636e-10,2.7970879821962598e-06,7.25752877241016e-34
1235,1,1,0.9999972010845388,0.9999972010845388,1.5071556331536645e-11,7.610563125725052e-09,1.7095138807524546e-10,2.791118875078906e-06,7.268799692002852e-34
1236,3,3,0.9999999999969231,1.6200980012488268e-13,5.2087518882360945e-21,0.9999999999969231,1.059221893475007e-14,2.904301316172185e-12,1.966009213523943e-35
1237,2,2,0.9859442232015253,3.855720960108427e-06,0.9859442232015253,0.005091025630732169,4.990730232618457e-06,0.008955904716549886,2.3368462062056987e-23
1238,3,3,0.9999999999969007,1.630740732023182e-13,5.258175959312054e-21,0.9999999999969007,1.0657056202186696e-14,2.9256317534147027e-12,1.9981573967882046e-35
1239,4,4,0.9999361331386512,1.8705260222048568e-05,7.992016834174614e-07,2.5980705158440752e-05,0.9999361331386512,1.8381694284881057e-05,4.376284705702125e-22
1240,3,3,0.9999999999969038,1.6336988020909367e-13,5.263409943582409e-21,0.9999999999969038,1.0682217810635315e-14,2.9220921578526446e-12,1.9856410205873776e-35
1241,3,3,0.9999999999969243,1.6191704966263208e-13,5.204506784878803e-21,0.9999999999969243,1.0580375984883735e-14,2.903226425260423e-12,1.967425425733944e-35
1242,3,3,0.999999999996927,1.6176558418489296e-13,5.197975164995518e-21,0.999999999996927,1.0570053085152853e-14,2.900710368362016e-12,1.961821173666948e-35
1243,3,3,0.999999999996922,1.6187496246566043e-13,5.2051302413125994e-21,0.999999999996922,1.0584436635562489e-14,2.905591612642777e-12,1.9744734017506099e-35
1244,1,1,0.9999971957535704,0.9999971957535704,1.5129943145371813e-11,7.63291341583853e-09,1.7138434647231904e-10,2.79642700194487e-06,7.3649149105224125e-34
1245,6,6,0.9670169005486866,0.0059834138449601235,0.005967669398828829,0.007415521679491749,4.9112024098639933e-05,0.013567382503934003,0.9670169005486866
1246,2,2,0.9860017075513217,3.830702695697274e-06,0.9860017075513217,0.005059203222331787,4.9622897021763125e-06,0.008930296233948686,2.310796951967696e-23
1247,1,1,0.9999971906150201,0.9999971906150201,1.514130249655379e-11,7.65904236132607e-09,1.7172193679280837e-10,2.8015390741646398e-06,7.3682612555922275e-34
1248,5,5,0.9869458112522252,5.088348817704213e-05,0.0009381959866991779,2.445755742135423e-07,3.5884748165185414e-05,0.9869458112522252,0.01202897994915912
1249,5,5,0.9869861657002564,5.0842610690595646e-05,0.0009391869553095737,2.4416385134627615e-07,3.5894953303585085e-05,0.9869861657002564,0.011987665616588539
1250,4,4,0.999936158589526,1.8704136905828812e-05,7.999730915365078e-07,2.595666760856433e-05,0.999936158589526,1.838063286803726e-05,4.385069923427966e-22
1252,1,1,0.999997198100624,0.999997198100624,1.5078982743875914e-11,7.624418790041581e-09,1.712181097497214e-10,2.79408866005549e-06,7.25069330095379e-34
1253,3,3,0.9999999999969293,1.6162536218678768e-13,5.189697501088775e-21,0.9999999999969293,1.0558133370651657e-14,2.8985050257544754e-12,1.959136613461944e-35
1254,1,1,0.9999971970560629,0.9999971970560629,1.507838372863744e-11,7.629765735397473e-09,1.7128434594837324e-10,2.795127808597141e-06,7.245285176146331e-34
1258,4,4,0.9999362354293725,1.868591375843078e-05,7.992693538141487e-07,2.5919915991835422e-05,0.9999362354293725,1.8359471523487547e-05,4.3838892883515805e-22
1259,2,2,0.9858903400574653,3.883101748366949e-06,0.9858903400574653,0.005111775272653905,5.014397208673377e-06,0.008988987170923654,2.379625805210811e-23
1260,1,1,0.999997198860275,0.999997198860275,1.5062863183095345e-11,7.623267478709373e-09,1.7107851289332767e-10,2.793330316158639e-06,7.2369664658667795e-34
1262,1,1,0.9999972005571541,0.9999972005571541,1.5066252186668295e-11,7.616683174041581e-09,1.7089305090237462e-10,2.7916402033338008e-06,7.275220909904591e-34
1263,3,3,0.9999999999969259,1.6184236714956402e-13,5.199328089628391e-21,0.9999999999969259,1.0569497757781725e-14,2.901733948610135e-12,1.963359776280079e-35
1264,5,5,0.9871491906905969,5.099652739367969e-05,0.0009401630095672829,2.468508855260392e-07,3.596668171801567e-05,0.9871491906905969,0.011823436239838619
1265,2,2,0.9860084672409924,3.826960749539889e-06,0.9860084672409924,0.005054715424401458,4.9578877079260975e-06,0.008928032486148584,2.321722160142316e-23
1266,3,3,0.9999999999969256,1.619691031701675e-13,5.20515586973152e-21,0.9999999999969256,1.0592722213375556e-14,2.901903938003812e-12,1.9638544304229138e-35
1267,3,3,0.9999999999969138,1.6274601157914028e-13,5.234322400070286e-21,0.9999999999969138,1.0631341233648286e-14,2.9128087716286227e-12,1.9744048559140235e-35
1268,3,3,0.9999999999969118,1.628183434528876e-13,5.238884877210484e-21,0.9999999999969118,1.0633253612373158e-14,2.914725287390643e-12,1.9758447151435107e-35
1269,6,6,0.9678022325195114,0.005832804788386574,0.005839022082438404,0.007238760997694369,4.790352380008639e-05,0.01323927608816915,0.9678022325195114
1270,6,6,0.9675939246596688,0.005877225393001611,0.005870937462365991,0.0072903661734080765,4.824094748878685e-05,0.01331930536406686,0.9675939246596688
1271,3,3,0.9999999999969233,1.6206362193757428e-13,5.2098756020824395e-21,0.9999999999969233,1.0602837953648971e-14,2.903898858318613e-12,1.9630344726405e-35
1272,6,6,0.9664346583496858,0.006099508080134768,0.006055835961089792,0.007561661199839101,5.004681326179682e-05,0.013798289595988727,0.9664346583496858
1275,3,3,0.9999999999969185,1.6233421821694905e-13,5.2148891111613104e-21,0.9999999999969185,1.0592381067087623e-14,2.9087091007844684e-12,1.9713789017579836e-35
1276,5,5,0.9869896237495205,5.086238338252828e-05,0.0009420047289484466,2.4456126660169044e-07,3.591599568016282e-05,0.9869896237495205,0.01198134858120184
1278,2,2,0.9858018457359791,3.920973882898188e-06,0.9858018457359791,0.005068897537344318,5.055380518630467e-06,0.009120280372275054,2.6291151019010032e-23
1279,6,6,0.9668636812223607,0.005998237402205546,0.0060038697743154245,0.007425473323117614,4.935246627919269e-05,0.013659385811721618,0.9668636812223607
1283,4,4,0.9999348396165296,1.893901262701526e-05,8.016678500540456e-07,2.677902332771877e-05,0.9999348396165296,1.864067966566742e-05,4.421897960388889e-22
1285,5,5,0.9869455147605058,5.085943262216665e-05,0.000944803640841571,2.442535055814449e-07,3.590907803670714e-05,0.9869455147605058,0.012022668834488149
1286,1,1,0.9999972000947318,0.9999972000947318,1.5079882988324137e-11,7.60968195064082e-09,1.708946383597715e-10,2.792109611674159e-06,7.29699789831096e-34
1287,4,4,0.9999361980782836,1.868183770424552e-05,7.97496331945082e-07,2.5970818681991764e-05,0.9999361980782836,1.8351768998271065e-05,4.364751110191674e-22
1288,3,3,0.9999999999969231,1.6213130590565692e-13,5.208466043609214e-21,0.9999999999969231,1.0595292077470513e-14,2.9042853351205173e-12,1.9630147342647156e-35
1289,5,5,0.9869971559764713,5.086428586750979e-05,0.0009390858316795853,2.4463203612401257e-07,3.590122077396722e-05,0.9869971559764713,0.011976748053171555
1291,1,1,0.9999972014797354,0.9999972014797354,1.5046025397814946e-11,7.612045883295533e-09,1.7087630889249102e-10,2.7907222963816237e-06,7.222910924271506e-34
1292,2,2,0.9859909824204472,3.8345914816390385e-06,0.9859909824204472,0.0050659811096694105,4.9660364460272286e-06,0.008934235841955617,2.314842035860136e-23
1293,2,2,0.9860147259095448,3.824615058176072e-06,0.9860147259095448,0.005036677231875927,4.9586671572935814e-06,0.008939813576363781,2.3430043688954392e-23
1294,1,1,0.9999971995029644,0.9999971995029644,1.5078590186798632e-11,7.62118048165412e-09,1.7114333992887168e-10,2.792689633206896e-06,7.259600193005858e-34
1297,3,3,0.9999999999969256,1.619349496435169e-13,5.199089873115995e-21,0.9999999999969256,1.057451134531031e-14,2.9019395859360444e-12,1.964436261617141e-35
1300,3,3,0.9999999999969273,1.617690847446313e-13,5.196706745784597e-21,0.9999999999969273,1.0570526874341036e-14,2.9003132753922553e-12,1.963910038804264e-35
1301,5,5,0.9876106637636114,5.0919000082116664e-05,0.0009600172027745667,2.484465381272332e-07,3.6047307766658e-05,0.9876106637636114,0.011342104279227128
1305,3,3,0.999999999996925,1.6204661666458033e-13,5.204998962745175e-21,0.999999999996925,1.0591589982635251e-14,2.9023727683214676e-12,1.9608674104639715e-35
1306,3,3,0.9999999999969106,1.6300723709447142e-13,5.240163304323373e-21,0.9999999999969106,1.0637240942191068e-14,2.9158177266507798e-12,1.9735220346823356e-35
1307,4,4,0.9999362283450879,1.8688835534752217e-05,7.988716182440018e-07,2.592452576667807e-05,0.9999362283450879,1.8359421992526045e-05,4.375410463897345e-22
1308,5,5,0.987123262801979,5.10450345411314e-05,0.0009417593423751714,2.4500404728559087e-07,3.594971257683205e-05,0.987123262801979,0.011847738104480605
1309,1,1,0.9999971916436825,0.9999971916436825,1.510580507734362e-11,7.652633402719386e-09,1.7172615357189428e-10,2.800516852061011e-06,7.279378633944704e-34
1310,2,2,0.985921813121378,3.856396543569508e-06,0.985921813121378,0.005093380876093569,4.99513252172208e-06,0.0089759544734631,2.3423434515296738e-23
1311,3,3,0.9999999999969252,1.6196374125423904e-13,5.200223090477802e-21,0.9999999999969252,1.0576931812285678e-14,2.9022571140857712e-12,1.9621037814266393e-35
1312,2,2,0.985988196824539,3.836128319912258e-06,0.985988196824539,0.005070647513135406,4.967166834630596e-06,0.008932352367171194,2.3212077126942174e-23
1313,1,1,0.9999971947335056,0.9999971947335056,1.508803434961136e-11,7.63972845746151e-09,1.7143363577676474e-10,2.7974402443323194e-06,7.256802011644541e-34
1314,3,3,0.9999999999969211,1.6216811375916223e-13,5.2143076214903164e-21,0.9999999999969211,1.0601240813572457e-14,2.9060666088606024e-12,1.9689712208101582e-35
1315,5,5,0.9869958550435923,5.082158155797259e-05,0.0009407855948747894,2.4458891365584916e-07,3.5892546922358355e-05,0.9869958550435923,0.011976400644138852
1319,2,2,0.9859658350128128,3.84520205904141e-06,0.9859658350128128,0.005080274475770457,4.97615820909851e-06,0.008945069151148687,2.317146402241772e-23
1320,2,2,0.9859267746657254,3.864805828811812e-06,0.9859267746657254,0.00508783605740846,4.997461980169187e-06,0.008976527009057184,2.3451491935833957e-23
1321,1,1,0.9999971970955931,0.9999971970955931,1.5082107091418705e-11,7.630067254844124e-09,1.7128408200538667e-10,2.7950879733660445e-06,7.244072687061575e-34
1323,6,6,0.9675539571021915,0.005883067210679809,0.005878748865932701,0.007295360612596774,4.828611613462899e-05,0.01334058009246462,0.9675539571021915
1324,6,6,0.9675558193528144,0.005883162510186394,0.005876803696270192,0.007301066555681306,4.824668672279924e-05,0.013334901198324926,0.9675558193528144
1325,6,6,0.9673703615502242,0.005909992625685989,0.005903941394935719,0.007350968193176973,4.855040709651523e-05,0.013416185828880604,0.9673703615502242
1326,1,1,0.999997189927863,0.999997189927863,1.5132137614413335e-11,7.650638687926392e-09,1.7172319775007263e-10,2.8022346430169182e-06,7.31874743494268e-34
1327,1,1,0.9999972007646964,0.9999972007646964,1.5064664502312366e-11,7.610234989653194e-09,1.7090146882671402e-10,2.7914391025083454e-06,7.241658339012169e-34
1332,6,6,0.9677026805964452,0.0058551596991605614,0.0058546912250628,0.007260546284450259,4.803956672750762e-05,0.013278882628153741,0.9677026805964452
1334,3,3,0.9999999999968985,1.630906879728749e-13,5.263754062470202e-21,0.9999999999968985,1.0654438868149711e-14,2.927786863020433e-12,2.0011327261994168e-35
1335,4,4,0.9999362378959845,1.8686125671177827e-05,7.99023955851628e-07,2.591697780134866e-05,0.9999362378959845,1.8359976587093035e-05,4.37734793373529e-22
1336,6,6,0.9668105345483116,0.006042798226285685,0.005991399723246602,0.00745859239813918,4.937438721736224e-05,0.013647300716799619,0.9668105345483116
1338,5,5,0.988839576232176,5.148661702861477e-05,0.0009984562468236477,2.6158897900510925e-07,3.6468962737981726e-05,0.988839576232176,0.010073750352254777
1341,2,2,0.9859794516753203,3.835778996718396e-06,0.9859794516753203,0.005055915474013713,4.971945248643028e-06,0.008955825126420631,2.3397861720145887e-23
1342,4,4,0.9999362751502661,1.8677197728999733e-05,7.985714176101989e-07,2.5902549873671383e-05,0.9999362751502661,1.834653071366543e-05,4.372207284081132e-22
1343,3,3,0.9999999999969128,1.6271937200947999e-13,5.23201996775827e-21,0.9999999999969128,1.0621665725788948e-14,2.9138158665691408e-12,1.9738257879745925e-35
1344,3,3,0.9999999999969189,1.6250234841432527e-13,5.220514324908943e-21,0.9999999999969189,1.0610389977530966e-14,2.9079599235155077e-12,1.9663917142737043e-35
1345,4,4,0.9999361309535799,1.871159079976173e-05,8.00504821171435e-07,2.596596002209333e-05,0.9999361309535799,1.8390990777008252e-05,4.396522633718478e-22
1347,5,5,0.9873000715525494,5.109112588487077e-05,0.0009395350103160357,2.5007970454266014e-07,3.6026686700520195e-05,0.9873000715525494,0.01167302554484464
1348,3,3,0.999999999996914,1.626587187211128e-13,5.236504310492128e-21,0.999999999996914,1.0643046417163152e-14,2.912718021844363e-12,1.9720802092835594e-35
1349,5,5,0.9871266116463631,5.0925888033837516e-05,0.0009364080923367937,2.4647283737560567e-07,3.5922781488848696e-05,0.9871266116463631,0.011849885118940083
1350,5,5,0.9870570361768988,5.091165001206679e-05,0.0009405502512069389,2.4431478242538215e-07,3.5915740828745596e-05,0.9870570361768988,0.01191534186627108
1351,2,2,0.9860009659999643,3.829720311744613e-06,0.9860009659999643,0.005063436616986995,4.959348420201719e-06,0.008926808314316848,2.311989636069829e-23
1352,2,2,0.9859881347067938,3.833978902077051e-06,0.9859881347067938,0.0050690361283919644,4.9654790973123544e-06,0.008934029706814959,2.3087792575691198e-23
1353,2,2,0.9859752738730448,3.83727447238398e-06,0.9859752738730448,0.005044584230118795,4.9742321150902745e-06,0.008971330390248928,2.3733287402715323e-23
1354,2,2,0.9859833394550903,3.838770764686233e-06,0.9859833394550903,0.005067599880424212,4.970302228121237e-06,0.008940251591492518,2.3167519030554518e-23
1355,6,6,0.9663722930985573,0.006128474916141822,0.006057031391868843,0.007556173788675019,5.009283692991178e-05,0.013835933967827108,0.9663722930985573
1356,2,2,0.985972444937326,3.837472691402199e-06,0.985972444937326,0.005066344884886075,4.970594704772324e-06,0.008952402110391715,2.3334042765285638e-23
1360,5,5,0.98701812757951,5.1043530431552074e-05,0.0009454418191914381,2.4632841831726285e-07,3.5988184913088444e-05,0.98701812757951,0.011949152557535698
1362,1,1,0.9999971967752491,0.9999971967752491,1.5095568879185925e-11,7.626358167238395e-09,1.7116307582292803e-10,2.795412134031246e-06,7.2720140684164954e-34
1364,5,5,0.9870458415853371,5.099975880512383e-05,0.0009416298382009212,2.455792434499053e-07,3.596035249700131e-05,0.9870458415853371,0.011925322885916407
1365,1,1,0.9999972014663022,0.9999972014663022,1.505370736073433e-11,7.613433729444054e-09,1.7090073650062592e-10,2.790734309569792e-06,7.252911161517891e-34
1367,3,3,0.9999999999969257,1.6199368222881864e-13,5.206458257483005e-21,0.9999999999969257,1.0593691969510529e-14,2.9018415991119253e-12,1.9627098594410817e-35
1368,4,4,0.9999362313051992,1.8689000977726963e-05,7.994889904752649e-07,2.5913548236991175e-05,0.9999362313051992,1.8366656595643243e-05,4.374781899362311e-22
1369,5,5,0.9873190868695807,5.075739858121032e-05,0.000951324491303578,2.4548210402681104e-07,3.59277843929359e-05,0.9873190868695807,0.011642657974037462
1371,5,5,0.9869940890176258,5.087869818046262e-05,0.0009422189354524397,2.442250252594057e-07,3.591112691654285e-05,0.9869940890176258,0.011976657996799632
1374,2,2,0.9858978761354424,3.883985687300138e-06,0.9858978761354424,0.005101280293249744,5.01500785936148e-06,0.008991944577761205,2.3858420754727615e-23
1375,3,3,0.9999999999969303,1.6162369404575191e-13,5.1867204700394034e-21,0.9999999999969303,1.055932177965928e-14,2.897429340039752e-12,1.959065723614297e-35
1377,3,3,0.9999999999968922,1.640295839403479e-13,5.292756821540851e-21,0.9999999999968922,1.071982173099568e-14,2.933115182269357e-12,1.996165661083548e-35
1378,1,1,0.9999972000696411,0.9999972000696411,1.508302911024466e-11,7.611571510554116e-09,1.709189779908065e-10,2.7921327854064904e-06,7.279639275499545e-34
1379,2,2,0.9859773240457402,3.835069414873351e-06,0.9859773240457402,0.005073890753727814,4.968889891518899e-06,0.008939981241225579,2.3068409849724006e-23
1380,2,2,0.985976318894527,3.846057249388732e-06,0.985976318894527,0.005028414417242157,4.9839500410992295e-06,0.008986436680940544,2.4361211362579566e-23
1381,1,1,0.9999971981196538,0.9999971981196538,1.5073730286688862e-11,7.621327511606333e-09,1.7108031454177704e-10,2.794072864788805e-06,7.250084296288022e-34
1382,1,1,0.9999971912324814,0.9999971912324814,1.5116669760202756e-11,7.655629662235265e-09,1.7181022488484955e-10,2.8009249619617754e-06,7.283910417300292e-34
1383,2,2,0.9859082836223465,3.867230712598776e-06,0.9859082836223465,0.005109491785505322,5.000210521793273e-06,0.008973357150913802,2.3291083881993565e-23
1384,5,5,0.9870118398741088,5.088189693084041e-05,0.0009399452048723244,2.454734015147e-07,3.591976467901188e-05,0.9870118398741088,0.011961167786007582
1385,6,6,0.9671422230833157,0.005949961862527303,0.005948418292615991,0.007407133865489406,4.889409515479776e-05,0.013503368800896866,0.9671422230833157
1386,6,5,0.5311947089879762,0.055026804056118844,0.2685146210242571,0.11345546763309669,0.001175434745016906,0.5311947089879762,0.030632963553534336
1388,1,1,0.9999971967709158,0.9999971967709158,1.510066683383976e-11,7.635585493612185e-09,1.7136113258544312e-10,2.7954070369579016e-06,7.317429500113739e-34
1389,5,5,0.9875123883055001,5.1100961666181226e-05,0.0009343202637789467,2.519623777264265e-07,3.602527041881492e-05,0.9875123883055001,0.011465913236258223
1390,4,4,0.9999361875520132,1.8705232559674292e-05,7.981922667613289e-07,2.594678727226883e-05,0.9999361875520132,1.8362235888183354e-05,4.367302674261277e-22
1393,1,1,0.9999971985302526,0.9999971985302526,1.5065006091701086e-11,7.625359864582159e-09,1.7110563763014513e-10,2.7936582167641945e-06,7.236158540433786e-34
1396,2,2,0.9854095177619348,4.06567218784556e-06,0.9854095177619348,0.004984752859299278,5.248481885898815e-06,0.00959641522469235,3.2636176287728274e-23
1397,1,1,0.9999972060640439,0.9999972060640439,1.5023376174740538e-11,7.591651194489042e-09,1.704948789616016e-10,2.786158786707624e-06,7.209680679755638e-34
1398,4,4,0.999936191448207,1.869966899503812e-05,7.990241718256827e-07,2.5938994949845214e-05,0.999936191448207,1.8370863676347896e-05,4.36705009455661e-22
1399,3,3,0.9999999999969241,1.6206649203237845e-13,5.207976220133505e-21,0.9999999999969241,1.0592739384541579e-14,2.9032737042639296e-12,1.9689765213216165e-35
1400,6,6,0.9668074242042001,0.006009243167681888,0.005983531553280459,0.0075119424773572325,4.939988486925751e-05,0.013638458712611051,0.9668074242042001
1401,3,3,0.9999999999969271,1.6171056855896952e-13,5.196385670117617e-21,0.9999999999969271,1.0571549595807379e-14,2.9005459809661245e-12,1.9627887645241856e-35
1402,5,5,0.9876451032847448,5.0905360534332086e-05,0.0009500603140222676,2.501606021409111e-07,3.601956116391572e-05,0.9876451032847448,0.01131766131893271
1403,2,2,0.9851100584314708,4.184817028518178e-06,0.9851100584314708,0.004937780108098807,5.393091140141435e-06,0.009942583552261873,3.8408087243658524e-23
1404,2,2,0.9859376137858501,3.850550268602288e-06,0.9859376137858501,0.005051729701543413,4.99126223103564e-06,0.009001814700106784,2.3947372962634373e-23
1405,5,5,0.9869738670410397,5.093566709652291e-05,0.0009381873858522818,2.447420760070726e-07,3.591806292291012e-05,0.9869738670410397,0.012000847101012627
1406,4,4,0.9999361729004246,1.8708002237290256e-05,7.989936711477361e-07,2.5946839096136295e-05,0.9999361729004246,1.837326457091285e-05,4.379703408691258e-22
1407,1,1,0.9999971933812438,0.9999971933812438,1.510003549165016e-11,7.643960330089192e-09,1.715818214195503e-10,2.798788113935656e-06,7.280624201794954e-34
1409,4,4,0.9999361367776707,1.8719537001310377e-05,7.992780036874559e-07,2.5961748767611195e-05,0.9999361367776707,1.8382658556678277e-05,4.375276312130889e-22
1411,4,4,0.9999362191339812,1.869315679830485e-05,7.98949013588002e-07,2.5928037820287985e-05,0.9999362191339812,1.8360722386567076e-05,4.374161149107592e-22
1412,4,4,0.9999361282878748,1.8707263097904037e-05,7.993448944643801e-07,2.5981756841715456e-05,0.9999361282878748,1.838334729115001e-05,4.3779955358702e-22
1413,2,2,0.9860195903124559,3.8249175149748166e-06,0.9860195903124559,0.0050522932206216896,4.953828126519498e-06,0.008919337721281007,2.3084644838982378e-23
1415,3,3,0.9999999999969197,1.6224685714442793e-13,5.2208017803006066e-21,0.9999999999969197,1.0617058279221334e-14,2.907494698615267e-12,1.9687848580024912e-35
1416,3,3,0.9999999999969214,1.6219268355227187e-13,5.211941458401123e-21,0.9999999999969214,1.0596498549007223e-14,2.9059730891468743e-12,1.9663631890536733e-35
1418,3,3,0.999999999996923,1.621922681753704e-13,5.209605210166125e-21,0.999999999996923,1.0596688004337307e-14,2.9042520865557433e-12,1.9630604912674174e-35
1419,6,6,0.9674153929754956,0.005912920170931281,0.0059013997088914055,0.007322282214527714,4.852679647163895e-05,0.013399478133682363,0.9674153929754956
1420,1,1,0.9999971936522528,0.9999971936522528,1.514298513851623e-11,7.630637819240098e-09,1.7139537437265704e-10,2.7985305710318497e-06,7.357907110522877e-34
1421,4,4,0.9999360693291797,1.8748698087776083e-05,7.995744670201282e-07,2.598580129893391e-05,0.9999360693291797,1.8396596966545578e-05,4.385178031434822e-22
1422,2,2,0.9860195666811808,3.819219990776296e-06,0.9860195666811808,0.005038752625661465,4.951144120039029e-06,0.008932910329046882,2.3342880101328982e-23
1423,2,2,0.9859312332408859,3.860924501408047e-06,0.9859312332408859,0.005079483739470194,4.994014534663623e-06,0.008980428080607788,2.371419262670359e-23
1424,3,3,0.9999999999969245,1.6204640579631019e-13,5.204341205797996e-21,0.9999999999969245,1.0583893034373215e-14,2.9029041887944404e-12,1.9621061833056598e-35
1425,1,1,0.9999971928438903,0.9999971928438903,1.5104415164350972e-11,7.644482459352396e-09,1.7158171052196499e-10,2.7993249411239427e-06,7.2757623067121505e-34
1427,1,1,0.9999971975965499,0.9999971975965499,1.5084129853358892e-11,7.622570149009022e-09,1.7115272989085663e-10,2.794594643043727e-06,7.249411340613157e-34
1428,5,5,0.9870893173418699,5.08841847700912e-05,0.000945968381165916,2.4467999336190723e-07,3.591630808065758e-05,0.9870893173418699,0.011877669104120192
1429,6,6,0.9663383253177114,0.006100694313225474,0.0060767441023743835,0.007576494531917016,5.0113229740798874e-05,0.013857628505030941,0.9663383253177114
1431,3,3,0.9999999999969255,1.6186882776230473e-13,5.201158289414059e-21,0.9999999999969255,1.0580024690634488e-14,2.9020773466079276e-12,1.9663463935666674e-35
1432,1,1,0.9999971948082336,0.9999971948082336,1.5097743157431655e-11,7.64100079015411e-09,1.7140840020855572e-10,2.797364259507934e-06,7.284430187135769e-34
1433,5,5,0.9869631599935142,5.0983318401658e-05,0.0009422985764430395,2.45164214661948e-07,3.594390701712855e-05,0.9869631599935142,0.012007369040409253
1434,1,1,0.9999971952623401,0.9999971952623401,1.510468271674982e-11,7.63240500844397e-09,1.7134455442239723e-10,2.7969188055931215e-06,7.2686268471852105e-34
1436,4,4,0.9999362505307339,1.8689670842223517e-05,7.98946872233147e-07,2.590216253338495e-05,0.9999362505307339,1.8358689018298667e-05,4.367482234029539e-22
1437,2,2,0.9859276797057099,3.863232902491532e-06,0.9859276797057099,0.005098954082952502,4.995346891580916e-06,0.0089645076315435,2.3352556101824497e-23
1439,5,5,0.9869074976756659,5.0946414555639596e-05,0.0009428312355061881,2.447901343845306e-07,3.5919180732145056e-05,0.9869074976756659,0.012062560703405674
1440,4,4,0.9999361893358933,1.8714360263110713e-05,7.987601622031389e-07,2.5929908211497207e-05,0.9999361893358933,1.8367635469780382e-05,4.372302941113408e-22
1444,2,2,0.9858852110806184,3.877577713589979e-06,0.9858852110806184,0.005108204350212745,5.015657979539333e-06,0.008997691333475819,2.365982595745062e-23
1445,1,1,0.9999972030740536,0.9999972030740536,1.5056033642303437e-11,7.603458067757075e-09,1.7070922424247333e-10,2.7891367230538125e-06,7.256050083892161e-34
1447,4,4,0.9999362005574719,1.870777600363915e-05,7.984307700484293e-07,2.593099033900805e-05,0.9999362005574719,1.8362245415382147e-05,4.3700117113387175e-22
1448,1,1,0.9999971971252087,0.9999971971252087,1.5102808540260923e-11,7.620428644269845e-09,1.7125742445978545e-10,2.795068002423052e-06,7.284965807298832e-34
1449,2,2,0.9859149552114637,3.8611236003861626e-06,0.9859149552114637,0.005092076821226051,4.998998710291011e-06,0.00898410784499962,2.3490894714083446e-23
1450,3,3,0.9999999999969239,1.6209954614592506e-13,5.207368375969503e-21,0.9999999999969239,1.05872496532692e-14,2.9034325817992022e-12,1.9622456821939443e-35
1451,2,2,0.9859303198721207,3.8491314068789855e-06,0.9859303198721207,0.005098872440325691,4.98643807149353e-06,0.008961972118075324,2.3224123329743227e-23
1453,1,1,0.9999971943401149,0.9999971943401149,1.5100082147952614e-11,7.632889851705756e-09,1.7136033145374905e-10,2.7978405347528933e-06,7.278415276443839e-34
1454,2,2,0.9860008381163828,3.829905060776673e-06,0.9860008381163828,0.0050190097117422195,4.965380917252614e-06,0.008971356885897046,2.3888580184624876e-23
1457,2,2,0.985993833583951,3.83158951405679e-06,0.985993833583951,0.005067052832577636,4.962088137396926e-06,0.008930319905820036,2.3074532769356195e-23
1458,2,2,0.9859523022244845,3.8547973995018665e-06,0.9859523022244845,0.005082305786233105,4.9876633330265e-06,0.008956549528549873,2.332178070563445e-23
1461,6,6,0.9657370029506525,0.0062373661897387874,0.00617387059549413,0.0077114313569262025,5.0979451126552985e-05,0.01408934945606192,0.9657370029506525
1462,3,3,0.9999999999969257,1.6205215910691271e-13,5.2017372277311515e-21,0.9999999999969257,1.0590046120017147e-14,2.9016481302078415e-12,1.9586610038250638e-35
1463,5,5,0.9875723492911758,5.187729513974253e-05,0.0009384216256690569,2.5933197830624096e-07,3.630765594914691e-05,0.9875723492911758,0.011400784800088002
1464,2,2,0.9859316427929856,3.866429209702885e-06,0.9859316427929856,0.005093448973328306,4.992233754706332e-06,0.00896604957072164,2.355685288306445e-23
1469,1,1,0.9999971985463885,0.9999971985463885,1.5081744693593124e-11,7.627813295808258e-09,1.7111980869023806e-10,2.793639596721056e-06,7.291001796774952e-34
1471,4,4,0.99993623263596,1.869804152507362e-05,7.984106015647504e-07,2.5913150081903706e-05,0.99993623263596,1.8357761831521096e-05,4.364446270768834e-22
1473,4,4,0.9999362798681223,1.8685589985539174e-05,7.990766096729892e-07,2.588009197235296e-05,0.9999362798681223,1.8355373310232227e-05,4.376002588874138e-22
1474,5,5,0.9870827952420944,5.093819797042968e-05,0.0009376122071372939,2.455704052681848e-07,3.592127175229775e-05,0.9870827952420944,0.011892487510640265
1475,2,2,0.9859141394777908,3.870965724811067e-06,0.9859141394777908,0.005102098471423895,5.001124163563277e-06,0.008974889960896891,2.3718629535965228e-23
1476,1,1,0.9999971993745105,0.9999971993745105,1.5061748049295068e-11,7.622742686900082e-09,1.7108421376456184e-10,2.792816600954586e-06,7.2429979929385855e-34
1477,4,4,0.999936186992607,1.8694358390725464e-05,7.994390021729178e-07,2.5947033563823647e-05,0.999936186992607,1.837217643630412e-05,4.38365681771571e-22
1479,4,4,0.999936240435489,1.8688865873412736e-05,7.990281587769349e-07,2.5911320072126463e-05,0.999936240435489,1.8360350406779073e-05,4.371930597756999e-22
1480,2,2,0.9860077725160524,3.827730316500464e-06,0.9860077725160524,0.005055537061202512,4.958234183915817e-06,0.008927904458244668,2.3086490528782778e-23
1481,6,6,0.9663213357041983,0.006086920288756075,0.006103113770229273,0.007541297673531892,5.013259763923852e-05,0.013897199965645195,0.9663213357041983
1482,2,2,0.9860307702617571,3.819382459844128e-06,0.9860307702617571,0.005035969717940569,4.952114813420283e-06,0.008924488523028868,2.3332020954533455e-23
1483,1,1,0.9999972012568048,0.9999972012568048,1.5067831669095358e-11,7.605544065128114e-09,1.7086103268854348e-10,2.790951722257766e-06,7.2516275248512484e-34
1484,3,3,0.9999999999969189,1.6248353545346076e-13,5.219356415678065e-21,0.9999999999969189,1.0611017238131562e-14,2.9080021363433084e-12,1.9669147444355142e-35
1487,3,3,0.9999999999968604,1.6580011288714302e-13,5.384972639311679e-21,0.9999999999968604,1.0885060045170068e-14,2.962986226097119e-12,2.0333912195544331e-35
1489,2,2,0.9857473695899535,3.920563778659616e-06,0.9857473695899535,0.005188516057772784,5.061504333213323e-06,0.009055132284161918,2.3737607041938763e-23
1490,3,3,0.9999999999969313,1.6164586577869728e-13,5.185300522944467e-21,0.9999999999969313,1.056268848800641e-14,2.896452355731425e-12,1.9561783893057476e-35
1491,2,2,0.985961555004127,3.8506138812364635e-06,0.985961555004127,0.00507719642519074,4.98151497259653e-06,0.008952416441828384,2.3204637725445287e-23
1492,3,3,0.9999999999967757,1.7012105721923522e-13,5.5933700612306266e-21,0.9999999999967757,1.1073463383568924e-14,3.0430842339402735e-12,2.1778491752478092e-35
1495,6,6,0.96613725594139,0.006143531536479196,0.006098273351045202,0.007649041062944393,5.04625611402042e-05,0.0139214355470011,0.96613725594139
1497,4,4,0.9999362388667552,1.8698597008204343e-05,7.989322298983229e-07,2.5904167431365475e-05,0.9999362388667552,1.8359436575389316e-05,4.37300160921336e-22
1498,2,2,0.9859467419336809,3.8568933240666134e-06,0.9859467419336809,0.005076055709686331,4.992125333126295e-06,0.008968353337975679,2.35876823201229e-23
1500,3,3,0.9999999999969275,1.6180929900735756e-13,5.1980851892388675e-21,0.9999999999969275,1.057433611210551e-14,2.9002165371217066e-12,1.9612172712745318e-35
1501,4,4,0.9999361347424439,1.8701319964133394e-05,7.987025958483446e-07,2.5987684083107452e-05,0.9999361347424439,1.837755091301972e-05,4.371212739417925e-22
1502,1,1,0.9999971998507838,0.9999971998507838,1.5058272410645012e-11,7.617125821348441e-09,1.7102826523785912e-10,2.7923460037416333e-06,7.230438107924223e-34
1503,4,4,0.9999362204492543,1.867943211704228e-05,7.982107175432148e-07,2.5946468322518683e-05,0.9999362204492543,1.8355439588562267e-05,4.374146000961706e-22
1505,3,3,0.9999999999969266,1.618602644749799e-13,5.204397676078263e-21,0.9999999999969266,1.0589820220032815e-14,2.9010647524851366e-12,1.961970266501679e-35
1506,5,5,0.987372938048299,5.115162698639365e-05,0.000929922877178702,2.504990129620176e-07,3.601672406470915e-05,0.987372938048299,0.011609720224458239
1507,1,1,0.9999971994264532,0.9999971994264532,1.5068318916723167e-11,7.620710181445478e-09,1.7105605253054958e-10,2.792766712389464e-06,7.241456729451761e-34
1508,4,4,0.999935489868206,1.8844628409040547e-05,8.074248389402769e-07,2.628713571457316e-05,0.999935489868206,1.8570942831486234e-05,4.45022458415216e-22
1509,1,1,0.9999971987209276,0.9999971987209276,1.5075330264847978e-11,7.617732282600403e-09,1.710537748748131e-10,2.793475210885583e-06,7.242263431885609e-34
1511,2,2,0.985925721904897,3.8606596100142394e-06,0.985925721904897,0.005091166860087126,4.996277497371028e-06,0.008974254297908471,2.343652950946e-23
1513,2,2,0.985951658417208,3.850687391153608e-06,0.985951658417208,0.005082751392547585,4.98348285714399e-06,0.00895675601999616,2.326417130372674e-23
1514,5,5,0.9869822095565026,5.108702526016651e-05,0.0009443081816386838,2.4580544117820375e-07,3.597352075594829e-05,0.9869822095565026,0.01198617591040141
1516,4,4,0.9999361958554026,1.870010865124778e-05,7.984443594801935e-07,2.5941940093376186e-05,0.9999361958554026,1.8363651493359888e-05,4.374926090088062e-22
1517,3,3,0.9999999999969057,1.6309559635663681e-13,5.258317694156613e-21,0.9999999999969057,1.066529211883446e-14,2.92058403848981e-12,1.9852883211465078e-35
1518,5,5,0.9870189825727825,5.087750102933454e-05,0.0009387231396067759,2.4462871119707134e-07,3.590843814023894e-05,0.9870189825727825,0.011955263719729861
1519,4,4,0.9999362439460441,1.868232708341113e-05,7.980631975958e-07,2.5928152547376508e-05,0.9999362439460441,1.834751112752786e-05,4.368489631499358e-22
1520,6,6,0.9663518227634834,0.006086189066158792,0.006071509400695769,0.00761061652084181,5.008382131464364e-05,0.013829778427505659,0.9663518227634834
1521,2,2,0.9858034971723806,3.910356545235483e-06,0.9858034971723806,0.005108070704456442,5.052800385295653e-06,0.00907946896623251,2.4993951780339206e-23
1522,6,6,0.9676691716011789,0.005862297534433663,0.00585516097311257,0.007274447850802592,4.810055802468585e-05,0.013290821482447522,0.9676691716011789
1525,1,1,0.9999972045076412,0.9999972045076412,1.5034337045997945e-11,7.597401961626632e-09,1.7062534839691715e-10,2.787709297251555e-06,7.221431877220715e-34
1531,5,5,0.9870756902833028,5.110538105861059e-05,0.000940141012566008,2.4519472139683013e-07,3.594859414926175e-05,0.9870756902833028,0.011896869534201993
1532,3,3,0.9999999999969309,1.616204465908954e-13,5.1868506711369125e-21,0.9999999999969309,1.0558168665820313e-14,2.8969200635095672e-12,1.9567456138772818e-35
1533,1,1,0.9999971972627771,0.9999971972627771,1.50712664330331e-11,7.629756813808086e-09,1.7123962722259711e-10,2.7949211552582856e-06,7.243808515301478e-34
1534,3,3,0.9999999999969071,1.6301501328517413e-13,5.256176873318499e-21,0.9999999999969071,1.0682185924152699e-14,2.919272052831987e-12,1.9800071786758805e-35
1536,3,3,0.9999999999969226,1.6210011768499777e-13,5.2104902002060824e-21,0.9999999999969226,1.058813413298711e-14,2.9048357776166824e-12,1.9656316684605115e-35
1538,6,6,0.9645499077395522,0.006532372070029032,0.006350568531817793,0.007918092741481158,5.258202717921837e-05,0.014596476889940663,0.9645499077395522
1539,2,2,0.9858767729533067,3.881154030668416e-06,0.9858767729533067,0.005123736102981535,5.020779846015386e-06,0.008990589009835029,2.3359414993738627e-23
1540,5,5,0.9870630254834277,5.076089053655867e-05,0.0009424496121097332,2.44005488488132e-07,3.587449647087226e-05,0.9870630254834277,0.011907645511966701
1542,6,6,0.9664833358781525,0.006100107553990116,0.006054315553895596,0.007528892684617243,4.9886591277611226e-05,0.01378346173806688,0.9664833358781525
1543,1,1,0.9999972016844816,0.9999972016844816,1.505405384607411e-11,7.610866422312098e-09,1.708639803204295e-10,2.790518733987785e-06,7.230236967698737e-34
1544,3,3,0.9999999999969259,1.6183409264125705e-13,5.2031808942536745e-21,0.9999999999969259,1.0589510938431849e-14,2.901624295463698e-12,1.9621341956115187e-35
1545,4,4,0.999936172407738,1.8695810040712143e-05,7.989425330066273e-07,2.5961802859064513e-05,0.999936172407738,1.837103682921315e-05,4.376658964147292e-22
1546,1,1,0.9999971934805627,0.9999971934805627,1.5093577155110944e-11,7.641254569337448e-09,1.714948962838347e-10,2.7986915942327716e-06,7.263247197683005e-34
1548,2,2,0.9859486461874473,3.85361923781879e-06,0.9859486461874473,0.005087975450201893,4.985202724146265e-06,0.00895453954038893,2.3175022158588825e-23
1550,5,5,0.9875601386231697,5.083077869929473e-05,0.000956792554333835,2.4680995165573347e-07,3.5978458356919944e-05,0.9875601386231697,0.011396012775488684
1551,5,5,0.9869275226010715,5.073401299722731e-05,0.0009448327002848146,2.432533984793314e-07,3.5863463206540065e-05,0.9869275226010715,0.012040803969041449
1552,4,4,0.9999361817149836,1.868668073209829e-05,7.983870800893628e-07,2.5967237634238473e-05,0.9999361817149836,1.8365979570009093e-05,4.380493012625026e-22
1553,2,2,0.9860087829970021,3.821243611078184e-06,0.9860087829970021,0.005031171196799477,4.9581510423497715e-06,0.00895126641154492,2.361806605726958e-23
1554,3,3,0.9999999999969295,1.6169864356817103e-13,5.1911124178916706e-21,0.9999999999969295,1.0562851336029894e-14,2.89831994781527e-12,1.957812761234777e-35
1556,1,1,0.9999972013387672,0.9999972013387672,1.5063420627849014e-11,7.610731142958265e-09,1.7090739861383434e-10,2.790864530823216e-06,7.246568345994436e-34
1557,3,3,0.9999999999969189,1.6237270407783607e-13,5.21753276995276e-21,0.9999999999969189,1.0603935468901103e-14,2.9080494060152796e-12,1.967850026941056e-35
1561,3,3,0.9999999999967439,1.7240778192900058e-13,5.715833438087216e-21,0.9999999999967439,1.1397217799127701e-14,3.0722335160404034e-12,2.1796868671421125e-35
1563,4,4,0.9999362207533221,1.868542669709882e-05,7.981540398178092e-07,2.5940209370638007e-05,0.9999362207533221,1.8355456570412905e-05,4.379084364596131e-22
1564,1,1,0.9999971968878882,0.9999971968878882,1.5115664778421714e-11,7.6242259071088e-09,1.7124431252859364e-10,2.7953015257926556e-06,7.3328907849961256e-34
1565,3,3,0.9999999999968666,1.655704916745114e-13,5.3660941490406825e-21,0.9999999999968666,1.0841662542002156e-14,2.9570075596518467e-12,2.0235870560830305e-35
1566,3,3,0.9999999999969237,1.6205722932562147e-13,5.2065449508530606e-21,0.9999999999969237,1.0591902940686352e-14,2.9036386085270886e-12,1.9638307855338073e-35
1567,1,1,0.9999971987020652,0.9999971987020652,1.509210324521594e-11,7.621420407625663e-09,1.7109418847820403e-10,2.793490328184102e-06,7.3016803802470605e-34
1570,2,2,0.9859772697126593,3.839030761749602e-06,0.9859772697126593,0.005022438546228655,4.977514821226529e-06,0.008991475195529095,2.4101708449155992e-23
1571,2,2,0.9856604084590886,3.952480132876875e-06,0.9856604084590886,0.005232543022516747,5.104821419309817e-06,0.009097991216842441,2.41087366637875e-23
1572,4,4,0.9999362076628673,1.869705521258673e-05,7.988564839598515e-07,2.593145393694259e-05,0.9999362076628673,1.8364971499217992e-05,4.369711115215067e-22
1573,3,3,0.9999999999969255,1.6190822325379032e-13,5.2033068352221094e-21,0.9999999999969255,1.0584579360908842e-14,2.902099306311979e-12,1.9627143046256053e-35
1574,4,4,0.9999361977670976,1.8693329888837803e-05,7.996089626500152e-07,2.5935985870105294e-05,0.9999361977670976,1.8373308180829463e-05,4.39527424861312e-22
1575,3,3,0.9999999999969186,1.6247686347727728e-13,5.2207360044485156e-21,0.9999999999969186,1.0611419803466996e-14,2.90832730071644e-12,1.9682214562586985e-35
1576,3,3,0.9999999999969243,1.6213302910968836e-13,5.206840926844882e-21,0.9999999999969243,1.0587068079039776e-14,2.903029902581144e-12,1.9623592529324358e-35
1578,4,4,0.9999362291778392,1.8686637432774753e-05,7.994168114673958e-07,2.5922902034998677e-05,0.9999362291778392,1.836186588160006e-05,4.383133774090012e-22
1579,1,1,0.9999971945014645,0.9999971945014645,1.5080478698327705e-11,7.641744953119036e-09,1.7143594556767263e-10,2.7976702741672935e-06,7.262919635466206e-34
1581,5,5,0.9877164824334883,5.152286492206667e-05,0.0009280556541537402,2.569167092181615e-07,3.6168194480541734e-05,0.9877164824334883,0.011267513936246204
1582,2,2,0.9859723337584816,3.840996620030111e-06,0.9859723337584816,0.005077419153120607,4.974328241905305e-06,0.008941431763535979,2.311826935127794e-23
1584,2,2,0.9859343339876656,3.857021907442449e-06,0.9859343339876656,0.005095976200609507,4.989663295001197e-06,0.008960843126522441,2.318025267077784e-23
1585,6,6,0.9646149227352717,0.006462650939531649,0.006346355104429184,0.007966903810517702,5.265116968813504e-05,0.014556516240561689,0.9646149227352717
1586,4,4,0.9999362177701504,1.86916984957091e-05,7.986246172814163e-07,2.5933618436655104e-05,0.9999362177701504,1.8358288300089493e-05,4.371242754022389e-22
1587,3,3,0.9999999999969265,1.618972079147862e-13,5.200101168988377e-21,0.9999999999969265,1.0579522671573612e-14,2.9011542703609127e-12,1.9646281288889151e-35
1588,5,5,0.9869853574773269,5.100249637888321e-05,0.0009367279410605791,2.457290492285465e-07,3.5924205915320226e-05,0.9869853574773269,0.01199074215026914
1590,3,3,0.9999999999969243,1.6191114207571146e-13,5.203079252238358e-21,0.9999999999969243,1.0575757670960057e-14,2.903222657406855e-12,1.9651027067184578e-35
1591,2,2,0.9860217473893712,3.821912644228991e-06,0.9860217473893712,0.005046918321407912,4.956137810857716e-06,0.008922556238765846,2.3159890309559835e-23
1594,6,6,0.9660041298707256,0.006145708183054906,0.006160960647848319,0.007618288204260362,5.063410925152221e-05,0.014020278984859365,0.9660041298707256
1595,4,4,0.9999362586802079,1.8673689819725954e-05,7.975682027363359e-07,2.5929300725864738e-05,0.9999362586802079,1.834076104389926e-05,4.360316180346775e-22
1596,6,6,0.9674367847609017,0.005901702111445678,0.005890349615567539,0.007339535528858628,4.8441259425183436e-05,0.013383186723801328,0.9674367847609017
1598,1,1,0.9999971938152623,0.9999971938152623,1.5153574138272105e-11,7.6379745583016e-09,1.7156331785635827e-10,2.7983600462260895e-06,7.4127428101245906e-34
1599,3,3,0.9999999999969151,1.6235057371784788e-13,5.220839250960157e-21,0.9999999999969151,1.0607005625867047e-14,2.9118768128489318e-12,1.981219445471015e-35
1600,4,4,0.9999362278192482,1.869682452036702e-05,7.986266844104796e-07,2.5916957852739024e-05,0.9999362278192482,1.8359771694233002e-05,4.374705608430547e-22
1601,2,2,0.9859913371324791,3.836328552231385e-06,0.9859913371324791,0.005067004053010771,4.966639450268185e-06,0.008932855846507633,2.3186023477684854e-23
1605,3,3,0.9999999999969245,1.6201597761785246e-13,5.203590725138321e-21,0.9999999999969245,1.0583066333332118e-14,2.9029576469503283e-12,1.964679887290029e-35
1606,3,3,0.9999999999969205,1.6238814099354947e-13,5.2162198691899114e-21,0.9999999999969205,1.060495979276294e-14,2.90651281963016e-12,1.966454330299949e-35
1608,6,6,0.9678497797636647,0.0058232937409678455,0.005829658057229205,0.007231839971856481,4.7813976440625686e-05,0.01321761448984124,0.9678497797636647
1612,2,2,0.98596915425722,3.841405974415342e-06,0.98596915425722,0.0050779896082308006,4.97268853585237e-06,0.008944042040038989,2.3159520925061954e-23
1613,5,5,0.9871056291466392,5.0887836259077606e-05,0.0009409211726712882,2.4493947327273716e-07,3.5932981046293885e-05,0.9871056291466392,0.011866383923910852
1615,5,5,0.9872588897254673,5.134417875927844e-05,0.0009341271344624993,2.481317210671547e-07,3.599747643270052e-05,0.9872588897254673,0.011719393353157226
1616,1,1,0.9999972017448217,0.9999972017448217,1.505157012054479e-11,7.610002472807078e-09,1.7083452721306312e-10,2.790459289773165e-06,7.2398479561210265e-34
1617,1,1,0.99999719843319,0.99999719843319,1.5080029514324744e-11,7.624963898080655e-09,1.7121251601174873e-10,2.7937555536132695e-06,7.26233983268667e-34
1619,2,2,0.9859622874532284,3.845298373157804e-06,0.9859622874532284,0.005017547053194411,4.9853252397581785e-06,0.00901133486996424,2.457152766123352e-23
1620,2,2,0.9859727356946107,3.839350991640756e-06,0.9859727356946107,0.005074948799048224,4.971686256053489e-06,0.00894350446909336,2.3125891898877615e-23
1621,3,3,0.99999999999692,1.624323659904859e-13,5.2151125508867216e-21,0.99999999999692,1.0601974636310568e-14,2.907057957757436e-12,1.9669646173591592e-35
1623,4,4,0.9999362138797343,1.870425215413439e-05,7.99547805561742e-07,2.5914218578542503e-05,0.9999362138797343,1.836810172745946e-05,4.384221671644863e-22
1624,4,4,0.9999362469528106,1.8689108354758414e-05,7.987982601035271e-07,2.590700379489917e-05,0.9999362469528106,1.835813677960575e-05,4.3647284715908305e-22
1627,3,3,0.9999999999969226,1.6208372687410615e-13,5.2130144702225326e-21,0.9999999999969226,1.0599915992134326e-14,2.9048190823562594e-12,1.9655383926993697e-35
1628,4,4,0.9999361022240684,1.8735340316425288e-05,7.993322838518884e-07,2.596865499249297e-05,0.9999361022240684,1.8394448338895794e-05,4.368962733314146e-22
1632,5,5,0.9872677087236631,5.083820659120657e-05,0.0009474273954300483,2.4602716570174586e-07,3.593103611177921e-05,0.9872677087236631,0.011697848611038156
1633,3,3,0.9999999999969242,1.6198248269848085e-13,5.2061045302479466e-21,0.9999999999969242,1.0588667162792784e-14,2.9032800955017956e-12,1.9651729070650986e-35
1634,3,3,0.9999999999969278,1.6182219783473796e-13,5.194332992664313e-21,0.9999999999969278,1.0570744868262945e-14,2.8997816978168197e-12,1.959885682975224e-35
1637,3,3,0.9999999999968778,1.644823876903613e-13,5.321114216340696e-21,0.9999999999968778,1.0733666558906479e-14,2.9469485063434628e-12,2.0259725936729475e-35
1638,6,6,0.9673441686525515,0.005922904810874731,0.005913943387171126,0.0073403555555979156,4.8605387595052e-05,0.013430022206209716,0.9673441686525515
1639,3,3,0.999999999996636,1.7851171406731308e-13,6.017751200575589e-21,0.999999999996636,1.1615731787924954e-14,3.17388503917996e-12,2.4152770297065026e-35
1640,5,5,0.9871190385479319,5.0937475442241766e-05,0.0009400393993312611,2.4504581073601777e-07,3.5921296060347256e-05,0.9871190385479319,0.01185381823542356
1641,3,3,0.999999999996835,1.671545407099727e-13,5.443494631118203e-21,0.999999999996835,1.089211535326441e-14,2.986951747100492e-12,2.0877928952016536e-35
1642,1,1,0.9999972006037424,0.9999972006037424,1.5060709291938007e-11,7.617323291315361e-09,1.7101240780004747e-10,2.791592861124267e-06,7.242556434265268e-34
1643,1,1,0.9999971958238162,0.9999971958238162,1.5124704226485464e-11,7.630989147416916e-09,1.713929631421677e-10,2.7963586769707244e-06,7.357623417300828e-34
1644,5,5,0.9869836081466068,5.083986957374017e-05,0.0009386737638514971,2.4456756237696605e-07,3.588882195565628e-05,0.9869836081466068,0.011990744830449908
1646,5,5,0.9869636469376754,5.0920089092961755e-05,0.0009390595775304203,2.451839137656093e-07,3.591627463924023e-05,0.9869636469376754,0.012010211937148256
1647,6,6,0.9676468954606504,0.005863988591505057,0.00586649442638565,0.007275967404569069,4.813802590279769e-05,0.013298516090986964,0.9676468954606504
1649,6,6,0.9670071255649698,0.005980006286521264,0.0059652178400573,0.0074380775774207,4.918572534065215e-05,0.013560387005690254,0.9670071255649698
1650,6,6,0.9670064495307541,0.0059943443673206726,0.005964995647576837,0.007415529046615861,4.911719146967582e-05,0.013569564216262818,0.9670064495307541
1651,1,1,0.9999971968259692,0.9999971968259692,1.509461186067356e-11,7.621413826329282e-09,1.7122248910045422e-10,2.7953662999253397e-06,7.304555273948923e-34
1656,5,5,0.9869902257574306,5.0911775485979334e-05,0.0009401129097364103,2.443881453741846e-07,3.592015942353323e-05,0.9869902257574306,0.011982585009778123
1657,6,6,0.9670784885697064,0.0059654859833922335,0.005958809916128496,0.007419627886224702,4.8999020293504036e-05,0.013528588624254687,0.9670784885697064
1659,6,6,0.9673761330101786,0.005916073325670907,0.005910537997535786,0.007335137790937976,4.855871578362752e-05,0.013413559159893175,0.9673761330101786
1661,2,2,0.9860002861199321,3.825381633310518e-06,0.9860002861199321,0.005061570546705439,4.958314874833784e-06,0.00892935963685441,2.309981702838816e-23
1663,3,3,0.9999999999969248,1.6196659057286583e-13,5.208833184825747e-21,0.9999999999969248,1.0602271325008774e-14,2.9026894888253414e-12,1.9628978479253593e-35
1665,6,6,0.9674722494587231,0.005898162322417964,0.0058919218633921,0.007317266186511279,4.8397932665875e-05,0.013372002236289617,0.9674722494587231
1666,5,5,0.986972068221604,5.083358161909235e-05,0.0009468357593931933,2.447460653318284e-07,3.589938320876355e-05,0.986972068221604,0.011994118308109617
1667,2,2,0.9860078599732288,3.8263792355199635e-06,0.9860078599732288,0.0050328405048378246,4.963123963581757e-06,0.00895051001873421,2.356056479119023e-23
1668,5,5,0.987105744133759,5.091036905389066e-05,0.0009419376023946852,2.4510834979290897e-07,3.593348338616401e-05,0.987105744133759,0.011865229303056522
1669,5,5,0.987039497680959,5.085992302376029e-05,0.0009377282145303765,2.4464547214603906e-07,3.5881326104322505e-05,0.987039497680959,0.011935788209910462
1671,3,3,0.9999999999969312,1.6160928243241752e-13,5.18553591088516e-21,0.9999999999969312,1.0554900186252538e-14,2.8965421988334432e-12,1.9576652590840301e-35
1672,5,5,0.987034555164589,5.094287878129084e-05,0.0009362951506391285,2.4545347781832475e-07,3.592763639561388e-05,0.987034555164589,0.011942033716117182
1673,5,5,0.9875091762434457,5.0812560823193645e-05,0.0009576980821494177,2.470138660594507e-07,3.599682481061919e-05,0.9875091762434457,0.011446069274905093
1674,6,6,0.9674934702795757,0.0058960637405567635,0.005892232331705818,0.0073064958078718776,4.836790678842308e-05,0.013363369933501455,0.9674934702795757
1675,1,1,0.999997200533337,0.999997200533337,1.50588152990738e-11,7.614069292480346e-09,1.7097800153473118e-10,2.7916665569608955e-06,7.23377586020967e-34
1676,6,6,0.9664071015854314,0.006106567275306784,0.006055183040305389,0.0075656542756408355,4.994391903500905e-05,0.01381554990428051,0.9664071015854314
1677,4,4,0.9999362281925592,1.8689033888582438e-05,7.9957935278479e-07,2.591773466627847e-05,0.9999362281925592,1.8365459533165014e-05,4.388255413225125e-22
1678,3,3,0.9999999999969265,1.6181769051315418e-13,5.20072209430109e-21,0.9999999999969265,1.0577514773478864e-14,2.9011095860015184e-12,1.961605659482452e-35
1679,5,5,0.9897337961927566,5.225650219110917e-05,0.000947528949979847,2.8382236840173965e-07,3.675452522449861e-05,0.9897337961927566,0.009229380007479552
1680,6,6,0.966974938403101,0.005993516855601326,0.005973478318907054,0.007424187821534264,4.917553026957597e-05,0.013584703070586806,0.966974938403101
1681,5,5,0.9871044965793523,5.1349340270144735e-05,0.0009512252107005845,2.4862491818476484e-07,3.606593065462216e-05,0.9871044965793523,0.011856614314104223
1683,6,6,0.9668538586613328,0.006027650241190742,0.005982861751692813,0.0074559433846018265,4.94296448660356e-05,0.013630256316315863,0.9668538586613328
1684,3,3,0.9999999999967887,1.681594658142485e-13,5.529127139843091e-21,0.9999999999967887,1.0989740540762914e-14,3.0321352142032425e-12,2.147476439963747e-35
1685,3,3,0.999999999996923,1.6213286650595008e-13,5.208098750814381e-21,0.999999999996923,1.0590864794433977e-14,2.904308357907702e-12,1.9640102297416974e-35
1687,4,4,0.9999360178484933,1.8753531035967737e-05,8.002994617823568e-07,2.600907580949706e-05,0.9999360178484933,1.8419245199588865e-05,4.3855719550894935e-22
1688,2,2,0.9858585798745172,3.889068381244353e-06,0.9858585798745172,0.005121632847631484,5.027082116759074e-06,0.009010871127353364,2.3775869935389787e-23
1689,4,4,0.9999361782180166,1.8710077346627725e-05,7.990922958008076e-07,2.5938729461146396e-05,0.9999361782180166,1.8373882879845135e-05,4.372466848487725e-22
1691,4,4,0.9999362172843049,1.869375289543801e-05,7.991575186375203e-07,2.592487383042322e-05,0.9999362172843049,1.8364931450576777e-05,4.373809421947048e-22
1692,4,4,0.9999362270617438,1.8692384080170652e-05,7.980247635806797e-07,2.5928570955554164e-05,0.9999362270617438,1.8353958456990273e-05,4.367153007956786e-22
1693,3,3,0.9999999999969195,1.6220225178049111e-13,5.222452690254509e-21,0.9999999999969195,1.0617466419357765e-14,2.9076960070045565e-12,1.9706375848690637e-35
1694,1,1,0.9999971957952224,0.9999971957952224,1.509883160020061e-11,7.633143474264862e-09,1.7141073462414309e-10,2.7963851245676547e-06,7.259481987753032e-34
1695,4,4,0.9999361854690745,1.8686066702403126e-05,7.982410449465629e-07,2.5969816142600182e-05,0.9999361854690745,1.8360407035609357e-05,4.368103928951808e-22
1696,3,3,0.999999999996917,1.6253950016227929e-13,5.228921055246765e-21,0.999999999996917,1.0618016301791235e-14,2.9097928627563887e-12,1.9689245984371058e-35
1697,5,5,0.9870537101164922,5.101034990919411e-05,0.0009371367331382476,2.4495888401839154e-07,3.592196592969664e-05,0.9870537101164922,0.011921975875646609
1698,2,2,0.9859547286030643,3.839664880209604e-06,0.9859547286030643,0.00508551137726401,4.974356915505945e-06,0.008950945997876074,2.309098282345329e-23
1699,6,6,0.9674492045714801,0.005897797763713644,0.005899160334788148,0.007325859410478823,4.846501915375974e-05,0.013379512900385537,0.9674492045714801
1700,6,6,0.9655877031198179,0.006308243765359729,0.006179261368812895,0.007720017030430754,5.113450755563561e-05,0.0141536402080231,0.9655877031198179
1701,1,1,0.9999971968370974,0.9999971968370974,1.5089370167324335e-11,7.627745619800602e-09,1.7129500844171913e-10,2.7953487725353672e-06,7.264375044934055e-34
1702,3,3,0.9999999999969238,1.619554611414833e-13,5.2039818862607735e-21,0.9999999999969238,1.0580871013430818e-14,2.9036752893093462e-12,1.9645058074722554e-35
1703,4,4,0.9999361090988629,1.8734327167346783e-05,7.994231697765852e-07,2.5966018160510258e-05,0.9999361090988629,1.8391132639431066e-05,4.3625242693185635e-22
1704,1,1,0.9999971728853267,0.9999971728853267,1.5361347967791676e-11,7.71537522004686e-09,1.7317309195679549e-10,2.8192107635552862e-06,7.722533554354545e-34
1705,5,5,0.9870687207808645,5.2053611873344056e-05,0.0009621300878688277,2.553077902471776e-07,3.636920332485676e-05,0.9870687207808645,0.011880471008278305
1708,2,2,0.9858958783287135,3.853326805753417e-06,0.9858958783287135,0.0050853473190722075,4.996353619701216e-06,0.00900992467178892,2.3813132523734134e-23
1709,3,3,0.9999999999969226,1.6208062292251755e-13,5.209702557615546e-21,0.9999999999969226,1.0594284183516113e-14,2.9048397115492235e-12,1.9683899991699816e-35
1711,1,1,0.9999971989724212,0.9999971989724212,1.5067300819629993e-11,7.620303876234342e-09,1.7111451759000591e-10,2.79322109314242e-06,7.245855711643286e-34
1712,1,1,0.9999971978400211,0.9999971978400211,1.5092597809694783e-11,7.628161329004566e-09,1.712602138524913e-10,2.7943454647774118e-06,7.3134696293645395e-34
1714,4,4,0.9999362711852611,1.868215285042411e-05,7.984666470392611e-07,2.589729219332446e-05,0.9999362711852611,1.8350903048136183e-05,4.374859937080087e-22
1715,3,3,0.9999999999969207,1.6224946816285503e-13,5.213297024866288e-21,0.9999999999969207,1.0603327095211382e-14,2.9064194197036535e-12,1.9658480498454208e-35
1716,4,4,0.999936119354794,1.872541198902337e-05,7.993327973619464e-07,2.596833043964793e-05,0.999936119354794,1.8387569980053646e-05,4.372987184377491e-22
1717,6,6,0.967452483314047,0.005902375453887166,0.005889472959881052,0.007331066911803735,4.839328344818039e-05,0.013376208076932943,0.967452483314047
1719,4,4,0.9999361905632324,1.868562358572307e-05,7.98692629521254e-07,2.595966218300321e-05,0.9999361905632324,1.836545836942187e-05,4.373252300953208e-22
1720,4,4,0.9999357246879711,1.8827571389804853e-05,8.048670743220064e-07,2.613125999704513e-05,0.9999357246879711,1.8511613567663453e-05,4.459198785490106e-22
1721,5,5,0.9879532752919614,5.13994845090459e-05,0.000977952717831398,2.5514738819871436e-07,3.627158550160519e-05,0.9879532752919614,0.010980845772808421
1723,4,4,0.9999362348227951,1.8694728528742776e-05,7.989902309149898e-07,2.5909924788864152e-05,0.9999362348227951,1.8361533656360668e-05,4.381626183555625e-22
1724,1,1,0.9999971985054541,0.9999971985054541,1.507789014256286e-11,7.621360971508209e-09,1.7110337119011368e-10,2.7936870036463514e-06,7.2710458358654705e-34
1726,6,6,0.9670358358011356,0.0059788607352997975,0.005971197928110501,0.007402580747661047,4.905813823568816e-05,0.013562466649557438,0.9670358358011356
1727,1,1,0.99999719125946,0.99999719125946,1.5120290964995043e-11,7.648783976855667e-09,1.716537276001261e-10,2.8009049821876388e-06,7.276635933885823e-34
1728,4,4,0.9999362296791289,1.868987343345906e-05,7.985588287019728e-07,2.5927674124508695e-05,0.9999362296791289,1.835421448448311e-05,4.374069034505259e-22
1731,2,2,0.9859416775633304,3.848512245458791e-06,0.9859416775633304,0.005092730751025516,4.983179107010283e-06,0.008956759994291666,2.327640716021335e-23
1732,5,5,0.9870584929945974,5.098664908573335e-05,0.0009384347747229222,2.456589162172409e-07,3.594619577798338e-05,0.9870584929945974,0.011915893726899785
1734,3,3,0.9999999999969249,1.6203047701082863e-13,5.2029898745253824e-21,0.9999999999969249,1.0581505867330543e-14,2.9026136036374786e-12,1.9630481687264838e-35
1735,4,4,0.9999362338613393,1.8686510168844636e-05,7.994427570412855e-07,2.5920074721048758e-05,0.9999362338613393,1.8360111013752895e-05,4.381576999818087e-22
1736,2,2,0.9859887240911883,3.835382271965695e-06,0.9859887240911883,0.0050686339511866645,4.965707198813775e-06,0.00893384086815439,2.307372646062041e-23
1737,1,1,0.9999972005746949,0.9999972005746949,1.50759418942646e-11,7.610485183406877e-09,1.7089794916300718e-10,2.79162884605396e-06,7.261750134447883e-34
1738,1,1,0.9999971986700588,0.9999971986700588,1.5068212498520024e-11,7.627537297644769e-09,1.7122758261096354e-10,2.7935161082483484e-06,7.245215185589768e-34
1739,2,2,0.9856539730920338,3.918509093511721e-06,0.9856539730920338,0.00521239019801256,5.0690114282753785e-06,0.009124649189431799,2.406720272731112e-23
1740,6,6,0.9674442845926833,0.005896313011244038,0.005899918955305019,0.007321680896531974,4.8464932083048834e-05,0.013389337612152654,0.9674442845926833
1742,1,1,0.9999971979992146,0.9999971979992146,1.507092440716861e-11,7.62936291491242e-09,1.7124451291198342e-10,2.794185107128636e-06,7.236702318493525e-34
1743,4,4,0.9999363051392905,1.8675508381890753e-05,7.986724724879636e-07,2.5876010792365615e-05,0.9999363051392905,1.8344669062744273e-05,4.374380971138585e-22
1744,4,4,0.9999362195563788,1.8687684609872504e-05,7.982794136952503e-07,2.5938859962755986e-05,0.9999362195563788,1.835561963491725e-05,4.367934882357036e-22
1745,6,6,0.9675170259216309,0.0058994091217517254,0.005882829776025319,0.007298177196810042,4.832358546241992e-05,0.013354234398319663,0.9675170259216309
1746,2,2,0.9859424206194143,3.8539079752082705e-06,0.9859424206194143,0.005092156989641685,4.987177717104204e-06,0.008956581305251723,2.3274971213709193e-23
1747,2,2,0.9859439467772925,3.850397737738073e-06,0.9859439467772925,0.005093808532415962,4.9836221788745766e-06,0.008953410670375,2.3133924340315364e-23
1748,1,1,0.999997202097154,0.999997202097154,1.504448774759632e-11,7.606599247124894e-09,1.7080100421458942e-10,2.790110401223095e-06,7.222965768940872e-34
1749,2,2,0.9858189729311679,3.897758811322098e-06,0.9858189729311679,0.005154390157771445,5.039109801027609e-06,0.00901770004244833,2.336131273040657e-23
1750,3,3,0.9999999999969222,1.6214852120360725e-13,5.208962553863334e-21,0.9999999999969222,1.0588986871910706e-14,2.9051031292912914e-12,1.9659445654040676e-35
1751,4,4,0.9999362394949327,1.8693690026912893e-05,7.986827357827163e-07,2.591154168950753e-05,0.9999362394949327,1.8356590615066682e-05,4.3724047982952325e-22
1752,5,5,0.9870545407102865,5.104904437324844e-05,0.0009373941972003833,2.457576680119789e-07,3.5952754427804195e-05,0.9870545407102865,0.011920817536043961
1753,5,5,0.9870915437762772,5.098411287850294e-05,0.0009369224325109958,2.4645471164772353e-07,3.593202597678569e-05,0.9870915437762772,0.011884371197644907
1754,3,3,0.9999999999969233,1.6217015844838378e-13,5.2084136630727864e-21,0.9999999999969233,1.0589312219607999e-14,2.903992627187473e-12,1.96311578314026e-35
1756,5,5,0.9875574050808865,5.090561969052548e-05,0.0009539914669809658,2.468767642043415e-07,3.5974965095919764e-05,0.9875574050808865,0.011401475990581802
1757,6,6,0.9666377193199631,0.006056354003254463,0.006025646707613476,0.00751518238763229,4.973318614246674e-05,0.013715364395394176,0.9666377193199631
1758,2,2,0.9859931442715861,3.8335349708906545e-06,0.9859931442715861,0.005023697682276825,4.969123474875305e-06,0.008974355387691198,2.4147342255009267e-23
1759,5,5,0.9871949630333406,5.077575253169213e-05,0.0009413131863422082,2.456783814581494e-07,3.588233694432337e-05,0.9871949630333406,0.011776820012459789
1760,6,6,0.9676049665857469,0.00587157941238093,0.005869370101778735,0.007286318022698519,4.818749180243091e-05,0.013319578385592508,0.9676049665857469
1761,2,2,0.985983900959077,3.834087323417959e-06,0.985983900959077,0.005062756288925055,4.9670985891020845e-06,0.00894454156608551,2.322185559042828e-23
1763,1,1,0.9999972016643311,0.9999972016643311,1.505458101905967e-11,7.613332596459725e-09,1.7094342643526622e-10,2.7905363381657352e-06,7.245155246380288e-34
1766,3,3,0.9999999999969162,1.6263429926655764e-13,5.230711599854191e-21,0.9999999999969162,1.0633311319266408e-14,2.910497549385813e-12,1.9701745305565806e-35
1767,2,2,0.9860094334159939,3.826350574479194e-06,0.9860094334159939,0.005056277308991003,4.957269016362419e-06,0.008925505655424175,2.3105719936599456e-23
1768,5,5,0.9871273738857526,5.0832228288600125e-05,0.0009402127422160655,2.4508801252211304e-07,3.5897932719874106e-05,0.9871273738857526,0.011845438123010454
1770,6,6,0.96758919390547,0.005869144726968966,0.005867605628829014,0.007286518696921188,4.8227720403128215e-05,0.013339309321407618,0.96758919390547
1772,3,3,0.9999999999969265,1.619034573502044e-13,5.200902944304915e-21,0.9999999999969265,1.0572682860557891e-14,2.9010987021913277e-12,1.9600460864746092e-35
1773,3,3,0.9999999999969245,1.6193593026288854e-13,5.2049639912133856e-21,0.9999999999969245,1.0585528542078075e-14,2.9030720054284754e-12,1.9660034842470903e-35
1775,4,4,0.9999362703725639,1.8671155548394574e-05,7.977243266024303e-07,2.5922750346837785e-05,0.9999362703725639,1.8337997214206377e-05,4.365447341258235e-22
1776,2,2,0.9860041764828137,3.828336674417565e-06,0.9860041764828137,0.005051885659468639,4.960207990437832e-06,0.00893514931305271,2.3139614164583516e-23
1777,6,6,0.9667101160014636,0.006066482219181878,0.006006023624248467,0.007473801503532142,4.952677268019307e-05,0.013694049878893748,0.9667101160014636
1780,6,6,0.9662526771359032,0.006113478704959657,0.006099479850909148,0.007584323846490384,5.030767342493875e-05,0.013899732788312644,0.9662526771359032
1781,2,2,0.9860015866835498,3.833361104725541e-06,0.9860015866835498,0.005059201951518676,4.9637381384498165e-06,0.008930414265688443,2.322652817675228e-23
1782,5,5,0.9870088717562499,5.079046351255777e-05,0.0009453402802786547,2.4448558938619655e-07,3.587857737507215e-05,0.9870088717562499,0.011958874436994602
1783,2,2,0.9859797783768863,3.842209287811451e-06,0.9859797783768863,0.0050722698892075695,4.974542524805305e-06,0.00893913498209345,2.3282233822128642e-23
1784,6,6,0.9675793961013971,0.005876596331291104,0.005880983842047744,0.0072836851445836764,4.822445890897206e-05,0.013331114121771459,0.9675793961013971
1785,3,3,0.9999999999969252,1.6196035600925944e-13,5.203745323713245e-21,0.9999999999969252,1.058669916834941e-14,2.902267229208032e-12,1.9635867838297207e-35
1786,4,4,0.9999361030444842,1.8716335449506942e-05,7.998534232945818e-07,2.5988237091178253e-05,0.9999361030444842,1.8392529551929965e-05,4.379839200982874e-22
1787,5,5,0.9874462312608151,5.0934886932434395e-05,0.0009493608417624128,2.465895896970075e-07,3.595298508501786e-05,0.9874462312608151,0.011517273435815349
1789,5,5,0.98702454331507,5.104261721226714e-05,0.0009420897372859119,2.459721333807025e-07,3.5965985325288394e-05,0.98702454331507,0.01194611237297321
1792,4,4,0.9999360827945781,1.8747817977864078e-05,8.013683053781956e-07,2.5958648294184182e-05,0.9999360827945781,1.840937084443548e-05,4.396087951004242e-22
1794,3,3,0.9999999999969207,1.622840380724284e-13,5.2139076499133154e-21,0.9999999999969207,1.0595848457999258e-14,2.9064550506467935e-12,1.9670054075081316e-35
1795,3,3,0.9999999999969292,1.616631025963334e-13,5.189896915865805e-21,0.9999999999969292,1.0560368366293993e-14,2.89862157542574e-12,1.959538079759573e-35
1796,5,5,0.9869027704155504,5.089462918308424e-05,0.000944945259912314,2.445979511413684e-07,3.5920713707729724e-05,0.9869027704155504,0.01206522438369524
1798,2,2,0.9860387374293416,3.817814842420458e-06,0.9860387374293416,0.005025805614686159,4.948653345868814e-06,0.008926690487784054,2.3372311278208626e-23
1799,6,6,0.9676337136058012,0.00586780733547399,0.0058675917471090345,0.00727859926197177,4.815699679889853e-05,0.013304131052845114,0.9676337136058012
1800,3,3,0.9999999999969108,1.6289509761534996e-13,5.238957252842989e-21,0.9999999999969108,1.06378723791304e-14,2.9156708073226732e-12,1.9749964646955563e-35
1803,2,2,0.9857505870125641,3.943935208283851e-06,0.9857505870125641,0.005163890498967119,5.0779325862697135e-06,0.009076500620674161,2.4453457812939825e-23
1804,4,4,0.9999361964469056,1.8714944866160692e-05,7.989569810941112e-07,2.5919542784403785e-05,0.9999361964469056,1.83701084627758e-05,4.369808662234103e-22
1806,5,5,0.986998763945315,5.083301184013631e-05,0.0009394317104283948,2.4519776514569453e-07,3.589284674501015e-05,0.986998763945315,0.01197483328790629
1807,5,5,0.987358273297989,5.1110338559166796e-05,0.0009328049259108717,2.5174965603513004e-07,3.6021883274671096e-05,0.987358273297989,0.011621537804610305
1809,4,4,0.9999362411790143,1.867849290393911e-05,7.978296930611765e-07,2.5936965861195094e-05,0.9999362411790143,1.8345532527563304e-05,4.366269588318718e-22
1810,3,3,0.9999999999969198,1.6233807546549543e-13,5.215298016050013e-21,0.9999999999969198,1.0601696439356585e-14,2.907331316043498e-12,1.9681299591668954e-35
1811,1,1,0.9999971955396731,0.9999971955396731,1.5084145765118288e-11,7.635199507420114e-09,1.7137350337049682e-10,2.796638669823128e-06,7.257079746412185e-34
1813,2,2,0.985987110446396,3.842335548118156e-06,0.985987110446396,0.00506692676362327,4.969325298341548e-06,0.008937151129134272,2.3135740547637516e-23
1814,6,6,0.9673924509484655,0.005907628519042547,0.005905417549005696,0.007346051219028149,4.851544828740333e-05,0.013399936316170718,0.9673924509484655
1815,3,3,0.9999999999969238,1.6203256049886997e-13,5.203551632934599e-21,0.9999999999969238,1.0580266665177603e-14,2.9036451109052556e-12,1.9639752065620778e-35
1817,2,2,0.9858884293406543,3.875177725175999e-06,0.9858884293406543,0.005038589707371878,5.028220863232251e-06,0.009064077553385338,2.495949315835926e-23
1819,3,3,0.9999999999968067,1.689467249945885e-13,5.5313544320696715e-21,0.9999999999968067,1.1019246656674877e-14,3.0134050880042063e-12,2.140444926618527e-35
1820,3,3,0.9999999999968503,1.6572714653663126e-13,5.395307516254553e-21,0.9999999999968503,1.0831456415283356e-14,2.973076803860749e-12,2.056775293051808e-35
1821,5,5,0.9870755040535417,5.091475603446721e-05,0.0009378446144999388,2.45249086786263e-07,3.590806859197793e-05,0.9870755040535417,0.011899583258245156
1822,5,5,0.9870637007247679,5.11840963910425e-05,0.0009408400854308745,2.460527631773743e-07,3.5980101889248724e-05,0.9870637007247679,0.01190804893875782
1825,4,4,0.9999361412061238,1.870854120296516e-05,7.98697001550538e-07,2.5976236497467043e-05,0.9999361412061238,1.8375319174214652e-05,4.371115357522749e-22
1826,2,2,0.9859545290467396,3.853500467403418e-06,0.9859545290467396,0.005012923187362368,4.9909976737700754e-06,0.009023703267756871,2.4511751654793376e-23
1827,2,2,0.9859229667362669,3.858383465201552e-06,0.9859229667362669,0.005097693443835521,4.997346352737116e-06,0.008970484090079719,2.3294298499710136e-23
1828,2,2,0.9859631685796914,3.846554797841982e-06,0.9859631685796914,0.005083011705565123,4.979270645968505e-06,0.008944993889299748,2.3191398080924756e-23
1830,3,3,0.999999999996927,1.6188057668058353e-13,5.197347333952904e-21,0.999999999996927,1.057205341686622e-14,2.900595384640251e-12,1.9600390254177626e-35
1831,3,3,0.9999999999969238,1.6200471948090852e-13,5.206598062654654e-21,0.9999999999969238,1.0589896352065798e-14,2.9036299005017486e-12,1.9659478574354767e-35
1833,1,1,0.9999971985155177,0.9999971985155177,1.5076048711332192e-11,7.617434401044497e-09,1.7114791506234981e-10,2.793680823983006e-06,7.256451448615879e-34
1837,2,2,0.9860086352602468,3.825838774214921e-06,0.9860086352602468,0.005033115812791512,4.959940020049127e-06,0.00894946314816734,2.356103948967711e-23
1838,2,2,0.9858894397658476,3.878638851880842e-06,0.9858894397658476,0.005112136206093433,5.012916337204629e-06,0.008989532472869835,2.3762373713955366e-23
1840,2,2,0.9857831569215239,3.914212313267451e-06,0.9857831569215239,0.0051588584456785215,5.055777727475605e-06,0.009049014642756835,2.3914340908793583e-23
1841,4,4,0.9999362514093875,1.8681011946143652e-05,7.982079953436858e-07,2.5920986154506087e-05,0.9999362514093875,1.8348384516511135e-05,4.365928239990187e-22
1842,5,5,0.986969131868386,5.09293113369351e-05,0.0009411088965214804,2.4441198950168313e-07,3.590847128617255e-05,0.986969131868386,0.01200267704047992
1843,3,3,0.9999999999969297,1.6170155387422946e-13,5.191993224536407e-21,0.9999999999969297,1.056541833938812e-14,2.8981038515703634e-12,1.9580928179603522e-35
1846,5,5,0.9870278929684279,5.151105387524076e-05,0.0009466152884209387,2.50410956406978e-07,3.6122097303153826e-05,0.9870278929684279,0.011937608181016374
1847,1,1,0.9999972030088199,0.9999972030088199,1.504771649377817e-11,7.602337647003545e-09,1.7071357109133728e-10,2.7892030811583634e-06,7.240527159185763e-34
1848,2,2,0.9858220008355283,3.897132055299267e-06,0.9858220008355283,0.005142690944246087,5.040731536937599e-06,0.00902637035663332,2.3832782044050853e-23
1849,2,2,0.9859939817051696,3.839871245225289e-06,0.9859939817051696,0.005052443405007956,4.969625443008899e-06,0.008944765393134184,2.3494115486701563e-23
1852,1,1,0.9999972011941283,0.9999972011941283,1.5060507360453716e-11,7.613331895435078e-09,1.7095115017026928e-10,2.7910065282520232e-06,7.244316242110696e-34
1854,1,1,0.9999971972179497,0.9999971972179497,1.5071626931295627e-11,7.629175583281763e-09,1.7120154436257472e-10,2.7949666015794394e-06,7.248683878487609e-34
1855,5,5,0.9870007105978745,5.085203370313562e-05,0.0009418458169929454,2.439545567743104e-07,3.589394798643446e-05,0.9870007105978745,0.01197045364888617
1856,3,3,0.9999999999969279,1.6168727727803835e-13,5.195017772935885e-21,0.9999999999969279,1.0572061127129626e-14,2.8999346018149982e-12,1.9625640032641081e-35
1858,4,4,0.9999362191670185,1.8694083266786482e-05,7.989713338470464e-07,2.592410735833372e-05,0.9999362191670185,1.8363671022555033e-05,4.371223043871703e-22
1859,4,4,0.9999361008182173,1.873553422374392e-05,7.998954833464548e-07,2.5971466953730683e-05,0.9999361008182173,1.8392285121925764e-05,4.387929461127508e-22
1861,1,1,0.9999972024850298,0.9999972024850298,1.504524884068781e-11,7.605461319859623e-09,1.7078488801938922e-10,2.789723678682109e-06,7.219746226073719e-34
1862,1,1,0.9999971931283621,0.9999971931283621,1.5139985874078125e-11,7.643287627819755e-09,1.7156396449635982e-10,2.7990416462634796e-06,7.391324591943192e-34
1863,2,2,0.9859843892847318,3.8408308849393345e-06,0.9859843892847318,0.005065643140906642,4.970453309956933e-06,0.008941156290166794,2.3206456981139114e-23
1864,5,5,0.9872751615648084,5.089923228867039e-05,0.0009439686833454167,2.461526249340534e-07,3.593994779177556e-05,0.9872751615648084,0.011693784419140861
1865,5,5,0.9986342978284485,0.00045775696628436386,0.0007752145862008556,3.674857381113812e-06,6.450759487826985e-05,0.9986342978284485,6.454816680686194e-05
1867,5,5,0.9870282539024164,5.07531896989932e-05,0.0009419122564964394,2.4360340435371826e-07,3.586927636405578e-05,0.9870282539024164,0.011942967771619791
1868,4,4,0.9999362377284597,1.8697468733999583e-05,7.990347328297736e-07,2.5906395107278413e-05,0.9999362377284597,1.8359372966181253e-05,4.372878761209268e-22
1869,2,2,0.9860204946971717,3.827109996886726e-06,0.9860204946971717,0.005021247124621815,4.959281734965388e-06,0.008949471786474605,2.3748999074134677e-23
1870,5,5,0.9870269542524841,5.0782248723509774e-05,0.0009401816850373031,2.4439099015911606e-07,3.58932829514807e-05,0.9870269542524841,0.011945944139813463
1871,5,5,0.9869779969227678,5.085703868386081e-05,0.0009413690569218681,2.4368093181510755e-07,3.5890928346581476e-05,0.9869779969227678,0.01199364237234815
1872,3,3,0.9999999999969238,1.6210897654126355e-13,5.202487568109873e-21,0.9999999999969238,1.0581697551769157e-14,2.9035352366615467e-12,1.9649425126025755e-35
1873,5,5,0.987009094539891,5.0924293079703887e-05,0.0009407285131038278,2.451464302788887e-07,3.593376422252357e-05,0.987009094539891,0.011963073743272653
1875,3,3,0.999999999996917,1.6252719106761108e-13,5.228262281814897e-21,0.999999999996917,1.0623530616794588e-14,2.909813485058364e-12,1.9682879878021512e-35
1876,5,5,0.9874313111740645,5.07853125744807e-05,0.000950271177265125,2.470398753201425e-07,3.593658811224202e-05,0.9874313111740645,0.011531448708108454
1878,5,5,0.9869674444055084,5.0974968353579496e-05,0.0009427147024959836,2.4496584126994766e-07,3.5935374074516345e-05,0.9869674444055084,0.012002685583726259
1879,5,5,0.9870250280876603,5.079122260814601e-05,0.0009432619870115274,2.435301597196935e-07,3.587736127723276e-05,0.9870250280876603,0.011944797811283046
1881,3,3,0.9999999999969252,1.618806145116327e-13,5.202147456269653e-21,0.9999999999969252,1.0580677295496881e-14,2.9023254799782702e-12,1.964153786058238e-35
1882,5,5,0.9869233380903769,5.077062036598259e-05,0.0009398196935491365,2.4375389778457406e-07,3.5859732625910415e-05,0.9869233380903769,0.012049968109184276
1883,3,3,0.9999999999969273,1.61739912223021e-13,5.190458298931705e-21,0.9999999999969273,1.0563903365321145e-14,2.900312057681587e-12,1.9658084714123508e-35
1884,6,6,0.9675336781887866,0.0058837972913600815,0.005883582223711202,0.007305670711514804,4.831058393773577e-05,0.013344961000689659,0.9675336781887866
1885,3,3,0.9999999999969218,1.6210800713250552e-13,5.216615479436554e-21,0.9999999999969218,1.0609317802584105e-14,2.9055514841612514e-12,1.9664987072863704e-35
1887,2,2,0.9857879311824671,3.942588212198354e-06,0.9857879311824671,0.005059848616295936,5.074980995860442e-06,0.009143202632028911,2.7138881829382125e-23
1889,6,6,0.9641580220280295,0.006559698256260321,0.006382973852164834,0.008114120146812419,5.354085059031579e-05,0.01473164486614269,0.9641580220280295
1890,2,2,0.9859341300381028,3.86230913452636e-06,0.9859341300381028,0.005094425877053131,4.993067682583606e-06,0.008962588708027058,2.329237287449799e-23
1891,2,2,0.9858769323362275,3.870501508264063e-06,0.9858769323362275,0.005115667126064814,5.011042738781059e-06,0.008998518993460684,2.353570640971343e-23
1893,3,3,0.9999999999969214,1.6219316463311348e-13,5.211546719788462e-21,0.9999999999969214,1.0598740645729331e-14,2.905920538187895e-12,1.9664159645186724e-35
1894,2,2,0.9859843581485137,3.843538597444253e-06,0.9859843581485137,0.005061138617719701,4.97501188822474e-06,0.008945684683280908,2.3559852044784507e-23
1897,5,5,0.9870778882528675,5.081850113001922e-05,0.0009420147425782263,2.4410162289837064e-07,3.5894732750795837e-05,0.9870778882528675,0.011893139669050635
1898,1,1,0.9999972021887111,0.9999972021887111,1.5057064761877817e-11,7.606131343709417e-09,1.7091121520335164e-10,2.790019189275617e-06,7.243344170261477e-34
1901,1,1,0.9999972002293833,0.9999972002293833,1.5072767290640307e-11,7.606359937960294e-09,1.7087573355826543e-10,2.7919783082141886e-06,7.2593296516623644e-34
1902,3,3,0.9999999999969271,1.619313191946119e-13,5.198642199355945e-21,0.9999999999969271,1.0579106117369057e-14,2.900334223647934e-12,1.9588623457548908e-35
1903,2,2,0.9859923990715901,3.830700287695011e-06,0.9859923990715901,0.005040367216819775,4.966700560575045e-06,0.008958436310741929,2.3567837632527834e-23
1905,1,1,0.9999972001549513,0.9999972001549513,1.507153970967107e-11,7.613244146337315e-09,1.709469924841468e-10,2.7920457860492422e-06,7.26885654769086e-34
1907,4,4,0.9999361861256001,1.8710675873053656e-05,7.992330783564441e-07,2.5933214838321646e-05,0.9999361861256001,1.8370750610256383e-05,4.378224222579195e-22
1909,3,3,0.9999999999969175,1.623448576222075e-13,5.2179568955342276e-21,0.9999999999969175,1.0600946708208481e-14,2.9096425344063412e-12,1.9740632468282692e-35
1910,4,4,0.9999361286824122,1.8725536840632377e-05,8.001959200214628e-07,2.595465902085555e-05,0.9999361286824122,1.8390925806245528e-05,4.372083730021153e-22
1911,3,3,0.9999999999969265,1.6190948256690528e-13,5.1988165816233154e-21,0.9999999999969265,1.0574474262637941e-14,2.9011131227178605e-12,1.9605675568768754e-35
1912,3,3,0.9999999999969261,1.6190779592798301e-13,5.201298173846486e-21,0.9999999999969261,1.0584784029220475e-14,2.9015015667803388e-12,1.9646887276298246e-35
1914,2,2,0.9859942184440864,3.83410206472134e-06,0.9859942184440864,0.005062171290204508,4.967051369993923e-06,0.008934809112274367,2.3349051749855675e-23
1915,6,6,0.9672657964697239,0.005935533033901906,0.00592960169392135,0.007360007267721902,4.8725242031731034e-05,0.013460336292699257,0.9672657964697239
1916,6,6,0.9669150796251255,0.0059876306369358616,0.005985193038413591,0.007466331755840985,4.924705798943688e-05,0.013596517885694772,0.9669150796251255
1917,5,5,0.987180799098935,5.131520690394123e-05,0.0009422842763299519,2.477985800086592e-07,3.607501485084765e-05,0.987180799098935,0.011789278604400375
1918,5,5,0.987037622300353,5.093178057979912e-05,0.0009382191055468629,2.447864408370617e-07,3.589808754499247e-05,0.987037622300353,0.01193708393953457
1921,6,6,0.9648807354470432,0.006427236446184437,0.006316487347068543,0.007871009274854153,5.221999498863527e-05,0.014452311489861001,0.9648807354470432
1924,2,2,0.9858815844046345,3.897534404331737e-06,0.9858815844046345,0.005106864597009797,5.021718740756943e-06,0.009002631745210671,2.4415937714357267e-23
1927,6,6,0.9666649242082366,0.006064628901689682,0.006018498985761773,0.007484387275923051,4.963797775893316e-05,0.013717922650629957,0.9666649242082366
1928,2,2,0.9859964472672879,3.83369786253588e-06,0.9859964472672879,0.005065582673249234,4.963491786331761e-06,0.008929172869814078,2.3093372392961268e-23
1929,1,1,0.9999972010708419,0.9999972010708419,1.5065390072429463e-11,7.610982919227958e-09,1.708941457541162e-10,2.7911322155965898e-06,7.24643119960751e-34
1931,5,5,0.9871504002413392,5.1206609127432634e-05,0.0009387462292746381,2.4740706815688476e-07,3.6018381950631204e-05,0.9871504002413392,0.011823381131240136
1932,1,1,0.9999971923924637,0.9999971923924637,1.5130927870810085e-11,7.636513333489115e-09,1.7154614998802636e-10,2.7997843460671837e-06,7.314562912245752e-34
1933,4,4,0.9999362465666846,1.869682660365894e-05,7.987522373359363e-07,2.5899713820934325e-05,0.9999362465666846,1.8358140653549845e-05,4.369649020356379e-22
1934,5,5,0.9870352141374797,5.089936436132354e-05,0.0009441720917936273,2.450449797373258e-07,3.5939078708416937e-05,0.9870352141374797,0.011933530282677223
1935,4,4,0.9999362409140448,1.869842677730751e-05,7.986383342948147e-07,2.5905657135823482e-05,0.9999362409140448,1.8356363707919652e-05,4.373134467196917e-22
1936,1,1,0.9999971916206766,0.9999971916206766,1.5138871926389466e-11,7.648591947432212e-09,1.716575415799926e-10,2.800543935018389e-06,7.336443420940711e-34
1938,1,1,0.999997190194835,0.999997190194835,1.5184236024044e-11,7.649828106616367e-09,1.7171943482753819e-10,2.8019684332263e-06,7.436346188927388e-34
1940,2,2,0.9858952921384239,3.86629515538824e-06,0.9858952921384239,0.00503586878113125,5.010432067541622e-06,0.009059962353221962,2.4767596515248785e-23
1941,3,3,0.999999999996924,1.6193120863279878e-13,5.202697581977942e-21,0.999999999996924,1.05784770803264e-14,2.903525023106833e-12,1.9686594985094261e-35
1942,1,1,0.9999971985290742,0.9999971985290742,1.5077819231763722e-11,7.6205895668976e-09,1.712288116586447e-10,2.79366402950589e-06,7.246079529874156e-34
1943,3,3,0.9999999999969196,1.623636410341575e-13,5.217682746873112e-21,0.9999999999969196,1.0614774755500041e-14,2.9073977479958757e-12,1.9670219921663713e-35
1944,5,5,0.9869080393290968,5.0891357003872365e-05,0.0009436928259048865,2.4404783212170946e-07,3.5897845224701365e-05,0.9869080393290968,0.012061234594937645
1945,2,2,0.9859418142589276,3.847736040143799e-06,0.9859418142589276,0.005096177168415165,4.982456214923051e-06,0.00895317838040228,2.30845931945521e-23
1946,5,5,0.987103922518816,5.080441284054498e-05,0.0009464460181701609,2.442433807435487e-07,3.5902686660824415e-05,0.987103922518816,0.011862680120131764
1949,4,4,0.9999361144392077,1.871747145724305e-05,8.008953336369907e-07,2.5972830588636763e-05,0.9999361144392077,1.8394363412784082e-05,4.400089559545598e-22
1951,4,4,0.9999362320981343,1.868839468613682e-05,7.980394529407898e-07,2.593177881853738e-05,0.9999362320981343,1.834968890807797e-05,4.365799777685832e-22
1953,2,2,0.9784973885198495,6.601873554962851e-06,0.9784973885198495,0.004414474428916094,8.25407258888147e-06,0.017073281105090658,4.677201651408099e-22
1954,3,3,0.9999999999969221,1.621741259978622e-13,5.2100635337961976e-21,0.9999999999969221,1.0591662406143972e-14,2.905123179529422e-12,1.9641309408496795e-35
1955,5,5,0.9871651285298846,5.101868528514251e-05,0.0009318594146477465,2.4813780944858933e-07,3.593308850557895e-05,0.9871651285298846,0.01181581214386757
1956,2,2,0.9860216464003115,3.824083610367195e-06,0.9860216464003115,0.005031042557925377,4.9530769923394455e-06,0.008938533881160407,2.3633566887265972e-23
1959,1,1,0.9999971912948444,0.9999971912948444,1.5126268582122764e-11,7.648607324167624e-09,1.716895335569319e-10,2.8008697324795757e-06,7.275412367229183e-34
1960,4,4,0.9999360195325081,1.8724153103867616e-05,8.001924823611185e-07,2.6043017271217623e-05,0.9999360195325081,1.841310463447252e-05,4.392673139673102e-22
1961,2,2,0.985974303318849,3.842515816234592e-06,0.985974303318849,0.0050729120681136395,4.97279077169715e-06,0.00894396930644947,2.3121527332139054e-23
1966,3,3,0.9999999999969243,1.6211781988960224e-13,5.208864067260849e-21,0.9999999999969243,1.0595665822794872e-14,2.903023811883376e-12,1.9630801962981563e-35
1967,6,6,0.9675530301219744,0.005882215982736278,0.005879640523901317,0.007297131609258979,4.827653280871408e-05,0.013339705229320351,0.9675530301219744
1968,2,2,0.9859706370184074,3.8438810692632184e-06,0.9859706370184074,0.005076924132861266,4.974740123834821e-06,0.008943620227538255,2.3225912458987942e-23
1969,5,5,0.9870359904577435,5.08930937390702e-05,0.0009467295829174816,2.4386432115115607e-07,3.590774720820236e-05,0.9870359904577435,0.0119302352540707
1970,1,1,0.9999971974150542,0.9999971974150542,1.5077967837381637e-11,7.629376093663753e-09,1.7120816161699158e-10,2.7947692836337907e-06,7.2512895789172145e-34
1972,5,5,0.9871737636293789,5.1028037366380626e-05,0.0009542060231382172,2.4726458719383854e-07,3.6007450515877495e-05,0.9871737636293789,0.011784747595013353
1973,4,4,0.9999362172189341,1.8700904354912528e-05,7.988239016293571e-07,2.5921320191189817e-05,0.9999362172189341,1.8361732618259558e-05,4.371916291933334e-22
1975,5,5,0.9870656073754066,5.086670108894214e-05,0.0009387743290522191,2.4495351387966835e-07,3.590786802366447e-05,0.9870656073754066,0.011908598772914723
1976,5,5,0.9905765018985934,5.21423652351558e-05,0.0010434160401358741,2.776475654159139e-07,3.697439794198197e-05,0.9905765018985934,0.008290687650528258
1977,5,5,0.9870848089729063,5.081329832886485e-05,0.0009409314481723998,2.446756888526148e-07,3.588814677661822e-05,0.9870848089729063,0.011887313458127043
1978,2,2,0.9859751536495175,3.843527759812972e-06,0.9859751536495175,0.005074430356241118,4.97322064460795e-06,0.008941599245836963,2.3118024732448654e-23
1983,2,2,0.9859908988843334,3.834427286088159e-06,0.9859908988843334,0.005069004329291896,4.966861957191325e-06,0.008931295497131309,2.3103530389927262e-23
1984,6,6,0.9673878549873047,0.005922502142753426,0.005902596086554837,0.007335717663018208,4.8524264840339626e-05,0.013402804855528447,0.9673878549873047
1985,2,2,0.9859662913601558,3.843326135593243e-06,0.9859662913601558,0.005080451552906722,4.974559812918754e-06,0.008944439200988996,2.3112137562510593e-23
1986,5,5,0.987188052351049,5.10434834261754e-05,0.0009406124799187789,2.4625216264736243e-07,3.5918516144855e-05,0.987188052351049,0.011784126917298542
1987,3,3,0.999999999996924,1.6188756381709498e-13,5.1999835194689226e-21,0.999999999996924,1.0576118191299281e-14,2.9035672621905443e-12,1.969247327426132e-35
1988,5,5,0.9870862898930148,5.074123668556537e-05,0.0009458633819402892,2.445132320648836e-07,3.5879055894605445e-05,0.9870862898930148,0.011880981919232685
1989,3,3,0.9999999999969226,1.6214335668634544e-13,5.2104250353917566e-21,0.9999999999969226,1.0593884835903343e-14,2.9047986369328327e-12,1.964816861283476e-35
1990,1,1,0.9999971961536639,0.9999971961536639,1.5095347157562278e-11,7.634502427495898e-09,1.713753038714607e-10,2.7960253628740934e-06,7.297838392496266e-34
1991,5,5,0.9869806423017808,5.0878689696438005e-05,0.0009384193456031661,2.449161712381725e-07,3.5905175354995135e-05,0.9869806423017808,0.011993909571393393
1992,4,4,0.9999362058030195,1.871091178773161e-05,7.992665865822243e-07,2.5917801766360622e-05,0.9999362058030195,1.8366216839905125e-05,4.3838749400866145e-22
1993,4,4,0.9999361116548171,1.8744623740808422e-05,7.994685101440051e-07,2.595561948889902e-05,0.9999361116548171,1.8388633443138252e-05,4.3758070920800805e-22
1995,3,3,0.9999999999969255,1.6189067289787851e-13,5.196897458617972e-21,0.9999999999969255,1.05678852311995e-14,2.902164535385315e-12,1.9657867814665203e-35
1996,3,3,0.9999999999969263,1.6194625989091283e-13,5.1982167156820265e-21,0.9999999999969263,1.0575723168444132e-14,2.901143261190785e-12,1.961019847737983e-35
1997,3,3,0.9999999999969239,1.6207820517139485e-13,5.20696075016632e-21,0.9999999999969239,1.058643976639826e-14,2.9035088627610173e-12,1.9630247050092907e-35
1998,4,4,0.999936177837394,1.8703302359792277e-05,7.983465099373413e-07,2.5953002812296095e-05,0.999936177837394,1.8367510924038102e-05,4.359824627724662e-22
2001,3,3,0.9999999999969205,1.6228078638804516e-13,5.2181261898278985e-21,0.9999999999969205,1.0609795884746723e-14,2.906562781426903e-12,1.9676407757843435e-35
2004,2,2,0.9859778063859347,3.843254594147097e-06,0.9859778063859347,0.005065826752847562,4.9773867757535146e-06,0.008947546219847865,2.342415758885359e-23
2005,5,5,0.9869828996624143,5.096881832476061e-05,0.0009396311164107075,2.446329603213779e-07,3.591769877481079e-05,0.9869828996624143,0.01199033807111524
2006,5,5,0.9869993414173422,5.0868875062561896e-05,0.0009403327245801225,2.4423755166328655e-07,3.59020942342196e-05,0.9869993414173422,0.011973310651229184
2007,5,5,0.987040021291329,5.08577213358263e-05,0.0009417168021958183,2.442796521024462e-07,3.589213608575937e-05,0.987040021291329,0.011931267769401621
2008,4,4,0.9999353347217754,1.888863632564156e-05,8.072864191804787e-07,2.6365826347262677e-05,0.9999353347217754,1.860352913254602e-05,4.495813611961148e-22
2011,1,1,0.9999971965286067,0.9999971965286067,1.507644294227527e-11,7.634344379461873e-09,1.713307061172661e-10,2.7956506416872014e-06,7.256444814513208e-34
2012,4,4,0.9999361446255344,1.8720324819550025e-05,8.00191502015716e-07,2.5944085228933063e-05,0.9999361446255344,1.8390772915193936e-05,4.384032669865366e-22
2014,5,5,0.9870000919459309,5.146650173104667e-05,0.0009497305450004899,2.495703974840042e-07,3.6140712130592095e-05,0.9870000919459309,0.011962320724809534
2015,1,1,0.9999971972235474,0.9999971972235474,1.511468414173557e-11,7.62704736880908e-09,1.7135788397562892e-10,2.794962932610969e-06,7.351986926484131e-34
2018,3,3,0.9999999999969207,1.6216907575869247e-13,5.210220951683616e-21,0.9999999999969207,1.0587968027298712e-14,2.90663101447336e-12,1.9687636733402734e-35
2019,3,3,0.9999999999969194,1.6222834927387147e-13,5.213788109949157e-21,0.9999999999969194,1.0594638767081819e-14,2.907894952407256e-12,1.970875889525709e-35
2020,1,1,0.999997198320551,0.999997198320551,1.506474977123433e-11,7.624090575115294e-09,1.710857477709845e-10,2.7938692080113318e-06,7.237564422368174e-34
2023,2,2,0.9859364601197039,3.863118333289277e-06,0.9859364601197039,0.005082649120559128,4.997479038606809e-06,0.00897203016236504,2.3586045256793635e-23
2024,5,5,0.9871057240177574,5.109566766469223e-05,0.0009367203752160373,2.464479465462188e-07,3.5970636225510904e-05,0.9871057240177574,0.011870242855189823
2025,1,1,0.9999971935632282,0.9999971935632282,1.5098956741682058e-11,7.64110799660468e-09,1.7149664515105096e-10,2.798609068226575e-06,7.278585619552993e-34
2026,5,5,0.9875217268857175,5.0822713920317505e-05,0.0009561801556973188,2.4850283207366755e-07,3.5975591158536274e-05,0.9875217268857175,0.011435046150674281
2027,1,1,0.9999971979279079,0.9999971979279079,1.5074221426724855e-11,7.627634210977727e-09,1.7121014593756835e-10,2.7942581735540365e-06,7.241836805010904e-34
2028,5,5,0.986963989318554,5.085744828256551e-05,0.0009436532267428367,2.4416072599554527e-07,3.589854817720852e-05,0.986963989318554,0.012005357297517363
2029,3,3,0.999999999996923,1.622057534981977e-13,5.210479136087407e-21,0.999999999996923,1.0597859208104734e-14,2.9042416583932646e-12,1.962125869679776e-35
2030,4,4,0.9999361621291891,1.871143173811804e-05,8.000643391949278e-07,2.594571219979156e-05,0.9999361621291891,1.8380662533828245e-05,4.380403967342121e-22
2032,5,5,0.987500355495648,5.131543001772001e-05,0.0009275435348213931,2.534036368000913e-07,3.6093741084296856e-05,0.987500355495648,0.011484438394791893
2034,2,2,0.9860164236142431,3.824560375529236e-06,0.9860164236142431,0.005033474341071153,4.955510714151297e-06,0.00894132197359605,2.3664590854342214e-23
2035,1,1,0.9999971979515467,0.9999971979515467,1.5079720859348427e-11,7.625134634603482e-09,1.7127193535930446e-10,2.794236967095822e-06,7.265388018809391e-34
2036,5,5,0.9871363927052915,5.0908549997242155e-05,0.0009518815892760448,2.460393745498759e-07,3.596716692197473e-05,0.9871363927052915,0.011824603949138677
2039,2,2,0.985958348144806,3.846294362898814e-06,0.985958348144806,0.005084727374881564,4.9792780578243e-06,0.008948098907891718,2.3145152594006366e-23
2040,3,3,0.9999999999969205,1.623186124243425e-13,5.219186046209874e-21,0.9999999999969205,1.0607986567819462e-14,2.9065166733050816e-12,1.971357513381249e-35
2042,3,3,0.9999999999969295,1.617035885865699e-13,5.192049521250358e-21,0.9999999999969295,1.0565462480810855e-14,2.898295461692079e-12,1.9577602440338364e-35
2043,2,2,0.9859536949285,3.851277806253322e-06,0.9859536949285,0.0050866921948633645,4.983813270962755e-06,0.008950777785559366,2.3216483254940994e-23
2044,2,2,0.9860027049491066,3.83071458017603e-06,0.9860027049491066,0.005059988665990856,4.96161759351448e-06,0.00892851405272878,2.310311825722521e-23
2045,3,3,0.9999999999969283,1.618257338271301e-13,5.1933688423449285e-21,0.9999999999969283,1.0567662968960488e-14,2.89920349667586e-12,1.9585385816681097e-35
2046,6,6,0.9678027750620602,0.005830172789424136,0.005840621342401029,0.0072400507075163585,4.789444671296141e-05,0.01323848565188528,0.9678027750620602
2047,3,3,0.9999999999969266,1.6200443700896282e-13,5.202129864689939e-21,0.9999999999969266,1.0593695055280606e-14,2.9009238518615953e-12,1.960890854162088e-35
2048,3,3,0.9999999999968423,1.6666839019652712e-13,5.435822420889848e-21,0.9999999999968423,1.096241061902666e-14,2.980098669285697e-12,2.0557360937699157e-35
2049,5,5,0.986994770333502,5.090724387135194e-05,0.0009371158861251849,2.447978434711131e-07,3.590793511810046e-05,0.986994770333502,0.01198105380353989
2053,5,5,0.9879117637581147,5.120612362713101e-05,0.0009525061838480231,2.5290457198260047e-07,3.614875634748196e-05,0.9879117637581147,0.011048122273490644
2057,3,3,0.9999999999969128,1.627206941007402e-13,5.239014532456722e-21,0.9999999999969128,1.0644422582619337e-14,2.9138314556687365e-12,1.976244835981609e-35
2058,5,5,0.9870085684353963,5.103595672088758e-05,0.0009405408014113872,2.4550772363905865e-07,3.594809066103181e-05,0.9870085684353963,0.011963661208086866
2059,2,2,0.9859264979694733,3.8714415604550234e-06,0.9859264979694733,0.005067481529190393,5.004655927416504e-06,0.008997144403848497,2.405539490183482e-23
2060,4,4,0.9999360705160426,1.871768354667998e-05,8.006716827263205e-07,2.6008753848569176e-05,0.9999360705160426,1.8402374879390382e-05,4.39857944974807e-22
2062,1,1,0.9999972002450935,0.9999972002450935,1.5064026623984847e-11,7.613682582235763e-09,1.710419436517632e-10,2.791955117881346e-06,7.24602409027061e-34
2063,1,1,0.9999971925378233,0.9999971925378233,1.5111147091456284e-11,7.641491189799842e-09,1.7154719511151207e-10,2.799634027256481e-06,7.28705497569196e-34
2065,4,4,0.9999361251194876,1.8737994511688374e-05,8.01222040502877e-07,2.59358356954829e-05,0.9999361251194876,1.8399828264685998e-05,4.401161760427329e-22
2066,3,3,0.9999999999969216,1.6222053904595116e-13,5.2094897458686415e-21,0.9999999999969216,1.0591247194651146e-14,2.905655881323946e-12,1.9654136173601512e-35
2067,3,3,0.9999999999968894,1.6419352900867815e-13,5.3042501293044914e-21,0.9999999999968894,1.0748017113203637e-14,2.935744976978754e-12,2.0004385349505387e-35
2069,6,6,0.96665214362854,0.006009414495275729,0.006037488386297397,0.007508731561393355,4.960989617196737e-05,0.013742612032321513,0.96665214362854
2071,3,3,0.9999999999969249,1.6187982267393928e-13,5.202502609476021e-21,0.9999999999969249,1.0577459160050996e-14,2.9027091166507864e-12,1.9643184636409784e-35
2072,3,3,0.999999999996894,1.6326670734796747e-13,5.2789451818944914e-21,0.999999999996894,1.0667289576793889e-14,2.9320512477978563e-12,2.0116406634494753e-35
2073,4,4,0.9999361863102806,1.8705417651448204e-05,7.989329844514984e-07,2.593918164076368e-05,0.9999361863102806,1.8370157442771282e-05,4.371673754472233e-22
2074,2,2,0.9859170678753507,3.862462933669832e-06,0.9859170678753507,0.00509022342119288,4.997736400780898e-06,0.008983848504121905,2.3832750078159027e-23
2075,5,5,0.9870592011283622,5.0904382833357855e-05,0.0009434066041861809,2.4464924519473793e-07,3.594699035302615e-05,0.9870592011283622,0.0119102962450201
2076,4,4,0.9999362495879629,1.8678655068010974e-05,7.983770634155036e-07,2.5921491492085188e-05,0.9999362495879629,1.8351888413561455e-05,4.371498315420287e-22
2078,5,5,0.9870370139979756,5.087749937676168e-05,0.0009432121485572375,2.4467236263752424e-07,3.590907519060394e-05,0.9870370139979756,0.01193274260653705
2079,4,4,0.9999361644619507,1.8698563809007615e-05,7.98720541965996e-07,2.5971274557053856e-05,0.9999361644619507,1.8366979141309576e-05,4.368842797685277e-22
2081,5,5,0.9895863064680447,5.1576301470046106e-05,0.0010077974414492358,2.6632147880828e-07,3.661459166401105e-05,0.9895863064680447,0.009317438875893242
2082,1,1,0.9999972004066938,0.9999972004066938,1.5079304518710987e-11,7.614077647800947e-09,1.709342299170735e-10,2.7917932149438453e-06,7.265580856712096e-34
2083,4,4,0.9999360875955536,1.871816907408681e-05,8.006939771172899e-07,2.5992571699216228e-05,0.9999360875955536,1.8400969695985157e-05,4.396606982593567e-22
2085,5,5,0.9870184328483178,5.0918020106435996e-05,0.000939284978248679,2.45538661169904e-07,3.591423190917698e-05,0.9870184328483178,0.01195520438275675
2086,3,3,0.9999999999969157,1.626481394246288e-13,5.2302581919494814e-21,0.9999999999969157,1.0624230875048528e-14,2.910983006739536e-12,1.971166553252809e-35
2091,1,1,0.9999971923545495,0.9999971923545495,1.51190404968863e-11,7.636201672645626e-09,1.7151217689385732e-10,2.7998226176143645e-06,7.284153946461168e-34
2092,3,3,0.9999999999968121,1.6766051826148996e-13,5.532053241203049e-21,0.9999999999968121,1.0969517416908941e-14,3.0092546115981996e-12,2.082952893369568e-35
2093,3,3,0.9999999999969259,1.6181837239328957e-13,5.201201987881269e-21,0.9999999999969259,1.0577273020512843e-14,2.9017228877694754e-12,1.9647265690907116e-35
2094,5,5,0.9954280560104022,5.547628993889953e-05,0.0013718319802520917,3.969693050110123e-07,3.975423818363151e-05,0.9954280560104022,0.0031044845119181357
2095,4,4,0.9999361948544732,1.867976682252392e-05,7.976184146727505e-07,2.5973896074593148e-05,0.9999361948544732,1.835386421502525e-05,4.362637918659483e-22
2097,5,5,0.9869625064668358,5.08358329505116e-05,0.0009401966928904625,2.4358956223564284e-07,3.586861358163256e-05,0.9869625064668358,0.012010348804179442
2098,4,4,0.9999361240860598,1.8723508632665334e-05,7.989349992570898e-07,2.597070272550162e-05,0.9999361240860598,1.8382767582794168e-05,4.372995588574975e-22
2099,2,2,0.9856863565025259,3.941278737106357e-06,0.9856863565025259,0.0051975689020515685,5.079357384148339e-06,0.009107053959301224,2.3846118661378695e-23
2101,2,2,0.9859448682031869,3.851956767401688e-06,0.9859448682031869,0.005090811450738121,4.984208783086763e-06,0.008955484180524498,2.310247244779571e-23
2103,6,6,0.9666056967086236,0.006065596814295978,0.006032644312889145,0.007514722548275009,4.973445761203751e-05,0.013731605158304272,0.9666056967086236
2105,6,6,0.9086976520927834,0.014679336451576023,0.017686674549709302,0.020771509961875326,0.00013339008515269508,0.038031436858903256,0.9086976520927834
2106,1,1,0.999997199040747,0.999997199040747,1.5068535994523836e-11,7.621368782591254e-09,1.7111875961933185e-10,2.7931516968980132e-06,7.252571620489964e-34
2108,5,5,0.9870515608324468,5.0751007472989596e-05,0.000944184160762692,2.436782080196785e-07,3.586502112561458e-05,0.9870515608324468,0.011917395299983837
2109,3,3,0.9999999999969247,1.6183176273629195e-13,5.204500444222623e-21,0.9999999999969247,1.0578214253071916e-14,2.902879171706141e-12,1.9643417722819876e-35
2112,3,3,0.9999999999969245,1.6209473808655762e-13,5.203519012924115e-21,0.9999999999969245,1.0583562302805895e-14,2.9029232908089767e-12,1.9622677728917142e-35
2113,4,4,0.9999362235265689,1.8702570064262906e-05,7.987574026299095e-07,2.5912437906202038e-05,0.9999362235265689,1.8362708057960098e-05,4.3693058442241e-22
2114,6,6,0.9672460965002743,0.005943945916470515,0.005928337362340435,0.007365654871822389,4.878323736479536e-05,0.013467182111727587,0.9672460965002743
2115,3,3,0.9999999999969217,1.6215176848242553e-13,5.207445505167739e-21,0.9999999999969217,1.0585117021893698e-14,2.9055721410698867e-12,1.9675581968807975e-35
2118,2,2,0.9859736385839168,3.837464961159066e-06,0.9859736385839168,0.00505717737856486,4.9747132073090325e-06,0.00896037185934999,2.348890579805272e-23
2120,2,2,0.985907722027146,3.868105079359489e-06,0.985907722027146,0.005109525721816372,5.0026358719123845e-06,0.008973881510086403,2.3289382161001097e-23
2121,3,3,0.9999999999969273,1.6180403626923417e-13,5.1975686535094364e-21,0.9999999999969273,1.0581579782942906e-14,2.9002923647571963e-12,1.9628847913732977e-35
2122,2,2,0.9860076281793352,3.8273276470459556e-06,0.9860076281793352,0.005058360642332345,4.958729566572325e-06,0.008925225121118964,2.3076471628160078e-23
2123,3,3,0.9999999999969159,1.6253997445667769e-13,5.224671183567364e-21,0.9999999999969159,1.0612503366862642e-14,2.9109187908253347e-12,1.971688461408063e-35
2124,1,1,0.9999971959569361,0.9999971959569361,1.50792985032646e-11,7.633399782419684e-09,1.7132807772149127e-10,2.796223256681923e-06,7.253280584404314e-34
2125,5,5,0.9893005492784557,5.197248765710306e-05,0.001012485742730531,2.688820951040861e-07,3.6717874361172306e-05,0.9893005492784557,0.009598005734700451
2126,4,4,0.999936269635348,1.8678202809595123e-05,7.980600923931608e-07,2.5910019268522403e-05,0.999936269635348,1.834408248157487e-05,4.364541309836643e-22
2127,4,4,0.9999362427452037,1.8689538741907727e-05,7.985898379026408e-07,2.591358726410365e-05,0.9999362427452037,1.8355538952469648e-05,4.372634711770192e-22
2128,4,4,0.9999362256361564,1.8697649007310636e-05,7.981719031918465e-07,2.592424530552134e-05,0.9999362256361564,1.8354297627636892e-05,4.364470190369241e-22
2129,1,1,0.9999971988874536,0.9999971988874536,1.507049441317939e-11,7.62766862096968e-09,1.7115318062269203e-10,2.793298654059958e-06,7.256431084925442e-34
2130,3,3,0.9999999999969258,1.6195040329523993e-13,5.2021448007371316e-21,0.9999999999969258,1.0580508340545287e-14,2.9017224524628027e-12,1.9624428949263993e-35
2131,2,2,0.9858076124729199,3.908208494699533e-06,0.9858076124729199,0.005151712617796842,5.048118582355259e-06,0.009031718582206158,2.364227622251359e-23
2133,1,1,0.9999972024193827,0.9999972024193827,1.505476533109102e-11,7.60680944296399e-09,1.7084640084652563e-10,2.7897879066613844e-06,7.247650945672719e-34
2135,2,2,0.9859506061851988,3.8582093383578405e-06,0.9859506061851988,0.0050811210775808646,4.987688661470219e-06,0.008959426839220628,2.3302314452800673e-23
2136,4,4,0.9999361210038764,1.8704603649888294e-05,7.99938174329285e-07,2.5985806283215438e-05,0.9999361210038764,1.8388648016221565e-05,4.389287676676069e-22
2139,3,3,0.9999999999969074,1.63180856499304e-13,5.246360109852282e-21,0.9999999999969074,1.0648132999192228e-14,2.9187814208422984e-12,1.978039100851521e-35
2142,3,3,0.9999999999969267,1.6181055331794133e-13,5.198793108686797e-21,0.9999999999969267,1.0576700461232878e-14,2.9010394306881652e-12,1.962258894438578e-35
2143,2,2,0.985999614477912,3.834039247171043e-06,0.985999614477912,0.005063755118858334,4.9640388235705726e-06,0.008927832325158966,2.323963466167318e-23
2144,3,3,0.9999999999968348,1.6684281939823834e-13,5.4376270970693024e-21,0.9999999999968348,1.0880154383009947e-14,2.9875622999116257e-12,2.0811671517851392e-35
2146,6,6,0.96688478285982,0.005990552687217168,0.005986890013049877,0.0074830642448185805,4.925147383592847e-05,0.013605458721258444,0.96688478285982
2152,6,6,0.9676182858720853,0.005865616029847989,0.005871177858224041,0.0072833193328406655,4.816557651315871e-05,0.01331343533048881,0.9676182858720853
2153,2,2,0.9858756819599549,3.885314335216854e-06,0.9858756819599549,0.005111785875103441,5.018046697883847e-06,0.009003628803908576,2.3979965630894874e-23
2154,3,3,0.9999999999969214,1.6229004431644164e-13,5.210509219486223e-21,0.9999999999969214,1.0597393556181048e-14,2.9057413198902655e-12,1.9670385180413821e-35
2155,5,5,0.9870683884459317,5.1006115322240885e-05,0.0009391862347586839,2.460767981313495e-07,3.5948353563560016e-05,0.9870683884459317,0.011905224773625708
2156,5,5,0.9876154827587943,5.1298417267548824e-05,0.0009279808157032558,2.542555278376391e-07,3.606083962378829e-05,0.9876154827587943,0.01136892291308321
2157,2,2,0.9859902103630016,3.838575592621404e-06,0.9859902103630016,0.005064447064671065,4.965883452773598e-06,0.008936538113282067,2.3195288280373717e-23
2158,3,3,0.9999999999969256,1.6195694556915493e-13,5.202058489920314e-21,0.9999999999969256,1.0581021942228751e-14,2.902005675232226e-12,1.9638194887942217e-35
2160,3,3,0.9999999999969202,1.622143718227197e-13,5.211028493337643e-21,0.9999999999969202,1.0589013491832238e-14,2.9069677833667473e-12,1.970357572645781e-35
2161,1,1,0.999997199148452,0.999997199148452,1.5064198057133747e-11,7.619127871832965e-09,1.7108607459279265e-10,2.793046269900058e-06,7.234088821146277e-34
2162,4,4,0.9999362318341848,1.868715617829693e-05,7.991938299836903e-07,2.5920622744545363e-05,0.9999362318341848,1.8361193062371455e-05,4.38533522455828e-22
2163,2,2,0.9860263510946354,3.824144180462999e-06,0.9860263510946354,0.005046631535621808,4.952999042244206e-06,0.008918240226520123,2.3103060034783108e-23
2165,3,3,0.9999999999969228,1.6205839117716262e-13,5.2064197291430155e-21,0.9999999999969228,1.0581621359386764e-14,2.9045774171589884e-12,1.9665162564969218e-35
2166,6,5,0.3746250216697399,0.14423429872344296,0.10444500744461786,0.21699517361779502,0.005044182534112336,0.3746250216697399,0.1546563160102919
2167,3,3,0.9999999999969237,1.6200449541268608e-13,5.206142167075646e-21,0.9999999999969237,1.0582976408185662e-14,2.9037567859798487e-12,1.9625942939014001e-35
2170,2,2,0.985973508574713,3.845006510038334e-06,0.985973508574713,0.005071345820112779,4.977058065903349e-06,0.008946323540598211,2.3225514555550426e-23
2171,6,6,0.9676479241206427,0.005862171015253193,0.005859702841428491,0.00727439787033019,4.8118884595559396e-05,0.013307685267749872,0.9676479241206427
2174,2,2,0.9858116333899036,3.927813690407705e-06,0.9858116333899036,0.005134968124367422,5.044043626620875e-06,0.009044426628411832,2.4172518072836467e-23
2175,1,1,0.9999972019038383,0.9999972019038383,1.5044000515381245e-11,7.611484988423148e-09,1.7084842667711836e-10,2.7902987842588715e-06,7.220333532447051e-34
2176,3,3,0.9999999999969221,1.6204216433429138e-13,5.205901716537689e-21,0.9999999999969221,1.0584011465282373e-14,2.9052498283491823e-12,1.966514789932337e-35
2177,4,4,0.9999362231063503,1.8685370035964464e-05,7.982597244854923e-07,2.593730604778116e-05,0.9999362231063503,1.8355957841477086e-05,4.379425352020239e-22
2178,2,2,0.9859890838068267,3.8391536672075826e-06,0.9859890838068267,0.0050665723455480425,4.971067800881258e-06,0.008935533626157162,2.3390415571652398e-23
2179,1,1,0.9999972014469758,0.9999972014469758,1.504839292472593e-11,7.61463968088242e-09,1.7090154390506082e-10,2.7907524346818383e-06,7.242418270822722e-34
2180,4,4,0.9999361226611058,1.871089470035567e-05,7.988013915978806e-07,2.5988667598820083e-05,0.9999361226611058,1.8378975203553452e-05,4.372872454641502e-22
2181,3,3,0.9999999999969249,1.619799766964164e-13,5.205831791522323e-21,0.9999999999969249,1.0595030048851971e-14,2.9026002858428486e-12,1.9638199770103606e-35
2185,1,1,0.999997199007828,0.999997199007828,1.5092310825070832e-11,7.618827918647075e-09,1.7109140507965944e-10,2.7931871604395874e-06,7.287012912864328e-34
2186,3,3,0.9999999999969301,1.6159941863719845e-13,5.190647791769066e-21,0.9999999999969301,1.0565098384824366e-14,2.897637581919247e-12,1.957965316500434e-35
2187,4,4,0.9999362707579912,1.8678516162280042e-05,7.992662977117631e-07,2.5895713048479194e-05,0.9999362707579912,1.835574650037474e-05,4.38107961125359e-22
2188,2,2,0.9859396052838343,3.85437089788266e-06,0.9859396052838343,0.005093962689379316,4.984971166120697e-06,0.00895759268472246,2.3172637523732114e-23
2189,6,6,0.9675785805821289,0.005882499326990224,0.005874798359866749,0.007286232160398151,4.8227642132141484e-05,0.01332966192848394,0.9675785805821289
2191,5,5,0.9869458160940368,5.0967480368076346e-05,0.0009389674971979303,2.4433365415913244e-07,3.590318457758192e-05,0.9869458160940368,0.012028101410165503
2192,3,3,0.9999999999969238,1.6201194714551471e-13,5.206737387782487e-21,0.9999999999969238,1.0590241370705202e-14,2.90369488442064e-12,1.964858498260724e-35
2193,2,2,0.9859530254707123,3.849756332686793e-06,0.9859530254707123,0.0050705643485588385,4.982675684515365e-06,0.008967577748711765,2.3484273068611932e-23
2194,5,5,0.9870864095448332,5.1014126888248054e-05,0.0009469737127039871,2.463238606809638e-07,3.596721769725387e-05,0.9870864095448332,0.011879389074016675
2195,3,3,0.9999999999969275,1.618227767411947e-13,5.192000155916797e-21,0.9999999999969275,1.0565039582378559e-14,2.900084422440298e-12,1.9623274407550428e-35
2196,1,1,0.9999971953601355,0.9999971953601355,1.5094120203218227e-11,7.632637800671136e-09,1.7138850482500017e-10,2.796820744056748e-06,7.255654222692236e-34
2199,3,3,0.9999999999969298,1.6168613131375524e-13,5.187187821702139e-21,0.9999999999969298,1.0556878354071534e-14,2.8980252987121327e-12,1.959469762446031e-35
2200,4,4,0.9999362305825615,1.868612126268409e-05,7.993543794779539e-07,2.592292612830374e-05,0.9999362305825615,1.8361015668035113e-05,4.384006825400966e-22
2201,6,6,0.966501785916296,0.006086736200694987,0.006048905372996262,0.007531491676144173,4.9916424405110855e-05,0.013781164409463505,0.966501785916296
2202,4,4,0.9999362033109596,1.8690846146781343e-05,7.97998690636467e-07,2.5949439134520032e-05,0.9999362033109596,1.835840506848634e-05,4.369234978002027e-22
2203,5,5,0.9870618882496504,5.0765103714946935e-05,0.0009427649914174782,2.4415287671889293e-07,3.588489474820006e-05,0.9870618882496504,0.011908452607592369
2205,2,2,0.9858960699972209,3.870562050706428e-06,0.9858960699972209,0.005116251847294463,5.005797495250437e-06,0.008978801795938626,2.335625431287469e-23
2206,5,5,0.9871072978710929,5.109106690670489e-05,0.00094480309008359,2.4641314894861293e-07,3.5978586712736405e-05,0.9871072978710929,0.011860582972055198
2207,3,3,0.9999999999968795,1.6415586213942222e-13,5.299904880470093e-21,0.9999999999968795,1.071260591946455e-14,2.945695185466045e-12,2.029015237670467e-35
2208,5,5,0.9870674670307719,5.0983481322039465e-05,0.000937560003735065,2.4528658362028513e-07,3.5928546798016925e-05,0.9870674670307719,0.01190781565078937
2210,1,1,0.9999971973927488,0.9999971973927488,1.5067786601304475e-11,7.633150309417204e-09,1.7127243487737803e-10,2.7947877606064917e-06,7.248319226287463e-34
2211,4,4,0.9999359316848601,1.8744908822367157e-05,8.041214145879558e-07,2.605911088088574e-05,0.9999359316848601,1.846017402204752e-05,4.414543982994514e-22
2213,1,1,0.9999972001504586,0.9999972001504586,1.5052770571892974e-11,7.618436177265398e-09,1.7093752698501946e-10,2.79204511498773e-06,7.238373402028525e-34
2216,1,1,0.9999971961943451,0.9999971961943451,1.5077658583443712e-11,7.634780234003969e-09,1.713596814503257e-10,2.7959844372883526e-06,7.242596815468739e-34
2217,3,3,0.9999999999969307,1.615968540206411e-13,5.1882995394476365e-21,0.9999999999969307,1.0563492983644236e-14,2.8970854939698036e-12,1.9563642797829744e-35
2218,4,4,0.9999360364871288,1.872973231852516e-05,8.024886927481191e-07,2.6006055098514528e-05,0.9999360364871288,1.842523676146818e-05,4.402235031957241e-22
2219,2,2,0.985948044057907,3.855003055862281e-06,0.985948044057907,0.005088399588083145,4.984896223741748e-06,0.00895471645473025,2.3232859895326103e-23
2220,4,4,0.9999361349145358,1.87192816114955e-05,7.993458794112813e-07,2.5962536381114014e-05,0.9999361349145358,1.8383921592178968e-05,4.375799935073076e-22
2221,3,3,0.9999999999969109,1.6297704925185176e-13,5.245212757903653e-21,0.9999999999969109,1.0651392574639391e-14,2.9154953025714924e-12,1.9766181859317861e-35
2222,1,1,0.9999972020544038,0.9999972020544038,1.504994328577935e-11,7.609447825213242e-09,1.70844470373494e-10,2.7901502540433496e-06,7.239995408024406e-34
2223,3,3,0.9999999999969303,1.6161017991547952e-13,5.1890882048090894e-21,0.9999999999969303,1.0558631898668685e-14,2.8975148583350263e-12,1.957893937563146e-35
2224,4,4,0.9999361522515299,1.87259734736435e-05,7.993315441155478e-07,2.5942593521522674e-05,0.9999361522515299,1.837984993082871e-05,4.376431434531921e-22
2229,5,5,0.986913694047274,5.089564253705699e-05,0.0009409455979886158,2.4375590562990984e-07,3.589365152890418e-05,0.986913694047274,0.012058327304765798
2230,3,3,0.9999999999969238,1.6199545280906188e-13,5.204051151188171e-21,0.9999999999969238,1.0577318770969698e-14,2.9036886359783012e-12,1.965930182187973e-35
2231,5,5,0.9870066338871105,5.101197290734701e-05,0.0009376003294110952,2.454711379222337e-07,3.5932452928575654e-05,0.9870066338871105,0.011968575886504573
2232,4,4,0.9999361852736177,1.869206318078891e-05,7.982913909979544e-07,2.5964796101519418e-05,0.9999361852736177,1.8359575708961584e-05,4.376890893624257e-22
2233,5,5,0.9873184217602403,5.0816760230024335e-05,0.0009530683323356486,2.4630258344560146e-07,3.598733952356238e-05,0.9873184217602403,0.011641459505087047
2234,5,5,0.9870945160756202,5.0827409796282885e-05,0.000940146631517441,2.4483246242088393e-07,3.589806042363076e-05,0.9870945160756202,0.011878366990180132
2235,4,4,0.9999362051159497,1.8692613667256476e-05,7.987158240862216e-07,2.5940273226411875e-05,0.9999362051159497,1.8363281332565117e-05,4.371201055217113e-22
2237,5,5,0.9869828603623434,5.0947101568091535e-05,0.0009395725908945717,2.4446691240486723e-07,3.591832873848161e-05,0.9869828603623434,0.011990457149543072
2238,6,6,0.9667214300589574,0.006024902758708093,0.00602160962589547,0.007488568431851436,4.9521231014459104e-05,0.013693967893573168,0.9667214300589574
2239,2,2,0.9859898065696932,3.833523789035621e-06,0.9859898065696932,0.0050498359193883405,4.969437702066055e-06,0.008951554549427254,2.3504322409475105e-23
2241,3,3,0.9999999999969221,1.6229252641143597e-13,5.21117744638482e-21,0.9999999999969221,1.0594420249076982e-14,2.905018154305199e-12,1.9643404377682284e-35
2242,2,2,0.9859709681006696,3.837165263965443e-06,0.9859709681006696,0.005077957176326909,4.972391883711905e-06,0.008942265165855856,2.3090169230970376e-23
2243,5,5,0.9871218318933097,5.075905876568776e-05,0.0009403178918110812,2.447903071772593e-07,3.5883233920487576e-05,0.9871218318933097,0.01185096313188583
2244,2,2,0.9857382839790777,3.944253093626188e-06,0.9857382839790777,0.005163575097163255,5.075082071036672e-06,0.009089121588594382,2.562631167951624e-23
2245,6,6,0.9669163182740514,0.006007940192456175,0.005981441599474156,0.007440130647559179,4.922282909008867e-05,0.01360494645736897,0.9669163182740514
2247,2,2,0.985966784505831,3.8496013513670286e-06,0.985966784505831,0.005078317497769213,4.977055357278123e-06,0.008946071339691202,2.3290466571729892e-23
2248,1,1,0.9999971971537842,0.9999971971537842,1.5076505491586365e-11,7.627252826833012e-09,1.71223306924259e-10,2.7950326632412866e-06,7.23604291727653e-34
2249,2,2,0.985890238444189,3.88519313704319e-06,0.985890238444189,0.0051112748603686555,5.016094480775638e-06,0.00898958540782448,2.344743582314119e-23
2250,1,1,0.9999971961835696,0.9999971961835696,1.5086427949021504e-11,7.635191168014575e-09,1.7133558266129455e-10,2.795994817263201e-06,7.25985947064102e-34
2253,5,5,0.9871398277115352,5.083317218955437e-05,0.0009416109996819281,2.4494982368631895e-07,3.59033838897937e-05,0.9871398277115352,0.011831579782879853
2254,4,4,0.9999361679499881,1.8705499613559296e-05,7.998782757909663e-07,2.594765989719947e-05,0.9999361679499881,1.8379012225334932e-05,4.389541578997514e-22
2255,5,5,0.9870165745037486,5.0885097857114866e-05,0.0009408146842392595,2.4448483326856083e-07,3.592107210702253e-05,0.9870165745037486,0.011955560157214827
2256,2,2,0.9860388117614273,3.815121673609937e-06,0.9860388117614273,0.005033078125151005,4.94618615964452e-06,0.00891934880558855,2.3192941946809717e-23
2260,3,3,0.9999999999969247,1.6190341787906598e-13,5.202889457220112e-21,0.9999999999969247,1.0576446065308933e-14,2.9029522181278634e-12,1.9643770788498938e-35
2261,4,4,0.9999362310424204,1.8695975088307186e-05,7.987104991180545e-07,2.5915541186997222e-05,0.9999362310424204,1.8358730805320308e-05,4.370734348183801e-22
2262,4,4,0.9999363025314679,1.8671624387933638e-05,7.983662528310244e-07,2.5887010366662892e-05,0.9999363025314679,1.8340467524724542e-05,4.371236815763345e-22
2263,1,1,0.999997199076161,0.999997199076161,1.5082261428868395e-11,7.620181886063689e-09,1.7106629389028352e-10,2.7931175085854077e-06,7.259783107022319e-34
2264,4,4,0.9999361882776496,1.8695772002396925e-05,7.985370980958021e-07,2.5951576483486174e-05,0.9999361882776496,1.836583676643539e-05,4.373481180330262e-22
2265,2,2,0.9859242580240603,3.864801971521684e-06,0.9859242580240603,0.005092587442883516,5.00125267535353e-06,0.008974288478409328,2.344751320335894e-23
2266,4,4,0.9999362036466903,1.8703990182378765e-05,7.983516442907719e-07,2.5933271249403402e-05,0.9999362036466903,1.836074023355486e-05,4.363947643721608e-22
2267,2,2,0.9859723666610108,3.837509052899271e-06,0.9859723666610108,0.005062204446576545,4.974020632496305e-06,0.008956617362727272,2.341659795937416e-23
2269,1,1,0.9999972023440546,0.9999972023440546,1.5044873742340952e-11,7.606615431060848e-09,1.7076756853677837e-10,2.7898635173739056e-06,7.228632361369926e-34
2270,6,6,0.9677070165535157,0.005847307886116222,0.005854721304978416,0.0072519805048378416,4.80384248868222e-05,0.013290935325665039,0.9677070165535157
2272,6,6,0.9669157435519944,0.005983910441570374,0.005973912431852917,0.007462286897342073,4.92156724029909e-05,0.013614931004837239,0.9669157435519944
2273,3,3,0.9999999999969201,1.6238585046302364e-13,5.218568991146171e-21,0.9999999999969201,1.061394319656275e-14,2.9068024185105216e-12,1.9653367210697106e-35
2274,6,6,0.9671664021276625,0.005957581201324685,0.0059303108919870635,0.007397684359861931,4.88535327818263e-05,0.013499167886382097,0.9671664021276625
2275,5,5,0.9874566480765357,5.0749356267996785e-05,0.0009563317313097214,2.4689485209121447e-07,3.595846117133283e-05,0.9874566480765357,0.011500065479863177
2279,4,4,0.9999362164154223,1.8697991007533608e-05,7.987000463163595e-07,2.5925789465794617e-05,0.9999362164154223,1.8361104058102347e-05,4.366492314430273e-22
2281,5,5,0.9878713532760374,5.094708522450818e-05,0.0009655008010184108,2.509096881583376e-07,3.6107772358760775e-05,0.9878713532760374,0.011075840155672716
2282,5,5,0.9869785953842313,5.103382542218538e-05,0.0009404794567664912,2.4500313966972755e-07,3.5928605826621704e-05,0.9869785953842313,0.011993717724613825
2283,1,1,0.999997196770335,0.999997196770335,1.509507407054954e-11,7.626036886456038e-09,1.7118766267644996e-10,2.7954173454170202e-06,7.284369629282674e-34
2284,5,5,0.9872000091292584,5.1125340680020574e-05,0.0009405461998097346,2.453132485304037e-07,3.5931235309185134e-05,0.9872000091292584,0.011772142781694153
2285,2,2,0.9858641420839112,3.897181857957135e-06,0.9858641420839112,0.0051231073982309265,5.0301084178270886e-06,0.009003823227582105,2.399690447851992e-23
2287,2,2,0.9858235735210868,3.9052101232377044e-06,0.9858235735210868,0.005135960013400588,5.047987703450069e-06,0.009031513267685878,2.377511104738178e-23
2288,1,1,0.9999971921574238,0.9999971921574238,1.5170125460053428e-11,7.64526613580686e-09,1.716460453144204e-10,2.800010494048982e-06,7.436985792174362e-34
2291,1,1,0.9999972015982604,0.9999972015982604,1.5050421074642323e-11,7.614584017859784e-09,1.7094591822204774e-10,2.7906011593022685e-06,7.224303290183501e-34
2292,5,5,0.9873322735486341,5.093621866132979e-05,0.0009441602723255822,2.4752078407186717e-07,3.5971237910233226e-05,0.9873322735486341,0.011636411201684677
2293,6,6,0.9675338020973483,0.005888379968670687,0.005880313465690897,0.007302889739812111,4.830975005111968e-05,0.013346304978426966,0.9675338020973483
2295,4,4,0.999936175137413,1.871342010998166e-05,7.98868191719241e-07,2.5940852424997964e-05,0.999936175137413,1.837172186039037e-05,4.367692592005292e-22
2297,3,3,0.9999999999969278,1.6189608447749621e-13,5.195810132347134e-21,0.9999999999969278,1.0574317652698082e-14,2.8998187975766833e-12,1.9581793047407583e-35
2298,3,3,0.9999999999968994,1.636603184407553e-13,5.271058086178143e-21,0.9999999999968994,1.068849367252602e-14,2.9263048364721272e-12,1.9848805799239595e-35
2299,2,2,0.9859565589791459,3.850324544159005e-06,0.9859565589791459,0.005085058364707937,4.9804892498281164e-06,0.008949551842352155,2.3220161095969294e-23
2300,3,3,0.9999999999969114,1.6290692914314592e-13,5.23859064306426e-21,0.9999999999969114,1.0644438002476124e-14,2.9151596804399425e-12,1.9746601706764947e-35
2301,4,4,0.999936204937328,1.8698312065038357e-05,7.985951763263791e-07,2.5933810967203832e-05,0.999936204937328,1.8364344463299097e-05,4.367674590938439e-22
2303,5,5,0.9870022924942784,5.102485718093089e-05,0.0009437572881302427,2.459130532381013e-07,3.5976539510098986e-05,0.9870022924942784,0.011966702907847094
2304,3,3,0.9999999999969255,1.6187505799896825e-13,5.198553797891244e-21,0.9999999999969255,1.0571578728798632e-14,2.9021440198933293e-12,1.9679379548682264e-35
2306,4,4,0.9999362238172407,1.8700886962122015e-05,7.987084816744481e-07,2.5915543379544446e-05,0.9999362238172407,1.8361043935884417e-05,4.367477436515872e-22
2307,5,5,0.9870318435334892,5.0791919538972786e-05,0.0009414094709800948,2.437993847290287e-07,3.5878215237988935e-05,0.9870318435334892,0.011939833061369027
2309,3,3,0.9999999999969262,1.6191601252356834e-13,5.19912640828617e-21,0.9999999999969262,1.0574446182268842e-14,2.901385477396024e-12,1.9626856035525653e-35
2310,2,2,0.9860000561300118,3.829203614535925e-06,0.9860000561300118,0.00505914802859648,4.961498933673592e-06,0.00893200513884343,2.315712598125189e-23
2311,1,1,0.9999971991161234,0.9999971991161234,1.5068093927155216e-11,7.622577793760629e-09,1.7111264470624078e-10,2.79307511804921e-06,7.238376066377594e-34
2312,3,3,0.9999999999969283,1.6181965102059114e-13,5.195803556879411e-21,0.9999999999969283,1.0567697266247637e-14,2.8992452333322827e-12,1.957877397292182e-35
2314,2,2,0.9860296293246615,3.815842473766648e-06,0.9860296293246615,0.0050341087673740565,4.950074289193035e-06,0.00892749599120136,2.3248221295006932e-23
2316,4,4,0.9999361912768153,1.8707910000667128e-05,7.991855544179794e-07,2.593273507812074e-05,0.9999361912768153,1.8368892551507493e-05,4.377722020575354e-22
2318,3,3,0.9999999999969258,1.6204996513693245e-13,5.203856651196165e-21,0.9999999999969258,1.0591312871425944e-14,2.9015505510420535e-12,1.9632968732042425e-35
2319,2,2,0.9859546566700597,3.848935607277656e-06,0.9859546566700597,0.005086716270616195,4.981237142555299e-06,0.008949796886574433,2.3155290087865278e-23
2320,1,1,0.9999971920522434,0.9999971920522434,1.5166423353465738e-11,7.642414910839363e-09,1.7169576354409958e-10,2.8001184795501766e-06,7.440846461704723e-34
2321,2,2,0.9859762616050854,3.845966576204788e-06,0.9859762616050854,0.005061548202863417,4.982117716387894e-06,0.008953362107758534,2.3626440362827048e-23
2323,6,6,0.967658422887304,0.00586395037777475,0.005861000699261237,0.00727161171156768,4.8094928550670026e-05,0.013296919395541671,0.967658422887304
2325,5,5,0.9869910979965147,5.08554858896783e-05,0.0009414989027563623,2.4421222295239093e-07,3.589493858867984e-05,0.9869910979965147,0.011980408464027544
2326,5,5,0.986962105728753,5.097061506726759e-05,0.0009426752273187401,2.446514880556644e-07,3.5925918738475094e-05,0.986962105728753,0.012008077858634423
2328,3,3,0.9999999999969269,1.6195320734750794e-13,5.199572839368368e-21,0.9999999999969269,1.0583498682800985e-14,2.9005657368448067e-12,1.9611005166234613e-35
2330,1,1,0.9999971955789682,0.9999971955789682,1.5095813666677305e-11,7.641404172048398e-09,1.7142946344176617e-10,2.7965931024815575e-06,7.273784808651984e-34
2332,1,1,0.9999971977807582,0.9999971977807582,1.5071581851562867e-11,7.624051531158301e-09,1.711560600368343e-10,2.794408962608496e-06,7.239681574481395e-34
2334,3,3,0.9999999999969205,1.623542254847257e-13,5.2171268550784e-21,0.9999999999969205,1.0599796274707276e-14,2.906707811307409e-12,1.9667857529198663e-35
2336,2,2,0.9859621805615135,3.843220573749584e-06,0.9859621805615135,0.005068819658601805,4.980794839694381e-06,0.008960175764471183,2.3394316420477087e-23
2339,4,4,0.999936200338064,1.8696456340078395e-05,7.98870110636873e-07,2.5941539732182753e-05,0.999936200338064,1.836279575326937e-05,4.375205537179836e-22
2340,4,4,0.9999362392794463,1.8693068124662204e-05,7.989004852700082e-07,2.5909784190751857e-05,0.9999362392794463,1.8358967752990174e-05,4.371592199119371e-22
2341,6,6,0.9670992245619914,0.005956112519240168,0.005960408505018805,0.007408461783500551,4.897446844927408e-05,0.01352681816179986,0.9670992245619914
2342,3,3,0.9999999999969056,1.6329292172272273e-13,5.251740390563715e-21,0.9999999999969056,1.0661981051796898e-14,2.9204444525721785e-12,1.9784849678836507e-35
2343,6,6,0.9675066983073846,0.005901432593954084,0.005884358583016377,0.0073019277244711234,4.8333566952786415e-05,0.013357249224221074,0.9675066983073846
2344,1,1,0.9999971965559938,0.9999971965559938,1.5082627628490646e-11,7.634130022128803e-09,1.7132420090072426e-10,2.7956234693539546e-06,7.25270829436726e-34
2347,5,5,0.9889394645533538,5.129621177256845e-05,0.000989439866437264,2.5945814330860397e-07,3.636689523180779e-05,0.9889394645533538,0.009983173015061235
2348,5,5,0.992989654482128,5.354265457598897e-05,0.0011558300936334758,3.2183242773402555e-07,3.8130838255345503e-05,0.992989654482128,0.0057625200989795166
2350,6,6,0.9640227792646462,0.00664180073042983,0.006410939490930897,0.008068039711665843,5.3395547326366134e-05,0.014803045255000839,0.9640227792646462
2351,2,2,0.9859159713406145,3.868394982394919e-06,0.9859159713406145,0.005000410380730983,5.0166473914882815e-06,0.009074733236280717,2.5454356327544405e-23
2353,6,6,0.9676152055729339,0.005870277663889164,0.0058642572718496325,0.007289139604304944,4.818031953844319e-05,0.01331293956748392,0.9676152055729339
2354,4,4,0.9999361411110762,1.869747373210473e-05,7.995891731911315e-07,2.5980861287495593e-05,0.9999361411110762,1.8380964731062692e-05,4.389850464091943e-22
2355,4,4,0.9999362121560023,1.868122619080085e-05,7.972621872280699e-07,2.5961010320336034e-05,0.9999362121560023,1.8348345299329905e-05,4.356444295134922e-22
2357,5,5,0.9870978168934968,5.123235707842717e-05,0.0009369658728467303,2.467546003295016e-07,3.5988814726065016e-05,0.9870978168934968,0.011877749307251648
2358,5,5,0.9869985418844629,5.100375981311672e-05,0.000946922102623236,2.451977369259856e-07,3.593461700080515e-05,0.9869985418844629,0.011967352438363043
2359,5,5,0.9869861298649022,5.080897087578464e-05,0.0009403446201802174,2.4390636113498815e-07,3.5879928404705185e-05,0.9869861298649022,0.011986592709275955
2360,3,3,0.9999999999969285,1.618469313714667e-13,5.196156449845131e-21,0.9999999999969285,1.057689662823129e-14,2.8990841553015877e-12,1.9583362900284983e-35
2365,4,4,0.9999362447039005,1.8704871781839703e-05,7.989152786145769e-07,2.588968337769362e-05,0.9999362447039005,1.8361825661251896e-05,4.367592374200845e-22
2366,4,4,0.9999361657197953,1.871292712209006e-05,7.984849757822691e-07,2.5954596427000262e-05,0.9999361657197953,1.8368271679983416e-05,4.373957427602441e-22
2367,2,2,0.985799286295646,3.924955745127436e-06,0.985799286295646,0.005144864477931136,5.049574780387317e-06,0.009046874695897359,2.517726468555877e-23
2368,2,2,0.9859832405026335,3.840092513499765e-06,0.9859832405026335,0.0050717676074282176,4.970087337597715e-06,0.008936181710087166,2.3152382546302885e-23
2369,4,4,0.9999362767797177,1.8684877483185877e-05,7.985529095751448e-07,2.589030369033229e-05,0.9999362767797177,1.8349486199181477e-05,4.3667756642005185e-22
2370,5,5,0.98703895266657,5.117690629332472e-05,0.0009398712132057406,2.4648477975230046e-07,3.596961659334781e-05,0.98703895266657,0.011933783112557782
2371,5,5,0.9871852011892648,5.114147740465785e-05,0.0009409037237617024,2.467833756903763e-07,3.602020025072382e-05,0.9871852011892648,0.011786486625942455
2372,4,4,0.9999362182410317,1.8706535961993753e-05,7.993293045622543e-07,2.590460934985902e-05,0.9999362182410317,1.8371284351912958e-05,4.370941426486901e-22
2373,2,2,0.985894940725181,3.871964453523874e-06,0.985894940725181,0.005109187284726589,5.010165983074995e-06,0.008986989859655821,2.3445661809167015e-23
2374,2,2,0.9860287016845967,3.821434754326908e-06,0.9860287016845967,0.005045415431758684,4.951682304019797e-06,0.008917109766586277,2.3167052169146143e-23
2375,6,6,0.9670494108002486,0.00597966516014887,0.005962199179609024,0.0074172228064777425,4.904659487707485e-05,0.013542455458638669,0.9670494108002486
2376,5,5,0.9870082837509804,5.081142117726571e-05,0.0009443628248098669,2.443030097800363e-07,3.5886791225946254e-05,0.9870082837509804,0.011960410908796683
2377,6,6,0.966987011567809,0.005984088462829219,0.005977320370126166,0.007424829603431341,4.922829498670162e-05,0.013577521700817703,0.966987011567809
2378,4,4,0.9999361848845727,1.8707861108146684e-05,8.003169356374842e-07,2.592526666002474e-05,0.9999361848845727,1.8381670723541847e-05,4.389406987377474e-22
2379,5,5,0.9868855664552721,5.092239591337594e-05,0.0009389544568882551,2.446113578505356e-07,3.590032069450124e-05,0.9868855664552721,0.012088411759873852
2380,1,1,0.9999971922514039,0.9999971922514039,1.5120411888670783e-11,7.643498258879854e-09,1.7157460135411917e-10,2.7999184026898653e-06,7.289280641470038e-34
2381,2,2,0.985934394591177,3.855205235077144e-06,0.985934394591177,0.0050874993052055185,4.995353818225276e-06,0.008969255544564195,2.3391259435684653e-23
2382,1,1,0.99999719965772,0.99999719965772,1.5070317648353785e-11,7.608079759528511e-09,1.7093147070651105e-10,2.792548198464714e-06,7.256184018972836e-34
2383,3,3,0.9999999999969246,1.6188730659671183e-13,5.2004057782832305e-21,0.9999999999969246,1.057325582057092e-14,2.903010388521202e-12,1.9673951765076636e-35
2384,2,2,0.9859762850063784,3.843108432704225e-06,0.9859762850063784,0.005076131418786927,4.973571523738843e-06,0.008938766894878214,2.312114438598358e-23
2385,3,3,0.999999999996912,1.626881262073317e-13,5.23335017096775e-21,0.999999999996912,1.0615676613125849e-14,2.914656403278558e-12,1.979354672795685e-35
2387,5,5,0.9870535645391579,5.102359193914519e-05,0.0009385193298051418,2.4511343019906323e-07,3.594526579444933e-05,0.9870535645391579,0.011920702159873262
2388,4,4,0.999936248547883,1.8690568957512677e-05,7.980553976263633e-07,2.591203904340454e-05,0.999936248547883,1.8350788718494957e-05,4.3648573159816315e-22
2390,3,3,0.9999999999969227,1.6202873002917736e-13,5.216145172116329e-21,0.9999999999969227,1.0601191676897628e-14,2.904813923229029e-12,1.9637265199406472e-35
2391,3,3,0.9999999999968253,1.6764242163489658e-13,5.481266061216612e-21,0.9999999999968253,1.1048287703523075e-14,2.9959521371679104e-12,2.0639665848692946e-35
2392,1,1,0.9999972025056507,0.9999972025056507,1.504002110324887e-11,7.603772615960859e-09,1.7072220918227086e-10,2.789704814524384e-06,7.218080515699543e-34
2394,5,5,0.9870216662019119,5.0765251556035353e-05,0.0009412823958060159,2.438837002674318e-07,3.5866123789996617e-05,0.9870216662019119,0.011950176143235847
2395,5,5,0.987007408514484,5.080010432213882e-05,0.0009422387319339624,2.435670154264841e-07,3.5885478615860106e-05,0.987007408514484,0.011963423603628703
2396,1,1,0.9999971211657295,0.9999971211657295,1.5837132656287472e-11,7.914546352908983e-09,1.7758553536318757e-10,2.870726301581963e-06,8.471399391806878e-34
2398,5,5,0.9869243769035235,5.0799744136869846e-05,0.0009421218976891607,2.439685377508249e-07,3.5878960297120995e-05,0.9869243769035235,0.012046578525815544
2399,3,3,0.999999999996919,1.6224230921080096e-13,5.2146024203043074e-21,0.999999999996919,1.0592329002560456e-14,2.9082019516137934e-12,1.9716048360001677e-35
2400,3,3,0.9999999999969117,1.627227068474131e-13,5.240255537487894e-21,0.9999999999969117,1.0637682146424201e-14,2.9149383721037817e-12,1.980090922365304e-35
2401,6,6,0.9666006224403466,0.006061415875939184,0.006033267355294766,0.007525282737235862,4.974732335270117e-05,0.013729664267830876,0.9666006224403466
2404,3,3,0.9999999999969227,1.6212643945520793e-13,5.209739484727691e-21,0.9999999999969227,1.0593937585628974e-14,2.9046226258527058e-12,1.9641458493975003e-35
2405,3,3,0.9999999999968894,1.6421454149578845e-13,5.2988470083466696e-21,0.9999999999968894,1.073330284442494e-14,2.9357122312382253e-12,1.994062573692869e-35
2407,5,5,0.9869458492730981,5.092281594727616e-05,0.0009406613104077424,2.438544764379117e-07,3.5897787837414134e-05,0.9869458492730981,0.012026424958233004
2408,2,2,0.9858768040336338,3.874743452760997e-06,0.9858768040336338,0.0051120110811122225,5.017505793510748e-06,0.009002292636007683,2.3596676800841342e-23
2409,1,1,0.9999972006259249,0.9999972006259249,1.5079181888566158e-11,7.610713697882691e-09,1.7092305586102243e-10,2.79157735924609e-06,7.282392759258563e-34
2412,2,2,0.9859451863414895,3.849499342605242e-06,0.9859451863414895,0.0050914112722265275,4.9842478109033344e-06,0.008954568639130304,2.3154314471405242e-23
2413,6,6,0.9675491209798495,0.005887066571544874,0.005875906272381276,0.0073014476495342415,4.828944837424984e-05,0.013338169078315929,0.9675491209798495
2414,5,5,0.9874631800569819,5.099462460786675e-05,0.000946061803706307,2.483041006301615e-07,3.59862541854454e-05,0.9874631800569819,0.011503528956417935
2415,2,2,0.9857277752122934,3.94877463936793e-06,0.9857277752122934,0.00502056576708447,5.097752360937806e-06,0.009242612493621849,2.808654860611e-23
2417,6,6,0.9668913321885554,0.0060290590623989695,0.005978555804004245,0.007434229679100031,4.928659182258303e-05,0.013617536674118852,0.9668913321885554
2418,3,3,0.999999999996924,1.6197833420862323e-13,5.2015250116036365e-21,0.999999999996924,1.0576880415874394e-14,2.903479804457732e-12,1.965461534950949e-35
2419,6,6,0.9668667046546047,0.006027138809511389,0.005989557655895277,0.007445272934299778,4.929663952970904e-05,0.013622029306159154,0.9668667046546047
2420,3,3,0.9999999999969307,1.6170343017751063e-13,5.187913872470261e-21,0.9999999999969307,1.0562801671376477e-14,2.897166050030065e-12,1.9578049076174985e-35
2421,1,1,0.9999971952761095,0.9999971952761095,1.5088438264840487e-11,7.63642061909542e-09,1.7141966625590785e-10,2.7969009617204945e-06,7.264652684608704e-34
2423,1,1,0.9999971889715823,0.9999971889715823,1.5137748121473626e-11,7.659222500429618e-09,1.7190702146528481e-10,2.8031821504507278e-06,7.299786285582437e-34
2424,4,4,0.9999361124842168,1.8701557880465734e-05,7.994277192699556e-07,2.599904133612189e-05,0.9999361124842168,1.8387488847377914e-05,4.376132868324128e-22
2425,5,5,0.9871145487767091,5.086222345055469e-05,0.0009416832609319364,2.445481828283303e-07,3.590622064118033e-05,0.9871145487767091,0.01185675497008447
2426,2,2,0.9859596755658646,3.852704199983754e-06,0.9859596755658646,0.005079600534157789,4.981445871768863e-06,0.008951889749905758,2.3254287447164527e-23
2427,3,3,0.9999999999969131,1.6282376261607038e-13,5.2357621903686705e-21,0.9999999999969131,1.0632453179900964e-14,2.9133452794727796e-12,1.9721759851283834e-35
2428,5,5,0.9869892947595262,5.1000245557563466e-05,0.000938770021976273,2.4466948413853437e-07,3.592057154523328e-05,0.9869892947595262,0.011984769731910545
2431,2,2,0.9859385973747204,3.849802755445537e-06,0.9859385973747204,0.005091050188047705,4.983764032654416e-06,0.008961518870443757,2.3229659552546164e-23
2432,5,5,0.9870564838854332,5.0826197214153554e-05,0.0009436653127573223,2.440064903403302e-07,3.590566506694688e-05,0.9870564838854332,0.01191287493303801
2433,3,3,0.99999999999692,1.621643475532718e-13,5.217240961258355e-21,0.99999999999692,1.0598899489230048e-14,2.9073230705957705e-12,1.9683745747055165e-35
2436,5,5,0.9869956591294763,5.079409133472286e-05,0.0009391501476076409,2.4485388552910986e-07,3.587031760812005e-05,0.9869956591294763,0.011978281460087739
2437,2,2,0.9860260947933451,3.821178952941649e-06,0.9860260947933451,0.005042559866572313,4.954673829939945e-06,0.008922569487299645,2.316219408226237e-23
2439,4,4,0.9999362542375329,1.8679304461373842e-05,7.980148157929337e-07,2.5922914123280327e-05,0.9999362542375329,1.8345529066674024e-05,4.368822134037151e-22
2440,1,1,0.9999971953450092,0.9999971953450092,1.5081297537567552e-11,7.637834735049815e-09,1.7142061894008373e-10,2.7968306541858607e-06,7.252125464931454e-34
2441,2,2,0.985922397443342,3.871697834873423e-06,0.985922397443342,0.005016730475610097,5.01171764856836e-06,0.009051988665564425,2.5117325719633755e-23
2442,4,4,0.9999362868673749,1.8673161996967472e-05,7.98936192390768e-07,2.5892267224227327e-05,0.9999362868673749,1.8348767211527447e-05,4.379932526800691e-22
2443,5,5,0.9876594498959426,5.090324142810317e-05,0.0009643787890817302,2.490147538783286e-07,3.6061522736287496e-05,0.9876594498959426,0.01128895753605751
2446,5,5,0.9872476663572054,5.108449613469166e-05,0.0009573889017453595,2.47797318696012e-07,3.605132825696437e-05,0.9872476663572054,0.011707561119338891
2447,3,3,0.9999999999936156,3.3686853894559493e-13,1.6581429892128145e-20,0.9999999999936156,2.1464520909970758e-14,6.026220559793248e-12,1.318851176421522e-34
2449,4,4,0.9999362382729171,1.8686555692900722e-05,7.979816150397185e-07,2.5927051767982714e-05,0.9999362382729171,1.8350138007048716e-05,4.3622608191066225e-22
2450,1,1,0.9999971964975815,0.9999971964975815,1.5079261205964717e-11,7.629909273836663e-09,1.7125096809057723e-10,2.795686178965092e-06,7.244663528588604e-34
2451,6,6,0.9653353152777143,0.006317580303572669,0.006227368672229856,0.007817539050863019,5.167615404721543e-05,0.014250520541573022,0.9653353152777143
2452,6,6,0.9654352426035874,0.006275665775780709,0.006225980739196921,0.0077851506652676684,5.154918217985894e-05,0.014226411033987576,0.9654352426035874
2453,1,1,0.9999971993555621,0.9999971993555621,1.5076548597105258e-11,7.617174288207103e-09,1.7106114058736548e-10,2.792841125973814e-06,7.25451340355515e-34
2454,3,3,0.9999999999969191,1.6234481292520945e-13,5.221834694726019e-21,0.9999999999969191,1.0612518692243043e-14,2.9078888295572177e-12,1.9680640036524098e-35
2455,2,2,0.9860087347793213,3.8270606509191175e-06,0.9860087347793213,0.005051272157854368,4.958504072461118e-06,0.008931207498100937,2.3217692697599143e-23
2456,1,1,0.9999972003185611,0.9999972003185611,1.5075624107475637e-11,7.611218029449969e-09,1.709350571607094e-10,2.7918842102241237e-06,7.2794423295109034e-34
2457,3,3,0.9999999999969293,1.616349577512573e-13,5.188119544804625e-21,0.9999999999969293,1.0558312650728502e-14,2.898479645914574e-12,1.961211581062026e-35
2458,5,5,0.9871338750503862,5.0720691016634154e-05,0.0009466884557006881,2.4425572792966377e-07,3.5882071613212505e-05,0.9871338750503862,0.011832589475555324
2460,2,2,0.9860030369268994,3.8292069047223685e-06,0.9860030369268994,0.005059014964297945,4.960373493687054e-06,0.008929158528404323,2.3108486301238693e-23
2461,5,5,0.9868610628052142,5.0997374084465187e-05,0.0009466558634034044,2.4505513467739377e-07,3.594064694108295e-05,0.9868610628052142,0.012105098255222073
2462,5,5,0.9873151690151855,5.079547946019088e-05,0.0009528401403795169,2.458934036843556e-07,3.596626727347666e-05,0.9873151690151855,0.011644983204297655
2464,6,6,0.9674945699311683,0.005901930383561674,0.0058882331423125754,0.007304164313596336,4.834068386172548e-05,0.013362761545499322,0.9674945699311683
2465,1,1,0.9999971988030816,0.9999971988030816,1.506562263416347e-11,7.622064289562992e-09,1.7109501411839484e-10,2.793388693509951e-06,7.247029723284507e-34
2466,2,2,0.9858845571809827,3.897550564577759e-06,0.9858845571809827,0.005092409330677102,5.026655415839327e-06,0.009014109282359838,2.4879666549107523e-23
2467,1,1,0.9999971846449055,0.9999971846449055,1.522270774989946e-11,7.680598966196795e-09,1.7232739615998584e-10,2.8074869454541615e-06,7.505208104684629e-34
2468,5,5,0.9870957311932541,5.087783321628342e-05,0.0009388360916805283,2.457520825415332e-07,3.5925810181013714e-05,0.9870957311932541,0.011878383319585573
2470,6,6,0.9650356940352289,0.006415532919921151,0.006269090182375288,0.007843664858824198,5.195022256255762e-05,0.014384067781087924,0.9650356940352289
2471,4,4,0.9999360874682938,1.873893369303308e-05,7.994706505309032e-07,2.598269967534632e-05,0.9999360874682938,1.839142768735152e-05,4.383679600697751e-22
2472,6,6,0.9667453814272142,0.006043163657209286,0.0060087669368089,0.0074802848100874895,4.949592836597136e-05,0.01367290724031416,0.9667453814272142
2473,5,5,0.9876049908014146,5.090167924674128e-05,0.0009597564390679991,2.4797362615168093e-07,3.602401579601156e-05,0.9876049908014146,0.011348079090848418
2475,3,3,0.9999999999969155,1.6269349271039985e-13,5.2268474157063465e-21,0.9999999999969155,1.0622778858680305e-14,2.911220537275495e-12,1.967790779920839e-35
2476,2,2,0.9860154573463427,3.827305018722848e-06,0.9860154573463427,0.005047007577593539,4.956535481677548e-06,0.008928751235563387,2.3313276688994462e-23
2477,2,2,0.9859404876700097,3.861592572754577e-06,0.9859404876700097,0.0050864813547313635,4.991522747990454e-06,0.008964177859938176,2.3371153058875047e-23
2478,6,6,0.9638064139234466,0.006673903417289124,0.006470661210295835,0.008093247027667012,5.369679074554192e-05,0.014902077630555904,0.9638064139234466
2479,5,5,0.9869519826709,5.09748758608936e-05,0.00094001216576265,2.451323062824234e-07,3.5936774067122496e-05,0.9869519826709,0.012020848381103011
2482,2,2,0.9859357757889793,3.855292484190045e-06,0.9859357757889793,0.005095950544270771,4.988242042728246e-06,0.008959430132223067,2.3127190428539064e-23
2483,1,1,0.9999971923461998,0.9999971923461998,1.5160071052236958e-11,7.645121533163486e-09,1.7162227379308868e-10,2.7998218962893626e-06,7.4012969310243735e-34
2484,6,6,0.9664144231465307,0.0060799909752329425,0.006053166477575112,0.007606889540219279,4.9971134074438156e-05,0.013795558726367556,0.9664144231465307
2485,2,2,0.9859092941018891,3.888405841659055e-06,0.9859092941018891,0.005080935761895914,5.017040453637538e-06,0.009000864689919702,2.444014226541014e-23
2486,6,6,0.9674238207108364,0.005919895241169644,0.005897334670519852,0.007316345304652069,4.844015677835996e-05,0.013394163916043665,0.9674238207108364
2488,6,6,0.9676322575704235,0.005873042179376518,0.005859906518643806,0.007283634064855251,4.813365295519045e-05,0.013303026013745783,0.9676322575704235
2489,5,5,0.9871181403564517,5.0820921237939555e-05,0.0009447662166019304,2.443262930444532e-07,3.5913068170177836e-05,0.9871181403564517,0.011850115111245108
2490,4,4,0.9999358834832702,1.8783175358720518e-05,8.045190750788086e-07,2.6058317609759622e-05,0.9999358834832702,1.847050468620715e-05,4.414613146342663e-22
2491,5,5,0.9870626843820774,5.093957585714224e-05,0.0009398301157419913,2.4455476435348186e-07,3.5925970906697026e-05,0.9870626843820774,0.01191037540065233
2492,5,5,0.9869577299593355,5.081080816342986e-05,0.0009390885775526352,2.4426302634583594e-07,3.587240589354695e-05,0.9869577299593355,0.01201625398602857
2493,1,1,0.9999971950977261,0.9999971950977261,1.5081983988812656e-11,7.638294768062087e-09,1.71414379854004e-10,2.7970774828665746e-06,7.2517162271718274e-34
2494,3,3,0.9999999999969073,1.6315425558472896e-13,5.245044499605355e-21,0.9999999999969073,1.0650080057856077e-14,2.918931909642421e-12,1.9800623062261676e-35
2495,2,2,0.9859864237735244,3.836094567826965e-06,0.9859864237735244,0.0050713715281960154,4.967767626815912e-06,0.008933400836085003,2.3115821566180702e-23
2496,2,2,0.985961380599886,3.844536704622415e-06,0.985961380599886,0.005071658240076256,4.98092857575659e-06,0.00895813569475735,2.337977121945353e-23
2497,4,4,0.9999362108714539,1.8687233588316383e-05,7.986032018248363e-07,2.594697830235078e-05,0.9999362108714539,1.8356313453602116e-05,4.370283254557171e-22
2502,1,1,0.9999972001718691,0.9999972001718691,1.506385922098187e-11,7.616246093352298e-09,1.7097963326010242e-10,2.792025841293446e-06,7.234116711779176e-34
2503,4,4,0.9999361676400291,1.871495827976145e-05,7.98753207746581e-07,2.5942551792592392e-05,0.9999361676400291,1.8376096690831633e-05,4.365104708275312e-22
2504,5,5,0.9870144303938692,5.1048330334760396e-05,0.0009423404607061236,2.4565627123449114e-07,3.5976720463488845e-05,0.9870144303938692,0.011955958438355303
2505,3,3,0.999999999996896,1.6352364564580262e-13,5.279368467601249e-21,0.999999999996896,1.0672867019928341e-14,2.92985349474328e-12,2.0088984558457993e-35
2506,1,1,0.9999971947515776,0.9999971947515776,1.5126587765002678e-11,7.640988046459691e-09,1.7154830827000279e-10,2.79742075945923e-06,7.335396936847489e-34
2507,5,5,0.9869558774475603,5.092301259267306e-05,0.0009398905342156544,2.4431154858652145e-07,3.59092758660983e-05,0.9869558774475603,0.012017155418216633
2508,4,4,0.9999361206670976,1.8710058422041888e-05,7.988588574533162e-07,2.5990415898248278e-05,0.9999361206670976,1.8379999724629264e-05,4.3707488410786555e-22
2509,6,6,0.9675815550830917,0.005884467962246625,0.005866641169049243,0.007293696542600145,4.822006134062564e-05,0.013325419181671669,0.9675815550830917
2510,1,1,0.9999972000401469,0.9999972000401469,1.5070245077649472e-11,7.612231880068076e-09,1.7098170970376765e-10,2.7921615693185606e-06,7.275475708372742e-34
2513,2,2,0.9859338635226541,3.86085268960046e-06,0.9859338635226541,0.005094899321637923,4.993230540184148e-06,0.008962383072478363,2.3292913771682832e-23
2514,3,3,0.9999999999969202,1.622936855946391e-13,5.212389540720807e-21,0.9999999999969202,1.0601365232435848e-14,2.906902168640769e-12,1.9689296943556594e-35
2515,1,1,0.999997198268318,0.999997198268318,1.5095091346203063e-11,7.618783927953686e-09,1.7110486494762692e-10,2.7939266981094914e-06,7.2793054211942975e-34
2516,2,2,0.985989835771379,3.832218436390151e-06,0.985989835771379,0.005039814448439072,4.968003595886076e-06,0.008961549558149788,2.361641244284812e-23
2517,2,2,0.9859538913716313,3.8456469406227205e-06,0.9859538913716313,0.005083433826188811,4.9790157465423936e-06,0.008953850139492637,2.3182847887229936e-23
2519,4,4,0.9999361814108031,1.871674173167914e-05,7.993419154650456e-07,2.5927008814931726e-05,0.9999361814108031,1.8375496734862193e-05,4.377257252079552e-22
2521,4,4,0.999936218358757,1.8704504299661904e-05,7.992005654275437e-07,2.591330156436987e-05,0.999936218358757,1.8364634813507343e-05,4.374939042627583e-22
2523,1,1,0.9999971996216566,0.9999971996216566,1.5062993823718707e-11,7.619872292957386e-09,1.7104540426460717e-10,2.7925723628724893e-06,7.236700280202078e-34
2525,3,3,0.999999999996927,1.618467529487243e-13,5.199884049333248e-21,0.999999999996927,1.0584478860679049e-14,2.9006093161177884e-12,1.9613255498953427e-35
2526,1,1,0.999997202162515,0.999997202162515,1.5064970776165855e-11,7.603935587761242e-09,1.7079452324376702e-10,2.7900476899825646e-06,7.240710150048626e-34
2527,4,4,0.9999361533303324,1.8716575302898126e-05,7.996070594923302e-07,2.594761627605279e-05,0.9999361533303324,1.838287102915741e-05,4.375435047651899e-22
2528,6,6,0.9674519921763727,0.005917294840169057,0.005889112801253518,0.007312353429803977,4.837814894690736e-05,0.013380868603453855,0.9674519921763727
2530,2,2,0.9859529056919876,3.851371605917403e-06,0.9859529056919876,0.005086222355106643,4.982783952423811e-06,0.008952037797347268,2.3146668549586653e-23
2531,3,3,0.9999999999969142,1.6249833762524947e-13,5.230978274927567e-21,0.9999999999969142,1.0614588456352011e-14,2.912632704749224e-12,1.9758946577314953e-35
2532,1,1,0.9999971983583279,0.9999971983583279,1.5108396114825162e-11,7.62310600492049e-09,1.7117675822211048e-10,2.7938322809478193e-06,7.336473711582336e-34
2533,2,2,0.9859814593958416,3.8355270347309585e-06,0.9859814593958416,0.005059923200814656,4.966366825454446e-06,0.008949815509483615,2.3354136788244473e-23
2535,3,3,0.9999999999969221,1.6196962764712513e-13,5.209210215479443e-21,0.9999999999969221,1.0584916415504883e-14,2.905343071036002e-12,1.9694916934804167e-35
2536,2,2,0.9860093579028915,3.824767273562636e-06,0.9860093579028915,0.005059181960921674,4.955008171091678e-06,0.00892268036074225,2.310295220635789e-23
2537,5,5,0.9870413986446172,5.126945332767701e-05,0.0009386968465108925,2.475534863012325e-07,3.601703538541418e-05,0.9870413986446172,0.011932370466672605
2538,3,3,0.9999999999969231,1.6196439553878063e-13,5.204303828024388e-21,0.9999999999969231,1.0581070020090469e-14,2.904390971600551e-12,1.9706395757676958e-35
2539,6,6,0.9677089040253819,0.005852716089133093,0.005853699704082568,0.007261661087958317,4.801181574913697e-05,0.013275007277695015,0.9677089040253819
2540,1,1,0.9999971883398364,0.9999971883398364,1.5195254423426292e-11,7.659712258020871e-09,1.7192500040981715e-10,2.803813330981785e-06,7.427565682667066e-34
2541,2,2,0.9856730990609935,3.952041815851432e-06,0.9856730990609935,0.005197413662865976,5.108541788471552e-06,0.009120426692536227,2.4376140615870132e-23
2542,2,2,0.9860037562433774,3.830341723030975e-06,0.9860037562433774,0.005057231457037189,4.958944184610034e-06,0.008930223013677711,2.3122092631870793e-23
2543,5,5,0.9869792472996403,5.081257214659953e-05,0.000938800347655778,2.447440299646985e-07,3.589152192531424e-05,0.9869792472996403,0.011995003514602037
2544,2,2,0.9859515178119556,3.8473649132117065e-06,0.9859515178119556,0.005088821977411043,4.979690256322844e-06,0.008950833155463848,2.3106851910538336e-23
2545,3,3,0.9999999999969228,1.6218101865296817e-13,5.211436935146501e-21,0.9999999999969228,1.0598541085877761e-14,2.904496252247411e-12,1.9622696038777587e-35
2548,2,2,0.9858363693692586,3.870368796240852e-06,0.9858363693692586,0.005148792756214655,5.008569148310978e-06,0.009005958936582317,2.3400741053095735e-23
2549,1,1,0.9999971980445965,0.9999971980445965,1.5064953295506972e-11,7.625769242560116e-09,1.7113786941243974e-10,2.794143431407295e-06,7.242452132504283e-34
2551,6,6,0.9675868050552103,0.005879009936694431,0.00587289702500795,0.007290226984445674,4.8232819580313286e-05,0.013322828179061245,0.9675868050552103
2552,1,1,0.9999971945293777,0.9999971945293777,1.512630610516841e-11,7.645274133966257e-09,1.716672056222292e-10,2.7976385546034445e-06,7.350925091498089e-34
2554,1,1,0.9999972029930342,0.9999972029930342,1.5042585064540712e-11,7.60751399484232e-09,1.7075497006656676e-10,2.7892136543699333e-06,7.220892910961308e-34
2555,2,2,0.9859492431569986,3.851903418192425e-06,0.9859492431569986,0.005089579165293704,4.982739800729585e-06,0.008952343034488741,2.318252923057498e-23
2556,6,6,0.9675809472044561,0.005878884000350093,0.005873680221965372,0.007290587694188067,4.82175937410128e-05,0.013327683285299437,0.9675809472044561
2557,2,2,0.985903993275232,3.8691409248265345e-06,0.985903993275232,0.0051050968972526835,5.004761543805516e-06,0.008982035925046575,2.3543358257380448e-23
2558,2,2,0.9858253637392004,3.902695731117253e-06,0.9858253637392004,0.005128846993170664,5.031048007820536e-06,0.009036855523889975,2.4144344715804513e-23
2563,3,3,0.9999999999969287,1.6173338657343078e-13,5.193999865283017e-21,0.9999999999969287,1.0567075026645336e-14,2.8990196963939163e-12,1.9602214386399433e-35
2565,5,5,0.9869876771030659,5.080326868297629e-05,0.0009438142860153677,2.4385569720789065e-07,3.588052243824929e-05,0.9869876771030659,0.011981580964100272
2568,3,3,0.999999999996918,1.6248619200045428e-13,5.2241760678751904e-21,0.999999999996918,1.0609205177053319e-14,2.908841077740161e-12,1.9680784604167084e-35
2570,6,6,0.9667807012915476,0.006048023425129283,0.005998554700080918,0.007462837954779646,4.942377366632389e-05,0.013660458854796281,0.9667807012915476
2573,4,4,0.9999361634891538,1.8697934748009265e-05,7.993673442602746e-07,2.5963625253458653e-05,0.9999361634891538,1.8375583500490533e-05,4.384915800213626e-22
2575,6,6,0.9674213196188819,0.005910907921212746,0.005900714679181307,0.007326470372632508,4.846837876503708e-05,0.013392119029326547,0.9674213196188819
2576,2,2,0.9859829033152959,3.839542532228629e-06,0.9859829033152959,0.005072508173545574,4.970497998741914e-06,0.008935778470627487,2.3152696899745927e-23
2577,2,2,0.9854849059329284,4.049906810857365e-06,0.9854849059329284,0.005283923578849632,5.182967808880359e-06,0.009221937613602254,2.606171483110348e-23
2580,6,6,0.9652017136995981,0.006321835285500496,0.006273999398124274,0.007834719854580027,5.188541801594826e-05,0.01431584634418119,0.9652017136995981
2581,4,4,0.999936219821776,1.8699461769019095e-05,7.98544766709136e-07,2.5921645166958057e-05,0.999936219821776,1.8360526521278847e-05,4.364261822739278e-22
2583,3,3,0.9999999999969233,1.6215967740294784e-13,5.208587294358706e-21,0.9999999999969233,1.0593084726668557e-14,2.903949984562773e-12,1.96174631786236e-35
2584,1,1,0.9999971931076093,0.9999971931076093,1.5097010766119284e-11,7.645749693879043e-09,1.7152477454417777e-10,2.7990600192369193e-06,7.275978589718201e-34
2585,5,5,0.986999755937613,5.093876697045755e-05,0.0009427207699550737,2.4436557809331525e-07,3.5901672461399906e-05,0.986999755937613,0.011970438487422014
2588,1,1,0.9999972022203776,0.9999972022203776,1.5045957135960825e-11,7.607024586686728e-09,1.7076299968120326e-10,2.789986788978739e-06,7.233099859490567e-34
2589,1,1,0.9999971984549434,0.9999971984549434,1.506890046467628e-11,7.623245760587744e-09,1.711473805454437e-10,2.793735594474991e-06,7.243982398002435e-34
2590,5,5,0.9876775124173665,5.2817889060762394e-05,0.00098706400699699,2.660129213763053e-07,3.676138827132997e-05,0.9876775124173665,0.011245578285383159
2591,4,4,0.9999361302682562,1.8718414367345086e-05,8.000987892747122e-07,2.5962859018815298e-05,0.9999361302682562,1.8388359568403095e-05,4.375806069655249e-22
2592,5,5,0.9870249175661371,5.0806369021371756e-05,0.0009410845870112694,2.4413953096763493e-07,3.588602436171195e-05,0.9870249175661371,0.011947061313937687
2594,5,5,0.9871823270690743,5.112025712780548e-05,0.0009408065767489411,2.5018585274261584e-07,3.60174192367531e-05,0.9871823270690743,0.011789478491959408
2597,4,4,0.9999361701047578,1.8718996961869026e-05,7.992713480776026e-07,2.5934378469761074e-05,0.9999361701047578,1.8377248462596567e-05,4.3700467469734225e-22
2598,4,4,0.9999361512473112,1.8718564537971345e-05,7.991551782951254e-07,2.595028032757705e-05,0.9999361512473112,1.8380752645144596e-05,4.380984382761196e-22
2599,4,4,0.9999361792978856,1.868738221892664e-05,7.989613116435227e-07,2.5964336812957157e-05,0.9999361792978856,1.8370021770826473e-05,4.375894045892972e-22
2600,4,4,0.9999361447974566,1.869838294953593e-05,7.995962665173895e-07,2.597448484874676e-05,0.9999361447974566,1.8382738478489576e-05,4.379972184180999e-22
2601,4,4,0.9999349897012639,1.9040354847176078e-05,8.13928539370051e-07,2.6429539231412754e-05,0.9999349897012639,1.8726476118155088e-05,4.56653775081597e-22
2602,1,1,0.9999971968949185,0.9999971968949185,1.511898002183964e-11,7.626956288499937e-09,1.7126032234467603e-10,2.7952917458638844e-06,7.3623178557272735e-34
2603,1,1,0.9999971934733908,0.9999971934733908,1.5146918452279862e-11,7.635995071055663e-09,1.7147569220708607e-10,2.7987039915743516e-06,7.404233447691896e-34
2604,5,5,0.9870310502999464,5.096453300097968e-05,0.0009373246334750522,2.4501542811829444e-07,3.5918737317334084e-05,0.9870310502999464,0.011944496780832078
2605,5,5,0.9870986211852205,5.099360211233442e-05,0.0009402792795743237,2.449932757416115e-07,3.594787730272826e-05,0.9870986211852205,0.011873913062514401
2606,1,1,0.9999971982358846,0.9999971982358846,1.5068826004821306e-11,7.62549264401131e-09,1.7115518359841458e-10,2.7939523986826274e-06,7.244425036364274e-34
2608,3,3,0.9999999999969249,1.6204878375522865e-13,5.204435713662299e-21,0.9999999999969249,1.0582591421201575e-14,2.9024032902454768e-12,1.9615553071510884e-35
2609,1,1,0.9999971968935315,0.9999971968935315,1.5096784028367228e-11,7.626890105660676e-09,1.7134363594846117e-10,2.7952931379876486e-06,7.3072480148648075e-34
2610,5,5,0.991708033898482,5.249071318066084e-05,0.0010885728449248316,2.940008289147555e-07,3.740692173441155e-05,0.991708033898482,0.00711320162084914
2611,4,4,0.999936162774053,1.8696633613705833e-05,8.00188939747152e-07,2.595628409796583e-05,0.999936162774053,1.838411929566961e-05,4.388904411822038e-22
2612,5,5,0.9870895177923756,5.1003054650938166e-05,0.0009367532303755097,2.467778833871348e-07,3.593196568444924e-05,0.9870895177923756,0.011886547179030059
2613,2,2,0.985906162734486,3.874508810622262e-06,0.985906162734486,0.005106778857263811,5.003270025372814e-06,0.008978180629414096,2.3428202996054126e-23
2614,4,4,0.99993622898931,1.868528904077622e-05,7.989093667027894e-07,2.5927035276498757e-05,0.99993622898931,1.835977700600098e-05,4.373456240161195e-22
2618,5,5,0.9878061439224987,5.087540428208222e-05,0.0009633351431520059,2.4907676650090757e-07,3.603461084653229e-05,0.9878061439224987,0.011143361842454218
2619,2,2,0.9859621633554202,3.841277277615431e-06,0.9859621633554202,0.005053727449054556,4.984814044109336e-06,0.008975283104203625,2.3690144539936118e-23
2621,1,1,0.9999971875512622,0.9999971875512622,1.5214709327227318e-11,7.660917878864495e-09,1.719898521259526e-10,2.8046006153376765e-06,7.499428654136563e-34
2622,2,2,0.9859778264715383,3.844042414307904e-06,0.9859778264715383,0.005074338049953857,4.974002938180007e-06,0.008939017433155378,2.3275310894404093e-23
2623,3,3,0.9999999999969296,1.6166544367572967e-13,5.1920215616402225e-21,0.9999999999969296,1.0568950709326081e-14,2.8982529215084676e-12,1.9579694710953563e-35
2624,3,3,0.9999999999969255,1.620967361199592e-13,5.2045278835935166e-21,0.9999999999969255,1.0590845242213788e-14,2.90195571923287e-12,1.9609988487053656e-35
2625,1,1,0.9999971966703097,0.9999971966703097,1.5103400190645805e-11,7.633732487261706e-09,1.712288491563758e-10,2.795509625626364e-06,7.33029262314512e-34
2627,2,2,0.9859782185518823,3.837530586927506e-06,0.9859782185518823,0.005074984914178782,4.969409161331441e-06,0.00893798959419072,2.3097871599369256e-23
2628,3,3,0.9999999999969286,1.6178027370747385e-13,5.1932465049877455e-21,0.9999999999969286,1.0566146281948645e-14,2.8990843310441977e-12,1.9588319983903566e-35
2629,2,2,0.98603845155372,3.816911909477655e-06,0.98603845155372,0.0050411221770011805,4.946618138166371e-06,0.008911662739231177,2.3145946542055875e-23
2631,3,3,0.9999999999969239,1.6194348441962866e-13,5.2039185288357034e-21,0.9999999999969239,1.0580223007011378e-14,2.9036156677220284e-12,1.965695538774753e-35
2633,3,3,0.9999999999969162,1.624402761835353e-13,5.2176381475699645e-21,0.9999999999969162,1.060152216800947e-14,2.9107440915848575e-12,1.9768269252666337e-35
2634,4,4,0.9999361905719143,1.8704795146484093e-05,7.984389322452654e-07,2.594263330189691e-05,0.9999361905719143,1.8363560705034357e-05,4.353987824763225e-22
2636,2,2,0.9860001670954615,3.830210682998824e-06,0.9860001670954615,0.005041954733971666,4.961522185528562e-06,0.008949086437698412,2.3420275253828354e-23
2637,1,1,0.999997198907391,0.999997198907391,1.5072133923385466e-11,7.615777189866437e-09,1.7108813547345023e-10,2.7932906714703986e-06,7.2415181673396454e-34
2639,6,6,0.967416390151396,0.005914263673835943,0.005897963398463774,0.007333294630020371,4.848763555873687e-05,0.01338960051072515,0.967416390151396
2640,2,2,0.9859920609008151,3.8350761362852305e-06,0.9859920609008151,0.005060773659444375,4.966760122650745e-06,0.008938363603481644,2.3189841431227245e-23
2641,2,2,0.985983179970274,3.840255884516526e-06,0.985983179970274,0.005050382494685054,4.973939995967363e-06,0.008957623339160562,2.3708716622555216e-23
2642,2,2,0.9859584762174037,3.851276322085544e-06,0.9859584762174037,0.005083734464667929,4.980859631316635e-06,0.008948957181974974,2.3243924812818157e-23
2643,2,5,0.9959632174959528,6.7822054726646e-05,0.003851451341123933,1.4918430124977507e-06,5.131333079507297e-05,0.9959632174959528,6.470393438899532e-05
2644,5,5,0.9878526286364663,5.2252744877047454e-05,0.0009442361004228123,2.6717726616191715e-07,3.6489955280063924e-05,0.9878526286364663,0.0111141253856877
2646,1,1,0.999997200516289,0.999997200516289,1.505263420874881e-11,7.614012598742335e-09,1.7097207513930856e-10,2.7916836736393636e-06,7.234713630277113e-34
2647,2,2,0.9860248244054401,3.821480426318835e-06,0.9860248244054401,0.005032044771184095,4.9553870111930545e-06,0.008934353955938262,2.341344733406359e-23
2648,6,6,0.9667298548438702,0.006041717695552957,0.0060111171919014685,0.007483897936472793,4.950431473938961e-05,0.013683908017463208,0.9667298548438702
2649,4,4,0.9999361940054756,1.8697436920079127e-05,7.991707914539126e-07,2.5940450348747944e-05,0.9999361940054756,1.836893646410173e-05,4.395235226733342e-22
2650,2,2,0.9854219111055856,4.0536839728494586e-06,0.9854219111055856,0.005028479557140467,5.238137306123293e-06,0.009540317515994962,3.111380346887811e-23
2651,3,3,0.999999999996924,1.6204263439438991e-13,5.204381123794395e-21,0.999999999996924,1.0582518010068884e-14,2.90338517597562e-12,1.9624682001996426e-35
2652,6,6,0.9676397405088157,0.0058652955801053895,0.005857479609033258,0.007283087233670984,4.813307608790854e-05,0.01330626399228682,0.9676397405088157
2653,1,1,0.9999971971368902,0.9999971971368902,1.5083043913933073e-11,7.626486688751086e-09,1.7117977401798167e-10,2.7950503604180316e-06,7.258857281634437e-34
2654,2,2,0.9859960986361371,3.833746566312811e-06,0.9859960986361371,0.005061651624665761,4.964823937136303e-06,0.008933451168693676,2.319230268071038e-23
2655,4,4,0.9999362022494558,1.8702689050444288e-05,7.987384024445283e-07,2.593142537573396e-05,0.9999362022494558,1.836489771556145e-05,4.372914132070189e-22
2656,4,4,0.9999361927139291,1.868608011541742e-05,7.990421371592721e-07,2.5954030011936003e-05,0.9999361927139291,1.8368133806463482e-05,4.376090500121279e-22
2657,3,3,0.9999999999969272,1.6188333236356435e-13,5.194602235927393e-21,0.9999999999969272,1.0573180938887229e-14,2.900330204062251e-12,1.9642408059405972e-35
2659,2,2,0.986024124715494,3.8221334923051e-06,0.986024124715494,0.0050414286962842236,4.952515956566584e-06,0.008925671938772901,2.316075240609098e-23
2660,5,5,0.9870734877247084,5.085003077683235e-05,0.0009396653328125573,2.4498020878222495e-07,3.589691576905017e-05,0.9870734877247084,0.011899855015724447
2662,3,3,0.9999999999969301,1.6165418950118266e-13,5.18706665041743e-21,0.9999999999969301,1.0559581642907392e-14,2.8976682700382923e-12,1.9607023242683262e-35
2665,3,3,0.9999999999969268,1.6183314951586266e-13,5.19458733538038e-21,0.9999999999969268,1.0569192218464523e-14,2.900759444455283e-12,1.9634035163324812e-35
2667,5,5,0.9870326656357858,5.084141868536041e-05,0.0009423945307081933,2.4428023425204123e-07,3.590729733468952e-05,0.9870326656357858,0.011937946837251686
2668,6,6,0.9675598348906583,0.005879918224072871,0.005877601923838797,0.007302498968937785,4.8274599065719386e-05,0.013331871393426571,0.9675598348906583
2669,5,5,0.9869570715787636,5.089498744428967e-05,0.0009384866861602996,2.4504602579471857e-07,3.5900897877216064e-05,0.9869570715787636,0.012017400803728786
2670,2,2,0.9858888760028202,3.87596118994878e-06,0.9858888760028202,0.005116274215338631,5.011310754210367e-06,0.008985962509896897,2.3398199337087968e-23
2671,1,1,0.999997193164008,0.999997193164008,1.5100897336425647e-11,7.64172405780573e-09,1.7153954001980555e-10,2.799007627445619e-06,7.284286519597206e-34
2672,3,3,0.9999999999969255,1.6186009924684916e-13,5.206428882471987e-21,0.9999999999969255,1.0582916151307781e-14,2.9021425710173235e-12,1.9625095335509304e-35
2673,3,3,0.9999999999969236,1.6194104006873443e-13,5.206372601361386e-21,0.9999999999969236,1.0583123328335188e-14,2.9038558487173593e-12,1.9636862734216331e-35
2675,5,5,0.9869824282445359,5.086318995998819e-05,0.0009386573171812295,2.442579756316516e-07,3.58972371214078e-05,0.9869824282445359,0.011991909753225904
2677,4,4,0.9999362322737644,1.868121174825886e-05,7.978281402259336e-07,2.5938446746628475e-05,0.9999362322737644,1.8350239600514155e-05,4.368704172173145e-22
2678,2,2,0.9859464147377818,3.850511080270813e-06,0.9859464147377818,0.005083167232369288,4.9828821917888965e-06,0.008961584636577006,2.3263501245828906e-23
2679,5,5,0.9870062568394863,5.098936753615871e-05,0.0009383755061534282,2.4466253974869355e-07,3.5922518305972176e-05,0.9870062568394863,0.011968211105978446
2682,1,1,0.9999971885588739,0.9999971885588739,1.5198035693599422e-11,7.648760086502534e-09,1.718388577817813e-10,2.8036053290871918e-06,7.481620842123381e-34
2683,3,3,0.9999999999969208,1.6230437186093975e-13,5.210888089073784e-21,0.9999999999969208,1.0590765105260917e-14,2.9063554176173956e-12,1.9661905468713217e-35
2685,6,6,0.967357509870841,0.0059173030432010925,0.00591444777968362,0.007337541813683892,4.856070295778867e-05,0.013424636789632646,0.967357509870841
2686,3,3,0.9999999999969245,1.6203178918169998e-13,5.2061906278292065e-21,0.9999999999969245,1.0582996005419567e-14,2.9030255902119232e-12,1.9649451687920094e-35
2687,1,1,0.9999971981977926,0.9999971981977926,1.50912935664165e-11,7.621017793010181e-09,1.7115100323755706e-10,2.7939949473937495e-06,7.317344939700148e-34
2688,4,4,0.9999361473867479,1.870581130258356e-05,8.002523686061735e-07,2.5961681927323885e-05,0.9999361473867479,1.838486765358771e-05,4.386061274226222e-22
2689,4,4,0.9999362127521576,1.8696880670842646e-05,7.98385709148567e-07,2.593159884937901e-05,0.9999362127521576,1.8360382613062785e-05,4.369418421135413e-22
2693,1,1,0.9999972025481783,0.9999972025481783,1.5040183813683658e-11,7.60746693140885e-09,1.7079708847349803e-10,2.7896585176428602e-06,7.216884599644502e-34
2694,1,1,0.9999971997207128,0.9999971997207128,1.5092324491405988e-11,7.613589510785558e-09,1.709600459184936e-10,2.792479645277935e-06,7.3115307859557075e-34
2695,2,2,0.9858180775119689,3.931926996077568e-06,0.9858180775119689,0.005131515194824422,5.056690940022014e-06,0.009041418675270566,2.5111034852945157e-23
2700,6,6,0.9677158651326084,0.005853255846338166,0.005855407116314763,0.007252486744096517,4.8009768145783994e-05,0.013274975392496445,0.9677158651326084
2701,6,6,0.9676912092229509,0.005858452500571956,0.0058577426195992035,0.007260533658886646,4.8058404425322603e-05,0.01328400359356595,0.9676912092229509
2703,4,4,0.999936208193412,1.8692556137945578e-05,7.99734649908859e-07,2.593212848371145e-05,0.999936208193412,1.836738731637425e-05,4.393776437771042e-22
2704,3,3,0.9999999999969249,1.6206475544583483e-13,5.205179358762476e-21,0.9999999999969249,1.058857937165078e-14,2.9024461610155455e-12,1.9662100006592488e-35
2706,5,5,0.9871015983349531,5.1112758975760035e-05,0.0009386318571006731,2.456955540755486e-07,3.596527242149548e-05,0.9871015983349531,0.011872446080994857
2707,6,6,0.9650085449423622,0.006365175224319882,0.00628901238764039,0.007898720330835956,5.208699653695904e-05,0.01438646011830464,0.9650085449423622
2708,5,5,0.9873933159760084,5.0818511093611735e-05,0.0009495892901897628,2.4690969533649436e-07,3.5946732133735776e-05,0.9873933159760084,0.01157008258087905
2711,4,4,0.9999362045505521,1.8681876029244415e-05,7.98610418721524e-07,2.5954487663648645e-05,0.9999362045505521,1.8360475336368564e-05,4.38162638024001e-22
2713,4,4,0.9999362200139006,1.8689639557510667e-05,7.984267541661824e-07,2.5935828024035475e-05,0.9999362200139006,1.835609176375674e-05,4.370412860589444e-22
2714,1,1,0.999997201110774,0.999997201110774,1.505724100740827e-11,7.611260086310617e-09,1.7085047746603839e-10,2.7910920582102997e-06,7.255533005807835e-34
2717,1,1,0.9999971957006816,0.9999971957006816,1.512352816672765e-11,7.634887238972716e-09,1.717247802672763e-10,2.7964775828848915e-06,7.318538665986216e-34
2718,5,5,0.9877094878435758,5.159794086840128e-05,0.0009245175666090491,2.579716922380465e-07,3.619247117203358e-05,0.9877094878435758,0.011277946206082513
2719,4,4,0.9999361670715782,1.8714620879545867e-05,7.988943814614902e-07,2.5945626621369942e-05,0.9999361670715782,1.837378653947198e-05,4.368567898680062e-22
2720,4,4,0.9999361991733438,1.8693935219399792e-05,7.98438583557845e-07,2.5945584646309318e-05,0.9999361991733438,1.836286820705613e-05,4.367183045266274e-22
2721,3,3,0.9999999999969187,1.6251350766825948e-13,5.221703797564306e-21,0.9999999999969187,1.0613768957600353e-14,2.908112144181295e-12,1.9641908039332307e-35
2723,5,5,0.9871458951361181,5.113421591433804e-05,0.0009374813762721546,2.460795364661612e-07,3.593967523430818e-05,0.9871458951361181,0.011829303516924636
2724,2,5,0.9888299662685903,5.124179999941243e-05,0.0009886843889640104,2.5815353326371367e-07,3.63429684129946e-05,0.9888299662685903,0.010093506420500038
2725,6,6,0.9675179628591922,0.005892404736444019,0.005885330547548158,0.0073026672156530385,4.832141349817212e-05,0.013353313227664426,0.9675179628591922
2726,4,4,0.999936125980257,1.8717420103554243e-05,7.994283929515173e-07,2.597074187465766e-05,0.999936125980257,1.8386429371844255e-05,4.371299992047052e-22
2728,5,5,0.986886390959318,5.08977847307724e-05,0.000943735742494626,2.4467702931977057e-07,3.5908752568477705e-05,0.986886390959318,0.012082822083858873
2730,2,2,0.985821670972596,3.903621272245392e-06,0.985821670972596,0.00513789834321296,5.045003540394727e-06,0.009031482059378418,2.3838122389215397e-23
2731,3,3,0.9999999999969235,1.619465065615483e-13,5.205297255971346e-21,0.9999999999969235,1.0581464853543037e-14,2.9040286714378248e-12,1.9662739362806656e-35
2732,3,3,0.9999999999969253,1.6195511942791203e-13,5.204323981014762e-21,0.9999999999969253,1.0584104921101195e-14,2.902154335804291e-12,1.9643389981079156e-35
2733,5,5,0.9869813391451956,5.088340831606855e-05,0.0009410269094022617,2.4383820375424905e-07,3.591622306275893e-05,0.9869813391451956,0.011990590475819534
2734,2,2,0.9860411903869312,3.818554754750626e-06,0.9860411903869312,0.005033146673228508,4.948956130803084e-06,0.008916895428954802,2.3255251669564238e-23
2735,4,4,0.999936119452886,1.8700389765629406e-05,7.997205612513842e-07,2.599509523344487e-05,0.999936119452886,1.8385341553768627e-05,4.390467581852759e-22
2736,4,4,0.9999345200916452,1.9173421443247573e-05,8.223637261049099e-07,2.658090876018294e-05,0.9999345200916452,1.8903214425413404e-05,4.635421159987982e-22
2737,6,6,0.9675150828028454,0.005886771929211944,0.005885698218489957,0.007310446811494903,4.8353238583619355e-05,0.013353646999374167,0.9675150828028454
2738,4,4,0.9999361225714961,1.8721581778502593e-05,8.011138273687206e-07,2.5958650820770487e-05,0.9999361225714961,1.8396082077260673e-05,4.408881373993684e-22
2739,5,5,0.9869555505644921,5.0942387903833655e-05,0.0009413932114941177,2.4446714126811507e-07,3.5921975279065715e-05,0.9869555505644921,0.012015947393689675
2740,2,2,0.9859697558517683,3.84409388724547e-06,0.9859697558517683,0.005078864255122139,4.9742301438568e-06,0.008942561569078439,2.3116273484535468e-23
2741,2,2,0.9859671535714439,3.846255140680275e-06,0.9859671535714439,0.005078633742628791,4.976579315518712e-06,0.008945389851471084,2.310985852555471e-23
2743,1,1,0.9999971991086803,0.9999971991086803,1.506998704644284e-11,7.618486652567772e-09,1.7105726298533412e-10,2.7930867058449166e-06,7.2446507268538755e-34
2744,3,3,0.9999999999969281,1.6173988779473478e-13,5.197005827834702e-21,0.9999999999969281,1.057493685895792e-14,2.8996168597040394e-12,1.9621018269119684e-35
2745,5,5,0.9871200693227197,5.096787591259798e-05,0.000940112728900542,2.451075635631728e-07,3.594079051916933e-05,0.9871200693227197,0.011852664174384497
2746,4,4,0.999936229606651,1.869923030217996e-05,7.986483031103897e-07,2.5911149779494424e-05,0.999936229606651,1.8361364964245073e-05,4.3686262228871915e-22
2747,5,5,0.9869772893929096,5.0891791959220945e-05,0.0009371246434118811,2.447145807272884e-07,3.589506066012957e-05,0.9869772893929096,0.011998554396478501
2749,4,4,0.9999361957396962,1.8707898884907492e-05,7.994512061931224e-07,2.5926256337921554e-05,0.9999361957396962,1.837065387481911e-05,4.373154973919494e-22
2751,4,4,0.9999361830019748,1.8707120245856182e-05,7.98660477627775e-07,2.594302065133628e-05,0.9999361830019748,1.8368196650427378e-05,4.36558791941769e-22
2752,3,3,0.999999999996928,1.617490479030574e-13,5.197773405939802e-21,0.999999999996928,1.0573657924533134e-14,2.89973799975222e-12,1.960979644958629e-35
2753,3,3,0.9999999999969205,1.6216682982838623e-13,5.215576259163993e-21,0.9999999999969205,1.060388406235365e-14,2.9066697415110646e-12,1.966640644939146e-35
2754,6,6,0.9674804573708147,0.005883800968763928,0.005891446490374529,0.007331483823694443,4.8360702601370785e-05,0.013364450643751082,0.9674804573708147
2756,1,1,0.999997201917632,0.999997201917632,1.5056570136248798e-11,7.611374002791195e-09,1.708537720811316e-10,2.790285083756256e-06,7.257925526439449e-34
2757,6,6,0.9668019461667352,0.006034092568563732,0.005993914009921819,0.007466734419835811,4.948021448531764e-05,0.013653832620458157,0.9668019461667352
2758,3,3,0.9999999999969021,1.6336986076941448e-13,5.2707994459877245e-21,0.9999999999969021,1.0704205582313522e-14,2.9238146852209544e-12,1.9836671936033955e-35
2760,4,4,0.9999362524949499,1.86863403739202e-05,7.985573807308085e-07,2.5909844218311088e-05,0.9999362524949499,1.8352763077137722e-05,4.36835509416495e-22
2763,5,5,0.987026493354784,5.13102121762402e-05,0.0009422466400161152,2.467970153856177e-07,3.6016456812612635e-05,0.987026493354784,0.011943686539195688
2764,4,4,0.9999362252114403,1.8690333252662237e-05,7.989711829245268e-07,2.5924112240274666e-05,0.9999362252114403,1.8361371883882232e-05,4.374776788070229e-22
2765,1,1,0.9999972032450818,0.9999972032450818,1.505140630223168e-11,7.600652000307674e-09,1.7069490988974588e-10,2.7889685198676215e-06,7.236203531868331e-34
2767,1,1,0.999997197177935,0.999997197177935,1.5078900794675845e-11,7.627858248780386e-09,1.71169665511409e-10,2.795007958229128e-06,7.253751189195356e-34
2768,2,2,0.9859923806672374,3.836139783327097e-06,0.9859923806672374,0.005029575102641095,4.975071940435119e-06,0.00896923301839782,2.3835327575724832e-23
2769,4,4,0.9999360902458572,1.8715456277686e-05,8.008653319636227e-07,2.599177852770663e-05,0.9999360902458572,1.8401654005535836e-05,4.402347673688202e-22
2770,2,2,0.9860251041149297,3.8161073244750615e-06,0.9860251041149297,0.00504439550433544,4.948413391913263e-06,0.008921735860018432,2.3158171549027513e-23
2771,2,2,0.9858945581558536,3.87588876062779e-06,0.9858945581558536,0.005110417635663279,5.0097795235752e-06,0.008986138540199027,2.3707859133872114e-23
2772,4,4,0.9999361406183306,1.871875389659979e-05,8.002148262430637e-07,2.5950790046366118e-05,0.9999361406183306,1.8389622900194332e-05,4.400520743596338e-22
2773,4,4,0.9999362487332445,1.8679204698458198e-05,7.984610277954253e-07,2.592198880417787e-05,0.9999362487332445,1.8351612225056293e-05,4.370411756103664e-22
2776,2,2,0.9858343600901823,3.9068122171844585e-06,0.9858343600901823,0.005107279205569637,5.041528108637541e-06,0.009049412363922208,2.4420577794549182e-23
2778,5,5,0.986999372255935,5.083847071292497e-05,0.0009424405704969263,2.4400143823376134e-07,3.5895340383074565e-05,0.986999372255935,0.011971209361033814
2779,6,6,0.9646438216142493,0.006360183099820411,0.00626561632320915,0.008168969508156767,5.2516504928273404e-05,0.014508892949636105,0.9646438216142493
2781,2,2,0.9859592646305824,3.848218506249324e-06,0.9859592646305824,0.0050841397682458486,4.978850171064513e-06,0.008947768532494566,2.3182656708572597e-23
2783,6,6,0.9644160735221782,0.006459826567621622,0.006420137030630033,0.007982176022967207,5.287031146221679e-05,0.01466891654514086,0.9644160735221782
2784,1,1,0.9999972027896766,0.9999972027896766,1.5046218387140402e-11,7.606718464705176e-09,1.707498412064335e-10,2.789417808823781e-06,7.237576670750704e-34
2785,2,2,0.986012605728016,3.828148784297876e-06,0.986012605728016,0.005047012877693869,4.960209696297991e-06,0.008931593035809673,2.3358254719229817e-23
2786,5,5,0.9876725243556705,5.1547814917658845e-05,0.0009255517932377879,2.556464178620558e-07,3.611911445270547e-05,0.9876725243556705,0.011314001275303416
2788,1,1,0.999997195356506,0.999997195356506,1.5136303541758757e-11,7.629784421999967e-09,1.7135091932154243e-10,2.796827222373023e-06,7.390989810296638e-34
2789,1,1,0.9999971979699971,0.9999971979699971,1.5096111296179006e-11,7.624861205957043e-09,1.7124184086826057e-10,2.7942188038177137e-06,7.298932116809905e-34
2792,1,1,0.9999972002525463,0.9999972002525463,1.508803219743703e-11,7.611430588247647e-09,1.709703389091484e-10,2.7919499646224696e-06,7.294960825249461e-34
2793,6,6,0.9674064714678686,0.00591392431603316,0.0058987112242561745,0.007335299587953837,4.851401540593948e-05,0.01339707938848222,0.9674064714678686
2794,1,1,0.9999971841852219,0.9999971841852219,1.5239843684082125e-11,7.673249300094686e-09,1.723431030565168e-10,2.807953945954426e-06,7.533700808489532e-34
2795,4,4,0.9999361646569422,1.871186641083786e-05,7.994234701270441e-07,2.5946247022080635e-05,0.9999361646569422,1.8377806154822304e-05,4.374266786595531e-22
2796,3,3,0.9999999999969286,1.6181867025343116e-13,5.1919593441734265e-21,0.9999999999969286,1.0569224533637739e-14,2.8990027118808836e-12,1.9587666734279143e-35
2797,2,2,0.9859239519326269,3.8578965297967585e-06,0.9859239519326269,0.005016731422593473,5.000930413526423e-06,0.009050457817836248,2.4815671753580855e-23
2799,3,3,0.999999999996927,1.6187083695456622e-13,5.198512358129134e-21,0.999999999996927,1.0580535167840211e-14,2.900523030278664e-12,1.9597482889087636e-35
2800,4,4,0.999935783324496,1.881892354288672e-05,8.054027569826575e-07,2.609295696005741e-05,0.999935783324496,1.849939224408413e-05,4.473508105864839e-22
2802,4,4,0.999936096965376,1.871167741899276e-05,8.001268477884921e-07,2.599479656601936e-05,0.999936096965376,1.8396433791209308e-05,4.379615686159336e-22
2803,4,4,0.9999360150032962,1.873914887238543e-05,8.019534270251308e-07,2.6021515941028352e-05,0.9999360150032962,1.8422378463420245e-05,4.406438023293581e-22
2805,4,4,0.9999362479620885,1.868523541659281e-05,7.991314109643624e-07,2.590785810834206e-05,0.9999362479620885,1.8359812975633666e-05,4.369366101234889e-22
2807,6,6,0.9670462764181689,0.005988781881403101,0.005955373513131364,0.007411644657662932,4.906477299453116e-05,0.013548858756639246,0.9670462764181689
2808,2,2,0.9860335766362964,3.817972436320662e-06,0.9860335766362964,0.005035083142931432,4.950312128421705e-06,0.008922571936207423,2.3217583764775243e-23
2810,4,4,0.9999361774664278,1.8711351648059237e-05,7.988693919288147e-07,2.5940390774112893e-05,0.9999361774664278,1.8371921758128593e-05,4.37820990387351e-22
2811,5,5,0.9874585319150431,5.0854788241828076e-05,0.0009548249735797054,2.471534973327208e-07,3.5986304614685896e-05,0.9874585319150431,0.011499554865023399
2812,6,6,0.9674116494923811,0.005912081129067286,0.005898465495369185,0.007334809867733076,4.850260532822625e-05,0.013394491410121204,0.9674116494923811
2813,6,6,0.9675073987926238,0.005890633944664082,0.005886389719532773,0.007310520641081177,4.835409100105628e-05,0.013356702811097082,0.9675073987926238
2815,3,3,0.999999999996922,1.62266009270241e-13,5.2105768569952294e-21,0.999999999996922,1.0597227164312476e-14,2.9051043512556698e-12,1.9632349950308522e-35
2816,1,1,0.9999971991107663,0.9999971991107663,1.5068102688166926e-11,7.622041371688131e-09,1.710971249465542e-10,2.7930810271787776e-06,7.24438844074636e-34
2817,4,4,0.9999360886389527,1.8705571858928922e-05,8.002157343255045e-07,2.6009812039194135e-05,0.9999360886389527,1.8395761414985596e-05,4.399552142305509e-22
2818,1,1,0.9999971969725844,0.9999971969725844,1.511103572168326e-11,7.626264839725762e-09,1.7122593353773676e-10,2.7952148138397144e-06,7.327300767855526e-34
2821,6,6,0.9671024226599401,0.005945329021080819,0.005967302219352669,0.007393491226043544,4.896715137425988e-05,0.013542487722208648,0.9671024226599401
2823,1,1,0.9999971954103909,0.9999971954103909,1.51066573474395e-11,7.626665223135678e-09,1.7129195484825993e-10,2.79677654526209e-06,7.272777003869417e-34
2825,3,3,0.9999999999969242,1.6194151986535673e-13,5.200388718664525e-21,0.9999999999969242,1.057344942684471e-14,2.903276121534319e-12,1.9674784011533763e-35
2827,2,2,0.9860123575501641,3.828358388211728e-06,0.9860123575501641,0.005019886945456776,4.962293265712488e-06,0.00895896485272517,2.3737443126360837e-23
2828,4,4,0.9999362504900158,1.8679228778812655e-05,7.976815698068147e-07,2.5927022563867588e-05,0.9999362504900158,1.8345577071684293e-05,4.361289336484014e-22
2829,5,5,0.9869290476171,5.0823616186730015e-05,0.0009397079754531576,2.436269077834117e-07,3.587154571203048e-05,0.9869290476171,0.0120443056186403
2830,5,5,0.986993379827082,5.109668192810203e-05,0.0009399051108891441,2.4572631677486415e-07,3.5972196860212546e-05,0.986993379827082,0.011979400456923707
2831,5,5,0.9869786030656208,5.0811388082593654e-05,0.0009432397825533627,2.434726548640915e-07,3.5885947021441883e-05,0.9869786030656208,0.011991216344066968
2833,2,2,0.9859265346096165,3.8617650473005815e-06,0.9859265346096165,0.005100113206789948,4.995583228358459e-06,0.008964494835317957,2.3273152679992582e-23
2834,1,1,0.9999972001756503,0.9999972001756503,1.5060528660018622e-11,7.614954992340785e-09,1.710141760203193e-10,2.7920233200407266e-06,7.229164240815419e-34
2835,3,3,0.9999999999969167,1.622595551197017e-13,5.2176446515045125e-21,0.9999999999969167,1.060648409994484e-14,2.9103950410165748e-12,1.9774523714621598e-35
2836,1,1,0.9999972009685939,0.9999972009685939,1.5055782272121547e-11,7.615623436130795e-09,1.709123599332728e-10,2.7912298145056147e-06,7.226811133245932e-34
2837,5,5,0.9872105011951181,5.074825161882699e-05,0.0009494371845288574,2.4472256621044727e-07,3.590532057012789e-05,0.9872105011951181,0.011753163325597877
2839,2,2,0.9860019122547588,3.832869155025068e-06,0.9860019122547588,0.005062280466623537,4.962281346737082e-06,0.008927012128116021,2.3127368243546176e-23
2840,5,5,0.9870298971161523,5.083249046482985e-05,0.000936915691990365,2.4578252471255044e-07,3.589426671284742e-05,0.9870298971161523,0.011946214652154997
2842,1,1,0.9999971973697843,0.9999971973697843,1.5116445589489784e-11,7.620314509094752e-09,1.711580231819027e-10,2.794823626776172e-06,7.331045327875036e-34
2843,3,3,0.9999999999969255,1.6194547698232712e-13,5.197437785569454e-21,0.9999999999969255,1.0571910678716573e-14,2.9020368493058854e-12,1.9655499827541613e-35
2844,6,6,0.9675585525656841,0.005885534480502898,0.005878834526383101,0.007294658995167453,4.8251842446793724e-05,0.013334167589815626,0.9675585525656841
2845,6,6,0.9674883744930804,0.005889517021839131,0.005889299991586076,0.007324785994434461,4.836716603360982e-05,0.013359655333026375,0.9674883744930804
2846,3,3,0.9999999999969288,1.6176208636373008e-13,5.192378241999981e-21,0.9999999999969288,1.0568082033931433e-14,2.8988874853487457e-12,1.959623894939203e-35
2847,3,3,0.9999999999969266,1.6196043181341352e-13,5.201874961419903e-21,0.9999999999969266,1.0577320909538971e-14,2.900933955069424e-12,1.9630732361978486e-35
2848,3,3,0.9999999999969265,1.6197165289353752e-13,5.2021776902579524e-21,0.9999999999969265,1.0583166113896315e-14,2.9010138435544275e-12,1.9628765439327245e-35
2849,6,6,0.9677999983576935,0.0058375660483980145,0.005836787545095798,0.007241344246621003,4.789844288789364e-05,0.013236405359303807,0.9677999983576935
2851,1,1,0.9999972003990781,0.9999972003990781,1.5052867221178337e-11,7.615282259922934e-09,1.7098443036059277e-10,2.7917996022849712e-06,7.2274948530904346e-34
2852,2,2,0.9859227031162764,3.8596986677377886e-06,0.9859227031162764,0.005101805578310216,4.995452739774403e-06,0.00896663615400592,2.340668945024308e-23
2853,1,1,0.9999972028477419,0.9999972028477419,1.505982143199326e-11,7.60013599909828e-09,1.7071346671066793e-10,2.789366348919268e-06,7.249410050930983e-34
2854,3,3,0.9999999999969131,1.6275342832260228e-13,5.241832077444042e-21,0.9999999999969131,1.0645280365945025e-14,2.9135378409324672e-12,1.9750623356585402e-35
2856,2,2,0.9858271489970452,3.903780827094977e-06,0.9858271489970452,0.005121527739535459,5.042072937705923e-06,0.009042377409654613,2.4347425436476563e-23
2857,6,6,0.96751656601719,0.005889109915816775,0.005884834757739579,0.007309008554246351,4.833600560914091e-05,0.013352144749398127,0.96751656601719
2858,4,4,0.9999362167173232,1.870203964488017e-05,7.99592435779011e-07,2.59113336674474e-05,0.9999362167173232,1.8370316928714113e-05,4.370479548090433e-22
2861,2,2,0.9859775352979309,3.8441563813186365e-06,0.9859775352979309,0.005070673879293315,4.974028139859197e-06,0.008942972638254762,2.3352544589466803e-23
2862,3,3,0.9999999999969228,1.6209515683472586e-13,5.209661591238085e-21,0.9999999999969228,1.0589759774077054e-14,2.9045212724624334e-12,1.9654962753040144e-35
2865,2,2,0.9859785029469715,3.8358974251631295e-06,0.9859785029469715,0.005060908119920096,4.972205406345415e-06,0.00895178083027695,2.3383573371975478e-23
2867,6,6,0.9668069082975248,0.006028689121330813,0.005999656356135986,0.007463632306013542,4.944321440270453e-05,0.013651670704592193,0.9668069082975248
2868,2,2,0.9860170665223607,3.8200310325417874e-06,0.9860170665223607,0.005047863661775139,4.9527504030014315e-06,0.00892629703442872,2.3156691539709357e-23
2869,1,1,0.9999971579238617,0.9999971579238617,1.5499748792472186e-11,7.775196144398233e-09,1.7446173731207736e-10,2.834110980685584e-06,7.924961258875391e-34
2870,1,1,0.9999971910559052,0.9999971910559052,1.5170054985980536e-11,7.64376243054521e-09,1.7166278780524776e-10,2.8011134994734085e-06,7.430601442513632e-34
2873,1,1,0.999997185647712,0.999997185647712,1.523757943981708e-11,7.66892946334594e-09,1.7213457973630225e-10,2.8064959863965522e-06,7.540582112061702e-34
2874,2,2,0.9859728730874621,3.849426149704647e-06,0.9859728730874621,0.005074584979115354,4.97839451887484e-06,0.008943714112753945,2.335934650774044e-23
2875,1,1,0.999997194506275,0.999997194506275,1.5143556656415618e-11,7.636992333405735e-09,1.7168883847865994e-10,2.797669900240758e-06,7.385547671729281e-34
2876,3,3,0.9999999999969136,1.6281268815452544e-13,5.236610006816416e-21,0.9999999999969136,1.0637944982876752e-14,2.9130473403969033e-12,1.973329802647722e-35
2877,1,1,0.9999971951947899,0.9999971951947899,1.5098682685449816e-11,7.641148208270443e-09,1.7143629317824763e-10,2.7969775268837104e-06,7.285921899483759e-34
2878,3,3,0.9999999999969261,1.618089457899693e-13,5.195938225442136e-21,0.9999999999969261,1.0566132652610259e-14,2.9015249775865558e-12,1.963437093393712e-35
2879,3,3,0.999999999996924,1.6208952384089067e-13,5.207767606370857e-21,0.999999999996924,1.0590665719417585e-14,2.9033975572199233e-12,1.9642338048644376e-35
2881,1,1,0.9999971979739096,0.9999971979739096,1.510131691710943e-11,7.615025206499723e-09,1.710733388787948e-10,2.7942248905741072e-06,7.310885784396132e-34
2882,2,2,0.9858939116395057,3.8782131754688594e-06,0.9858939116395057,0.0051149554411394306,5.015340643571355e-06,0.008982239365535848,2.3453272135273858e-23
2886,5,5,0.9869827441571396,5.082804655816817e-05,0.0009424221222487022,2.433143007048319e-07,3.586132038779714e-05,0.9869827441571396,0.011987901039364986
2887,4,4,0.9999362321132894,1.8693176899349612e-05,7.987518987625504e-07,2.5917617451145523e-05,0.9999362321132894,1.8358340461390796e-05,4.371131573060215e-22
2888,2,2,0.9859552744812279,3.852443720994936e-06,0.9859552744812279,0.00508503368742888,4.981472140241207e-06,0.008950857915482065,2.318234706081157e-23
2889,4,4,0.9999362080718374,1.870722375587889e-05,7.990659900224629e-07,2.5918770346345316e-05,0.9999362080718374,1.8366868070446674e-05,4.374946366501694e-22
2890,2,2,0.9860154842989558,3.825729507982144e-06,0.9860154842989558,0.005052804051773693,4.955447457594072e-06,0.00892293047230501,2.308185992072396e-23
2892,4,4,0.9999360712488904,1.8708618639488657e-05,7.994023292611975e-07,2.60298851003285e-05,0.9999360712488904,1.8390845040525556e-05,4.372594575991229e-22
2895,5,5,0.9869530833021035,5.090299422327277e-05,0.0009401612067182443,2.44159851025873e-07,3.589772134652676e-05,0.9869530833021035,0.012019710615757418
2896,3,3,0.9999999999969249,1.6197759273408964e-13,5.203151861983402e-21,0.9999999999969249,1.0583035449907642e-14,2.902515876585321e-12,1.9617078818828994e-35
2897,5,5,0.9869700129186016,5.098849368640087e-05,0.0009427435041523706,2.453283330186143e-07,3.5923419232920136e-05,0.9869700129186016,0.012000086335993723
2899,2,2,0.9860257727525652,3.822372337919574e-06,0.9860257727525652,0.005044855168085438,4.952170443929817e-06,0.008920597536567643,2.313675074477703e-23
2902,1,1,0.999997196132148,0.999997196132148,1.50754001868052e-11,7.639550129814755e-09,1.7139983001688768e-10,2.7960418267852316e-06,7.251332637386856e-34
2905,2,2,0.9860032149013559,3.829698216547633e-06,0.9860032149013559,0.005025854303537035,4.965254520550861e-06,0.008962135842369922,2.3689111613046895e-23
2906,5,5,0.9871264189498863,5.090343973024838e-05,0.0009435225971469498,2.445757302741479e-07,3.592114461299429e-05,0.9871264189498863,0.011842989292893328
2907,3,3,0.9999999999969187,1.62300759812767e-13,5.218421952439505e-21,0.9999999999969187,1.061072879164576e-14,2.908383277874907e-12,1.969792715999663e-35
2908,3,3,0.999999999996922,1.618915443701881e-13,5.201560711720905e-21,0.999999999996922,1.05756342476227e-14,2.90553266191139e-12,1.9741520568207817e-35
2909,4,4,0.9999362038300733,1.869379216136586e-05,7.994805203441385e-07,2.5933135036858042e-05,0.9999362038300733,1.8369762208178697e-05,4.377968671631588e-22
2911,5,5,0.9869834316785703,5.093433947584312e-05,0.000938088409946072,2.4480455551320474e-07,3.591501947539586e-05,0.9869834316785703,0.011991385747976955
2913,5,5,0.9871252703875585,5.097871479297734e-05,0.0009483889397665639,2.4567077385674963e-07,3.5948280337442376e-05,0.9871252703875585,0.01183916800677061
2915,1,1,0.9999972022540039,0.9999972022540039,1.505518393097229e-11,7.60551160073605e-09,1.7076912374448844e-10,2.7899546601466716e-06,7.251373646456805e-34
2916,3,3,0.9999999999968984,1.6378905738466035e-13,5.276941274176729e-21,0.9999999999968984,1.0701149723301493e-14,2.9272330432281175e-12,1.9865483235201435e-35
2917,1,1,0.9999971948797406,0.9999971948797406,1.5096386856503376e-11,7.639548596250272e-09,1.7144826277266675e-10,2.797294166200947e-06,7.2578504252144834e-34
2918,2,2,0.9859771033399047,3.841858182132309e-06,0.9859771033399047,0.005074296567774797,4.971623077327214e-06,0.008939786611060992,2.314979104175252e-23
2922,2,2,0.9859709536306351,3.8423160311767485e-06,0.9859709536306351,0.005077720832961342,4.973176524193749e-06,0.008942510043848243,2.3121077426398394e-23
2923,4,4,0.9999362236861002,1.867803827785884e-05,7.982197004471631e-07,2.5949124547371604e-05,0.9999362236861002,1.8350931374068837e-05,4.369002976034478e-22
2924,3,3,0.9999999999969148,1.62784884516817e-13,5.229437773644682e-21,0.9999999999969148,1.0624599481926239e-14,2.9118167948729308e-12,1.9689033547721322e-35
2925,1,1,0.9999971993954881,0.9999971993954881,1.5063422387402358e-11,7.623604811987673e-09,1.7108645603457925e-10,2.792794757175649e-06,7.244473743269858e-34
2926,6,6,0.9676700872959232,0.005859921362025791,0.005855620115028696,0.007278420268111175,4.8081641715650225e-05,0.013287869317195491,0.9676700872959232
2927,2,2,0.9858897376657426,3.874145127525947e-06,0.9858897376657426,0.005113959990183842,5.008953689176471e-06,0.008987419245256995,2.346297322574353e-23
2929,1,1,0.9999971953895728,0.9999971953895728,1.5124478298922037e-11,7.631318231494245e-09,1.7142564684815481e-10,2.796792558829976e-06,7.334650569494104e-34
2930,2,2,0.9859879151292232,3.833668848196148e-06,0.9859879151292232,0.005065481474317643,4.966962294515853e-06,0.00893780276531658,2.315781904958908e-23
2931,5,5,0.9871091036814996,5.1025108960733394e-05,0.0009385109489313316,2.4602245946088836e-07,3.5954245617304234e-05,0.9871091036814996,0.011865159992531646
2932,3,3,0.9999999999969286,1.618297439180192e-13,5.194787138337555e-21,0.9999999999969286,1.0579899106203586e-14,2.899067410858803e-12,1.9585988038223818e-35
2934,4,4,0.9999362611118888,1.8680959984300065e-05,7.985541515268385e-07,2.5907198783126906e-05,0.9999362611118888,1.83521751922802e-05,4.365637820409361e-22
2935,5,5,0.9870099537363318,5.091525123829289e-05,0.0009404521615682032,2.446092816396604e-07,3.5926603949098856e-05,0.9870099537363318,0.011962507637630931
2937,6,6,0.9668866740731412,0.006002627742152943,0.005990726812280096,0.007444452954024218,4.934732757923041e-05,0.013626171090822403,0.9668866740731412
2939,4,4,0.9999361839481595,1.8709050679254877e-05,7.982885679928721e-07,2.594496857990665e-05,0.9999361839481595,1.8363744013320507e-05,4.368595142175936e-22
2940,1,1,0.9999971993865049,0.9999971993865049,1.5065094638108984e-11,7.616323022839465e-09,1.7104459647156282e-10,2.792811062452573e-06,7.246887193878561e-34
2941,2,2,0.9858794750061421,3.872673653830522e-06,0.9858794750061421,0.0051172430208116714,5.013766724078687e-06,0.008994395532668275,2.348740132993685e-23
2942,2,2,0.9859786041601326,3.839802763028636e-06,0.9859786041601326,0.005074304418449952,4.970865139861125e-06,0.008938280753514658,2.307909137586031e-23
2944,4,4,0.9999362266563596,1.8691621013906604e-05,7.983914225694138e-07,2.592757836736248e-05,0.9999362266563596,1.8355752836645603e-05,4.367296513096704e-22
2945,2,2,0.9859578277126549,3.84386012955034e-06,0.9859578277126549,0.005087324753425928,4.977239574068902e-06,0.008946026434215573,2.311308302592235e-23
2946,2,2,0.9859122574424146,3.865839202827077e-06,0.9859122574424146,0.005102606063414746,5.001196214779228e-06,0.008976269458752996,2.3378412632599635e-23
2947,4,4,0.9999328062437677,1.9642262841379734e-05,8.413432674747872e-07,2.732922892114766e-05,0.9999328062437677,1.9380921202315222e-05,4.916050793730179e-22
2949,6,6,0.9677104808660055,0.0058566465945899815,0.0058507344762706625,0.0072612397692954815,4.8026558398519403e-05,0.013272871735439827,0.9677104808660055
2950,6,6,0.9658686923379861,0.00622411580690854,0.006144920136701317,0.0076767366292416735,5.0805453331854524e-05,0.014034729635830525,0.9658686923379861
2951,4,4,0.999929516887973,2.0221824293648195e-05,8.457786938539098e-07,2.9325324302794923e-05,0.999929516887973,2.009018473670537e-05,4.965050013381869e-22
2952,5,5,0.9869339650040396,5.087581141990059e-05,0.0009404938346423202,2.4400663018121055e-07,3.589334628991878e-05,0.9869339650040396,0.012038527996977999
2953,2,2,0.985829497922315,3.904270783666254e-06,0.985829497922315,0.005135261702299,5.040432203920896e-06,0.009026295672398323,2.3866632774756914e-23
2955,4,4,0.999936190311172,1.86906073579975e-05,7.980695902971558e-07,2.5960038962342357e-05,0.999936190311172,1.8360972917410556e-05,4.362948707663772e-22
2956,5,5,0.9871777137200701,5.094057674435513e-05,0.0009401589338917678,2.45659019450061e-07,3.593976873674703e-05,0.9871777137200701,0.011795001341537594
2957,1,1,0.9999971960232856,0.9999971960232856,1.5094092561109467e-11,7.636198274156749e-09,1.7129708062049523e-10,2.796154125067331e-06,7.275368932187048e-34
2958,4,4,0.9999361845979347,1.8690342512659855e-05,7.981904053915012e-07,2.5967969489555575e-05,0.9999361845979347,1.8358899657769702e-05,4.37655659132421e-22
2959,6,6,0.9673419233626673,0.0059253040164512615,0.005916055279864371,0.007341812990920903,4.859512737582341e-05,0.013426309222720407,0.9673419233626673
2960,5,5,0.9870785226650465,5.104079043491386e-05,0.000938741051224961,2.448543750748053e-07,3.591684575099348e-05,0.9870785226650465,0.011895533793167528
2961,2,2,0.9860170491689024,3.82329388109591e-06,0.9860170491689024,0.005025810446337393,4.957510710022424e-06,0.00894835958016901,2.3568116050819893e-23
2962,4,4,0.9999361347687193,1.8707621136751082e-05,7.998327035364214e-07,2.5975871767021263e-05,0.9999361347687193,1.838190567340524e-05,4.381107203497593e-22
2964,5,5,0.9880522196298464,5.209267301248005e-05,0.0009246165399618748,2.6211289047290655e-07,3.635325660575484e-05,0.9880522196298464,0.010934455787682991
2967,2,2,0.9858954346880818,3.877581615965007e-06,0.9858954346880818,0.005113983209107315,5.0096815064698315e-06,0.00898169483968845,2.3456745800645857e-23
2968,4,4,0.9999343679122465,1.90358092795716e-05,8.056766016044641e-07,2.701766049605315e-05,0.9999343679122465,1.8772941376179604e-05,4.46304096653876e-22
2970,2,2,0.986028472472197,3.8207349231441416e-06,0.986028472472197,0.005043723458980169,4.951733708300087e-06,0.008919031600191415,2.312251062589856e-23
2971,1,1,0.9999972014676374,0.9999972014676374,1.5059607317665463e-11,7.609666752380793e-09,1.7083418296542539e-10,2.7907368020012436e-06,7.244642867491943e-34
2972,2,2,0.9860275778450659,3.819917740908043e-06,0.9860275778450659,0.005045704579676383,4.951096964086938e-06,0.008917946560552805,2.3095068960886568e-23
2974,4,4,0.9999362509105626,1.869187980660488e-05,7.991433197313031e-07,2.5900856508133233e-05,0.9999362509105626,1.8357209802926572e-05,4.375913578773809e-22
2976,4,4,0.9999362234840916,1.8697161830376496e-05,7.98445319930235e-07,2.5922333045427723e-05,0.9999362234840916,1.8358575712668696e-05,4.364525526342909e-22
2977,4,4,0.9999359572348933,1.8760127409756878e-05,8.031388674727125e-07,2.6035142351757827e-05,0.9999359572348933,1.8444356477814923e-05,4.424154851465918e-22
2978,3,3,0.9999999999969207,1.6222843498768477e-13,5.215294089826744e-21,0.9999999999969207,1.0612784189105947e-14,2.9064022867274193e-12,1.9660975514176602e-35
2980,6,6,0.9653636128177245,0.006291889297412665,0.006241123404503997,0.007807495029823266,5.169932253959204e-05,0.014244180127995963,0.9653636128177245
2982,5,5,0.9869413863321129,5.08727327911987e-05,0.0009395631990321814,2.4433745407796563e-07,3.589793964181095e-05,0.9869413863321129,0.01203203545896783
2983,5,5,0.9871038917837013,5.080579088427554e-05,0.0009397675508252286,2.4486439736267865e-07,3.587708739430866e-05,0.9871038917837013,0.011869412922797548
2985,6,6,0.9671128204266315,0.00597408791862017,0.005934061932151313,0.0074188845604544595,4.892872325094958e-05,0.013511216438891721,0.9671128204266315
2986,3,3,0.9999999999969256,1.6193946170191713e-13,5.202613134344827e-21,0.9999999999969256,1.0587627289180421e-14,2.9018759626013315e-12,1.963080773006262e-35
2987,2,2,0.9859238074110949,3.8700483087284624e-06,0.9859238074110949,0.00508126092930593,5.00280347946221e-06,0.008986058807811071,2.4155660562592638e-23
2988,3,3,0.9999999999969291,1.6170506629569422e-13,5.1940053602750646e-21,0.9999999999969291,1.0565090188190851e-14,2.8986218138183452e-12,1.9581152359527028e-35
2989,4,4,0.9999362157958877,1.8690118442321396e-05,7.988440597985039e-07,2.593319472929207e-05,0.9999362157958877,1.8362046880868814e-05,4.372648968110122e-22
2992,3,3,0.9999999999969232,1.6203399618137786e-13,5.202931849715024e-21,0.9999999999969232,1.0579869479470263e-14,2.904280735233068e-12,1.966414034685186e-35
2994,3,3,0.9999999999969292,1.6172456947030291e-13,5.1926057884583956e-21,0.9999999999969292,1.0567304688443616e-14,2.89851046829341e-12,1.959000459382931e-35
2995,1,1,0.9999971984595677,0.9999971984595677,1.5073078882675975e-11,7.621328761763629e-09,1.7115654589015635e-10,2.7937328739478084e-06,7.25687136817723e-34
2997,2,2,0.9859381422407775,3.86330623491505e-06,0.9859381422407775,0.005091583185261292,4.996153673548419e-06,0.008961415114052837,2.3421869932020148e-23
2998,3,3,0.9999999999969217,1.6208388028242143e-13,5.208697514009738e-21,0.9999999999969217,1.0592569875745883e-14,2.9056760357953657e-12,1.9675499851124132e-35
2999,2,2,0.9858565694779357,3.901114768771923e-06,0.9858565694779357,0.005108599524644974,5.026022182928252e-06,0.009025903860467739,2.4524319763382936e-23
3000,2,2,0.9860183714735634,3.820537457121045e-06,0.9860183714735634,0.005033237871381157,4.955039150521891e-06,0.008939615078447908,2.3445561291848005e-23
3001,2,2,0.985971012966442,3.840920165015959e-06,0.985971012966442,0.005072857716751862,4.97391081587782e-06,0.008947314485825345,2.316395886307859e-23
3002,2,2,0.9859880530264995,3.840111554340488e-06,0.9859880530264995,0.005068795187860219,4.970238791768435e-06,0.008934341435294342,2.3230915192721972e-23
3005,4,4,0.9999361474419236,1.872494346448649e-05,7.997692031844074e-07,2.5946716519956864e-05,0.9999361474419236,1.8381128888708275e-05,4.393851283486212e-22
3007,2,2,0.9860489754686812,3.8133901465835267e-06,0.9860489754686812,0.00502592931502734,4.944660406021978e-06,0.008916337165738957,2.325175457313711e-23
3008,3,3,0.9999999999969225,1.6209047798264632e-13,5.206439719446853e-21,0.9999999999969225,1.0584114794473228e-14,2.9048996317813144e-12,1.9664784231511041e-35
3009,3,3,0.9999999999969202,1.6193879694159789e-13,5.2089856730360975e-21,0.9999999999969202,1.0587182794912118e-14,2.907217085171816e-12,1.9761953106117054e-35
3010,1,1,0.9999971999424788,0.9999971999424788,1.5058871661812485e-11,7.618998134734473e-09,1.7103135184134953e-10,2.7922524330218387e-06,7.237275891772958e-34
3014,1,1,0.9999971956527036,0.9999971956527036,1.5112513874341805e-11,7.632391701094356e-09,1.7136215661357422e-10,2.796528430066254e-06,7.306896866957623e-34
3016,1,1,0.9999972019966463,0.9999972019966463,1.505589184528422e-11,7.598441697388485e-09,1.7074265904817266e-10,2.790219113575146e-06,7.23523849874179e-34
3021,2,2,0.9859492883182902,3.853443449514029e-06,0.9859492883182902,0.005089184199077034,4.985526218134163e-06,0.008952688512965174,2.3160766125133283e-23
3022,5,5,0.9879724725318281,5.099527505597266e-05,0.0009641064372147099,2.512966953299065e-07,3.611486277328773e-05,0.9879724725318281,0.010976059596432705
3023,4,4,0.9999361775364978,1.871121386111387e-05,7.997955782013534e-07,2.5928126638723874e-05,0.9999361775364978,1.8383327424260573e-05,4.3864038987073175e-22
3024,3,3,0.9999999999969238,1.6211236008864886e-13,5.207070466780409e-21,0.9999999999969238,1.0590962382834725e-14,2.9036162878694633e-12,1.9635692900505174e-35
3026,4,4,0.9999361295026148,1.8721610962866998e-05,8.009293148508657e-07,2.5951378256941058e-05,0.9999361295026148,1.8396578850537627e-05,4.397636883274056e-22
3027,3,3,0.9999999999969319,1.6160002636672941e-13,5.185611271595433e-21,0.9999999999969319,1.0559475379185056e-14,2.8958627545958592e-12,1.9564312768405948e-35
3028,3,3,0.9999999999969229,1.6225283448242674e-13,5.2081189968854536e-21,0.9999999999969229,1.0589832429433141e-14,2.904380565623375e-12,1.9641816539505493e-35
3029,4,4,0.9999362239278218,1.869129700182188e-05,7.990548176711686e-07,2.5924899320398046e-05,0.9999362239278218,1.836082103832098e-05,4.373014217844988e-22
3030,3,3,0.9999999999969227,1.621140360026598e-13,5.208859767229581e-21,0.9999999999969227,1.0594671474392777e-14,2.904627756138966e-12,1.9646533388670684e-35
3031,5,5,0.9870751949609916,5.1101022722763074e-05,0.0009366285027384085,2.4725804984076625e-07,3.5976058777323194e-05,0.9870751949609916,0.011900852196720194
3032,5,5,0.986960750907783,5.086013946975836e-05,0.0009389151056665636,2.442823386400408e-07,3.58920415897843e-05,0.986960750907783,0.012013337523152347
3034,4,4,0.9999362399974305,1.8698455067945216e-05,7.985785888995628e-07,2.590617012410661e-05,0.9999362399974305,1.8356798788425882e-05,4.366899474415873e-22
3035,2,2,0.9858542666689173,3.90149246390984e-06,0.9858542666689173,0.0050346170850642195,5.043370569089409e-06,0.009102171382985474,2.607208611619102e-23
3036,5,5,0.9870898002244367,5.0767044928605273e-05,0.0009463099915346959,2.4441233863181147e-07,3.589305700903952e-05,0.9870898002244367,0.011876985269752408
3037,1,1,0.9999971891270291,0.9999971891270291,1.5136815065340136e-11,7.654856270338688e-09,1.7184888941051434e-10,2.8030311289506724e-06,7.296766363130794e-34
3038,1,1,0.9999971988793869,0.9999971988793869,1.509068548325199e-11,7.621451117154011e-09,1.7115805582913834e-10,2.793312913227293e-06,7.288222890477867e-34
3041,5,5,0.987028700454003,5.0854311459916944e-05,0.0009441193468665308,2.4372119016417853e-07,3.5865002848247235e-05,0.987028700454003,0.011940217163632218
3042,4,4,0.9999362136415263,1.8698893867041284e-05,7.984140799070933e-07,2.59263539743618e-05,0.9999362136415263,1.8362696552401236e-05,4.363188459997947e-22
3043,1,1,0.9999971975038906,0.9999971975038906,1.506773680525863e-11,7.624205469289175e-09,1.712037768726288e-10,2.7946856323665362e-06,7.241737672052065e-34
3045,1,1,0.9999971955751703,0.9999971955751703,1.5079869779260973e-11,7.630674815398458e-09,1.7128975076911753e-10,2.7966077852272943e-06,7.257039314508292e-34
3047,4,4,0.9999361370780497,1.8706275021766825e-05,7.998295357646901e-07,2.597258435565619e-05,0.9999361370780497,1.8384233037086815e-05,4.3874816159866905e-22
3049,1,1,0.999997198170535,0.999997198170535,1.5082455890232636e-11,7.626624234964736e-09,1.7122253300682032e-10,2.794016535778108e-06,7.256037294895546e-34
3053,6,6,0.9670907282769159,0.005972038009518745,0.005957216976642655,0.007406514765812663,4.8996044618721976e-05,0.013524505926491338,0.9670907282769159
3055,3,3,0.9999999999969255,1.6196375315736397e-13,5.201194078123784e-21,0.9999999999969255,1.057927134858763e-14,2.9020315165123975e-12,1.9622758394768882e-35
3056,2,2,0.985852601031214,3.874801845742977e-06,0.985852601031214,0.005087496842809401,5.02059933581647e-06,0.009051006724795035,2.4355540766908253e-23
3058,5,5,0.9873892149188576,5.110492737358634e-05,0.0009355778132348137,2.4953731616483717e-07,3.6011836498171205e-05,0.9873892149188576,0.011587840966719725
3059,1,1,0.9999972004184288,0.9999972004184288,1.5055178853038827e-11,7.616415035410729e-09,1.7097638421532002e-10,2.791779124634376e-06,7.232996435677516e-34
3060,3,3,0.9999999999969169,1.6222894482226213e-13,5.219581207779885e-21,0.9999999999969169,1.0607298542673485e-14,2.910226936342881e-12,1.9746625850382455e-35
3061,4,4,0.9999361324151125,1.8710835570436655e-05,7.988564482416228e-07,2.5980103788900284e-05,0.9999361324151125,1.8377789080092903e-05,4.38415264792395e-22
3062,5,5,0.987022399920986,5.085601901733241e-05,0.0009376603742040331,2.450018952728651e-07,3.588264076649449e-05,0.987022399920986,0.011952956043131036
3069,1,1,0.9999971956047075,0.9999971956047075,1.509206473849235e-11,7.634880189631705e-09,1.714091197765762e-10,2.7965739111754065e-06,7.269114311462598e-34
3070,4,4,0.9999362634577118,1.8682969903057596e-05,7.982803651728492e-07,2.590540793911131e-05,0.9999362634577118,1.8349884080846718e-05,4.375754047036567e-22
3071,4,4,0.9999361235733852,1.871881404958588e-05,7.988995857872302e-07,2.5982619318327056e-05,0.9999361235733852,1.8376093661080493e-05,4.378036000187589e-22
3073,2,2,0.9860053584454639,3.823386932086128e-06,0.9860053584454639,0.00504637433733873,4.95630619945412e-06,0.008939487524065958,2.336057671065073e-23
3074,4,4,0.9999362715157839,1.8676848053906666e-05,7.988255278726585e-07,2.590069378491181e-05,0.9999362715157839,1.8352116849447168e-05,4.375532860799251e-22
3076,5,5,0.9869897649723098,5.0810528694745525e-05,0.0009430652519208442,2.4359459510775214e-07,3.587786714800864e-05,0.9869897649723098,0.011980237785331405
3077,3,3,0.9999999999969283,1.6176696406676002e-13,5.191289613091206e-21,0.9999999999969283,1.0568255649368075e-14,2.8993653874750272e-12,1.9624145948239053e-35
3078,6,6,0.9676584668280784,0.005865058174760734,0.005862187408214466,0.007272342071358376,4.8099659511333154e-05,0.013293845858076636,0.9676584668280784
3079,3,3,0.9999999999969253,1.6186951212146815e-13,5.2011924622066694e-21,0.9999999999969253,1.0575631644963967e-14,2.902237917044906e-12,1.962987616600686e-35
3080,4,4,0.9999362235063283,1.8683052977723707e-05,7.977440420222063e-07,2.594467162108625e-05,0.9999362235063283,1.8351025030881425e-05,4.360015349157628e-22
3081,4,4,0.9999362474430521,1.868865577787462e-05,7.98503804141144e-07,2.5910862519394493e-05,0.9999362474430521,1.8354534846419538e-05,4.365872865262168e-22
3082,1,1,0.9999971929901689,0.9999971929901689,1.5139014737374442e-11,7.643375850372333e-09,1.7155647507106442e-10,2.7991797598280672e-06,7.335238417248015e-34
3083,6,6,0.9666700738252811,0.006027705913367617,0.006010011511050339,0.007549881168601159,4.9589434305672117e-05,0.013692738147394114,0.9666700738252811
3084,3,3,0.99999999999692,1.622989851799975e-13,5.217543795792858e-21,0.99999999999692,1.0606042624248315e-14,2.907062349713151e-12,1.966208464758851e-35
3085,3,3,0.9999999999969144,1.626865299820194e-13,5.231785445509204e-21,0.9999999999969144,1.0620558945420577e-14,2.912291926955451e-12,1.9729153929237364e-35
3086,3,3,0.9999999999969102,1.6297571972016268e-13,5.24439061085242e-21,0.9999999999969102,1.064605430761649e-14,2.916070577962443e-12,1.9753855474696325e-35
3087,4,4,0.9999362229721224,1.868571101512677e-05,7.979614504052826e-07,2.5940971791073612e-05,0.9999362229721224,1.835238362104658e-05,4.364186319218317e-22
3088,5,5,0.9869975741501069,5.0749633416936935e-05,0.0009405169866194477,2.43732010111413e-07,3.5854557535487876e-05,0.9869975741501069,0.011975060940311104
3090,1,1,0.9999972029114447,0.9999972029114447,1.5055770908195472e-11,7.603589755058243e-09,1.7073014233318536e-10,2.789299179767705e-06,7.2576447058887055e-34
3091,4,4,0.99993629010639,1.8678812842448088e-05,7.988348003519822e-07,2.588457496864125e-05,0.99993629010639,1.8347670998649655e-05,4.381428526321253e-22
3092,3,3,0.9999999999969257,1.6188756673559058e-13,5.20164345723378e-21,0.9999999999969257,1.0578676967706108e-14,2.9019332686698386e-12,1.9638584011453772e-35
3093,3,3,0.9999999999969255,1.6190495310492187e-13,5.196995998864351e-21,0.9999999999969255,1.057299069054688e-14,2.902158673655333e-12,1.9658087030066662e-35
3095,5,5,0.9870046090244983,5.078028794971169e-05,0.0009402484596350182,2.4437111224099683e-07,3.586866868325777e-05,0.9870046090244983,0.01196824918812146
3097,1,1,0.9999971935067421,0.9999971935067421,1.5110437196147032e-11,7.642397014745802e-09,1.715495564982509e-10,2.7986642008339574e-06,7.2786062463753165e-34
3098,1,1,0.9999971974712448,0.9999971974712448,1.508601430243474e-11,7.624795992538985e-09,1.7117566869632964e-10,2.7947176975242632e-06,7.267768389329383e-34
3099,5,5,0.9869599708811653,5.08380641271529e-05,0.0009381660887776501,2.440740264859065e-07,3.5872890437574686e-05,0.9869599708811653,0.012014908001465917
3100,5,5,0.9869406872406814,5.082609374179882e-05,0.0009401860375535996,2.4381804378609884e-07,3.587783540455453e-05,0.9869406872406814,0.012032178974574875
3102,6,6,0.9674573064444462,0.005891646548160796,0.005887221931995462,0.007331495939538451,4.8377996924721385e-05,0.013383951138934405,0.9674573064444462
3103,6,6,0.9671953805140006,0.005945592294401445,0.005935304480098698,0.007382368481886034,4.891837915187525e-05,0.013492435850461344,0.9671953805140006
3104,2,2,0.9859748781273132,3.851909765619905e-06,0.9859748781273132,0.005049061753033959,4.981488771975522e-06,0.008967226721115384,2.3780085952770098e-23
3108,5,5,0.9869671317079931,5.089439559153973e-05,0.0009475868902810357,2.447031541357805e-07,3.591949256087447e-05,0.9869671317079931,0.011998222810419387
3109,5,5,0.9871351048461802,5.097169810663759e-05,0.0009378884056484984,2.458143443343375e-07,3.593884326585102e-05,0.9871351048461802,0.011839850392454568
3111,5,5,0.9871454671820992,5.101871559090221e-05,0.0009402955540828347,2.448047900674583e-07,3.5916256477538114e-05,0.9871454671820992,0.011827057486959475
3112,4,4,0.9999361421456529,1.8689569239456617e-05,7.987674625391705e-07,2.5996879640205626e-05,0.9999361421456529,1.8372638004918312e-05,4.381340189626733e-22
3113,1,1,0.9999971971047303,0.9999971971047303,1.5076342460141097e-11,7.627183968743353e-09,1.7119333944039654e-10,2.7950818159154333e-06,7.242733819537967e-34
3114,5,5,0.9870342029253997,5.083307038345405e-05,0.0009390130060439651,2.444251389236573e-07,3.5880573734016976e-05,0.9870342029253997,0.011939825999299995
3115,2,2,0.9859711589256833,3.845742765165231e-06,0.9859711589256833,0.005070299218088155,4.978647854782227e-06,0.008949717465608749,2.336607071492506e-23
3116,2,2,0.9859551735368939,3.8526015836306225e-06,0.9859551735368939,0.005083912364801455,4.985391345320866e-06,0.008952076105375791,2.3188445431964613e-23
3117,4,4,0.9999361842607325,1.8689890581106e-05,7.984448539460831e-07,2.5960299270943065e-05,0.9999361842607325,1.8367104561509267e-05,4.374043694881606e-22
3119,4,4,0.9999361013976275,1.870854702540731e-05,7.986343375266711e-07,2.6008208423538965e-05,0.9999361013976275,1.838321258608235e-05,4.372291380237237e-22
3120,5,5,0.9873466370294779,5.1100930707932464e-05,0.0009420294040481905,2.5128066372340693e-07,3.605134495709867e-05,0.9873466370294779,0.01162393001014517
3121,1,1,0.9999971990511233,0.9999971990511233,1.5083286370657343e-11,7.617926104034003e-09,1.7104125443329644e-10,2.7931448261328683e-06,7.276013074211086e-34
3122,6,6,0.9675305797130996,0.005879253998813028,0.005876359772815063,0.00732153217204039,4.832449727300981e-05,0.013343949845958932,0.9675305797130996
3124,3,3,0.9999999999969217,1.6214637148651064e-13,5.208340880623774e-21,0.9999999999969217,1.0584794620068524e-14,2.90572062364491e-12,1.9702456251946603e-35
3126,6,6,0.9676669665343496,0.005855396184600345,0.005863352413060317,0.007273160245686976,4.8116408103686923e-05,0.013293008214199147,0.9676669665343496
3127,3,3,0.9999999999969262,1.6194935236709222e-13,5.197164602734735e-21,0.9999999999969262,1.0576255727587646e-14,2.9013014553414338e-12,1.9635708492351026e-35
3130,1,1,0.9999971925605686,0.9999971925605686,1.5116815711183746e-11,7.636064706567492e-09,1.7148121100547073e-10,2.799616768799714e-06,7.2895526422278715e-34
3132,3,3,0.9999999999969289,1.6163900757955042e-13,5.189331413671575e-21,0.9999999999969289,1.0564896118440943e-14,2.898858807259001e-12,1.9610650556967914e-35
3135,3,3,0.9999999999969265,1.6191112717050888e-13,5.19876320578068e-21,0.9999999999969265,1.0570826398133589e-14,2.9010800000094423e-12,1.9618922397138924e-35
3136,6,6,0.9675294878906776,0.005882986032029043,0.005884642001014825,0.007307744642492052,4.8319649864136465e-05,0.013346819783922322,0.9675294878906776
3139,2,2,0.9859785416597739,3.842043641061577e-06,0.9859785416597739,0.005071171551690759,4.973001828896014e-06,0.008941471743065359,2.3131489707112015e-23
3140,1,1,0.9999971926939459,0.9999971926939459,1.5120178599721148e-11,7.641794039091368e-09,1.7158363107357335e-10,2.799477556203933e-06,7.292238131065485e-34
3141,5,5,0.987017395495257,5.078873008737326e-05,0.0009427261134937876,2.434552042061357e-07,3.587987612121921e-05,0.987017395495257,0.011952966329836402
3142,4,4,0.99993622171453,1.8698329453033474e-05,7.988190665577345e-07,2.591890225200598e-05,0.99993622171453,1.8362234698392548e-05,4.373183117651634e-22
3143,1,1,0.9999971864508947,0.9999971864508947,1.5215616472882942e-11,7.664729531044048e-09,1.7210016649197132e-10,2.8056970600347796e-06,7.501103377727052e-34
3145,1,1,0.9999971570896978,0.9999971570896978,1.54962038607204e-11,7.784053878392272e-09,1.745657602175745e-10,2.834936186384424e-06,7.943041987262091e-34
3147,4,4,0.9999360933457492,1.8707304326721317e-05,7.991641241682276e-07,2.60106289768068e-05,0.9999360933457492,1.8389556823068854e-05,4.388086519190555e-22
3149,1,1,0.999997198700122,0.999997198700122,1.5093531579008747e-11,7.61982587146442e-09,1.7126535576287808e-10,2.793493693238503e-06,7.284344204170403e-34
3150,3,3,0.9999999999969154,1.6257809122374581e-13,5.227216433906952e-21,0.9999999999969154,1.0618915629594063e-14,2.9114950447408493e-12,1.9702140272451264e-35
3152,3,3,0.99999999999693,1.6166508825801182e-13,5.186834521909264e-21,0.99999999999693,1.0558740004147923e-14,2.8977444427089904e-12,1.9594712297989072e-35
3153,5,5,0.9915123073965051,5.23611256266603e-05,0.0010793096182472697,2.91018984552931e-07,3.729105459984565e-05,0.9915123073965051,0.007318439786036587
3154,2,2,0.9860084423653205,3.828037284413841e-06,0.9860084423653205,0.005057673369611511,4.9586279278074295e-06,0.008925097599855814,2.3074526691464717e-23
3155,3,3,0.9999999999969214,1.6219158009911787e-13,5.214137851104033e-21,0.9999999999969214,1.0605876738058576e-14,2.905760601674475e-12,1.9647318999395076e-35
3156,5,5,0.9870223506193925,5.07981685481564e-05,0.0009414040532987463,2.4460105271761066e-07,3.588152290802883e-05,0.9870223506193925,0.011949321034799844
3157,5,5,0.9870728146695253,5.079835013126777e-05,0.0009443376672077249,2.443488744813225e-07,3.589659061235336e-05,0.9870728146695253,0.01189590837364883
3161,2,2,0.9859514211762644,3.853335293581646e-06,0.9859514211762644,0.005086753445766993,4.9845430717876885e-06,0.00895298749960315,2.3229556509110921e-23
3163,4,4,0.9999362221926703,1.8688025176365148e-05,7.987477359103236e-07,2.5931005855339806e-05,0.9999362221926703,1.8360028562098315e-05,4.3689045526060975e-22
3164,5,5,0.9869588328030241,5.084795638592262e-05,0.0009390077061416193,2.440355711477489e-07,3.589189820639992e-05,0.9869588328030241,0.012015175600670747
3165,4,4,0.9999361887513198,1.8711156264413946e-05,7.984725890223287e-07,2.593464133760779e-05,0.9999361887513198,1.8366978489140794e-05,4.362102703978567e-22
3167,2,2,0.9854003160211245,4.120902993415186e-06,0.9854003160211245,0.005256010177776383,5.2498677768252256e-06,0.009334303030328828,3.028962805280814e-23
3168,3,3,0.9999999999969232,1.6198629243156105e-13,5.201003567048597e-21,0.9999999999969232,1.0576486010252591e-14,2.9042163669269885e-12,1.9687630085839083e-35
3169,4,4,0.9999362403271963,1.8699593842476283e-05,7.992186315442066e-07,2.589946329657697e-05,0.9999362403271963,1.8361397033181793e-05,4.370622811616822e-22
3171,5,5,0.9869435372214893,5.091187741362771e-05,0.0009410924707574546,2.441463739705283e-07,3.591528801129833e-05,0.9869435372214893,0.012028298995954362
3172,5,5,0.9870236282699856,5.0949653793033034e-05,0.0009397587832648505,2.446970399103198e-07,3.591422620891734e-05,0.9870236282699856,0.011949504369707759
3173,1,1,0.9999971992747473,0.9999971992747473,1.5066436965091347e-11,7.61983138970468e-09,1.710673900788122e-10,2.7929192875518735e-06,7.233050138152051e-34
3174,5,5,0.9871184352714433,5.103715028921498e-05,0.000943775716552592,2.4793029343314314e-07,3.598784746698729e-05,0.9871184352714433,0.01185051608395446
3175,5,5,0.9871462084792554,5.0973906905890996e-05,0.0009414547647847141,2.450450889084874e-07,3.592794148803862e-05,0.9871462084792554,0.01182518986247709
3176,4,4,0.999935737981903,1.8788632673631855e-05,8.060149325141283e-07,2.6156123227502907e-05,0.999935737981903,1.8511247263365696e-05,4.434321998590174e-22
3177,6,6,0.9672744025730988,0.005936952003218668,0.005909353985234437,0.007379222475433124,4.8738572362431633e-05,0.013451330390652572,0.9672744025730988
3178,3,3,0.9999999999969104,1.62838761949349e-13,5.2423734750346955e-21,0.9999999999969104,1.0634185348067671e-14,2.9161580767426564e-12,1.9785435773490072e-35
3179,2,2,0.9859329700370113,3.8581309410676e-06,0.9859329700370113,0.005096637420878047,4.990547559435988e-06,0.008961543863610111,2.3284524878509877e-23
3184,5,5,0.9870490648403575,5.092415349647302e-05,0.0009386020097180323,2.4471591356455496e-07,3.590329477813719e-05,0.9870490648403575,0.011925260985736416
3186,3,3,0.9999999999968765,1.6475805232341865e-13,5.329612471697882e-21,0.9999999999968765,1.0756844870174206e-14,2.948043374325876e-12,2.0189795856334307e-35
3188,1,1,0.9999971963473536,0.9999971963473536,1.5088989890294953e-11,7.630757535787262e-09,1.7123645259436845e-10,2.795835563390631e-06,7.263503506768985e-34
3189,5,5,0.9872931900240896,5.0931633607474665e-05,0.0009412616444704829,2.469922223458207e-07,3.596243520546818e-05,0.9872931900240896,0.011678407270404758
3190,1,1,0.9999972027576643,0.9999972027576643,1.5052062987916692e-11,7.602259954000118e-09,1.70722293635494e-10,2.789454301375375e-06,7.24506979684713e-34
3191,5,5,0.9870693691426621,5.0962842556962565e-05,0.0009427221748328716,2.4513398596301116e-07,3.592625388676596e-05,0.9870693691426621,0.011900774452075435
3192,6,6,0.966953455058604,0.005981058559204908,0.005980881816875973,0.007437694868643884,4.9185332150174075e-05,0.013597724364521138,0.966953455058604
3193,4,4,0.9999360475803132,1.873924986959499e-05,8.000662520258709e-07,2.6006384085749975e-05,0.9999360475803132,1.840671947955424e-05,4.38598122387827e-22
3194,1,1,0.9999971978439797,0.9999971978439797,1.506494431370198e-11,7.630918919468243e-09,1.7120972356423763e-10,2.7943388268062526e-06,7.242122859354221e-34
3196,3,3,0.9999999999969171,1.6239741780159145e-13,5.2181802512873335e-21,0.9999999999969171,1.0599754279506459e-14,2.909864524978775e-12,1.97269835628372e-35
3198,4,4,0.9999362609593234,1.8678869240120763e-05,7.977352204546096e-07,2.5921086888821172e-05,0.9999362609593234,1.834134932720462e-05,4.366315928045872e-22
3199,2,2,0.985891019900212,3.870422931108958e-06,0.985891019900212,0.005113151499873776,5.008169426614032e-06,0.008986950007556485,2.3464203780640235e-23
3201,5,5,0.98696066950456,5.090634099838397e-05,0.0009386329277473081,2.4435945729857e-07,3.5901594746368854e-05,0.98696066950456,0.012013645272490724
3202,2,2,0.9859203078438776,3.864081538697913e-06,0.9859203078438776,0.005102225552099549,4.995836101239847e-06,0.008968606686382866,2.329748587254869e-23
3203,3,3,0.9999999999969226,1.620765480117301e-13,5.2078255152593676e-21,0.9999999999969226,1.058973720886912e-14,2.904828273261407e-12,1.964339355577654e-35
3204,5,5,0.9870415481963725,5.097929112871138e-05,0.0009361530300508866,2.450539474749617e-07,3.591316752068319e-05,0.9870415481963725,0.011935161260979828
3207,2,2,0.9859145822230647,3.873073871623863e-06,0.9859145822230647,0.005093955497369103,5.005350411931341e-06,0.008982583855282625,2.3668858901559978e-23
3208,4,4,0.9999362086080736,1.8710237895873894e-05,7.993377607500725e-07,2.5910511033943123e-05,0.9999362086080736,1.8371305235756088e-05,4.371303944525481e-22
3210,1,1,0.9999972022612192,0.9999972022612192,1.5045319827349404e-11,7.610815601672922e-09,1.7086905285178918e-10,2.789942050771793e-06,7.228429973320924e-34
3211,4,4,0.999936226691283,1.8700558446088614e-05,7.987482763992523e-07,2.5913093871173273e-05,0.999936226691283,1.8360908123327442e-05,4.3667173042213155e-22
3212,2,2,0.9859865228858795,3.835510202583039e-06,0.9859865228858795,0.005069378353099478,4.968439019220544e-06,0.008935294811799237,2.3115039743612644e-23
3213,1,1,0.9999971996848412,0.9999971996848412,1.5081126624739297e-11,7.621424777148084e-09,1.7105364823583843e-10,2.7925075992566833e-06,7.277626509167714e-34
3214,3,3,0.999999999996892,1.6414648051469576e-13,5.2902585899221744e-21,0.999999999996892,1.0714394354637197e-14,2.9330364930701246e-12,1.990255888683176e-35
3215,6,6,0.9673033019172144,0.005929818101515938,0.00591904171928745,0.007354776879653025,4.866741934638897e-05,0.013444393962982817,0.9673033019172144
3216,3,3,0.999999999996912,1.6279873684717888e-13,5.244077874827922e-21,0.999999999996912,1.065412306530863e-14,2.914506624798293e-12,1.9762322215139186e-35
3217,3,3,0.9999999999969191,1.6226126396273028e-13,5.222306493939545e-21,0.9999999999969191,1.0619026100281625e-14,2.907931749743915e-12,1.971282393464921e-35
3218,2,2,0.9854060068344561,4.056484852419218e-06,0.9854060068344561,0.005339356771214545,5.2573479973708395e-06,0.009245322561479478,2.434067996518111e-23
3220,1,1,0.9999971806304921,0.9999971806304921,1.521748282532899e-11,7.666363946717226e-09,1.7219580515942388e-10,2.8115157306100524e-06,7.4247559762652495e-34
3222,5,5,0.9870590195858738,5.091965910615245e-05,0.0009409673019768373,2.44160923082966e-07,3.5906666725329674e-05,0.9870590195858738,0.01191294262539481
3224,1,1,0.9999971962343073,0.9999971962343073,1.509062865615922e-11,7.623215138914132e-09,1.711973188992939e-10,2.7959561896861304e-06,7.298430250478396e-34
3225,5,5,0.9871139219366952,5.082400531009359e-05,0.0009440320803241701,2.444980152380835e-07,3.591593050741808e-05,0.9871139219366952,0.011855061549147863
3227,2,2,0.9850733485280436,4.120218654012373e-06,0.9850733485280436,0.005272134653009434,5.316588461662734e-06,0.009645080011831212,3.006915759097372e-23
3228,1,1,0.9999971372117221,0.9999971372117221,1.5697472042427036e-11,7.858882387618026e-09,1.7617249330533e-10,2.8547375255086742e-06,8.282639158787107e-34
3232,6,6,0.9676371094986056,0.0058724045127739755,0.005864309272746595,0.007267188369134655,4.8130575335937456e-05,0.013310857771403273,0.9676371094986056
3233,3,3,0.9999999999969162,1.6257988348107957e-13,5.226058960222998e-21,0.9999999999969162,1.0615324414064155e-14,2.910563367197025e-12,1.970273274570376e-35
3234,3,3,0.9999999999969271,1.61802922575581e-13,5.19846666307662e-21,0.9999999999969271,1.0573440057410514e-14,2.9005200363606256e-12,1.9622193381600717e-35
3237,3,3,0.9999999999969251,1.618794462886274e-13,5.200789220836927e-21,0.9999999999969251,1.0579165733696709e-14,2.9024217064957567e-12,1.9643908917946266e-35
3238,5,5,0.9871287430060224,5.075164149450255e-05,0.0009486746891109735,2.4459681559615634e-07,3.589829854955558e-05,0.9871287430060224,0.011835687768007067
3239,4,4,0.9999362162366666,1.8692432903563152e-05,7.988486031944861e-07,2.5930250571656534e-05,0.9999362162366666,1.8362231254945736e-05,4.37068929896505e-22
3240,4,4,0.999936174131441,1.871360921944754e-05,7.987479124560309e-07,2.5941239916051284e-05,0.999936174131441,1.8372271511004742e-05,4.368292967607445e-22
3242,6,6,0.9673259590445803,0.0059259429157046805,0.005920680620998412,0.007346711881886712,4.86237637227632e-05,0.013432081773107172,0.9673259590445803
3243,4,4,0.9999362415709142,1.868460797014297e-05,7.985952264419e-07,2.592209882800419e-05,0.9999362415709142,1.835312706125365e-05,4.369244801214255e-22
3244,2,2,0.9859692456146644,3.846301076738327e-06,0.9859692456146644,0.005075651399325863,4.977626809839777e-06,0.008946279058123223,2.3222699278716876e-23
3245,2,2,0.9859653754249209,3.841582536871197e-06,0.9859653754249209,0.005067372048699714,4.978275282303581e-06,0.008958432668560317,2.354038193804858e-23
3246,5,5,0.9873893839218363,5.08122617735641e-05,0.000956493123852104,2.463835888714458e-07,3.598962741933909e-05,0.9873893839218363,0.011567074681529886
3247,6,6,0.9676498214671636,0.0058608707539405495,0.005865008110561792,0.007271921256633691,4.8133877746539095e-05,0.013304244533953876,0.9676498214671636
3248,1,1,0.9999971998489706,0.9999971998489706,1.5067265142061828e-11,7.617124012665888e-09,1.7103543444049541e-10,2.7923478026940867e-06,7.232082691467389e-34
3249,6,6,0.9669016752917402,0.006020072717954124,0.005977735185163484,0.007443781639899508,4.927792964969578e-05,0.0136074572355931,0.9669016752917402
3250,6,6,0.9669124124219302,0.006005322158519285,0.005973612217925539,0.007459801458107833,4.925618830652683e-05,0.013599595555210623,0.9669124124219302
3251,4,4,0.9999362861270193,1.8670051024499593e-05,7.984106767294261e-07,2.5900804390116825e-05,0.9999362861270193,1.8344606889340444e-05,4.372500130638438e-22
3252,1,1,0.9999971992702543,0.9999971992702543,1.5062038169881347e-11,7.621772246620082e-09,1.7113650787556558e-10,2.7929217748108316e-06,7.226850240166526e-34
3253,5,5,0.9871263346336512,5.081799767682243e-05,0.0009437752893664584,2.4457955377603015e-07,3.590745842667286e-05,0.9871263346336512,0.011842920041325155
3254,5,5,0.986933803944021,5.1158349236216085e-05,0.0009446910524150099,2.4647225033634817e-07,3.598618041869891e-05,0.986933803944021,0.012034114001658776
3255,3,3,0.9999999999969261,1.6190599884405682e-13,5.199093445291548e-21,0.9999999999969261,1.0575673915177851e-14,2.9014284138783264e-12,1.965210598372465e-35
3256,3,3,0.9999999999969238,1.620080484766571e-13,5.2056203296306974e-21,0.9999999999969238,1.057907053999159e-14,2.9036563434506356e-12,1.9645549013695368e-35
3257,1,1,0.9999971969552625,0.9999971969552625,1.510671210056742e-11,7.624946347891112e-09,1.7125419341643776e-10,2.7952334302704384e-06,7.313200683119432e-34
3258,2,2,0.9859800089962852,3.836567005202241e-06,0.9859800089962852,0.005069313883237799,4.972032409678927e-06,0.008941868521062098,2.3265225335089263e-23
3262,5,5,0.9870455514254668,5.071928237772672e-05,0.0009428495577653278,2.438980766760273e-07,3.584638767080301e-05,0.9870455514254668,0.01192478944864278
3263,6,6,0.9677813217820449,0.005839996596182487,0.005843235102729615,0.007245748709344244,4.7929117549287166e-05,0.013241768692149474,0.9677813217820449
3264,6,6,0.9675633489109455,0.00588355300133104,0.005876612268036671,0.0072895762102479665,4.8277127234649065e-05,0.013338632482204115,0.9675633489109455
3267,1,1,0.9999972033707223,0.9999972033707223,1.5038359859279812e-11,7.603739218144989e-09,1.7072954366570476e-10,2.788839770608693e-06,7.212805007849355e-34
3268,1,1,0.999997198139109,0.999997198139109,1.506230115436964e-11,7.625240192255294e-09,1.7115069916579103e-10,2.7940494377631e-06,7.241536448922766e-34
3269,2,2,0.9859611187985875,3.8452509879603495e-06,0.9859611187985875,0.005080978684955812,4.97967193300433e-06,0.008949077593535687,2.310450181971894e-23
3271,2,2,0.9860174427565417,3.824033494404086e-06,0.9860174427565417,0.005047676624840346,4.95545468063117e-06,0.008926101130442983,2.312012532977347e-23
3272,4,4,0.9999361676837702,1.872019818243895e-05,7.992718117185342e-07,2.5935845511865967e-05,0.9999361676837702,1.837700072374507e-05,4.369827928465144e-22
3273,1,1,0.9999971957268039,0.9999971957268039,1.5140289035978315e-11,7.628684602225383e-09,1.7133471269658738e-10,2.7964580364848633e-06,7.382268372684881e-34
3274,5,5,0.987157804626854,5.131189624820445e-05,0.0009368634148382436,2.482663353662114e-07,3.6014762025845844e-05,0.987157804626854,0.01181775703369839
3275,5,5,0.9870503726317146,5.080963135866347e-05,0.0009375230225945028,2.4546477049169635e-07,3.588152053177075e-05,0.9870503726317146,0.011925167729029995
3276,2,2,0.9859808979884999,3.839495394386885e-06,0.9859808979884999,0.005073856074908883,4.9709458523109196e-06,0.008936435495344664,2.3119130191939255e-23
3277,4,4,0.9999361720162268,1.8716006611122736e-05,7.989911682837084e-07,2.5939349526333553e-05,0.9999361720162268,1.8373636467513782e-05,4.373948905654111e-22
3278,2,2,0.9860075681720198,3.823828489178564e-06,0.9860075681720198,0.005060148873984928,4.955876097566252e-06,0.008923503249408429,2.3068973564172206e-23
3279,5,5,0.9869109313639414,5.081936163050412e-05,0.0009422854184495026,2.438377088889927e-07,3.5893170641461766e-05,0.9869109313639414,0.01205982684762832
3280,3,3,0.9999999999969222,1.6208477860208996e-13,5.208332577876129e-21,0.9999999999969222,1.0583691229073805e-14,2.9051467167763732e-12,1.9682062170285765e-35
3281,5,5,0.9869941024604905,5.0945455871027086e-05,0.000938940759098776,2.4525956612044287e-07,3.59202381318382e-05,0.9869941024604905,0.011979845826841792
3283,4,4,0.999936089908406,1.8715471970526998e-05,8.008019368471718e-07,2.5991688278031173e-05,0.999936089908406,1.840212940864723e-05,4.416254607682471e-22
3284,5,5,0.9875934926799246,5.180153109233009e-05,0.0009617671250055995,2.5403736898050024e-07,3.621378666677224e-05,0.9875934926799246,0.011356470839941728
3288,4,4,0.9999362910363553,1.8678634842531347e-05,7.983869183663225e-07,2.588750570479546e-05,0.9999362910363553,1.834443617897753e-05,4.367370543683288e-22
3289,2,2,0.98599758038111,3.828680503336803e-06,0.98599758038111,0.005039263982223603,4.9647238097672615e-06,0.008954362232353418,2.355401295902948e-23
3291,1,1,0.9999971980790078,0.9999971980790078,1.5078286465880794e-11,7.628598651908182e-09,1.7122028539071463e-10,2.7941060950264925e-06,7.25793302386186e-34
3292,2,2,0.98596352887046,3.845822095905972e-06,0.98596352887046,0.005082834981073049,4.9777415068564945e-06,0.008944812584864095,2.310368493710562e-23
3295,5,5,0.9870539098831302,5.105194236713259e-05,0.0009401993010331915,2.4584920921714784e-07,3.5976695346805806e-05,0.9870539098831302,0.011918616328913497
3296,3,3,0.9999999999969176,1.625285813733371e-13,5.21872944654267e-21,0.9999999999969176,1.0608447394067695e-14,2.9092704825256012e-12,1.9681915618588822e-35
3298,1,1,0.9999972027744671,0.9999972027744671,1.503881582149249e-11,7.60430889209348e-09,1.7075767051613116e-10,2.789435427623688e-06,7.2161598208657235e-34
3299,5,5,0.987916323556716,5.0925119433298996e-05,0.0009640197904727787,2.501373693485069e-07,3.605803758089437e-05,0.987916323556716,0.011032423358427716
3300,4,4,0.9999362234016593,1.8694494690977426e-05,7.984836168082654e-07,2.5925347406718305e-05,0.9999362234016593,1.835827262622845e-05,4.3643409562424575e-22
3301,2,2,0.9858000012801688,3.919562709294605e-06,0.9858000012801688,0.005154347089874921,5.056733355732871e-06,0.00903667533389128,2.440291536480319e-23
3302,5,5,0.9901812120582068,5.23659894372015e-05,0.001025429751487349,2.771662188628971e-07,3.704151231919048e-05,0.9901812120582068,0.008703673522330656
3303,3,3,0.9999999999969212,1.6204508079482874e-13,5.2079863573495395e-21,0.9999999999969212,1.05897662888946e-14,2.9061269428279504e-12,1.9719544372356378e-35
3304,4,4,0.9999363145716744,1.8669057046294626e-05,7.986018673462186e-07,2.5877840920166576e-05,0.9999363145716744,1.833992849186037e-05,4.378971491582267e-22
3306,5,5,0.9895304585206062,5.1553848391229305e-05,0.0010085325843492044,2.65237122677331e-07,3.65731391656469e-05,0.9895304585206062,0.0093726166703651
3307,4,4,0.999935840825363,1.8796337940846884e-05,8.030989891691556e-07,2.609233816253221e-05,0.999935840825363,1.8467399544470687e-05,4.428482269277612e-22
3310,3,3,0.9999999999969251,1.619325586245935e-13,5.19991826140536e-21,0.9999999999969251,1.0574230026412202e-14,2.902452252913901e-12,1.9643506075787018e-35
3311,4,4,0.9999355679779729,1.87958540659197e-05,8.02432666716057e-07,2.6322707583785103e-05,0.9999355679779729,1.8511027710751045e-05,4.422835214308488e-22
3312,3,3,0.9999999999969197,1.624205127106528e-13,5.2192606488104875e-21,0.9999999999969197,1.0614002797356498e-14,2.907270542327509e-12,1.9689624336478485e-35
3313,2,2,0.9859903661469971,3.8340508415438885e-06,0.9859903661469971,0.005063750962582956,4.96559185525163e-06,0.008937083247723195,2.3228904052951735e-23
3314,6,6,0.9671345316184413,0.005952291691284185,0.005959694895252926,0.007391045096765013,4.891271173449989e-05,0.013513523986522153,0.9671345316184413
3315,2,2,0.9859669637955328,3.8443548767120856e-06,0.9859669637955328,0.005077757001930128,4.977482949730775e-06,0.008946457364710675,2.3187596623952554e-23
3316,5,5,0.9869860491362106,5.0834390624467534e-05,0.0009402122608713358,2.441065339735925e-07,3.5893101038367184e-05,0.9869860491362106,0.011986767004721304
3317,5,5,0.9870578573559062,5.106798693872797e-05,0.0009365780280144264,2.46152159056721e-07,3.5952597165025556e-05,0.9870578573559062,0.01191829787981663
3321,2,2,0.9859791389526484,3.837947045356249e-06,0.9859791389526484,0.005067976255271246,4.969974686095423e-06,0.00894407687034886,2.320018732568409e-23
3322,4,4,0.9999362338761575,1.8699243255126266e-05,7.987209852980531e-07,2.5909454609751403e-05,0.9999362338761575,1.835870499233303e-05,4.372873656146544e-22
3324,2,2,0.9859557991081079,3.849741837824804e-06,0.9859557991081079,0.005085463109225203,4.977646312884859e-06,0.008949910394516154,2.335915993843216e-23
3325,2,2,0.9859801195063534,3.83919763506101e-06,0.9859801195063534,0.005076527972281185,4.9716387411650475e-06,0.008934541684989179,2.311241137730413e-23
3330,5,5,0.9870691671723875,5.0910576307558864e-05,0.0009405395271242619,2.450792248249416e-07,3.5899971507030974e-05,0.9870691671723875,0.011903237673448868
3331,5,5,0.9870771853195242,5.0832072272586906e-05,0.0009465704390180911,2.4436791878321037e-07,3.592314955544131e-05,0.9870771853195242,0.011889244651710875
3332,4,4,0.9999362365687152,1.8688808981490654e-05,7.991684014469442e-07,2.59120236274343e-05,0.9999362365687152,1.836343027442444e-05,4.370340908412415e-22
3333,3,3,0.9999999999969241,1.6205300546998281e-13,5.2055735881334486e-21,0.9999999999969241,1.0589003498573386e-14,2.9032542320224372e-12,1.963669314257089e-35
3334,6,6,0.9671023215163006,0.005945813507143007,0.005946446692837786,0.0074163066831616,4.903515496172429e-05,0.013540076445595276,0.9671023215163006
3335,1,1,0.9999971389595453,0.9999971389595453,1.5686210282793677e-11,7.84773054074131e-09,1.759527206659822e-10,2.853001085246826e-06,8.271846912247295e-34
3336,3,3,0.9999999999969214,1.621718306150284e-13,5.20927667913378e-21,0.9999999999969214,1.0590962559188963e-14,2.905861163854176e-12,1.969257346322965e-35
3337,5,5,0.9870582246803559,5.096077577167092e-05,0.0009402471877071617,2.4510787942207544e-07,3.5935122688212665e-05,0.9870582246803559,0.01191438712559765
3338,2,2,0.9860235263904832,3.821149346507021e-06,0.9860235263904832,0.005038407802469317,4.953912124876281e-06,0.008929290745576086,2.3323723849635228e-23
3339,6,6,0.9655924444685869,0.006244058803229827,0.006220050971251928,0.007724841792424215,5.1178784701627526e-05,0.014167425179805447,0.9655924444685869
3340,4,4,0.9999361844549705,1.870881042184846e-05,7.986196381303386e-07,2.5940531394432484e-05,0.9999361844549705,1.836758357505209e-05,4.377068687122756e-22
3341,6,6,0.9635446848954757,0.006621840859368991,0.006558940428208263,0.008228735631373786,5.4295083772091194e-05,0.014991503101801086,0.9635446848954757
3342,4,4,0.9999361866736646,1.8718135091918462e-05,8.006559376651329e-07,2.5906381552001862e-05,0.9999361866736646,1.8388153753909816e-05,4.394784053474381e-22
3344,5,5,0.9871656686764854,5.108665113056329e-05,0.0009349363360242152,2.4714153090599774e-07,3.596424406744723e-05,0.9871656686764854,0.011812096950761424
3345,1,1,0.9999971891108262,0.9999971891108262,1.518691134874109e-11,7.66021859053519e-09,1.7189715738572701e-10,2.8030418711209165e-06,7.468717314521307e-34
3346,3,3,0.9999999999969182,1.6227895354735953e-13,5.225643115582861e-21,0.9999999999969182,1.0627941068594434e-14,2.9087844588880555e-12,1.9703483152180644e-35
3348,2,2,0.9854130141420847,4.074899503607244e-06,0.9854130141420847,0.004954652734489101,5.256386557426617e-06,0.009623001837365044,3.343059615037403e-23
3350,2,2,0.9860081902270703,3.827636514891119e-06,0.9860081902270703,0.005056818130427695,4.958822928283093e-06,0.008926205183058871,2.308137809748459e-23
3351,2,2,0.9860080876140693,3.823848138221667e-06,0.9860080876140693,0.005048700342707694,4.958345021387811e-06,0.008934429850063402,2.3254860144071606e-23
3353,6,6,0.9667290788037787,0.006038586821277509,0.006015369986199264,0.007485426542657029,4.956243381999403e-05,0.013681975412267523,0.9667290788037787
3355,2,2,0.9858928826399415,3.86630603015524e-06,0.9858928826399415,0.0051052301551785355,5.005117410279956e-06,0.0089930157814396,2.3651209976709848e-23
3357,1,1,0.9999972007639171,0.9999972007639171,1.5083013687749684e-11,7.612423829215768e-09,1.7094379267308878e-10,2.791437632289798e-06,7.311526410102739e-34
3358,5,5,0.9869697764155619,5.096424334406634e-05,0.0009389454570971086,2.447205632491467e-07,3.590662739719498e-05,0.9869697764155619,0.012004162536036402
3359,6,6,0.9676772432337536,0.005863056230232239,0.005859122421948259,0.007262340114309584,4.807236442915046e-05,0.0132901656353272,0.9676772432337536
3360,4,4,0.9999362163878048,1.8699902942811776e-05,7.986966855018694e-07,2.5922674440631405e-05,0.9999362163878048,1.8362338126264473e-05,4.371058549405618e-22
3363,5,5,0.9882067758966244,5.1714340946757744e-05,0.0009214289265239366,2.653464094535323e-07,3.627945153884926e-05,0.9882067758966244,0.010783536037956655
3364,3,3,0.9999999999969229,1.6203940598701268e-13,5.2041401976794416e-21,0.9999999999969229,1.0586694842702373e-14,2.904467659480122e-12,1.9679713649346598e-35
3365,1,1,0.9999971981280129,0.9999971981280129,1.5071083610344577e-11,7.624050997345138e-09,1.7115581051013974e-10,2.794061709382342e-06,7.235893847895698e-34
3366,5,5,0.9869299126614378,5.082058438214578e-05,0.0009408830917036208,2.4342973928812637e-07,3.585501509219891e-05,0.9869299126614378,0.012042285217645044
3367,4,4,0.9999361806365703,1.8696523746976502e-05,7.992443240645978e-07,2.5951689782110007e-05,0.9999361806365703,1.8371905576479013e-05,4.376045609915864e-22
3368,2,2,0.9860228059251485,3.821419822615105e-06,0.9860228059251485,0.005048740863489634,4.9513462261351866e-06,0.00891968044531323,2.317743776469353e-23
3369,5,5,0.9870764512300181,5.079880350654718e-05,0.0009436890631430868,2.4423362873645077e-07,3.588315206523292e-05,0.9870764512300181,0.011892933517638362
3371,6,6,0.9660958612697563,0.006169371128181939,0.006104128402841472,0.007638885596047572,5.0671440314216176e-05,0.013941082162858501,0.9660958612697563
3373,2,2,0.9706089837586526,8.242492279375914e-06,0.9706089837586526,0.013831304198076289,1.0211129260038273e-05,0.015541258421731744,5.824538309154878e-23
3374,5,5,0.9870396011396828,5.103846572453184e-05,0.0009380262073067895,2.4555932885874956e-07,3.594819905277148e-05,0.9870396011396828,0.011935140428904192
3376,2,2,0.9859873009502491,3.839684459565958e-06,0.9859873009502491,0.005066670188200747,4.9698805098295925e-06,0.008937219296580807,2.3208631072716633e-23
3378,1,1,0.9999971942737053,0.9999971942737053,1.5102285832296985e-11,7.650101731098816e-09,1.715797960473876e-10,2.7978895109224534e-06,7.294790211880228e-34
3380,2,2,0.9859854976113576,3.843514401238189e-06,0.9859854976113576,0.005062506588045495,4.973475380579846e-06,0.008943178810815217,2.3605341057324494e-23
3381,2,2,0.9859333020102635,3.859580175438234e-06,0.9859333020102635,0.005095208654347364,4.991607277891401e-06,0.008962638147935896,2.3420538680509895e-23
3385,6,6,0.966113688406188,0.006155692825082425,0.006110039590981881,0.007642432990444207,5.048257358514122e-05,0.013927663613718371,0.966113688406188
3386,3,3,0.999999999996926,1.6191138993225243e-13,5.202413557714502e-21,0.999999999996926,1.057719863540736e-14,2.90156571013359e-12,1.9607493310661596e-35
3387,3,3,0.9999999999969267,1.6193325220082537e-13,5.1983125057534934e-21,0.9999999999969267,1.0572818171219237e-14,2.9007968729341056e-12,1.9600833194107297e-35
3388,3,3,0.9999999999969235,1.6203692752396842e-13,5.208625169006069e-21,0.9999999999969235,1.0589020007654737e-14,2.9039955511907802e-12,1.9643195327302154e-35
3390,1,1,0.999997198549197,0.999997198549197,1.5106534115899044e-11,7.615589337052434e-09,1.710581761907975e-10,2.7936490488936696e-06,7.30529277719965e-34
3391,3,3,0.9999999999969243,1.6214118084470846e-13,5.2088941519065044e-21,0.9999999999969243,1.0596080230244751e-14,2.9029575061492778e-12,1.9633319240614026e-35
3392,1,1,0.9999971962819503,0.9999971962819503,1.511201034961919e-11,7.62671150066505e-09,1.7117583021526882e-10,2.7959050503886455e-06,7.3183181292064726e-34
3393,3,3,0.9999999999969292,1.6164663041869976e-13,5.194028800701027e-21,0.9999999999969292,1.0570427091348285e-14,2.8985979620138034e-12,1.9605345814831993e-35
3395,1,1,0.9999971990666614,0.9999971990666614,1.5093880137229193e-11,7.615072827929913e-09,1.7105114862462738e-10,2.793132120800683e-06,7.310509044325847e-34
3396,6,6,0.9669300644670393,0.0059910299655476455,0.0059947817010824744,0.007426161054043258,4.9187545779476363e-05,0.013608775266507908,0.9669300644670393
3398,2,2,0.9854269087587778,3.985054952631664e-06,0.9854269087587778,0.0053425711825830806,5.13967738068806e-06,0.00922139532630582,2.4257944879733032e-23
3400,5,5,0.9870290911253972,5.0698500159603785e-05,0.0009435893741272091,2.4355352642514586e-07,3.58555445586568e-05,0.9870290911253972,0.011940521902230982
3402,3,3,0.9999999999969147,1.6265548126690775e-13,5.233653568038438e-21,0.9999999999969147,1.0631047400604405e-14,2.911958404191617e-12,1.9747653825884292e-35
3403,5,5,0.9869621398205263,5.084137191281078e-05,0.0009405235804559363,2.4434950582087206e-07,3.587371003402573e-05,0.9869621398205263,0.012010377167565112
3405,6,6,0.967610634057888,0.005869957783335128,0.005868900148302513,0.007286581058743654,4.819475298352427e-05,0.013315732198747186,0.967610634057888
3406,3,3,0.9999999999969279,1.6165903022444895e-13,5.194371176171841e-21,0.9999999999969279,1.0566318817529716e-14,2.89991479168977e-12,1.962800445302863e-35
3407,1,1,0.9999971964369445,0.9999971964369445,1.5090797022466656e-11,7.626043767696143e-09,1.7127499293279015e-10,2.795750645962237e-06,7.25923426474887e-34
3408,1,1,0.9999971942239338,0.9999971942239338,1.509315799900772e-11,7.636853109051489e-09,1.714479244004515e-10,2.797952671841058e-06,7.261751925172092e-34
3409,2,2,0.9860265839538402,3.821969561728273e-06,0.9860265839538402,0.005049383311376367,4.949897817456977e-06,0.008915260867404214,2.317377575796367e-23
3410,3,3,0.9999999999969305,1.6164205306356321e-13,5.187936453575252e-21,0.9999999999969305,1.0560730043220218e-14,2.897304781033998e-12,1.9570209913870603e-35
3411,6,6,0.9649940892249609,0.006387699162728094,0.0062891814382569,0.007877812914508793,5.21055710757549e-05,0.014399111688469562,0.9649940892249609
3412,1,1,0.9999971955563128,0.9999971955563128,1.508499124100368e-11,7.636478756754976e-09,1.7140820831196474e-10,2.796620715169698e-06,7.255239293496438e-34
3413,2,2,0.9860053843363382,3.829801639712003e-06,0.9860053843363382,0.005059272634644563,4.960102374327236e-06,0.008926553125003242,2.313655429101887e-23
3414,4,4,0.9999362381632249,1.8693670371765845e-05,7.986154965871459e-07,2.591327817892215e-05,0.9999362381632249,1.8356272727854743e-05,4.369861340918067e-22
3415,5,5,0.9870123345473296,5.086580639476746e-05,0.0009406542192761442,2.4419571529603494e-07,3.5897356372333734e-05,0.9870123345473296,0.011960003874911878
3417,2,2,0.9860225715027404,3.8196057444664715e-06,0.9860225715027404,0.005046359117523004,4.950689238583437e-06,0.008922299084753548,2.3105161349967874e-23
3418,1,1,0.9999971964438599,0.9999971964438599,1.5085880193991024e-11,7.629413636967831e-09,1.7126936878382176e-10,2.7957403712016775e-06,7.242855737233162e-34
3419,2,2,0.9859821273297696,3.833847469141233e-06,0.9859821273297696,0.005064627267415001,4.968735348473437e-06,0.00894444281999781,2.3237258694170684e-23
3420,3,3,0.9999999999969178,1.623846667901425e-13,5.222708814932618e-21,0.9999999999969178,1.0614835068399858e-14,2.9090847010811734e-12,1.9727194831615103e-35
3421,5,5,0.9870634873011247,5.09714785612624e-05,0.0009380361882847474,2.450286709794812e-07,3.5916958116086774e-05,0.9870634873011247,0.011911343045242226
3422,6,6,0.9669349146722364,0.005994899522140794,0.00597585589182262,0.0074499252921207525,4.9256669872311034e-05,0.013595147951807215,0.9669349146722364
3423,3,3,0.9999999999969196,1.6228445322157688e-13,5.21871075493071e-21,0.9999999999969196,1.0609395719833995e-14,2.907471875698575e-12,1.9682136929087764e-35
3424,1,1,0.9999971909052505,0.9999971909052505,1.518500142353674e-11,7.643067986413058e-09,1.7163206137980197e-10,2.8012648645706577e-06,7.447892403210958e-34
3425,5,5,0.9869943494410787,5.0931027393593264e-05,0.000945978694871777,2.452314914443239e-07,3.595092697354087e-05,0.9869943494410787,0.011972544678191052
3428,6,6,0.9674849280780298,0.005888362581543226,0.005886061720235326,0.007327325300258554,4.837663125074786e-05,0.013364945688682359,0.9674849280780298
3431,2,2,0.9858495896814334,3.869917020455872e-06,0.9858495896814334,0.005146106178604469,5.009776655373584e-06,0.0089954244462862,2.320337463544806e-23
3432,4,4,0.9999362005660374,1.870814402469824e-05,7.98785644826808e-07,2.5926543374679648e-05,0.9999362005660374,1.8365960918457253e-05,4.374707316356093e-22
3434,4,4,0.999936214131931,1.868480170748902e-05,7.983782109400383e-07,2.5943987064177754e-05,0.999936214131931,1.8358701086409453e-05,4.367610350487581e-22
3435,6,6,0.9673380764610154,0.005929396471667143,0.005907867656600444,0.007346695961960359,4.857467737368226e-05,0.013429388771382908,0.9673380764610154
3436,4,4,0.99993626622527,1.8681310119097563e-05,7.979794077844868e-07,2.59071728757168e-05,0.99993626622527,1.8347312327476726e-05,4.369544883498503e-22
3437,3,3,0.999999999996931,1.6161168991550855e-13,5.18724988864242e-21,0.999999999996931,1.0559752172548108e-14,2.896768820769253e-12,1.9568244912273204e-35
3438,3,3,0.9999999999969266,1.6185344092452128e-13,5.195749844928491e-21,0.9999999999969266,1.0573351680104296e-14,2.9010064988697275e-12,1.9663534782781728e-35
3440,5,5,0.9870858337357539,5.0956414072501904e-05,0.0009404595073047676,2.4560749715069803e-07,3.5947443487879314e-05,0.9870858337357539,0.011886557291883846
3441,2,2,0.9858989283275896,3.873785679289674e-06,0.9858989283275896,0.005103059546939406,5.011754049683015e-06,0.008989126585742007,2.3561265852541492e-23
3442,2,2,0.9859833742711278,3.842584915671089e-06,0.9859833742711278,0.00507020342079754,4.970835307478207e-06,0.008937608887851394,2.3231274533405257e-23
3443,5,5,0.9898716816591978,5.15810830331021e-05,0.0010185677992686627,2.6948349430293903e-07,3.66523973604467e-05,0.9898716816591978,0.009021247577645688
3444,2,2,0.9858892419198995,3.867651755436873e-06,0.9858892419198995,0.0051154927117314725,5.004435421284203e-06,0.008986393281192294,2.3675668595962816e-23
3445,1,1,0.9999971981824167,0.9999971981824167,1.507164142511564e-11,7.630162602555053e-09,1.7124797722816373e-10,2.7940011010954627e-06,7.24885104088832e-34
3446,5,5,0.9870922822489204,5.085704614780497e-05,0.0009416293497302897,2.441638731907981e-07,3.589905989837905e-05,0.9870922822489204,0.011879088131429854
3447,4,4,0.9999362409199224,1.8684149832601027e-05,7.979770495037446e-07,2.592769722860613e-05,0.9999362409199224,1.8349255966996012e-05,4.36408794561349e-22
3448,1,1,0.9999971412102463,0.9999971412102463,1.5648731059675785e-11,7.853613037704326e-09,1.7596120330808045e-10,2.8507445306106024e-06,8.16708443696672e-34
3449,2,2,0.9859951139077429,3.829968076964552e-06,0.9859951139077429,0.005018310374456557,4.967842225679122e-06,0.00897777790749785,2.405901975548262e-23
3450,6,6,0.9670275459143051,0.005990444353186393,0.005961640472220029,0.007416908781065507,4.910048186238491e-05,0.013554359997360627,0.9670275459143051
3451,4,4,0.9999362353682364,1.8687069450526458e-05,7.97966191750897e-07,2.592812197611712e-05,0.9999362353682364,1.8351474145235967e-05,4.364315149774449e-22
3453,6,6,0.9663545166626509,0.006127024700753049,0.006065159967232344,0.00756457110440694,5.007629152751708e-05,0.013838651273429188,0.9663545166626509
3454,5,5,0.9871402480708628,5.080415927032392e-05,0.0009457621003185529,2.4417795394586416e-07,3.590396626000213e-05,0.9871402480708628,0.011827037525334434
3455,3,3,0.9999999999969226,1.621082213239489e-13,5.213334683155535e-21,0.9999999999969226,1.0600693658956675e-14,2.904810491842645e-12,1.966667673920158e-35
3457,6,6,0.966319271804134,0.0061298635376335715,0.006084412589337658,0.007556134266589996,5.01247017895979e-05,0.013860193100515157,0.966319271804134
3458,2,2,0.9859802750053234,3.838140781932487e-06,0.9859802750053234,0.005068102304770115,4.9715918445080195e-06,0.00894281295728008,2.320576063591261e-23
3462,1,1,0.9999971914228007,0.9999971914228007,1.511435156321978e-11,7.651710205751441e-09,1.7170737439127937e-10,2.8007386673515783e-06,7.273714627266738e-34
3463,5,5,0.9869597914252101,5.091811934523879e-05,0.0009400462085371967,2.444856751822359e-07,3.590664234821837e-05,0.9869597914252101,0.012013093118884112
3468,3,3,0.9999999999969229,1.61927496268423e-13,5.202252250260432e-21,0.9999999999969229,1.0573161997853033e-14,2.9045333474220923e-12,1.968450279663707e-35
3470,2,2,0.9859745875764548,3.843127578719662e-06,0.9859745875764548,0.00505958945129563,4.974948186825693e-06,0.008957004896483961,2.336038659856189e-23
3472,3,3,0.9999999999967809,1.702259244265361e-13,5.608730361477404e-21,0.9999999999967809,1.1098781926797616e-14,3.0377881893957936e-12,2.1718885184078524e-35
3473,2,2,0.985777263778025,3.938175641170344e-06,0.985777263778025,0.005116654980244831,5.069556600868026e-06,0.009097073509488173,2.5905607960427874e-23
3474,6,6,0.9675833485296355,0.005876024046200823,0.005869085353547019,0.007301981702960081,4.823537605679502e-05,0.013321324991599803,0.9675833485296355
3475,5,5,0.9872434271504833,5.0805511391557924e-05,0.0009494737910473733,2.4533940607035447e-07,3.591012319092216e-05,0.9872434271504833,0.011720138084480847
3476,6,6,0.9626685014017282,0.00683797566171824,0.006633890159898546,0.008437385809569448,5.5750889498008175e-05,0.015366496077587657,0.9626685014017282
3478,3,3,0.9999999999969172,1.6239289528867305e-13,5.225922795247685e-21,0.9999999999969172,1.0623121428652089e-14,2.9097014813620445e-12,1.972095748171917e-35
3480,2,2,0.9859874044036394,3.838840221055817e-06,0.9859874044036394,0.0050620011289125525,4.971486055272156e-06,0.008941784141171805,2.336335681638554e-23
3481,3,3,0.9999999999969218,1.6220416719119178e-13,5.212790032447759e-21,0.9999999999969218,1.0591554503970247e-14,2.9054740670208567e-12,1.9633800147033992e-35
3482,3,3,0.9999999999969242,1.6209465044003638e-13,5.20534774141293e-21,0.9999999999969242,1.0588049866593236e-14,2.9031060529906076e-12,1.9629951679861037e-35
3483,3,3,0.999999999996916,1.6252102457900872e-13,5.225958554276401e-21,0.999999999996916,1.0615889029524741e-14,2.9108392380011742e-12,1.9746216725580324e-35
3484,2,2,0.9859595442603192,3.846553587580966e-06,0.9859595442603192,0.005081713136689763,4.979093520044492e-06,0.008949916955883383,2.31902581579029e-23
3485,3,3,0.9999999999969249,1.6201042690774532e-13,5.201700208320302e-21,0.9999999999969249,1.057988590887322e-14,2.9025533804791e-12,1.96180741584058e-35
3486,4,4,0.9999362150812031,1.8695365708428858e-05,7.988586802948749e-07,2.5927931696134273e-05,0.9999362150812031,1.8362762712128665e-05,4.372136351303396e-22
3491,1,1,0.999997197333838,0.999997197333838,1.507457125338579e-11,7.631480420531968e-09,1.7125650534058679e-10,2.7948483505650605e-06,7.25473923817393e-34
3492,6,6,0.9669317166922355,0.0060021189427830746,0.005984862651550253,0.007436930464322943,4.922281986909867e-05,0.013595148429239062,0.9669317166922355
3494,5,5,0.9882694377565897,5.238968705517858e-05,0.0009861634610202564,2.632799999512147e-07,3.664163546258307e-05,0.9882694377565897,0.010655104179872367
3496,1,1,0.9999971975307753,0.9999971975307753,1.510966259436857e-11,7.625508365777977e-09,1.7122341360229745e-10,2.794657383324674e-06,7.32998074853289e-34
3498,5,5,0.9869328085923548,5.087920074569674e-05,0.0009407027338366058,2.44707646397498e-07,3.5901784628893576e-05,0.9869328085923548,0.012039462980787653
3499,4,4,0.9999360823868205,1.8727526040618226e-05,8.016272445757677e-07,2.5979600791836338e-05,0.9999360823868205,1.8408859102380053e-05,4.392976380190602e-22
3500,3,3,0.9999999999969245,1.6193992473742692e-13,5.2034096859151956e-21,0.9999999999969245,1.0581154753442942e-14,2.903088129435254e-12,1.9665525038216377e-35
3502,3,3,0.9999999999969237,1.620333894388901e-13,5.203347491439585e-21,0.9999999999969237,1.0583693861563529e-14,2.903767745295471e-12,1.967372617766455e-35
3503,3,3,0.9999999999968849,1.643105300858109e-13,5.317322721338994e-21,0.9999999999968849,1.076566103825951e-14,2.9399311972719433e-12,2.0003474560946955e-35
3504,1,1,0.9999971968839307,0.9999971968839307,1.5111485661564e-11,7.618096205453845e-09,1.7113452565834566e-10,2.7953117271573326e-06,7.3205457504682e-34
3505,3,3,0.9999999999969275,1.6180422834065682e-13,5.19155361336739e-21,0.9999999999969275,1.0566106091132438e-14,2.9002855559980637e-12,1.9640418679531984e-35
3506,4,4,0.999936234182904,1.8681522639724846e-05,7.979896958426407e-07,2.5935972382379577e-05,0.999936234182904,1.8350332378172317e-05,4.366045198530933e-22
3507,3,3,0.9999999999969216,1.621047071050349e-13,5.213355976637378e-21,0.9999999999969216,1.0591112052437202e-14,2.9057697483878786e-12,1.9668924295632472e-35
3508,6,6,0.9673670006767844,0.005914992853160521,0.00590886499779243,0.007345522408401907,4.856950072907134e-05,0.01341504956313172,0.9673670006767844
3510,4,4,0.9999362291632001,1.869545140330814e-05,7.988939478963746e-07,2.5916898704922354e-05,0.9999362291632001,1.8359592743728183e-05,4.375020540362075e-22
3511,2,2,0.9859504688666627,3.856296121751014e-06,0.9859504688666627,0.005084365983532853,4.9877242475280896e-06,0.008956321129435153,2.341821712514096e-23
3512,2,2,0.9859396315412978,3.84878692922676e-06,0.9859396315412978,0.005079691445105099,4.985446786569888e-06,0.00897184277988114,2.366199304536498e-23
3513,6,6,0.9667704243011744,0.00604000880238794,0.005999649573014997,0.007476974597005323,4.9462336622970196e-05,0.013663480389794437,0.9667704243011744
3514,4,4,0.9999361980288552,1.8693499599324993e-05,7.987625571807674e-07,2.5944294502210268e-05,0.9999361980288552,1.836541448605599e-05,4.370075665638456e-22
3515,6,6,0.9669804541524574,0.005986358926881317,0.00596946625261502,0.007440267113512575,4.9124305023319746e-05,0.013574329249510346,0.9669804541524574
3517,2,2,0.985957312526132,3.848639045098089e-06,0.985957312526132,0.005085362161071588,4.98035948800064e-06,0.008948496314263303,2.3217048478815564e-23
3518,2,2,0.9859540758101553,3.845435674759274e-06,0.9859540758101553,0.005089372225845511,4.977755322488456e-06,0.008947728773001946,2.3165488902472355e-23
3519,6,6,0.9666703975720081,0.006058915414256837,0.006022090583317348,0.007495018596457465,4.9648664853308634e-05,0.01370392916910686,0.9666703975720081
3522,4,4,0.999936137463203,1.8705762494958342e-05,8.004407452256234e-07,2.5964887959431384e-05,0.999936137463203,1.839144559740066e-05,4.407444215188969e-22
3523,2,2,0.9857248164866591,3.9663612723822405e-06,0.9857248164866591,0.005164670002461835,5.088960218436851e-06,0.009101458189388185,2.6262621045854313e-23
3525,4,4,0.9999362390824932,1.869608202207723e-05,7.99018511442275e-07,2.59021575640267e-05,0.9999362390824932,1.8363659409307458e-05,4.374718495828321e-22
3526,3,3,0.9999999999969258,1.6192955634234807e-13,5.1993828597095105e-21,0.9999999999969258,1.0574227273283833e-14,2.901702306490086e-12,1.9609553223389732e-35
3527,6,6,0.9674020198720673,0.00591055184469905,0.005908329228723603,0.007325320198831789,4.8501387002600175e-05,0.013405277468675666,0.9674020198720673
3528,1,1,0.9999971935686772,0.9999971935686772,1.510517205493911e-11,7.646234143614115e-09,1.7161336518162316e-10,2.798598370179732e-06,7.267773192104425e-34
3530,1,1,0.9999971974307945,0.9999971974307945,1.5108320308392403e-11,7.627444969475797e-09,1.7126037891683147e-10,2.7947553917753545e-06,7.339167843227163e-34
3531,5,5,0.9871046938446534,5.0928739036474695e-05,0.0009413894919810078,2.4477783827625296e-07,3.592640652177818e-05,0.9871046938446534,0.01186681673996903
3533,5,5,0.9871136631532429,5.099201603854761e-05,0.0009354368453210368,2.4635862271438374e-07,3.5934295462419733e-05,0.9871136631532429,0.011863727331312393
3534,1,1,0.99999719722648,0.99999719722648,1.5089784695388298e-11,7.623504145603207e-09,1.7108769100086432e-10,2.7949638383962783e-06,7.2724149555669565e-34
3535,3,3,0.9999999999969283,1.6176072005638614e-13,5.194392431402317e-21,0.9999999999969283,1.0565515105248554e-14,2.8993424237583823e-12,1.9587867755435103e-35
3536,5,5,0.9870230544422015,5.0836862704622555e-05,0.0009418700981478251,2.436997225240445e-07,3.588393650706639e-05,0.9870230544422015,0.011948110960716431
3537,3,3,0.9999999999969221,1.6212015687904623e-13,5.2120391706326895e-21,0.9999999999969221,1.0601629124881697e-14,2.90520160824228e-12,1.968734967302744e-35
3539,6,6,0.9671634102830403,0.005954295203453857,0.0059428336625072,0.007396101071393625,4.886703135659393e-05,0.013494492748248354,0.9671634102830403
3540,5,5,0.9870537789162477,5.0889643168245604e-05,0.0009415810998739293,2.442469188245122e-07,3.5918518995180224e-05,0.9870537789162477,0.011917587574796142
3542,4,4,0.9999361035503533,1.873197441433284e-05,7.997886893511301e-07,2.5969196302591815e-05,0.9999361035503533,1.8395490240403915e-05,4.384922694809973e-22
3544,2,2,0.9858005464635217,3.90680178313648e-06,0.9858005464635217,0.0051452041041677695,5.048828123686997e-06,0.00904529380240377,2.388469086175256e-23
3545,3,3,0.9999999999969231,1.6188020729582656e-13,5.20228561800504e-21,0.9999999999969231,1.0576861796111764e-14,2.9045056193731883e-12,1.9706996830286657e-35
3546,3,3,0.9999999999969307,1.6158337133674542e-13,5.185157776152357e-21,0.9999999999969307,1.0557389894741088e-14,2.8972298916233194e-12,1.958502402705302e-35
3547,4,4,0.9999359164420419,1.874229778454508e-05,8.0150438202131e-07,2.6100908222527225e-05,0.9999359164420419,1.8438847568964013e-05,4.415115796531887e-22
3548,2,2,0.985775395759328,3.926978459208186e-06,0.985775395759328,0.00516115265342894,5.068726045097323e-06,0.009054455882738654,2.4081955540459296e-23
3550,2,2,0.9859798746792564,3.841685664667124e-06,0.9859798746792564,0.005071691362373693,4.9715401478813325e-06,0.008939620732557248,2.311490746743737e-23
3551,2,2,0.9856975168478483,3.942907968384576e-06,0.9856975168478483,0.005196791338793057,5.0872042332618795e-06,0.009096661701156979,2.4517722525622448e-23
3552,5,5,0.9872686235054194,5.0840114033043195e-05,0.0009456060030379542,2.4527415513631615e-07,3.5936126224729734e-05,0.9872686235054194,0.011698748977129789
3553,4,4,0.9999362622727651,1.8683446657802477e-05,7.982095031539201e-07,2.5906879422687093e-05,0.9999362622727651,1.834919165122284e-05,4.363215198163861e-22
3554,2,2,0.9860076029799222,3.825656447993246e-06,0.9860076029799222,0.005055906010027384,4.958305013711733e-06,0.008927707048588817,2.312762527351511e-23
3555,4,4,0.9999361804488375,1.8694913146936088e-05,7.982443721425085e-07,2.596536454635072e-05,0.9999361804488375,1.836102909715361e-05,4.370056607298968e-22
3556,1,1,0.9999971975782175,0.9999971975782175,1.5092245488829947e-11,7.62547517193435e-09,1.711958358797705e-10,2.7946100193220795e-06,7.27313280035102e-34
3558,3,3,0.9999999999969269,1.6187613448039727e-13,5.197508882659799e-21,0.9999999999969269,1.0571062050616715e-14,2.900674968791038e-12,1.9605419194777636e-35
3559,1,1,0.9999971950653138,0.9999971950653138,1.5091819896083936e-11,7.638370169577611e-09,1.7137017304098097e-10,2.797109854034906e-06,7.255886136126309e-34
3560,5,5,0.9869729278817826,5.0836497688469374e-05,0.0009407966588508469,2.4431417207945565e-07,3.5884153532431517e-05,0.9869729278817826,0.01199931049397359
3562,3,3,0.9999999999969126,1.624606381183801e-13,5.229504899771299e-21,0.9999999999969126,1.0630416518346163e-14,2.914333422661073e-12,1.9816035894773243e-35
3563,5,5,0.9869932245954539,5.095411232456208e-05,0.0009382362478350759,2.447749822378312e-07,3.591149713052662e-05,0.9869932245954539,0.011981428772273671
3565,3,3,0.9999999999968492,1.6613225083556254e-13,5.421045741288142e-21,0.9999999999968492,1.0851221857049023e-14,2.9738825120630524e-12,2.0505339664278233e-35
3566,5,5,0.9869149649635319,5.079094228117098e-05,0.0009396527781128116,2.435841817044787e-07,3.586029662507145e-05,0.9869149649635319,0.012058487435267244
3567,2,2,0.985338195747614,4.159706540739704e-06,0.985338195747614,0.00506644990266931,5.298689171842206e-06,0.009585895954003944,3.399785138940804e-23
3568,1,1,0.9999971998771566,0.9999971998771566,1.5074301314170878e-11,7.610528013710192e-09,1.7093558232508845e-10,2.792326305564946e-06,7.264827818577424e-34
3569,3,3,0.9999999999968979,1.6357905590728568e-13,5.2802918607102735e-21,0.9999999999968979,1.0691727613797803e-14,2.9278735581965765e-12,1.9897324570586633e-35
3570,2,2,0.9857629114905851,3.897698756751499e-06,0.9857629114905851,0.005166680707104449,5.044138585039084e-06,0.009061465964968549,2.3895444855399003e-23
3572,6,6,0.9668680377401718,0.005983897992794492,0.0059866035772349335,0.007487313774595909,4.926028077727391e-05,0.01362488663442557,0.9668680377401718
3574,2,2,0.9858732867676341,3.869375899174054e-06,0.9858732867676341,0.005117499973791592,5.009724517792067e-06,0.009000334158157382,2.359078124027421e-23
3575,4,4,0.9999362563751665,1.8683885239175445e-05,7.990669736996641e-07,2.5902862229251207e-05,0.9999362563751665,1.8357810391338244e-05,4.375045324041509e-22
3576,2,2,0.9857579083083439,3.934844514610479e-06,0.9857579083083439,0.005166307786154857,5.07538027050574e-06,0.009066773680716065,2.466561222322494e-23
3578,2,2,0.9857432929850785,3.9272602533947286e-06,0.9857432929850785,0.005181366405491092,5.067036929684563e-06,0.00906634631224739,2.4289115247153596e-23
3579,3,3,0.9999999999969235,1.62036864061895e-13,5.20982796542769e-21,0.9999999999969235,1.059329690708054e-14,2.9040618290313922e-12,1.96691050115197e-35
3580,1,1,0.999997179494957,0.999997179494957,1.526719929314018e-11,7.69492773806291e-09,1.7271360567433472e-10,2.8126221344163294e-06,7.518107579415107e-34
3581,4,4,0.9999361964765526,1.8697315389329742e-05,7.997632220173482e-07,2.59337855371942e-05,0.9999361964765526,1.837265929880945e-05,4.398015904438904e-22
3582,4,4,0.9999362607713973,1.869108619627736e-05,7.98442947840489e-07,2.590057117842747e-05,0.9999362607713973,1.834912828018876e-05,4.368708227462404e-22
3586,6,6,0.967606397624681,0.005873222821547719,0.0058730228902343865,0.007282132260635765,4.820996952754823e-05,0.013317014433373594,0.967606397624681
3587,5,5,0.9870613016128863,5.0950154080794203e-05,0.000937598917102577,2.459225055025733e-07,3.592491456736344e-05,0.9870613016128863,0.011913978478857473
3588,3,3,0.9999999999969199,1.6224901322577786e-13,5.2177592711541634e-21,0.9999999999969199,1.060499277308275e-14,2.907257976019059e-12,1.967888539377544e-35
3589,3,3,0.9999999999969275,1.6187258381451157e-13,5.198746090507868e-21,0.9999999999969275,1.0576161679356898e-14,2.9001597503071024e-12,1.9589557947753164e-35
3590,2,2,0.9859504420765917,3.847011682117892e-06,0.9859504420765917,0.00504226020966838,4.985204505217605e-06,0.008998465497552682,2.4083419278495718e-23
3591,3,3,0.99999999999692,1.6219988316915082e-13,5.215660013495957e-21,0.99999999999692,1.0604552875131593e-14,2.9072137001767067e-12,1.9687626797051666e-35
3592,6,6,0.9673272973218976,0.005929016310310722,0.005920047118849834,0.007341788545390427,4.859438629875378e-05,0.013433256317252716,0.9673272973218976
3593,1,1,0.9999972000801046,0.9999972000801046,1.506318553115876e-11,7.61694842103274e-09,1.710004205903208e-10,2.7921168834204365e-06,7.241308132927198e-34
3594,4,4,0.9999361966879408,1.8703548873997468e-05,7.984061030148306e-07,2.5937883151534446e-05,0.9999361966879408,1.8363473930711014e-05,4.370013113898153e-22
3596,4,4,0.9999361907638858,1.8707791888830038e-05,7.993322392796383e-07,2.593161451406612e-05,0.9999361907638858,1.83704974720529e-05,4.384218142465907e-22
3597,6,6,0.9665086813648679,0.0060810811932337705,0.006048817689809567,0.007534425044329726,4.988137072481462e-05,0.013777113337034264,0.9665086813648679
3598,2,2,0.9848350922293434,4.149388164139237e-06,0.9848350922293434,0.005670457064052715,5.327310802394067e-06,0.009484974007637462,2.5049807455263514e-23
3599,2,2,0.9860051580114018,3.8317123709619955e-06,0.9860051580114018,0.005056571214995397,4.962855590240605e-06,0.008929476205641624,2.3146515724279936e-23
3600,5,5,0.9870363371828338,5.1206116021891256e-05,0.0009399730033818481,2.4722116582072337e-07,3.599295184024974e-05,0.9870363371828338,0.011936243524756415
3601,4,4,0.9999356803418322,1.877845716708964e-05,8.033667700039408e-07,2.6247912173946418e-05,0.9999356803418322,1.8489922056771317e-05,4.408328741520593e-22
3602,1,1,0.9999971976111005,0.9999971976111005,1.509273593891922e-11,7.624242072112774e-09,1.7112861260171233e-10,2.794578436045899e-06,7.281672695330826e-34
3604,4,4,0.9999362382573547,1.8686663932549794e-05,7.983071520501988e-07,2.592501222579057e-05,0.9999362382573547,1.8351759334915056e-05,4.367240083570054e-22
3607,2,2,0.9859928894743697,3.832981478527841e-06,0.9859928894743697,0.005067105979654157,4.964164233619209e-06,0.00893120740026399,2.3089541468728788e-23
3608,2,2,0.9859216231244919,3.862690976168752e-06,0.9859216231244919,0.0050999722619406605,5.002809848572075e-06,0.008969539112742621,2.3242768159441303e-23
3609,1,1,0.9999971926890191,0.9999971926890191,1.5151134000837526e-11,7.643953743601162e-09,1.7157092282043515e-10,2.7994803052196946e-06,7.403440357446566e-34
3610,6,6,0.9674572508468203,0.005908273316529377,0.005890559230770024,0.0073208623886808705,4.8408924966425835e-05,0.013374645292232916,0.9674572508468203
3611,3,3,0.9999999999969231,1.621051984985518e-13,5.207871679111798e-21,0.9999999999969231,1.0587911928036233e-14,2.904287749045115e-12,1.9650216717377588e-35
3612,5,5,0.9871850386652684,5.2891401538425115e-05,0.00097926544008636,2.6336379044393826e-07,3.672280563808121e-05,0.9871850386652684,0.011745818323678272
3615,6,6,0.9669914930487015,0.005991853777062002,0.005966680123796194,0.00742373399443902,4.915154219034162e-05,0.013577087513810968,0.9669914930487015
3616,6,6,0.9671121649429498,0.005966575746551117,0.0059455243149466085,0.007411198855955019,4.892782372127327e-05,0.013515608315876098,0.9671121649429498
3618,6,6,0.9653523077246352,0.006337320370026187,0.006237948952959159,0.007750861903371216,5.149314215801181e-05,0.014270067906850202,0.9653523077246352
3619,1,1,0.9999971945270508,0.9999971945270508,1.5116198025200414e-11,7.642650225319024e-09,1.7142842798865917e-10,2.797643754434838e-06,7.355075943243446e-34
3620,4,4,0.9999362792352099,1.867486219857337e-05,7.980736769153443e-07,2.5905584207509266e-05,0.9999362792352099,1.8342244707112827e-05,4.369451066592675e-22
3621,6,6,0.9669905724481155,0.005983144206313148,0.005970249883821849,0.007435510494799148,4.9159077678690325e-05,0.013571363889271725,0.9669905724481155
3623,3,3,0.9999999999969249,1.6213722060889977e-13,5.206780362432538e-21,0.9999999999969249,1.0598755423153396e-14,2.9024837547787166e-12,1.960003359506677e-35
3624,3,3,0.9999999999969219,1.62207329246443e-13,5.2125945900876604e-21,0.9999999999969219,1.0595324477193679e-14,2.9053123577986503e-12,1.9659323865906616e-35
3625,4,4,0.9999361676476226,1.8704704087425115e-05,7.988316407646891e-07,2.5955205006676736e-05,0.9999361676476226,1.837361164258001e-05,4.381807134521499e-22
3626,4,4,0.999936269226601,1.8686005588278162e-05,7.982270983239401e-07,2.5899652964865246e-05,0.999936269226601,1.834688774759475e-05,4.3649502640166915e-22
3627,4,4,0.9999362313767589,1.868420473011496e-05,7.98419963846933e-07,2.593072441030642e-05,0.9999362313767589,1.8355274136904278e-05,4.379617158565792e-22
3628,1,1,0.9999971960452512,0.9999971960452512,1.5082997876334288e-11,7.631347373140453e-09,1.7135052980880738e-10,2.7961369679168557e-06,7.255249277126852e-34
3629,1,1,0.9999971940111904,0.9999971940111904,1.5143416343247103e-11,7.644016423721537e-09,1.7158114871418772e-10,2.798158068649271e-06,7.3818200131936504e-34
3631,2,2,0.985987641307176,3.832718242735748e-06,0.985987641307176,0.0050443856206320295,4.967189067966137e-06,0.008959173164881257,2.3532447342682512e-23
3632,2,2,0.985896662770822,3.873816932764413e-06,0.985896662770822,0.005115126913173082,5.009843241749025e-06,0.008979326655830441,2.343484095254231e-23
3633,3,3,0.9999999999969263,1.6197710656314605e-13,5.200093406027186e-21,0.9999999999969263,1.0581618956930524e-14,2.901125065710737e-12,1.9599309501344364e-35
3634,4,4,0.9999362230578815,1.86950732657761e-05,7.98563544642197e-07,2.592328466756678e-05,0.9999362230578815,1.8360020640458408e-05,4.366742602827825e-22
3636,2,2,0.9859796608117595,3.838710510894395e-06,0.9859796608117595,0.005074302436519445,4.970021999069993e-06,0.008937228019211227,2.3077290263729525e-23
3637,4,4,0.9999362094824357,1.869815049655475e-05,7.984830751057033e-07,2.5933605175134974e-05,0.9999362094824357,1.8360278817497397e-05,4.372026062884842e-22
3638,1,1,0.9999971965337588,0.9999971965337588,1.5128383817380665e-11,7.629440721361322e-09,1.7145113946774505e-10,2.795650220854083e-06,7.371055540591351e-34
3639,1,1,0.9999971924220931,0.9999971924220931,1.5104671783137064e-11,7.648810854913696e-09,1.7161446238778033e-10,2.7997423769015404e-06,7.2821918385749815e-34
3640,4,4,0.9999362018595072,1.8695990496717357e-05,7.983961614429738e-07,2.5942595944624493e-05,0.9999362018595072,1.8361157890141712e-05,4.371670604454617e-22
3641,6,6,0.9660951252323818,0.006186053119527122,0.006104890635852006,0.007619032859905101,5.0457235392127314e-05,0.013944440916941839,0.9660951252323818
3643,1,1,0.999997202092822,0.999997202092822,1.5058509789851754e-11,7.60718799276436e-09,1.7080409279302103e-10,2.790114127496835e-06,7.255492222347556e-34
3644,1,1,0.9999971946778339,0.9999971946778339,1.509143153435321e-11,7.636844619874266e-09,1.7140956317160582e-10,2.7974988204897636e-06,7.255015148732889e-34
3645,5,5,0.9871470634586552,5.072247901623819e-05,0.0009466887504438574,2.4400599017796965e-07,3.587909408532955e-05,0.9871470634586552,0.01181940221180921
3646,2,2,0.9859118681574707,3.869612842796116e-06,0.9859118681574707,0.005105449525274038,5.000090865717253e-06,0.008973812613546841,2.3353649345875904e-23
3647,1,1,0.9999971951264864,0.9999971951264864,1.51293568587436e-11,7.635623788167964e-09,1.7140333709639454e-10,2.7970513571622927e-06,7.350187479434942e-34
3648,5,5,0.9869941435512823,5.095197303824635e-05,0.0009414512210180816,2.446834196426744e-07,3.5938687909760534e-05,0.9869941435512823,0.011977269883331936
3649,6,6,0.9677424521084087,0.005833665285812978,0.005851071926944258,0.0072460177092416485,4.7998292435146476e-05,0.013278794677157344,0.9677424521084087
3650,5,5,0.9874914486944386,5.085057080513532e-05,0.000952881651591242,2.467733762730509e-07,3.599334711847176e-05,0.9874914486944386,0.011468578962670234
3651,1,1,0.9999972038990961,0.9999972038990961,1.5047147523291426e-11,7.595646358067464e-09,1.7059658446143503e-10,2.7883196138660674e-06,7.247399823505976e-34
3654,4,4,0.9999362538545196,1.8686511957671162e-05,7.982890480178239e-07,2.590910581648157e-05,0.9999362538545196,1.8352238658292235e-05,4.369033520074039e-22
3656,4,4,0.9999361217191759,1.8740129925142863e-05,8.004935416058366e-07,2.5942129951065513e-05,0.9999361217191759,1.8395527406208034e-05,4.392886211519823e-22
3657,2,2,0.9858855947535121,3.875221937862947e-06,0.9858855947535121,0.005016232610885981,5.0230972445329014e-06,0.009089274316419487,2.5318624628207827e-23
3658,6,6,0.9670112047636725,0.005974061033144026,0.005963083081078033,0.007447852300689386,4.908169239120372e-05,0.013554717129024847,0.9670112047636725
3659,4,4,0.9999362492847349,1.8684091209682374e-05,7.98451622504503e-07,2.5915620832926472e-05,0.9999362492847349,1.8352551600038008e-05,4.374772226925615e-22
3662,2,2,0.9859900754278019,3.838540002431364e-06,0.9859900754278019,0.0050648642370473285,4.969268667197946e-06,0.008936252526481163,2.314846714896258e-23
3663,3,3,0.9999999999969176,1.6248711209470825e-13,5.225541645251123e-21,0.9999999999969176,1.0621428790613702e-14,2.9092776306984817e-12,1.9666260383279786e-35
3664,6,6,0.9672716148991055,0.0059385207359234716,0.005928315607611911,0.0073576950367581625,4.8687903163940706e-05,0.013455165817436963,0.9672716148991055
3665,3,3,0.9999999999969111,1.627954375126266e-13,5.232059308774864e-21,0.9999999999969111,1.0623545347084664e-14,2.915500610366249e-12,1.977783680534542e-35
3666,5,5,0.9871228787555949,5.08985213462178e-05,0.0009420688289347844,2.4434028332967893e-07,3.592498452213749e-05,0.9871228787555949,0.011847984569318777
3668,5,5,0.9875371395916033,5.121441199167636e-05,0.0009312015231828337,2.527989363118363e-07,3.609893752754038e-05,0.9875371395916033,0.011444092736758449
3670,2,2,0.9859492187688231,3.847834650772509e-06,0.9859492187688231,0.005091480723709274,4.98050024265634e-06,0.008950472172574121,2.3147738503316746e-23
3671,2,2,0.9410751278895455,9.080083824412956e-05,0.9410751278895455,0.021296577567792168,3.4188796214596146e-05,0.03750330490820364,2.35861700848222e-17
3673,4,4,0.9999362320224296,1.8705972296685325e-05,7.994263508579363e-07,2.5894614656169607e-05,0.9999362320224296,1.836796426671554e-05,4.378997953320571e-22
3674,2,2,0.9860159631864182,3.823195453901773e-06,0.9860159631864182,0.005016979723223645,4.958878198104436e-06,0.008958275016706234,2.376714602947069e-23
3675,5,5,0.9869411979159962,5.102443254533543e-05,0.0009403013869247381,2.4516994141830475e-07,3.591422697220792e-05,0.9869411979159962,0.012031316867620117
3676,5,5,0.9873936598199208,5.1712182803905174e-05,0.0009523864373841177,2.5417769874604246e-07,3.639542634963096e-05,0.9873936598199208,0.011565591955842912
3677,6,6,0.9675720600810291,0.005874797368750591,0.005871171788948718,0.007306847570648297,4.824958418060128e-05,0.013326873606442715,0.9675720600810291
3678,3,3,0.9999999999968625,1.65715128704566e-13,5.3724666542407126e-21,0.9999999999968625,1.0819899580585201e-14,2.9609839530443975e-12,2.0406336740024056e-35
3679,4,4,0.9999362479393709,1.869437086926063e-05,7.98720371292384e-07,2.5900492594564567e-05,0.9999362479393709,1.8358476793950305e-05,4.3722605196074815e-22
3681,3,3,0.999999999996917,1.62221700071236e-13,5.2187596953817435e-21,0.999999999996917,1.0599408991661662e-14,2.9102056622653896e-12,1.977038830704613e-35
3682,1,1,0.9999972030563212,0.9999972030563212,1.5044509172171753e-11,7.602957457315406e-09,1.707287979881782e-10,2.7891549479823224e-06,7.2336187965809515e-34
3683,5,5,0.9900214739076107,5.2644064607341733e-05,0.0009806205243563261,2.814616793040596e-07,3.6831901272408884e-05,0.9900214739076107,0.00890814814047387
3685,3,3,0.9999999999965512,1.8079123983995742e-13,6.1973979434283e-21,0.9999999999965512,1.1791883299610844e-14,3.256308824467031e-12,2.4913038059664264e-35
3686,3,3,0.9999999999969239,1.6206517766176334e-13,5.204007845765048e-21,0.9999999999969239,1.0583428550185604e-14,2.9034995178542424e-12,1.9639568565346126e-35
3687,4,4,0.9999362625783483,1.8680171955327907e-05,7.989140840727734e-07,2.5904569996408588e-05,0.9999362625783483,1.835376561584557e-05,4.370168469771527e-22
3688,3,3,0.9999999999969268,1.6186810494095466e-13,5.199129569640853e-21,0.9999999999969268,1.0573829384047836e-14,2.9007816736810046e-12,1.9603296315853259e-35
3689,5,5,0.9870303118620638,5.094434955349761e-05,0.0009395966924474171,2.449271353806391e-07,3.5927612578511717e-05,0.9870303118620638,0.011942974556221413
3690,3,3,0.9999999999969282,1.6170467787684166e-13,5.1933101576467124e-21,0.9999999999969282,1.0569936287913051e-14,2.89951477881683e-12,1.9637193938447923e-35
3691,2,2,0.9860198208027801,3.826042490374276e-06,0.9860198208027801,0.005031894087557387,4.959015255775922e-06,0.008939500051916457,2.3383928474810892e-23
3693,6,6,0.9676459487646868,0.005869245361120436,0.005859168542092765,0.0072763163871111475,4.812959008293957e-05,0.013301191354905878,0.9676459487646868
3694,2,2,0.985984683184341,3.839163995568589e-06,0.985984683184341,0.005069912029850448,4.969793679947654e-06,0.008936595828133172,2.305116904644486e-23
3695,3,3,0.9999999999969253,1.618797876345297e-13,5.1978604418436205e-21,0.9999999999969253,1.0575613758465069e-14,2.902226192840853e-12,1.9682239294439145e-35
3697,4,4,0.9999362925860753,1.8677692765149246e-05,7.983121146516e-07,2.5888502230285073e-05,0.9999362925860753,1.8342906814574272e-05,4.368673310955657e-22
3699,1,1,0.9999971939723143,0.9999971939723143,1.5089974197368442e-11,7.645307194795871e-09,1.7147989329719136e-10,2.7981958086305383e-06,7.271898422117182e-34
3702,6,6,0.9639948794262938,0.006529917962915526,0.006490403571001355,0.008084309406249,5.352373233686001e-05,0.014846965901203452,0.9639948794262938
3703,4,4,0.9999361428417597,1.8714169570960644e-05,7.99252702467854e-07,2.5962068719974033e-05,0.9999361428417597,1.838166724691025e-05,4.375153240516925e-22
3705,5,5,0.9873327602547387,5.2175121921569826e-05,0.000957571668277283,2.5671274529751474e-07,3.642864284194892e-05,0.9873327602547387,0.011620807599475202
3706,5,5,0.9876460548813881,5.1170267195296995e-05,0.0009596750633090218,2.518505349431041e-07,3.613070019909114e-05,0.9876460548813881,0.011306717237373528
3708,2,2,0.9859493878457511,3.850301431960861e-06,0.9859493878457511,0.005085954148373861,4.985242574951676e-06,0.008955822461868088,2.3239229285921736e-23
3710,6,6,0.967487474794865,0.005907454864687963,0.005884993469008092,0.007307775899917933,4.834092415355903e-05,0.01336396004736747,0.967487474794865
3711,4,4,0.9999362828772662,1.8675008898910522e-05,7.977650557459586e-07,2.590311847303296e-05,0.9999362828772662,1.8341230306075798e-05,4.365896311996308e-22
3712,5,5,0.9869611389528384,5.0904507941038364e-05,0.000938312987222556,2.4465191416094443e-07,3.5895220143707985e-05,0.9869611389528384,0.012013503679940127
3713,4,4,0.999936093617353,1.8713889683546285e-05,8.006600308749567e-07,2.5993175925446913e-05,0.999936093617353,1.839865700724381e-05,4.399221101344426e-22
3714,3,3,0.9999999999969293,1.6168408929636773e-13,5.192028680043806e-21,0.9999999999969293,1.056916990846862e-14,2.8985025752048816e-12,1.9609097517565574e-35
3716,5,5,0.9870287927862922,5.082734352642771e-05,0.0009396803941170315,2.4461154203115514e-07,3.5908233574551535e-05,0.9870287927862922,0.011944546630947751
3717,1,1,0.9999971962161707,0.9999971962161707,1.5089521050123686e-11,7.62937019903001e-09,1.7134637507161824e-10,2.7959680233006397e-06,7.265244560834935e-34
3718,3,3,0.9999999999969286,1.617469548819023e-13,5.192921576493399e-21,0.9999999999969286,1.0563183905705574e-14,2.8991406384742278e-12,1.9584722635736797e-35
3722,3,3,0.9999999999969198,1.6240360324089334e-13,5.220457650284181e-21,0.9999999999969198,1.0614614378441903e-14,2.9071484406375632e-12,1.9660129702882225e-35
3723,4,4,0.9999362203449281,1.8705449834742157e-05,7.989335671941332e-07,2.5910034352253092e-05,0.9999362203449281,1.8365237317717037e-05,4.371176366701191e-22
3724,5,5,0.987013808499754,5.0869389543988114e-05,0.0009426418572322103,2.4402031835321854e-07,3.590672589630156e-05,0.987013808499754,0.011956529507255207
3725,3,3,0.9999999999969063,1.6289762504962398e-13,5.245179860288342e-21,0.9999999999969063,1.0646805208580254e-14,2.920173842750684e-12,1.992355249368343e-35
3726,3,3,0.9999999999969191,1.6229936142666847e-13,5.2182071559712105e-21,0.9999999999969191,1.0597365574517503e-14,2.9080104962850322e-12,1.9698690478849657e-35
3728,4,4,0.9999361937439927,1.869418988853684e-05,7.981692753351035e-07,2.595368181003892e-05,0.9999361937439927,1.8360215033479186e-05,4.377019446028477e-22
3730,3,3,0.9999999999969286,1.6183571167137755e-13,5.1943036711863465e-21,0.9999999999969286,1.0571443332270965e-14,2.8990179978699574e-12,1.9570763851043776e-35
3732,4,4,0.9999361703657241,1.870420994120113e-05,7.995936395882235e-07,2.5952736938813986e-05,0.9999361703657241,1.837309375633054e-05,4.38407709272834e-22
3733,4,4,0.9999358248782476,1.879493165988372e-05,8.064441858991914e-07,2.6075883798226826e-05,0.9999358248782476,1.8497862108432656e-05,4.431802014264255e-22
3734,2,2,0.9858461329746581,3.897158022315968e-06,0.9858461329746581,0.00512499426948029,5.03234604492769e-06,0.00901994325179442,2.3783828598766074e-23
3735,2,2,0.9860130093338766,3.820717618313906e-06,0.9860130093338766,0.005054729393777505,4.9524998215046975e-06,0.008923488054906255,2.3130830132766318e-23
3736,5,5,0.9870524486007881,5.1006269727856755e-05,0.0009350480277620972,2.4621312160806385e-07,3.592820724807295e-05,0.9870524486007881,0.011925322681352294
3737,6,6,0.9662258913641844,0.006153910479579641,0.0060817342976248545,0.007599813692849642,5.027798389462827e-05,0.013888372181866851,0.9662258913641844
3738,6,6,0.9666126276456124,0.006069895727826374,0.0060312569901716274,0.007507822465929316,4.9730145140420495e-05,0.013728667025319812,0.9666126276456124
3739,5,5,0.9870388912186627,5.0808218162469134e-05,0.0009392916378479037,2.446115821087613e-07,3.587733828815252e-05,0.9870388912186627,0.011934886975456626
3740,2,2,0.9859842477240867,3.833520794631284e-06,0.9859842477240867,0.0050721741316710365,4.967216824852426e-06,0.008934777406622895,2.3064968139085408e-23
3742,5,5,0.9871154816404528,5.1063213488181196e-05,0.0009394439262995937,2.455462398458951e-07,3.596148420188407e-05,0.9871154816404528,0.01185780418931766
3743,2,2,0.9859345190227294,3.853582980136455e-06,0.9859345190227294,0.005090295797688577,4.991219162912449e-06,0.00896634037743895,2.3366379021307342e-23
3744,1,1,0.9999971996284618,0.9999971996284618,1.506622538977935e-11,7.610176819571312e-09,1.7093787475557436e-10,2.7925753574389583e-06,7.2537787977977935e-34
3745,3,3,0.9999999999969241,1.6214654579223918e-13,5.205524412606481e-21,0.9999999999969241,1.0591097262677688e-14,2.903246945377361e-12,1.96169833063556e-35
3748,1,1,0.9999971964482091,0.9999971964482091,1.5089510621635595e-11,7.633941836555522e-09,1.7131300131504256e-10,2.7957314467537955e-06,7.260682142367698e-34
3750,1,1,0.9999971989557475,0.9999971989557475,1.5066414431911136e-11,7.6183209852026e-09,1.7110242452861733e-10,2.793239762714146e-06,7.234279530552946e-34
3756,3,3,0.9999999999969271,1.617629638510774e-13,5.193604497435982e-21,0.9999999999969271,1.0566041314335766e-14,2.9005967580947347e-12,1.9625800390043777e-35
3757,4,4,0.9999359960920309,1.8771440609905004e-05,8.023539376412878e-07,2.598621912659068e-05,0.9999359960920309,1.8443894295015123e-05,4.414344561569095e-22
3759,5,5,0.9871997736868848,5.085159832661392e-05,0.0009526844785087142,2.455063294808566e-07,3.5950723964503994e-05,0.9871997736868848,0.011760494005985915
3760,6,6,0.9673573028467161,0.0059255444861295884,0.005904316631056323,0.007346581376160255,4.859416949504902e-05,0.013417660490442785,0.9673573028467161
3761,5,5,0.9875817850723769,5.0996527977851303e-05,0.000957100598549045,2.4763565902692065e-07,3.601021019741288e-05,0.9875817850723769,0.011373859955239757
3762,5,5,0.9870379979154017,5.0752608712341876e-05,0.0009415738281310998,2.4394583179164417e-07,3.586407893510822e-05,0.9870379979154017,0.011933567622987924
3763,3,3,0.9999999999969322,1.6154877252240507e-13,5.184213257563349e-21,0.9999999999969322,1.0554527581850154e-14,2.8956982853479726e-12,1.9550258682341058e-35
3764,4,4,0.9999361878871902,1.867858919082585e-05,7.984862761973472e-07,2.5974355904070923e-05,0.9999361878871902,1.8360681438761864e-05,4.370396111673894e-22
3765,2,2,0.9859737420624661,3.8430525576190916e-06,0.9859737420624661,0.005076480475775747,4.974886157444365e-06,0.008940959523043064,2.3113154519594562e-23
3766,2,2,0.9859412504475197,3.856001674510756e-06,0.9859412504475197,0.005092371521220299,4.987509757274431e-06,0.008957534519828178,2.3274512806019404e-23
3767,4,4,0.9999362273172695,1.870055561634283e-05,7.990497125586155e-07,2.590868980730257e-05,0.9999362273172695,1.836438759431323e-05,4.373551972349343e-22
3768,4,4,0.9999362197059068,1.8688855057285506e-05,7.989710715815852e-07,2.5931621213362204e-05,0.9999362197059068,1.836084675090716e-05,4.375626947206214e-22
3769,3,3,0.9999999999969029,1.6330258358363203e-13,5.261994868908839e-21,0.9999999999969029,1.0668044072382829e-14,2.923150123478815e-12,1.9865813219216702e-35
3770,3,3,0.9999999999969283,1.6173897901245263e-13,5.195303854100365e-21,0.9999999999969283,1.0574465385162378e-14,2.899372802422997e-12,1.9617905258304528e-35
3771,2,2,0.9843139134892684,4.490287564904484e-06,0.9843139134892684,0.005832498086115755,5.672605931736205e-06,0.009843425531119129,3.138825842731453e-23
3772,4,4,0.9999361992030654,1.8703050150213457e-05,7.986649112038252e-07,2.593313095455664e-05,0.9999361992030654,1.8365950918643454e-05,4.373698541981255e-22
3774,5,5,0.9871653236610359,5.0993146913487355e-05,0.0009427780446296028,2.4603538082456727e-07,3.600316924811002e-05,0.9871653236610359,0.011804655942792095
3775,5,5,0.9868974017003934,5.0901863323745784e-05,0.0009442952596132535,2.4467851468298977e-07,3.59113616483367e-05,0.9868974017003934,0.012071245136506634
3776,3,3,0.9999999999969239,1.6203667627351433e-13,5.2048523957646316e-21,0.9999999999969239,1.0585291965155586e-14,2.9036027285087215e-12,1.9652731423757995e-35
3777,1,1,0.9999971969569609,0.9999971969569609,1.5073303406259295e-11,7.628268569579237e-09,1.712575625596282e-10,2.795228439740868e-06,7.244063499600854e-34
3778,4,4,0.9999362985400293,1.8672278569290716e-05,7.977114087027468e-07,2.589639585094647e-05,0.9999362985400293,1.8335074141737532e-05,4.36430383295783e-22
3779,5,5,0.98718106417343,5.076173954135228e-05,0.0009443217896569542,2.450494319847394e-07,3.588141281163443e-05,0.98718106417343,0.011787725835128202
3781,5,5,0.9869831542588616,5.085272766303526e-05,0.0009427500234647313,2.441813153595698e-07,3.592508502674016e-05,0.9869831542588616,0.011987073723668475
3783,5,5,0.9896753527150317,5.40438640170969e-05,0.00099030117295979,2.9291185265672777e-07,3.7865044599234324e-05,0.9896753527150317,0.009242144291539457
3785,4,4,0.9999361228534176,1.8692832200913846e-05,7.995430402481144e-07,2.5999456206581555e-05,0.9999361228534176,1.8385315134645417e-05,4.378845392404446e-22
3786,2,2,0.986007646437369,3.829572539108756e-06,0.986007646437369,0.005054992064908278,4.96040740601012e-06,0.008928571517777642,2.3177859406113127e-23
3787,2,2,0.9858510062790425,3.890165855939751e-06,0.9858510062790425,0.005137104661307581,5.026171851456466e-06,0.009002972721942505,2.348785939598361e-23
3790,1,1,0.9999971998554397,0.9999971998554397,1.5063991007465393e-11,7.619939459253125e-09,1.7100150911945353e-10,2.792338555421011e-06,7.247300627762082e-34
3791,6,6,0.9675541869727656,0.005885262919384937,0.005877340379522926,0.007300711086718658,4.827263742518742e-05,0.013334226004182716,0.9675541869727656
3792,1,1,0.9999971846106325,0.9999971846106325,1.5221439622489727e-11,7.679794630046286e-09,1.723796635141375e-10,2.8075219718664567e-06,7.475119886688806e-34
3793,3,3,0.9999999999969167,1.6238496729062987e-13,5.224413452557561e-21,0.9999999999969167,1.06149927242443e-14,2.9102795023405206e-12,1.9748428921093627e-35
3794,2,2,0.9858874314681247,3.879862634598627e-06,0.9858874314681247,0.005116870467984092,5.011155423850404e-06,0.008986807045832658,2.3509807748166365e-23
3795,5,5,0.9876722107662119,5.1019426682116946e-05,0.000949884026546873,2.5092376509291557e-07,3.605907400282689e-05,0.9876722107662119,0.01129057578279115
3796,4,4,0.999936213205024,1.8691642951930548e-05,7.990755331965723e-07,2.5930018803872478e-05,0.999936213205024,1.836605768704949e-05,4.375420702692821e-22
3799,2,2,0.9859744561077863,3.835091238900528e-06,0.9859744561077863,0.005057122809175367,4.967116073207867e-06,0.00895961887572616,2.3737049220925966e-23
3801,1,1,0.9999972005945512,0.9999972005945512,1.5070596618756684e-11,7.612619442484126e-09,1.7089964727831555e-10,2.791606859168406e-06,7.264329991694071e-34
3803,6,6,0.9676862367505175,0.005861892569605009,0.005857761978635834,0.007264208384305602,4.806695196287216e-05,0.013281833364973175,0.9676862367505175
3805,1,1,0.9999971943195862,0.9999971943195862,1.5140257195292944e-11,7.639222501063792e-09,1.714801191789107e-10,2.7978545709444787e-06,7.3952674861384525e-34
3806,2,2,0.9859839066272773,3.8402169227964865e-06,0.9859839066272773,0.005070642716890349,4.969461602087354e-06,0.008936640977307468,2.31657450899447e-23
3808,4,4,0.9999357071595226,1.885837976057448e-05,8.05864709304322e-07,2.61082434988693e-05,0.9999357071595226,1.8520352508602124e-05,4.439971970940314e-22
3809,5,5,0.9870057534862174,5.098496481849807e-05,0.0009419002425344862,2.4461189871792614e-07,3.5921547965680545e-05,0.9870057534862174,0.011965195146565084
3810,1,1,0.9999971904633581,0.9999971904633581,1.5134485112278182e-11,7.649683858576576e-09,1.7172271067240698e-10,2.8017001007833616e-06,7.3412851605978374e-34
3811,4,4,0.9999361659708372,1.871624003869363e-05,7.98880333716569e-07,2.594543086890105e-05,0.9999361659708372,1.837347792141204e-05,4.367747130225959e-22
3812,4,4,0.9999361843810418,1.8690581709298432e-05,7.99298942840119e-07,2.5955198863021232e-05,0.9999361843810418,1.8370539442945197e-05,4.370158864100427e-22
3817,5,5,0.987048671721649,5.098655417174582e-05,0.0009371116361780014,2.460513720150688e-07,3.593091113701073e-05,0.987048671721649,0.011927053125492198
3818,2,2,0.9858469900386174,3.898398028597037e-06,0.9858469900386174,0.005121710235148899,5.031776248620802e-06,0.009022369551956493,2.41736466954448e-23
3819,2,2,0.986000448988157,3.8317457465015805e-06,0.986000448988157,0.005056316080408184,4.960965690949626e-06,0.008934442219997481,2.3218065961629028e-23
3821,3,3,0.999999999996898,1.6376095339074262e-13,5.275628352898041e-21,0.999999999996898,1.0685217875582965e-14,2.9275017688466773e-12,1.989556321137034e-35
3824,5,5,0.9871547145620522,5.0966863516549274e-05,0.0009404184662267653,2.453210277099408e-07,3.593075111804973e-05,0.9871547145620522,0.011817724036058757
3825,5,5,0.9870281826092409,5.08897723473877e-05,0.0009390745401497139,2.443519407824219e-07,3.5903433564103204e-05,0.9870281826092409,0.011945705292757191
3826,6,6,0.9673121733333694,0.005927808319644829,0.005921746739134374,0.007338047470705441,4.866171373259156e-05,0.01345156242341338,0.9673121733333694
3827,2,2,0.9854380632908079,4.115324013324508e-06,0.9854380632908079,0.005286925195907781,5.220669306892721e-06,0.009265675519964189,2.6215589551707094e-23
3828,4,4,0.9999362557593585,1.867571204747015e-05,7.978915185042395e-07,2.5923164536320772e-05,0.9999362557593585,1.8347472539234906e-05,4.362999365875456e-22
3829,5,5,0.9871451803334947,5.101008548879697e-05,0.0009406194351300079,2.449287004351434e-07,3.594636570750759e-05,0.9871451803334947,0.011826998851478546
3830,3,3,0.9999999999969258,1.6192076073831615e-13,5.199344597837684e-21,0.9999999999969258,1.0575600007143897e-14,2.901762221224079e-12,1.9614010917694886e-35
3831,3,3,0.9999999999969225,1.619468938677045e-13,5.202135951325756e-21,0.9999999999969225,1.0578365184793221e-14,2.9049927154437824e-12,1.9743705616945916e-35
3832,1,1,0.99999720014022,0.99999720014022,1.506035966301539e-11,7.6150034551826e-09,1.710209583238899e-10,2.792058695201406e-06,7.238849429705262e-34
3834,6,6,0.9674949312387077,0.005892650254183461,0.005887284493804839,0.007312479803788557,4.838105275806507e-05,0.013364273156757376,0.9674949312387077
3835,3,3,0.9999999999969158,1.6264684826833388e-13,5.2256312414529165e-21,0.9999999999969158,1.0618142887126501e-14,2.910938854852834e-12,1.969431976210094e-35
3836,2,2,0.9859385775182975,3.8541858632013714e-06,0.9859385775182975,0.005090666291562177,4.98885454364692e-06,0.008961913149733368,2.316095421788245e-23
3838,1,1,0.9999971963830515,0.9999971963830515,1.5100499313456563e-11,7.62254924855509e-09,1.7118924815083053e-10,2.7958081094970513e-06,7.280933026588552e-34
3839,3,3,0.9999999999969186,1.6237876113271039e-13,5.217311634674356e-21,0.9999999999969186,1.0600599650636566e-14,2.9084942011161977e-12,1.9691902966508939e-35
3840,6,6,0.9671979959312357,0.00594882421682183,0.005938729732172323,0.007358953585181652,4.875206064875704e-05,0.013506744473939764,0.9671979959312357
3841,2,2,0.9859535296905538,3.862444093396403e-06,0.9859535296905538,0.005078693954446562,4.986362765924761e-06,0.008958927548140256,2.3586411078867178e-23
3842,5,5,0.9870961711843238,5.0821692275645026e-05,0.0009439100483845854,2.4427028796463033e-07,3.590219191379709e-05,0.9870961711843238,0.011872950612814187
3844,2,2,0.985707412608741,3.979716512453267e-06,0.985707412608741,0.005175508559419896,5.111826988344677e-06,0.0091079872883383,2.602021618528656e-23
3845,4,4,0.9999362086597903,1.8683002119197684e-05,7.977955791785659e-07,2.595505726624549e-05,0.9999362086597903,1.8355485245182448e-05,4.370555692292291e-22
3847,1,1,0.9999972013490458,0.9999972013490458,1.5049129636849637e-11,7.608747476781232e-09,1.7083985421488018e-10,2.790856317624992e-06,7.220256506425638e-34
3849,4,4,0.9999362068133074,1.8692154900498756e-05,7.987699116562966e-07,2.594042286339593e-05,0.9999362068133074,1.836183901706042e-05,4.373402510586687e-22
3850,2,2,0.9859784665196242,3.841847606910115e-06,0.9859784665196242,0.00507236896466365,4.972472838522822e-06,0.00894035019526675,2.314992374049187e-23
3851,6,6,0.9675408204792402,0.00588786023372612,0.005882756982258102,0.007297075390482828,4.829091052133633e-05,0.013343196003771436,0.9675408204792402
3852,4,4,0.9999362448536564,1.8679475238468907e-05,7.986542542286445e-07,2.592354569921709e-05,0.9999362448536564,1.8353471151656466e-05,4.37516442818773e-22
3853,3,3,0.9999999999969226,1.6210031090931865e-13,5.210147366778218e-21,0.9999999999969226,1.0596188240259521e-14,2.9047783527475223e-12,1.9641570586973892e-35
3854,3,3,0.9999999999969194,1.6237740967877792e-13,5.221100266064492e-21,0.9999999999969194,1.0617986523573109e-14,2.9076233873986647e-12,1.9701641284387404e-35
3855,2,2,0.9857898501874441,3.918928241052516e-06,0.9857898501874441,0.0051533030053240985,5.054346296398142e-06,0.009047873532694413,2.4445486786146503e-23
3856,2,2,0.9854435883043061,4.114183879335941e-06,0.9854435883043061,0.005268665588379527,5.2243610376975e-06,0.009278407562397256,2.969976129531779e-23
3858,2,2,0.986015167902433,3.826487822933001e-06,0.986015167902433,0.005039152073960514,4.959742212144132e-06,0.008936893793571281,2.3368592317059625e-23
3860,3,3,0.999999999996924,1.6204317045604065e-13,5.198942451158025e-21,0.999999999996924,1.0576241422010547e-14,2.9032976410903025e-12,1.966716775179076e-35
3861,5,5,0.9871447530961347,5.096578050582766e-05,0.0009368792244774418,2.477908890807998e-07,3.5944167337285745e-05,0.9871447530961347,0.01183120994065572
3862,4,4,0.9999362438671661,1.8679454866555163e-05,7.978482108567599e-07,2.5932196236264084e-05,0.9999362438671661,1.8346633520390465e-05,4.366837057481206e-22
3864,1,1,0.9999971974920061,0.9999971974920061,1.5105150060060403e-11,7.626993734564545e-09,1.71226799053103e-10,2.7946946682681713e-06,7.317446354089925e-34
3866,5,5,0.987045725844386,5.07872879150252e-05,0.000943420630745157,2.442896063274093e-07,3.5889366496434026e-05,0.987045725844386,0.011923932580851107
3867,3,3,0.9999999999969202,1.6228281850298173e-13,5.2149907879453065e-21,0.9999999999969202,1.0600555067754171e-14,2.9068460404867784e-12,1.9673376787618507e-35
3870,5,5,0.9869759704766393,5.0844021559390825e-05,0.0009383100024229034,2.454303177998165e-07,3.5894500062276864e-05,0.9869759704766393,0.011998735568998338
3871,3,3,0.9999999999969215,1.6214155144449624e-13,5.2146330592687914e-21,0.9999999999969215,1.0598488852978744e-14,2.905889157608358e-12,1.9656194347012623e-35
3873,4,4,0.9999361421917163,1.8721138637027096e-05,8.000018059587678e-07,2.5950198400927656e-05,0.9999361421917163,1.838646943980924e-05,4.38506066556506e-22
3874,6,6,0.9674417786516961,0.005906695943646545,0.0058987475286361125,0.007316484065141372,4.8442465559067204e-05,0.013387851345320818,0.9674417786516961
3876,1,1,0.9999971960297146,0.9999971960297146,1.508434488784015e-11,7.633152609813745e-09,1.7137088860145873e-10,2.796150677586912e-06,7.2624150623993755e-34
3878,1,1,0.9999971989784181,0.9999971989784181,1.508303803618973e-11,7.619547352300191e-09,1.71087763256602e-10,2.793215863771018e-06,7.299209970296052e-34
3880,4,4,0.9999362103620242,1.86956205182312e-05,7.987042224478079e-07,2.5935220817520785e-05,0.9999362103620242,1.836009241760484e-05,4.370098196068139e-22
3881,1,1,0.9999971984232137,0.9999971984232137,1.507308800114573e-11,7.621197744538937e-09,1.7108021232131256e-10,2.7937694352659663e-06,7.249271016255623e-34
3882,4,4,0.9999361962069461,1.8713571078673674e-05,7.990855757845154e-07,2.5920421685912347e-05,0.9999361962069461,1.837071471356958e-05,4.370840355656934e-22
3883,1,1,0.9999971993087645,0.9999971993087645,1.5073470133030908e-11,7.622851389455704e-09,1.7102932073676447e-10,2.7928822813141696e-06,7.249063048633191e-34
3884,4,4,0.9999362267681109,1.868553365924888e-05,7.99100540454904e-07,2.5929824058471578e-05,0.9999362267681109,1.8358773630879796e-05,4.387090778350668e-22
3886,1,1,0.9999971979290861,0.9999971979290861,1.5096291313133408e-11,7.621034778867435e-09,1.7108409393144065e-10,2.7942636986836724e-06,7.281991010286598e-34
3887,2,2,0.9859017742448541,3.868261573482271e-06,0.9859017742448541,0.005059343642024672,5.009785102085973e-06,0.009030004066445572,2.4380073192158423e-23
3888,6,6,0.967561672065275,0.0058816825897710446,0.005879478005013386,0.0072918542598882094,4.8271640911474465e-05,0.013337041439140943,0.967561672065275
3889,5,5,0.9870679565488302,5.096294553557477e-05,0.0009405085164886721,2.4515083916425914e-07,3.593835372167731e-05,0.9870679565488302,0.011904388484584732
3890,2,2,0.9859730802754856,3.84551081177522e-06,0.9859730802754856,0.005074508862321482,4.977613485517816e-06,0.00894358773789565,2.3149176977575786e-23
3891,5,5,0.9870714602416449,5.086719052863766e-05,0.0009398954570783005,2.4467580048614297e-07,3.588563766557269e-05,0.9870714602416449,0.011901646797282112
3892,3,3,0.9999999999968889,1.6419136427983238e-13,5.308389451677168e-21,0.9999999999968889,1.0771986593731747e-14,2.936046401531327e-12,1.9974575875453287e-35
3895,1,1,0.9999971992545864,0.9999971992545864,1.5071268246377514e-11,7.620218469622172e-09,1.710509869997051e-10,2.7929390728990224e-06,7.246964119382221e-34
3896,3,3,0.9999999999969196,1.622864789779534e-13,5.214613287480691e-21,0.9999999999969196,1.0596475763943622e-14,2.907592345570871e-12,1.9710552187291493e-35
3897,3,3,0.9999999999969313,1.6149255127427348e-13,5.18299484677978e-21,0.9999999999969313,1.0550622747320713e-14,2.8965184690170973e-12,1.958659145790826e-35
3899,1,1,0.9999971958289985,0.9999971958289985,1.512274447230504e-11,7.634275682640453e-09,1.71398168303427e-10,2.7963502048988064e-06,7.354862778248332e-34
3900,4,4,0.9999355042830386,1.889115937348425e-05,8.057946841652959e-07,2.624041068913369e-05,0.9999355042830386,1.8558352214726474e-05,4.474064961549181e-22
3901,6,6,0.9673065783039679,0.005929239303301023,0.0059110192076965735,0.007365476424945644,4.863506475073734e-05,0.013439051695338055,0.9673065783039679
3902,4,4,0.9999359840718248,1.8742550858156986e-05,8.02389337245512e-07,2.6037899024143167e-05,0.9999359840718248,1.8433088955677745e-05,4.407979908463671e-22
3904,3,3,0.9999999999969184,1.6239099691473127e-13,5.219078019201218e-21,0.9999999999969184,1.060475815336244e-14,2.9085690191544477e-12,1.9701037274138925e-35
3906,3,3,0.9999999999969191,1.6236889374935706e-13,5.220816097503228e-21,0.9999999999969191,1.061208695787753e-14,2.907846404582074e-12,1.968782058408758e-35
3907,6,6,0.9652048208992401,0.0062548926019707065,0.006243844396709697,0.007949447563483958,5.1774998677936276e-05,0.014295219539917652,0.9652048208992401
3908,1,1,0.9999971959397823,0.9999971959397823,1.5084462501912172e-11,7.636011073694419e-09,1.71350187972506e-10,2.7962377720225525e-06,7.247920721306019e-34
3909,6,6,0.9665761287085272,0.006084082654786449,0.006028661170391532,0.0075198275244439,4.97589760647973e-05,0.013741540965786182,0.9665761287085272
3910,4,4,0.9999362284866923,1.869352548054325e-05,7.984192280273713e-07,2.592118590876953e-05,0.9999362284866923,1.835838269034297e-05,4.3682465125329385e-22
3911,3,3,0.9999999999969271,1.618621643231662e-13,5.196372190854735e-21,0.9999999999969271,1.0571315510931401e-14,2.9004552341212697e-12,1.960715659343264e-35
3912,1,1,0.9999972008983633,0.9999972008983633,1.5084775189226245e-11,7.607901335063603e-09,1.708534610357727e-10,2.7913077971186004e-06,7.3013955174516865e-34
3913,2,2,0.985769136810913,3.902867134203145e-06,0.985769136810913,0.005166124802767725,5.04743846849768e-06,0.009055788080716524,2.378684156484885e-23
3914,4,4,0.999936213119454,1.8700462228058882e-05,7.986460654760984e-07,2.592565998297612e-05,0.999936213119454,1.836211226950035e-05,4.371496275338981e-22
3916,2,2,0.98599149266011,3.8360162683035685e-06,0.98599149266011,0.005065746753897553,4.9663891658780005e-06,0.008933958180558204,2.313455690671936e-23
3917,4,4,0.9999362147287469,1.870294749759255e-05,7.988317472927819e-07,2.5920958657898676e-05,0.9999362147287469,1.836253335027676e-05,4.3762897662013925e-22
3919,6,6,0.9673043458810743,0.005941213212031663,0.005910922962995315,0.007355700248623351,4.8638982860401753e-05,0.013439178712415014,0.9673043458810743
3920,3,3,0.9999999999969267,1.6181121824790419e-13,5.2010783990565524e-21,0.9999999999969267,1.0576836201597133e-14,2.9010566631725514e-12,1.9611979608273331e-35
3921,5,5,0.9869769764542727,5.094427597715147e-05,0.0009409496803927356,2.443902364487787e-07,3.591957989235659e-05,0.9869769764542727,0.011994965619228535
3923,5,5,0.988327113946571,5.108492983208366e-05,0.0009743286272382926,2.539406629204916e-07,3.621065971239581e-05,0.988327113946571,0.010611007895983267
3925,4,4,0.9999362507698835,1.8685286554291148e-05,7.982165571196954e-07,2.5913882235031145e-05,0.9999362507698835,1.835184477009656e-05,4.360086827684386e-22
3926,5,5,0.9870158751464023,5.0869468980091703e-05,0.0009391579445172862,2.447762455412423e-07,3.590926664208927e-05,0.9870158751464023,0.011957943397212671
3927,1,1,0.9999971778953098,0.9999971778953098,1.528919224918428e-11,7.695080975912047e-09,1.7270276530379417e-10,2.8142216171713116e-06,7.59458936683281e-34
3928,6,6,0.967616047533477,0.005872813589452994,0.005868770516653621,0.007281181536942859,4.8158711463392034e-05,0.013313028112010204,0.967616047533477
3929,2,2,0.9859785213258707,3.8434647905457e-06,0.9859785213258707,0.0050708262880925946,4.97335237833421e-06,0.008941835568867847,2.3154494929127306e-23
3930,6,6,0.967514988812536,0.0058910117578230255,0.005880594154442154,0.007307576475749075,4.8287847247679865e-05,0.01335754095220215,0.967514988812536
3932,3,3,0.9999999999969182,1.6238283673313012e-13,5.2217139611912476e-21,0.9999999999969182,1.0608564426977629e-14,2.908642940737198e-12,1.9713276120737174e-35
3933,3,3,0.9999999999969238,1.6193379215396659e-13,5.203578844169687e-21,0.9999999999969238,1.057915702398447e-14,2.903758443080288e-12,1.9667199791502817e-35
3934,4,4,0.999936152315294,1.872085243674541e-05,7.986796587201768e-07,2.5953102498102027e-05,0.999936152315294,1.83750501125185e-05,4.372206921369939e-22
3937,3,3,0.9999999999969214,1.622073033304751e-13,5.211885357858241e-21,0.9999999999969214,1.0594788873997202e-14,2.905855029245193e-12,1.9663854086343263e-35
3940,1,1,0.9999972022203951,0.9999972022203951,1.5045259099808853e-11,7.610967076594167e-09,1.708493559799362e-10,2.7899827432139463e-06,7.2231944081638164e-34
3942,4,4,0.9999362039443345,1.870906095429906e-05,7.990628666621363e-07,2.592029356212213e-05,0.9999362039443345,1.836763828249243e-05,4.378958794755349e-22
3945,2,2,0.9857271020312222,3.95221117843019e-06,0.9857271020312222,0.005176034608146198,5.085670564842776e-06,0.009087825478888291,2.5074143160308472e-23
3946,2,2,0.9859155585364551,3.862798605339604e-06,0.9859155585364551,0.005099747963765002,5.00063282912679e-06,0.008975830068345498,2.3401759510896346e-23
3947,1,1,0.9999971952578467,0.9999971952578467,1.508442819044863e-11,7.637768891548182e-09,1.7138902973414083e-10,2.796917911087141e-06,7.250587424222616e-34
3948,4,4,0.9999362484416908,1.8683803737516422e-05,7.983207910711501e-07,2.5919087018820183e-05,0.9999362484416908,1.8350346761836177e-05,4.374782184076229e-22
3950,5,5,0.9870464365011635,5.106863950560707e-05,0.0009389957058180978,2.4696883945128144e-07,3.5976955118823864e-05,0.9870464365011635,0.011927275229554541
3952,3,3,0.9999999999969194,1.6232029862554342e-13,5.220142956139676e-21,0.9999999999969194,1.0609989561560178e-14,2.907766285694031e-12,1.966082650332022e-35
3955,3,3,0.9999999999969263,1.6189693470158965e-13,5.196071853335936e-21,0.9999999999969263,1.056991895239319e-14,2.901203508742882e-12,1.9631582703906165e-35
3956,5,5,0.9869783897017662,5.0869006214876457e-05,0.0009402806609544604,2.440908712149145e-07,3.590551436671336e-05,0.9869783897017662,0.011994311025826574
3958,5,5,0.98709553756019,5.0821616896504156e-05,0.0009406058484204665,2.4501394366678296e-07,3.588749374828624e-05,0.98709553756019,0.011876902466801141
3959,4,4,0.9999360140762682,1.8707351638036904e-05,7.989574152800899e-07,2.608599637068339e-05,0.9999360140762682,1.8393618307766462e-05,4.372752921516858e-22
3960,5,5,0.9869538333254789,5.089879781458632e-05,0.0009391586750014563,2.4417595440839894e-07,3.5877812134286384e-05,0.9869538333254789,0.012019987213616317
3961,4,4,0.9999361013088169,1.8718108425664876e-05,8.007800409512239e-07,2.5983363741732205e-05,0.9999361013088169,1.839643897474138e-05,4.391849496735522e-22
3962,2,2,0.9859306886752598,3.860282311228056e-06,0.9859306886752598,0.005019673083731866,5.00293375799073e-06,0.009040775024939175,2.4935824513334062e-23
3963,3,3,0.9999999999961741,1.9743349407140717e-13,7.18317700784489e-21,0.9999999999961741,1.2953131209102343e-14,3.6155831061419376e-12,3.1086385865845207e-35
3964,1,1,0.9999972024008779,0.9999972024008779,1.505433700993422e-11,7.603463530036527e-09,1.7075268938410413e-10,2.789809851714802e-06,7.242979627215558e-34
3965,4,4,0.9999361849451948,1.8680309685725642e-05,7.986601577445903e-07,2.597345140160818e-05,0.9999361849451948,1.8362633560167557e-05,4.3706924484660665e-22
3966,3,3,0.9999999999969289,1.6166821107319953e-13,5.192184302707657e-21,0.9999999999969289,1.0568051142294282e-14,2.89895668492455e-12,1.9614989713430723e-35
3967,1,1,0.9999971907909231,0.9999971907909231,1.513375993419633e-11,7.650170057341264e-09,1.716750181921934e-10,2.8013720980686175e-06,7.285290113894474e-34
3971,4,4,0.9999362198930819,1.8695732689661184e-05,7.983674833543942e-07,2.592918000017164e-05,0.9999362198930819,1.8356826744914307e-05,4.372042914537724e-22
3972,6,6,0.9664127244259919,0.0061053888898813715,0.006061287892920794,0.007563392846156461,4.9961915255187725e-05,0.013807244029794318,0.9664127244259919
3973,3,3,0.9999999999969198,1.6207566834791752e-13,5.212794480751178e-21,0.9999999999969198,1.0596436281513368e-14,2.9075643186303573e-12,1.9723330562432846e-35
3974,1,1,0.9999971882247718,0.9999971882247718,1.517482213651065e-11,7.670591156815297e-09,1.7205550472873047e-10,2.803917406668774e-06,7.392201340616182e-34
3975,5,5,0.987118962128282,5.085958511857636e-05,0.0009417611449437694,2.4440414808198517e-07,3.590054578702338e-05,0.987118962128282,0.011852272191720546
3976,1,1,0.9999971817591826,0.9999971817591826,1.5262276331086888e-11,7.68211822202124e-09,1.7242846183255062e-10,2.8103710083476677e-06,7.56360043260609e-34
3978,3,3,0.9999999999968996,1.6339435725037015e-13,5.278736430267427e-21,0.9999999999968996,1.0693910952896968e-14,2.9263688737976856e-12,1.9858525115726574e-35
3979,4,4,0.9999362634709893,1.868979190920159e-05,7.983226748667687e-07,2.589933088573464e-05,0.9999362634709893,1.8349083540896433e-05,4.36376694751395e-22
3980,5,5,0.9873783744868166,5.095076799389585e-05,0.0009474593708526949,2.462958841410877e-07,3.599831844168148e-05,0.9873783744868166,0.011586970760010952
3981,5,5,0.9871057903515001,5.1002001929384526e-05,0.0009502264604574911,2.4671686123437653e-07,3.597609680894729e-05,0.9871057903515001,0.011856758372442867
3983,5,5,0.9869457425355883,5.079541353946407e-05,0.0009401538796336716,2.4380519857401407e-07,3.5871819034542874e-05,0.9869457425355883,0.01202719254700548
3984,5,5,0.987003417006958,5.0964867129865384e-05,0.0009418891665654164,2.4453086752378125e-07,3.5927162590052685e-05,0.987003417006958,0.011967557265889127
3985,4,4,0.9999361242052737,1.870503471951165e-05,7.99302984638785e-07,2.5989970633314986e-05,0.9999361242052737,1.8381486388897477e-05,4.378481516491572e-22
3986,5,5,0.9869823347746141,5.101742847013572e-05,0.0009413451823209282,2.4537758238682243e-07,3.594652367586858e-05,0.9869823347746141,0.011989110713336679
3987,5,5,0.9871713955305873,5.1249007534729456e-05,0.0009372737069744654,2.4707762764706216e-07,3.601934082859381e-05,0.9871713955305873,0.01180381533644735
3988,3,3,0.9999999999969227,1.6200799194766673e-13,5.208637932945571e-21,0.9999999999969227,1.0588313525270766e-14,2.9047424357619e-12,1.9663581163154674e-35
3990,4,4,0.9999359440720066,1.8762221512215083e-05,8.010268277222509e-07,2.6057743603424795e-05,0.9999359440720066,1.8434936050040342e-05,4.390356341795748e-22
3991,1,1,0.9999971978911094,0.9999971978911094,1.5099718095938737e-11,7.62020994672369e-09,1.7108157093016308e-10,2.794302499473901e-06,7.295044101583855e-34
3993,6,6,0.9674180629697898,0.005921285276255005,0.00589800517221327,0.007323559149393135,4.84616593468264e-05,0.013390625773001975,0.9674180629697898
3995,2,2,0.9859197071133302,3.858362994709558e-06,0.9859197071133302,0.005023064877410729,5.001481865971056e-06,0.0090483681643984,2.4843299954520337e-23
3996,3,3,0.9999999999969182,1.6239173755004288e-13,5.217917736125089e-21,0.9999999999969182,1.0603657000134163e-14,2.908642694841222e-12,1.9691678955325648e-35
3998,3,3,0.9999999999969263,1.6197105240860473e-13,5.196638691659781e-21,0.9999999999969263,1.0572987061523057e-14,2.9011382212409396e-12,1.960337026737011e-35
3999,6,6,0.966577601732084,0.006092678077716834,0.0060316051270540225,0.007503241010483605,4.975194278645888e-05,0.013745122109875201,0.966577601732084
4001,3,3,0.9999999999969229,1.6223505206044803e-13,5.2112789848195226e-21,0.9999999999969229,1.0600363536967109e-14,2.904344908849314e-12,1.9623000425643225e-35
4002,5,5,0.9870383649579524,5.102467079372651e-05,0.0009405164366470283,2.452534099539784e-07,3.5950357845279165e-05,0.9870383649579524,0.011933898323351656
4003,3,3,0.999999999996927,1.6179216730641744e-13,5.194687876203782e-21,0.999999999996927,1.057317909032205e-14,2.900698324456281e-12,1.963594330826793e-35
4004,1,1,0.9999972021227532,0.9999972021227532,1.506507941836599e-11,7.604682306763635e-09,1.708004947989684e-10,2.7900866989149044e-06,7.271965274908024e-34
4006,4,4,0.999936216494447,1.8696060624007508e-05,7.996108560387862e-07,2.5917568440097204e-05,0.999936216494447,1.837026563294529e-05,4.375188557289671e-22
4007,2,2,0.9859219691624913,3.865539647989363e-06,0.9859219691624913,0.005070774276124032,5.003490951789203e-06,0.008998387530784916,2.3989473180239068e-23
4008,6,6,0.9675209919582031,0.005887348649173861,0.005883179263247429,0.007308209127074873,4.8359138480238665e-05,0.013351911863820579,0.9675209919582031
4009,5,5,0.9872590172067824,5.098587171837153e-05,0.0009326371222198502,2.4915649052212896e-07,3.5969585981817696e-05,0.9872590172067824,0.011721141056806997
4010,2,2,0.9859094081966437,3.87319981102838e-06,0.9859094081966437,0.005106124390809825,5.004619743395163e-06,0.008975589592992073,2.3492305710146514e-23
4012,5,5,0.9872792070098589,5.083447656704243e-05,0.000953266219146383,2.45672722106907e-07,3.59594658950943e-05,0.9872792070098589,0.01168048715581038
4014,2,2,0.9858689347704473,3.886124474807654e-06,0.9858689347704473,0.005126710480643234,5.027779347117692e-06,0.008995440845087584,2.3688783632622617e-23
4015,2,2,0.9859856081878712,3.840833724617609e-06,0.9859856081878712,0.00506588600552706,4.9722129913173195e-06,0.008939692759885837,2.321222139048122e-23
4017,6,6,0.9676166948296396,0.005866951950503258,0.00587056000733763,0.007285162085061189,4.81770824208344e-05,0.013312454045037447,0.9676166948296396
4018,2,2,0.9859869502194502,3.8354738796305565e-06,0.9859869502194502,0.005070351051801394,4.966015898371859e-06,0.008933897238970511,2.3063450119322153e-23
4019,1,1,0.9999972003988548,0.9999972003988548,1.507029019091736e-11,7.607365815833272e-09,1.7086961751314152e-10,2.791807839435974e-06,7.266870197710043e-34
4020,3,3,0.9999999999969238,1.619434644198015e-13,5.2028243771522e-21,0.9999999999969238,1.0591290608210262e-14,2.9036599017566357e-12,1.9675697289381392e-35
4021,1,1,0.9999971972642882,0.9999971972642882,1.5084591319584556e-11,7.629130174396012e-09,1.7126275247884206e-10,2.7949202343431136e-06,7.260827284994387e-34
4023,1,1,0.9999972004032067,0.9999972004032067,1.5050908868301234e-11,7.614859869673533e-09,1.7096877957351304e-10,2.791795913765863e-06,7.226814547636345e-34
4024,2,2,0.9859364775896284,3.854610240369806e-06,0.9859364775896284,0.005094415826052297,4.989115612174503e-06,0.008960262858466784,2.3162493836182762e-23
4025,6,6,0.9675047118761204,0.005895165809697662,0.005887429518015379,0.007302234590925985,4.834438685429938e-05,0.01336211381838623,0.9675047118761204
4026,1,1,0.9999970947509643,0.9999970947509643,1.6028608566562587e-11,8.013254324543235e-09,1.7932366945382853e-10,2.897040429138051e-06,8.82941126158414e-34
4029,3,3,0.9999999999969209,1.6226473546866822e-13,5.213372855897484e-21,0.9999999999969209,1.0601763011984761e-14,2.9062431569953907e-12,1.9665491722049536e-35
4030,5,5,0.9879630539363485,5.099182340089813e-05,0.000971984230512265,2.5163246330355207e-07,3.6135525231571356e-05,0.9879630539363485,0.010977582852043519
4031,1,1,0.9999972007180676,0.9999972007180676,1.5054595298204183e-11,7.615872120191438e-09,1.7097246803975656e-10,2.79148003317112e-06,7.229921686384016e-34
4032,6,6,0.9677025065610684,0.005853523185854742,0.005854107032851317,0.007262023046099254,4.803231076307891e-05,0.01327980786336331,0.9677025065610684
4034,3,3,0.9999999999969263,1.6185980792867982e-13,5.1964365836075815e-21,0.9999999999969263,1.0569276193002231e-14,2.901250857339994e-12,1.961428915156763e-35
4038,2,2,0.9859273418127488,3.863261058076743e-06,0.9859273418127488,0.005098784036734879,4.994328274772581e-06,0.00896501656118355,2.3281956431787728e-23
4039,1,1,0.999997196913506,0.999997196913506,1.5107032237533426e-11,7.627285089179316e-09,1.7124746612618819e-10,2.7952728544678173e-06,7.3009820831842044e-34
4042,6,6,0.9669727378486119,0.005988589005727782,0.005966281331865741,0.007437007793212313,4.921919073145365e-05,0.013586164829850766,0.9669727378486119
4043,3,3,0.9999999999969293,1.616237197753356e-13,5.1911230879178354e-21,0.9999999999969293,1.0565481969404284e-14,2.8984054618234016e-12,1.96041540917974e-35
4044,5,5,0.986982248983398,5.077663910481627e-05,0.0009392952836306838,2.441049497257956e-07,3.586455533320369e-05,0.986982248983398,0.01199157043358351
4045,4,4,0.9999362454712839,1.868094692440543e-05,7.97815091197065e-07,2.592982376493516e-05,0.9999362454712839,1.8345942935636746e-05,4.361478584379021e-22
4046,4,4,0.9999361923982228,1.8712511551934482e-05,7.99174120652473e-07,2.5923703705163774e-05,0.9999361923982228,1.837221239938958e-05,4.373318733506098e-22
4047,5,5,0.987482173695981,5.272081475614528e-05,0.000963957377787207,2.6060141501075826e-07,3.6600152877250005e-05,0.987482173695981,0.011464287357183451
4048,5,5,0.987428503617536,5.08198895353518e-05,0.0009522974829814873,2.464495191135532e-07,3.595729766629547e-05,0.987428503617536,0.011532175262761775
4049,1,1,0.9999971961179103,0.9999971961179103,1.5079335017688665e-11,7.632646830638812e-09,1.7129485639408755e-10,2.7960630686649692e-06,7.248484637218426e-34
4050,4,4,0.9999360671872901,1.8732431473220806e-05,8.014748486446249e-07,2.597989883008914e-05,0.9999360671872901,1.8419007557997798e-05,4.40750115290218e-22
4051,3,3,0.9999999999969276,1.6185739226022496e-13,5.19466760043846e-21,0.9999999999969276,1.0569701332812865e-14,2.9000191896379213e-12,1.959915544363292e-35
4054,4,4,0.999936197595483,1.870989886267695e-05,7.997054101022238e-07,2.5920996275432235e-05,0.999936197595483,1.8371803968793802e-05,4.379526959780542e-22
4056,3,3,0.999999999996926,1.6198569085060332e-13,5.200148898556773e-21,0.999999999996926,1.057781927878687e-14,2.9014383286180925e-12,1.963516073486636e-35
4057,3,3,0.9999999999969166,1.6233289755570167e-13,5.216117008682935e-21,0.9999999999969166,1.0597266766677548e-14,2.910564870510068e-12,1.9783198509725688e-35
4058,3,3,0.9999999999969236,1.6196365016656863e-13,5.201335347313016e-21,0.9999999999969236,1.0575213132701856e-14,2.903890918928219e-12,1.967098104668455e-35
4059,6,6,0.9673842438666871,0.005916877869191454,0.005904350198075484,0.007340188079916206,4.85432712431555e-05,0.013405796714886694,0.9673842438666871
4061,4,4,0.9999362259102822,1.8697499879362974e-05,7.98588731446143e-07,2.5916558551625196e-05,0.9999362259102822,1.836144255540713e-05,4.364731608192567e-22
4062,2,2,0.9860057007868943,3.8262934172417214e-06,0.9860057007868943,0.0050491279830183365,4.957703837867444e-06,0.008936387232832198,2.331980777472042e-23
4063,1,1,0.9999971975997268,0.9999971975997268,1.5069479617105565e-11,7.628370911935807e-09,1.7118859699662801e-10,2.7945856441469745e-06,7.241240156759306e-34
4065,1,1,0.9999971925172954,0.9999971925172954,1.5111905885348255e-11,7.652250623889307e-09,1.7165983805672794e-10,2.79964368240933e-06,7.278372793163047e-34
4068,6,6,0.967083992723026,0.0059689937240896855,0.005961818229191716,0.007400506153697322,4.900177416216077e-05,0.013535687395833107,0.967083992723026
4069,1,1,0.9999972037930539,0.9999972037930539,1.5035900220859446e-11,7.602512810954008e-09,1.7071670409187977e-10,2.788418680758786e-06,7.20935102094245e-34
4070,1,1,0.9999971949899575,0.9999971949899575,1.5087731987688143e-11,7.641230777942734e-09,1.714165396094672e-10,2.79718230739816e-06,7.255502196178841e-34
4071,4,4,0.9999362463599422,1.869006108774833e-05,7.994616841484004e-07,2.5902251262794717e-05,0.9999362463599422,1.8361866023153894e-05,4.374639965801794e-22
4072,1,1,0.9999971729924159,0.9999971729924159,1.525108326175584e-11,7.710844613100684e-09,1.7307373582593495e-10,2.8191084145901216e-06,7.4208906543837534e-34
4073,2,2,0.9859710174389174,3.841687969517944e-06,0.9859710174389174,0.005049193216623589,4.975801985234131e-06,0.008970971854504448,2.359493043773118e-23
4074,4,4,0.9999361461286755,1.8700184597024167e-05,7.997199843026922e-07,2.5974510019372444e-05,0.9999361461286755,1.8379456723812132e-05,4.388912212807288e-22
4075,4,4,0.9999361987241229,1.870740302747627e-05,7.983465409121983e-07,2.593270132566913e-05,0.9999361987241229,1.836282498306292e-05,4.365806732584286e-22
4079,4,4,0.9999362460557952,1.868382887266639e-05,7.982399815453565e-07,2.5919882685353283e-05,0.9999362460557952,1.8351992665159372e-05,4.363001907896189e-22
4081,2,2,0.9859204942944756,3.861439794648093e-06,0.9859204942944756,0.005103689758155333,4.994873499701192e-06,0.008966959634074772,2.332596334479209e-23
4083,3,3,0.9999999999969249,1.6188045346006204e-13,5.19649162046025e-21,0.9999999999969249,1.0569041901040866e-14,2.902627173700769e-12,1.9681388998697963e-35
4084,1,1,0.9999971994096797,0.9999971994096797,1.5066085019590808e-11,7.618501672521456e-09,1.7106777333333077e-10,2.792785684670904e-06,7.2338252320994355e-34
4085,6,6,0.9673090360048492,0.00592961835809821,0.005915730967808254,0.007345482994431978,4.861351369118664e-05,0.013451518161121162,0.9673090360048492
4086,6,6,0.9676258535584358,0.005868193257729647,0.005866083452791174,0.007283557194679298,4.819461042197807e-05,0.013308117925942203,0.9676258535584358
4088,1,1,0.9999971966556335,0.9999971966556335,1.5076258552557046e-11,7.628788288482958e-09,1.7124288151803284e-10,2.795529259038304e-06,7.25590033964697e-34
4089,5,5,0.9869621367819191,5.0859986173189106e-05,0.0009388413865790522,2.448967310026588e-07,3.588606445450649e-05,0.9869621367819191,0.012012030884143158
4090,2,2,0.9859495689140851,3.846045817412073e-06,0.9859495689140851,0.005080875042552992,4.983226012261411e-06,0.00896072677153229,2.329573582569511e-23
4093,4,4,0.9999361234670255,1.8717520999386046e-05,7.990890838409108e-07,2.5976351688543962e-05,0.9999361234670255,1.8383571202673394e-05,4.3739020641129025e-22
4095,5,5,0.9869728140564425,5.086329310426689e-05,0.0009386569822091879,2.4441884432715224e-07,3.590240072909575e-05,0.9869728140564425,0.01200151884867071
4097,1,1,0.9999971998532546,0.9999971998532546,1.5074304043538786e-11,7.615244423492504e-09,1.7097365961256214e-10,2.7923454529186035e-06,7.248537157468869e-34
4099,4,4,0.9999362420995946,1.86863593957778e-05,7.980292073263389e-07,2.5922640903218148e-05,0.9999362420995946,1.8350870899157283e-05,4.363967893812645e-22
4102,2,2,0.9859533802732454,3.846344171597596e-06,0.9859533802732454,0.005077142885703839,4.983151392554651e-06,0.008960647345486579,2.3507062343052817e-23
4104,2,2,0.9860126499756418,3.82972994617538e-06,0.9860126499756418,0.005050866600100616,4.959633164479559e-06,0.008927694061147039,2.311318925807935e-23
4107,6,6,0.9673652615538302,0.005914231965105813,0.00590861961473432,0.00734585117743311,4.859303685939043e-05,0.013417442652037198,0.9673652615538302
4109,3,3,0.9999999999969247,1.619731930988687e-13,5.204001543699481e-21,0.9999999999969247,1.0586632737686603e-14,2.9028342889652964e-12,1.9641063722636652e-35
4111,3,3,0.9999999999969277,1.618551211282683e-13,5.192824104447383e-21,0.9999999999969277,1.057059908250561e-14,2.8998552398451833e-12,1.9598478010293996e-35
4112,4,4,0.9999362337186835,1.8686715118781398e-05,7.984509511187627e-07,2.5927909679294875e-05,0.9999362337186835,1.835320556728067e-05,4.370168945516113e-22
4113,3,3,0.9999999999969256,1.620166377295833e-13,5.202992503586968e-21,0.9999999999969256,1.0584759790787153e-14,2.9018680377479277e-12,1.9627382804379528e-35
4114,5,5,0.9920226111296085,5.261410603874287e-05,0.0011013671691870444,2.978017245474053e-07,3.7490560337834084e-05,0.9920226111296085,0.0067856192331033054
4115,2,2,0.9859470336845342,3.857212378550759e-06,0.9859470336845342,0.005088556222460221,4.984886219787534e-06,0.008955567994407398,2.3249218374820344e-23
4118,6,6,0.9675563049956712,0.005888360908994473,0.0058755207476102675,0.007297583830657886,4.825821579131822e-05,0.013333971301274807,0.9675563049956712
4119,1,1,0.9999971994323573,0.9999971994323573,1.507536758741635e-11,7.62365958771315e-09,1.7109717039927346e-10,2.7927578106075393e-06,7.2550385116098695e-34
4120,2,2,0.9858231949173595,3.911751906706669e-06,0.9858231949173595,0.005140871475059096,5.040436534813472e-06,0.009026981419139875,2.4196437817323492e-23
4121,2,2,0.9856947153696719,3.9622251177399395e-06,0.9856947153696719,0.005103292619746232,5.101407093805504e-06,0.009192928378370368,2.7418077717636416e-23
4122,4,4,0.9999361974210939,1.869724173820695e-05,7.982294365894237e-07,2.5947453545413514e-05,0.9999361974210939,1.8359654186015758e-05,4.366829482490908e-22
4125,5,5,0.9884593500906136,5.1426244692480455e-05,0.0009820917893303114,2.564815337862395e-07,3.630317469382902e-05,0.9884593500906136,0.010470572219136106
4126,1,1,0.9999971985411656,0.9999971985411656,1.50894098076022e-11,7.624911579797563e-09,1.7109484222275495e-10,2.7936477386378497e-06,7.3088428989114254e-34
4127,3,3,0.9999999999969288,1.617900609671998e-13,5.196036180197233e-21,0.9999999999969288,1.0576524510569182e-14,2.8989076214022386e-12,1.9582426634659098e-35
4128,3,3,0.9999999999969205,1.621195854963362e-13,5.208837643427026e-21,0.9999999999969205,1.0589783260870822e-14,2.9068755707946074e-12,1.9723234324118023e-35
4129,6,6,0.9673573487880095,0.005919110798710584,0.005905688091641559,0.00735617774611183,4.8558153147870563e-05,0.013413116422378694,0.9673573487880095
4130,1,1,0.9999972003492573,0.9999972003492573,1.506344265566341e-11,7.614197660612222e-09,1.7097322993244886e-10,2.7918505084847556e-06,7.234251727600136e-34
4131,1,1,0.9999972025898685,0.9999972025898685,1.506476092693005e-11,7.598422758077824e-09,1.7066780937308548e-10,2.78962597621284e-06,7.272867707032194e-34
4133,2,2,0.9859942946006115,3.840969438252581e-06,0.9859942946006115,0.005036263336951382,4.971807954956045e-06,0.008960629285043863,2.3724843001061558e-23
4134,6,6,0.9676670453082173,0.005854276273448993,0.005857325822925258,0.007281360856127397,4.810104098473868e-05,0.013291890698296319,0.9676670453082173
4135,6,6,0.9676289077185583,0.0058697207444983555,0.005865607751777465,0.007281718544658368,4.81702173781364e-05,0.013305875023129425,0.9676289077185583
4137,4,4,0.9999361674577034,1.8700075002053657e-05,7.996261375723918e-07,2.5959123975406997e-05,0.9999361674577034,1.8373717181514898e-05,4.380609325125368e-22
4139,1,1,0.9999972044525582,0.9999972044525582,1.5026365861920357e-11,7.598827624665444e-09,1.7062391635667277e-10,2.787762963883213e-06,7.213385230743858e-34
4140,4,4,0.9999361540966133,1.8720873433753976e-05,8.001529190607537e-07,2.593800545360805e-05,0.9999361540966133,1.8386871580245395e-05,4.379982559383575e-22
4141,3,3,0.9999999999969288,1.6167621650371886e-13,5.194253148828034e-21,0.9999999999969288,1.0572231629170088e-14,2.8990505580961496e-12,1.959676243065806e-35
4142,4,4,0.999936216448284,1.869273774143297e-05,7.983116180211464e-07,2.5934743597046865e-05,0.999936216448284,1.835775875950918e-05,4.37046945742859e-22
4144,2,2,0.9858109511766295,3.916901107770646e-06,0.9858109511766295,0.005142203982828705,5.054042829132786e-06,0.00903787389660483,2.3905816698959428e-23
4145,1,1,0.9999971947505365,0.9999971947505365,1.5133862282216877e-11,7.637976048097443e-09,1.7189785574331316e-10,2.7974244557576676e-06,7.319465442328295e-34
4146,4,4,0.9999361579833792,1.8721511535054057e-05,8.003036542832643e-07,2.592919943639119e-05,0.9999361579833792,1.8391001995039127e-05,4.390191801976168e-22
4147,4,4,0.9999355631393727,1.887114292634081e-05,8.083067455593041e-07,2.6194219443637632e-05,0.9999355631393727,1.85631915117224e-05,4.480626747643396e-22
4148,5,5,0.9872095906638724,5.079023893250294e-05,0.0009505395255985398,2.447990474531512e-07,3.591832710988019e-05,0.9872095906638724,0.01175291644543933
4149,1,1,0.9999971968941822,0.9999971968941822,1.5071688375208526e-11,7.632404799705739e-09,1.7122483744681903e-10,2.795287116524854e-06,7.250346973876352e-34
4150,2,2,0.9859846453552867,3.838074947600207e-06,0.9859846453552867,0.005071504693427134,4.969415262686859e-06,0.008935042461075791,2.308857121362415e-23
4151,2,2,0.9859507554691755,3.8551145794016836e-06,0.9859507554691755,0.005083767297392568,4.9887415476559044e-06,0.008956633377304776,2.338418854098115e-23
4152,6,6,0.9676433146812976,0.005866291587720482,0.005863013998295079,0.007280339017260201,4.814339464027371e-05,0.013298897320786342,0.9676433146812976
4153,5,5,0.9870335573101077,5.0864221843589776e-05,0.0009377948182803282,2.446395923858385e-07,3.588454550680029e-05,0.9870335573101077,0.011941654464669186
4154,5,5,0.9871031072387184,5.093588787297167e-05,0.0009419469745158684,2.4469441532662626e-07,3.592783544246396e-05,0.9871031072387184,0.011867837369034996
4155,4,4,0.9999362438637295,1.8691483115255267e-05,7.983961953763035e-07,2.5911112395594743e-05,0.9999362438637295,1.8355144564237036e-05,4.3716565083767335e-22
4157,6,6,0.9673975583713545,0.005907077504907211,0.005897343664158731,0.007350861769365316,4.85303370422648e-05,0.013398628353171948,0.9673975583713545
4158,4,4,0.9999361592205274,1.8701090656860185e-05,8.000911288791026e-07,2.595842842789651e-05,0.9999361592205274,1.8381169259043016e-05,4.38594570637365e-22
4160,2,2,0.9859760636397437,3.839165388731751e-06,0.9859760636397437,0.005074395888129298,4.973481376812883e-06,0.008940727825361565,2.3159176258070904e-23
4161,2,2,0.985905447523177,3.88726380595207e-06,0.985905447523177,0.005067379281161435,5.013250135485853e-06,0.009018272681720226,2.483731535615061e-23
4163,2,2,0.9859139158024773,3.8730884211102876e-06,0.9859139158024773,0.005094205335175378,5.003657003823408e-06,0.00898300211692242,2.418567610633411e-23
4165,6,6,0.9675286715598227,0.005886358321921166,0.005885127171211935,0.007303520088826826,4.830175428124974e-05,0.013348021103936158,0.9675286715598227
4167,2,2,0.9859538073179437,3.851350591893302e-06,0.9859538073179437,0.0050859112134870234,4.981343281104623e-06,0.008951448774696317,2.3203758651172333e-23
4168,4,4,0.9999361858360876,1.869727396050542e-05,7.980602775578494e-07,2.5956203970261332e-05,0.9999361858360876,1.8362625704152564e-05,4.3689031370449195e-22
4169,6,6,0.9667228585095204,0.0060428861240534254,0.006014216855855176,0.0074550063678242625,4.9552111092415834e-05,0.013715480031654285,0.9667228585095204
4171,5,5,0.9870641716635293,5.0983028883018755e-05,0.0009399404978947276,2.454076843676076e-07,3.594156502681458e-05,0.9870641716635293,0.011908717836981724
4172,5,5,0.9869806141624069,5.080772509780643e-05,0.0009406673764980293,2.446530261889404e-07,3.588516465547524e-05,0.9869806141624069,0.011991780918315731
4174,4,4,0.9999362498372925,1.8694668860639225e-05,7.986103721186794e-07,2.590055966324671e-05,0.9999362498372925,1.8356323811604258e-05,4.366440522300614e-22
4176,4,4,0.9999361786558277,1.8701318992875804e-05,7.984849960306852e-07,2.5954113261979852e-05,0.9999361786558277,1.8367426921463237e-05,4.368693964740378e-22
4177,6,6,0.9675952502933912,0.005873330832621949,0.005869708038231761,0.007295978470716388,4.821615770522299e-05,0.013317516207333466,0.9675952502933912
4178,4,4,0.9999362145515664,1.8684819785207545e-05,7.989277356088359e-07,2.5937343022765322e-05,0.9999362145515664,1.836435788995909e-05,4.37970690282893e-22
4180,3,3,0.9999999999968756,1.6432149327698888e-13,5.329712733894936e-21,0.9999999999968756,1.0736540022334238e-14,2.9493070516182884e-12,2.0297952834012466e-35
4181,6,6,0.967573519735966,0.005876694326729474,0.005879846917979098,0.0072908927542315195,4.826924170827142e-05,0.013330777023385774,0.967573519735966
4182,1,1,0.9999971940047969,0.9999971940047969,1.5090948836811994e-11,7.64124339211979e-09,1.7149046256321608e-10,2.7981673782047475e-06,7.2754223520795826e-34
4183,3,3,0.9999999999969233,1.6203483163534763e-13,5.2111660713956254e-21,0.9999999999969233,1.0597307828178109e-14,2.9041315916719704e-12,1.96594678187363e-35
4184,2,2,0.9859738600639194,3.844407594891399e-06,0.9859738600639194,0.00507524358945572,4.9750707380332735e-06,0.008942076868291883,2.3159378300504293e-23
4188,4,4,0.999936225728808,1.869132785893434e-05,7.985254143594474e-07,2.592589047993558e-05,0.999936225728808,1.8358527438657815e-05,4.368134714475923e-22
4189,3,3,0.9999999999969298,1.6166342522000444e-13,5.18858088815684e-21,0.9999999999969298,1.0561385021278426e-14,2.8979662264537076e-12,1.9611754261693503e-35
4190,2,2,0.9857815300725005,3.9247772577852835e-06,0.9857815300725005,0.005163859561589406,5.059948862809125e-06,0.009045625639789624,2.4620154791420512e-23
4191,3,3,0.9999999999969034,1.6333534711783363e-13,5.264999883669799e-21,0.9999999999969034,1.069942874480013e-14,2.922645305171101e-12,1.9817960773235903e-35
4194,2,2,0.9860032849505668,3.827080683922036e-06,0.9860032849505668,0.005061505668918129,4.959406363750909e-06,0.008926422893467328,2.3129547267909326e-23
4195,5,5,0.9871874919324088,5.081248385783035e-05,0.0009438520039558492,2.4509916223992353e-07,3.5898368447153546e-05,0.9871874919324088,0.011781700112168145
4196,3,3,0.9999999999969287,1.6172899830803203e-13,5.19176224742541e-21,0.9999999999969287,1.0563181142482854e-14,2.8990329726628465e-12,1.957980567646552e-35
4197,1,1,0.9999971911247437,0.9999971911247437,1.5115865648785025e-11,7.652685306186096e-09,1.7170460026027427e-10,2.801035750486537e-06,7.293126242961221e-34
4199,5,5,0.9870617287834687,5.1635386174020126e-05,0.0009600112776411748,2.5121414842845875e-07,3.622313174764225e-05,0.9870617287834687,0.011890150206820077
4200,3,3,0.9999999999969235,1.621654526761464e-13,5.2043512216644016e-21,0.9999999999969235,1.0584559181068429e-14,2.903794997882046e-12,1.9630223093230265e-35
4201,6,6,0.9656428760453791,0.006200268357903312,0.006212931049508348,0.007738422427040834,5.121002756510691e-05,0.014154292092603275,0.9656428760453791
4203,5,5,0.9870683479768965,5.1081802544074336e-05,0.0009401015378924918,2.462018823137865e-07,3.597106362074291e-05,0.9870683479768965,0.011904251417163966
4205,2,2,0.985998815554425,3.831362711074914e-06,0.985998815554425,0.005062584449923357,4.962974392855461e-06,0.008929805658547587,2.3087434904716244e-23
4206,5,5,0.9869787077889548,5.0925180965891114e-05,0.0009407545820414016,2.4430577655817256e-07,3.591430300385511e-05,0.9869787077889548,0.011993453839257545
4207,5,5,0.9870027551053615,5.0951133349605244e-05,0.0009389088922953661,2.4570016124204e-07,3.592371608577706e-05,0.9870027551053615,0.011971215452746594
4208,1,1,0.9999972019514733,0.9999972019514733,1.505985517023033e-11,7.607024134288904e-09,1.7086758405617823e-10,2.790255575169655e-06,7.2597003527036514e-34
4209,4,4,0.9999361889355726,1.869920476787204e-05,7.989298862015369e-07,2.5944607811325912e-05,0.9999361889355726,1.8368321962055934e-05,4.37089911880088e-22
4210,1,1,0.9999972008573044,0.9999972008573044,1.5055946316305126e-11,7.616355522625419e-09,1.709156349836463e-10,2.7913403685410365e-06,7.241025686556927e-34
4213,1,1,0.9999971929887115,0.9999971929887115,1.5099764575618785e-11,7.647038508478321e-09,1.7163414239325524e-10,2.7991775160080388e-06,7.2672399459078525e-34
4214,3,3,0.9999999999969168,1.6246466953973538e-13,5.225070543751314e-21,0.9999999999969168,1.0614875501307547e-14,2.910094885546155e-12,1.9688747085703133e-35
4215,2,2,0.9860034040167973,3.833857366719634e-06,0.9860034040167973,0.005059979427463492,4.961529207409647e-06,0.008927821169165186,2.316613821612748e-23
4216,6,6,0.9676859050709046,0.00585540499191001,0.005859641467013768,0.0072669575807821594,4.8064806599337356e-05,0.013284026082790194,0.9676859050709046
4217,4,4,0.999936159280293,1.8691452190748975e-05,7.982426462079007e-07,2.59829559821948e-05,0.999936159280293,1.8368068887905337e-05,4.36328598425979e-22
4218,4,4,0.9999362481697163,1.868854899086449e-05,7.988897296061158e-07,2.5906553307989614e-05,0.9999362481697163,1.835783825536695e-05,4.370465549327032e-22
4221,6,6,0.9674899480240757,0.005887723235568557,0.005894558485328988,0.007314640623231789,4.835833436960396e-05,0.013364771297425315,0.9674899480240757
4222,4,4,0.9999361487440911,1.869853126646003e-05,7.980931645704709e-07,2.5986335232685258e-05,0.9999361487440911,1.836829624519605e-05,4.365491833538574e-22
4223,4,4,0.9999362110454447,1.86736478180992e-05,7.97465181241031e-07,2.5969089359699265e-05,0.9999362110454447,1.8348752196301713e-05,4.365022784048e-22
4224,2,2,0.9859975300625932,3.8308400841794735e-06,0.9859975300625932,0.005064546478812704,4.961386651315319e-06,0.008929131231858645,2.309470290816234e-23
4225,1,1,0.9999971965505055,0.9999971965505055,1.5118042671502432e-11,7.624626582327791e-09,1.7117230294856566e-10,2.795638577606117e-06,7.34585247567172e-34
4227,1,1,0.9999971981357809,0.9999971981357809,1.5079697806008192e-11,7.61980092169482e-09,1.7109131532324558e-10,2.794058247114065e-06,7.268350010608778e-34
4228,5,5,0.9869909357986849,5.088035054282782e-05,0.0009437232603373476,2.4397578292674806e-07,3.590589354399206e-05,0.9869909357986849,0.011978310721108049
4231,5,5,0.9881461773813383,5.1018944897453106e-05,0.0009733940213660804,2.520766793912079e-07,3.614226483287281e-05,0.9881461773813383,0.010793015310885919
4232,3,3,0.9999999999969256,1.6202715763222137e-13,5.20245767057602e-21,0.9999999999969256,1.0589322155344835e-14,2.9019204669780938e-12,1.9601046436430088e-35
4235,1,1,0.9999971983614179,0.9999971983614179,1.509211283937826e-11,7.627437788238777e-09,1.7120555859757534e-10,2.7938248466660503e-06,7.292903805900029e-34
4237,2,2,0.9855925073790242,4.023527270829901e-06,0.9855925073790242,0.0052349920207788595,5.1462982185171274e-06,0.009163330774707712,2.6117089709065437e-23
4238,1,1,0.9999971897957194,0.9999971897957194,1.5122631964086118e-11,7.662021401954627e-09,1.7191544694175845e-10,2.802355221086307e-06,7.292589007633802e-34
4239,4,4,0.9999361962115131,1.870049665886126e-05,7.99258432830961e-07,2.593668196570639e-05,0.9999361962115131,1.8367351429521015e-05,4.376205333729108e-22
4241,5,5,0.9870971951405172,5.088556671189068e-05,0.0009439552712842659,2.4415945219244796e-07,3.591059725207984e-05,0.9870971951405172,0.011871809264782367
4242,1,1,0.9999971963159096,0.9999971963159096,1.50812064125487e-11,7.636837971413447e-09,1.713871778685252e-10,2.7958607842235073e-06,7.263605608006698e-34
4243,4,4,0.9999361544800492,1.8723420455974257e-05,7.99236890443277e-07,2.594432004837613e-05,0.9999361544800492,1.8378542555974366e-05,4.373510211035806e-22
4244,1,1,0.9999971912989527,0.9999971912989527,1.5128370850901797e-11,7.644881440173995e-09,1.7170589778040737e-10,2.8008693316387712e-06,7.309426473592308e-34
4245,4,4,0.9999363055720164,1.866929333642887e-05,7.984115483645065e-07,2.588702125183319e-05,0.9999363055720164,1.8339701846921416e-05,4.373290270546139e-22
4246,1,1,0.9999971999355647,0.9999971999355647,1.5065384042569923e-11,7.618597267479683e-09,1.7094337650092762e-10,2.792259829277293e-06,7.239007110082925e-34
4247,6,6,0.9669204460289372,0.006003600245140361,0.005980716910850951,0.007445157019121332,4.927785746039359e-05,0.013600801938489802,0.9669204460289372
4248,4,4,0.9999361503100102,1.873179172232545e-05,7.993972933773574e-07,2.5935753590869867e-05,0.9999361503100102,1.838274738332316e-05,4.371039990843565e-22
4249,4,4,0.9999361443098215,1.871530700734955e-05,7.997000156692733e-07,2.595961570945864e-05,0.9999361443098215,1.838106744603263e-05,4.384481271966239e-22
4250,1,1,0.9999971895989639,0.9999971895989639,1.515412250230249e-11,7.653101297719231e-09,1.7176306670893626e-10,2.802561017730548e-06,7.319197057260828e-34
4252,2,2,0.9859676801800082,3.848929889695906e-06,0.9859676801800082,0.005073046480952931,4.980414107808288e-06,0.008950443995041347,2.337092378011244e-23
4254,5,5,0.9872034190569656,5.107819095523447e-05,0.000934418897305488,2.4855088322015473e-07,3.5981310705935115e-05,0.9872034190569656,0.011774853993184488
4255,4,4,0.9999362504786006,1.86846749175164e-05,7.984361099701526e-07,2.591411964067506e-05,0.9999362504786006,1.8352290731299315e-05,4.36721414973683e-22
4257,3,3,0.9999999999969308,1.6158330906305541e-13,5.1857242284412094e-21,0.9999999999969308,1.0554102422692387e-14,2.8971806713535285e-12,1.957508747647009e-35
4258,2,2,0.9859724085750368,3.84624330159012e-06,0.9859724085750368,0.005077849497204232,4.975646365140305e-06,0.008940920038092236,2.3188067953252515e-23
4260,4,4,0.9999361367327961,1.8693784268433127e-05,7.98358771794731e-07,2.5997288849442034e-05,0.9999361367327961,1.837383531424134e-05,4.3686287410665525e-22
4261,2,2,0.9860189717554341,3.821040341211726e-06,0.9860189717554341,0.005043955067761165,4.952507609024437e-06,0.00892829962885459,2.321811008543551e-23
4264,1,1,0.999997198080851,0.999997198080851,1.507944582996772e-11,7.62830817183027e-09,1.7121044924005424e-10,2.794104550914953e-06,7.255758358356777e-34
4265,1,1,0.9999972018867613,0.9999972018867613,1.5050689211090133e-11,7.604087589117749e-09,1.7079693742714982e-10,2.790323303441154e-06,7.230671718837416e-34
4266,2,2,0.9859863540404784,3.838767267731239e-06,0.9859863540404784,0.005066982197706346,4.969104484308319e-06,0.008937855890063219,2.3178403822626196e-23
4267,2,2,0.9859579267035756,3.8497851127031154e-06,0.9859579267035756,0.005084415783797927,4.9797728079512446e-06,0.008948827954705727,2.3158760370796578e-23
4268,5,5,0.9871093974749233,5.080742579680745e-05,0.0009449219124217657,2.45047334202243e-07,3.5911997030538034e-05,0.9871093974749233,0.011858716142493373
4269,6,6,0.9676566092421311,0.005862584503707492,0.005864145822887406,0.0072735387142289516,4.8110709580029234e-05,0.013295011007464929,0.9676566092421311
4270,1,1,0.9999972005819736,0.9999972005819736,1.5048936022336447e-11,7.612094249290979e-09,1.7091768911013945e-10,2.791619965402219e-06,7.23584196076481e-34
4272,5,5,0.9880927391095586,5.100577883506886e-05,0.0009726823563728704,2.5204381662842496e-07,3.615883994781855e-05,0.9880927391095586,0.010847161871469009
4273,6,6,0.9675522412582496,0.005880773702630366,0.005878590145901201,0.007305027093340122,4.832005387511794e-05,0.013335047746003612,0.9675522412582496
4276,5,5,0.9871077135683455,5.09336519855858e-05,0.0009410860068080147,2.450071274735392e-07,3.5930114570262745e-05,0.9871077135683455,0.011864091651163254
4277,5,5,0.9869854328800843,5.083467004676326e-05,0.0009437184187669414,2.438471022426208e-07,3.5900941176829545e-05,0.9869854328800843,0.01198386924282289
4278,2,2,0.9856987284352398,3.957411382076471e-06,0.9856987284352398,0.005203074862787222,5.123208449098546e-06,0.009089116082141779,2.4039972480837978e-23
4279,4,4,0.9999362903120955,1.8678457559972804e-05,7.983582461057791e-07,2.5889567788884447e-05,0.9999362903120955,1.8343304309539858e-05,4.367188280773712e-22
4280,2,2,0.9857592467258743,3.9172121704785095e-06,0.9857592467258743,0.005170098120671206,5.065180582248365e-06,0.009061672760701715,2.3920278832818725e-23
4281,1,1,0.9999971920747377,0.9999971920747377,1.51139091455345e-11,7.652153896834976e-09,1.7165143597493126e-10,2.800086343042018e-06,7.273598957499205e-34
4282,1,1,0.9999972008404544,0.9999972008404544,1.505711122408077e-11,7.615591426651733e-09,1.7091329400781084e-10,2.7913579838487086e-06,7.234442373939063e-34
4283,2,2,0.9859763436831602,3.837345478175086e-06,0.9859763436831602,0.00507001060132694,4.969594994533601e-06,0.008944838775040152,2.3257693284017905e-23
4285,4,4,0.9999358367561735,1.8778300721756032e-05,8.04667522126499e-07,2.609526891073426e-05,0.9999358367561735,1.848500667192229e-05,4.417456022621735e-22
4286,6,6,0.9670765479108198,0.005978874009034811,0.005955625698876109,0.007392299149843767,4.902158901679555e-05,0.013547631642408816,0.9670765479108198
4287,4,4,0.9999362048151853,1.869700723751275e-05,7.98494127059519e-07,2.59360623090175e-05,0.9999362048151853,1.836362114116542e-05,4.364087870265671e-22
4288,2,2,0.9859797907686125,3.840297639988587e-06,0.9859797907686125,0.005057608242081454,4.974280418043604e-06,0.008953786411247985,2.343614221192091e-23
4289,4,4,0.9999362239538865,1.8688466582392468e-05,7.983759796417924e-07,2.5932119418619414e-05,0.9999362239538865,1.835708413292221e-05,4.370421932481045e-22
4291,1,1,0.9999971999911674,0.9999971999911674,1.5060770463784805e-11,7.61888079634932e-09,1.7109639423009979e-10,2.7922037947838033e-06,7.232973078450091e-34
4294,5,5,0.9871413784977964,5.105881805734792e-05,0.0009362956084351434,2.4656907515063427e-07,3.596251678786543e-05,0.9871413784977964,0.011835057989848111
4295,1,1,0.99999719910898,0.99999719910898,1.5058016069280683e-11,7.624973780081951e-09,1.7119852435203004e-10,2.7930797896747996e-06,7.234278430669483e-34
4296,3,3,0.9999999999968838,1.645038860122182e-13,5.313199016848996e-21,0.9999999999968838,1.0741286153872435e-14,2.9408973970845824e-12,2.012811052114563e-35
4297,4,4,0.9999361789571498,1.87154709095009e-05,7.99606113311812e-07,2.5929369004129656e-05,0.9999361789571498,1.8376596823228105e-05,4.375586525922402e-22
4298,1,1,0.9999972009386814,0.9999972009386814,1.5058734740508163e-11,7.614277593965503e-09,1.7095396217637614e-10,2.791261028389235e-06,7.2368777228841395e-34
4299,1,1,0.9999971980375212,0.9999971980375212,1.5090079839038437e-11,7.624388461398744e-09,1.7121650048928672e-10,2.794151783788595e-06,7.274069672249052e-34
4300,6,6,0.9676825700855449,0.005857788937125162,0.005854451054420962,0.007274652971376568,4.808536851370718e-05,0.013282451583018688,0.9676825700855449
4301,4,4,0.9999362031951816,1.8695443980333563e-05,7.989077618506204e-07,2.5937447432417132e-05,0.9999362031951816,1.836500564385943e-05,4.374590620838713e-22
4302,2,2,0.9859552265762905,3.8557064566927365e-06,0.9859552265762905,0.0050833571007419046,4.983882189520848e-06,0.008952576734321321,2.329711132475825e-23
4303,5,5,0.9870368957763879,5.104233280692725e-05,0.0009397379893738834,2.453003601502591e-07,3.5958486222432796e-05,0.9870368957763879,0.011936120114848802
4304,5,5,0.9870397135578407,5.084894678621101e-05,0.0009457035146996545,2.4464878819587294e-07,3.590580365523592e-05,0.9870397135578407,0.011927583528230007
4305,1,1,0.9999971967729164,0.9999971967729164,1.5080185104213543e-11,7.63046983862397e-09,1.7131549418760648e-10,2.795410218147058e-06,7.256255146269883e-34
4306,4,4,0.9999361374039649,1.870076198879689e-05,7.99237944127694e-07,2.598123669008208e-05,0.9999361374039649,1.838135941213496e-05,4.393541864472342e-22
4307,3,3,0.9999999999969235,1.6189277018325855e-13,5.200343339305596e-21,0.9999999999969235,1.0572113823589348e-14,2.904156149587067e-12,1.9693255083871505e-35
4308,5,5,0.9871257067762684,5.085448685320116e-05,0.0009428653362906312,2.4545502802354004e-07,3.5895815781345756e-05,0.9871257067762684,0.011844432129778424
4309,5,5,0.9869949381411787,5.0783832955861876e-05,0.0009418018010944767,2.434457324185543e-07,3.587283405164665e-05,0.9869949381411787,0.011976359944986956
4310,3,3,0.99999999999693,1.6165601639486181e-13,5.189581748844264e-21,0.99999999999693,1.055835489504964e-14,2.8978269325610833e-12,1.956228670342819e-35
4311,1,1,0.9999971994799891,0.9999971994799891,1.505956902573812e-11,7.61778172210423e-09,1.7101499066470997e-10,2.7927161545849e-06,7.231122110427904e-34
4312,3,3,0.9999999999969225,1.6218759227949833e-13,5.2114335513172036e-21,0.9999999999969225,1.0596724072156195e-14,2.904873758670883e-12,1.9656874278722141e-35
4313,2,2,0.9859695469919805,3.845402983698743e-06,0.9859695469919805,0.0050761369881920475,4.975271260314961e-06,0.008945495345583422,2.3181177937318784e-23
4314,5,5,0.987157827959931,5.0913358356834053e-05,0.00093950099716389,2.458112957926948e-07,3.5923951625742225e-05,0.987157827959931,0.011815587921626748
4315,2,2,0.9858401369369987,3.8753733804585605e-06,0.9858401369369987,0.005122378820197465,5.020548303152822e-06,0.009028588321120228,2.38474739506167e-23
4316,5,5,0.9870696922223848,5.090964457774541e-05,0.0009406432538305909,2.440379171185289e-07,3.589295819089623e-05,0.9870696922223848,0.011902617883098831
4318,5,5,0.9870074077235341,5.0986649838396164e-05,0.0009391825693053054,2.4510265215267904e-07,3.5936036962469424e-05,0.9870074077235341,0.011966241917707612
4320,6,6,0.9673085049409197,0.005923944386451986,0.0059158471921440066,0.007368155998360602,4.862943704466322e-05,0.013434918045079035,0.9673085049409197
4321,2,2,0.9859159719117978,3.865681461055464e-06,0.9859159719117978,0.005098916772093733,5.001005445501983e-06,0.008976244629201918,2.3478223189956997e-23
4322,3,3,0.9999999999969305,1.6163878680729964e-13,5.1851832109442116e-21,0.9999999999969305,1.0563999696236848e-14,2.897334719090191e-12,1.9600343489771763e-35
4326,4,4,0.9999359346796459,1.8774646398957584e-05,8.037107789374458e-07,2.6032956730743986e-05,0.9999359346796459,1.845400644535422e-05,4.412082304860266e-22
4328,3,3,0.9999999999969188,1.6223192677922794e-13,5.2164881922744056e-21,0.9999999999969188,1.0603409715115864e-14,2.908294492297605e-12,1.9732279274495103e-35
4329,5,5,0.9872138360339044,5.121676388586266e-05,0.0009424656558871732,2.510537594562007e-07,3.6042736414905575e-05,0.9872138360339044,0.011756187756148173
4330,5,5,0.9953216299590446,5.530513403259369e-05,0.0013525700215799724,3.8935288059714663e-07,3.961905156286243e-05,0.9953216299590446,0.0032304864808994005
4331,2,2,0.9857401634750254,3.9401759594467715e-06,0.9857401634750254,0.0051834992042420055,5.104055589120378e-06,0.009067293089184187,2.3681129948326143e-23
4332,4,4,0.9999361620482815,1.8713383303180254e-05,7.993104420115449e-07,2.5948119033794502e-05,0.9999361620482815,1.8377138939508875e-05,4.383119019180901e-22
4335,1,1,0.9999971659134631,0.9999971659134631,1.542081106533377e-11,7.747602092179925e-09,1.7383347974821018e-10,2.826149680455083e-06,7.816202107491366e-34
4336,1,1,0.9999971945223906,0.9999971945223906,1.5093857682853018e-11,7.639889095296759e-09,1.714896982339896e-10,2.797651136894958e-06,7.2830074283889215e-34
4337,3,3,0.9999999999969226,1.6201881562233304e-13,5.209493158493057e-21,0.9999999999969226,1.0588863615722724e-14,2.904948115396713e-12,1.9692955315124103e-35
4338,3,3,0.9999999999969182,1.623146317172967e-13,5.218700248711085e-21,0.9999999999969182,1.0605064887141271e-14,2.90882379733448e-12,1.9713556974975877e-35
4339,1,1,0.9999971989966202,0.9999971989966202,1.5061742674393857e-11,7.62251004926725e-09,1.71110659795394e-10,2.793194697368783e-06,7.240622244843659e-34
4341,1,1,0.999997201465283,0.999997201465283,1.506887038769631e-11,7.60822594100013e-09,1.7084003843613768e-10,2.7907405821563935e-06,7.269773448707627e-34
4342,6,6,0.9676095067314209,0.0058770750337318696,0.005868279320517661,0.007281725243322505,4.816958832104675e-05,0.013315244082686065,0.9676095067314209
4343,2,2,0.9859331612295333,3.860750863986768e-06,0.9859331612295333,0.005096665840733816,4.995464490881541e-06,0.008961316714377932,2.3205610906657738e-23
4345,2,2,0.985991852143088,3.83129101882111e-06,0.985991852143088,0.005049895915156258,4.965906213698424e-06,0.008949454744523216,2.340178215465188e-23
4346,6,6,0.9657837030389071,0.006188616424608926,0.006166589626471669,0.007733940268681977,5.1091302630394e-05,0.014076059338699928,0.9657837030389071
4347,1,1,0.9999971973207323,0.9999971973207323,1.5089014504633814e-11,7.623544442332587e-09,1.7129806886397313e-10,2.794869336110743e-06,7.266958132486381e-34
4348,4,4,0.999936152101104,1.869636368300135e-05,7.988307822260137e-07,2.5982760935411286e-05,0.999936152101104,1.836994349533075e-05,4.374911158104422e-22
4350,4,4,0.9999362156134056,1.8694035683352236e-05,7.982620233247195e-07,2.5935294915363467e-05,0.9999362156134056,1.835679397232595e-05,4.373796623700659e-22
4351,5,5,0.9870172031689727,5.096948449315316e-05,0.000936788092442957,2.4534593809586136e-07,3.592443116360958e-05,0.9870172031689727,0.011958869476989549
4353,2,2,0.9859998956556905,3.833615921507945e-06,0.9859998956556905,0.005064215094025888,4.963005755844234e-06,0.00892709262860632,2.3086340649889192e-23
4354,1,1,0.9999972003381965,0.9999972003381965,1.5049448447243862e-11,7.61494787492389e-09,1.7095382444075554e-10,2.7918608523511144e-06,7.218759021340775e-34
4356,3,3,0.9999999999969208,1.62059910528904e-13,5.2068476525660074e-21,0.9999999999969208,1.0582597150403835e-14,2.9065310293755604e-12,1.9718660319162602e-35
4357,3,3,0.9999999999969267,1.6192912204758984e-13,5.200284464105171e-21,0.9999999999969267,1.0581311722733196e-14,2.9008784527405947e-12,1.9612172390609133e-35
4359,4,4,0.9999361265897635,1.871761543538947e-05,7.987217926476021e-07,2.597756626799091e-05,0.9999361265897635,1.8379506740513074e-05,4.3688359815187095e-22
4361,1,1,0.9999972000928854,0.9999972000928854,1.505821584486167e-11,7.6184661437821e-09,1.7100962533989743e-10,2.7921025806335124e-06,7.230149152491272e-34
4362,5,5,0.9870705289156201,5.1042309597682645e-05,0.0009375074963389271,2.4543298117163276e-07,3.595178101064154e-05,0.9870705289156201,0.01190472406445154
4363,3,3,0.9999999999967966,1.6943661958722262e-13,5.566275058534336e-21,0.9999999999967966,1.113439646636458e-14,3.0229679820013904e-12,2.0893600339639496e-35
4364,2,2,0.9859202401618186,3.867695415876634e-06,0.9859202401618186,0.0050925563007106775,5.003200049749218e-06,0.008978332642005251,2.3501789827809008e-23
4365,5,5,0.9880226336729364,5.138719866187379e-05,0.0009727618775936749,2.535422921625562e-07,3.620362835596627e-05,0.9880226336729364,0.01091676008015995
4366,5,5,0.987882443434669,5.164992174418227e-05,0.0009641860597423516,2.5643443121642185e-07,3.631137084656624e-05,0.987882443434669,0.011065152778566751
4367,4,4,0.9999359175261255,1.874071894441868e-05,8.012599871711064e-07,2.6103627434038726e-05,0.9999359175261255,1.8436867508875842e-05,4.4096445339256105e-22
4368,5,5,0.9870984267286009,5.1159630951030425e-05,0.0009395635010100697,2.4745633870209573e-07,3.6010813070357457e-05,0.9870984267286009,0.011874591870028886
4369,6,6,0.9668464769475974,0.005994137396828593,0.005981220128089287,0.007505485147249941,4.9315200004574146e-05,0.013623365180230272,0.9668464769475974
4371,2,2,0.9858042629358589,3.908496484354017e-06,0.9858042629358589,0.0051481708274483656,5.052219592560365e-06,0.009038605520615915,2.3812441981979155e-23
4372,2,2,0.9857291345144327,3.9264305585256164e-06,0.9857291345144327,0.005152295703743347,5.0787582981784e-06,0.009109564592967297,2.4791282939938292e-23
4374,1,1,0.9999971945303806,0.9999971945303806,1.5099232477032314e-11,7.63937102290197e-09,1.7147040564334484e-10,2.7976436786920513e-06,7.263906545639643e-34
4376,1,1,0.9999972045465529,0.9999972045465529,1.5031142760388226e-11,7.597343461192023e-09,1.7059172542847347e-10,2.7876704807490724e-06,7.218181636889953e-34
4377,6,6,0.967018602126646,0.006003454549119801,0.0059582346147393685,0.007409986894333234,4.905891315455503e-05,0.01356066290200695,0.967018602126646
4381,2,2,0.9859544817474439,3.85328874598639e-06,0.9859544817474439,0.005083113183720389,4.98452079739746e-06,0.008953567259292295,2.325144678226614e-23
4382,1,1,0.9999971962199153,0.9999971962199153,1.509998409143667e-11,7.634283290486111e-09,1.7145709826199476e-10,2.7959592442393465e-06,7.284856315678203e-34
4384,3,3,0.9999999999969196,1.6224071445018955e-13,5.212466099124943e-21,0.9999999999969196,1.0594815755323355e-14,2.907726740462354e-12,1.9696303191353804e-35
4385,6,6,0.9645190247151698,0.006434861601423394,0.006405567996801983,0.00798951108026529,5.2799862876703534e-05,0.014598234743462833,0.9645190247151698
4387,5,5,0.9869377997298204,5.096672596565294e-05,0.000938744327169928,2.4517399312085625e-07,3.592179543973889e-05,0.9869377997298204,0.012036322247611125
4388,1,1,0.9999971961639369,0.9999971961639369,1.511657517943348e-11,7.630617085102179e-09,1.7141494825173504e-10,2.79601891437898e-06,7.300669721101351e-34
4389,6,6,0.9674403540422164,0.005905090271348707,0.005897261933349363,0.007324484772605169,4.845912420837922e-05,0.013384349856272017,0.9674403540422164
4391,2,2,0.985951688504503,3.849694975025916e-06,0.985951688504503,0.005083763602255162,4.980636829368257e-06,0.008955717561437527,2.326641744835939e-23
4394,2,2,0.9859471487780537,3.861600164137034e-06,0.9859471487780537,0.005063797306736484,4.997399078361645e-06,0.008980194915967339,2.426860536027924e-23
4395,1,1,0.9999971985862657,0.9999971985862657,1.5064910364268097e-11,7.623025333047609e-09,1.7114444495392195e-10,2.7936044997229415e-06,7.237088183367107e-34
4397,3,3,0.9999999999969194,1.6236995544304482e-13,5.219693803825772e-21,0.9999999999969194,1.0610816631615248e-14,2.9076576877224906e-12,1.9661811094828145e-35
4398,3,3,0.9999999999965429,1.8213216465945966e-13,6.2502769902561015e-21,0.9999999999965429,1.1862959962716987e-14,3.2630672495003318e-12,2.5942900967697525e-35
4399,6,6,0.9674440524246891,0.0058890507223138214,0.005892369204490286,0.007342345462530128,4.843897412693874e-05,0.013383743211849704,0.9674440524246891
4400,2,2,0.9859810214345405,3.837401769633407e-06,0.9859810214345405,0.00507217473264834,4.968858146542571e-06,0.008937997572895125,2.3086448264939588e-23
4401,4,4,0.9999361366819127,1.8707218765019872e-05,7.995733956341564e-07,2.597230482109289e-05,0.9999361366819127,1.8384221105551774e-05,4.374138103899965e-22
4402,2,2,0.9859898287205571,3.836296873812211e-06,0.9859898287205571,0.005065096448422755,4.965659042313021e-06,0.00893627287510397,2.311918526958703e-23
4403,5,5,0.9869416113973013,5.0803756110839075e-05,0.0009402083217418434,2.444403410772906e-07,3.5878746381036306e-05,0.9869416113973013,0.012031253338123953
4404,4,4,0.9999361445174738,1.8727397253900987e-05,7.990643797251594e-07,2.5950998721048334e-05,0.9999361445174738,1.8378022171525757e-05,4.37184302555204e-22
4405,6,6,0.9669079548928731,0.006007490567007093,0.0059617051850021086,0.007473873547417292,4.921324636990484e-05,0.013599762561330622,0.9669079548928731
4406,4,4,0.9999362538833013,1.8692896396824942e-05,7.987442136921871e-07,2.5897189447776317e-05,0.9999362538833013,1.83572866403102e-05,4.36411274646847e-22
4408,4,4,0.9999361775452684,1.8684117514659725e-05,7.978278247773991e-07,2.5981229601958107e-05,0.9999361775452684,1.8359279790205407e-05,4.364218617776872e-22
4412,4,4,0.9999362294866673,1.868900347935854e-05,7.979252931288574e-07,2.5931992984963955e-05,0.9999362294866673,1.835159157526071e-05,4.362786529954069e-22
4413,4,4,0.999936137011349,1.870997328867594e-05,7.997384257671682e-07,2.596785170637269e-05,0.999936137011349,1.8385425230299192e-05,4.380702719056116e-22
4414,3,3,0.9999999999969266,1.6199659761647028e-13,5.1989267813870944e-21,0.9999999999969266,1.0581458484634613e-14,2.900863166085966e-12,1.9615762025434356e-35
4416,2,2,0.985866925059075,3.8797876117047235e-06,0.985866925059075,0.005012691751439608,5.029733365145444e-06,0.00911147366850847,2.5631787313339784e-23
4417,6,6,0.967652101512497,0.0058641663690590885,0.0058664825647830494,0.007265165920249893,4.8103664007544434e-05,0.01330397996940342,0.967652101512497
4418,1,1,0.9999971967807726,0.9999971967807726,1.5098084168962575e-11,7.628338801433091e-09,1.7130926462632174e-10,2.795404481213917e-06,7.284110965529242e-34
4419,4,4,0.9999361068052632,1.8715514454204476e-05,7.996889723871925e-07,2.5986747725769774e-05,0.9999361068052632,1.8391243584433254e-05,4.377666401826177e-22
4420,5,5,0.987215997874589,5.084734035361262e-05,0.0009531070834711123,2.4542407583083455e-07,3.595192439205436e-05,0.987215997874589,0.01174385035311831
4423,3,3,0.9999999999969285,1.6171423454931945e-13,5.193208978669243e-21,0.9999999999969285,1.0569009786175313e-14,2.8992394892634257e-12,1.961031107562621e-35
4425,6,6,0.9665421357484125,0.006088576720273972,0.006046337941248632,0.0075077832991326905,4.9762392026341554e-05,0.013765403898905907,0.9665421357484125
4428,1,1,0.9999971989463615,0.9999971989463615,1.5069951240559894e-11,7.620726950907148e-09,1.710576290859089e-10,2.793246784011208e-06,7.2556365458248764e-34
4430,3,3,0.9999999999969229,1.619766752040742e-13,5.204258352128264e-21,0.9999999999969229,1.0578363699142083e-14,2.9045894827124102e-12,1.9696050774484134e-35
4431,1,1,0.9999971991432415,0.9999971991432415,1.5072119101120902e-11,7.622821316650261e-09,1.7116545501538632e-10,2.7930476996508446e-06,7.252621636311228e-34
4433,1,1,0.9999971522432933,0.9999971522432933,1.55653559013416e-11,7.785832799022501e-09,1.7475930660691606e-10,2.8397805492904975e-06,8.021084584465279e-34
4434,5,5,0.9877773934246378,5.113333623013453e-05,0.0009361979221253375,2.554231016487103e-07,3.6079866175623507e-05,0.9877773934246378,0.01119894002772957
4435,4,4,0.9999361872554344,1.8711479072241354e-05,7.983228888095738e-07,2.593822157038135e-05,0.9999361872554344,1.836472103416783e-05,4.3647531593436015e-22
4436,5,5,0.9869986569972006,5.0794838304327534e-05,0.0009410399862436953,2.439123282971857e-07,3.58866189209013e-05,0.9869986569972006,0.011973377647002202
4438,1,1,0.999997203979341,0.999997203979341,1.5052170884226407e-11,7.593913167985353e-09,1.7060964314626523e-10,2.788241084021367e-06,7.2419596177547794e-34
4439,3,3,0.9999999999969261,1.6195407204886957e-13,5.200416473804358e-21,0.9999999999969261,1.057921845834852e-14,2.9013655014707893e-12,1.9607018717251828e-35
4440,2,2,0.9858822840415186,3.877469999408541e-06,0.9858822840415186,0.005122515926070659,5.011598090557124e-06,0.008986310964320931,2.360941039931647e-23
4441,5,5,0.9870681222278161,5.089619933734255e-05,0.0009367270107357154,2.452294224664581e-07,3.5901509974807664e-05,0.9870681222278161,0.01190810782271352
4442,5,5,0.9875313870544967,5.1010770057466626e-05,0.0009484260574882058,2.482443127170695e-07,3.6016916990050396e-05,0.9875313870544967,0.011432910956654876
4444,4,4,0.9999361866457813,1.8686872366789382e-05,7.983239487317708e-07,2.5963535621399645e-05,0.9999361866457813,1.8364622281821482e-05,4.381676733986569e-22
4445,3,3,0.9999999999968858,1.6419755541785189e-13,5.311585264774685e-21,0.9999999999968858,1.0760864164942045e-14,2.939264954325453e-12,2.0047662942798165e-35
4446,2,2,0.9859156413227528,3.871977137047757e-06,0.9859156413227528,0.005087369011035054,5.004793956204429e-06,0.008988112895119074,2.368436944953591e-23
4449,6,6,0.9674622704608276,0.005906441715968594,0.005890702147094955,0.007316615052639148,4.841091230693326e-05,0.013375559711162844,0.9674622704608276
4450,6,6,0.9672480760144293,0.005944733410375604,0.005929679531196041,0.007365073812907957,4.8733284563612124e-05,0.013463703946527489,0.9672480760144293
4451,5,5,0.9884274207420353,5.168729973240028e-05,0.000987649252823056,2.601146348912302e-07,3.646674847661978e-05,0.9884274207420353,0.0104965158422977
4454,3,3,0.9999999999969067,1.630328726534795e-13,5.2446098880043596e-21,0.9999999999969067,1.0649719031509647e-14,2.9197026901591834e-12,1.986045643413401e-35
4455,5,5,0.9870119888608384,5.0926213731106225e-05,0.0009393836771038001,2.447879688237595e-07,3.59125816017372e-05,0.9870119888608384,0.011961543878756165
4458,1,1,0.9999971974023374,0.9999971974023374,1.5113701995158e-11,7.625529316618489e-09,1.7123097470040618e-10,2.794785788608871e-06,7.335552206189257e-34
4459,6,6,0.967005931887454,0.0059848886506521344,0.00597272865170767,0.007416836830436497,4.911554150064725e-05,0.013570498438249024,0.967005931887454
4460,3,3,0.9999999999969211,1.6224333867358429e-13,5.2101304200431326e-21,0.9999999999969211,1.0591260661712536e-14,2.906078543751601e-12,1.9665195083229417e-35
4462,2,2,0.9860244821157692,3.82336904539351e-06,0.9860244821157692,0.005047474517166583,4.952457392085053e-06,0.008919267540626816,2.312766905509042e-23
4463,2,2,0.9860241211627262,3.824426211411314e-06,0.9860241211627262,0.005047911956835469,4.952987970211413e-06,0.008919189466256668,2.3162726147784883e-23
4464,4,4,0.9999361267859213,1.8714039477586782e-05,7.991297337481961e-07,2.5978935087292358e-05,0.9999361267859213,1.838110978012413e-05,4.3885520620093815e-22
4465,5,5,0.9870027075597959,5.1105869396325615e-05,0.0009494743237273366,2.466131781619878e-07,3.596924091556036e-05,0.9870027075597959,0.011960496392986679
4466,6,6,0.9675223096573098,0.005894144595778994,0.0058807327255438815,0.007302710834700597,4.8301404823595406e-05,0.013351800781843164,0.9675223096573098
4470,3,3,0.9999999999969265,1.6178750873955597e-13,5.197441649699313e-21,0.9999999999969265,1.0570174397488538e-14,2.9011838365989876e-12,1.9629459703952646e-35
4472,4,4,0.9999360996896806,1.8720764320380543e-05,7.999521677417511e-07,2.5983946615859587e-05,0.9999360996896806,1.839564721549412e-05,4.378856868888901e-22
4473,5,5,0.9871038607498896,5.083585313032539e-05,0.0009395387177936916,2.450670325384436e-07,3.591165138830743e-05,0.9871038607498896,0.01186960796076549
4474,3,3,0.9999999999969281,1.618633587517569e-13,5.1968771927659954e-21,0.9999999999969281,1.057756343941737e-14,2.8994693293235785e-12,1.9590686133862064e-35
4478,6,6,0.9673399003405795,0.005924368605294085,0.005912883660032648,0.007346610718317611,4.8600532386443946e-05,0.013427636143389762,0.9673399003405795
4480,5,5,0.9876574081112174,5.1506144465626464e-05,0.0009234603373415993,2.566074463388854e-07,3.613867770495067e-05,0.9876574081112174,0.01133123012182415
4481,2,2,0.9859415707949316,3.8570287214248785e-06,0.9859415707949316,0.005089302021539035,4.987100536091771e-06,0.008960283054271824,2.3314276031202027e-23
4482,1,1,0.9999971969382759,0.9999971969382759,1.5077540387505398e-11,7.631188291599635e-09,1.713274777303974e-10,2.7952441308614686e-06,7.245237461024334e-34
4483,1,1,0.9999971985311523,0.9999971985311523,1.5075728680699538e-11,7.62402103908231e-09,1.712089073246376e-10,2.793658541940824e-06,7.257794374637478e-34
4484,2,2,0.9859840450160756,3.840981537110323e-06,0.9859840450160756,0.00506575524620708,4.972233643136947e-06,0.008941386522537039,2.341601416063428e-23
4485,6,6,0.9674961228028626,0.005894812741619051,0.005888375044468103,0.007309682771752001,4.837209088058634e-05,0.013362634548417676,0.9674961228028626
4487,3,3,0.9999999999969308,1.616777009467775e-13,5.187025029714292e-21,0.9999999999969308,1.0558683703953777e-14,2.8970483586062734e-12,1.9580744985015856e-35
4488,5,5,0.9869176581722291,5.093728247024779e-05,0.0009392073642436577,2.4523452718216935e-07,3.590648182028385e-05,0.9869176581722291,0.012056045464709477
4489,1,1,0.9999971864837511,0.9999971864837511,1.5186097373531016e-11,7.666851764494469e-09,1.7204767946552233e-10,2.8056621634553714e-06,7.452179637937992e-34
4490,3,3,0.9999999999969247,1.6196792903944348e-13,5.200946644956428e-21,0.9999999999969247,1.0579195240509742e-14,2.902776086693754e-12,1.9640510687365274e-35
4492,5,5,0.9871214582308212,5.08455487812107e-05,0.0009461864133880504,2.446249517359056e-07,3.59264754577076e-05,0.9871214582308212,0.0118453387066001
4493,3,3,0.9999999999969259,1.61862047945018e-13,5.194616568299883e-21,0.9999999999969259,1.0568219397527216e-14,2.9016713070221374e-12,1.965111561229115e-35
4495,6,6,0.9668170729676178,0.006033650215223874,0.005989997937677088,0.0074688146161391595,4.93904490857295e-05,0.013641073814256374,0.9668170729676178
4496,5,5,0.9871024863692228,5.0728975087499425e-05,0.0009462912784952223,2.441635807239607e-07,3.5893726666420216e-05,0.9871024863692228,0.011864355486947325
4497,1,1,0.9999971667565632,0.9999971667565632,1.5411800321656225e-11,7.743462031889034e-09,1.7370710189791044e-10,2.825310855881474e-06,7.813549712921532e-34
4498,4,4,0.9999361743497388,1.8700251889551437e-05,7.995640323854252e-07,2.595052966757266e-05,0.9999361743497388,1.837530467159929e-05,4.378370403590865e-22
4499,5,5,0.9872035449991443,5.090386786767568e-05,0.0009380248007895309,2.461715767515902e-07,3.5911174689590974e-05,0.9872035449991443,0.01177136898593207
4500,3,3,0.9999999999969106,1.6271625877464027e-13,5.240094697276417e-21,0.9999999999969106,1.0651876829178454e-14,2.916029432206251e-12,1.9776574049336469e-35
4501,3,3,0.9999999999969236,1.6211116942648508e-13,5.205912690950979e-21,0.9999999999969236,1.0589274619947123e-14,2.903841587104813e-12,1.9624825929107078e-35
4503,6,5,0.9870271137232454,5.123458129037715e-05,0.0009472474796714976,2.4738525039549315e-07,3.602662315010684e-05,0.9870271137232454,0.011938130207392237
4504,4,4,0.9999362300133207,1.8690162120795527e-05,7.99920577517004e-07,2.5911595811838197e-05,0.9999362300133207,1.8368308169175895e-05,4.389199853562793e-22
4505,5,5,0.9871562861060811,5.1142359088285154e-05,0.0009527936077051687,2.483005341562156e-07,3.6053488980053194e-05,0.9871562861060811,0.011803476137611197
4507,1,1,0.9999971956976954,0.9999971956976954,1.511704540481139e-11,7.621600612687174e-09,1.7121280690477962e-10,2.796494374241972e-06,7.300672394853077e-34
4508,3,3,0.9999999999969273,1.6185321718229102e-13,5.199705359338979e-21,0.9999999999969273,1.0582212872303647e-14,2.9002133254610027e-12,1.9604519307120014e-35
4509,1,1,0.9999971941783551,0.9999971941783551,1.5148928415008972e-11,7.637474674146612e-09,1.7152721150431674e-10,2.7979974941581857e-06,7.386872556599456e-34
4511,3,3,0.9999999999969136,1.6277917916369378e-13,5.232857835644291e-21,0.9999999999969136,1.0627898293931379e-14,2.9129551018086095e-12,1.971310787878996e-35
4512,3,3,0.999999999996926,1.6189445813027085e-13,5.2014657844726494e-21,0.999999999996926,1.057907835772987e-14,2.90159690110512e-12,1.9639832375339958e-35
4514,1,1,0.9999972013103781,0.9999972013103781,1.5051589076433012e-11,7.610544353106234e-09,1.7088560079573217e-10,2.7908931403723484e-06,7.22490235363949e-34
4516,3,3,0.9999999999969218,1.620975748790416e-13,5.214949594659606e-21,0.9999999999969218,1.0601255355459122e-14,2.9055361637233165e-12,1.9654062345511053e-35
4517,3,3,0.9999999999969278,1.617840082943215e-13,5.192047333756892e-21,0.9999999999969278,1.0566663562695434e-14,2.8999196960178756e-12,1.9623982705807263e-35
4519,6,6,0.9664830315249936,0.006098970703438078,0.006050263957953048,0.0075331877352245264,4.985128803569984e-05,0.013784694790355009,0.9664830315249936
4520,5,5,0.9870730271488041,5.093439896426851e-05,0.0009374715658761653,2.460424760558281e-07,3.592449597319354e-05,0.9870730271488041,0.011902396347906262
4523,5,5,0.9874974728478466,5.091484926951657e-05,0.0009488102739809122,2.4733359873318034e-07,3.597808161569403e-05,0.9874974728478466,0.011466576613688577
4524,1,1,0.9999971922574316,0.9999971922574316,1.510643816100851e-11,7.641718564390976e-09,1.7154552177770106e-10,2.7999141977735522e-06,7.28352800148284e-34
4525,3,3,0.9999999999969253,1.6190668904091558e-13,5.202850658686731e-21,0.9999999999969253,1.0581915139624456e-14,2.9022455098747972e-12,1.9643335990046903e-35
4526,4,4,0.9999362312555216,1.868459794020535e-05,7.98899011210661e-07,2.592671611689707e-05,0.9999362312555216,1.835853141008896e-05,4.380977511921977e-22
4529,2,2,0.9859391142893087,3.863817189473906e-06,0.9859391142893087,0.005073811115825332,4.995562933893956e-06,0.008978215214742761,2.382783872201725e-23
4531,5,5,0.9870130409837873,5.0786685598317415e-05,0.0009392859418872519,2.440680597539354e-07,3.586451206473959e-05,0.9870130409837873,0.011960777808602717
4532,1,1,0.9999972040108275,0.9999972040108275,1.504107675389313e-11,7.596201010135848e-09,1.70626300016768e-10,2.7882073041979373e-06,7.218506215769068e-34
4533,4,4,0.9999362222996504,1.8687812606917715e-05,7.987398622651189e-07,2.5930332669298464e-05,0.9999362222996504,1.836081521119328e-05,4.368643238780133e-22
4539,6,6,0.9670119445952089,0.0059774588644609435,0.005978476129520014,0.007409174971576446,4.907379739872386e-05,0.013573871641835041,0.9670119445952089
4540,2,2,0.9860133569657461,3.826673717228881e-06,0.9860133569657461,0.005052357883662701,4.957111535176658e-06,0.008925501365338883,2.3086682504402118e-23
4541,3,3,0.9999999999969276,1.6185015045777182e-13,5.196798431342373e-21,0.9999999999969276,1.0569426672866612e-14,2.9000264834104454e-12,1.9595193710900335e-35
4542,2,2,0.9859629194273872,3.8495989654422595e-06,0.9859629194273872,0.005081956149063239,4.980229242127191e-06,0.008946294595341873,2.320829895003229e-23
4543,1,1,0.9999971928463041,0.9999971928463041,1.5116559054546783e-11,7.637182334944787e-09,1.715362291985969e-10,2.79932986080079e-06,7.29516343497331e-34
4545,2,2,0.985991777152993,3.838389106837575e-06,0.985991777152993,0.005054136374445364,4.967596804525904e-06,0.0089452804866502,2.3360289705118116e-23
4546,5,5,0.9869744606594811,5.0894339671299325e-05,0.0009400798291464578,2.4422626128229903e-07,3.5899433796411325e-05,0.9869744606594811,0.01199842151164344
4547,2,2,0.9859649413303347,3.844040829027751e-06,0.9859649413303347,0.005079714312791808,4.975528565533377e-06,0.008946524787478973,2.3362973599813832e-23
4549,1,1,0.9999972000628733,0.9999972000628733,1.5062241100213592e-11,7.621900376906297e-09,1.710913618233763e-10,2.7921290726770766e-06,7.252532984309003e-34
4550,2,2,0.9859822214577916,3.835774450429291e-06,0.9859822214577916,0.0050619403593397585,4.970632350213875e-06,0.008947031776068107,2.335844955010407e-23
4551,5,5,0.9870154942620312,5.079837047488899e-05,0.0009428385348231016,2.437878259447898e-07,3.5897573081176574e-05,0.9870154942620312,0.011954727471763743
4554,6,6,0.9676639019452293,0.005862859666916573,0.005858745910062939,0.007271065404384447,4.8103085664817427e-05,0.013295323987741966,0.9676639019452293
4557,4,4,0.999936141105986,1.870136621864054e-05,7.992223188031815e-07,2.5980148470846327e-05,0.999936141105986,1.837815700572785e-05,4.389654190149014e-22
4558,5,5,0.9869511127897689,5.085686749659303e-05,0.0009403805766315909,2.442982962640575e-07,3.5895442036589706e-05,0.9869511127897689,0.01202151002577018
4559,1,1,0.9999971958858243,0.9999971958858243,1.511628800863048e-11,7.629700989802792e-09,1.7126636553211416e-10,2.796298092208767e-06,7.3580027347977975e-34
4560,3,3,0.9999999999969237,1.6199353579086433e-13,5.209098851285105e-21,0.9999999999969237,1.0593268908399047e-14,2.9038369197924547e-12,1.9650363481612428e-35
4562,1,1,0.9999971926818146,0.9999971926818146,1.5115160540169238e-11,7.637357730749998e-09,1.71505148711055e-10,2.7994942073793995e-06,7.2938476869590205e-34
4563,2,2,0.9859990645575504,3.83180352288204e-06,0.9859990645575504,0.005062388802865793,4.961527816631789e-06,0.008929753308244354,2.3146530346573093e-23
4565,1,1,0.9999972037872507,0.9999972037872507,1.5052129909033818e-11,7.597524139865495e-09,1.7063464234574522e-10,2.7884295384763536e-06,7.238928152039103e-34
4567,4,4,0.9999362168470983,1.8688491691224606e-05,7.992752390821375e-07,2.5929126062425783e-05,0.9999362168470983,1.8366259908895496e-05,4.375788336511143e-22
4568,1,1,0.9999972039167617,0.9999972039167617,1.505227833042416e-11,7.594660898230382e-09,1.706006029057228e-10,2.7883029243978917e-06,7.257947533782922e-34
4569,6,6,0.9668506980304461,0.00601868748521329,0.005988877988631529,0.007453857659511168,4.941365323102339e-05,0.013638465182966865,0.9668506980304461
4571,1,1,0.9999972026075015,0.9999972026075015,1.5057145018404624e-11,7.602265104072216e-09,1.707733147340388e-10,2.7896044029571456e-06,7.256917170436029e-34
4572,3,3,0.9999999999969252,1.620476140737219e-13,5.203472006633028e-21,0.9999999999969252,1.0587620082199142e-14,2.9021621661579194e-12,1.9597901039883905e-35
4573,5,5,0.9872018350685269,5.093657766548308e-05,0.0009463041069753246,2.4549720921319317e-07,3.5957277591022564e-05,0.9872018350685269,0.011764721472032209
4576,3,3,0.9999999999969204,1.6219390731418255e-13,5.216998029139077e-21,0.9999999999969204,1.0609841090961871e-14,2.9067967381827017e-12,1.9690766414613605e-35
4577,6,6,0.9677327195388903,0.005851690597614133,0.005848265563376744,0.007250746805980356,4.799953426769816e-05,0.01326857795987079,0.9677327195388903
4578,5,5,0.987649422026151,5.327079323584795e-05,0.0009879724839152453,2.687862359961189e-07,3.690371298965517e-05,0.987649422026151,0.011272162197472207
4579,5,5,0.9870282220650675,5.094948095718179e-05,0.0009392161964616814,2.4521941373631215e-07,3.59285603282848e-05,0.9870282220650675,0.011945438477771665
4581,1,1,0.9999971975060765,0.9999971975060765,1.507955341151589e-11,7.630729083659243e-09,1.71230976068726e-10,2.7946768838484143e-06,7.245316015751884e-34
4582,3,3,0.9999999999969246,1.6196884601195823e-13,5.203028433429672e-21,0.9999999999969246,1.0578538440178638e-14,2.9029070291236328e-12,1.9635301804961788e-35
4584,6,6,0.966805495300977,0.0060139476952867825,0.006011370429275162,0.007464703111406779,4.9402058041925886e-05,0.013655081405012317,0.966805495300977
4586,4,4,0.9999361521528042,1.870092037229182e-05,7.994309362043822e-07,2.5967765646569607e-05,0.9999361521528042,1.8379730240780152e-05,4.374377399731196e-22
4587,3,3,0.9999999999969168,1.6259971545932295e-13,5.226499139085981e-21,0.9999999999969168,1.0620750744386902e-14,2.9099074657853245e-12,1.9705641184172645e-35
4588,1,1,0.9999972022457979,0.9999972022457979,1.5052758514372714e-11,7.609042228962026e-09,1.7093205499252162e-10,2.789959175104269e-06,7.236882731913427e-34
4589,4,4,0.9999362181763117,1.8686893646518327e-05,7.991199673209356e-07,2.5936123574848254e-05,0.9999362181763117,1.8359686499596358e-05,4.3709873712706385e-22
4590,2,2,0.9860237469476415,3.8236675858830835e-06,0.9860237469476415,0.005024458636505147,4.956726061891897e-06,0.008943014022205547,2.3736417870982723e-23
4591,2,2,0.9860003859572538,3.831292683576775e-06,0.9860003859572538,0.00506101915633625,4.962768843118936e-06,0.008929800824883267,2.3110002409452122e-23
4592,5,5,0.9891413535216503,5.1581017787621805e-05,0.0009882790367543915,2.637954988664308e-07,3.644810080537174e-05,0.9891413535216503,0.009782074527503513
4594,5,5,0.9880255244363516,5.159558817110589e-05,0.0009546336645622286,2.531030105852388e-07,3.610636874863687e-05,0.9880255244363516,0.010931886839155799
4595,6,6,0.967563402649259,0.005870803593154805,0.00586793668598193,0.007305749561836289,4.8276837851493083e-05,0.01334383067191652,0.967563402649259
4596,2,2,0.9859927752609182,3.832064151735157e-06,0.9859927752609182,0.005061610387563426,4.964724979425177e-06,0.008936817562387043,2.319959688289681e-23
4597,4,4,0.9999356252153728,1.886240503257385e-05,8.04542545587122e-07,2.6185972001807463e-05,0.9999356252153728,1.8521865047303738e-05,4.470188057337867e-22
4598,1,1,0.9999971931160474,0.9999971931160474,1.514261199441919e-11,7.64541622800484e-09,1.7145080695906794e-10,2.799051942891273e-06,7.399057845733135e-34
4602,5,5,0.9882201465931265,5.103686492806044e-05,0.0009761321178823229,2.527012258269672e-07,3.6173163490273356e-05,0.9882201465931265,0.010716258559347033
4603,3,3,0.9999999999968467,1.6544141383144977e-13,5.387150933180397e-21,0.9999999999968467,1.0813856057146106e-14,2.97707002933351e-12,2.075804297743403e-35
4604,1,1,0.999997200612528,0.999997200612528,1.5075457293054813e-11,7.603141739927058e-09,1.708634014805381e-10,2.791598391365836e-06,7.2728714659816855e-34
4605,4,4,0.9999360766641591,1.8718908801470838e-05,7.996521633775737e-07,2.600822219410694e-05,0.9999360766641591,1.839655268203731e-05,4.3906962753301525e-22
4606,5,5,0.9870230499728744,5.0845846456560706e-05,0.0009431134360635671,2.4492778806409533e-07,3.59018946348189e-05,0.9870230499728744,0.01194684392218261
4607,2,2,0.9860500671836376,3.813853479562023e-06,0.9860500671836376,0.005027162222465179,4.943146090730027e-06,0.00891401359432695,2.3213095232967067e-23
4609,2,2,0.9859949597319193,3.82734144214315e-06,0.9859949597319193,0.005063836796001617,4.95934189916147e-06,0.008932416788737838,2.3175771597456683e-23
4610,3,3,0.9999999999969241,1.621047184304631e-13,5.2023401283051954e-21,0.9999999999969241,1.05794712730839e-14,2.903235131671907e-12,1.9634102649736837e-35
4611,2,2,0.9857782758584028,3.9054664882438656e-06,0.9857782758584028,0.005173346782991208,5.0433294657233705e-06,0.009039428562652083,2.3926591619468522e-23
4613,3,3,0.9999999999969277,1.6185464979006848e-13,5.195731479536266e-21,0.9999999999969277,1.0569279974779512e-14,2.8999219194464535e-12,1.9595062777759505e-35
4614,3,3,0.9999999999969211,1.620994482057614e-13,5.207485893151164e-21,0.9999999999969211,1.0589680074315342e-14,2.9062795953935598e-12,1.9733548528439886e-35
4615,6,6,0.9654594292935297,0.006260394153241499,0.006222541865783199,0.007714852413949544,5.142018584707194e-05,0.014291362087648966,0.9654594292935297
4616,1,1,0.9999971947219943,0.9999971947219943,1.5102659798605518e-11,7.641910019560521e-09,1.715078124580078e-10,2.7974494852250036e-06,7.27968521831989e-34
4617,5,5,0.9871117161612465,5.085107321417472e-05,0.000942231267416628,2.4477301619102766e-07,3.590648314454846e-05,0.9871117161612465,0.01185905024196205
4618,3,3,0.999999999996922,1.6214246213631522e-13,5.212141584537331e-21,0.999999999996922,1.0596993068073533e-14,2.905343769094374e-12,1.9676111945292868e-35
4619,3,3,0.9999999999969288,1.6168171468076364e-13,5.19408657202013e-21,0.9999999999969288,1.0564774634486048e-14,2.8990183948825686e-12,1.958835405876213e-35
4620,2,2,0.9860220040478626,3.823163211678744e-06,0.9860220040478626,0.005050970381214769,4.952538755201142e-06,0.00891824986895583,2.3080612492971914e-23
4621,4,4,0.9999361422622765,1.8703415919594572e-05,7.99390569914302e-07,2.5972279578831828e-05,0.9999361422622765,1.8382651655216768e-05,4.39361628237937e-22
4622,4,4,0.9999361654655702,1.8720516881502467e-05,7.995438183582984e-07,2.593668873414879e-05,0.9999361654655702,1.8377784995838986e-05,4.38133964446099e-22
4623,2,2,0.985978014986323,3.841704395480987e-06,0.985978014986323,0.0050696716199935665,4.9748726848763335e-06,0.008943496816603043,2.331538691668984e-23
4624,1,1,0.9999971997289105,0.9999971997289105,1.5070236424695445e-11,7.616725369944134e-09,1.7101663932976377e-10,2.7924682771821468e-06,7.248652715556102e-34
4625,1,1,0.9999972027395562,0.9999972027395562,1.5049786260487778e-11,7.605449325554716e-09,1.7083485515067644e-10,2.7894691099929994e-06,7.239503977863599e-34
4626,1,1,0.9999971962551952,0.9999971962551952,1.5095028802355466e-11,7.623857851285605e-09,1.712231022884388e-10,2.795934628749356e-06,7.288348230822901e-34
4629,6,6,0.9674884787778621,0.0058821863762376836,0.005890865789202761,0.007329756293331272,4.8374718535357076e-05,0.01336033804483078,0.9674884787778621
4631,2,2,0.9856543596207042,3.953728513162345e-06,0.9856543596207042,0.005221947986600538,5.097275554185024e-06,0.009114641388627909,2.4578288225065312e-23
4632,6,6,0.9674867796926145,0.00590069606902479,0.005887024540438381,0.0073085633272979116,4.835276847577443e-05,0.013368583602148583,0.9674867796926145
4633,3,3,0.9999999999968878,1.642308710371381e-13,5.3114467057980705e-21,0.9999999999968878,1.0750945368279146e-14,2.937155816663117e-12,1.9988393908359873e-35
4634,2,2,0.9860115491422204,3.826103873322419e-06,0.9860115491422204,0.00505405851234796,4.956856208486775e-06,0.008925609385349852,2.3098240354127698e-23
4635,3,3,0.9999999999969239,1.620910837551149e-13,5.2080176733851195e-21,0.9999999999969239,1.0594484740383106e-14,2.9034020631845747e-12,1.961644710291374e-35
4636,4,4,0.9999361687480501,1.8696591310625324e-05,7.986239831491398e-07,2.596825718274833e-05,0.9999361687480501,1.8367779473497238e-05,4.369143570205594e-22
4637,4,4,0.9999361825255675,1.869282945505395e-05,7.978740938807517e-07,2.5965700621577342e-05,0.9999361825255675,1.836107026193094e-05,4.365986076450856e-22
4639,5,5,0.9871626875011762,5.114904582229845e-05,0.0009402725179747935,2.459963886930023e-07,3.5990428541727995e-05,0.9871626875011762,0.011809654510096355
4640,1,1,0.9999972005504412,0.9999972005504412,1.509106057577562e-11,7.609493403048459e-09,1.708752587620712e-10,2.7916540990989694e-06,7.330958006823297e-34
4641,6,6,0.9672476345538681,0.005942438386759722,0.005924983364150247,0.007375135957508571,4.876160272194214e-05,0.01346104613499145,0.9672476345538681
4642,1,1,0.9999971927573985,0.9999971927573985,1.5155671144649957e-11,7.636769680465429e-09,1.715486202847541e-10,2.7994191275131265e-06,7.4185045562141364e-34
4645,2,2,0.9857524384476898,3.92619015528652e-06,0.9857524384476898,0.0049927621494037355,5.083915698207031e-06,0.009245789297053017,2.745194417123735e-23
4646,2,2,0.9859344386536208,3.860106633692587e-06,0.9859344386536208,0.005094435341805914,4.991543697206946e-06,0.008962274354242461,2.3203773661055523e-23
4647,4,4,0.9999362532355234,1.8688020669251376e-05,7.988052647396871e-07,2.5904925599270435e-05,0.9999362532355234,1.835501294337549e-05,4.373313107734148e-22
4648,1,1,0.9999972010719202,0.9999972010719202,1.5061279308440376e-11,7.614587221282824e-09,1.7089155579625728e-10,2.7911275397598448e-06,7.2449591445785595e-34
4649,3,3,0.9999999999969275,1.616995887604532e-13,5.197796979947334e-21,0.9999999999969275,1.0572574483086644e-14,2.9003738834287058e-12,1.9627644666630963e-35
4651,2,2,0.9858080921701292,3.91556989501762e-06,0.9858080921701292,0.005143020079206366,5.056056182763111e-06,0.009039916124586659,2.4013063913159467e-23
4653,4,4,0.999936181859948,1.871227381329238e-05,7.993049540144119e-07,2.5933986282051944e-05,0.999936181859948,1.837257500254592e-05,4.375390603377913e-22
4655,4,4,0.9999362159338697,1.8696028126917128e-05,7.987471979166076e-07,2.5928008909067934e-05,0.9999362159338697,1.8361281896313478e-05,4.376869456816221e-22
4656,3,3,0.9999999999969277,1.6190700777982884e-13,5.194302783845999e-21,0.9999999999969277,1.0574509378021687e-14,2.8998570053902696e-12,1.959891705623503e-35
4657,5,5,0.9872991412771565,5.0926268841589087e-05,0.0009376771486107081,2.493524321862148e-07,3.5961499773690704e-05,0.9872991412771565,0.011676044453185321
4658,4,4,0.9999362401774571,1.8688019365888316e-05,7.985624260109493e-07,2.5918919802678242e-05,0.9999362401774571,1.8354320948270765e-05,4.373810525507844e-22
4660,5,5,0.987223305796613,5.1134510567388933e-05,0.0009338463745279589,2.488705929244981e-07,3.5997867313842715e-05,0.987223305796613,0.011755466580384854
4661,6,6,0.967482702388475,0.005901402843381312,0.005889461932015716,0.007310145824086747,4.836022969819476e-05,0.01336792678234303,0.967482702388475
4662,3,3,0.9999999999968694,1.6484640571727354e-13,5.345834486016609e-21,0.9999999999968694,1.0766274963788933e-14,2.9550163186133534e-12,2.0371225545058433e-35
4663,5,5,0.9871044075821439,5.0877827218542066e-05,0.0009433017688273463,2.442726926758862e-07,3.59166362208129e-05,0.9871044075821439,0.011865251912896613
4664,2,2,0.985950853185562,3.8492481323109255e-06,0.985950853185562,0.005078354842685897,4.981404347518374e-06,0.008961961319272163,2.3342227085706963e-23
4665,2,2,0.9860155163658163,3.82245425700971e-06,0.9860155163658163,0.005042260047096847,4.953169217107127e-06,0.008933447963612678,2.3259855699770212e-23
4666,1,1,0.9999971986618573,0.9999971986618573,1.506342227378605e-11,7.624610942445801e-09,1.7119049056302986e-10,2.7935272778871126e-06,7.231137567726437e-34
4668,4,4,0.999936210709258,1.8681198582695236e-05,7.982607437698249e-07,2.5951788697834543e-05,0.999936210709258,1.835804271776816e-05,4.371123265038761e-22
4669,5,5,0.9870372682409624,5.0867943300027736e-05,0.0009388297437419348,2.4499698563605594e-07,3.589993203931323e-05,0.9870372682409624,0.011936889142970787
4670,2,2,0.985977057261701,3.8410414207721434e-06,0.985977057261701,0.005071115644606582,4.974905682957891e-06,0.00894301114658864,2.3233043656686187e-23
4672,4,4,0.9999362027892463,1.8692843153470416e-05,7.987541474080619e-07,2.594185570393696e-05,0.9999362027892463,1.8363757748849385e-05,4.371671770485413e-22
4673,4,4,0.9999362636826471,1.8681322933512514e-05,7.98514793863666e-07,2.590503670540054e-05,0.9999362636826471,1.8351442920134906e-05,4.365218724570338e-22
4675,1,1,0.9999971969415987,0.9999971969415987,1.5080727452125117e-11,7.628473816361998e-09,1.7132203775153406e-10,2.7952435246010146e-06,7.247199029999599e-34
4676,6,6,0.9677645789812653,0.00584034970058212,0.005844393803624855,0.007249826867163207,4.796136948881319e-05,0.01325288927787567,0.9677645789812653
4677,3,3,0.9999999999969221,1.622956169131825e-13,5.21298893750972e-21,0.9999999999969221,1.0600599817500132e-14,2.9050617953972233e-12,1.965856039470101e-35
4678,6,6,0.9673751581767095,0.005912881131500271,0.0059089888563218194,0.007344286507445823,4.8548168565756924e-05,0.01341013715945686,0.9673751581767095
4680,6,6,0.9674940995643478,0.005896404424630264,0.005894248265407172,0.007303792534006668,4.836029298517745e-05,0.013363094918622948,0.9674940995643478
4681,1,1,0.9999971969774213,0.9999971969774213,1.5080688868368877e-11,7.622998592380524e-09,1.7119821364900093e-10,2.7952133012407507e-06,7.2496487526195926e-34
4682,1,1,0.9999971968138235,0.9999971968138235,1.5080481561574308e-11,7.626559565675434e-09,1.7121601667287543e-10,2.7953733203772335e-06,7.253857733402609e-34
4683,2,2,0.9859748075273992,3.834897172445439e-06,0.9859748075273992,0.005074203971540956,4.968617642347353e-06,0.0089421849862452,2.31028016683455e-23
4684,4,4,0.9999361570144398,1.8699373968080385e-05,7.989089339261251e-07,2.5971419819521038e-05,0.9999361570144398,1.8373282838638027e-05,4.373759128181495e-22
4686,4,4,0.9999362399640286,1.8689534366765003e-05,7.9855442763556e-07,2.591674557757097e-05,0.9999362399640286,1.835520159952783e-05,4.368560956012031e-22
4687,2,2,0.9859918907549122,3.835622521321522e-06,0.9859918907549122,0.0050206673884031295,4.974029888710763e-06,0.008978632204274532,2.3931039583875034e-23
4688,5,5,0.9871240130140574,5.098102563452669e-05,0.0009352622081039126,2.464278181566043e-07,3.592002770900334e-05,0.9871240130140574,0.01185357729667703
4689,3,3,0.9999999999969249,1.6197575816020816e-13,5.200751404921636e-21,0.9999999999969249,1.0577765941070406e-14,2.9025740535581066e-12,1.9640634549078185e-35
4690,4,4,0.9999361712663808,1.8713350011836865e-05,7.992647965292897e-07,2.5939427824928526e-05,0.9999361712663808,1.837669098588576e-05,4.382133230573641e-22
4691,2,2,0.9859885220431404,3.831653570446065e-06,0.9859885220431404,0.00506094237996269,4.966119149108766e-06,0.00894173780417744,2.3321506801492997e-23
4693,3,3,0.9999999999969177,1.6226238055499708e-13,5.215887798700314e-21,0.9999999999969177,1.059247797855734e-14,2.9094210450633963e-12,1.9741642247653264e-35
4695,5,5,0.9869222060696895,5.07523451415677e-05,0.0009410073223005686,2.4341095087771347e-07,3.584802621827342e-05,0.9869222060696895,0.012049942825699225
4697,2,2,0.9855015116113972,4.009436960088917e-06,0.9855015116113972,0.005275995476645135,5.1605593158354854e-06,0.00921332291568169,2.559082348757935e-23
4698,3,3,0.9999999999969202,1.6208006711465125e-13,5.207360531068504e-21,0.9999999999969202,1.0583996553413399e-14,2.9071195336980432e-12,1.9737855070302604e-35
4699,5,5,0.9869707595121504,5.115038985677682e-05,0.0009455891103033272,2.4645006824685454e-07,3.599447544931851e-05,0.9869707595121504,0.011996260062171926
4702,4,4,0.9999362321115486,1.8684625934407837e-05,7.981970963625203e-07,2.5932967691034683e-05,0.9999362321115486,1.8352097729649822e-05,4.370487838820967e-22
4704,3,3,0.9999999999969218,1.621015853330918e-13,5.209914367228562e-21,0.9999999999969218,1.0582658765619624e-14,2.9055461326467937e-12,1.9672953331889491e-35
4706,6,6,0.9675121920165616,0.0058785347767163,0.0058969341242051995,0.007293524757403892,4.8319242652938734e-05,0.013370495082460099,0.9675121920165616
4708,3,3,0.9999999999969182,1.6252964275644114e-13,5.222330336224088e-21,0.9999999999969182,1.0611257383191634e-14,2.908666078249643e-12,1.9652921529373616e-35
4709,2,2,0.9859439262894947,3.85755532194373e-06,0.9859439262894947,0.005085884219278849,4.9917336529089e-06,0.008961340202251696,2.3632706759754352e-23
4710,1,1,0.9999971979739011,0.9999971979739011,1.5105115482685082e-11,7.619850920691925e-09,1.7109727832495023e-10,2.7942200455739458e-06,7.293272636758887e-34
4711,2,2,0.9859407704660754,3.855259839105193e-06,0.9859407704660754,0.005093052914057348,4.989704491319426e-06,0.008957331655536771,2.329112761033466e-23
4712,5,5,0.986994079563642,5.094729466379855e-05,0.0009400008290228135,2.4433256878955474e-07,3.5905743780019436e-05,0.986994079563642,0.011978822236322578
4713,5,5,0.9871789050558931,5.087631894814621e-05,0.0009492057511701735,2.4589667072795916e-07,3.598314848917523e-05,0.9871789050558931,0.011784783828828665
4714,1,1,0.9999971982156843,0.9999971982156843,1.5066065472653254e-11,7.621512400381877e-09,1.7113241084354425e-10,2.793976604771685e-06,7.238449466744631e-34
4716,5,5,0.9869209015137416,5.0840671767318795e-05,0.0009389316783466912,2.4446003371177557e-07,3.586356055117242e-05,0.9869209015137416,0.012053218115559592
4719,2,2,0.9859533236038233,3.857151460486234e-06,0.9859533236038233,0.005055142287380019,4.98895330911565e-06,0.00898268800402714,2.4287118065937078e-23
4720,3,3,0.9999999999969206,1.6225018924957216e-13,5.214922530298813e-21,0.9999999999969206,1.0596777117093428e-14,2.9067223975432717e-12,1.965801888724731e-35
4721,4,4,0.9999362825443724,1.867231699530722e-05,7.97983298026851e-07,2.590489151069634e-05,0.9999362825443724,1.834226382359458e-05,4.36352239565405e-22
4722,6,6,0.9670379947526979,0.0059854665342398,0.005960457473826931,0.007411416337522757,4.9048214446449e-05,0.013555616687266238,0.9670379947526979
4725,1,1,0.9999971938976349,0.9999971938976349,1.5107364637397382e-11,7.637966249826115e-09,1.714597681982224e-10,2.798277831825094e-06,7.268416247691878e-34
4726,1,1,0.999997199688041,0.999997199688041,1.5072569230340047e-11,7.613539460509527e-09,1.7099435498325136e-10,2.792512352578504e-06,7.285577882415891e-34
4727,5,5,0.9877901068869249,5.1020739324322916e-05,0.0009604390395550763,2.493250485660534e-07,3.606782449619786e-05,0.9877901068869249,0.011162116184650898
4728,6,6,0.9658668488518944,0.006201094552760091,0.006157587585464492,0.007686316007317213,5.087992492702322e-05,0.014037273077636706,0.9658668488518944
4729,4,4,0.9999361584193913,1.8679898140087982e-05,7.981065588744812e-07,2.5999799395476727e-05,0.9999361584193913,1.8363776514241112e-05,4.375945162465199e-22
4730,3,3,0.9999999999969245,1.6208485604035463e-13,5.2036270944754075e-21,0.9999999999969245,1.0581657632379232e-14,2.9029345833249875e-12,1.9623080684509993e-35
4731,1,1,0.9999971815514145,0.9999971815514145,1.5176038634150724e-11,7.679510205727671e-09,1.723962819627996e-10,2.8105815028944624e-06,7.368813841728906e-34
4732,4,4,0.9999362452147408,1.8686925830248943e-05,7.977701407721789e-07,2.5919682398940852e-05,0.9999362452147408,1.835040688935281e-05,4.366135236155886e-22
4733,2,2,0.9859782385992703,3.84032113551529e-06,0.9859782385992703,0.005073732758807645,4.970749410774475e-06,0.0089392175713759,2.3148701714664574e-23
4738,5,5,0.9869540650892262,5.078055126700503e-05,0.0009429419199841482,2.4341684044361515e-07,3.587355182198671e-05,0.9869540650892262,0.012016095470860168
4739,3,3,0.9999999999969188,1.6246775014313953e-13,5.217747664010977e-21,0.9999999999969188,1.0604938181350428e-14,2.9081386901144802e-12,1.9664758557110654e-35
4741,3,3,0.9999999999969202,1.6234383873215763e-13,5.217123778558538e-21,0.9999999999969202,1.0601121219338263e-14,2.9068423402283437e-12,1.969109135863127e-35
4742,6,6,0.9674001112717672,0.005914773177370969,0.005905327994951174,0.0073288108946822994,4.848978034569978e-05,0.013402486880882698,0.9674001112717672
4743,1,1,0.9999972007856474,0.9999972007856474,1.5063652460376962e-11,7.61426513645341e-09,1.709685762296226e-10,2.7914140553319555e-06,7.250649002473687e-34
4745,3,3,0.9999999999969311,1.6159955935230063e-13,5.186856439434143e-21,0.9999999999969311,1.0559310500122986e-14,2.8967339642020123e-12,1.956070550721692e-35
4747,4,4,0.9999362442787043,1.8679330793399263e-05,7.981630117651103e-07,2.592747395255911e-05,0.9999362442787043,1.8350753537917725e-05,4.365735371454009e-22
4748,5,5,0.9870764272164454,5.11015167177465e-05,0.0009404922403184205,2.4594957391520845e-07,3.596805493723166e-05,0.9870764272164454,0.011895765022007256
4751,4,4,0.9999362341112098,1.8698895562741478e-05,7.99303198439616e-07,2.590316051036777e-05,0.9999362341112098,1.8364529518602857e-05,4.371434689572996e-22
4752,3,3,0.9999999999969271,1.6177323475961897e-13,5.197626559423352e-21,0.9999999999969271,1.0574991147332246e-14,2.9005174642357626e-12,1.962614144469869e-35
4753,4,4,0.9999362441269584,1.8690750829421825e-05,7.979345458496519e-07,2.591647442165016e-05,0.9999362441269584,1.8350713244687306e-05,4.361050117829759e-22
4754,4,4,0.9999362800028173,1.8681115665217865e-05,7.98272178966702e-07,2.589473975532344e-05,0.9999362800028173,1.8345869583231297e-05,4.3645360758373915e-22
4755,6,6,0.9674363440493956,0.005898297777308885,0.005883885287073913,0.007342451811320577,4.8426150821209464e-05,0.013390594924079919,0.9674363440493956
4756,1,1,0.9999971963463936,0.9999971963463936,1.5112686379994546e-11,7.622395673005344e-09,1.7127170463549833e-10,2.795844826312719e-06,7.314487481812864e-34
4757,5,5,0.9888839520378503,5.150155975393116e-05,0.0009852866984547003,2.5889147462508666e-07,3.6402444061126007e-05,0.9888839520378503,0.010042598368405388
4758,4,4,0.9999362542483234,1.8690491731599374e-05,7.990331291692021e-07,2.589715326802827e-05,0.9999362542483234,1.835907354777505e-05,4.377015194097405e-22
4759,5,5,0.9870849690668135,5.0818383454416955e-05,0.000942781065478003,2.442456149303451e-07,3.5898725667675703e-05,0.9870849690668135,0.01188528851297144
4760,1,1,0.9999971997932443,0.9999971997932443,1.5064507252272608e-11,7.613331060557528e-09,1.7095714959074548e-10,2.7924074029186505e-06,7.254897571432808e-34
4761,5,5,0.9870853432590088,5.086313307885047e-05,0.0009418088109346451,2.439759801480433e-07,3.589764988604984e-05,0.9870853432590088,0.011885843171111576
4762,3,3,0.9999999999969187,1.6235788532860747e-13,5.221365846566133e-21,0.9999999999969187,1.0610685219330976e-14,2.9083344708364285e-12,1.968410768229962e-35
4763,3,3,0.9999999999969194,1.6230653950400236e-13,5.2132113477124206e-21,0.9999999999969194,1.0599414944765059e-14,2.9077553179623084e-12,1.9683916973866187e-35
4765,4,4,0.9999236617759383,2.1560121463321223e-05,9.263146576402276e-07,3.1739750700609865e-05,0.9999236617759383,2.2112037240171925e-05,6.089181476779467e-22
4768,1,1,0.9999971967725024,0.9999971967725024,1.5078780652407212e-11,7.629315294522798e-09,1.7122026952586025e-10,2.795411883175022e-06,7.252695399262464e-34
4769,1,1,0.9999972032387827,0.9999972032387827,1.5056154291768054e-11,7.59591601790805e-09,1.7063003578834248e-10,2.7889796150483954e-06,7.256518895285326e-34
4771,2,2,0.9860258399888076,3.8195035285910135e-06,0.9860258399888076,0.005042726528654219,4.9509618860348805e-06,0.008922663017123586,2.3171406196740362e-23
4772,5,5,0.986872712478553,5.088274092739609e-05,0.0009449625384082825,2.4346416700119983e-07,3.5893198376479065e-05,0.986872712478553,0.012095305579567943
4773,2,2,0.9858753488970471,3.8879671398063044e-06,0.9858753488970471,0.005115931642177278,5.017926015299814e-06,0.008999813567620548,2.3798448396041314e-23
4774,5,5,0.987192576119703,5.101738815799027e-05,0.000947486082261592,2.482502126856424e-07,3.598966758318729e-05,0.987192576119703,0.01177268249208152
4775,2,2,0.9859996076349634,3.832524279683839e-06,0.9859996076349634,0.005063227999485534,4.9625047076390175e-06,0.00892836933656375,2.305749864577351e-23
4776,1,1,0.9999971950147007,0.9999971950147007,1.5097112640785893e-11,7.634993933884585e-09,1.7141277707537825e-10,2.7971637953931725e-06,7.269920227873226e-34
4778,1,1,0.9999971994223888,0.9999971994223888,1.5061565519335004e-11,7.622796041857712e-09,1.7106464906244998e-10,2.792768688825699e-06,7.241830525317366e-34
4780,5,5,0.987000838334812,5.095681881809815e-05,0.000940289631154828,2.448262983849198e-07,3.592944743459036e-05,0.987000838334812,0.011971740941482107
4782,4,4,0.9999362664711188,1.867423803233089e-05,7.982354522450669e-07,2.5916408815940722e-05,0.9999362664711188,1.8344646580651243e-05,4.369165460823954e-22
4783,2,2,0.9859692919632393,3.840555607211463e-06,0.9859692919632393,0.005077508504871867,4.973655281548218e-06,0.00894438532100011,2.315901610688792e-23
4784,4,4,0.9999361836947743,1.869341920649078e-05,7.981241780381504e-07,2.5962656735076883e-05,0.9999361836947743,1.8362105106112698e-05,4.3627406078040185e-22
4786,5,5,0.9872754668956871,5.083509021318903e-05,0.0009484611144329443,2.4505197015167664e-07,3.5936689162828106e-05,0.9872754668956871,0.011689055158533747
4787,3,3,0.999999999996923,1.6214238426850627e-13,5.20656985827556e-21,0.999999999996923,1.0587412055936285e-14,2.9043048730035794e-12,1.9653800760331169e-35
4788,4,4,0.9999360901958013,1.8717449406445753e-05,8.003463752267934e-07,2.599417050829141e-05,0.9999360901958013,1.839783790870659e-05,4.391031212444754e-22
4792,1,1,0.9999972034918969,0.9999972034918969,1.5051185041210198e-11,7.60034833370392e-09,1.7066924812764203e-10,2.788722034287206e-06,7.247911587415412e-34
4793,6,6,0.9675005464312714,0.005896586641541809,0.00588564673415492,0.007307596271499853,4.8362493136003165e-05,0.01336126142839604,0.9675005464312714
4794,3,3,0.9999999999968571,1.6602458828863478e-13,5.395267781546462e-21,0.9999999999968571,1.0900573017424761e-14,2.966077460431509e-12,2.0331370561160733e-35
4795,4,4,0.9999360297995935,1.875902195792604e-05,8.024540570518803e-07,2.5979355078135622e-05,0.9999360297995935,1.8429369313421176e-05,4.407425213755316e-22
4796,3,3,0.9999999999969255,1.6202307524658144e-13,5.200780251895359e-21,0.9999999999969255,1.0579238100449817e-14,2.902042184474398e-12,1.9623392958753784e-35
4797,4,4,0.9999361204061835,1.8717217622494146e-05,7.99550195258842e-07,2.5974760257049463e-05,0.9999361204061835,1.8388065741752283e-05,4.3755510168476105e-22
4800,2,2,0.9859811400379751,3.845817495880337e-06,0.9859811400379751,0.005070650731417665,4.975261513253972e-06,0.0089393881515981,2.3345103155842588e-23
4802,3,3,0.9999999999969251,1.6193440196795748e-13,5.1983325416756395e-21,0.9999999999969251,1.0574894045131449e-14,2.9024054905012255e-12,1.9642018222824796e-35
4803,6,6,0.9662129430654491,0.00615689912900798,0.006089191971489978,0.007599519786731425,5.033785185454784e-05,0.013891108195466966,0.9662129430654491
4804,4,4,0.9999361480095675,1.8708555173737793e-05,7.992009861578987e-07,2.59658384926592e-05,0.9999361480095675,1.8378395779985417e-05,4.385284614106004e-22
4805,1,1,0.9999972025909752,0.9999972025909752,1.5052119629799477e-11,7.606928323537732e-09,1.7082502860401847e-10,2.7896162193369823e-06,7.234769613910686e-34
4806,1,1,0.9999972024675632,0.9999972024675632,1.5041880407104987e-11,7.60872308921473e-09,1.7079163527166602e-10,2.7897378802595617e-06,7.216318381190634e-34
4807,4,4,0.999936148378295,1.869259380301879e-05,7.992956321763148e-07,2.5983595616225478e-05,0.999936148378295,1.8376136653588315e-05,4.3874336915724115e-22
4808,5,5,0.9869746221498401,5.0976327262946385e-05,0.0009404311247249165,2.449896121768903e-07,3.592842279780786e-05,0.9869746221498401,0.011997796985762098
4809,1,1,0.9999972009506862,0.9999972009506862,1.5081831413185186e-11,7.60821906446781e-09,1.7086725466767367e-10,2.7912551456342787e-06,7.296405112785482e-34
4810,6,6,0.9668712984115665,0.006016681177724155,0.0059845411406613,0.0074558108828455625,4.932964214885675e-05,0.0136223387450536,0.9668712984115665
4812,4,4,0.9999358066197664,1.8819782658390602e-05,8.051904389246385e-07,2.6076432202967127e-05,0.9999358066197664,1.8491974933285608e-05,4.455239803469854e-22
4813,1,1,0.999997193037725,0.999997193037725,1.5103367511784303e-11,7.641674215390738e-09,1.7154070883013887e-10,2.7991339567556258e-06,7.279780348582815e-34
4814,4,4,0.9999361956507797,1.86866577160333e-05,7.98235457394048e-07,2.596133722396828e-05,0.9999361956507797,1.8358118822917017e-05,4.369803460940063e-22
4815,5,5,0.9870161236331357,5.0867846557548365e-05,0.0009399360336348662,2.4411411328198666e-07,3.5887704155227484e-05,0.9870161236331357,0.011956940668403322
4816,4,4,0.9999362179553124,1.8702117360998264e-05,7.99627195851887e-07,2.591205422672906e-05,0.9999362179553124,1.836824590402769e-05,4.38438512320967e-22
4818,5,5,0.9870077570290313,5.107078293886651e-05,0.0009459856739552091,2.454869770707249e-07,3.5959659053927486e-05,0.9870077570290313,0.011958981368043702
4819,1,1,0.9999972022084511,0.9999972022084511,1.505205193610074e-11,7.606983212139666e-09,1.7085608498238816e-10,2.789998657478967e-06,7.224467587220012e-34
4821,3,3,0.9999999999969293,1.6176219539795526e-13,5.189536049715679e-21,0.9999999999969293,1.0566559304157603e-14,2.898310228858549e-12,1.959191534349896e-35
4822,1,1,0.9999971991756265,0.9999971991756265,1.5068168651320148e-11,7.615779473136679e-09,1.7102012540038089e-10,2.79302250584696e-06,7.238425505771183e-34
4823,1,1,0.999997200613482,0.999997200613482,1.508504305095747e-11,7.606723264982721e-09,1.7091206028144984e-10,2.7915937976744156e-06,7.29571009427406e-34
4824,6,6,0.9667111607712144,0.0060425139903121485,0.006028735504126988,0.007467284310599495,4.9563118238341243e-05,0.013700742305508634,0.9667111607712144
4825,5,5,0.9869590515634721,5.089009423990027e-05,0.0009382663678659124,2.4505072829565895e-07,3.59067521438152e-05,0.9869590515634721,0.01201564017155002
4826,1,1,0.9999971872294031,0.9999971872294031,1.5205886579357946e-11,7.666385141884902e-09,1.7206833373519735e-10,2.8049169375022697e-06,7.459536029789631e-34
4827,3,3,0.9999999999969192,1.6244489189157698e-13,5.219032676947928e-21,0.9999999999969192,1.0614396570871856e-14,2.9076748701554466e-12,1.965433340169306e-35
4829,4,4,0.9999360609667531,1.870017424026038e-05,7.992338707074631e-07,2.6048654088723158e-05,0.9999360609667531,1.8390971047147048e-05,4.392320431441478e-22
4831,5,5,0.9870039666396957,5.093648287783813e-05,0.0009410160011956316,2.447391107680137e-07,3.592403679588758e-05,0.9870039666396957,0.01196791210032425
4832,1,1,0.9999971989070342,0.9999971989070342,1.507026772145353e-11,7.619121461514677e-09,1.7106192109841892e-10,2.7932877121522443e-06,7.240474012409107e-34
4833,4,4,0.9999361886671316,1.8689379341975522e-05,7.981185031458947e-07,2.5962622408826294e-05,0.9999361886671316,1.8361212614466668e-05,4.380987927504781e-22
4834,2,2,0.9859877526544613,3.8366199523541404e-06,0.9859877526544613,0.005066297631936234,4.9666997908982044e-06,0.00893714639385932,2.3104166806975355e-23
4835,6,6,0.9666682461406872,0.0060475425168160955,0.006032517903310851,0.0074861716759263095,4.957445437323353e-05,0.01371594730888623,0.9666682461406872
4836,4,4,0.9999361704433122,1.86992473057818e-05,7.985176890143704e-07,2.5966644340993208e-05,0.9999361704433122,1.8365147351931158e-05,4.380092766729441e-22
4837,2,2,0.9859384745275142,3.842524636837563e-06,0.9859384745275142,0.005082048232042903,4.980234819994221e-06,0.00897065448098615,2.3424723668125726e-23
4838,2,2,0.9859256684913598,3.853841993471532e-06,0.9859256684913598,0.005091445715934973,4.9943596970565875e-06,0.008974037591014759,2.3349145245538166e-23
4839,2,2,0.9859491218422128,3.855655091171382e-06,0.9859491218422128,0.005086465437863303,4.985069964316631e-06,0.008955571994868475,2.3290226775624213e-23
4840,5,5,0.9869646058966087,5.081461398401496e-05,0.0009418791560502401,2.4362725718268126e-07,3.586621557319466e-05,0.9869646058966087,0.012006590490526629
4841,1,1,0.999997199976796,0.999997199976796,1.5081039829361843e-11,7.610095108185568e-09,1.709218545797926e-10,2.7922271059480053e-06,7.282531797998485e-34
4842,1,1,0.9999972003638341,0.9999972003638341,1.5058787436901534e-11,7.614938254563986e-09,1.7098144428559015e-10,2.791835187482459e-06,7.223289387048594e-34
4843,4,4,0.99993620641297,1.869903682545725e-05,7.984184127983575e-07,2.5933593375644576e-05,0.99993620641297,1.8362538416155533e-05,4.372214858585799e-22
4844,1,1,0.9999972004289815,0.9999972004289815,1.5052411113868214e-11,7.616507505337796e-09,1.7103187924041618e-10,2.791768426642597e-06,7.234693420587768e-34
4845,1,1,0.9999972016026772,0.9999972016026772,1.5052093643949572e-11,7.610940454161615e-09,1.7083554251363235e-10,2.7906004946465075e-06,7.235668993402675e-34
4847,5,5,0.9872096040111256,5.076234253961421e-05,0.0009492899715485243,2.4475961735933437e-07,3.5913544672896276e-05,0.9872096040111256,0.01175418537049609
4848,1,1,0.9999971999207015,0.9999971999207015,1.5074334472958016e-11,7.61534216269713e-09,1.7102612599621994e-10,2.792277855947627e-06,7.251023058361321e-34
4849,2,2,0.9856928643604247,3.990914211194488e-06,0.9856928643604247,0.0051646399568382835,5.107301611872336e-06,0.00913339746691394,2.6099972683208578e-23
4850,5,5,0.9868425629468278,5.0840768818947356e-05,0.0009432926546005572,2.4384881448348523e-07,3.588548700025558e-05,0.9868425629468278,0.01212717429393795
4851,3,3,0.9999999999969176,1.62523668506147e-13,5.221307751061698e-21,0.9999999999969176,1.0609585601481011e-14,2.909272757535742e-12,1.9677739880056684e-35
4852,1,1,0.9999971936361058,0.9999971936361058,1.5098736632737242e-11,7.643209386982195e-09,1.7160311614263258e-10,2.7985339830205106e-06,7.271838423495136e-34
4853,5,5,0.9875674226653028,5.121756562121159e-05,0.0009437878497255919,2.537996304754831e-07,3.6130985129383506e-05,0.9875674226653028,0.01140118713459049
4855,4,4,0.9999363027785321,1.8671292554584475e-05,7.980779305154592e-07,2.5889288381065537e-05,0.9999363027785321,1.8338562601850076e-05,4.367917126435245e-22
4856,4,4,0.9999362288668668,1.8697128292929724e-05,7.990616402641361e-07,2.5913198818130024e-05,0.9999362288668668,1.836174438181026e-05,4.367154007918631e-22
4859,1,1,0.9999971961383037,0.9999971961383037,1.5075113562776538e-11,7.635253497969245e-09,1.713290470509972e-10,2.7960400385543273e-06,7.257228455974334e-34
4860,1,1,0.9999971990770258,0.9999971990770258,1.5064493249749767e-11,7.620434113248756e-09,1.7112191768086432e-10,2.7931163537591714e-06,7.23053510656728e-34
4861,4,4,0.9999362250107843,1.8686871994574556e-05,7.990984451799035e-07,2.592740422583068e-05,0.9999362250107843,1.8361614550155372e-05,4.3775993368579305e-22
4862,3,3,0.9999999999968813,1.646550290633064e-13,5.328213986589079e-21,0.9999999999968813,1.0767323974696496e-14,2.9433140262239424e-12,2.0048998520402317e-35
4863,4,4,0.9999361768631788,1.8714794299306403e-05,7.99199659866717e-07,2.5930965377755018e-05,0.9999361768631788,1.8378177484323407e-05,4.372735490781595e-22
4864,4,4,0.9999362355749615,1.867764994919105e-05,7.978798769820923e-07,2.5940487659438386e-05,0.9999362355749615,1.834840755293995e-05,4.36350770697879e-22
4865,5,5,0.9903112319073378,5.187417219208494e-05,0.0010381947269676472,2.747173605657772e-07,3.6841420454606415e-05,0.9903112319073378,0.00856158305568727
4866,2,2,0.9857775285818835,3.938381276720237e-06,0.9857775285818835,0.005159953354751996,5.066124216878318e-06,0.00905351355787083,2.4153849448374142e-23
4867,2,2,0.9860091214047341,3.831218233449405e-06,0.9860091214047341,0.005054955219691068,4.959429969011759e-06,0.008927132727372505,2.3246201859530325e-23
4868,2,2,0.9859892244552171,3.838035334896777e-06,0.9859892244552171,0.005068402715582605,4.969962805006387e-06,0.00893356483106045,2.312084003419904e-23
4870,1,1,0.99999719971911,0.99999719971911,1.5086162832779266e-11,7.614529961820688e-09,1.709722965795824e-10,2.7924803014536183e-06,7.2906334931572185e-34
4873,1,1,0.9999972020532597,0.9999972020532597,1.5052665101563972e-11,7.60767926170292e-09,1.7081276487312723e-10,2.79015319562353e-06,7.233759759329283e-34
4875,1,1,0.9999972022520883,0.9999972022520883,1.5048877731240994e-11,7.60296734287993e-09,1.7076286385171189e-10,2.7899591325564405e-06,7.221683587717262e-34
4876,4,4,0.9999361228659407,1.8697397104515456e-05,7.996697868742088e-07,2.5998334420200002e-05,0.9999361228659407,1.838173274772388e-05,4.381833580618148e-22
4877,3,3,0.9999999999969053,1.6283560110923615e-13,5.2489616369584194e-21,0.9999999999969053,1.0636981841539367e-14,2.921263133773993e-12,1.9904012115251428e-35
4879,3,3,0.9999999999969091,1.6265157493221051e-13,5.233143774991157e-21,0.9999999999969091,1.0621220679306458e-14,2.9175096926111663e-12,1.9876196976836395e-35
4880,1,1,0.9999971986313636,0.9999971986313636,1.5068930855586953e-11,7.622291789388491e-09,1.7111774582809336e-10,2.793560157887063e-06,7.2496509343385185e-34
4881,1,1,0.9999971991415226,0.9999971991415226,1.5059532802947573e-11,7.61964338607816e-09,1.7103269130508632e-10,2.793052741742956e-06,7.236001419365493e-34
4883,2,2,0.9854633266966036,4.099632599080781e-06,0.9854633266966036,0.005283764801224555,5.23580830084961e-06,0.009243573061272003,2.67466696261291e-23
4884,2,2,0.985924811075729,3.852591797260808e-06,0.985924811075729,0.005087630745198296,4.991878984844748e-06,0.008978713708290712,2.3484422836741954e-23
4887,1,1,0.9999971941542094,0.9999971941542094,1.5111978895029958e-11,7.643896404189027e-09,1.7148168033888274e-10,2.79801530049147e-06,7.302665506586645e-34
4888,5,5,0.9884686599460303,5.136381942599999e-05,0.0009808162428418402,2.554473968896659e-07,3.6249728761947223e-05,0.9884686599460303,0.01046265481554308
4891,1,1,0.9999971988783819,0.9999971988783819,1.5066704935462015e-11,7.61864064725482e-09,1.7101449571052946e-10,2.7933168963008406e-06,7.241343687108036e-34
4892,5,5,0.9870502250763279,5.0875643779733024e-05,0.0009497106699842409,2.4524430752574853e-07,3.590488289265894e-05,0.9870502250763279,0.01191303848270796
4893,2,2,0.9859893920112607,3.8346940813622225e-06,0.9859893920112607,0.0050655465431681,4.965316946810093e-06,0.008936261434542998,2.3094827580921704e-23
4897,6,6,0.9673941091090708,0.005911789356694059,0.005898831315235678,0.007345979771375181,4.8515472480907425e-05,0.013400774975143378,0.9673941091090708
4899,5,5,0.9872345915679794,5.127860444310792e-05,0.0009409903154799202,2.457286878124229e-07,3.598462864227504e-05,0.9872345915679794,0.011736909154767472
4900,4,4,0.9999362345911524,1.8683964790687324e-05,7.992818928769485e-07,2.5922868838126865e-05,0.9999362345911524,1.8359293325828096e-05,4.38341214982769e-22
4901,3,3,0.9999999999969273,1.6174271622242547e-13,5.198932154946664e-21,0.9999999999969273,1.0578354838033829e-14,2.9004488385151755e-12,1.9623635285983688e-35
4902,4,4,0.9999362041709449,1.870563066918553e-05,7.995605101257699e-07,2.5920140944392655e-05,0.9999362041709449,1.8370496931412003e-05,4.376353849771455e-22
4903,2,2,0.9858209399346697,3.91781989500736e-06,0.9858209399346697,0.0050792828198987575,5.057908660116851e-06,0.0090908015168764,2.5773860540894645e-23
4904,4,4,0.9999361994648821,1.8707651710244072e-05,7.984573238988569e-07,2.5930971261278016e-05,0.9999361994648821,1.8363454822469512e-05,4.369055186105137e-22
4906,2,2,0.9858552175814098,3.892589770911672e-06,0.9858552175814098,0.005125412436351171,5.032209861582827e-06,0.009010445182606503,2.3824328813096e-23
4909,2,2,0.9859977254772104,3.826688473998373e-06,0.9859977254772104,0.005064126981399509,4.959463962008708e-06,0.008929361388954083,2.3232775593891593e-23
4910,1,1,0.999997201985464,0.999997201985464,1.5045870011441917e-11,7.608575980461547e-09,1.7088173605082725e-10,2.7902200324228433e-06,7.226194286739126e-34
4911,1,1,0.9999972024747511,0.9999972024747511,1.5045755084506414e-11,7.608458268496524e-09,1.7082904980169834e-10,2.789730915792805e-06,7.228638025582082e-34
4913,3,3,0.9999999999969154,1.6264025864494578e-13,5.232026512933297e-21,0.9999999999969154,1.0626468143002409e-14,2.9114264251828984e-12,1.9768763451280254e-35
4914,4,4,0.9999361486516151,1.872436506685297e-05,8.00201716068647e-07,2.593911775272188e-05,0.9999361486516151,1.8387663849317336e-05,4.378724445714752e-22
4915,5,5,0.9871047509945681,5.081390326682766e-05,0.0009430034748785634,2.450257246171065e-07,3.5905960917087744e-05,0.9871047509945681,0.011865280640644864
4916,2,2,0.9859072185983283,3.8698226112144134e-06,0.9859072185983283,0.005108846879192502,5.000314022407597e-06,0.008975064385845525,2.3320871184274905e-23
4918,1,1,0.9999971992103387,0.9999971992103387,1.506255157720728e-11,7.620428076017171e-09,1.710584548208026e-10,2.792983112228467e-06,7.238567049758306e-34
4919,5,5,0.9969160959942474,5.8324318922327104e-05,0.0017380418521047265,5.48977844952555e-07,4.2413274495511284e-05,0.9969160959942474,0.0012445755823852164
4920,1,1,0.999997184549641,0.999997184549641,1.5155282537885033e-11,7.691181773618832e-09,1.722581297076492e-10,2.807571763685523e-06,7.353082069951476e-34
4922,2,2,0.9859295074499389,3.862679133934439e-06,0.9859295074499389,0.005098105623897377,4.9936292681285735e-06,0.008963530617761832,2.3252549385824645e-23
4923,4,4,0.9999361744031638,1.872296802973014e-05,7.994063572378192e-07,2.5920963505929524e-05,0.9999361744031638,1.838225894324891e-05,4.37632499409937e-22
4925,6,6,0.9662979380518479,0.006095033651655764,0.006115442495892173,0.00753905805595611,5.0161219753364075e-05,0.01390236652489468,0.9662979380518479
4926,5,5,0.987226164855483,5.092216921915443e-05,0.0009402305092197988,2.460430138369257e-07,3.595165179649596e-05,0.987226164855483,0.01174648477126767
4927,5,5,0.9869228750625247,5.0873610294291305e-05,0.0009430435270374838,2.4380804941458443e-07,3.588203369483604e-05,0.9869228750625247,0.012047081958399155
4928,5,5,0.9870485415396824,5.0769730328809806e-05,0.0009428580211668877,2.442340601435732e-07,3.58846837116164e-05,0.9870485415396824,0.011921701791050211
4929,3,3,0.9999999999969272,1.6180334476393422e-13,5.1971688042868385e-21,0.9999999999969272,1.057701910821061e-14,2.9004746282583023e-12,1.962000478115808e-35
4930,2,2,0.9860177460340905,3.825532161680225e-06,0.9860177460340905,0.0050333560970441844,4.959895577475779e-06,0.008940112441126191,2.3408023891156777e-23
4931,4,4,0.9999362195121079,1.8697803699834485e-05,7.991772365378335e-07,2.5916599275699205e-05,0.9999362195121079,1.8366907680083463e-05,4.3726471832933765e-22
4933,6,6,0.9662007331015758,0.006130273796351025,0.006089144011703686,0.007626859139935993,5.033728092763386e-05,0.013902652669505829,0.9662007331015758
4934,3,3,0.9999999999968606,1.657760821112465e-13,5.384988747591382e-21,0.9999999999968606,1.0821934964778954e-14,2.962881040780983e-12,2.0419179358630123e-35
4935,3,3,0.9999999999969141,1.627204381799736e-13,5.2313683361804195e-21,0.9999999999969141,1.0620910204628731e-14,2.912471857346432e-12,1.9743075457644838e-35
4936,3,3,0.9999999999968878,1.642404469034236e-13,5.311058535211307e-21,0.9999999999968878,1.0730983160702421e-14,2.9372506038747973e-12,2.000157700561013e-35
4937,5,5,0.9871809516736605,5.102808875774341e-05,0.0009356048854038449,2.473595633052873e-07,3.5964821762240323e-05,0.9871809516736605,0.011796203170852433
4938,2,2,0.9859446735357905,3.857522976341531e-06,0.9859446735357905,0.005088439448664156,4.985902468512616e-06,0.008958043590100537,2.3420325734268617e-23
4940,1,1,0.9999972009467623,0.9999972009467623,1.5055758982392558e-11,7.609777911020394e-09,1.708804781027324e-10,2.791257523593687e-06,7.23177653315912e-34
4941,5,5,0.9871625966171304,5.0761959939263194e-05,0.0009460810929130668,2.444258931915786e-07,3.591060103113406e-05,0.9871625966171304,0.011804405303093037
4942,2,2,0.9859806218459594,3.836700750271142e-06,0.9859806218459594,0.005071756396754712,4.96873097574717e-06,0.008938816325559817,2.3122074202803902e-23
4943,5,5,0.9871390665409613,5.09737824008851e-05,0.0009371243779303231,2.4583467861002164e-07,3.592916556979204e-05,0.9871390665409613,0.011836660298459058
4944,6,6,0.9673967602807789,0.005902839997622693,0.00590652394470906,0.007330618254623823,4.8549270477562553e-05,0.013414708251787972,0.9673967602807789
4945,3,3,0.9999999999969182,1.6241317715365283e-13,5.2242736298572674e-21,0.9999999999969182,1.0613514471646413e-14,2.908721310745298e-12,1.9677092391195752e-35
4946,4,4,0.9999361929905086,1.8714078828968137e-05,7.992031263782815e-07,2.5921997185705477e-05,0.9999361929905086,1.837173035035082e-05,4.374881342106678e-22
4947,5,5,0.9870324017922825,5.091684879835906e-05,0.0009419354316084495,2.4448823781934005e-07,3.5923538756629954e-05,0.9870324017922825,0.011938577900316239
4948,3,3,0.9999999999969241,1.6206834854890492e-13,5.206171732670938e-21,0.9999999999969241,1.0591418663218593e-14,2.903209345122037e-12,1.9626030462279597e-35
4950,5,5,0.987594149085622,5.117108321035291e-05,0.0009440806183179628,2.511641939288925e-07,3.606972640833355e-05,0.987594149085622,0.011374278322247395
4951,3,3,0.9999999999969238,1.6207402350623007e-13,5.2075981358217426e-21,0.9999999999969238,1.0587178893856588e-14,2.903511477414254e-12,1.9605046150529835e-35
4954,2,2,0.9859109004170064,3.860750059042494e-06,0.9859109004170064,0.005110534961826727,5.000990021100242e-06,0.008969702881086825,2.3219622162485184e-23
4955,5,5,0.9870580343033147,5.091521092764453e-05,0.0009394610777604223,2.452101429562204e-07,3.5934132835594594e-05,0.9870580343033147,0.011915410065018658
4956,1,1,0.9999971855564203,0.9999971855564203,1.5231529864371883e-11,7.676254756932334e-09,1.7233099531587748e-10,2.8065797625099088e-06,7.523102504997408e-34
4957,6,6,0.9672563016633051,0.005939758238647491,0.005927991945958128,0.007358863006159526,4.870687429846809e-05,0.013468378271631219,0.9672563016633051
4959,3,3,0.9999999999968467,1.6654165890288554e-13,5.425646692443343e-21,0.9999999999968467,1.0904882580543127e-14,2.9759316080969636e-12,2.0491503571317168e-35
4960,1,1,0.9999971722639613,0.9999971722639613,1.534211544133852e-11,7.726951133869325e-09,1.7330377878740688e-10,2.819820441701111e-06,7.66527512642398e-34
4965,2,2,0.9859595200432466,3.852170965243461e-06,0.9859595200432466,0.005081819541053302,4.9823025593933166e-06,0.008949825942175514,2.3335294328488882e-23
4966,1,1,0.999997202221257,0.999997202221257,1.505255459502978e-11,7.59985624257887e-09,1.7074796276157987e-10,2.78999308629742e-06,7.221995137774199e-34
4967,6,6,0.967339289954992,0.005918405686038176,0.00592016243229995,0.00734258951684023,4.85684748875104e-05,0.013430983934942135,0.967339289954992
4968,6,6,0.9667184508896342,0.006014840455364827,0.005977321115499647,0.0075635339823132055,4.9486066005936794e-05,0.0136763674911823,0.9667184508896342
4969,2,2,0.9858572383031597,3.89295924714803e-06,0.9858572383031597,0.005120099402883947,5.0301906547465536e-06,0.009013739144054308,2.387615476272529e-23
4972,6,6,0.9663121056912658,0.006099770722211139,0.006107558435640825,0.007564975425179521,5.021594722702349e-05,0.013865373778475689,0.9663121056912658
4973,2,2,0.9859419997931759,3.858281446867861e-06,0.9859419997931759,0.00509098758054424,4.988457290067512e-06,0.008958165887542934,2.325998866839732e-23
4974,2,2,0.9858731817959754,3.879540355598287e-06,0.9858731817959754,0.005113441313645415,5.020835819026161e-06,0.009004476514204508,2.3530975329884722e-23
4975,1,1,0.9999971936210409,0.9999971936210409,1.5146759494292216e-11,7.62580355928227e-09,1.7132445816509955e-10,2.7985666842717384e-06,7.377577637182024e-34
4976,1,1,0.9999971941074841,0.9999971941074841,1.513177818456266e-11,7.642767814817892e-09,1.7177028937551166e-10,2.7980628459422604e-06,7.360069964278079e-34
4977,1,1,0.9999972031654674,0.9999972031654674,1.505129139228648e-11,7.605244248983948e-09,1.7075896717738009e-10,2.7890434781751785e-06,7.260575440970727e-34
4978,3,3,0.9999999999969194,1.6238897649065524e-13,5.218748036968216e-21,0.9999999999969194,1.0605882298630594e-14,2.907586062160884e-12,1.9671195723952754e-35
4980,2,2,0.9857639107565699,3.9599894491669675e-06,0.9857639107565699,0.0051401099317712,5.076278883867192e-06,0.009086943043325918,2.512928559284043e-23
4982,3,3,0.9999999999969219,1.620679644362454e-13,5.204893139706547e-21,0.9999999999969219,1.0580865103272911e-14,2.9054026814256574e-12,1.9690861014848402e-35
4983,5,5,0.9889069400032295,5.1249039410195366e-05,0.0009922064888327618,2.5957072976380146e-07,3.637754121739494e-05,0.9889069400032295,0.010012967356580263
4987,3,3,0.9999999999969205,1.6227564928311694e-13,5.217616820107601e-21,0.9999999999969205,1.0605234716941886e-14,2.906645180034236e-12,1.9678699866992907e-35
4988,2,2,0.9859660077485007,3.849631135806127e-06,0.9859660077485007,0.005077216573454145,4.979080532343456e-06,0.008947946966377076,2.3541357170761143e-23
4990,6,6,0.9675605842076421,0.005882615038859579,0.005879646702943255,0.007293318252425724,4.825529022522603e-05,0.013335580507904125,0.9675605842076421
4991,2,2,0.9859822887711195,3.83824297378044e-06,0.9859822887711195,0.005069301498018607,4.969807320214955e-06,0.008939601680567795,2.3172415718795887e-23
4995,1,1,0.9999971975195927,0.9999971975195927,1.507066087996816e-11,7.626290686159343e-09,1.7117954209880016e-10,2.7946678664235866e-06,7.24147277173549e-34
4996,5,5,0.986987995403705,5.10522318937985e-05,0.0009390202763009257,2.451560648990919e-07,3.5940674245481304e-05,0.986987995403705,0.011985746257789998
4997,3,3,0.9999999999969271,1.6185001528984276e-13,5.1986290074516965e-21,0.9999999999969271,1.0579844875562983e-14,2.9004620653285404e-12,1.9614618216395936e-35
5000,1,1,0.9999971939430701,0.9999971939430701,1.5091393434982495e-11,7.64436584871422e-09,1.714676615844643e-10,2.798226005088593e-06,7.2583591539186865e-34
5001,1,1,0.9999967148921926,0.9999967148921926,2.0038124813143667e-11,9.536989104880997e-09,2.1110295667296894e-10,3.2753396773115125e-06,1.761909482157939e-33
5004,5,5,0.9878227975749669,5.092387414018582e-05,0.0009606182383380965,2.5060855774401923e-07,3.606086081401118e-05,0.9878227975749669,0.011129348843183104
5006,6,6,0.9675639914825338,0.005888146212991542,0.005875309601440586,0.007288124217359251,4.8254310133683684e-05,0.01333617417554112,0.9675639914825338
5007,2,2,0.986028456255358,3.8194569350353126e-06,0.986028456255358,0.005042628989543495,4.950610316863363e-06,0.008920144687846417,2.313073540725709e-23
5009,6,6,0.9648793996684562,0.006356121951943423,0.006324906513433737,0.007912282209397182,5.2369204540459656e-05,0.014474920452229029,0.9648793996684562
5010,1,1,0.9999972011182691,0.9999972011182691,1.507371190938787e-11,7.6054752935564e-09,1.7081730134499333e-10,2.791090364759008e-06,7.269529879914779e-34
5011,1,1,0.999997197814975,0.999997197814975,1.5062775147017864e-11,7.63077701949651e-09,1.7122620422296707e-10,2.794367959132251e-06,7.250736041409042e-34
5012,5,5,0.9871200505797056,5.085247061429073e-05,0.0009419967590781562,2.4450448887369995e-07,3.590799575402597e-05,0.9871200505797056,0.011850947690358937
5014,5,5,0.9870426939590059,5.090225052427625e-05,0.0009443920072434483,2.43481292334715e-07,3.590146238388188e-05,0.9870426939590059,0.011925866839550072
5015,6,6,0.9673544130927855,0.00591269650799934,0.005917071571000873,0.007343643455988144,4.858389597489421e-05,0.013423591476251256,0.9673544130927855
5016,4,4,0.9999360757919545,1.875236446672863e-05,8.014488005784772e-07,2.595950135198136e-05,0.9999360757919545,1.8410893426132766e-05,4.397318083932782e-22
5018,1,1,0.999997189592016,0.999997189592016,1.519758129181302e-11,7.647700175479356e-09,1.717780563565954e-10,2.8025733082385243e-06,7.455781345066892e-34
5019,5,5,0.9872884596587552,5.0936683161009176e-05,0.0009453155761958693,2.458417412796814e-07,3.591572208111869e-05,0.9872884596587552,0.011679126518065555
5020,6,6,0.9666746903126971,0.006057821026859116,0.0060252506405381835,0.007479985029041,4.957176060885632e-05,0.013712681230255706,0.9666746903126971
5021,3,3,0.9999999999969245,1.620356041008242e-13,5.2035908780964495e-21,0.9999999999969245,1.0584469935232622e-14,2.9029767591220512e-12,1.9631790084677983e-35
5023,4,4,0.9999362379658256,1.867837334209138e-05,7.985193956792971e-07,2.5928232144268953e-05,0.9999362379658256,1.835690929232192e-05,4.36804145941924e-22
5024,1,1,0.9999971720740142,0.9999971720740142,1.5338453176828594e-11,7.7268066437234e-09,1.733157722703292e-10,2.8200105248257844e-06,7.695583911866293e-34
5025,2,2,0.9859167955617827,3.864831605787448e-06,0.9859167955617827,0.005094982130941632,5.003367437602353e-06,0.008979354108232399,2.3508120060530527e-23
5026,5,5,0.9872561065758072,5.081177760865096e-05,0.0009507380651834963,2.4518469665791327e-07,3.593936459589106e-05,0.9872561065758072,0.011706159032108091
5027,4,4,0.999935969045028,1.8752241707738063e-05,8.030606983754e-07,2.6036062109891516e-05,0.999935969045028,1.843959045608752e-05,4.440554430505729e-22
5028,4,4,0.9999362126339563,1.8692988993086282e-05,7.988507220710361e-07,2.593240026658384e-05,0.9999362126339563,1.8363126062030657e-05,4.370522213090151e-22
5029,1,1,0.9999971974092253,0.9999971974092253,1.5067941754032856e-11,7.629124525507401e-09,1.7121511631958413e-10,2.794775366968001e-06,7.2348710228290195e-34
5030,1,1,0.9999972012074798,0.9999972012074798,1.5062402290551037e-11,7.613216569004649e-09,1.709585623714566e-10,2.7909932826485156e-06,7.255504575402467e-34
5031,1,1,0.999997196506196,0.999997196506196,1.5091352068858842e-11,7.6277950505981e-09,1.712097920796313e-10,2.7956797077040965e-06,7.264878073051823e-34
5032,4,4,0.9999361407133825,1.869774556333287e-05,7.994490935585797e-07,2.5981502224122818e-05,0.9999361407133825,1.8380589736478683e-05,4.384030509459757e-22
5033,6,6,0.9670983885452644,0.005950190465084486,0.00595529603814103,0.007418800717808644,4.890775998890005e-05,0.013528416473712513,0.9670983885452644
5034,1,1,0.9999972006175094,0.9999972006175094,1.5069733608946948e-11,7.614438957585082e-09,1.7093825004524569e-10,2.7915820437023126e-06,7.2554843819204624e-34
5038,1,1,0.9999971982008918,0.9999971982008918,1.5066457267760215e-11,7.627099742011606e-09,1.712085941952294e-10,2.7939857333558636e-06,7.234043911755415e-34
5040,3,3,0.9999999999968926,1.6400284305176095e-13,5.295891188772543e-21,0.9999999999968926,1.0721888951714532e-14,2.932655209556773e-12,1.9885958877048727e-35
5041,1,1,0.9999971913653682,0.9999971913653682,1.517696873101701e-11,7.647126286788885e-09,1.7169742699482842e-10,2.800800631084962e-06,7.465414201054507e-34
5042,3,3,0.9999999999520802,1.704992589178329e-12,2.297703625973691e-19,0.9999999999520802,1.286055263067578e-13,4.608625565741636e-11,6.143005228643492e-33
5043,1,1,0.9999971992965011,0.9999971992965011,1.50827876852257e-11,7.616900059577842e-09,1.7100653940814742e-10,2.7929005094563793e-06,7.2622139211381805e-34
5044,2,2,0.9860043095042653,3.83137861556482e-06,0.9860043095042653,0.005059894041956571,4.9613212226737244e-06,0.008927003753939849,2.3105570431496325e-23
5045,4,4,0.9999362376647992,1.86834410012732e-05,7.982231327729153e-07,2.5929561505658144e-05,0.9999362376647992,1.8351109561094742e-05,4.371593808210367e-22
5046,1,1,0.9999971986262328,0.9999971986262328,1.5071599647436962e-11,7.623556930180228e-09,1.7115758328069308e-10,2.7935639811864187e-06,7.244351868762945e-34
5048,1,1,0.9999971919526633,0.9999971919526633,1.5168388699986107e-11,7.642153276478477e-09,1.7157979329806184e-10,2.800218435255282e-06,7.409515314155268e-34
5049,5,5,0.9873930250771406,5.086089377431504e-05,0.0009540968620335248,2.4615053525837967e-07,3.597871494487074e-05,0.9873930250771406,0.011565792301571513
5050,1,1,0.9999972012167488,0.9999972012167488,1.5053000265097798e-11,7.613678495199469e-09,1.7096042436993126e-10,2.790983559253428e-06,7.2257711128689074e-34
5052,1,1,0.9999972002412933,0.9999972002412933,1.505259784139234e-11,7.616527110758605e-09,1.7097149158839667e-10,2.791956155499113e-06,7.2292300349728546e-34
5054,6,6,0.9661589437611683,0.006165725541791265,0.0061051300374696926,0.007596536147523999,5.030633704706345e-05,0.013923358174999687,0.9661589437611683
5055,2,2,0.9858906975832872,3.872113985810659e-06,0.9858906975832872,0.005107937598448672,5.011152278511784e-06,0.008992481551999979,2.3414961397815758e-23
5056,6,6,0.9675209290132006,0.005886309566343621,0.005887012344601684,0.007302349455009759,4.8337756962570175e-05,0.01335506186388175,0.9675209290132006
5057,1,1,0.9999971991176584,0.9999971991176584,1.5101516979205275e-11,7.616237310935083e-09,1.710585082884071e-10,2.79307994429858e-06,7.308573798231361e-34
5058,2,2,0.9853437210474443,4.054932684777704e-06,0.9853437210474443,0.005378483519926078,5.2147134418086295e-06,0.009268525786503093,2.569744549625809e-23
5060,6,6,0.9675575981255989,0.005880011635537057,0.005863910415418475,0.00730390513788232,4.8228274983533346e-05,0.013346346410579621,0.9675575981255989
5061,2,2,0.9859607162500527,3.851257081730947e-06,0.9859607162500527,0.005081983296090944,4.980736147709484e-06,0.008948468460626928,2.3319849446994796e-23
5062,5,5,0.9869666609725187,5.086405985530411e-05,0.0009429997709235798,2.440604797268604e-07,3.589663581178358e-05,0.9869666609725187,0.01200333450041093
5063,3,3,0.9999999999969063,1.6305193021190045e-13,5.241570060355089e-21,0.9999999999969063,1.063071959736577e-14,2.9199454029923288e-12,1.9849669977977911e-35
5067,5,5,0.9870907729771679,5.0827853197094395e-05,0.0009406813187360583,2.443582516796208e-07,3.588872200344632e-05,0.9870907729771679,0.011881584770643912
5069,3,3,0.9999999999969286,1.6179277203880556e-13,5.193170277668023e-21,0.9999999999969286,1.0571089780410285e-14,2.8991404494119537e-12,1.9580896933454536e-35
5070,5,5,0.990192598840981,5.283055654968749e-05,0.001050122716007482,2.8329257658761986e-07,3.721441386078702e-05,0.990192598840981,0.008666950180024554
5072,1,1,0.999997197503889,0.999997197503889,1.507645620881703e-11,7.622976142300659e-09,1.7115733199497446e-10,2.794686901000466e-06,7.243766830008957e-34
5073,1,1,0.9999971948680053,0.9999971948680053,1.510990127810435e-11,7.623879847041347e-09,1.7122208200663921e-10,2.79732178293788e-06,7.293435243821648e-34
5075,1,1,0.9999971958576134,0.9999971958576134,1.5081357950889185e-11,7.637284613781197e-09,1.7137798917560965e-10,2.796318642625017e-06,7.259539393059759e-34
5076,6,6,0.9670090004929407,0.005993810710698475,0.005962761853429037,0.00741961707104622,4.912194819753674e-05,0.013565687923688083,0.9670090004929407
5077,5,5,0.9877517063748745,5.086243485584446e-05,0.0009584888283605302,2.489209930511155e-07,3.602481874255488e-05,0.9877517063748745,0.011202668622173518
5078,5,5,0.9871287613098193,5.085077996700102e-05,0.0009422756347778401,2.447527817645599e-07,3.5913699305607074e-05,0.9871287613098193,0.011841953823348522
5079,3,3,0.9999999999969196,1.6236262394671403e-13,5.221470397278589e-21,0.9999999999969196,1.0622197501365042e-14,2.9074680932791697e-12,1.964271412077301e-35
5082,1,1,0.9999971984221583,0.9999971984221583,1.508050161007027e-11,7.61738756967918e-09,1.711372649403618e-10,2.793774236377927e-06,7.2578928912679595e-34
5083,1,1,0.9999972000175883,0.9999972000175883,1.506444669995212e-11,7.614727511582431e-09,1.71008142897774e-10,2.792181611798104e-06,7.237854647704475e-34
5084,3,3,0.9999999999969265,1.6191590229987483e-13,5.1993298360353225e-21,0.9999999999969265,1.0579412850865242e-14,2.9011045686167183e-12,1.961377474564919e-35
5085,6,6,0.9675619774475361,0.005878283631107731,0.005872435639327247,0.00730698265025046,4.8244230010551364e-05,0.013332076401767857,0.9675619774475361
5087,1,1,0.9999971862423571,0.9999971862423571,1.516068940142915e-11,7.66394666835176e-09,1.720534501018879e-10,2.80590648203487e-06,7.315355937350049e-34
5088,1,1,0.999997200975234,0.999997200975234,1.5056073999198003e-11,7.61150709141655e-09,1.7096494921640808e-10,2.7912272379377147e-06,7.222663270183471e-34
5089,2,2,0.9859841803203393,3.842454708696125e-06,0.9859841803203393,0.00506950337890442,4.972984492031598e-06,0.008937500861555564,2.326793956987457e-23
5092,5,5,0.9875698442907366,5.086891867352174e-05,0.0009605524731116971,2.4804304842395453e-07,3.6047996875242316e-05,0.9875698442907366,0.011382438277554634
5094,1,1,0.999997202952063,0.999997202952063,1.5040062019211144e-11,7.600738093989207e-09,1.7068970516108821e-10,2.7892614692406874e-06,7.214587986391611e-34
5095,1,1,0.999997199929362,0.999997199929362,1.5069965407696233e-11,7.617839159947947e-09,1.7103496032201947e-10,2.792266694033332e-06,7.251224343798769e-34
5096,3,3,0.9999999999969272,1.6179590146368113e-13,5.194582332116635e-21,0.9999999999969272,1.0568097854771076e-14,2.9004629252316413e-12,1.961527636750718e-35
5097,6,6,0.9674440342573825,0.005906401347497662,0.005893639896899953,0.007328246906442339,4.8449448721582416e-05,0.01337922814305608,0.9674440342573825
5098,3,3,0.9999999999969214,1.6216432780510043e-13,5.211987409252668e-21,0.9999999999969214,1.0595419762478459e-14,2.9059788665967447e-12,1.967111757536254e-35
5099,6,6,0.9676606443949969,0.005864028290889004,0.005857884885272516,0.007278011175450773,4.810841920036361e-05,0.01329132283419057,0.9676606443949969
5100,4,4,0.9999361806632912,1.8701878316754335e-05,7.99013451465526e-07,2.5946865492967512e-05,0.9999361806632912,1.8371579447643023e-05,4.367390221314824e-22
5101,4,4,0.9999361898940337,1.8709368550190576e-05,7.990535427275143e-07,2.5927870764125533e-05,0.9999361898940337,1.8373813109309547e-05,4.373973018109515e-22
5103,5,5,0.9871340065905612,5.109866055799924e-05,0.0009344091229802517,2.4763765903660256e-07,3.595725107533301e-05,0.9871340065905612,0.011844280737166223
5104,4,4,0.999936170483478,1.869506741386959e-05,7.993500507684789e-07,2.5959869243703607e-05,0.999936170483478,1.8375229813613665e-05,4.382191133468484e-22
5105,5,5,0.9870125210036653,5.0807999340632575e-05,0.0009411802952199043,2.4409170786640836e-07,3.588269876514915e-05,0.9870125210036653,0.011959363911301247
5107,2,2,0.9857011352221842,3.975403161563464e-06,0.9857011352221842,0.00518976616783798,5.099191586695089e-06,0.009100024015229668,2.473784110549789e-23
5108,5,5,0.9870873345732114,5.09299357924778e-05,0.0009401990612986754,2.453753941608679e-07,3.593295843789646e-05,0.9870873345732114,0.011885358095865398
5109,4,4,0.9999362080075329,1.8706932079961248e-05,7.990140254070158e-07,2.591988613639629e-05,0.9999362080075329,1.836616022528576e-05,4.372380047448058e-22
5110,3,3,0.9999999999969287,1.6175710106305078e-13,5.1966759079809086e-21,0.9999999999969287,1.0567951411399178e-14,2.8990699763690793e-12,1.957114923811894e-35
5112,2,2,0.9857928557972037,3.891741908250234e-06,0.9857928557972037,0.005169640820723346,5.029725236853414e-06,0.009028581914927827,2.362681631327796e-23
5113,2,2,0.9859219610064494,3.856832592694366e-06,0.9859219610064494,0.005054362729141956,4.997387452906248e-06,0.009014822044363109,2.415392382878396e-23
5115,2,2,0.9859419642114644,3.853879827970227e-06,0.9859419642114644,0.00509264667409423,4.985233398107142e-06,0.008956550001215391,2.3229574268047912e-23
5116,2,2,0.9859850332150805,3.8452259352173815e-06,0.9859850332150805,0.005038904111721485,4.977896472405105e-06,0.008967239550790483,2.406716910116508e-23
5119,2,2,0.9859705018484054,3.840681494390284e-06,0.9859705018484054,0.00507428382417356,4.973492018035973e-06,0.008946400153908664,2.3259642070619534e-23
5122,1,1,0.9999971990836856,0.9999971990836856,1.5062198514580296e-11,7.62392349611119e-09,1.7107665653961104e-10,2.7931062520779565e-06,7.233960537080283e-34
5124,4,4,0.9999362194723755,1.8707670734657766e-05,7.987383246399016e-07,2.591192722120097e-05,0.9999362194723755,1.8362191344040498e-05,4.364872912242399e-22
5126,3,3,0.9999999999969198,1.6232645418285795e-13,5.2143880374977124e-21,0.9999999999969198,1.0599493837695873e-14,2.9073085419344563e-12,1.967113953473304e-35
5128,2,2,0.9859847243716199,3.834867298015045e-06,0.9859847243716199,0.005070731453420448,4.9666269041286594e-06,0.008935742680757572,2.312468429739091e-23
5130,4,4,0.9999359861642219,1.8745962222951332e-05,8.018710147524437e-07,2.603667749265706e-05,0.9999359861642219,1.8429325047804295e-05,4.401881108924351e-22
5131,6,6,0.967436393223481,0.005908542280877085,0.005890944016057896,0.007329682590487849,4.843928930253684e-05,0.013385998599793652,0.967436393223481
5132,1,1,0.99999720027458,0.99999720027458,1.5063923694352926e-11,7.612400752631152e-09,1.7088856623393668e-10,2.791927066848015e-06,7.238326136551364e-34
5134,1,1,0.9999971865773808,0.9999971865773808,1.514280742141532e-11,7.664807476345203e-09,1.7201283974734618e-10,2.805570656130508e-06,7.317609790175144e-34
5135,4,4,0.9999362258439315,1.870365307562494e-05,7.99388126686724e-07,2.5900938242396186e-05,0.9999362258439315,1.837017662375387e-05,4.3763745291824375e-22
5137,1,1,0.9999971995659688,0.9999971995659688,1.5059295827113686e-11,7.62330676498007e-09,1.710706828921992e-10,2.7926245944614752e-06,7.2373743952647155e-34
5139,5,5,0.9869338204093457,5.0931916040410556e-05,0.0009404000360057549,2.448955056586168e-07,3.591535867275523e-05,0.9869338204093457,0.01203868738442968
5140,1,1,0.9999971990803216,0.9999971990803216,1.5069584189199566e-11,7.624715860256236e-09,1.7114370657882857e-10,2.7931087492951434e-06,7.246050593510298e-34
5141,5,5,0.9870544415220782,5.082364310909622e-05,0.0009415390488585785,2.4443441612884737e-07,3.589214809989186e-05,0.9870544415220782,0.01191705920343813
5142,3,3,0.9999999999969301,1.6172898329256336e-13,5.1889539493330696e-21,0.9999999999969301,1.0563863370412948e-14,2.8976253906677586e-12,1.957120669541293e-35
5143,5,5,0.9871266612021603,5.0798879867739984e-05,0.0009449810922942536,2.4414194844402985e-07,3.590403846093641e-05,0.9871266612021603,0.011841410645268346
5145,2,2,0.9859791120968697,3.846718904927269e-06,0.9859791120968697,0.005069528132955068,4.977901530255691e-06,0.00894253514974009,2.3512977409882576e-23
5147,4,4,0.9999361009718367,1.873125207949506e-05,8.010669777697677e-07,2.5961277452914834e-05,0.9999361009718367,1.8405431653136185e-05,4.409735665788195e-22
5148,4,4,0.9999361475815688,1.869771576289634e-05,8.002690261739591e-07,2.5967646746953824e-05,0.9999361475815688,1.8386786895118777e-05,4.388075410330059e-22
5149,6,6,0.9668185005834127,0.006036632413125176,0.005994036134290193,0.007455903081103904,4.94037125648191e-05,0.013645524075503197,0.9668185005834127
5150,1,1,0.9999971996170409,0.9999971996170409,1.5085757133569584e-11,7.615427538448266e-09,1.7098458808948437e-10,2.7925814613223754e-06,7.296409530632703e-34
5154,2,2,0.9858678833367296,3.892889148527229e-06,0.9858678833367296,0.005121930054783856,5.0220850920600685e-06,0.00900127163424604,2.3679653373574543e-23
5155,3,3,0.9999999999969218,1.6210226610453633e-13,5.207509026307367e-21,0.9999999999969218,1.058493241941215e-14,2.9055553884648546e-12,1.9686719907861685e-35
5157,3,3,0.9999999999968626,1.6560576115177256e-13,5.37509418899566e-21,0.9999999999968626,1.0802157895116019e-14,2.9609243028561645e-12,2.0457453101026823e-35
5158,5,5,0.9870641156856401,5.097986339099124e-05,0.0009371971937078537,2.455524942694859e-07,3.593720972586674e-05,0.9870641156856401,0.011911524495040827
5159,5,5,0.9871583433551445,5.0911228889278354e-05,0.0009435411634078654,2.4455142521504714e-07,3.593115423323074e-05,0.9871583433551445,0.011811028546899962
5160,5,5,0.9870452266608462,5.0868216339628186e-05,0.0009374174196688404,2.4474247804132335e-07,3.5895970384900914e-05,0.9870452266608462,0.011930346990282425
5162,3,3,0.9999999999968151,1.6821143883021825e-13,5.507135852547779e-21,0.9999999999968151,1.0992938100368851e-14,3.0056914812356994e-12,2.107159494805519e-35
5163,1,1,0.9999971986244233,0.9999971986244233,1.507562563142845e-11,7.618983025358307e-09,1.7106464202098312e-10,2.7935704535686413e-06,7.276460257068803e-34
5164,6,6,0.9673089488978921,0.005935560183415608,0.005913239034613679,0.007353788027001215,4.864372887265482e-05,0.013439820128204777,0.9673089488978921
5165,1,1,0.99999720085116,0.99999720085116,1.5055466080979483e-11,7.613872962086682e-09,1.7089287377183974e-10,2.7913490187092707e-06,7.240297837221829e-34
5166,4,4,0.9999362184546916,1.868720288818563e-05,7.987597551690076e-07,2.593385515248094e-05,0.9999362184546916,1.8361727512556355e-05,4.366542872865967e-22
5167,3,3,0.999999999996929,1.616829816619471e-13,5.1888842155002125e-21,0.999999999996929,1.0558262214847749e-14,2.8988308455860586e-12,1.9631122071856152e-35
5168,4,4,0.999936232694916,1.8692567745221434e-05,7.986009793766919e-07,2.5917819175192265e-05,0.999936232694916,1.835831718413378e-05,4.366440016225504e-22
5169,5,5,0.9869666693092479,5.09432363626824e-05,0.0009403174798191346,2.4473437449762194e-07,3.5922053813361915e-05,0.9869666693092479,0.012005903186382385
5170,5,5,0.9878988716749492,5.129277548590751e-05,0.0009342695433758829,2.5751871128553806e-07,3.612421415929169e-05,0.9878988716749492,0.011079184273318428
5171,3,3,0.9999999999968296,1.6772463529488332e-13,5.457817898504885e-21,0.9999999999968296,1.0937966631205351e-14,2.9915974833881208e-12,2.0781331174218888e-35
5172,4,4,0.9999362040180598,1.870856918875583e-05,7.989190296251852e-07,2.5921187052920887e-05,0.9999362040180598,1.836730666886039e-05,4.370485934418798e-22
5173,3,3,0.9999999999968903,1.641316965542496e-13,5.300748742576171e-21,0.9999999999968903,1.0733781423063293e-14,2.934893839321428e-12,1.9967227172313793e-35
5175,5,5,0.9870475490224673,5.0909434786271856e-05,0.0009415678358847322,2.4466111271282966e-07,3.591890524678316e-05,0.9870475490224673,0.011923810140502217
5177,4,4,0.9999362439803933,1.8681909276025848e-05,7.985727874787336e-07,2.592306115872146e-05,0.9999362439803933,1.8352476384511747e-05,4.373540252097941e-22
5178,4,4,0.9999361933858821,1.871631659173219e-05,7.989379401454336e-07,2.5920149682586596e-05,0.9999361933858821,1.8371209903444846e-05,4.368060891797123e-22
5180,1,1,0.9999971975101188,0.9999971975101188,1.5068658041784166e-11,7.625924453137759e-09,1.7120633525462453e-10,2.7946776817161786e-06,7.2447832179938016e-34
5181,4,4,0.9999361969271459,1.8718805287872843e-05,7.995909950406077e-07,2.59106013528719e-05,0.9999361969271459,1.8374075218373573e-05,4.374272821789584e-22
5183,1,1,0.9999972002795894,0.9999972002795894,1.5064070695374802e-11,7.615273422072001e-09,1.7091871410204564e-10,2.7919191544317383e-06,7.282958161019339e-34
5184,3,3,0.9999999999969231,1.6214363950249736e-13,5.206891608031009e-21,0.9999999999969231,1.058896239670414e-14,2.9042407465061294e-12,1.9630153318718877e-35
5185,5,5,0.986974841358762,5.086919807452935e-05,0.0009404549185080826,2.436643613875445e-07,3.587886532631161e-05,0.986974841358762,0.01199771199496764
5186,2,2,0.9857680494438597,3.914693061307606e-06,0.9857680494438597,0.005166789094056772,5.056960090503159e-06,0.009056189808931903,2.398271632769096e-23
5187,5,5,0.9870404080886863,5.0964311062158394e-05,0.0009413488612751588,2.4489682779327643e-07,3.593382339680219e-05,0.9870404080886863,0.011931100018751776
5190,6,6,0.9669425059620672,0.006013289208294606,0.005968980689787296,0.007436762888696948,4.9228397175286485e-05,0.013589232853978636,0.9669425059620672
5191,3,3,0.9999999999968883,1.642069639645431e-13,5.306652458155083e-21,0.9999999999968883,1.0739167809254954e-14,2.9367293071875135e-12,2.002021486506546e-35
5192,3,3,0.9999999999969276,1.6180651942059938e-13,5.193856230426164e-21,0.9999999999969276,1.0566200153660233e-14,2.9001214243969833e-12,1.962949093122378e-35
5193,5,5,0.9870492160969149,5.088914988415765e-05,0.0009402527208532145,2.4425886510216425e-07,3.590726145631345e-05,0.9870492160969149,0.011923490512026362
5197,4,4,0.9999360377484908,1.8719052988673767e-05,8.005675602854508e-07,2.603420894036482e-05,0.9999360377484908,1.8408422019808633e-05,4.405522491487058e-22
5198,2,2,0.9860072726385808,3.824615484720087e-06,0.9860072726385808,0.005052553057966731,4.957242232917641e-06,0.008931392445734865,2.319458562305556e-23
5200,5,5,0.9871147676799489,5.081373870693057e-05,0.0009444351789086221,2.4482444363886816e-07,3.591331873881855e-05,0.9871147676799489,0.011853825259253194
5201,2,2,0.986017615311945,3.825933938700356e-06,0.986017615311945,0.005042979777725564,4.96027494977257e-06,0.008930618701440999,2.330047352483135e-23
5202,5,5,0.9869785994849816,5.0900944904656436e-05,0.0009420730228391642,2.444537633415372e-07,3.592263816299971e-05,0.9869785994849816,0.01199225945534834
5203,5,5,0.9872725899527413,5.078851407430681e-05,0.0009474449281090307,2.4556038689938753e-07,3.59234278464536e-05,0.9872725899527413,0.011693007616842157
5204,5,5,0.9871472592871483,5.089133101661289e-05,0.0009438177050030629,2.4475835639712176e-07,3.594051307070402e-05,0.9871472592871483,0.011821846405404977
5206,5,5,0.9872702162922368,5.0859099564624356e-05,0.0009459079075716825,2.455518441808193e-07,3.59328507072973e-05,0.9872702162922368,0.011696838298075522
5207,1,1,0.9999971978537562,0.9999971978537562,1.5101692153554134e-11,7.619620686338376e-09,1.7116253391111428e-10,2.794340358923462e-06,7.320798435543416e-34
5208,4,4,0.9999361097521309,1.8716765326941173e-05,7.990529479796804e-07,2.59887558992045e-05,0.9999361097521309,1.838567369503506e-05,4.368925172929324e-22
5210,2,2,0.9859201001349702,3.853170221210312e-06,0.9859201001349702,0.005099561451153922,4.992915093067414e-06,0.008971492328561662,2.339489970329024e-23
5212,5,5,0.9874627063623258,5.098560969554313e-05,0.0009477115599993385,2.4720854939528744e-07,3.6001567898085704e-05,0.9874627063623258,0.01150234769153181
5215,6,6,0.9676374397438599,0.005860659644584735,0.005865385422708529,0.007284886920936754,4.818442850819719e-05,0.013303443839401992,0.9676374397438599
5216,5,5,0.9908198140268472,5.219613303615528e-05,0.0010574860814412074,2.8375696618887707e-07,3.708239994673984e-05,0.9908198140268472,0.008033137601762557
5217,4,4,0.9999361902111783,1.8693931826570937e-05,7.991880494668054e-07,2.5947183974726337e-05,0.9999361902111783,1.8369484970864045e-05,4.378008970116546e-22
5219,1,1,0.9999971995960705,0.9999971995960705,1.5058439993222413e-11,7.618574740023187e-09,1.7101525061884314e-10,2.792599281130545e-06,7.229568830313081e-34
5220,1,1,0.9999972015327885,0.9999972015327885,1.5065234494849374e-11,7.611113054805681e-09,1.7094153364387667e-10,2.7906700916823742e-06,7.2714529514291274e-34
5221,5,5,0.9869064661470315,5.0936938888221396e-05,0.0009404780877755474,2.4385119840685836e-07,3.5892160813903536e-05,0.9869064661470315,0.012065982814292402
5224,6,6,0.9675636105474947,0.00588109878016639,0.005878083647072699,0.007291704148814699,4.827571127981771e-05,0.013337227165171646,0.9675636105474947
5225,3,3,0.9999999999969256,1.6194801470302597e-13,5.19715884573163e-21,0.9999999999969256,1.0569652327049867e-14,2.9019064962327942e-12,1.9636284151125404e-35
5226,2,2,0.9859861352072746,3.835091453419989e-06,0.9859861352072746,0.005070211505964709,4.967764916414195e-06,0.008934850430390766,2.3091760164528052e-23
5227,5,5,0.9869917125266708,5.097473840963738e-05,0.0009432294422661974,2.4529844697155064e-07,3.5941400941660366e-05,0.9869917125266708,0.011977896593264653
5229,3,3,0.9999999999969315,1.6150707073757585e-13,5.182248127975924e-21,0.9999999999969315,1.0549226192995993e-14,2.89651273637279e-12,1.958309277385026e-35
5230,5,5,0.9870441608452214,5.08141782224924e-05,0.000940834059137227,2.444749695116528e-07,3.590113868942967e-05,0.9870441608452214,0.011928045303759897
5231,2,2,0.9858598007723551,3.876306715587169e-06,0.9858598007723551,0.005129224217440083,5.016584433130479e-06,0.009002082119056174,2.3583036462693905e-23
5232,1,1,0.9999971922790117,0.9999971922790117,1.5118367261604182e-11,7.641513061200683e-09,1.7154225048167555e-10,2.799892814578938e-06,7.269487288200034e-34
5233,1,1,0.9999972009937816,0.9999972009937816,1.504978257240133e-11,7.60882091946916e-09,1.7085766969356787e-10,2.791211490083831e-06,7.230159897027191e-34
5234,3,3,0.9999999999969262,1.617908656606856e-13,5.198128864918225e-21,0.9999999999969262,1.0577284286959997e-14,2.9014299287625393e-12,1.9648007424729733e-35
5235,5,5,0.9871438637106429,5.080097564805961e-05,0.0009419378492720728,2.449849820108973e-07,3.58947521268144e-05,0.9871438637106429,0.011827257727328164
5236,3,3,0.9999999999969253,1.6193729208382072e-13,5.2015607874937214e-21,0.9999999999969253,1.0580579814511464e-14,2.9020805363518786e-12,1.9613464529721582e-35
5237,2,2,0.9859279268194787,3.85907361729001e-06,0.9859279268194787,0.0050928777220688465,4.996805833648706e-06,0.008970339579001427,2.3365985619282623e-23
5238,5,5,0.9872656135913586,5.095551129767528e-05,0.0009450644111332387,2.4557770122410197e-07,3.5964744995574816e-05,0.9872656135913586,0.011702156163513817
5239,3,3,0.9999999999969227,1.6222675866794592e-13,5.211835664035361e-21,0.9999999999969227,1.0597919260116516e-14,2.9045465101429228e-12,1.9621920913024613e-35
5240,2,2,0.9858228901638496,3.8984056263325965e-06,0.9858228901638496,0.005141050890980246,5.042956967415207e-06,0.00902711758257637,2.365617511884498e-23
5241,4,4,0.999936176417735,1.869443288318303e-05,7.992705199601631e-07,2.595618367765538e-05,0.999936176417735,1.8373695184251794e-05,4.3733988985893e-22
5242,6,6,0.9676849797191407,0.005852917321856422,0.005860585495721827,0.007266671566257987,4.8073769301394586e-05,0.01328677212772178,0.9676849797191407
5243,2,2,0.9860176309846125,3.823269482103202e-06,0.9860176309846125,0.005052875186514478,4.9525863402401404e-06,0.008920717973050753,2.30803164874392e-23
5245,5,5,0.987014034318066,5.098188986327857e-05,0.0009449418767976376,2.451096363285429e-07,3.594405115417661e-05,0.987014034318066,0.011953852754482587
5246,6,6,0.9675743988932943,0.005888846751048238,0.005872356863042537,0.0072882318696929115,4.82016673763598e-05,0.013327963955545662,0.9675743988932943
5249,3,3,0.9999999999969259,1.620279154522893e-13,5.200438152266561e-21,0.9999999999969259,1.0581258555667667e-14,2.9015159825714035e-12,1.960053829845724e-35
5250,2,2,0.9858040772742228,3.898267433096247e-06,0.9858040772742228,0.005059917122200387,5.049282669621929e-06,0.009127058053473941,2.5339559070791445e-23
5252,4,4,0.9999362254760099,1.867939758112503e-05,7.974807270996952e-07,2.5948943866473054e-05,0.9999362254760099,1.8348701815368168e-05,4.363335779513399e-22
5253,3,3,0.9999999999969187,1.6242629344407379e-13,5.219601548409441e-21,0.9999999999969187,1.0612221763600488e-14,2.9082017831473137e-12,1.9678339921765557e-35
5258,1,1,0.9999971974564318,0.9999971974564318,1.507571514738502e-11,7.62925395608293e-09,1.7117600172177607e-10,2.794728062633297e-06,7.24914984095879e-34
5259,1,1,0.9999971964649755,0.9999971964649755,1.507354609868163e-11,7.634410901055933e-09,1.7132162694218186e-10,2.7957142185397106e-06,7.2468480259668565e-34
5260,5,5,0.9871055107811967,5.0893200961299524e-05,0.0009456549487958108,2.4519952400070094e-07,3.593684934960818e-05,0.9871055107811967,0.011861759020172688
5261,4,4,0.9999362525598222,1.8689475185941773e-05,7.994348206208534e-07,2.589824497686861e-05,0.9999362525598222,1.8360285194304455e-05,4.38017673252395e-22
5262,2,2,0.9859795727064221,3.839966836724265e-06,0.9859795727064221,0.005072363890936814,4.969717049776984e-06,0.008939253718754571,2.31136478391716e-23
5264,1,1,0.9999971893394047,0.9999971893394047,1.512948316733861e-11,7.655110468186422e-09,1.718585138515264e-10,2.802818496898863e-06,7.304340883234698e-34
5265,6,6,0.9674418414337883,0.005905019392128792,0.005899962002380466,0.007319999803025756,4.8449483388394704e-05,0.013384727885288297,0.9674418414337883
5266,1,1,0.9999972009025253,0.9999972009025253,1.507571745074229e-11,7.610410574475068e-09,1.709136078092514e-10,2.7913010748082907e-06,7.251151321215772e-34
5267,5,5,0.9869635385294321,5.093591287662575e-05,0.0009372985590548985,2.448445047581208e-07,3.590864082129868e-05,0.9869635385294321,0.012012073513310339
5268,1,1,0.9999972010042644,0.9999972010042644,1.5064280052129442e-11,7.608224875959967e-09,1.7084863855116728e-10,2.791201597888891e-06,7.257403307246158e-34
5269,4,4,0.9999362235001675,1.8693688046767722e-05,7.995005799095421e-07,2.5918635640297635e-05,0.9999362235001675,1.836467556553621e-05,4.3807548184223625e-22
5271,5,5,0.9870014498298723,5.0965140220158446e-05,0.0009418975908955481,2.4487058712473387e-07,3.593415944494711e-05,0.9870014498298723,0.011969508408979881
5272,3,3,0.9999999999969156,1.6232433877435106e-13,5.2211503831499864e-21,0.9999999999969156,1.0610116133537211e-14,2.9113955775144337e-12,1.9769902915728976e-35
5279,3,3,0.9999999999969289,1.6169214124715638e-13,5.193710687757713e-21,0.9999999999969289,1.0564511985557883e-14,2.8988540750048482e-12,1.9577886401290035e-35
5280,1,1,0.9999971970192701,0.9999971970192701,1.50759485048912e-11,7.632483560364703e-09,1.7124943859520497e-10,2.795161921001955e-06,7.252302722672807e-34
5281,1,1,0.9999971995122227,0.9999971995122227,1.5093630979445672e-11,7.61195905083496e-09,1.7098818544595636e-10,2.792689736479036e-06,7.3142966206516455e-34
5282,3,3,0.999999999996926,1.6196791372379145e-13,5.196791171229906e-21,0.999999999996926,1.0575801766327738e-14,2.9014426521141187e-12,1.963169793622639e-35
5284,4,4,0.999936246548897,1.868530585926286e-05,7.984719467694365e-07,2.5915537830440802e-05,0.999936246548897,1.8354135466423463e-05,4.369822234550717e-22
5285,1,1,0.9999971963973383,0.9999971963973383,1.5082214906111857e-11,7.628304959655301e-09,1.712972130959776e-10,2.795787977285028e-06,7.261475533018437e-34
5286,5,5,0.9869428457223738,5.084355707228394e-05,0.0009391641413935902,2.441824980246022e-07,3.589199275814925e-05,0.9869428457223738,0.012031010403904276
5287,5,5,0.987332643155232,5.144576370306174e-05,0.0009450966956412707,2.509089341778461e-07,3.618540501371235e-05,0.987332643155232,0.011634378071475833
5288,3,3,0.99999999999693,1.617342225776126e-13,5.1884125119301566e-21,0.99999999999693,1.0562995628365987e-14,2.8977053435576592e-12,1.957272370524816e-35
5290,5,5,0.9870603360419156,5.086489485533554e-05,0.0009443504920337347,2.436920106175518e-07,3.5886969688238785e-05,0.9870603360419156,0.01190831790949652
5291,2,2,0.9858285086658293,3.9251897107563575e-06,0.9858285086658293,0.005127782622523162,5.049427925367145e-06,0.009034734094011553,2.4706825519396627e-23
5292,5,5,0.9870165703104082,5.079831073306491e-05,0.0009439172486670006,2.4402251073290345e-07,3.5888661905589366e-05,0.9870165703104082,0.01195258144577536
5293,6,6,0.967740811190983,0.0058528957922551,0.005844528388813211,0.007251961138595918,4.7970435619675914e-05,0.013261833053733057,0.967740811190983
5294,4,4,0.9999361476089074,1.8705625326953374e-05,7.988963241201692e-07,2.597139669942995e-05,0.9999361476089074,1.8376472742122898e-05,4.382503736374596e-22
5295,2,2,0.9859607150434292,3.8507377823515545e-06,0.9859607150434292,0.0050825361465773305,4.982266599123248e-06,0.008947915805612034,2.3302497081200135e-23
5296,6,6,0.9675177445214195,0.005884124518723859,0.005883892971715444,0.0073182277906271975,4.8328180522080915e-05,0.01334768201699198,0.9675177445214195
5297,4,4,0.999936212960503,1.8682860314729424e-05,7.979665124961104e-07,2.595437062974358e-05,0.999936212960503,1.8351842040181946e-05,4.36989991987736e-22
5298,3,3,0.9999999999969236,1.6188964194520797e-13,5.2038462160795376e-21,0.9999999999969236,1.0582190325345136e-14,2.9040271620911895e-12,1.9685006517167418e-35
5299,5,5,0.9870422781546226,5.1013182857478075e-05,0.0009382630899302525,2.450339689080388e-07,3.59349246522429e-05,0.9870422781546226,0.011932265613968434
5300,5,5,0.9876270631960554,5.1144299163055436e-05,0.0009408011236903976,2.512115642296377e-07,3.605096919247135e-05,0.9876270631960554,0.011344689200334365
5301,5,5,0.9870237263055076,5.099460572062133e-05,0.0009384880276050658,2.453162364702311e-07,3.593951939644213e-05,0.9870237263055076,0.01195060622553384
5304,1,1,0.999997201658109,0.999997201658109,1.505702313963048e-11,7.606540705187376e-09,1.707762932308041e-10,2.7905495168543584e-06,7.261391123732597e-34
5305,4,4,0.9999361504370065,1.870570804552465e-05,8.001724601106568e-07,2.59607574718726e-05,0.9999361504370065,1.8382925016076748e-05,4.384499416183612e-22
5306,1,1,0.9999971936523081,0.9999971936523081,1.5105169819644367e-11,7.640157694457182e-09,1.714993023843132e-10,2.7985209298033044e-06,7.263829268396854e-34
5307,1,1,0.9999971942285993,0.9999971942285993,1.5115881965335358e-11,7.633791246571402e-09,1.7143946593087833e-10,2.7979510540832263e-06,7.277822204158101e-34
5309,1,1,0.999997195216318,0.999997195216318,1.509292770421728e-11,7.638368549089067e-09,1.7140108215005632e-10,2.796958819378762e-06,7.262880993537827e-34
5311,1,1,0.999997189738271,0.999997189738271,1.5126546783732027e-11,7.654378259238425e-09,1.7184573354519352e-10,2.802420378427062e-06,7.292397343024052e-34
5312,2,2,0.9859683309687602,3.8479608496664125e-06,0.9859683309687602,0.005078537826512773,4.976736827238153e-06,0.008944306507050102,2.3166389609734014e-23
5313,3,3,0.9999999999968422,1.659762574734607e-13,5.454232609915583e-21,0.9999999999968422,1.0863732487125674e-14,2.9809572609760388e-12,2.0504268846976054e-35
5315,2,2,0.9859647635198504,3.847382370109784e-06,0.9859647635198504,0.005080523743025202,4.9780057517457446e-06,0.008945887349002478,2.317057052166152e-23
5318,5,5,0.9871410795166711,5.082774577098095e-05,0.0009466999208302149,2.4457971144020397e-07,3.594047007987128e-05,0.9871410795166711,0.011825207766936437
5319,1,1,0.9999972025393564,0.9999972025393564,1.504419346896208e-11,7.606055685383791e-09,1.7077241365674663e-10,2.7896687713705223e-06,7.232188251763245e-34
5320,4,4,0.9999362213238577,1.870914924201519e-05,7.991273408433829e-07,2.5904161164380857e-05,0.9999362213238577,1.8366238394996076e-05,4.37026516056609e-22
5321,2,2,0.9860273842639328,3.8240000408781846e-06,0.9860273842639328,0.005042530692843594,4.954670581956128e-06,0.008921306372600989,2.3244786559029118e-23
5322,4,4,0.9999362636956641,1.867859051465172e-05,7.975945487692842e-07,2.591893823951098e-05,0.9999362636956641,1.8341181033018128e-05,4.364036229719818e-22
5324,4,4,0.9999362483842273,1.8676473107658476e-05,7.984751462577678e-07,2.592675618021427e-05,0.9999362483842273,1.8349911338536435e-05,4.3667764905701855e-22
5325,3,3,0.9999999999969282,1.617347036971755e-13,5.193836096154157e-21,0.9999999999969282,1.0566692037121922e-14,2.8995543371169635e-12,1.9603520886225422e-35
5327,1,1,0.999997200397505,0.999997200397505,1.5054157355376183e-11,7.614306660980866e-09,1.7088717666260227e-10,2.7918022470211948e-06,7.233255366035765e-34
5330,5,5,0.9871510698567494,5.109247767469984e-05,0.0009378320588751012,2.4643305115332177e-07,3.5982201372002185e-05,0.9871510698567494,0.011823776972277624
5331,2,2,0.9858315082885463,3.876994310315617e-06,0.9858315082885463,0.005075634999698049,5.022100669976105e-06,0.00908395761677525,2.4768201576880835e-23
5334,3,3,0.9999999999969278,1.6166304181687359e-13,5.193783017019585e-21,0.9999999999969278,1.0571410121883135e-14,2.9000543497362352e-12,1.9639127277385217e-35
5335,1,1,0.9999972013268419,0.9999972013268419,1.505193157059323e-11,7.610633267961918e-09,1.7086155294509685e-10,2.790876611417072e-06,7.230698346165365e-34
5336,2,2,0.9859598452890384,3.862258359051139e-06,0.9859598452890384,0.00506708577327883,4.990770047617466e-06,0.008964215909276247,2.40519964288908e-23
5337,4,4,0.9999360866870004,1.8702348325937858e-05,7.996166124239343e-07,2.601833602079516e-05,0.9999360866870004,1.8393012040538764e-05,4.3901183656158665e-22
5339,3,3,0.9999999999969179,1.6242365570355226e-13,5.2263730840236726e-21,0.9999999999969179,1.0621751330144174e-14,2.9090185951687644e-12,1.9691669743271177e-35
5341,5,5,0.9871397786143616,5.0804840241144244e-05,0.0009455740453865121,2.4446773846019424e-07,3.5919094536430766e-05,0.9871397786143616,0.011827678937735807
5343,5,5,0.9874363802433377,5.1228764893512804e-05,0.0009609028113819767,2.508015334996647e-07,3.611111116506359e-05,0.9874363802433377,0.01151512626768829
5344,6,6,0.9672322157060882,0.0059376918779250635,0.00592787416060017,0.007383705024881371,4.87646346436214e-05,0.013469748595861622,0.9672322157060882
5345,4,4,0.9999362411615247,1.8684161870462966e-05,7.985251857230776e-07,2.5922230353294592e-05,0.9999362411615247,1.835392106589356e-05,4.375516859975613e-22
5346,6,6,0.9670082073988064,0.00597063999733126,0.005969735015549233,0.007444785275680957,4.911885304163819e-05,0.01355751345959055,0.9670082073988064
5347,1,1,0.999997199461853,0.999997199461853,1.5074533782267538e-11,7.615126569757767e-09,1.709494334802914e-10,2.7927369965549827e-06,7.252055864000779e-34
5348,1,1,0.9999971963688632,0.9999971963688632,1.5076838313953417e-11,7.636176558443653e-09,1.7136387825366697e-10,2.7958085194504526e-06,7.245461869551284e-34
5350,4,4,0.9999361265667535,1.8724217756915563e-05,8.015050840486728e-07,2.5938128447739134e-05,0.9999361265667535,1.8409581957964535e-05,4.40229128624097e-22
5351,2,2,0.9857568504890865,3.936502416160733e-06,0.9857568504890865,0.005174939617017857,5.074831355485586e-06,0.009059198560124028,2.408375196779856e-23
5353,2,2,0.9859870890980004,3.840036084597392e-06,0.9859870890980004,0.005069158394760844,4.971189550327656e-06,0.008934941281603903,2.319827431275519e-23
5354,4,4,0.9999362092360922,1.8709594096532677e-05,7.987464592346082e-07,2.5915725537348288e-05,0.9999362092360922,1.8366697814784204e-05,4.366207689768303e-22
5355,1,1,0.9999971998229495,0.9999971998229495,1.5066277283974477e-11,7.615099970439537e-09,1.7106434129281516e-10,2.7923758198190315e-06,7.252200105599234e-34
5356,5,5,0.9878031460782495,5.3407908073263616e-05,0.0009996363133877018,2.726756131712119e-07,3.7023847666609764e-05,0.9878031460782495,0.011106513177009775
5357,4,4,0.999936198855209,1.870850629528022e-05,7.989290958025495e-07,2.5926815406375547e-05,0.999936198855209,1.8366893993473268e-05,4.372576826381162e-22
5359,4,4,0.9999362573274191,1.8695699636181844e-05,7.989716875375433e-07,2.5891236701652006e-05,0.9999362573274191,1.835676455557892e-05,4.368329638521579e-22
5361,2,2,0.985991155476044,3.833148848599104e-06,0.985991155476044,0.005063743444018074,4.964184940483666e-06,0.008936303746149007,2.3115866457377564e-23
5362,5,5,0.9870249654415376,5.097214745720248e-05,0.000939901633530167,2.448530187704105e-07,3.592770454423438e-05,0.9870249654415376,0.0119479882199121
5363,2,2,0.9859765252738389,3.834264765406299e-06,0.9859765252738389,0.0050534325141091425,4.970415441322909e-06,0.008961237531845233,2.3445767057907474e-23
5364,2,2,0.985921633652542,3.8671750991665305e-06,0.985921633652542,0.00509573381616219,4.996704010610092e-06,0.00897376865218588,2.338962148604764e-23
5365,5,5,0.9870711811290863,5.1361420498733806e-05,0.0009558949611390589,2.500724838533763e-07,3.612896652782123e-05,0.9870711811290863,0.011885183450264257
5366,6,6,0.9663659269094169,0.006104644738692866,0.0060718465110238175,0.00757752465393444,5.0151676635347505e-05,0.013829905510296578,0.9663659269094169
5368,3,3,0.9999999999969214,1.6216175982073687e-13,5.210723753766934e-21,0.9999999999969214,1.0589898491540885e-14,2.9060078934412208e-12,1.9669695459090457e-35
5370,2,2,0.9859181397199609,3.851492609023303e-06,0.9859181397199609,0.0050511746637745825,4.993506426563267e-06,0.009021840617228867,2.4316466405098608e-23
5373,5,5,0.9869671484221437,5.0773544924422856e-05,0.0009439013889784572,2.4321757781161726e-07,3.5869342171691634e-05,0.9869671484221437,0.012002064084203873
5375,1,1,0.9999971962520264,0.9999971962520264,1.5095443613768035e-11,7.635204087910579e-09,1.7131863611543605e-10,2.795926355339425e-06,7.288241249283997e-34
5377,1,1,0.9999971989533571,0.9999971989533571,1.5078629332640235e-11,7.619818623126026e-09,1.7112999198362906e-10,2.7932406155904923e-06,7.27303041710958e-34
5378,5,5,0.9871788653501952,5.065442032904166e-05,0.0009492843145778111,2.445925675150293e-07,3.586711763350405e-05,0.9871788653501952,0.011785084204696938
5379,5,5,0.9869655966654644,5.105402396995049e-05,0.0009437926209165658,2.462704144634345e-07,3.598531570896939e-05,0.9869655966654644,0.012003325103525758
5381,4,4,0.9999360605801982,1.8752547963321307e-05,7.998444401018535e-07,2.598557743163274e-05,0.9999360605801982,1.8401449966726916e-05,4.383245036848966e-22
5382,5,5,0.9902621457498635,5.178153640903545e-05,0.0010326385304266145,2.737912797969936e-07,3.6806719219913206e-05,0.9902621457498635,0.008616353672801185
5383,2,2,0.9859569267604513,3.850432407108709e-06,0.9859569267604513,0.005083465686377862,4.983210785080625e-06,0.008950773909978595,2.319825680060373e-23
5384,2,2,0.9859030901545581,3.877524128943615e-06,0.9859030901545581,0.005101570112528919,5.010268920198766e-06,0.008986451939863874,2.3631963225972086e-23
5385,2,2,0.9859455132086707,3.853085808166826e-06,0.9859455132086707,0.005090439260366969,4.984908796824352e-06,0.00895520953635731,2.3141370314022673e-23
5386,1,1,0.9999972011964918,0.9999972011964918,1.5054803130137692e-11,7.612562952514631e-09,1.7092943664633164e-10,2.791004961017585e-06,7.2253620392648766e-34
5387,6,6,0.9674822852792233,0.0058939431793499815,0.005882506626409202,0.007326348646859643,4.836981928058837e-05,0.013366546448877267,0.9674822852792233
5388,2,2,0.9859596281331224,3.850046596937911e-06,0.9859596281331224,0.005079579920567182,4.9815123944824e-06,0.008951960387318991,2.3209413398803312e-23
5389,1,1,0.9999971975735329,0.9999971975735329,1.509012800546407e-11,7.618349792226413e-09,1.7113895816698109e-10,2.7946218881742763e-06,7.272937382741617e-34
5390,6,6,0.9674404222952945,0.005908400789590807,0.005896696838252533,0.00732377876863428,4.842744917537031e-05,0.01338227385905252,0.9674404222952945
5392,4,4,0.9999361726795181,1.8713375618624073e-05,7.986015503017328e-07,2.594509039064368e-05,0.9999361726795181,1.837025292248522e-05,4.363484436211224e-22
5393,1,1,0.9999971974931322,0.9999971974931322,1.507537220987917e-11,7.624013742740385e-09,1.7118838864870893e-10,2.794696590269252e-06,7.261200052629171e-34
5394,5,5,0.9870225985748592,5.072280344783784e-05,0.0009451692478897192,2.442426544955616e-07,3.586578557239058e-05,0.9870225985748592,0.011945399345576334
5395,3,3,0.9999999999969268,1.618809491490651e-13,5.198749486708016e-21,0.9999999999969268,1.057411312617486e-14,2.90079285255132e-12,1.9608773718580556e-35
5396,5,5,0.9871079971309831,5.0992943316949383e-05,0.0009376147111801925,2.455513840688416e-07,3.5932256396552516e-05,0.9871079971309831,0.01186721740673908
5397,6,6,0.9662355114604295,0.0060959636316217595,0.0061188555593265125,0.007554811858647273,5.031105011200997e-05,0.013944546439862907,0.9662355114604295
5399,5,5,0.9871115898029584,5.1055362229180995e-05,0.0009348431899774106,2.4713190868809103e-07,3.5956855798304326e-05,0.9871115898029584,0.011866307657127987
5400,5,5,0.9869686456843598,5.081829725647237e-05,0.0009399203050662979,2.438800276440173e-07,3.587202534601389e-05,0.9869686456843598,0.012004499807943736
5402,1,1,0.9999971788240329,0.9999971788240329,1.530318015024853e-11,7.688204626467311e-09,1.7268133556889188e-10,2.8132997779618705e-06,7.6453076818406065e-34
5403,1,1,0.9999971998136324,0.9999971998136324,1.5061240728016633e-11,7.621880361734848e-09,1.7115251113959222e-10,2.7923782733326586e-06,7.242682278662133e-34
5406,4,4,0.9999362225097509,1.8691442805100412e-05,7.986182784452555e-07,2.5927938874788994e-05,0.9999362225097509,1.8359490290691884e-05,4.372227275721251e-22
5407,1,1,0.9999972011881656,0.9999972011881656,1.507049432020302e-11,7.607318365052771e-09,1.7081395503688563e-10,2.791018631605528e-06,7.262892504276993e-34
5408,5,5,0.9871279407412124,5.079849191665393e-05,0.0009451784875070748,2.442009002994035e-07,3.590721903474429e-05,0.9871279407412124,0.011839930859428914
5409,6,6,0.9653530109432236,0.006274593315207875,0.006261393414863852,0.007812694465927063,5.1694459112008234e-05,0.014246613401665689,0.9653530109432236
5410,5,5,0.9872490465263696,5.103758160442371e-05,0.0009509237162635362,2.465389663741999e-07,3.6011150541597056e-05,0.9872490465263696,0.011712734486254532
5411,4,4,0.9999362510507157,1.868534004562176e-05,7.984112878383608e-07,2.5911477508396085e-05,0.9999362510507157,1.8353720442503444e-05,4.3669866908280935e-22
5413,3,3,0.9999999999969182,1.6238340906400012e-13,5.2235521171692416e-21,0.9999999999969182,1.0624412548350019e-14,2.9086342387626257e-12,1.9701859955879523e-35
5415,1,1,0.9999971900729088,0.9999971900729088,1.5128662609148948e-11,7.651154732379724e-09,1.7172182982991198e-10,2.802089085966511e-06,7.305066697291575e-34
5416,6,6,0.9670466891167995,0.005986884496615181,0.005958584104977849,0.007408018544058146,4.904923683695263e-05,0.01355077450071239,0.9670466891167995
5417,2,2,0.986035089230078,3.818936345068083e-06,0.986035089230078,0.005035713044816155,4.949836218181492e-06,0.00892042895254262,2.3223500010465892e-23
5418,4,4,0.9999362392385814,1.867793867732295e-05,7.979989341795146e-07,2.593670966053841e-05,0.9999362392385814,1.8348114146569825e-05,4.366807827128418e-22
5419,4,4,0.9999362231336466,1.8681830926285185e-05,7.982965762611992e-07,2.5940825362821317e-05,0.9999362231336466,1.8355913488077142e-05,4.369034494015e-22
5420,3,3,0.9999999999969242,1.619593327139813e-13,5.2033082851572094e-21,0.9999999999969242,1.0581872460942706e-14,2.9033340674747537e-12,1.9663683404717285e-35
5421,1,1,0.9999971879973648,0.9999971879973648,1.515552942535137e-11,7.644211492393646e-09,1.7170400055503635e-10,2.8041715642210938e-06,7.325998947810093e-34
5422,1,1,0.9999971911245585,0.9999971911245585,1.512207384068666e-11,7.650902055385857e-09,1.7173761531485663e-10,2.8010376797592837e-06,7.295930747846194e-34
5423,1,1,0.9999972010408391,0.9999972010408391,1.5068814765436905e-11,7.608807564208072e-09,1.7084552004412743e-10,2.79116443895121e-06,7.2667209275427095e-34
5424,4,4,0.9999360730073704,1.8741843211624245e-05,8.010892373957346e-07,2.597611432743466e-05,0.9999360730073704,1.840794585320785e-05,4.398037092476539e-22
5425,5,5,0.9872218611655941,5.100378788159216e-05,0.0009393196430794884,2.473805894088008e-07,3.5961110812636475e-05,0.9872218611655941,0.011751606912042807
5427,3,3,0.9999999999969276,1.6189317221130465e-13,5.1977302096951096e-21,0.9999999999969276,1.0578481502837619e-14,2.8999894732885025e-12,1.9591741840925586e-35
5428,2,2,0.9859246557012173,3.870077809637994e-06,0.9859246557012173,0.00509626221557712,5.002916976061673e-06,0.008970209088419872,2.3530254789759286e-23
5429,5,5,0.9876462326045347,5.096446043303662e-05,0.0009598061088380528,2.482646114719651e-07,3.603995396353728e-05,0.9876462326045347,0.01130670860761933
5431,4,4,0.9999360719215458,1.8708890336229914e-05,7.988000087048258e-07,2.60315188693973e-05,0.9999360719215458,1.8388869239920705e-05,4.388546073521418e-22
5432,3,3,0.9999999999968646,1.6560592101735015e-13,5.375846713164307e-21,0.9999999999968646,1.0823279022995577e-14,2.9589663467772484e-12,2.037043320418395e-35
5434,4,4,0.9999361763159491,1.8714237227956315e-05,7.989473516294608e-07,2.5939754682810023e-05,0.9999361763159491,1.837074478848969e-05,4.373948740331706e-22
5437,1,1,0.9999971925913386,0.9999971925913386,1.5152321416066965e-11,7.642194987033594e-09,1.7154660017137651e-10,2.7995797675286598e-06,7.389643863206479e-34
5439,5,5,0.987124578778917,5.122187128915479e-05,0.0009541647586433807,2.4866854831603735e-07,3.6103712052035766e-05,0.987124578778917,0.011833682210550155
5440,3,3,0.9999999999969131,1.627984591713843e-13,5.2370753996681174e-21,0.9999999999969131,1.0637871295857072e-14,2.9134682081754084e-12,1.9775746151788292e-35
5441,2,2,0.9860291088576224,3.819865445845822e-06,0.9860291088576224,0.005037587857832911,4.953059484004698e-06,0.008924530359614834,2.326415520069223e-23
5442,5,5,0.9868799411752063,5.08163184730128e-05,0.0009396744679234201,2.4459996216121687e-07,3.5873536686782126e-05,0.9868799411752063,0.012093449901748274
5443,5,5,0.9874930567407934,5.135215372545547e-05,0.0009460123608671877,2.466260718229186e-07,3.597824209134218e-05,0.9874930567407934,0.01147335387645096
5446,1,1,0.9999971978593056,0.9999971978593056,1.5068988739364763e-11,7.62083493572206e-09,1.7108595916545667e-10,2.7943337044907895e-06,7.245688160933091e-34
5449,4,4,0.9999362240573962,1.8692433203432978e-05,7.984102737008617e-07,2.5928566363142623e-05,0.9999362240573962,1.835653276349768e-05,4.368874975117091e-22
5451,5,5,0.9871424717842497,5.066653452622613e-05,0.0009499785261424881,2.442776638858599e-07,3.587428633754156e-05,0.9871424717842497,0.011820764591080214
5452,3,3,0.9999999999968541,1.6612182078019048e-13,5.389973856900587e-21,0.9999999999968541,1.0838408680115578e-14,2.969045372771767e-12,2.0481212724320946e-35
5453,5,5,0.9886983068040329,5.174169292506894e-05,0.0009356554351745127,2.6904433656012567e-07,3.641136488656675e-05,0.9886983068040329,0.010277615658644393
5454,1,1,0.9999972006912106,0.9999972006912106,1.507624391775808e-11,7.60293018690977e-09,1.7078888154286556e-10,2.7915199941508894e-06,7.265351847389497e-34
5457,4,4,0.9999362283352434,1.869460619901922e-05,7.985256850013283e-07,2.59225120082142e-05,0.9999362283352434,1.8356020864314588e-05,4.368081066114793e-22
5458,4,4,0.999936194503947,1.8695884299782813e-05,7.988393459449173e-07,2.594444347216872e-05,0.999936194503947,1.8366328935137188e-05,4.370464246168576e-22
5461,5,5,0.9882512793696576,5.103819782998145e-05,0.0009718449966191845,2.533112898689402e-07,3.616095818878428e-05,0.9882512793696576,0.010689423166414478
5462,3,3,0.9999999999968798,1.6484143111448183e-13,5.326542623877068e-21,0.9999999999968798,1.0775744949765265e-14,2.9445790516828063e-12,2.0072514498814607e-35
5466,1,1,0.9999971919780207,0.9999971919780207,1.511206452002148e-11,7.649525440419044e-09,1.7172027473442827e-10,2.80018562144553e-06,7.278209815001291e-34
5468,3,3,0.9999999999969262,1.6179520915252165e-13,5.1948116036387135e-21,0.9999999999969262,1.056641459432163e-14,2.901431177254894e-12,1.9653850198796635e-35
5469,5,5,0.9869546285672008,5.077770257797768e-05,0.0009440045105834196,2.4324659488304184e-07,3.58719905331722e-05,0.9869546285672008,0.012014473982509655
5470,4,4,0.9999361626898883,1.8717999708988844e-05,7.990184641159226e-07,2.594312863644403e-05,0.9999361626898883,1.8377163302276233e-05,4.372780252902007e-22
5471,3,3,0.9999999999969241,1.620137949725983e-13,5.201369312529465e-21,0.9999999999969241,1.0576573221731229e-14,2.9033490040752923e-12,1.9633656953516688e-35
5472,1,1,0.9999972018780309,0.9999972018780309,1.5053098137488485e-11,7.604701997588064e-09,1.7079758274869072e-10,2.790331416529777e-06,7.223730572635358e-34
5473,2,2,0.9859759256179786,3.84003294768796e-06,0.9859759256179786,0.005075514320602191,4.971390250689264e-06,0.008939748638220809,2.3117940153825176e-23
5474,6,6,0.9678153715154303,0.005831044837295747,0.005839006881778976,0.007233788350357747,4.785956267583225e-05,0.01323292885246143,0.9678153715154303
5475,5,5,0.9873942381823255,5.335667674438054e-05,0.0009824772889073705,2.703878996475045e-07,3.690228606421908e-05,0.9873942381823255,0.011532755178058926
5476,5,5,0.9870512555355012,5.08262560569353e-05,0.0009441520779543004,2.4445408062561496e-07,3.589769980580123e-05,0.9870512555355012,0.011917623976601156
5477,2,2,0.9855716346234932,3.984966599260076e-06,0.9855716346234932,0.005274936881984028,5.146479807455794e-06,0.009144297048116222,2.4342401348302446e-23
5478,2,2,0.9859679840245618,3.84885996976665e-06,0.9859679840245618,0.005078628320062748,4.980041282371037e-06,0.008944558754123401,2.3246563434185577e-23
5481,3,3,0.9999999999969215,1.622023962548219e-13,5.212743168004243e-21,0.9999999999969215,1.0598386357364238e-14,2.9058227196513235e-12,1.9677198029466273e-35
5482,5,5,0.9869659201291927,5.076364158192514e-05,0.00094209070853761,2.438051179858416e-07,3.586967703417727e-05,0.9869659201291927,0.01200511203853558
5483,3,3,0.9999999999969302,1.6170302973458827e-13,5.189203501840178e-21,0.9999999999969302,1.0562858484900596e-14,2.897517632703566e-12,1.9580597128332146e-35
5484,1,1,0.9999971977872113,0.9999971977872113,1.50754833961783e-11,7.629618803387679e-09,1.7122788005703013e-10,2.794396866538976e-06,7.2436641136659546e-34
5488,4,4,0.9999362335932683,1.869846772914109e-05,7.992070913937732e-07,2.5905553823149203e-05,0.9999362335932683,1.8363178088028855e-05,4.37631710148839e-22
5489,2,2,0.9856025255193289,3.935845069531538e-06,0.9856025255193289,0.005249963967750383,5.090757209939196e-06,0.009138483910641301,2.3867330626066148e-23
5490,4,4,0.9999362243281676,1.8700334532028724e-05,7.986487008486588e-07,2.5912757968437284e-05,0.9999362243281676,1.836393063105272e-05,4.366982193940651e-22
5491,5,5,0.9871426273721624,5.1089856604869995e-05,0.0009467952839980544,2.4729207729169094e-07,3.603378691682427e-05,0.9871426273721624,0.011823206408240503
5492,3,3,0.999999999996916,1.6254729773902277e-13,5.227705796143644e-21,0.999999999996916,1.0617525249345404e-14,2.910812631805214e-12,1.97374764897836e-35
5494,4,4,0.9999362132911807,1.8680748070848052e-05,7.980098010660613e-07,2.5954963711454414e-05,0.9999362132911807,1.8352987235982925e-05,4.3659717004568e-22
5499,1,1,0.9999971961544132,0.9999971961544132,1.5098044317177016e-11,7.631887782477084e-09,1.7129644573739716e-10,2.7960273045772415e-06,7.2798594889209065e-34
5500,1,1,0.9999971981438706,0.9999971981438706,1.5086695819427453e-11,7.620863620309419e-09,1.7110366992318668e-10,2.7940490754889486e-06,7.284357074136161e-34
5502,1,1,0.9999971979101752,0.9999971979101752,1.511301277705532e-11,7.618141153935444e-09,1.7116729690387978e-10,2.7942854034691967e-06,7.336064951744135e-34
5503,6,6,0.967105624359746,0.005962957547430575,0.0059538416151900565,0.007400688217397649,4.908366895231717e-05,0.01352780459128338,0.967105624359746
5504,4,4,0.9999362099522957,1.8700870132422353e-05,7.993569753415285e-07,2.592050291361509e-05,0.9999362099522957,1.8369317682966386e-05,4.374733161761481e-22
5505,3,3,0.9999999999969272,1.618619127952069e-13,5.196047809248122e-21,0.9999999999969272,1.057447342847958e-14,2.900335199865192e-12,1.960080279068274e-35
5506,4,4,0.9999362466996199,1.8682874355577488e-05,7.981419998840784e-07,2.592432039102533e-05,0.9999362466996199,1.8347963633661563e-05,4.36784743988712e-22
5507,1,1,0.9999971970642195,0.9999971970642195,1.510618498462259e-11,7.625536396057015e-09,1.7120378031434616e-10,2.7951239340948634e-06,7.332372289934221e-34
5509,5,5,0.9870328801891206,5.081010378986065e-05,0.000939298589645802,2.4443253563473087e-07,3.5875913204933396e-05,0.9870328801891206,0.011940890771703105
5511,2,2,0.9859227881656346,3.8645000001064195e-06,0.9859227881656346,0.005083363370826184,5.0006764349010754e-06,0.008984983287104236,2.3770756097212553e-23
5512,3,3,0.999999999996927,1.617332759395929e-13,5.198050150296986e-21,0.999999999996927,1.057370165738462e-14,2.900725722611281e-12,1.9629552736361323e-35
5513,5,5,0.9871381635427656,5.1151206202728665e-05,0.0009385040583659642,2.4701351147783793e-07,3.5998258113558755e-05,0.9871381635427656,0.011835935921040553
5514,1,1,0.9999971953155894,0.9999971953155894,1.5092695334757013e-11,7.63213070542078e-09,1.714082083653369e-10,2.796865778999488e-06,7.260207873369208e-34
5515,2,2,0.9859524780888175,3.8504058895195735e-06,0.9859524780888175,0.005086164381196668,4.983435809730973e-06,0.008952523688286557,2.3197150367668047e-23
5516,6,6,0.9669904797837282,0.00598576499343144,0.005961816428843917,0.007439942895800723,4.918266122895174e-05,0.013572813236966762,0.9669904797837282
5517,5,5,0.9870391639976436,5.0943385045136966e-05,0.0009399941279150855,2.4483924963064715e-07,3.592251271914406e-05,0.9870391639976436,0.011933731137427421
5518,2,2,0.9859623839803972,3.848440412946897e-06,0.9859623839803972,0.005080937238147855,4.98019814599098e-06,0.008947850142896065,2.312656552066695e-23
5519,4,4,0.99993619619339,1.869069011292354e-05,7.993187906638056e-07,2.5943967753484427e-05,0.99993619619339,1.8369829952950064e-05,4.3824882408974225e-22
5520,5,5,0.9871713142567213,5.080102791163788e-05,0.0009376537239739738,2.46706535452653e-07,3.5901382305578715e-05,0.9871713142567213,0.011804082902551926
5523,1,1,0.9999966708687227,0.9999966708687227,2.0501767156466986e-11,9.746378722335263e-09,2.156649389359509e-10,3.3191487318731524e-06,1.9078481556539474e-33
5524,2,2,0.9860002614008438,3.83333189662785e-06,0.9860002614008438,0.005031101491562651,4.967614633471556e-06,0.008959836161063502,2.3621322147712697e-23
5526,1,1,0.9999972024465412,0.9999972024465412,1.5053445019151885e-11,7.604769203246712e-09,1.707580643840167e-10,2.7897628781430844e-06,7.232801931974469e-34
5528,4,4,0.9999360061006646,1.8749752931635953e-05,7.994578946403034e-07,2.603354408037713e-05,0.9999360061006646,1.8411144428905508e-05,4.3832816508058425e-22
5530,2,2,0.9860259518876323,3.819837195249565e-06,0.9860259518876323,0.00503338541323626,4.951786589563206e-06,0.008931891075346724,2.3326921987564205e-23
5532,1,1,0.9999971960127463,0.9999971960127463,1.508164781560461e-11,7.637064117574686e-09,1.7134085203898443e-10,2.7961637672473463e-06,7.250956039998098e-34
5533,5,5,0.98705535905288,5.081319423021145e-05,0.000939240468831684,2.448198884291711e-07,3.5892228238435714e-05,0.98705535905288,0.011918450235931233
5534,4,4,0.9999362724957088,1.8681366697584183e-05,7.980589574554427e-07,2.5904881956347538e-05,0.9999362724957088,1.8343196679880936e-05,4.366857611124685e-22
5535,5,5,0.9873553421542907,5.120425261383478e-05,0.0009304623773964133,2.508030183829518e-07,3.602101920552484e-05,0.9873553421542907,0.011626719393475185
5536,5,5,0.986963219457031,5.088308595171157e-05,0.0009421799372887396,2.435395557140455e-07,3.588533679781891e-05,0.986963219457031,0.012007588643375063
5538,1,1,0.999997201860083,0.999997201860083,1.50630401914006e-11,7.605574135881042e-09,1.7085644930649423e-10,2.7903484234289174e-06,7.261569508958496e-34
5539,4,4,0.9999361901992869,1.869194486309499e-05,7.981976477813709e-07,2.596044426597414e-05,0.9999361901992869,1.8359213936270427e-05,4.369784476999807e-22
5540,1,1,0.9999972030772155,0.9999972030772155,1.505108664624209e-11,7.606095999048406e-09,1.7081844391126644e-10,2.78913081894988e-06,7.247468746312498e-34
5541,1,1,0.999997202122318,0.999997202122318,1.5074334357295124e-11,7.604780809580583e-09,1.7080686298768936e-10,2.790087019946934e-06,7.280276657805246e-34
5542,2,2,0.985962030156134,3.8446851209183294e-06,0.985962030156134,0.005081425212957672,4.9772649553733524e-06,0.008947722680831983,2.3157403749214e-23
5543,4,4,0.9999361686526637,1.8705671525475737e-05,7.990479574946573e-07,2.595252255872356e-05,0.9999361686526637,1.8374105294642424e-05,4.369394016945706e-22
5545,3,3,0.9999999999969156,1.6252291724744726e-13,5.2291062227106295e-21,0.9999999999969156,1.0622544831898805e-14,2.911241585445065e-12,1.9714537235133122e-35
5548,5,5,0.9872886277659725,5.080873042069504e-05,0.0009495147212573057,2.453058735572177e-07,3.592967397589096e-05,0.9872886277659725,0.0116748738025001
5549,1,1,0.9999972013100894,0.9999972013100894,1.5048303926418594e-11,7.612965890997204e-09,1.7091340381691198e-10,2.790890983085431e-06,7.218798150601074e-34
5550,3,3,0.9999999999969265,1.6197791832940846e-13,5.200231387391717e-21,0.9999999999969265,1.0580166213341242e-14,2.9010635484008735e-12,1.96101865778888e-35
5551,6,6,0.9672972150677024,0.005936900242042541,0.0059200390712848185,0.007349166053757314,4.866052480992756e-05,0.01344801904040297,0.9672972150677024
5553,2,2,0.985954107903407,3.848943919964196e-06,0.985954107903407,0.005084138833078137,4.98159514008098e-06,0.00895292272445494,2.3214054869410914e-23
5554,6,6,0.9650578723953511,0.006312811634616241,0.006315164239143264,0.007825855185751952,5.212714988464267e-05,0.014436169395252873,0.9650578723953511
5556,6,6,0.966831785324184,0.006026652651654366,0.0059928606982518435,0.007455865402326127,4.9388607583744725e-05,0.013643447315999927,0.966831785324184
5557,1,1,0.9999971928241534,0.9999971928241534,1.514105110147055e-11,7.643732929441586e-09,1.7159956059853911e-10,2.7993453730893817e-06,7.345490826921151e-34
5558,4,4,0.9999360561912674,1.871323962626686e-05,7.996826425923304e-07,2.603137473426843e-05,0.9999360561912674,1.8399511729570493e-05,4.386050655105611e-22
5560,5,5,0.987045406960082,5.087652634905993e-05,0.0009375602427334909,2.4591738496843363e-07,3.591212642256154e-05,0.987045406960082,0.011929998227027883
5561,1,1,0.999997201188585,0.999997201188585,1.505885691374373e-11,7.611399833784355e-09,1.7087512496728212e-10,2.7910140811332203e-06,7.239556355448892e-34
5562,2,2,0.9860021575486594,3.829319305169529e-06,0.9860021575486594,0.005045035213712302,4.9650085750535666e-06,0.008944012909747948,2.333633747457198e-23
5563,1,1,0.9999972008266601,0.9999972008266601,1.5061437904152e-11,7.610314453378057e-09,1.7089931841613332e-10,2.791377064808549e-06,7.242694586793794e-34
5564,3,3,0.9999999999969106,1.6296153178560828e-13,5.248019763822322e-21,0.9999999999969106,1.0669569938287995e-14,2.915816754442377e-12,1.9737525877523103e-35
5565,3,3,0.9999999999969041,1.6323788976977765e-13,5.267960112370816e-21,0.9999999999969041,1.0672212227868234e-14,2.922030429148004e-12,1.9808874792066233e-35
5567,3,3,0.9999999999968803,1.648250543851552e-13,5.329064304510014e-21,0.9999999999968803,1.0779407405673543e-14,2.9441497307692305e-12,2.0019051860809784e-35
5570,2,2,0.9859332959801377,3.855206206702137e-06,0.9859332959801377,0.005092305344994178,4.9921784116416766e-06,0.008965551290249778,2.3348743474223863e-23
5574,3,3,0.9999999999969282,1.6173753413038372e-13,5.1935492472169395e-21,0.9999999999969282,1.0562727118153573e-14,2.899471642488948e-12,1.9596838700475607e-35
5575,3,3,0.9999999999969227,1.622298316208645e-13,5.2117395267718056e-21,0.9999999999969227,1.0608626765006e-14,2.9044812956203865e-12,1.9645370688427656e-35
5578,3,3,0.9999999999969262,1.6186280055409994e-13,5.196219017130494e-21,0.9999999999969262,1.0566422056821752e-14,2.901334536297979e-12,1.9624277877439535e-35
5579,5,5,0.9869472771931171,5.098113161112081e-05,0.0009404480065056823,2.4476711318421966e-07,3.592549572847721e-05,0.9869472771931171,0.012025123405924404
5580,1,1,0.999997201476061,0.999997201476061,1.5063914897648838e-11,7.610361686149462e-09,1.7085527864198797e-10,2.7907276580641255e-06,7.248752180912839e-34
5581,3,3,0.9999999999969273,1.6174496216806544e-13,5.19746156322427e-21,0.9999999999969273,1.0577873102098325e-14,2.9004519244511367e-12,1.9615379738410083e-35
5582,3,3,0.999999999996919,1.622969516924421e-13,5.217250353000724e-21,0.999999999996919,1.0597523707001609e-14,2.908107616031614e-12,1.971558377540876e-35
5583,4,4,0.9999361881672617,1.8694129066681283e-05,7.998164849033752e-07,2.5942579664055884e-05,0.9999361881672617,1.837530752270537e-05,4.386786202332664e-22
5584,2,2,0.9858472254435182,3.896106852098149e-06,0.9858472254435182,0.005134536764815248,5.0304177024546155e-06,0.009009311267111936,2.366785937251109e-23
5585,5,5,0.9870840731653785,5.0837926620206605e-05,0.0009407931353626765,2.4480545860234585e-07,3.590511278454068e-05,0.9870840731653785,0.011888145854395446
5586,6,6,0.9667268364262819,0.006043066269794199,0.006009373816014316,0.00749081163873661,4.954589765060859e-05,0.013680365951522482,0.9667268364262819
5588,5,5,0.9898819312072222,5.1638899679366484e-05,0.0010206845227172007,2.692424547196669e-07,3.6699944564764894e-05,0.9898819312072222,0.009008776183361687
5589,3,3,0.9999999999969303,1.6167813538390693e-13,5.189729480960723e-21,0.9999999999969303,1.0563438720261609e-14,2.897503653457909e-12,1.9571333679376896e-35
5590,1,1,0.9999971992319636,0.9999971992319636,1.5096979323284465e-11,7.61508986412836e-09,1.7102334959354178e-10,2.7929668261260672e-06,7.3011438801512245e-34
5591,1,1,0.9999971928310536,0.9999971928310536,1.5110707707781677e-11,7.644914699224585e-09,1.7164231089538276e-10,2.7993372787692676e-06,7.28639041497431e-34
5592,4,4,0.9999362263239127,1.8696158786418745e-05,7.989141694536234e-07,2.5915232044968582e-05,0.9999362263239127,1.836337108659079e-05,4.374837499404296e-22
5593,6,6,0.967243467707262,0.005946628705405084,0.005912822889593485,0.0073863079583206545,4.870768515238226e-05,0.01346206505426644,0.967243467707262
5594,5,5,0.9872000241038867,5.092318748673985e-05,0.0009454343332872453,2.452474600080186e-07,3.594635894061677e-05,0.9872000241038867,0.011767426768938698
5595,5,5,0.9881929935437544,5.116331708942281e-05,0.0009749084257722773,2.530898499276646e-07,3.618419299167684e-05,0.9881929935437544,0.010744497430542354
5596,1,1,0.9999972004954727,0.9999972004954727,1.5058459905708038e-11,7.616296703066326e-09,1.7102840431641678e-10,2.791702143733955e-06,7.237066688938389e-34
5597,2,2,0.9859258357994821,3.862530640691518e-06,0.9859258357994821,0.005099469777115248,4.9952038216420936e-06,0.008965836688940266,2.3305490317734718e-23
5598,4,4,0.9999361513284578,1.8706569442185768e-05,7.992389663639938e-07,2.5964784813989235e-05,0.9999361513284578,1.83780783197208e-05,4.37652812312431e-22
5599,3,3,0.9999999999969246,1.6185981888275744e-13,5.19997393133463e-21,0.9999999999969246,1.0573509668075508e-14,2.9030608274208e-12,1.9672805376595913e-35
5601,3,3,0.9999999999969248,1.6188583863514668e-13,5.2047790689904874e-21,0.9999999999969248,1.0580097011064068e-14,2.9027993830256344e-12,1.9639364697192938e-35
5602,1,1,0.9999971820217569,0.9999971820217569,1.5170208992983966e-11,7.699513740893022e-09,1.7262224504674707e-10,2.8100909369666973e-06,7.34209926188241e-34
5603,3,3,0.9999999999969235,1.6205799385062432e-13,5.208198861481257e-21,0.9999999999969235,1.059343449167925e-14,2.9039235221367143e-12,1.9640249275783857e-35
5608,2,2,0.985791010233778,3.927945332277132e-06,0.985791010233778,0.0051487618839448236,5.064009058557619e-06,0.009051235927886354,2.4121468194446635e-23
5610,5,5,0.9869412080879315,5.086424376916823e-05,0.0009412889345872818,2.436769404248515e-07,3.587611385964923e-05,0.9869412080879315,0.012030518942911999
5613,4,4,0.9999362626851596,1.867879870254114e-05,7.988488074325269e-07,2.590488888926221e-05,0.9999362626851596,1.8354778441296802e-05,4.370883531866348e-22
5614,2,2,0.9859272493228163,3.863607520175671e-06,0.9859272493228163,0.00509263228381458,4.994422216836993e-06,0.008971260363632216,2.329975341146209e-23
5615,5,5,0.9870990987886523,5.1089220325598015e-05,0.0009374182669814326,2.455659597586577e-07,3.594849464594699e-05,0.9870990987886523,0.011876199663434898
5616,5,5,0.9870639167899905,5.100833338892467e-05,0.0009414812774637307,2.455297817760128e-07,3.59567592332405e-05,0.9870639167899905,0.011907391310141863
5617,1,1,0.9999971948038727,0.9999971948038727,1.510067736318636e-11,7.642425421638542e-09,1.715162327354878e-10,2.7973670848655645e-06,7.274668626695297e-34
5618,1,1,0.999997140905155,0.999997140905155,1.562917483382335e-11,7.855196499298001e-09,1.7595370295553482e-10,2.851048065698726e-06,8.139545358477105e-34
5620,1,1,0.9999971956966498,0.9999971956966498,1.5099872068517446e-11,7.63290744860466e-09,1.7135948295450236e-10,2.7964839833799615e-06,7.265378163033687e-34
5622,4,4,0.9999362369769424,1.8696680651378727e-05,7.987541064182618e-07,2.590865187467164e-05,0.9999362369769424,1.8358936425135316e-05,4.3697522933391185e-22
5624,2,2,0.9857111052096442,3.946055105014669e-06,0.9857111052096442,0.005189104028089528,5.093789239196295e-06,0.009090750917922072,2.4157736277651318e-23
5625,3,3,0.999999999996929,1.6164001240604989e-13,5.191897348388938e-21,0.999999999996929,1.0564817887017897e-14,2.8987391410685155e-12,1.9610487551897376e-35
5626,3,3,0.9999999999969247,1.6195086202941034e-13,5.205048164926911e-21,0.9999999999969247,1.058803968916883e-14,2.9027631702700866e-12,1.963543430153664e-35
5627,5,5,0.986989053221809,5.093388154044111e-05,0.0009425124114381496,2.44755000121515e-07,3.593669767480758e-05,0.986989053221809,0.011981319032537572
5629,4,4,0.9999362375284602,1.8686509754983237e-05,7.98581017214063e-07,2.592387986495745e-05,0.9999362375284602,1.835350090260892e-05,4.369167620437121e-22
5631,5,5,0.9870757577957594,5.09484917905891e-05,0.0009401809641454672,2.47452345848934e-07,3.594151102725561e-05,0.9870757577957594,0.011896923784931486
5632,1,1,0.9999972014325481,0.9999972014325481,1.506784888651012e-11,7.60922648990603e-09,1.7094277315831663e-10,2.790772214784431e-06,7.287718270336004e-34
5634,2,2,0.9859736407867299,3.843662102530932e-06,0.9859736407867299,0.0050771040400476326,4.9731578362024595e-06,0.00894043835328375,2.3163022258989994e-23
5636,2,2,0.9858521941164505,3.894373250345881e-06,0.9858521941164505,0.005134544015668736,5.039279445702228e-06,0.009004328215184744,2.3403131232803963e-23
5637,4,4,0.9999361319543864,1.8719969053394283e-05,8.003961466059409e-07,2.5958037696749068e-05,0.9999361319543864,1.8389642716904447e-05,4.381138317893035e-22
5638,4,4,0.9999362236455998,1.8686585003642795e-05,7.991925101864632e-07,2.5926903851887316e-05,0.9999362236455998,1.8363673034556255e-05,4.377318257649548e-22
5639,1,1,0.9999972013040658,0.9999972013040658,1.5058305779748818e-11,7.607872919774825e-09,1.708571472613857e-10,2.790902145958362e-06,7.232515411953943e-34
5642,4,4,0.9999362120025284,1.8698180559103997e-05,7.984733487038001e-07,2.592897412241019e-05,0.9999362120025284,1.8362369441444855e-05,4.370861880815807e-22
5643,5,5,0.9870840273252514,5.081089888404324e-05,0.0009462435598167098,2.4476710252852056e-07,3.592186164230624e-05,0.9870840273252514,0.011882751587302972
5644,4,4,0.9999362505964269,1.8685698659689935e-05,7.986622427449213e-07,2.5910093654628138e-05,0.9999362505964269,1.8354949016081903e-05,4.367294193882861e-22
5648,1,1,0.9999972005645962,0.9999972005645962,1.505768456582335e-11,7.611514669071927e-09,1.7095694370980857e-10,2.7916378745096945e-06,7.227506513904139e-34
5649,5,5,0.989964490744185,5.2196519720509e-05,0.001019622316603185,2.7096551618642024e-07,3.677508708102388e-05,0.989964490744185,0.008926644366894068
5652,3,3,0.9999999999969237,1.620332179341815e-13,5.205132246636671e-21,0.9999999999969237,1.0583543291494071e-14,2.903779970204396e-12,1.964625810251959e-35
5653,5,5,0.9870966930653108,5.094487676019753e-05,0.0009377173580880124,2.4546730176036437e-07,3.593413019613083e-05,0.9870966930653108,0.01187846510234317
5656,2,2,0.9859431108442687,3.8466409875733755e-06,0.9859431108442687,0.005090489701049027,4.983138978939089e-06,0.008957569674715895,2.3278547713145186e-23
5658,1,1,0.9999971937269817,0.9999971937269817,1.5095195845470952e-11,7.641363777277859e-09,1.7145686914906983e-10,2.7984451025225377e-06,7.267011741224151e-34
5659,1,1,0.9999971981569482,0.9999971981569482,1.5084001038479014e-11,7.62365997690146e-09,1.7113886552998553e-10,2.7940331689320135e-06,7.2738906672992626e-34
5660,3,3,0.9999999999968844,1.6421980706159663e-13,5.313547042444711e-21,0.9999999999968844,1.0715342754743671e-14,2.940669517283595e-12,2.020616299511554e-35
5661,4,4,0.999936218144322,1.8689595195197104e-05,7.987682509116141e-07,2.5936372325037104e-05,0.999936218144322,1.835711990690477e-05,4.375778720194866e-22
5662,4,4,0.9999361901447554,1.870997480574983e-05,7.990318736199815e-07,2.5930038387162614e-05,0.9999361901447554,1.8370810178121126e-05,4.368282116281704e-22
5664,5,5,0.9872714037920336,5.082940244660614e-05,0.000947487742687111,2.4482438570799843e-07,3.591023352211644e-05,0.9872714037920336,0.011694124004924839
5665,1,1,0.9999971968533153,0.9999971968533153,1.509785654748766e-11,7.627502600176076e-09,1.7122127045729688e-10,2.7953328630209315e-06,7.284432863158238e-34
5667,5,5,0.98786174824403,5.0945803946344265e-05,0.000964502664567351,2.4986977894601017e-07,3.6086611462026716e-05,0.98786174824403,0.011086466806215401
5668,2,2,0.9859703977702446,3.842202915560492e-06,0.9859703977702446,0.0050678677016919105,4.980418687702713e-06,0.008952911906460255,2.3391691034536785e-23
5669,4,4,0.9999361868575091,1.8705819786617507e-05,7.997475953538242e-07,2.5926297022926032e-05,0.9999361868575091,1.838127808601462e-05,4.387120660163658e-22
5671,5,5,0.9873420121250684,5.082095677620326e-05,0.0009479793801845101,2.4583846030468173e-07,3.593634579742154e-05,0.9873420121250684,0.011623005353713032
5672,3,3,0.9999999999969182,1.6249287974948704e-13,5.2247786578885395e-21,0.9999999999969182,1.0621269168480566e-14,2.9086476622578308e-12,1.9681577194918771e-35
5674,5,5,0.9878734188104457,5.102982993499573e-05,0.0009598543104215977,2.5085526304931667e-07,3.609251358467898e-05,0.9878734188104457,0.011079353680350033
5676,2,2,0.9859707761629137,3.842518056645117e-06,0.9859707761629137,0.00507831330707952,4.974594136785152e-06,0.008942093417813343,2.3199149391822602e-23
5677,3,3,0.999999999996923,1.6217367286793327e-13,5.205087766538893e-21,0.999999999996923,1.0586731509458201e-14,2.9042537150282654e-12,1.9645154289622637e-35
5678,5,5,0.9880396192768326,5.315834871470606e-05,0.0009973898808014053,2.703949497992075e-07,3.692650674891605e-05,0.9880396192768326,0.010872635591952593
5680,5,5,0.9869825961088396,5.087089151372329e-05,0.0009401770045596503,2.4447267169226956e-07,3.5896039818391006e-05,0.9869825961088396,0.011990215482596893
5681,1,1,0.9999972005328078,0.9999972005328078,1.507018935129858e-11,7.606483105260823e-09,1.7083016058468353e-10,2.791674808816394e-06,7.257567654696922e-34
5683,6,6,0.9671780810587562,0.005961392800903099,0.005939190360964648,0.007379460661675296,4.883928138413001e-05,0.013493035836316593,0.9671780810587562
5684,6,6,0.9675785310255857,0.0058832604899402155,0.005873346265816897,0.007288185241836219,4.822680446914256e-05,0.013328450172351871,0.9675785310255857
5685,2,2,0.9860119927454474,3.832951359976499e-06,0.9860119927454474,0.0050535315419084955,4.960375532523365e-06,0.00892568238575174,2.3223775560649102e-23
5686,5,5,0.9870547805912574,5.094553618223302e-05,0.0009386220742205846,2.446191820090076e-07,3.591453552902863e-05,0.9870547805912574,0.011919492643628739
5688,1,1,0.9999971884251291,0.9999971884251291,1.5134182211123735e-11,7.657310416343382e-09,1.7185790622173784e-10,2.803730568442506e-06,7.308262625606149e-34
5690,5,5,0.9871651880894595,5.07971140951374e-05,0.0009472673309097518,2.442960610237915e-07,3.592428777340752e-05,0.9871651880894595,0.011800578881701123
5691,6,6,0.9673425896375953,0.005923960465460847,0.00590714437530085,0.007353974814935554,4.859263875070075e-05,0.013423738067956709,0.9673425896375953
5692,2,2,0.9859734068970354,3.844995444097498e-06,0.9859734068970354,0.005073013578782848,4.973366030974329e-06,0.008944761162706557,2.3224495335707675e-23
5693,2,2,0.9859950096450841,3.832149821537281e-06,0.9859950096450841,0.0050571358777542815,4.963615366359225e-06,0.008939058711973672,2.3386775574365137e-23
5695,5,5,0.9874567785107631,5.0882357007053475e-05,0.0009529994286190584,2.475795342957872e-07,3.602747593883141e-05,0.9874567785107631,0.011503064648137653
5696,3,3,0.9999999999969189,1.6238317384387403e-13,5.2216846121858236e-21,0.9999999999969189,1.0612745575496749e-14,2.90803427923312e-12,1.9687358989203542e-35
5697,4,4,0.9999361180079642,1.871748785221073e-05,7.998743430298739e-07,2.5976888733231143e-05,0.9999361180079642,1.838774110736554e-05,4.386797174849097e-22
5699,4,4,0.9999362015931315,1.8692825891369715e-05,7.990389260265716e-07,2.5939019560440524e-05,0.9999362015931315,1.8367522490704957e-05,4.386976094857812e-22
5700,6,6,0.9647495020951469,0.006411523955413325,0.0063311581018364056,0.007938674924844085,5.266982029931598e-05,0.014516471102460021,0.9647495020951469
5702,1,1,0.9999971877933218,0.9999971877933218,1.5132078322857848e-11,7.662838686359706e-09,1.7194968341650763e-10,2.8043567576643135e-06,7.308184123073305e-34
5703,3,3,0.9999999999969184,1.621353430145771e-13,5.212793056331817e-21,0.9999999999969184,1.0586002523082639e-14,2.908967317419591e-12,1.9756953492254378e-35
5704,5,5,0.9871162064554828,5.071418087553665e-05,0.0009466793560976383,2.446213429456001e-07,3.587911491948275e-05,0.9871162064554828,0.011850276271281619
5705,3,3,0.9999999999969262,1.620279677580516e-13,5.202690267453224e-21,0.9999999999969262,1.058545344058499e-14,2.9012656219249897e-12,1.9604292067918076e-35
5706,3,3,0.999999999996929,1.6160656888342793e-13,5.190270225788223e-21,0.999999999996929,1.0558017275911307e-14,2.898829880780589e-12,1.9606576045447068e-35
5708,5,5,0.9870106608823968,5.091297837351171e-05,0.0009420104492607863,2.448562868414738e-07,3.594926332884589e-05,0.9870106608823968,0.011960221570353285
5709,1,1,0.9999972014203184,0.9999972014203184,1.5055181648724694e-11,7.612434069975083e-09,1.709096062057349e-10,2.7907812827367917e-06,7.249447069055136e-34
5710,5,5,0.9871236415706435,5.0975466169740544e-05,0.0009339644417767636,2.46744599955615e-07,3.5930232535002386e-05,0.9871236415706435,0.011855241544275122
5711,5,5,0.9871010456053582,5.087339439568891e-05,0.0009427599445253774,2.44280092243366e-07,3.590751188622571e-05,0.9871010456053582,0.01186916926374237
5712,4,4,0.9999362615115305,1.8679280961839594e-05,7.981690025621146e-07,2.5914222514915615e-05,0.9999362615115305,1.8346815990240306e-05,4.368670708661619e-22
5714,3,3,0.9999999999969248,1.620878938239574e-13,5.207401430224092e-21,0.9999999999969248,1.0597709726375497e-14,2.9026172016418792e-12,1.961059629007054e-35
5716,2,2,0.9860008617295543,3.829129086797025e-06,0.9860008617295543,0.005037138194102976,4.965079834232175e-06,0.008953205867421744,2.350219626412885e-23
5718,1,1,0.9999972006147109,0.9999972006147109,1.5051279635189647e-11,7.612470640267726e-09,1.7089267689136467e-10,2.791586874571249e-06,7.227446442692588e-34
5719,5,5,0.987029294308864,5.0835440728039395e-05,0.0009411391975508338,2.439393129391104e-07,3.5889449284589765e-05,0.987029294308864,0.011942597664259619
5720,2,2,0.9859344048396852,3.854337134420868e-06,0.9859344048396852,0.005095340435974994,4.990241106701039e-06,0.008961410146098608,2.3134902095179918e-23
5721,6,6,0.9673114367624824,0.005919554977010033,0.005922859087706153,0.007345416160751953,4.868703607145303e-05,0.013452045975977945,0.9673114367624824
5722,2,2,0.9859137465803507,3.8611265021808474e-06,0.9859137465803507,0.005108049344432601,4.998424592623794e-06,0.008969344524121788,2.318488522772084e-23
5723,4,4,0.9999362414736155,1.869833029068795e-05,7.990558025903279e-07,2.5900534270944142e-05,0.9999362414736155,1.836060602030108e-05,4.37441017862655e-22
5727,3,3,0.9999999999969296,1.6167081829993365e-13,5.190489077701677e-21,0.9999999999969296,1.056191843293947e-14,2.8982498696986827e-12,1.9573497495380824e-35
5728,3,3,0.9999999999969256,1.6196002091707667e-13,5.1997682290026124e-21,0.9999999999969256,1.0575977430949685e-14,2.90185305072441e-12,1.9630398987292297e-35
5729,2,2,0.9859387004273199,3.847817689820597e-06,0.9859387004273199,0.00508174889771673,4.987701515243864e-06,0.00897071515575828,2.3457293135461205e-23
5730,5,5,0.9870170341948737,5.0902996898523395e-05,0.0009388194583963679,2.447194579848623e-07,3.590830252480082e-05,0.9870170341948737,0.011957090327848573
5731,5,5,0.9870322756645823,5.0893442555567505e-05,0.0009376959759769479,2.447884194326227e-07,3.589802365456338e-05,0.9870322756645823,0.011942992104811244
5734,3,3,0.9999999999969108,1.6295801948075345e-13,5.246053634367577e-21,0.9999999999969108,1.0641954532249575e-14,2.9155770966824232e-12,1.9766391281419716e-35
5736,4,4,0.9999362896497359,1.8671425062244735e-05,7.980940899909103e-07,2.5901176232768262e-05,0.9999362896497359,1.8339654879097082e-05,4.363415477306979e-22
5737,3,3,0.999999999996896,1.6306343031750807e-13,5.263685483476385e-21,0.999999999996896,1.0662047699229734e-14,2.930220713107086e-12,2.010520085253043e-35
5739,5,5,0.9870288586680093,5.0852952225478224e-05,0.0009412547874094228,2.439749519121982e-07,3.58879224856465e-05,0.9870288586680093,0.011942901694918268
5740,5,5,0.9870505365877,5.089079426035569e-05,0.0009411459746189237,2.4400101324468996e-07,3.589869496060354e-05,0.9870505365877,0.011921283947446815
5741,3,3,0.9999999999967812,1.7024697539855008e-13,5.605437539780327e-21,0.9999999999967812,1.1111288075995734e-14,3.0374640970834248e-12,2.1438890366680252e-35
5743,4,4,0.9999362555199536,1.868767721476739e-05,7.985347406230497e-07,2.5905358285189196e-05,0.9999362555199536,1.8352909805852645e-05,4.367947338265025e-22
5744,1,1,0.9999972007308359,0.9999972007308359,1.5059752617293287e-11,7.606790081873736e-09,1.7087225442899522e-10,2.7914764421135284e-06,7.231314854767894e-34
5745,1,1,0.999997196237621,0.999997196237621,1.5089737954200244e-11,7.629190103513811e-09,1.7125409546721689e-10,2.7959468451125044e-06,7.2636733599027705e-34
5746,5,5,0.987015784010871,5.0916945034339295e-05,0.0009437757283552729,2.446977039394391e-07,3.5927150241532834e-05,0.987015784010871,0.011953351467793963
5747,2,2,0.985964556606931,3.844534226221443e-06,0.985964556606931,0.005070298944031443,4.9760067152165645e-06,0.008956323908096073,2.3380293532138995e-23
5749,2,2,0.986017412343739,3.830489704555553e-06,0.986017412343739,0.005047567081049246,4.960666073410809e-06,0.008926229419433905,2.3323643428193898e-23
5750,2,2,0.9860017187982539,3.832072647256361e-06,0.9860017187982539,0.005060648225023565,4.9628923383181976e-06,0.008928838011736944,2.3123668924171942e-23
5755,6,6,0.9665155431578473,0.006103851099273672,0.006038450195357873,0.0075240932907133865,4.981763819228228e-05,0.013768244618615486,0.9665155431578473
5757,5,5,0.9871998233094467,5.0841798343105745e-05,0.0009485848988741981,2.4457296200821296e-07,3.5928218501925e-05,0.9871998233094467,0.011764577201872175
5759,3,3,0.9999999999969218,1.6209378702553016e-13,5.2054777135655384e-21,0.9999999999969218,1.0578396855804461e-14,2.9055671828421113e-12,1.972126911511551e-35
5760,1,1,0.9999972006536992,0.9999972006536992,1.5061360870147434e-11,7.612121350485109e-09,1.7093942889902946e-10,2.791548178603351e-06,7.231101650975772e-34
5762,3,3,0.9999999999969256,1.619647047092367e-13,5.1980126199898975e-21,0.9999999999969256,1.0574009984853705e-14,2.9018681653298537e-12,1.9641758680378804e-35
5765,5,5,0.9869261081397556,5.113943081016964e-05,0.0009463368196937806,2.4602490630970133e-07,3.597160149347633e-05,0.9869261081397556,0.012040197983340733
5766,4,4,0.9999361868927349,1.8703646869704652e-05,7.997066161611653e-07,2.5935385189729466e-05,0.9999361868927349,1.837436858959401e-05,4.391239793106406e-22
5767,5,5,0.9871016949878023,5.109486290670522e-05,0.000941945928633963,2.451396232358156e-07,3.596231541871546e-05,0.9871016949878023,0.011869056765615168
5768,1,1,0.999997200822474,0.999997200822474,1.506121837082152e-11,7.609801742972509e-09,1.7088099058515033e-10,2.7913817820291145e-06,7.225285655523212e-34
5769,3,3,0.999999999996917,1.6226429524020241e-13,5.216557722894789e-21,0.999999999996917,1.0600477627074214e-14,2.9100704278917465e-12,1.977527641921506e-35
5770,2,2,0.9858845919934247,3.884785843420935e-06,0.9858845919934247,0.005098767213124054,5.018894743461098e-06,0.009007737112864305,2.3990655724173504e-23
5772,2,2,0.9858734200449758,3.882510535594432e-06,0.9858734200449758,0.00511340527559955,5.018715232672378e-06,0.0090042734536564,2.3646125201406257e-23
5773,2,2,0.9859871991619079,3.838994464953418e-06,0.9859871991619079,0.0050661926946662505,4.9696679137406e-06,0.008937799481047207,2.318236213931839e-23
5775,1,1,0.999997201433928,0.999997201433928,1.507120068079834e-11,7.609194670599354e-09,1.7085150901189552e-10,2.7907709545804356e-06,7.2651864949641995e-34
5777,2,2,0.9859335892181985,3.859077434222567e-06,0.9859335892181985,0.005096971032581935,4.992976940053128e-06,0.008960587694845305,2.3228882598925763e-23
5779,1,1,0.9999972014185822,0.9999972014185822,1.5056548620521158e-11,7.61081495150821e-09,1.7089437064778108e-10,2.7907846520134185e-06,7.22805594889502e-34
5780,5,5,0.9870605374846766,5.0766880723574875e-05,0.0009441211139578364,2.446251765044213e-07,3.588464059082551e-05,0.9870605374846766,0.011908445254874618
5783,2,2,0.9860079751203163,3.82996885221959e-06,0.9860079751203163,0.0050526775819087506,4.9594820546028e-06,0.008930557846868177,2.3157716735615794e-23
5784,3,3,0.9999999999968989,1.629762478838318e-13,5.257198554336945e-21,0.9999999999968989,1.0655431080756481e-14,2.927413520194879e-12,2.0037452638589637e-35
5785,5,5,0.9869996188409426,5.089796052013797e-05,0.0009376617495141746,2.450279870506059e-07,3.591297970740336e-05,0.9869996188409426,0.011975663441328676
5786,1,1,0.9999972021229495,0.9999972021229495,1.505971766977845e-11,7.607424237511679e-09,1.70839266049461e-10,2.7900837273483585e-06,7.246244298134664e-34
5787,5,5,0.9869376867862425,5.0878374936325364e-05,0.000942417244119532,2.440253405506086e-07,3.5911796334738164e-05,0.9869376867862425,0.012032861773026413
5789,6,6,0.966352991662339,0.006133082440438197,0.006060796308067554,0.007570237379716237,5.01276638995052e-05,0.013832764545539585,0.966352991662339
5790,2,2,0.9859463944632024,3.84424048793008e-06,0.9859463944632024,0.005071963305110133,4.983016176130291e-06,0.008972814975023306,2.361070946841626e-23
5791,6,6,0.9667795387373848,0.006040639962015355,0.006000508743674864,0.007468728658477549,4.94459359582563e-05,0.013661137962489234,0.9667795387373848
5793,2,2,0.9859167561796447,3.846495122749753e-06,0.9859167561796447,0.005103568039980061,4.985405185899158e-06,0.00897084388006667,2.3404271616325714e-23
5794,6,6,0.9676767393848406,0.005855683732623496,0.0058624629972481085,0.007266628952365191,4.8085249944913824e-05,0.013290399682977776,0.9676767393848406
5795,5,5,0.987288841384083,5.0821655179625004e-05,0.0009500537108989825,2.452417965431553e-07,3.593421993022477e-05,0.987288841384083,0.011674103788111652
5796,6,6,0.9657856590084336,0.006207244146470281,0.006173792274505507,0.007701154905809858,5.0960723009390144e-05,0.014081188941771404,0.9657856590084336
5797,3,3,0.9999999999969288,1.618270411547596e-13,5.193028097453652e-21,0.9999999999969288,1.0578084084451602e-14,2.898749519353119e-12,1.9581804797706492e-35
5800,3,3,0.9999999999969245,1.6205201424811562e-13,5.206248377091559e-21,0.9999999999969245,1.058726048915541e-14,2.902869775579518e-12,1.963481345039321e-35
5803,5,5,0.9872610086296114,5.0868974224791295e-05,0.0009487416202754617,2.4577211933063314e-07,3.5964179677830675e-05,0.9872610086296114,0.011703170824091176
5805,2,2,0.9860026066717849,3.8309647670682124e-06,0.9860026066717849,0.0050598200150988,4.963801377439531e-06,0.008928778546971878,2.310878949475987e-23
5806,5,5,0.9871614906896093,5.1175035022986285e-05,0.0009399457749012815,2.4668448206459514e-07,3.601970801526131e-05,0.9871614906896093,0.011811122107969077
5807,1,1,0.9999972015530131,0.9999972015530131,1.5049512598735773e-11,7.610798495829843e-09,1.7085137798664108e-10,2.7906502875689724e-06,7.224577768825019e-34
5811,6,6,0.9659444515581801,0.006218711073462837,0.006126544084599261,0.007651176680034146,5.0665767709905186e-05,0.014008450836013816,0.9659444515581801
5812,1,1,0.9999971818572554,0.9999971818572554,1.5270228202757257e-11,7.676683782839978e-09,1.7244455998921395e-10,2.810278346049381e-06,7.539847093857503e-34
5813,2,2,0.9859954697001931,3.829200604506008e-06,0.9859954697001931,0.005048251234436537,4.9652380534711614e-06,0.008947484626712313,2.3379038435714927e-23
5819,3,3,0.999999999996807,1.6792925031208086e-13,5.5462514290816116e-21,0.999999999996807,1.0985756962113948e-14,3.0140651990536326e-12,2.1091456145832697e-35
5821,2,2,0.9859736724463027,3.843794798136054e-06,0.9859736724463027,0.005074653707668476,4.97357978994757e-06,0.008942856471440826,2.3217291641333904e-23
5822,4,4,0.9999362709091145,1.8688192241549178e-05,7.986830089052152e-07,2.589065030644684e-05,0.9999362709091145,1.8351565328571856e-05,4.367046193795431e-22
5824,1,1,0.9999971965704423,0.9999971965704423,1.5075682356141362e-11,7.630141668840932e-09,1.7127997318614625e-10,2.795613060342643e-06,7.247107130361098e-34
5825,3,3,0.9999999999969222,1.6212047196976192e-13,5.2056873608946006e-21,0.9999999999969222,1.0582392967356846e-14,2.905136884704558e-12,1.9676079019393127e-35
5826,2,2,0.9860065692925829,3.82748170011491e-06,0.9860065692925829,0.005055444187450027,4.959283044946162e-06,0.008929199755222028,2.3117765178992252e-23
5827,2,2,0.9859903094741931,3.8353702475796915e-06,0.9859903094741931,0.005068744495284928,4.967819113039103e-06,0.008932142841161306,2.3095263850465805e-23
5828,4,4,0.9999362433389758,1.866906882528656e-05,7.975542723176122e-07,2.594648154294999e-05,0.9999362433389758,1.8343556383643232e-05,4.364672758469402e-22
5829,3,3,0.9999999999969293,1.6176408171673612e-13,5.191646771721493e-21,0.9999999999969293,1.0567307378944941e-14,2.89831880472969e-12,1.9618457270693112e-35
5830,3,3,0.9999999999969214,1.6232138477809755e-13,5.2123244134780195e-21,0.9999999999969214,1.0598114299976349e-14,2.9057695637541595e-12,1.9648743621730353e-35
5831,6,6,0.9639228012824501,0.0065615154514242525,0.006452621682641633,0.008160934458579223,5.461713856505018e-05,0.014847509986339812,0.9639228012824501
5832,1,1,0.9999972021582267,0.9999972021582267,1.5065955797931342e-11,7.59817373650893e-09,1.707199888247023e-10,2.7900578135847424e-06,7.268078487609569e-34
5834,3,3,0.9999999999968789,1.6471811626338701e-13,5.334301435565265e-21,0.9999999999968789,1.0803563006459986e-14,2.945516888793307e-12,2.0082292007824775e-35
5837,3,3,0.9999999999969145,1.6257552080884185e-13,5.2301011724672204e-21,0.9999999999969145,1.061562289197866e-14,2.912442524715105e-12,1.9744917805809762e-35
5839,1,1,0.9999972015927697,0.9999972015927697,1.5053329754598275e-11,7.610667667263556e-09,1.70850974987514e-10,2.7906106583380207e-06,7.2380713550066715e-34
5842,4,4,0.9999362014734785,1.870987495242828e-05,7.992891714689854e-07,2.5919840139066105e-05,0.9999362014734785,1.8369522258514836e-05,4.376272864040205e-22
5843,4,4,0.9999362150965103,1.870591647020206e-05,7.989292368843353e-07,2.5915044650413302e-05,0.9999362150965103,1.836501313224128e-05,4.373730119491884e-22
5844,5,5,0.9882526867134827,5.3205897170201855e-05,0.0009838552365850502,2.714548685117312e-07,3.727587656946043e-05,0.9882526867134827,0.010672704821324147
5845,1,1,0.9999972012092941,0.9999972012092941,1.5058430247673494e-11,7.613894086746501e-09,1.709742469576884e-10,2.790990779144795e-06,7.231582453774031e-34
5846,1,1,0.9999972009827197,0.9999972009827197,1.5049291711119492e-11,7.61099674311761e-09,1.708707548839752e-10,2.7912203635538654e-06,7.217482828596481e-34
5849,2,2,0.9859631924190411,3.8514894275610545e-06,0.9859631924190411,0.005080132862475077,4.9810449948637066e-06,0.008947842184061262,2.3231077172202075e-23
5851,6,6,0.9675434925538293,0.00588663589395707,0.005874890341189486,0.007308791573244462,4.829349590712274e-05,0.013337896141872583,0.9675434925538293
5853,4,4,0.9999362351088154,1.8685773836721933e-05,7.977802311137781e-07,2.5932841331105544e-05,0.9999362351088154,1.8348495785747534e-05,4.362044197498785e-22
5856,4,4,0.9999361774679945,1.8695021034257476e-05,7.990090215621841e-07,2.5958681311645635e-05,0.9999361774679945,1.836982063802628e-05,4.37758966938618e-22
5857,5,5,0.9871368874489203,5.0799259769902684e-05,0.0009439032690398776,2.451247903065511e-07,3.5942158346717434e-05,0.9871368874489203,0.01183222273913303
5858,3,3,0.9999999999969114,1.6255569974291155e-13,5.231734395701286e-21,0.9999999999969114,1.0612522628952122e-14,2.9154516252365932e-12,1.983208067305268e-35
5859,3,3,0.999999999996921,1.6220644391284739e-13,5.2123449499869206e-21,0.999999999996921,1.0594219637710669e-14,2.906271198976522e-12,1.9691337342234248e-35
5862,3,3,0.9999999999969255,1.6178662401482232e-13,5.2003022045906694e-21,0.9999999999969255,1.0583873382085052e-14,2.9022501489067626e-12,1.9663452637325323e-35
5863,4,4,0.9999362333798897,1.8683290990919197e-05,7.98612166561669e-07,2.593125678125439e-05,0.9999362333798897,1.8353460171561093e-05,4.371440185338114e-22
5864,1,1,0.9999971996270295,0.9999971996270295,1.507371155331301e-11,7.616455605675968e-09,1.7102100474381624e-10,2.7925704202409944e-06,7.246192381960125e-34
5865,5,5,0.9874479129894393,5.1287337063836917e-05,0.000927568044280102,2.5272246367013445e-07,3.6064211780746035e-05,0.9874479129894393,0.01153691469497232
5866,6,6,0.9671718676902298,0.005950011686533363,0.00593385923854064,0.007402122831586861,4.8922984974900596e-05,0.013493215568134499,0.9671718676902298
5868,1,1,0.9999971961407067,0.9999971961407067,1.507509277576866e-11,7.639541571014042e-09,1.7137500456052704e-10,2.7960333017189586e-06,7.255684349259744e-34
5870,3,3,0.9999999999969238,1.6195897438948443e-13,5.203896216351803e-21,0.9999999999969238,1.0580229866896304e-14,2.9037818040609655e-12,1.9680333296511803e-35
5871,3,3,0.999999999996924,1.619171570376946e-13,5.203375925224574e-21,0.999999999996924,1.0584140203362376e-14,2.9035354844875817e-12,1.967994323910052e-35
5872,3,3,0.9999999999969142,1.6259136971990554e-13,5.227156122524986e-21,0.9999999999969142,1.0627352543917303e-14,2.9125955883899072e-12,1.9774795027005936e-35
5873,1,1,0.9999972032718698,0.9999972032718698,1.505041775586319e-11,7.600830467853065e-09,1.7072619006796134e-10,2.7889415231464495e-06,7.223270538362306e-34
5875,5,5,0.9895768173911607,5.181846135838153e-05,0.0010050502708498627,2.655718415800068e-07,3.659345734746563e-05,0.9895768173911607,0.009329454847442081
5878,1,1,0.9999968381654294,0.9999968381654294,1.8518156286967973e-11,8.986708980891227e-09,1.9899652909759076e-10,3.1526303469988817e-06,1.0074536714487282e-33
5879,2,2,0.9859830393098847,3.8368435328012485e-06,0.9859830393098847,0.0050637164217002244,4.968517455280296e-06,0.008944438907427027,2.3169340466930362e-23
5880,6,6,0.9672056374185733,0.005939580595162459,0.0059306550169076514,0.007400641734192923,4.8791316432993124e-05,0.013474693918730735,0.9672056374185733
5881,4,4,0.9999361782283019,1.8690855051105097e-05,7.991022394551372e-07,2.5961256933900094e-05,0.9999361782283019,1.837055747366517e-05,4.380377132488828e-22
5882,5,5,0.987179559172326,5.095410133659542e-05,0.0009439892288440679,2.4449627964024166e-07,3.5921201126074885e-05,0.987179559172326,0.01178933180008757
5885,1,1,0.9999971892871962,0.9999971892871962,1.5122766251306817e-11,7.660270056375827e-09,1.7190005678356124e-10,2.802865511017996e-06,7.292165294555006e-34
5886,6,6,0.9674075742581857,0.0059136475935015805,0.005903041641623638,0.007328376141527494,4.849874540145939e-05,0.013398861619760198,0.9674075742581857
5888,3,3,0.9999999999969247,1.6200566678245987e-13,5.2034526986967615e-21,0.9999999999969247,1.0581177943788544e-14,2.902746004348056e-12,1.961762317233133e-35
5889,4,4,0.9999361438989424,1.8716331994166e-05,7.985875095434663e-07,2.5965773859739157e-05,0.9999361438989424,1.8375407694279554e-05,4.371767330506769e-22
5890,4,4,0.9999362629332786,1.8681081481208902e-05,7.985112511805115e-07,2.5905559777771923e-05,0.9999362629332786,1.835191421113932e-05,4.366002860346869e-22
5891,2,2,0.9859829430190834,3.837993983822706e-06,0.9859829430190834,0.005063176568089956,4.969734740618478e-06,0.008945072684102216,2.3192834651393104e-23
5893,5,5,0.9869936823584537,5.0766375475235615e-05,0.0009413299588211791,2.437924355948373e-07,3.586350225487585e-05,0.9869936823584537,0.01197811401255943
5894,2,2,0.9858014728398907,3.9309196245739825e-06,0.9858014728398907,0.005141398249327375,5.053419380909996e-06,0.009048144571776336,2.499077229525358e-23
5895,1,1,0.9999971934045938,0.9999971934045938,1.5147765333111083e-11,7.644992114380284e-09,1.7169713617438227e-10,2.7987635692672724e-06,7.400004791683541e-34
5897,5,5,0.9875953253427089,5.081694622194901e-05,0.0009583909094806218,2.471791198063962e-07,3.598961552493179e-05,0.9875953253427089,0.011359230006943808
5898,6,6,0.9675214328608283,0.0058899130034179405,0.005880352288075805,0.007310723159051849,4.831463156635986e-05,0.013349264057059822,0.9675214328608283
5900,4,4,0.9999362400899263,1.8684267816846675e-05,7.988475635987205e-07,2.5918450843128135e-05,0.9999362400899263,1.8358343850139465e-05,4.384031154517071e-22
5901,3,3,0.9999999999962941,1.9546304658562156e-13,7.043555059704246e-21,0.9999999999962941,1.271669156793427e-14,3.4977270699873463e-12,2.997819978802187e-35
5903,4,4,0.9999362308118245,1.8686605765614313e-05,7.986430586429316e-07,2.5925504116930322e-05,0.9999362308118245,1.8358435234378234e-05,4.379276569884657e-22
5904,3,3,0.9999999999969272,1.6177899456500218e-13,5.197690663429941e-21,0.9999999999969272,1.0569154014461307e-14,2.900420988320821e-12,1.96010078645801e-35
5907,5,5,0.9871514513976684,5.105319880970091e-05,0.000939946538203362,2.4633806445512185e-07,3.597418804471769e-05,0.9871514513976684,0.011821328339209472
5908,1,1,0.9999972018197281,0.9999972018197281,1.507228352624064e-11,7.606781545662568e-09,1.7086298501109764e-10,2.7903875551498785e-06,7.281156817551362e-34
5909,4,4,0.9999362168396806,1.8682126685878257e-05,7.990006361760146e-07,2.5939139061900192e-05,0.9999362168396806,1.8362893935425417e-05,4.3828722129706765e-22
5910,1,1,0.9999971930743359,0.9999971930743359,1.5104631386376548e-11,7.640086144102481e-09,1.7151277946355087e-10,2.7990989606391055e-06,7.291234722087526e-34
5911,3,3,0.999999999996926,1.617435570638409e-13,5.197481775894991e-21,0.999999999996926,1.057050580575543e-14,2.901639449560371e-12,1.9659193901383204e-35
5913,3,3,0.999999999996915,1.6260529985276159e-13,5.228539789729878e-21,0.999999999996915,1.0619468520485508e-14,2.9116754256054564e-12,1.973196770685711e-35
5915,5,5,0.9870952157706137,5.09019140455674e-05,0.000942189825509777,2.4414392744449776e-07,3.590618253796087e-05,0.9870952157706137,0.01187554216336563
5916,4,4,0.9999362411453979,1.8684362587735816e-05,7.984187593656787e-07,2.5925043752037763e-05,0.9999362411453979,1.8351029502983482e-05,4.370028828879708e-22
5918,2,2,0.9859894918791291,3.835418684808633e-06,0.9859894918791291,0.005066990332030321,4.966793753298468e-06,0.0089347155764026,2.31005176117061e-23
5919,3,3,0.9999999999969243,1.620394866097644e-13,5.2089666167056415e-21,0.9999999999969243,1.0601094288904052e-14,2.903005116455169e-12,1.9638228337590276e-35
5920,6,6,0.9661415213198923,0.006151971971890684,0.006109184411264488,0.0076254202028905385,5.04474348816797e-05,0.013921454659180339,0.9661415213198923
5922,5,5,0.9869904338802254,5.087951903858208e-05,0.0009394097701354856,2.443925404406589e-07,3.590869065252092e-05,0.9869904338802254,0.011983123747407525
5924,3,3,0.9999999999969243,1.6192511146801171e-13,5.199008387983649e-21,0.9999999999969243,1.0573188449241612e-14,2.9032118195362797e-12,1.967311773614099e-35
5925,5,5,0.98701499947953,5.0857951544661226e-05,0.0009374830460260128,2.451127535192941e-07,3.5901473587361385e-05,0.98701499947953,0.011960512936558376
5926,3,3,0.9999999999969281,1.617754685865533e-13,5.197023294213233e-21,0.9999999999969281,1.0577926088543449e-14,2.8995225513920977e-12,1.962821019371867e-35
5928,4,4,0.9999362312846093,1.869946742175912e-05,7.985310999163044e-07,2.5912383280366357e-05,0.9999362312846093,1.8358333588674963e-05,4.367841974607095e-22
5929,4,4,0.9999362559240681,1.868547596041976e-05,7.991414290411764e-07,2.5902668316339502e-05,0.9999362559240681,1.8356790226152037e-05,4.377672902535755e-22
5930,5,5,0.9871132993345456,5.0945699297845454e-05,0.0009417274511284088,2.4509282402096264e-07,3.594648482609216e-05,0.9871132993345456,0.01185783593737803
5931,3,3,0.9999999999969236,1.6179202507579905e-13,5.202240206769196e-21,0.9999999999969236,1.0577372701081835e-14,2.9041061799585883e-12,1.971868485923252e-35
5932,3,3,0.9999999999969202,1.6232085378928835e-13,5.2185621034232865e-21,0.9999999999969202,1.0599567724852114e-14,2.906888474257852e-12,1.9679302927451592e-35
5934,3,3,0.9999999999969216,1.6197237860803685e-13,5.2067610692017614e-21,0.9999999999969216,1.0582099876289835e-14,2.9058692228682748e-12,1.9728993633091135e-35
5935,5,5,0.9870884630663097,5.073992630154044e-05,0.000941954268242926,2.441315001996437e-07,3.586942179486032e-05,0.9870884630663097,0.011882729185850737
5937,1,1,0.9999971955073208,0.9999971955073208,1.509518071164398e-11,7.631669864313922e-09,1.7139413840262408e-10,2.796674520036867e-06,7.263502050087998e-34
5938,2,2,0.9858247884190047,3.887681926326146e-06,0.9858247884190047,0.005126490598401131,5.031885822355497e-06,0.009039801414845578,2.4101835491792706e-23
5939,2,2,0.9859904673583257,3.835776094783911e-06,0.9859904673583257,0.005069768173665074,4.967080624534746e-06,0.008930961611289773,2.3142682394677976e-23
5940,3,3,0.9999999999969161,1.6246911930222789e-13,5.221519060893417e-21,0.9999999999969161,1.0602827765199026e-14,2.910731005858798e-12,1.9743695190263321e-35
5942,3,3,0.9999999999967939,1.693026613363078e-13,5.567791095591578e-21,0.9999999999967939,1.1125559331936374e-14,3.02579551634019e-12,2.1326225059330178e-35
5943,4,4,0.9999361999757269,1.869492670788114e-05,7.982974241762954e-07,2.594472471971414e-05,0.9999361999757269,1.8362075421315597e-05,4.377649434046519e-22
5944,3,3,0.9999999999968885,1.6412286389223918e-13,5.301058926868988e-21,0.9999999999968885,1.0714166916683982e-14,2.93669325067666e-12,2.0061897983814613e-35
5945,1,1,0.9999972027051405,0.9999972027051405,1.504241004515819e-11,7.609880653412655e-09,1.7084806469083912e-10,2.789499088441843e-06,7.2266061972595535e-34
5946,4,4,0.9999361260759522,1.8726050825385665e-05,7.99195006083171e-07,2.596354808760989e-05,0.9999361260759522,1.8385130128772454e-05,4.371995364180661e-22
5947,1,1,0.999997197905518,0.999997197905518,1.507234336922068e-11,7.624425043008716e-09,1.711847792856306e-10,2.7942837997876956e-06,7.239889308380265e-34
5949,2,2,0.9860100490557255,3.826655775135904e-06,0.9860100490557255,0.005052137310448081,4.958269933229908e-06,0.008929028708118096,2.3137096681501135e-23
5950,4,4,0.9999361350064714,1.8717048466860273e-05,7.998212236632593e-07,2.5961384672961366e-05,0.9999361350064714,1.8386739165152473e-05,4.377705600243263e-22
5952,2,2,0.9859938034039317,3.844264605929279e-06,0.9859938034039317,0.005055664595127558,4.971824690804377e-06,0.008941715911643933,2.3675607515150954e-23
5954,6,6,0.9676983672727969,0.0058575633771358855,0.005851548424765112,0.0072671276114371205,4.8047932397328274e-05,0.0132773453814676,0.9676983672727969
5955,4,4,0.9999361877387716,1.870820409584202e-05,7.987298039550369e-07,2.5936186910349804e-05,0.9999361877387716,1.83691404183678e-05,4.368898595091093e-22
5957,3,3,0.9999999999969196,1.6235927157546516e-13,5.215151024542086e-21,0.9999999999969196,1.0601392811222902e-14,2.907560527151372e-12,1.9655335183852856e-35
5959,5,5,0.9876059883887863,5.124736712560544e-05,0.0009268488945096464,2.549675548936023e-07,3.6080449802883376e-05,0.9876059883887863,0.011379579932220649
5960,4,4,0.9999362588356301,1.8673590447204258e-05,7.978663102280903e-07,2.5927135995926744e-05,0.9999362588356301,1.8342571616623973e-05,4.360981809058148e-22
5961,3,3,0.9999999999969247,1.6203445456467053e-13,5.204957289381476e-21,0.9999999999969247,1.0583883404225957e-14,2.9027749769863727e-12,1.9605631825381156e-35
5962,1,1,0.9999971977135688,0.9999971977135688,1.5071761003316766e-11,7.628392451705002e-09,1.7127045776943236e-10,2.7944716965961942e-06,7.2445774353862e-34
5964,1,1,0.9999971932731752,0.9999971932731752,1.5104620224916796e-11,7.643788266961367e-09,1.715424434823561e-10,2.7988963894926673e-06,7.2759256674405165e-34
5965,4,4,0.9999362331758661,1.868095765610608e-05,7.98163667777369e-07,2.5934206556971298e-05,0.9999362331758661,1.8353496253095734e-05,4.372880528011955e-22
5966,5,5,0.9876904650360344,5.106664433458073e-05,0.0009644392519027716,2.510350466679733e-07,3.6089585940177325e-05,0.9876904650360344,0.011257688446741318
5967,4,4,0.9999362752956955,1.86912336130108e-05,7.989271606575443e-07,2.5883099002635943e-05,0.9999362752956955,1.8351444528187664e-05,4.375764844656006e-22
5968,4,4,0.9999361443071533,1.872815978214446e-05,8.010967176613104e-07,2.5929193156435716e-05,0.9999361443071533,1.8397243190532043e-05,4.3805429845075805e-22
5969,4,4,0.9999362401805366,1.8690255119001797e-05,7.979558027879963e-07,2.592066148235138e-05,0.9999362401805366,1.8350947059247975e-05,4.364701496818422e-22
5970,5,5,0.9873156998547716,5.086455405388369e-05,0.0009494299481635585,2.461207359109307e-07,3.596396197750784e-05,0.9873156998547716,0.011647795560297491
5972,2,2,0.9858717121386887,3.867409399323966e-06,0.9858717121386887,0.005099740453306531,5.009866753690993e-06,0.00901967013185184,2.3969047342398452e-23
5973,2,2,0.9860090050175276,3.826820971296478e-06,0.9860090050175276,0.00505550008531435,4.959737793162057e-06,0.008926708338393681,2.3123799210507696e-23
5975,5,5,0.9872110034861792,5.113678279530002e-05,0.0009405943285706011,2.4640127567499103e-07,3.599851615645631e-05,0.9872110034861792,0.011761020485022845
5976,3,3,0.9999999999969258,1.6193542777864266e-13,5.2053533190406124e-21,0.9999999999969258,1.0592499935487044e-14,2.901782677172503e-12,1.962316450052683e-35
5977,6,6,0.966534776339446,0.006072056423781452,0.006040327941739589,0.007533890831503748,4.991795919452773e-05,0.013769030504334671,0.966534776339446
5981,5,5,0.9871480826966988,5.1025336254221434e-05,0.0009344525922551627,2.473482724901881e-07,3.5953038185157184e-05,0.9871480826966988,0.011830238988334144
5983,2,2,0.9859446515198049,3.862579061201986e-06,0.9859446515198049,0.0050877110860186835,4.990303336506544e-06,0.008958784511778685,2.334995247711906e-23
5984,6,6,0.9673105353864715,0.0059307387410420295,0.0059041914931812645,0.00737217235793821,4.863433548448438e-05,0.013433727685882635,0.9673105353864715
5985,2,2,0.9859251175958219,3.861634923262917e-06,0.9859251175958219,0.005102595427067921,4.995255751788074e-06,0.008963430086435128,2.3403413691083922e-23
5989,5,5,0.9869594728716936,5.104816891734997e-05,0.0009485265864668991,2.463025576175519e-07,3.598563334088995e-05,0.9869594728716936,0.012004720437023582
5990,5,5,0.9870761145150544,5.0908985657565415e-05,0.000935975337079859,2.456616991354295e-07,3.5911300390046126e-05,0.9870761145150544,0.011900844200119078
5993,6,6,0.9673859284580142,0.005898100829170297,0.005913096507789114,0.007320932089975861,4.8524740829037145e-05,0.013433417374221554,0.9673859284580142
5996,5,5,0.9870463122706148,5.1071064279926243e-05,0.0009370428960398811,2.466078565961104e-07,3.596920825344692e-05,0.9870463122706148,0.011929357952955442
5997,2,2,0.985873405400923,3.878218709668441e-06,0.985873405400923,0.005113943667673175,5.019962977071819e-06,0.009003752749717134,2.364372750154498e-23
5998,2,2,0.9859499177691017,3.840981045290443e-06,0.9859499177691017,0.005067982671255002,4.9811071331714005e-06,0.00897327747146492,2.355775004268511e-23
5999,2,2,0.9859949105285528,3.8359045542678075e-06,0.9859949105285528,0.005062254278670234,4.965593826274498e-06,0.008934033694396468,2.320205317218569e-23
6002,3,3,0.9999999999969162,1.6259603924043233e-13,5.227148467033755e-21,0.9999999999969162,1.0616561976121933e-14,2.9104637368456632e-12,1.971352207730223e-35
6003,5,5,0.9880115302000314,5.1906409742662204e-05,0.0009266759161623095,2.597838614525062e-07,3.6166173455605455e-05,0.9880115302000314,0.010973461516746589
6004,1,1,0.9999971988023976,0.9999971988023976,1.5091113560323134e-11,7.62179484159074e-09,1.7108763220744064e-10,2.793389628782067e-06,7.281272014386533e-34
6005,5,5,0.9870950820487008,5.086545723549855e-05,0.0009374586029692452,2.455124788263352e-07,3.590467988458505e-05,0.9870950820487008,0.011880443698731069
6007,1,1,0.9999971965162089,0.9999971965162089,1.509221744708169e-11,7.624068298723498e-09,1.7119803858721216e-10,2.795673432489445e-06,7.265843049100799e-34
6008,5,5,0.9906149831463773,5.4057783965900086e-05,0.0008759758035376545,3.205394087829972e-07,3.73171131681025e-05,0.9906149831463773,0.008417345613542274
6010,3,3,0.9999999999969184,1.6236757530053173e-13,5.220349191176294e-21,0.9999999999969184,1.0605929340053282e-14,2.908693731439387e-12,1.970828678360898e-35
6011,5,5,0.9886254004479615,5.131169514989784e-05,0.000990001357024968,2.5706505389506947e-07,3.636573995908387e-05,0.9886254004479615,0.010296663694850617
6013,2,2,0.9858313623794824,3.890475264427196e-06,0.9858313623794824,0.005147289807801487,5.030282733475287e-06,0.009012427054718311,2.3367231422104494e-23
6014,2,2,0.9859807948606903,3.836335656127749e-06,0.9859807948606903,0.005040004715457405,4.9739369232361606e-06,0.008970390151272916,2.3786283791860873e-23
6015,4,4,0.9999362556058127,1.8692693774777776e-05,7.991782567190863e-07,2.5894302168192624e-05,0.9999362556058127,1.8358219987696323e-05,4.372443369248386e-22
6016,5,5,0.9871911038405962,5.0834323265859077e-05,0.0009458622609218177,2.4481656383149854e-07,3.5927894582282265e-05,0.9871911038405962,0.011776026864070043
6020,6,6,0.9677030387642508,0.005848594413002026,0.005856551544929334,0.007266969710926887,4.805744171828264e-05,0.013276788125172651,0.9677030387642508
6021,1,1,0.9999972013200591,0.9999972013200591,1.5048892688343076e-11,7.608777895429841e-09,1.7083541249982625e-10,2.7908852786248075e-06,7.231426885815205e-34
6022,1,1,0.9999972004476085,0.9999972004476085,1.5057821658504365e-11,7.61539759548634e-09,1.7099767889020314e-10,2.7917509382598166e-06,7.240722122678778e-34
6023,2,2,0.9860092139269874,3.829059205588388e-06,0.9860092139269874,0.005045355688135589,4.962185351146883e-06,0.0089366391403203,2.3320383997084293e-23
6028,6,6,0.9669582460191427,0.006001383842524621,0.005974822403321883,0.007427705943033728,4.91910269938451e-05,0.013588650764983163,0.9669582460191427
6029,4,4,0.9999362141012458,1.8704687021334268e-05,7.995849615984529e-07,2.59122402914309e-05,0.9999362141012458,1.8369386479858997e-05,4.378258055989916e-22
6030,6,6,0.9677028235335113,0.005857101044577522,0.005854986996680444,0.007259589499298646,4.8036130250415575e-05,0.013277462795681611,0.9677028235335113
6031,1,1,0.9999972010820393,0.9999972010820393,1.5046863127112884e-11,7.613226417376407e-09,1.7089558577334874e-10,2.791118791851161e-06,7.2240451092426915e-34
6032,2,2,0.9858516998535273,3.886292594832063e-06,0.9858516998535273,0.005122464868867514,5.030402843466908e-06,0.009016918582167016,2.3610533430984248e-23
6033,6,6,0.9672904975855116,0.005936928873302993,0.005922453666738723,0.007352854906636492,4.861847124059394e-05,0.013448646496569641,0.9672904975855116
6034,3,3,0.9999999999966825,1.7586925813999884e-13,5.887047324942147e-21,0.9999999999966825,1.1432419475508437e-14,3.1301671410110216e-12,2.3542657744434606e-35
6035,6,6,0.9673448461551174,0.005925985579971482,0.005911263683903764,0.007344716382284911,4.858236347135876e-05,0.013424605835251156,0.9673448461551174
6036,1,1,0.9999971785604411,0.9999971785604411,1.5295605121296997e-11,7.70197734530887e-09,1.7278482829856497e-10,2.813549501041911e-06,7.624385543796849e-34
6038,1,1,0.999997204473311,0.999997204473311,1.5039160757081166e-11,7.589537591472653e-09,1.705413470503719e-10,2.787751570960504e-06,7.221588713850685e-34
6040,6,6,0.9669716493808799,0.005981851154785084,0.005979369220748836,0.007418575303672384,4.914845092313927e-05,0.013599406488990703,0.9669716493808799
6041,3,3,0.9999999999969226,1.620096566446999e-13,5.20609496297122e-21,0.9999999999969226,1.0586403051538488e-14,2.9049071557165753e-12,1.9671361153678683e-35
6042,3,3,0.9999999999969255,1.6185129586616204e-13,5.1989586672492004e-21,0.9999999999969255,1.0574116807354275e-14,2.902088848056767e-12,1.9652566608317364e-35
6043,3,3,0.9999999999969306,1.6163784064308092e-13,5.1885330156107155e-21,0.9999999999969306,1.0564911324373641e-14,2.8972711679408674e-12,1.9559379910471716e-35
6044,3,3,0.9999999999969261,1.6178356898634786e-13,5.1963346120533336e-21,0.9999999999969261,1.0566226101040114e-14,2.901568517717881e-12,1.9644464507406904e-35
6046,3,3,0.9999999999969211,1.6231605916899488e-13,5.212533067817399e-21,0.9999999999969211,1.0595668349835164e-14,2.9060403624265342e-12,1.9654978271686613e-35
6047,1,1,0.9999971970125311,0.9999971970125311,1.5075964027586827e-11,7.629948649151958e-09,1.7122050320232783e-10,2.795171223888253e-06,7.2501065697947666e-34
6053,5,5,0.9870302393729666,5.1084120121486326e-05,0.000942417752407,2.453307909301409e-07,3.5950797399056574e-05,0.9870302393729666,0.011940062626314881
6054,1,1,0.9999971953825111,0.9999971953825111,1.5084457539599423e-11,7.636899177876811e-09,1.7142995487342542e-10,2.796794075179185e-06,7.263367287553864e-34
6055,1,1,0.9999971862729952,0.9999971862729952,1.5153412037922043e-11,7.661150135206433e-09,1.7196351311768032e-10,2.8058787377257674e-06,7.33123245080366e-34
6056,3,3,0.9999999999969261,1.6194781794225327e-13,5.201530477496814e-21,0.9999999999969261,1.0581847519547305e-14,2.9013527304097316e-12,1.9601284029884135e-35
6057,5,5,0.9869360406544092,5.0904029032476604e-05,0.0009425562722842399,2.443901627462441e-07,3.59178834683436e-05,0.9869360406544092,0.012034336770643004
6059,1,1,0.9999971972493756,0.9999971972493756,1.510775367391099e-11,7.625271880630275e-09,1.7136759786436954e-10,2.7949388771567714e-06,7.3235431399205e-34
6060,5,5,0.987628709586874,5.126034969932728e-05,0.0009640138545518039,2.5217914452602106e-07,3.613522494759559e-05,0.987628709586874,0.011319628804782714
6061,6,6,0.9671418640403688,0.005964850159313208,0.00594344593029657,0.0073915939098037915,4.8854964518401274e-05,0.013509390995699182,0.9671418640403688
6067,5,5,0.9874120806310758,5.104941964532529e-05,0.00093408424264192,2.5088631148488507e-07,3.5983935468171165e-05,0.9874120806310758,0.011566550884857404
6068,1,1,0.9999972036124142,0.9999972036124142,1.503885923459625e-11,7.603060845837309e-09,1.7069741476217555e-10,2.788598788700684e-06,7.217384930976033e-34
6070,4,4,0.9999362416290837,1.8682540150844793e-05,7.988814692416861e-07,2.592024796029054e-05,0.9999362416290837,1.8356701335962147e-05,4.373769064935043e-22
6071,2,2,0.9859611083658807,3.849682757551313e-06,0.9859611083658807,0.005081909686780478,4.979234670355758e-06,0.008948153029911006,2.323004157985848e-23
6073,2,2,0.9859665461496974,3.8472438318241415e-06,0.9859665461496974,0.005079573687833149,4.978676607938238e-06,0.00894505424202966,2.3118119973036443e-23
6074,3,3,0.9999999999969301,1.6161308312284327e-13,5.1858040154935144e-21,0.9999999999969301,1.0556330934947612e-14,2.897649635493666e-12,1.9623120958950368e-35
6075,6,6,0.9665493419222524,0.006100880095316042,0.006019844750528352,0.0075286015985273165,4.969372001084377e-05,0.013751637913365028,0.9665493419222524
6076,4,4,0.9999361469028767,1.869492886116753e-05,7.988544143461508e-07,2.5984975907579887e-05,0.9999361469028767,1.837433794026661e-05,4.375477245263284e-22
6078,4,4,0.9999356723619103,1.877132669512374e-05,7.996328652667471e-07,2.6289306448325065e-05,0.9999356723619103,1.846737208097017e-05,4.389221488199721e-22
6079,2,2,0.9858820581664246,3.866887900424957e-06,0.9858820581664246,0.0051254832964377625,5.003473874890363e-06,0.00898358817536224,2.3318809235236594e-23
6080,1,1,0.9999972025089429,0.9999972025089429,1.504343819497706e-11,7.606098226304658e-09,1.7075868492933892e-10,2.78969915686916e-06,7.218148024099694e-34
6082,1,1,0.9999972001734054,0.9999972001734054,1.506648491676722e-11,7.613397112055993e-09,1.7094166613878204e-10,2.7920271891961186e-06,7.245879825732168e-34
6083,2,2,0.9858883994940238,3.874321562021041e-06,0.9858883994940238,0.005101107251420005,5.012282238889718e-06,0.009001606650755238,2.3881181941865965e-23
6084,4,4,0.99993622549506,1.8690053510007395e-05,7.988051426730067e-07,2.5924956524583604e-05,0.99993622549506,1.8360689762737053e-05,4.371032969313974e-22
6085,4,4,0.999936036310382,1.87251025442414e-05,8.015084155912142e-07,2.602095383325264e-05,0.999936036310382,1.8416124824846573e-05,4.416223323819918e-22
6086,3,3,0.9999999999969263,1.6196621005379976e-13,5.198572022376337e-21,0.9999999999969263,1.0576303874667167e-14,2.901145639530907e-12,1.959205722329472e-35
6088,2,2,0.9859644809614788,3.846851771040372e-06,0.9859644809614788,0.005080913091542884,4.97735127913884e-06,0.008945781743928159,2.326074661498045e-23
6089,1,1,0.9999972012928878,0.9999972012928878,1.505517645977164e-11,7.611608880723363e-09,1.7092778998612314e-10,2.790909520309886e-06,7.23974428582407e-34
6090,2,2,0.9859122929958376,3.8654710175910705e-06,0.9859122929958376,0.005100012985069336,5.00278827376575e-06,0.008978825759801653,2.3431203555259632e-23
6091,2,2,0.9860007124932829,3.832007558467286e-06,0.9860007124932829,0.005050737769780688,4.965464523567505e-06,0.008939752264854406,2.3387872410961107e-23
6092,4,4,0.9999361753860426,1.8703070989624925e-05,8.001867534053497e-07,2.5941919046595616e-05,0.9999361753860426,1.837943716779727e-05,4.381240137895427e-22
6093,2,2,0.9859392939403269,3.859364285919267e-06,0.9859392939403269,0.00509215631695939,4.993255711510817e-06,0.00895969712271647,2.3416021687432742e-23
6095,3,3,0.9999999999969214,1.619307220517986e-13,5.209557199716649e-21,0.9999999999969214,1.0586758246720486e-14,2.906132591348315e-12,1.9716682917099285e-35
6096,2,2,0.9858837646794533,3.878720331977948e-06,0.9858837646794533,0.005119350538528937,5.015571408966418e-06,0.008987990490276846,2.341527295617049e-23
6099,5,5,0.9870461953017793,5.088497555379335e-05,0.0009411478079240187,2.4418704553118293e-07,3.592070135653948e-05,0.9870461953017793,0.011925607026340873
6100,5,5,0.987082833148088,5.0878496705195864e-05,0.000947615526371115,2.4463195867877625e-07,3.589312752363404e-05,0.987082833148088,0.01188253506935344
6101,1,1,0.9999971989552415,0.9999971989552415,1.5067398589200886e-11,7.623682020759289e-09,1.7114599132215546e-10,2.7932348630699126e-06,7.252526459979375e-34
6102,4,4,0.9999362487170562,1.8686733515594788e-05,7.978240808976831e-07,2.5919471513717705e-05,0.9999362487170562,1.834725383355419e-05,4.361192908382304e-22
6103,2,2,0.9859505841570819,3.853035728070812e-06,0.9859505841570819,0.0050751015679876,4.985761177740708e-06,0.008965475478024744,2.366775499253974e-23
6104,6,6,0.9673916875121344,0.005911246331125986,0.005907289134259457,0.007331800968578308,4.8547494201014585e-05,0.013409428559700834,0.9673916875121344
6106,4,4,0.9999362275715605,1.8690230495722385e-05,7.986681379996911e-07,2.592504743973558e-05,0.9999362275715605,1.8358482365971072e-05,4.371498066423091e-22
6107,6,6,0.9675487421097234,0.005881969646129354,0.005880234316558968,0.007303786955728925,4.8293231341290817e-05,0.013336973740518104,0.9675487421097234
6109,2,2,0.9860152728064603,3.823797093054483e-06,0.9860152728064603,0.0050511471125736064,4.9550652685144505e-06,0.008924801218604601,2.313201833427055e-23
6110,1,1,0.9999971947044555,0.9999971947044555,1.511934802148043e-11,7.642747124113554e-09,1.716386946797446e-10,2.7974660393949817e-06,7.338555375972029e-34
6113,1,1,0.9999972001314064,0.9999972001314064,1.5059246211331417e-11,7.615285663466777e-09,1.7096235211763225e-10,2.7920672864273663e-06,7.238416325481848e-34
6115,3,3,0.9999999999969242,1.6186477744155988e-13,5.2022672594251206e-21,0.9999999999969242,1.0581806832965308e-14,2.9033086087228034e-12,1.9683110135918773e-35
6116,3,3,0.999999999996922,1.6208392855060164e-13,5.209745813247986e-21,0.999999999996922,1.0601134192110562e-14,2.9053045040466293e-12,1.9651960826528426e-35
6117,2,2,0.9857883493050409,3.93051769281007e-06,0.9857883493050409,0.00515260569958249,5.060862958157954e-06,0.00905005361472569,2.4994258425067542e-23
6118,3,3,0.9999999999969269,1.6178693900741891e-13,5.1986948344306824e-21,0.9999999999969269,1.0573003646078271e-14,2.900824496385699e-12,1.961310481455894e-35
6122,2,2,0.9860189560949473,3.82117890759958e-06,0.9860189560949473,0.005047266920185404,4.954991044494753e-06,0.008925000814915252,2.3163333606772307e-23
6123,4,4,0.9999361199011431,1.8696400819867634e-05,7.99684220131459e-07,2.5995580518211163e-05,0.9999361199011431,1.8388433298756413e-05,4.386358799725498e-22
6124,1,1,0.9999971920278996,0.9999971920278996,1.5109905761147314e-11,7.647863775660422e-09,1.716227737519207e-10,2.800137503877696e-06,7.268779139658e-34
6127,1,1,0.9999971934653232,0.9999971934653232,1.5095379119572143e-11,7.643631772012904e-09,1.715402170449184e-10,2.7987044094491627e-06,7.264372086092795e-34
6130,4,4,0.9999361453586665,1.8705465708206578e-05,8.005464157904623e-07,2.5958888840019535e-05,0.9999361453586665,1.8389740369502006e-05,4.403354875203711e-22
6132,5,5,0.9651223961937071,0.00011655808271437907,0.03460816261638616,5.753432014424005e-05,9.534487521467268e-05,0.9651223961937071,3.911833500046824e-09
6135,2,2,0.9860133057445456,3.8287209747770675e-06,0.9860133057445456,0.005054980936130157,4.958829317731862e-06,0.00892292576903176,2.3090928605881325e-23
6137,4,4,0.9999361767535756,1.870756090550611e-05,7.991407369551163e-07,2.5943692819016965e-05,0.9999361767535756,1.8372851962915773e-05,4.371404584991294e-22
6138,6,6,0.9663451810860112,0.0061109045090028775,0.006073851859595771,0.0075731810699337385,5.008884938400153e-05,0.013846792626072522,0.9663451810860112
6139,4,4,0.9999361906416454,1.869079781881456e-05,7.978741471056784e-07,2.5961249659508227e-05,0.9999361906416454,1.8359436729091647e-05,4.366931382680804e-22
6140,2,2,0.985676655593931,3.9564404581459336e-06,0.985676655593931,0.005020473905621209,5.119057436193179e-06,0.009293795002553455,2.776013338726276e-23
6143,4,4,0.9999361433244796,1.8699797315744056e-05,7.993824589249908e-07,2.5978230510742883e-05,0.9999361433244796,1.8379265235081594e-05,4.386448383628233e-22
6144,3,3,0.9999999999967177,1.7202073448542238e-13,5.844386979309461e-21,0.9999999999967177,1.129021957430071e-14,3.098995609730287e-12,2.1883586671473296e-35
6145,5,5,0.9872523916023493,5.083119047169578e-05,0.0009495552609214263,2.4557043269672465e-07,3.594669610536151e-05,0.9872523916023493,0.011711029679719522
6146,3,3,0.9999999999969171,1.6259181608922082e-13,5.2221997326291706e-21,0.9999999999969171,1.0612132885496683e-14,2.9096929926726467e-12,1.966569119583683e-35
6147,2,2,0.9858947945972029,3.8772092244967335e-06,0.9858947945972029,0.005100659123536371,5.011844943294323e-06,0.008995657225093002,2.3868906110025658e-23
6148,3,3,0.999999999996902,1.633885493980586e-13,5.262096304683332e-21,0.999999999996902,1.0666746283603077e-14,2.9239694136509513e-12,1.9876071105420437e-35
6149,5,5,0.987142044077107,5.087802960457741e-05,0.0009502308979079622,2.449488903853834e-07,3.5931775388340305e-05,0.987142044077107,0.01182067027110172
6150,3,3,0.9999999999968849,1.6463498123992843e-13,5.310534354310395e-21,0.9999999999968849,1.0747512278527454e-14,2.93969264088534e-12,1.995590373515823e-35
6151,6,6,0.9671247817154461,0.005963573285627517,0.005948809715696201,0.007400816589682451,4.894307513530453e-05,0.013513075618412423,0.9671247817154461
6152,4,4,0.9999361905321803,1.8696761607968032e-05,7.986167394046025e-07,2.5952202462904106e-05,0.9999361905321803,1.8361887009448865e-05,4.370296012670797e-22
6153,1,1,0.9999971796972374,0.9999971796972374,1.5297391116965718e-11,7.683210468002567e-09,1.7257186921907673e-10,2.8124316828183434e-06,7.642137183077827e-34
6154,6,6,0.9668389537895987,0.006035912925344102,0.005989627376293069,0.007453434788368698,4.932020243319376e-05,0.013632750917962247,0.9668389537895987
6155,2,2,0.9858216664347259,3.898431868134476e-06,0.9858216664347259,0.005002622383616673,5.052656004203394e-06,0.009166760093785059,2.6445859983839716e-23
6156,3,3,0.9999999999969247,1.6190850244623695e-13,5.202864942655545e-21,0.9999999999969247,1.0577051983643846e-14,2.9029047496370022e-12,1.964164027583427e-35
6157,4,4,0.9999361693096191,1.8722506723463206e-05,7.991652194229665e-07,2.593375432031869e-05,0.9999361693096191,1.837526411761745e-05,4.373521872020632e-22
6158,1,1,0.9999971986714637,0.9999971986714637,1.5091498392849058e-11,7.618604616296044e-09,1.7109307576223184e-10,2.7935237471608565e-06,7.311927557675568e-34
6160,6,6,0.9665552870911583,0.006059059842253519,0.006045886742503595,0.007525903757790903,4.978234550796917e-05,0.013764080220785742,0.9665552870911583
6162,1,1,0.9999971976160965,0.9999971976160965,1.5100120912263227e-11,7.616240274338597e-09,1.7108617282694049e-10,2.794581476923633e-06,7.299611836837832e-34
6165,5,5,0.9871975804247666,5.081076842338396e-05,0.0009456842692668841,2.449293498016463e-07,3.590765250321954e-05,0.9871975804247666,0.011769771955690166
6168,4,4,0.9999361127394057,1.8694312803961316e-05,7.98590798094386e-07,2.6016410864546313e-05,0.9999361127394057,1.837794612771755e-05,4.378714580218699e-22
6171,5,5,0.9872019647043104,5.115714148222594e-05,0.0009353235459587984,2.475523251408228e-07,3.597960619160399e-05,0.9872019647043104,0.011775327449731749
6173,6,6,0.9675266405664991,0.005884489773519987,0.005880494206435975,0.007315052778760285,4.832085390889508e-05,0.013345001820875826,0.9675266405664991
6174,4,4,0.9999361953199729,1.86939446922888e-05,7.99484714899371e-07,2.5939409904705292e-05,0.9999361953199729,1.8371840715163438e-05,4.389311637928194e-22
6178,1,1,0.9999972000836858,0.9999972000836858,1.506073219856358e-11,7.620942088295182e-09,1.7104681990956563e-10,2.7921092645741063e-06,7.246529974105468e-34
6179,3,3,0.9999999999968847,1.6425455083122471e-13,5.310250635029008e-21,0.9999999999968847,1.0730199662157384e-14,2.9403724207645817e-12,2.0097506229331655e-35
6180,1,1,0.9999972047185529,0.9999972047185529,1.5037551411633958e-11,7.595950969367019e-09,1.7058135717291732e-10,2.7874998773138844e-06,7.218769899337199e-34
6181,2,2,0.9859899116587728,3.830627020257358e-06,0.9859899116587728,0.005054330566667167,4.9664929022927605e-06,0.008946960654637567,2.3419384448224008e-23
6182,2,2,0.9859366455042257,3.86338089248446e-06,0.9859366455042257,0.0050919364939421225,4.991852534844686e-06,0.00896256276840481,2.344298665069616e-23
6185,6,6,0.9674085713366396,0.005902057436442308,0.005894989869007555,0.007352142540826713,4.8484338293128575e-05,0.013393754478790643,0.9674085713366396
6186,1,1,0.9999971904214306,0.9999971904214306,1.5122176516769208e-11,7.647067067753858e-09,1.7173621120509133e-10,2.8017446439925588e-06,7.312812008692595e-34
6189,5,5,0.9869895417638982,5.096270823941784e-05,0.0009462844889777793,2.452574125371143e-07,3.5953423790488785e-05,0.9869895417638982,0.011977012357681553
6190,5,5,0.9870911439905141,5.097010141231393e-05,0.0009381432080908679,2.456330376489867e-07,3.595025714648222e-05,0.9870911439905141,0.01188354680979856
6191,4,4,0.9999363011717958,1.86773319064026e-05,7.981649172833438e-07,2.5883311928530432e-05,0.9999363011717958,1.8340019452050414e-05,4.370443918740009e-22
6192,6,6,0.9672367907917789,0.005925639877585612,0.005923813643959726,0.007382259507263703,4.874340881959188e-05,0.013482752770592462,0.9672367907917789
6193,2,2,0.9858858578103484,3.869514057493589e-06,0.9858858578103484,0.005115215499832061,5.005819469622009e-06,0.008990051356292428,2.3419807411097364e-23
6194,4,4,0.9999362357487469,1.8690976875605607e-05,7.986063412962888e-07,2.591745787632832e-05,0.9999362357487469,1.8357210159849732e-05,4.374591427859173e-22
6195,2,2,0.9859768549183688,3.8370402838452165e-06,0.9859768549183688,0.005076114512096104,4.969527318819504e-06,0.00893822400193252,2.3105589005360446e-23
6196,3,3,0.9999999999968945,1.6384110869171473e-13,5.2839588874955675e-21,0.9999999999968945,1.0696770827716205e-14,2.93099741574599e-12,1.994267526173145e-35
6198,3,3,0.9999999999969217,1.6225665695018688e-13,5.211824951615624e-21,0.9999999999969217,1.059750575007384e-14,2.9055273688978536e-12,1.9626004506767723e-35
6199,5,5,0.9871236086609037,5.093119539228039e-05,0.0009418680306223921,2.4489386120765245e-07,3.592529486082644e-05,0.9871236086609037,0.011847421924359584
6201,3,3,0.9999999999969209,1.6206758524471266e-13,5.212545120984868e-21,0.9999999999969209,1.0596793632083476e-14,2.9064163184616195e-12,1.9692350380593765e-35
6202,2,2,0.985884792437568,3.876950020295728e-06,0.985884792437568,0.005014084572861484,5.026523961128303e-06,0.009092219515589188,2.5353644594613432e-23
6203,1,1,0.9999972037524469,0.9999972037524469,1.5051539670742346e-11,7.598326922940514e-09,1.7070467011909132e-10,2.78846346985668e-06,7.238145231531725e-34
6205,2,2,0.9859882864768864,3.835266848848047e-06,0.9859882864768864,0.005067797161885534,4.967137681538403e-06,0.008935113956697627,2.306768327449327e-23
6206,4,4,0.999936199806064,1.8705360426792288e-05,7.986348277111252e-07,2.5930123687236987e-05,0.999936199806064,1.8366074994283536e-05,4.365958158699671e-22
6207,4,4,0.9999361690373535,1.870864883279648e-05,7.986881780620518e-07,2.595366275135876e-05,0.9999361690373535,1.8369962884321927e-05,4.374996615763778e-22
6208,4,4,0.9999361929910843,1.8698574167299747e-05,7.987570078853739e-07,2.59456564878583e-05,0.9999361929910843,1.8364021252634468e-05,4.381638887587861e-22
6209,5,5,0.9870819091533899,5.107588353011407e-05,0.0009398594123812288,2.4537796433453086e-07,3.594685763011516e-05,0.9870819091533899,0.011890963315104341
6212,1,1,0.99999719911767,0.99999719911767,1.5062786283445848e-11,7.623204753245732e-09,1.7110504063161505e-10,2.79307295733585e-06,7.240676141940391e-34
6213,4,4,0.9999360872319057,1.8715471775084395e-05,8.009436033772681e-07,2.5993367155617053e-05,0.9999360872319057,1.840298556027757e-05,4.407061609014315e-22
6215,1,1,0.9999971973024818,0.9999971973024818,1.5078538527624967e-11,7.63385186923294e-09,1.712847248930591e-10,2.7948773030660818e-06,7.248162361608023e-34
6216,2,2,0.9834077724491714,4.954238380375771e-06,0.9834077724491714,0.006230634779691725,6.141965433746694e-06,0.01035049656732273,4.3885424054476814e-23
6217,1,1,0.9999971975188373,0.9999971975188373,1.5080904538130186e-11,7.625187954719924e-09,1.7118878948439422e-10,2.794669704987591e-06,7.267393324658428e-34
6219,2,2,0.9851640905555853,4.221039280507528e-06,0.9851640905555853,0.005227593960572521,5.347779834474549e-06,0.009598746664727162,3.456629701114368e-23
6220,1,1,0.9999971982409732,0.9999971982409732,1.5086849285750938e-11,7.617855213921373e-09,1.7105413832677728e-10,2.7939550305367343e-06,7.267030492619277e-34
6221,3,3,0.999999999996926,1.618776663515993e-13,5.198582406340286e-21,0.999999999996926,1.0571271745070811e-14,2.901618238895926e-12,1.9623018961708974e-35
6222,3,3,0.9999999999968083,1.688244234866251e-13,5.526195656615665e-21,0.9999999999968083,1.1107077024408106e-14,3.0118066299953966e-12,2.0945595102139422e-35
6223,4,4,0.9999361948625566,1.86892229037162e-05,7.994516674394891e-07,2.5943945998394656e-05,0.9999361948625566,1.8372516873976426e-05,4.392584127743804e-22
6225,2,2,0.9860075409197505,3.8279994577913326e-06,0.9860075409197505,0.005050460014588003,4.958416887979496e-06,0.008933212649315831,2.317937800393456e-23
6226,2,2,0.9853688973029463,4.155573295454413e-06,0.9853688973029463,0.005309417439906912,5.262561349201108e-06,0.009312267122502113,2.9697432151425644e-23
6228,1,1,0.9999971983161169,0.9999971983161169,1.50689821358969e-11,7.626134369618895e-09,1.7114491962933637e-10,2.7938715348938746e-06,7.249363825503276e-34
6229,5,5,0.9869297792419043,5.087587248671272e-05,0.0009463684033119564,2.441359443678325e-07,3.590901340505502e-05,0.9869297792419043,0.012036823332947744
6231,6,6,0.9670674946467802,0.0059572960051374685,0.0059741434362963535,0.0073986697246152065,4.8994554975909906e-05,0.013553401632194947,0.9670674946467802
6232,2,2,0.9859628302498943,3.844173352664481e-06,0.9859628302498943,0.00507446408781942,4.979211263434235e-06,0.008953882277670298,2.327309685970543e-23
6233,1,1,0.9999971994999266,0.9999971994999266,1.506436915889224e-11,7.61489492322091e-09,1.7102308654668111e-10,2.7926990909742347e-06,7.251022520499716e-34
6236,4,4,0.9999362375502486,1.8692094296676163e-05,7.985547418715359e-07,2.5915249180554908e-05,0.9999362375502486,1.8356551532305058e-05,4.369291194197138e-22
6238,2,2,0.985961447434373,3.8461106237355045e-06,0.985961447434373,0.005081255928568024,4.9764915738080274e-06,0.008948474034861504,2.3073139256477045e-23
6239,4,4,0.9999362128613909,1.87035737809358e-05,7.990923971065064e-07,2.5920168413031353e-05,0.9999362128613909,1.8364304018115728e-05,4.377248255841774e-22
6240,2,2,0.9859988782666497,3.834884913717851e-06,0.9859988782666497,0.005063872839887171,4.964743825850453e-06,0.008928449264723658,2.3098437395057896e-23
6242,3,3,0.9999999999969251,1.6196561304153035e-13,5.2037813819964944e-21,0.9999999999969251,1.0582913401079928e-14,2.9023760694848073e-12,1.9650813114228863e-35
6243,1,1,0.9999972002629575,0.9999972002629575,1.5066080576206297e-11,7.620321294387187e-09,1.7110561736366917e-10,2.7919305496318295e-06,7.251965806449303e-34
6245,4,4,0.9999362388341155,1.8680757053974923e-05,7.981606533699625e-07,2.5931080485362088e-05,0.9999362388341155,1.8351167691819463e-05,4.369589702977181e-22
6246,1,1,0.9999971870425195,0.9999971870425195,1.5155572448053192e-11,7.652948349434078e-09,1.719390316420871e-10,2.8051174375254125e-06,7.343391277011583e-34
6247,2,2,0.9859533222968401,3.852035374690986e-06,0.9859533222968401,0.005084011324966984,4.986284176846111e-06,0.008953828058641443,2.3326042567470455e-23
6248,2,2,0.9856404353929672,3.993775017192983e-06,0.9856404353929672,0.005222509997004479,5.153416357786477e-06,0.009127907418653458,2.4891348315361998e-23
6249,2,2,0.9859935687299738,3.831844025530172e-06,0.9859935687299738,0.005056099813870644,4.965634197543519e-06,0.00894153397793256,2.3257841869054287e-23
6251,2,2,0.9859430597752178,3.853114119318889e-06,0.9859430597752178,0.005080297215644874,4.99097125589415e-06,0.008967798923762125,2.3494527352318222e-23
6252,1,1,0.9999971993980693,0.9999971993980693,1.5056379156792774e-11,7.623039587601864e-09,1.7107098933187694e-10,2.7927927638795834e-06,7.230305914810059e-34
6254,4,4,0.9999362657006436,1.867435972471043e-05,7.980232346476288e-07,2.591555661790509e-05,0.9999362657006436,1.834635977912091e-05,4.371541231009273e-22
6255,3,3,0.9999999999969205,1.6219010929081062e-13,5.214327487895012e-21,0.9999999999969205,1.0601995998362183e-14,2.906760367187856e-12,1.9662438487284862e-35
6259,4,4,0.9999361540457273,1.87149914669548e-05,7.996497612630383e-07,2.5952006666455275e-05,0.9999361540457273,1.8379306378091915e-05,4.384645955618138e-22
6261,1,1,0.9999971999579279,0.9999971999579279,1.506102586307658e-11,7.614277206746935e-09,1.71030157837631e-10,2.792241703708373e-06,7.247203515642229e-34
6262,1,1,0.9999971408058619,0.9999971408058619,1.5490957463015326e-11,7.796836445305234e-09,1.750495934968176e-10,2.8512067611323813e-06,7.712124629883029e-34
6263,4,4,0.9999361381184583,1.872948194277313e-05,7.996097002779929e-07,2.5945802779502582e-05,0.9999361381184583,1.8386987119145755e-05,4.369671220909486e-22
6264,3,3,0.9999999999969269,1.6176555386025336e-13,5.199306279830993e-21,0.9999999999969269,1.0574505767848916e-14,2.900787716477327e-12,1.9623841797666936e-35
6267,5,5,0.9869175666138593,5.0873906108235426e-05,0.000943152356002335,2.440323092568803e-07,3.591273985973144e-05,0.9869175666138593,0.012052250351861027
6268,1,1,0.9999971999946856,0.9999971999946856,1.5059372080865503e-11,7.6175113116824e-09,1.7102805036834583e-10,2.7922017156861807e-06,7.241900117807484e-34
6269,4,4,0.9999361608260492,1.8720685816669595e-05,7.991479416126227e-07,2.5942286683745286e-05,0.9999361608260492,1.8377053508822434e-05,4.369747459795232e-22
6270,1,1,0.9999971927930754,0.9999971927930754,1.514031630982167e-11,7.644295339028952e-09,1.715457239323118e-10,2.7993759431901148e-06,7.339543060275752e-34
6272,6,6,0.9675862734312899,0.005866382295626322,0.005875247140428498,0.007295149245462986,4.819848235439431e-05,0.013328749404837869,0.9675862734312899
6273,5,5,0.9871114578497966,5.0828707266745816e-05,0.0009429295117418341,2.4404037088791645e-07,3.589637069147068e-05,0.9871114578497966,0.011858643520132444
6274,3,3,0.9999999999969131,1.6278106685417138e-13,5.238363194941918e-21,0.9999999999969131,1.0644826033083075e-14,2.913455962677987e-12,1.9740327740684162e-35
6275,1,1,0.9999971987415114,0.9999971987415114,1.5068613089735148e-11,7.62042578710468e-09,1.710637400623593e-10,2.793451930504052e-06,7.2411735180305614e-34
6276,6,6,0.9662461416823791,0.006100482866074241,0.006042248402764875,0.007683249143354244,5.0244317269916606e-05,0.01387763358815768,0.9662461416823791
6277,3,3,0.9999999999969166,1.6235240848299152e-13,5.226626045379257e-21,0.9999999999969166,1.0626289982320625e-14,2.9104502858607002e-12,1.9710208403441503e-35
6278,5,5,0.9869582198435521,5.089057575424957e-05,0.0009418644839897938,2.450524864958569e-07,3.591542161988072e-05,0.9869582198435521,0.012012864622597416
6279,2,2,0.9859717299221904,3.844163278922534e-06,0.9859717299221904,0.005075928280931791,4.975927392702977e-06,0.008943521706206225,2.3124513674726327e-23
6282,3,3,0.9999999999969307,1.6169168181888928e-13,5.190092069347249e-21,0.9999999999969307,1.056563983820779e-14,2.897091962037754e-12,1.9560784168885475e-35
6283,2,2,0.9856196842772716,3.99169200414853e-06,0.9856196842772716,0.005240306061793394,5.14060504183161e-06,0.009130877363889048,2.4891139560411218e-23
6284,4,4,0.9999361194453302,1.8732291498417024e-05,8.01725615325616e-07,2.5942284887131843e-05,0.9999361194453302,1.8404252668897932e-05,4.403508226833129e-22
6285,5,5,0.9875377410705455,5.149424485816107e-05,0.0009261753568742773,2.545056685987714e-07,3.612025399042454e-05,0.9875377410705455,0.011448214568063168
6287,5,5,0.9869788418316605,5.08606630449687e-05,0.0009402287615308645,2.4484116408435665e-07,3.589572218562032e-05,0.9869788418316605,0.011993928180413876
6288,5,5,0.9871228300036651,5.112073517459292e-05,0.0009367087648954484,2.4719514884616545e-07,3.59951619389154e-05,0.9871228300036651,0.011853098139177126
6289,3,3,0.9999999999969177,1.6228444138919125e-13,5.217578074986219e-21,0.9999999999969177,1.0595560481848567e-14,2.909453328693871e-12,1.97463098645467e-35
6291,1,1,0.999997199052758,0.999997199052758,1.5086748959157496e-11,7.62067636417493e-09,1.711212492123225e-10,2.793140357808317e-06,7.274527127725397e-34
6292,2,2,0.9859739511703384,3.846263617255004e-06,0.9859739511703384,0.005068999414526855,4.975494061628296e-06,0.00894822765745586,2.3201671523473968e-23
6293,4,4,0.9999360093601646,1.8741737337410413e-05,8.004198293837038e-07,2.6035205888769426e-05,0.9999360093601646,1.8413276779886128e-05,4.412264400748983e-22
6294,2,2,0.9859909316137766,3.835233662255352e-06,0.9859909316137766,0.005066208462957896,4.964468271675233e-06,0.008934060221331626,2.307156770621897e-23
6295,4,4,0.9999362791020494,1.8678177508720057e-05,7.983816909163691e-07,2.589755074095524e-05,0.9999362791020494,1.8346788010077384e-05,4.372696328225603e-22
6296,4,4,0.9999360363350699,1.872854230618345e-05,8.005383374377061e-07,2.6023442823007366e-05,0.9999360363350699,1.8411141463516483e-05,4.397886341085674e-22
6297,1,1,0.9999972011858002,0.9999972011858002,1.507184294719939e-11,7.601951118026421e-09,1.7082777456740393e-10,2.791026349175838e-06,7.2636365143843705e-34
6298,3,3,0.9999999999968276,1.6750137350268526e-13,5.484110062303719e-21,0.9999999999968276,1.1007641332512136e-14,2.993897801126218e-12,2.06370645841235e-35
6299,4,4,0.9999360676538944,1.872483714964563e-05,7.985984688337983e-07,2.601880513603216e-05,0.9999360676538944,1.8390105351081647e-05,4.374874886831341e-22
6300,5,5,0.9871555966371713,5.1070741132273056e-05,0.0009365444345906592,2.458460893871913e-07,3.593772765836928e-05,0.9871555966371713,0.01182060461335799
6301,3,3,0.999999999996919,1.6236696825557532e-13,5.2172483324717194e-21,0.999999999996919,1.0597796776398704e-14,2.908101436221486e-12,1.9701590462864684e-35
6302,5,5,0.9887809820878535,5.2617920203944213e-05,0.000906994065754997,2.797907572308743e-07,3.6666022708261335e-05,0.9887809820878535,0.010222460112722069
6303,2,2,0.9859597859200142,3.841735673179929e-06,0.9859597859200142,0.005082241108029577,4.973107616623971e-06,0.00894915812866651,2.352152264570362e-23
6304,4,4,0.9999361221286047,1.8734075274467043e-05,7.999348338262747e-07,2.5953665791936045e-05,0.9999361221286047,1.839019549518698e-05,4.380055861796972e-22
6305,1,1,0.9999971938469262,0.9999971938469262,1.5138877488046885e-11,7.644859522792644e-09,1.7169303362459104e-10,2.7983213823443356e-06,7.377764206658377e-34
6309,1,1,0.9999971974437527,0.9999971974437527,1.5069519728654315e-11,7.62858027195912e-09,1.7120707296799254e-10,2.7947413904374664e-06,7.245090449668566e-34
6310,5,5,0.9870955091136839,5.084491886350862e-05,0.0009416333743346355,2.442515852572537e-07,3.589037499468936e-05,0.9870955091136839,0.011875877966538032
6312,1,1,0.9999971965946973,0.9999971965946973,1.5086832536249433e-11,7.63328609049834e-09,1.7135311402357884e-10,2.795585576570001e-06,7.261451159862205e-34
6314,2,2,0.9859479786041352,3.848971007069411e-06,0.9859479786041352,0.005085198330962218,4.9843683655376326e-06,0.008957989725530136,2.3267499092917157e-23
6315,5,5,0.9870549796918376,5.101936906837407e-05,0.0009362041559326291,2.462561102872511e-07,3.5947016200713934e-05,0.9870549796918376,0.011921603510850398
6316,6,6,0.9607121586755422,0.007005605281243959,0.0071559507624045825,0.008866373774288774,5.857599811663793e-05,0.01620133550840384,0.9607121586755422
6317,5,5,0.9872532942119457,5.102451231485112e-05,0.0009321921621739115,2.4899686042368997e-07,3.5985777561234226e-05,0.9872532942119457,0.011727254339143836
6318,1,1,0.999997201348206,0.999997201348206,1.5046686379808585e-11,7.609567899699664e-09,1.708698032999623e-10,2.7908563097139074e-06,7.230513291699259e-34
6319,5,5,0.9870377706286338,5.08790892640018e-05,0.000940885957060387,2.4435035149955345e-07,3.591574930891993e-05,0.9870377706286338,0.011934304225381335
6320,2,2,0.9860104538019335,3.829813761120004e-06,0.9860104538019335,0.005055010871362037,4.9603313533686985e-06,0.008925745181589952,2.311323071030061e-23
6321,6,6,0.9674608366736187,0.0059004991049014235,0.005892294568642238,0.007316278488505416,4.842258379596594e-05,0.01338166858053629,0.9674608366736187
6322,5,5,0.9869314336655441,5.0758797867705096e-05,0.0009419931059241656,2.432691504906419e-07,3.584409987243442e-05,0.9869314336655441,0.012039727061641114
6323,4,4,0.9999362700956493,1.867999429385931e-05,7.988416838503665e-07,2.590082900937078e-05,0.9999362700956493,1.8350239363675757e-05,4.375627850422867e-22
6324,4,4,0.9999361642977841,1.870920028632071e-05,7.997196210828819e-07,2.5948997135300385e-05,0.9999361642977841,1.8377785173264494e-05,4.38270257917281e-22
6325,6,6,0.9675274728415811,0.005887584775689798,0.0058829544599629845,0.0073039403329852245,4.832113116351494e-05,0.01334972645861731,0.9675274728415811
6326,4,4,0.9999361989722471,1.8699681040226033e-05,7.982404737779034e-07,2.594018917849767e-05,0.9999361989722471,1.8362917060531732e-05,4.363072297270323e-22
6327,3,3,0.999999999686518,1.0946552992885226e-11,1.9409521677633214e-17,0.999999999686518,9.139703111521774e-13,3.016215153027788e-10,9.457336871451763e-32
6328,4,4,0.9999361778694592,1.8719567931383686e-05,7.993089834427287e-07,2.5928934289989666e-05,0.9999361778694592,1.837431933593188e-05,4.375337088699434e-22
6329,2,2,0.986004055191812,3.831211553890888e-06,0.986004055191812,0.00505881273940027,4.962099746659962e-06,0.008928338757487218,2.3062478093016107e-23
6332,1,1,0.9999972015459789,0.9999972015459789,1.5047154464390612e-11,7.611558140941876e-09,1.7091573218312588e-10,2.790656500050812e-06,7.221969568560705e-34
6333,4,4,0.9999362418514043,1.868861907424094e-05,7.986182268761594e-07,2.5916052270421875e-05,0.9999362418514043,1.8354859024151986e-05,4.370351819229921e-22
6335,4,4,0.9999362275104778,1.8698063043084763e-05,7.99203586604891e-07,2.5912952979273045e-05,0.9999362275104778,1.836226991327114e-05,4.374987915734766e-22
6337,5,5,0.986923697269985,5.0885649824834965e-05,0.0009409314772884842,2.435555372374038e-07,3.5881114705636304e-05,0.986923697269985,0.012048360932658791
6338,4,4,0.9999362377314739,1.8693785934905337e-05,7.988444461917017e-07,2.590936780048398e-05,0.9999362377314739,1.836027034458828e-05,4.373960771970411e-22
6340,2,2,0.9859683726660536,3.84633248446601e-06,0.9859683726660536,0.0050713366159745345,4.981119242017028e-06,0.008951463266245276,2.34205993367579e-23
6341,5,5,0.9870066508560146,5.094825302180004e-05,0.0009411711940922231,2.449079861323088e-07,3.593120921127079e-05,0.9870066508560146,0.011965053579674074
6342,1,1,0.9999972026683135,0.9999972026683135,1.5056900226829217e-11,7.602363626466485e-09,1.7077322961911258e-10,2.789543492591229e-06,7.261127346170213e-34
6343,3,3,0.9999999999969227,1.6201853074043017e-13,5.209021214790084e-21,0.9999999999969227,1.0582521724047189e-14,2.904790461375664e-12,1.9656162361234677e-35
6344,2,2,0.9859202151169235,3.862594394440442e-06,0.9859202151169235,0.005090292542180245,4.999358073517784e-06,0.008980630388428248,2.3572122379918405e-23
6346,3,3,0.9999999999969248,1.6182990478540877e-13,5.2046843492525326e-21,0.9999999999969248,1.0580291888988748e-14,2.9027908455684236e-12,1.9637671274171883e-35
6347,2,2,0.9859897266078083,3.8352463317134895e-06,0.9859897266078083,0.005061428808544622,4.967040639998596e-06,0.008940042296675341,2.3201203947928944e-23
6348,1,1,0.9999971979798253,0.9999971979798253,1.507517855675973e-11,7.624038315353132e-09,1.7117169777885406e-10,2.7942098894635744e-06,7.252514480105448e-34
6351,5,5,0.9870471183373486,5.1001778972177495e-05,0.0009396441039462042,2.4507982222504433e-07,3.593562931411372e-05,0.9870471183373486,0.011926055070596605
6352,4,4,0.999936250824033,1.8690651875762875e-05,7.982823588259879e-07,2.5906720105544166e-05,0.999936250824033,1.8353521626797053e-05,4.367428573738337e-22
6353,4,4,0.9999361923438195,1.871334568857389e-05,8.000346710141813e-07,2.5916841645278225e-05,0.9999361923438195,1.837743417574763e-05,4.382956008114183e-22
6354,5,5,0.9869422668448029,5.0866758401848406e-05,0.0009424076437789182,2.439077189163778e-07,3.589753446433352e-05,0.9869422668448029,0.012028317310833116
6355,3,3,0.9999999999969263,1.6186190839543824e-13,5.199265447139855e-21,0.9999999999969263,1.0572045813385452e-14,2.9011843455311172e-12,1.9618063234707983e-35
6357,1,1,0.9999971962468104,0.9999971962468104,1.5081787518084794e-11,7.632177006239058e-09,1.7129780711745484e-10,2.7959346330697603e-06,7.2537285334953725e-34
6358,3,3,0.9999999999969107,1.6301725455651345e-13,5.243984229492964e-21,0.9999999999969107,1.0647024082489472e-14,2.9157345510544674e-12,1.9733889475640815e-35
6359,1,1,0.9999971905052889,0.9999971905052889,1.5134327521379563e-11,7.640669127900869e-09,1.7169578207698572e-10,2.8016672119183277e-06,7.321589452582469e-34
6360,3,3,0.9999999999969263,1.6186704919420088e-13,5.197710770358317e-21,0.9999999999969263,1.0578452824218057e-14,2.901260747699744e-12,1.9642378765771565e-35
6363,1,1,0.99999719213589,0.99999719213589,1.5107588773457032e-11,7.653917244773537e-09,1.7170004102685938e-10,2.800023385153733e-06,7.2723784245841765e-34
6364,5,5,0.9870693285457209,5.085648847980303e-05,0.0009417034833421418,2.446075119710193e-07,3.589230209700227e-05,0.9870693285457209,0.011901974572848126
6365,5,5,0.9872342587446309,5.1223092343283e-05,0.000932728480067144,2.490006956001651e-07,3.6006213227711435e-05,0.9872342587446309,0.011745534469035337
6366,5,5,0.9870192178926118,5.08004753534027e-05,0.0009450485568706157,2.437471866497615e-07,3.590042014084998e-05,0.9870192178926118,0.01194878890783669
6367,3,3,0.9999999999969227,1.6203547032731972e-13,5.207792164809472e-21,0.9999999999969227,1.0583664741858662e-14,2.904789773349667e-12,1.967251075632178e-35
6368,3,3,0.999999999996915,1.627058794411131e-13,5.229834883336135e-21,0.999999999996915,1.0623709678990295e-14,2.9115712120378e-12,1.9722884276563658e-35
6369,6,6,0.967076465974377,0.005966785870455881,0.005960031115062901,0.007413526744588865,4.901548271338782e-05,0.013534174812801954,0.967076465974377
6371,1,1,0.9999971948097895,0.9999971948097895,1.5107466746870837e-11,7.631951136467727e-09,1.7136046270436105e-10,2.7973717914004687e-06,7.317464621915963e-34
6372,4,4,0.9999362056176512,1.8680167469953765e-05,7.974921579033231e-07,2.5965410938889518e-05,0.9999362056176512,1.8351311782139044e-05,4.362329691010674e-22
6373,1,1,0.9999971923903096,0.9999971923903096,1.510950206255135e-11,7.645233729343218e-09,1.7162589052847732e-10,2.7997777212584008e-06,7.275369058245101e-34
6375,6,6,0.9637115038510241,0.006686476359001014,0.006477750861161303,0.008120550272899419,5.388237411597366e-05,0.014949836281798256,0.9637115038510241
6376,2,2,0.9859598900074986,3.850388239519345e-06,0.9859598900074986,0.005078442423773921,4.985041802689775e-06,0.008952832138685352,2.3376994806533943e-23
6377,6,6,0.9669168204402673,0.005993187179404652,0.005990956389253893,0.007446199298067466,4.9232098869643896e-05,0.013603604594137113,0.9669168204402673
6380,5,5,0.9870679528329929,5.090757613436371e-05,0.0009388448739222917,2.448781991598496e-07,3.591252359801735e-05,0.9870679528329929,0.011906137315153295
6381,2,2,0.985974509800368,3.837588358744187e-06,0.985974509800368,0.005076273503662723,4.972699616053745e-06,0.008940406407994431,2.3056220743672572e-23
6383,1,1,0.9999971905019968,0.9999971905019968,1.5143046536607337e-11,7.637478916213496e-09,1.716428146039138e-10,2.8016737385673245e-06,7.325408797348729e-34
6384,5,5,0.9870359390652362,5.099461897047234e-05,0.0009379848314556198,2.4439560014802384e-07,3.589407809171408e-05,0.9870359390652362,0.011938943010645763
6385,3,3,0.999999999996928,1.6187725073099582e-13,5.195567820443684e-21,0.999999999996928,1.0577357455907704e-14,2.899561183106174e-12,1.9598725816012165e-35
6386,5,5,0.9870103808472723,5.0889867484578223e-05,0.0009395361320185811,2.444800593685814e-07,3.589934870707429e-05,0.9870103808472723,0.011963049324458054
6387,5,5,0.9869016374718059,5.087438647498012e-05,0.0009412297519455014,2.4418694520464237e-07,3.589530403502416e-05,0.9869016374718059,0.012070118898793366
6388,3,3,0.9999999999969189,1.6236271889498497e-13,5.220090432917106e-21,0.9999999999969189,1.0606797200375906e-14,2.908099614478394e-12,1.9695313602116895e-35
6390,2,2,0.9859995139907044,3.8311766841300276e-06,0.9859995139907044,0.005063592069691061,4.964279573731743e-06,0.00892809848334671,2.3072171408967107e-23
6392,3,3,0.9999999999969309,1.6164567783448401e-13,5.1898820849573065e-21,0.9999999999969309,1.0568742173878e-14,2.8968739632979072e-12,1.9554373230677996e-35
6393,3,3,0.9999999999969247,1.6205317779227876e-13,5.20456023498071e-21,0.9999999999969247,1.0584540062863944e-14,2.9027096637425142e-12,1.9612018723746145e-35
6395,6,6,0.9665953226547424,0.006082695102591555,0.006030050301767262,0.007504853445058617,4.973071705801773e-05,0.013737347778782215,0.9665953226547424
6396,3,3,0.9999999999969178,1.623088715419734e-13,5.218121960689941e-21,0.9999999999969178,1.060514900936228e-14,2.9092489441784468e-12,1.972259040887074e-35
6398,1,1,0.9999971965749753,0.9999971965749753,1.5085597190246172e-11,7.633979491163781e-09,1.7128538432389638e-10,2.7956046741883735e-06,7.262805273918825e-34
6399,2,2,0.9859708829959303,3.838043135403612e-06,0.9859708829959303,0.0050409015832707,4.977445357916587e-06,0.008979399932305699,2.385677726532398e-23
6400,3,3,0.9999999999969225,1.621871337616272e-13,5.213572959937085e-21,0.9999999999969225,1.0591368416106577e-14,2.9048483523329898e-12,1.9677704413301604e-35
6401,4,4,0.9999362073913701,1.8689541965635276e-05,7.986144916483833e-07,2.5944381856070982e-05,0.9999362073913701,1.8360070316525694e-05,4.37262683949428e-22
6402,2,2,0.9859219169313604,3.85476972096454e-06,0.9859219169313604,0.005029259653525773,4.994975135191738e-06,0.009039973670257648,2.469022698929662e-23
6403,3,3,0.9999999999966112,1.798684571597242e-13,6.1012673814167775e-21,0.9999999999966112,1.1948577500793314e-14,3.1970695401695893e-12,2.3481753222820497e-35
6404,1,1,0.999997198013438,0.999997198013438,1.5067750465145814e-11,7.621951781986519e-09,1.7109408135265527e-10,2.7941784485321913e-06,7.239685669094671e-34
6405,6,6,0.9667645012105548,0.006038759404844759,0.0060066449811675676,0.0074782593504033575,4.945614669787199e-05,0.013662378906331612,0.9667645012105548
6407,2,2,0.9859654202641773,3.849017065883107e-06,0.9859654202641773,0.00507906156122807,4.980082247717347e-06,0.00894668907528113,2.3196086659245677e-23
6408,6,6,0.9670792809094185,0.005955355726332363,0.00595324206612947,0.007398408141134735,4.9027539656463915e-05,0.013564685617328482,0.9670792809094185
6409,6,6,0.9676277847888911,0.0058643475180204015,0.005867545313438273,0.007279489450065238,4.8167052754815654e-05,0.01331266587683021,0.9676277847888911
6410,4,4,0.999936152296813,1.8723741996196907e-05,7.984870065614338e-07,2.5950928793415337e-05,0.999936152296813,1.8374545390859723e-05,4.363369453983891e-22
6412,6,6,0.966894050680876,0.006015469268311528,0.00598734201278002,0.007434503649251028,4.927936422966567e-05,0.013619355024551793,0.966894050680876
6413,2,2,0.9860203394525812,3.825002605347698e-06,0.9860203394525812,0.005045623744702532,4.9544606348839076e-06,0.008925257339476205,2.323000108508093e-23
6414,5,5,0.9876250934440421,5.092712636378022e-05,0.0009587427797769398,2.4838222416682433e-07,3.6023076192219747e-05,0.9876250934440421,0.011328965191400706
6419,4,4,0.9999361427103146,1.869724171099328e-05,7.989369252854437e-07,2.598481017212722e-05,0.9999361427103146,1.837630087702715e-05,4.379168881674175e-22
6420,6,6,0.967464419522205,0.005906600381554048,0.005889043605420698,0.007319849599439598,4.841965843019238e-05,0.013371667232950529,0.967464419522205
6421,4,4,0.9999361868541312,1.8703453298704806e-05,7.99400847397515e-07,2.5936702538182184e-05,0.9999361868541312,1.8373589184578728e-05,4.378862739857062e-22
6422,6,6,0.9654488127949961,0.006301062316530339,0.0062288097752786495,0.007719991709863849,5.143355658553562e-05,0.014249889846745564,0.9654488127949961
6423,4,4,0.9999361972027042,1.8715476191602517e-05,7.990265244463409e-07,2.5917935623317916e-05,0.9999361972027042,1.8370358956497256e-05,4.369985939196958e-22
6425,3,3,0.9999999999969191,1.622482486383386e-13,5.2125294521364056e-21,0.9999999999969191,1.0597687988916436e-14,2.9081615320777645e-12,1.9731180148140256e-35
6426,5,5,0.9870406563975801,5.0794006766256956e-05,0.0009481137509375366,2.4407859252227313e-07,3.589797556661551e-05,0.9870406563975801,0.011924293790556961
6427,4,4,0.9999362079706144,1.868691161649393e-05,7.980397752315061e-07,2.595342129723926e-05,0.9999362079706144,1.8353656696641173e-05,4.367203447610017e-22
6428,4,4,0.9999362263059591,1.869086312395145e-05,7.987290389668065e-07,2.5923768925919233e-05,0.9999362263059591,1.8360332952074633e-05,4.37179726178453e-22
6429,3,3,0.9999999999969263,1.6188658869313173e-13,5.198433498786462e-21,0.9999999999969263,1.0575297150194499e-14,2.9012078769098315e-12,1.9616638213166687e-35
6430,6,6,0.9673170012812742,0.005941732504725873,0.005910489899451367,0.00734655322583321,4.8618589114472104e-05,0.013435604499600908,0.9673170012812742
6432,2,2,0.9859734138488202,3.840558344676156e-06,0.9859734138488202,0.005067902783487594,4.976805426248603e-06,0.008949866003921362,2.3369231120373843e-23
6433,4,4,0.9999362290408779,1.8680585555256996e-05,7.979148313394287e-07,2.5939550726076806e-05,0.9999362290408779,1.8352908009444313e-05,4.371857862492198e-22
6434,3,3,0.9999999999969236,1.62000042290004e-13,5.203469675022458e-21,0.9999999999969236,1.0579770260893006e-14,2.9038919531703454e-12,1.9664737847576028e-35
6435,3,3,0.999999999996926,1.6196303266689613e-13,5.201299813285568e-21,0.999999999996926,1.0580232756235106e-14,2.901565389931798e-12,1.9627120322751503e-35
6436,4,4,0.9999360498570081,1.8736221441635812e-05,8.022481080929459e-07,2.599027481150726e-05,0.9999360498570081,1.842139863058683e-05,4.3978989066297835e-22
6437,5,5,0.987066857028378,5.080832171909998e-05,0.0009416215024453117,2.444681658734058e-07,3.58729167040242e-05,0.987066857028378,0.01190459576258769
6439,6,6,0.9664547237994294,0.00606751072635194,0.006064446762115295,0.007562990583623788,4.9960311990048484e-05,0.013800367816489537,0.9664547237994294
6440,4,4,0.9999361208065086,1.869604831808446e-05,8.00572681673563e-07,2.5992362126940445e-05,0.9999361208065086,1.8390210364652715e-05,4.380250591864297e-22
6441,2,2,0.9860172921217725,3.822299790631458e-06,0.9860172921217725,0.005042589792890209,4.953970763376815e-06,0.008931341814783266,2.3234603787221086e-23
6442,3,3,0.9999999999969306,1.6167554663789151e-13,5.185632685050045e-21,0.9999999999969306,1.0564525253771967e-14,2.897188920859483e-12,1.9576112166281572e-35
6444,4,4,0.999936269193251,1.867873543129272e-05,7.983008590359237e-07,2.590771567087996e-05,0.999936269193251,1.8346054787889608e-05,4.375195053651048e-22
6447,5,5,0.9903756815944361,5.198863062477004e-05,0.0010335955574159142,2.76501700108098e-07,3.688741177700921e-05,0.9903756815944361,0.008501570304046083
6450,5,5,0.9870314625322909,5.096964331051158e-05,0.0009405117807027245,2.450075044587896e-07,3.593148164649235e-05,0.9870314625322909,0.011940879554544889
6451,1,1,0.999997202278236,0.999997202278236,1.5045863186215755e-11,7.605759862969536e-09,1.7074384197299217e-10,2.789930214384342e-06,7.213548878469881e-34
6457,4,4,0.9999362777788087,1.8676589704889912e-05,7.986959058317236e-07,2.5897887311348677e-05,0.9999362777788087,1.834904826927446e-05,4.369034459320918e-22
6458,2,2,0.9859706788578739,3.8475892782478525e-06,0.9859706788578739,0.005038282430717908,4.984061500391855e-06,0.008982207060629481,2.405939325930465e-23
6459,2,2,0.9860029314193186,3.828450438843604e-06,0.9860029314193186,0.005060608389437353,4.958519831549827e-06,0.008927673220973709,2.3119312611701947e-23
6461,1,1,0.9999971952625094,0.9999971952625094,1.5091299106803958e-11,7.635427819183922e-09,1.7140141497595098e-10,2.796915570080076e-06,7.251262551099696e-34
6462,6,6,0.9664664033391308,0.006096504208546525,0.006047713529614412,0.007531275512744498,4.9974319710405705e-05,0.013808129090253361,0.9664664033391308
6463,4,4,0.9999362127747197,1.867950258177114e-05,7.984799431035223e-07,2.595419922829727e-05,0.9999362127747197,1.835504352725475e-05,4.369071453837395e-22
6464,6,6,0.967492570542246,0.0058957309711054106,0.005892147936789556,0.007306975291505443,4.836929233870057e-05,0.013364205966014894,0.967492570542246
6467,2,2,0.9860269148132451,3.8201533564400566e-06,0.9860269148132451,0.00504192120560612,4.951540210529868e-06,0.008922392287581855,2.314759533149367e-23
6468,5,5,0.9870707305326966,5.103582392883317e-05,0.000936418838082278,2.4611930886146016e-07,3.593532838867171e-05,0.9870707305326966,0.01190563335759475
6470,1,1,0.9999971941320426,0.9999971941320426,1.5092566811815776e-11,7.643138366983511e-09,1.7146484139447578e-10,2.798038261707885e-06,7.258001515171106e-34
6472,4,4,0.9999360664435224,1.872324667986003e-05,8.009507208324005e-07,2.6003871728259928e-05,0.9999360664435224,1.840548734872509e-05,4.400467856520882e-22
6473,2,2,0.9860016325543624,3.831856182261698e-06,0.9860016325543624,0.005062169641767643,4.963437569237645e-06,0.008927402510118468,2.3143906050831355e-23
6474,4,4,0.9999361661570343,1.8692449210484806e-05,7.981609507025039e-07,2.5981579663507435e-05,0.9999361661570343,1.8361653141150945e-05,4.377811927579727e-22
6475,1,1,0.9999971947982434,0.9999971947982434,1.5085156478693442e-11,7.637490588821099e-09,1.7141111254958203e-10,2.7973777697284782e-06,7.25774599722208e-34
6477,3,3,0.9999999999969269,1.61899477756992e-13,5.200680534150665e-21,0.9999999999969269,1.0584983462048645e-14,2.900637831763454e-12,1.960102835412451e-35
6478,3,3,0.9999999999969162,1.623246447484686e-13,5.221646053608424e-21,0.9999999999969162,1.0613186933902683e-14,2.9107538955533142e-12,1.974959209429902e-35
6479,3,3,0.9999999999969239,1.6202411294108573e-13,5.202075671660473e-21,0.9999999999969239,1.058057318424905e-14,2.903526050032875e-12,1.9662434628919325e-35
6480,6,6,0.9667017240796664,0.006059537739910398,0.006009937475391683,0.007491258361958917,4.9547425250050544e-05,0.013687994917822527,0.9667017240796664
6481,3,3,0.9999999999969286,1.6177878174871657e-13,5.193280382083284e-21,0.9999999999969286,1.0564421396363561e-14,2.8991515717783273e-12,1.960907321961541e-35
6482,5,5,0.9884326363841891,5.122613024813017e-05,0.0009798004736676258,2.547903535412331e-07,3.627561071283179e-05,0.9884326363841891,0.010499806610828735
6483,5,5,0.9872110696326403,5.10471560293171e-05,0.0009559309783542828,2.4689651304475724e-07,3.601829939743e-05,0.9872110696326403,0.011745687037065656
6485,1,1,0.9999972008787638,0.9999972008787638,1.5062512857115646e-11,7.615684616598877e-09,1.7101740072088513e-10,2.7913194717245095e-06,7.248506930261038e-34
6486,4,4,0.9999361175960835,1.872432455139139e-05,7.995296915855948e-07,2.5970516659417154e-05,0.9999361175960835,1.8388033014125726e-05,4.371975639635739e-22
6488,1,1,0.9999971992645604,0.9999971992645604,1.5084160248778594e-11,7.622500778826626e-09,1.7117471026810566e-10,2.792926679916154e-06,7.303014337369471e-34
6490,5,5,0.9873133341786634,5.079595110377064e-05,0.0009488814962127933,2.4562821137834715e-07,3.592772736875751e-05,0.9873133341786634,0.011650815018439882
6491,5,5,0.9869399551356475,5.1074534903217395e-05,0.0009479760849545075,2.462527820828912e-07,3.59658252876237e-05,0.9869399551356475,0.012024782166425118
6492,3,3,0.9999999999969291,1.6179143628570886e-13,5.190604624566758e-21,0.9999999999969291,1.0565523220763105e-14,2.8985299658699534e-12,1.9583311174904263e-35
6494,2,2,0.9859575892163929,3.8508678907695625e-06,0.9859575892163929,0.005080095727551791,4.978487132164699e-06,0.008953485701032373,2.319174723921003e-23
6495,2,2,0.9859789474080063,3.837363738405984e-06,0.9859789474080063,0.005075616043502705,4.969269675499056e-06,0.008936629915077042,2.311993571234007e-23
6496,4,4,0.999936186168925,1.8700430714732432e-05,7.98204599963375e-07,2.5951547152420478e-05,0.999936186168925,1.8363648607837087e-05,4.369325710033725e-22
6498,2,2,0.9859827179397659,3.839833887931709e-06,0.9859827179397659,0.005070440871329676,4.969726149863344e-06,0.008938031628866696,2.3242329991382055e-23
6500,3,3,0.9999999999968971,1.637452093156614e-13,5.282207482661484e-21,0.9999999999968971,1.071188077205956e-14,2.9284141073668923e-12,1.989824076650443e-35
6501,4,4,0.999936133465008,1.871022749439886e-05,8.002129945700973e-07,2.5970271199934207e-05,0.999936133465008,1.838582330313035e-05,4.385009763390182e-22
6503,4,4,0.999936252432945,1.868454394616107e-05,7.988501661798884e-07,2.5910528017895392e-05,0.999936252432945,1.8353644924800018e-05,4.384991482660768e-22
6504,6,6,0.9628619578818752,0.006681324097223459,0.006620968288446484,0.00836744880158077,5.551571364687052e-05,0.015412785217227172,0.9628619578818752
6505,1,1,0.9999971996124843,0.9999971996124843,1.506471859823289e-11,7.623320434709863e-09,1.7113866398135446e-10,2.792577991811744e-06,7.24849946479149e-34
6512,4,4,0.9999363087414813,1.8670481416839416e-05,7.985648034614555e-07,2.5881289346871405e-05,0.9999363087414813,1.8340922951453688e-05,4.379841323991534e-22
6513,3,3,0.9999999999969277,1.6185028377077786e-13,5.195786931438033e-21,0.9999999999969277,1.0574354544790162e-14,2.899860406057745e-12,1.9603037298073334e-35
6515,4,4,0.9999362522006833,1.869074902115528e-05,7.993919961799223e-07,2.589770045015709e-05,0.9999362522006833,1.8359957849303825e-05,4.375396446663617e-22
6517,5,5,0.9870048667895562,5.093338270547934e-05,0.0009377898705260582,2.452077941462364e-07,3.592211992298028e-05,0.9870048667895562,0.011970242629495054
6518,5,5,0.9870878781727362,5.093777006220026e-05,0.0009484543443630742,2.45219286231475e-07,3.596602838789965e-05,0.9870878781727362,0.011876518465164403
6519,2,2,0.9859872526544691,3.8380243000082365e-06,0.9859872526544691,0.005064967754088241,4.968496937342247e-06,0.008938973070205407,2.337030351275893e-23
6523,5,5,0.9870882355927285,5.112562951252835e-05,0.000939798433777437,2.457627709424621e-07,3.59828731543687e-05,0.9870882355927285,0.011884611708056249
6525,6,6,0.9674441070551736,0.005901754428894143,0.005895830566519336,0.007324742001104235,4.8459511590158486e-05,0.013385106436718561,0.9674441070551736
6527,4,4,0.9999362676301667,1.8675962798877662e-05,7.988066866835597e-07,2.5906965521036155e-05,0.9999362676301667,1.8350634826780843e-05,4.387720591177345e-22
6528,5,5,0.987011678661934,5.104273158504258e-05,0.000940620134970633,2.4585273221257817e-07,3.5958302560834985e-05,0.987011678661934,0.011960454316217348
6529,6,6,0.9622591055731298,0.006752819550479278,0.006868144517983879,0.008510776836423383,5.6071846254168173e-05,0.015553081675729554,0.9622591055731298
6530,4,4,0.9999362559960591,1.8687937307615687e-05,7.984072714397662e-07,2.590512475588864e-05,0.9999362559960591,1.835253460597983e-05,4.365496299661657e-22
6531,5,5,0.9870872645183423,5.090401615322457e-05,0.0009408941562240298,2.447508612054193e-07,3.591166043440166e-05,0.9870872645183423,0.011884780897984894
6532,3,3,0.9999999999969238,1.6220046239148555e-13,5.207375056063343e-21,0.9999999999969238,1.0590276132242255e-14,2.9035356523126628e-12,1.9628354449008756e-35
6535,1,1,0.9999971989836098,0.9999971989836098,1.508533815850788e-11,7.61392923837918e-09,1.7100747422426703e-10,2.7932163681719094e-06,7.2734567426736045e-34
6537,6,6,0.9672269585245934,0.005943672422741734,0.00593693767251695,0.007365596233603802,4.8794076590475065e-05,0.013478041069953687,0.9672269585245934
6538,3,3,0.9999999999969229,1.621632999550696e-13,5.2116586755809686e-21,0.9999999999969229,1.0599124588706298e-14,2.9044408170798536e-12,1.9632999483085493e-35
6539,6,6,0.9674863046143146,0.005896457569592793,0.005886434343153993,0.007318594460993056,4.8402327661866235e-05,0.013363806684283691,0.9674863046143146
6540,1,1,0.9999971964141604,0.9999971964141604,1.509000705225084e-11,7.631905181395374e-09,1.7133501774917594e-10,2.795767509278488e-06,7.2515243408998945e-34
6541,6,6,0.9674718350971864,0.00589557313850967,0.005892288702354679,0.007322156012000692,4.8390843729299144e-05,0.01336975620621932,0.9674718350971864
6542,5,5,0.9870036001540649,5.091233327227519e-05,0.0009381870304100849,2.443489550743858e-07,3.5895853746851157e-05,0.9870036001540649,0.011971160279550825
6544,4,4,0.9999362805476721,1.8673312133178024e-05,7.979348103333278e-07,2.5908704858060197e-05,0.9999362805476721,1.8339500526288004e-05,4.363283955910672e-22
6545,2,2,0.9859632740604103,3.843777444913243e-06,0.9859632740604103,0.005083027139953815,4.976736491131549e-06,0.008944878285699917,2.3139929168423154e-23
6546,3,3,0.9999999999969296,1.617098380869691e-13,5.191265188186804e-21,0.9999999999969296,1.0564452026883362e-14,2.8980868952775213e-12,1.956869801783383e-35
6547,3,3,0.9999999999969285,1.6180068064129985e-13,5.19353160615081e-21,0.9999999999969285,1.0570164754542359e-14,2.8992237055336008e-12,1.9593839288065772e-35
6549,4,4,0.9999362684198767,1.8675940228852325e-05,7.981096794175669e-07,2.591431587909329e-05,0.9999362684198767,1.834321433600213e-05,4.366074406480012e-22
6550,4,4,0.9999362050595428,1.868641359976166e-05,7.979980851773232e-07,2.595363356542415e-05,0.9999362050595428,1.8356895206872642e-05,4.37040234570972e-22
6553,2,2,0.9859579473259207,3.851508967721933e-06,0.9859579473259207,0.004999507283787097,4.994027868903305e-06,0.009033699853455614,2.4859405824899675e-23
6554,5,5,0.9887672009391277,5.123606590037911e-05,0.0009882030755888728,2.58317863696609e-07,3.6333558418022e-05,0.9887672009391277,0.010156768043101257
6555,2,2,0.9860069680211254,3.8260903364591835e-06,0.9860069680211254,0.005060923566782044,4.960270635553334e-06,0.008923322051120591,2.3048391847876344e-23
6556,4,4,0.9999361930870606,1.870965394124968e-05,7.991881993322944e-07,2.5923281829797952e-05,0.9999361930870606,1.8374788969057065e-05,4.373323449875858e-22
6557,3,3,0.9999999999969217,1.623287104207078e-13,5.2142093911574705e-21,0.9999999999969217,1.0602550496024433e-14,2.9054563688802423e-12,1.9649532710940334e-35
6558,3,3,0.9999999999968657,1.6463577886863376e-13,5.340306307137421e-21,0.9999999999968657,1.0751011592689755e-14,2.958862367673762e-12,2.0505624937205737e-35
6560,1,1,0.9999971986562798,0.9999971986562798,1.5066557253917913e-11,7.622470541008172e-09,1.7107672136163755e-10,2.7935351064802737e-06,7.246760247102344e-34
6561,1,1,0.99999720046258,0.99999720046258,1.5065933421264714e-11,7.619912650621597e-09,1.7104720707481292e-10,2.791731394244146e-06,7.265185910990796e-34
6563,4,4,0.9999361736853051,1.869627642288842e-05,7.989921629446171e-07,2.595915608018796e-05,0.9999361736853051,1.8371890028970108e-05,4.38156596132696e-22
6564,6,6,0.9671317325225459,0.005971347726912323,0.005947385535444551,0.007384550627673925,4.89054570875801e-05,0.01351607813033566,0.9671317325225459
6565,2,5,0.9518166816746919,0.00010549513825817603,0.047950084124081166,3.721361049459349e-05,9.052057487680386e-05,0.9518166816746919,4.877597357571769e-09
6566,1,1,0.9999970331424787,0.9999970331424787,1.6722118870733898e-11,8.267183066026894e-09,1.8462702726556722e-10,2.9583889892564393e-06,1.0071667706836553e-33
6567,5,5,0.9869404338924633,5.095880128536074e-05,0.000944600413723429,2.44746663816545e-07,3.5919211686737746e-05,0.9869404338924633,0.012027842934177366
6568,5,5,0.9872455516572965,5.078148103590073e-05,0.0009509121264641384,2.449407155320404e-07,3.5935191021459454e-05,0.9872455516572965,0.01171657460346652
6569,4,4,0.9999362071402151,1.869681281002698e-05,7.983290174081181e-07,2.5937706025479927e-05,0.9999362071402151,1.836001193190381e-05,4.364502015177299e-22
6571,2,2,0.985963506626702,3.84852318302518e-06,0.985963506626702,0.0050792632267896735,4.979362371389351e-06,0.008948402260953942,2.318131217697143e-23
6573,1,1,0.9999972000627081,0.9999972000627081,1.5068086768120004e-11,7.616786724559285e-09,1.7102960672095195e-10,2.7921344074314683e-06,7.247046333447773e-34
6575,5,5,0.9868849780929997,5.084659790711578e-05,0.0009448413096200238,2.4436175915957595e-07,3.5893208103655934e-05,0.9868849780929997,0.01208319642961033
6576,5,5,0.9882372770305926,5.116867510724032e-05,0.000981635139037428,2.551425159427874e-07,3.625839346804593e-05,0.9882372770305926,0.01069340561927889
6579,2,2,0.9859931528002652,3.831351650091968e-06,0.9859931528002652,0.005038218138615455,4.96795902538179e-06,0.008959829750443855,2.372996245217153e-23
6580,1,1,0.9999971983860185,0.9999971983860185,1.5063510087726854e-11,7.627182854344618e-09,1.7117787257136747e-10,2.7938005573101467e-06,7.236042738212279e-34
6583,1,1,0.9999971903593692,0.9999971903593692,1.511257242099805e-11,7.658786176029508e-09,1.7181127915092913e-10,2.801794920807546e-06,7.2868425446365255e-34
6584,6,6,0.9675924083321533,0.005868116504777456,0.005869183078085941,0.0073003262178314085,4.821280205712289e-05,0.013321753065094763,0.9675924083321533
6585,5,5,0.9871631231027623,5.0799740057335196e-05,0.0009438075384530584,2.4466558894295246e-07,3.590483994017651e-05,0.9871631231027623,0.011806120113198119
6586,5,5,0.9869309523359558,5.099425932630482e-05,0.0009424840648655112,2.450322757990768e-07,3.592957939183447e-05,0.9869309523359558,0.01203939472818469
6587,3,3,0.9999999999968424,1.657707270279093e-13,5.446586341701442e-21,0.9999999999968424,1.0851989536117805e-14,2.9809047621335326e-12,2.0460840055243481e-35
6590,6,4,0.920848889383281,0.01472486671100671,0.0020703410687815203,0.03507523778593853,0.920848889383281,0.027280665043535744,7.456553188742553e-12
6591,2,2,0.9859811640637971,3.8418163757544395e-06,0.9859811640637971,0.0050720745004975195,4.971926317379299e-06,0.008937947693012205,2.3210992936123557e-23
6592,6,6,0.9672936864833848,0.005932599777557489,0.00592012985832637,0.007358329791481151,4.868344458329868e-05,0.013446570644666986,0.9672936864833848
6593,1,1,0.9999971997634876,0.9999971997634876,1.5072927293393078e-11,7.616905667021405e-09,1.7103468678252714e-10,2.792433499138035e-06,7.253991353261865e-34
6594,5,5,0.9870873408481088,5.0967100913971375e-05,0.0009394405132660699,2.452635163779473e-07,3.594270083527599e-05,0.9870873408481088,0.011886063573359522
6595,3,3,0.999999999996877,1.6494451195025493e-13,5.339821734695646e-21,0.999999999996877,1.079880861648351e-14,2.9471966001339034e-12,2.009350436208627e-35
6597,2,2,0.9859871478602013,3.8399224509709185e-06,0.9859871478602013,0.0050646536525551945,4.9706416341074465e-06,0.008939387923158543,2.3331241979103222e-23
6598,2,2,0.9859633161145953,3.845850567597605e-06,0.9859633161145953,0.005078285091644576,4.979065193361837e-06,0.008949573877999169,2.3317318852562402e-23
6601,5,5,0.9871286477927009,5.1062865187827265e-05,0.0009387860945692859,2.481187344437695e-07,3.5979811943839036e-05,0.9871286477927009,0.011845275316863628
6603,3,3,0.9999999999969124,1.6268272501229318e-13,5.236972388205298e-21,0.9999999999969124,1.0623843779601118e-14,2.9143246199885463e-12,1.9772831344221216e-35
6604,2,2,0.9859613299378978,3.8462453301033995e-06,0.9859613299378978,0.0050774786587310695,4.981225054524249e-06,0.008952363932986433,2.3303266857565467e-23
6605,4,4,0.9999361920154688,1.8701522529677143e-05,7.988289525166441e-07,2.5938532489487804e-05,0.9999361920154688,1.8369100559618324e-05,4.367788676491011e-22
6607,2,2,0.9859967470748243,3.833529207136905e-06,0.9859967470748243,0.005064114306965632,4.963900312137876e-06,0.008930341188690724,2.3069724748915312e-23
6608,2,2,0.9860025609788131,3.824083089986738e-06,0.9860025609788131,0.005037102347341304,4.9589548951938035e-06,0.008951553635860466,2.352561485244257e-23
6609,5,5,0.987015883562846,5.0870423201716786e-05,0.0009379538930243392,2.4446885890708505e-07,3.5890875893765954e-05,0.987015883562846,0.011959156776175385
6610,6,6,0.9676287101355864,0.005876750367542039,0.005866083472026909,0.007272072298783527,4.812922671222821e-05,0.013308254499348922,0.9676287101355864
6612,1,1,0.9999971962592705,0.9999971962592705,1.5080046413112014e-11,7.63631589401051e-09,1.7135609201977118e-10,2.7959179775006398e-06,7.26484871572577e-34
6613,3,3,0.9999999999969255,1.6189328832175235e-13,5.200989092776048e-21,0.9999999999969255,1.0579343159658201e-14,2.902080094235725e-12,1.963773191514883e-35
6615,3,3,0.9999999999969272,1.618256269633571e-13,5.194454811228874e-21,0.9999999999969272,1.0572568871547203e-14,2.9003280019799817e-12,1.9616264500836934e-35
6617,3,3,0.9999999999969275,1.6179975505462548e-13,5.194653564114052e-21,0.9999999999969275,1.0569330092422294e-14,2.900255556065651e-12,1.960502801687981e-35
6618,1,1,0.9999971968051169,0.9999971968051169,1.5074236924262667e-11,7.634454542459409e-09,1.7124313846910406e-10,2.7953741111519494e-06,7.2627151818389685e-34
6620,4,4,0.9999362696187473,1.867612275630353e-05,7.979985881620623e-07,2.591351896219003e-05,0.9999362696187473,1.834274094608055e-05,4.365887239304825e-22
6621,5,5,0.9868915960813075,5.083672560002945e-05,0.0009388807200225359,2.4452674601444036e-07,3.588557200370778e-05,0.9868915960813075,0.012082556374320179
6622,4,4,0.9999361400232074,1.8737832521516393e-05,8.001719603545908e-07,2.5934306069797575e-05,0.9999361400232074,1.8387666240994125e-05,4.388616888817107e-22
6623,5,5,0.9871265733484847,5.092820361680817e-05,0.0009372076815010625,2.454730110122867e-07,3.591934417390829e-05,0.9871265733484847,0.011849125949212594
6626,6,6,0.9677861743642523,0.005834724121257629,0.005838209099612015,0.0072500627232969656,4.790189767190884e-05,0.013242927793909233,0.9677861743642523
6628,1,1,0.9999971986686137,0.9999971986686137,1.5093612147081922e-11,7.618072543055e-09,1.711370510728581e-10,2.793527083129356e-06,7.304143264070572e-34
6630,4,4,0.9999362409687407,1.8696023189380902e-05,7.989639871331255e-07,2.5902816707937363e-05,0.9999362409687407,1.836122737491479e-05,4.37169342464331e-22
6631,2,2,0.9859509423770764,3.8372081041052015e-06,0.9859509423770764,0.005072568498199694,4.973486486466391e-06,0.008967678430133382,2.362964809646984e-23
6633,5,5,0.9871360543969653,5.0953211386307206e-05,0.0009437936826333015,2.4539389910475956e-07,3.595297746261059e-05,0.9871360543969653,0.011833000337653417
6634,4,4,0.999936186851139,1.871041807787592e-05,7.988687233889266e-07,2.593362022981683e-05,0.999936186851139,1.837024182982811e-05,4.368248871620449e-22
6635,6,6,0.9675685658656202,0.005885264739675647,0.005872890165429704,0.007291596362509115,4.82305097233238e-05,0.01333345235704205,0.9675685658656202
6637,5,5,0.9869795487527739,5.073533617294679e-05,0.0009432203170240592,2.4350008359274493e-07,3.5869419281658964e-05,0.9869795487527739,0.011990382674663772
6639,1,1,0.9999972011138037,0.9999972011138037,1.5050527596961662e-11,7.613195416679567e-09,1.7092682487606766e-10,2.791087023506372e-06,7.227235980228435e-34
6640,5,5,0.9869191358358019,5.080434835770148e-05,0.0009405148487621781,2.4389664862442414e-07,3.587898305330172e-05,0.9869191358358019,0.012053422087376253
6642,1,1,0.9999972020242794,0.9999972020242794,1.5051342866274453e-11,7.606067211856119e-09,1.7077211429085197e-10,2.7901838300181417e-06,7.226872189069643e-34
6644,2,2,0.9859984309565715,3.835792863613882e-06,0.9859984309565715,0.005057187099299804,4.967440870115345e-06,0.008935578710395131,2.3297790210070033e-23
6645,1,1,0.9999971986902096,0.9999971986902096,1.5058802073941692e-11,7.625916476263225e-09,1.7114801162956799e-10,2.7934976671006027e-06,7.231725380918152e-34
6646,1,1,0.9999972046788511,0.9999972046788511,1.504303936247674e-11,7.589851682309091e-09,1.7052386787745847e-10,2.7875457303543305e-06,7.2205341640541055e-34
6647,2,2,0.9859689806722761,3.85572936903338e-06,0.9859689806722761,0.005031987959386156,4.990274635313996e-06,0.008990185364333353,2.445796177299836e-23
6648,3,3,0.9999999999969186,1.620816159260225e-13,5.2118714312803895e-21,0.9999999999969186,1.058963252836105e-14,2.9088308325076996e-12,1.978955933998647e-35
6650,2,2,0.9859385428745566,3.860666594285907e-06,0.9859385428745566,0.005023721004423892,5.0022761995082106e-06,0.009028873178225674,2.460350790541179e-23
6651,2,2,0.985769254322878,3.91926799518773e-06,0.985769254322878,0.005173457436564612,5.051434794564552e-06,0.009048317537767733,2.426702929723445e-23
6652,3,3,0.9999999999967022,1.739221380835643e-13,5.80486475306769e-21,0.9999999999967022,1.1327927130410574e-14,3.112537370123072e-12,2.2946597402225595e-35
6653,1,1,0.9999971943659862,0.9999971943659862,1.5097041134467776e-11,7.642330988617888e-09,1.7150473999288139e-10,2.7978050810400408e-06,7.266544646150549e-34
6654,5,5,0.9869793388340413,5.08985047509123e-05,0.0009414880405668802,2.441475714319231e-07,3.590876888268e-05,0.9869793388340413,0.011992121704186716
6656,2,2,0.9859456299893389,3.853030196569014e-06,0.9859456299893389,0.005091067816325296,4.986215415574633e-06,0.008954462948723695,2.3193369732233732e-23
6658,1,1,0.999997203535369,0.999997203535369,1.5048114785285765e-11,7.598799504107822e-09,1.7064022762121853e-10,2.7886801432301343e-06,7.2324621519085645e-34
6660,4,4,0.999936145346675,1.869985643845374e-05,7.997707884679301e-07,2.5971897667147645e-05,0.999936145346675,1.8383128430896418e-05,4.384513874849629e-22
6661,1,1,0.9999972011240804,0.9999972011240804,1.5054335978039687e-11,7.612071039729581e-09,1.7087498986622432e-10,2.7910779192337352e-06,7.2214240575368526e-34
6662,5,5,0.9870185714189561,5.087696777826531e-05,0.0009397956434678714,2.4445010102702876e-07,3.591200031369958e-05,0.9870185714189561,0.01195459951938301
6665,1,1,0.9999971981998657,0.9999971981998657,1.507328217760719e-11,7.6240197540913e-09,1.7114768571814846e-10,2.793989893698899e-06,7.234221412073287e-34
6667,3,3,0.9999999999969246,1.6192461030365942e-13,5.202576302988237e-21,0.9999999999969246,1.0579832330182163e-14,2.9029560769744455e-12,1.9655986194185115e-35
6668,3,3,0.999999999996924,1.6205078001638262e-13,5.207741401466368e-21,0.999999999996924,1.0586332642737801e-14,2.903349363024053e-12,1.9612117382140878e-35
6669,2,2,0.9859297648258186,3.862554750676467e-06,0.9859297648258186,0.005083212906293846,4.997327293840461e-06,0.00897816238584291,2.3770148759643283e-23
6670,1,1,0.9999971985863046,0.9999971985863046,1.5069323868326237e-11,7.619407147987822e-09,1.7113338546979913e-10,2.7936080855502684e-06,7.239681766691063e-34
6671,1,1,0.999997202354928,0.999997202354928,1.506187296920996e-11,7.600320154509948e-09,1.7074009201203847e-10,2.7898589499911592e-06,7.245084253706746e-34
6672,4,4,0.9999362124712268,1.868918995107403e-05,7.981881516082186e-07,2.5942123952648506e-05,0.9999362124712268,1.8358026717869815e-05,4.360575253724285e-22
6674,1,1,0.9999971955174006,0.9999971955174006,1.5085791022650738e-11,7.636258957967793e-09,1.7144455769517072e-10,2.796659810108613e-06,7.2580940405187375e-34
6676,6,6,0.9676463450700348,0.0058670278393915965,0.005863515175522913,0.007273031760973694,4.8135474173852586e-05,0.013301944679903272,0.9676463450700348
6677,3,3,0.9999999999969083,1.6310675486678553e-13,5.253973524241868e-21,0.9999999999969083,1.0676109340940239e-14,2.9179790675536413e-12,1.9807171982238426e-35
6678,1,1,0.9999971989755375,0.9999971989755375,1.5070127245354544e-11,7.621492041292974e-09,1.7103253999891874e-10,2.793216867798126e-06,7.252541068646601e-34
6679,4,4,0.9999361491658255,1.8702579344299132e-05,7.986526218882543e-07,2.597706746818392e-05,0.9999361491658255,1.8372534740142255e-05,4.377849980268456e-22
6681,3,3,0.9999999999969275,1.6181997225919646e-13,5.1955002693803115e-21,0.9999999999969275,1.0572786337386137e-14,2.900111451785663e-12,1.9635054298122956e-35
6682,6,6,0.9665405710878523,0.006064304379950782,0.006050364277842216,0.007533853266524522,4.982985697059541e-05,0.01376107713085959,0.9665405710878523
6684,2,2,0.9859575433898476,3.847410159910233e-06,0.9859575433898476,0.00508454145473407,4.98039308663167e-06,0.008949087352171842,2.311930475756881e-23
6686,4,4,0.9999360423984612,1.871842532506409e-05,7.98744784546464e-07,2.6048348579333867e-05,0.9999360423984612,1.839208284983676e-05,4.379938544311135e-22
6688,4,4,0.9999362447160454,1.866577531164621e-05,7.982078493181567e-07,2.5942874202776856e-05,0.9999362447160454,1.8348426590831874e-05,4.37711154070086e-22
6689,3,3,0.9999999999969282,1.6174454616451254e-13,5.195442872309668e-21,0.9999999999969282,1.0568586420972456e-14,2.8994966380201157e-12,1.9608286840924394e-35
6690,5,5,0.9964272575233052,6.094897618076279e-05,0.0016252599556698178,5.339050857473e-07,4.2658675078029804e-05,0.9964272575233052,0.0018433409646804563
6692,3,3,0.999999999996916,1.6258319653462084e-13,5.224419191755179e-21,0.999999999996916,1.0612520818704091e-14,2.9107355305709823e-12,1.969485068684455e-35
6694,3,3,0.9999999999969291,1.6180556114141553e-13,5.193243783503711e-21,0.9999999999969291,1.0571358344448304e-14,2.898594011672952e-12,1.9594691163097955e-35
6699,4,4,0.9999361842408824,1.8717343103920604e-05,8.002759687874816e-07,2.5914193298400567e-05,0.9999361842408824,1.838394674650188e-05,4.374588111162294e-22
6703,2,2,0.9859716415371519,3.847831164254839e-06,0.9859716415371519,0.005070730898987473,4.976486015387177e-06,0.008948803246681035,2.3317695782231907e-23
6704,1,1,0.999997198662562,0.999997198662562,1.5070251258531567e-11,7.622325997209197e-09,1.7115191738517033e-10,2.7935288898717114e-06,7.234067405115861e-34
6705,5,5,0.987587706874491,5.098000112798737e-05,0.0009535319196466623,2.483370238700215e-07,3.603691970473249e-05,0.987587706874491,0.011371495948005676
6707,6,6,0.9670995811265694,0.00597729135747337,0.005949578307727074,0.007392989827503914,4.895565915605209e-05,0.013531603721570204,0.9670995811265694
6709,6,6,0.9663071957203635,0.006117700593309522,0.006097807338985964,0.007554946571093172,5.0116098645786275e-05,0.013872233677602139,0.9663071957203635
6712,1,1,0.999997197235599,0.999997197235599,1.508690641052779e-11,7.617899348759963e-09,1.7110488092600011e-10,2.7949603099024266e-06,7.2713153140075e-34
6716,5,5,0.9909093783487923,5.2099569544257836e-05,0.0010568573479787316,2.8295149156341634e-07,3.7092810683106016e-05,0.9909093783487923,0.007944288971509995
6717,6,6,0.9675504586698584,0.005876392621759478,0.005878436185841954,0.007310212137327544,4.830056787736911e-05,0.013336199817335222,0.9675504586698584
6718,2,2,0.9857303433460286,3.936525265945537e-06,0.9857303433460286,0.005185866291519183,5.078896738362816e-06,0.009074774940447793,2.4049778410006506e-23
6719,1,1,0.9999971975609869,0.9999971975609869,1.5084000754770482e-11,7.623465799243675e-09,1.7112107783925977e-10,2.7946293421205843e-06,7.283150360512738e-34
6720,1,1,0.999997199098313,0.999997199098313,1.507645970963983e-11,7.622767866313818e-09,1.7110251440191468e-10,2.793092740182405e-06,7.263447563399258e-34
6722,5,5,0.9869761388439997,5.0885570586253875e-05,0.0009383667079863363,2.446660227360693e-07,3.589168876073699e-05,0.9869761388439997,0.011998472522644238
6724,4,4,0.9999361940812068,1.869438184783152e-05,7.991390225175295e-07,2.5943757199441056e-05,0.9999361940812068,1.8368640723318105e-05,4.377390003288442e-22
6725,1,1,0.9999972020675538,0.9999972020675538,1.5072878864631593e-11,7.598476280349991e-09,1.7073657402559576e-10,2.790148160475849e-06,7.287892286569136e-34
6726,4,4,0.9999362678400558,1.868889685979145e-05,7.989543984651847e-07,2.5891873127705085e-05,0.9999362678400558,1.8352435558216874e-05,4.376315033810657e-22
6727,6,6,0.9673056096819153,0.0059180811422537925,0.005907356165614475,0.007384270052043737,4.8696511069681776e-05,0.013435986447103086,0.9673056096819153
6729,4,4,0.999936267851564,1.868659329668095e-05,7.98284969291712e-07,2.589952235489926e-05,0.999936267851564,1.834774781521962e-05,4.366292651879108e-22
6731,2,2,0.985947312303015,3.847486253150178e-06,0.985947312303015,0.0050855801801729,4.981378707785102e-06,0.008958278651851132,2.3292171260823185e-23
6732,1,1,0.99999719851937,0.99999719851937,1.507663547637603e-11,7.619796665804073e-09,1.7109864605903323e-10,2.7936746580046123e-06,7.244322601101135e-34
6733,4,4,0.9999361870603151,1.8709142625172475e-05,7.986116381995101e-07,2.593706875401677e-05,0.9999361870603151,1.8368116667594227e-05,4.36928267262048e-22
6734,3,3,0.9999999999969256,1.6203101864584418e-13,5.2006353446719506e-21,0.9999999999969256,1.0579555043828432e-14,2.9019117776948703e-12,1.9611246365592988e-35
6735,4,4,0.9999362562176908,1.8680411125814623e-05,7.979810323722295e-07,2.591828553307193e-05,0.9999362562176908,1.8347104618064563e-05,4.36577143927476e-22
6736,1,1,0.9999971906225075,0.9999971906225075,1.51761881888333e-11,7.650205086044436e-09,1.717551845589652e-10,2.801540356030405e-06,7.435165613557752e-34
6739,2,2,0.9859814415271559,3.837776544242932e-06,0.9859814415271559,0.005073373650410434,4.969563992079341e-06,0.008936377481897316,2.3135947388331587e-23
6740,5,5,0.9870811960114044,5.082316541978647e-05,0.0009422092949538402,2.439310012763787e-07,3.587912193394639e-05,0.9870811960114044,0.011889648475286807
6741,5,5,0.9871650583543297,5.121727568003175e-05,0.0009373032624310618,2.4717135534546763e-07,3.599976239387688e-05,0.9871650583543297,0.011810174173810006
6742,6,6,0.9657584876552946,0.006201543479891073,0.006124456723440378,0.007796298790835845,5.098094480051051e-05,0.014068232405737683,0.9657584876552946
6743,3,3,0.9999999999969269,1.6192282314462373e-13,5.199444603520439e-21,0.9999999999969269,1.0578208849425267e-14,2.900672080054941e-12,1.959451246456104e-35
6745,5,5,0.9870354922686634,5.106234689225958e-05,0.0009389848556971118,2.457615779387792e-07,3.5946086173884236e-05,0.9870354922686634,0.011938268680995415
6746,6,6,0.9674740900951059,0.00589698215833914,0.005889163957590049,0.0073218527967454225,4.8397756589420256e-05,0.013369513235630178,0.9674740900951059
6747,5,5,0.9873859971582236,5.114895200781946e-05,0.0009528222609406379,2.470151023966002e-07,3.60133156869775e-05,0.9873859971582236,0.011573771298038604
6748,2,2,0.9860165144951084,3.820782080862273e-06,0.9860165144951084,0.005051142251547509,4.953032594174569e-06,0.008923569438669086,2.310355091261764e-23
6751,6,6,0.9664020864541804,0.006103222267978398,0.00605947594563067,0.007570518741510967,5.012277843520705e-05,0.013814573812264431,0.9664020864541804
6753,6,6,0.9664147618357481,0.006091211471727923,0.006068994326855675,0.007541950816370265,5.003774100193462e-05,0.01383304380829609,0.9664147618357481
6754,4,4,0.9999362254553626,1.8682128737620955e-05,7.986135338841422e-07,2.593902383945736e-05,0.9999362254553626,1.8354778526438114e-05,4.367798178149534e-22
6755,3,3,0.9999999999969268,1.6179982706329566e-13,5.1935016816919825e-21,0.9999999999969268,1.0568824165484394e-14,2.9009454877072195e-12,1.9653093100662007e-35
6757,3,3,0.9999999999969239,1.6201630553223115e-13,5.205777141083601e-21,0.9999999999969239,1.0580942114237993e-14,2.9035857385590025e-12,1.96409690340742e-35
6758,4,4,0.9999362249592775,1.870223433658885e-05,7.98668150820576e-07,2.591134957548116e-05,0.9999362249592775,1.836278865964753e-05,4.366663128455584e-22
6759,1,1,0.9999971953822061,0.9999971953822061,1.5133322807864816e-11,7.633839236858883e-09,1.7140145656058778e-10,2.796797419925649e-06,7.36902550747029e-34
6760,3,3,0.9999999999969269,1.6187167063365085e-13,5.195444565181701e-21,0.9999999999969269,1.0568346154618123e-14,2.9006631831984687e-12,1.961582162716394e-35
6761,5,5,0.9878062018608571,5.099336793504349e-05,0.0009556896094916412,2.505495373666861e-07,3.6059306442337456e-05,0.9878062018608571,0.011150805305736552
6762,1,1,0.999997202675675,0.999997202675675,1.5050127720282183e-11,7.602090789821275e-09,1.7077077350977817e-10,2.7895364134227618e-06,7.221915578819294e-34
6763,1,1,0.9999972013258811,0.9999972013258811,1.50471619759665e-11,7.613866794488817e-09,1.7089862643096854e-10,2.7908743063794123e-06,7.222510364234086e-34
6764,4,4,0.9999361746855623,1.8700043207894254e-05,7.996951315818114e-07,2.594922047458259e-05,0.9999361746855623,1.8376355623673943e-05,4.397449063109585e-22
6767,2,2,0.9857779870029648,3.910319992964501e-06,0.9857779870029648,0.005153762841297881,5.0572213099257746e-06,0.009059282614434457,2.3922753479060843e-23
6768,2,2,0.9857119053011667,3.981194599229682e-06,0.9857119053011667,0.005138967847416673,5.099640766645777e-06,0.00914004601605074,2.741571594681168e-23
6770,5,5,0.9869966133790496,5.0989659285030814e-05,0.000937232448169291,2.4530095997909427e-07,3.5911660569627856e-05,0.9869966133790496,0.011979007551966493
6771,3,3,0.9999999999968984,1.635160326438438e-13,5.273609375238905e-21,0.9999999999968984,1.0678982876735134e-14,2.9274503566425396e-12,1.9930887894593843e-35
6772,4,4,0.9999361557742196,1.8709332382886795e-05,7.998617335769149e-07,2.595030835702635e-05,0.9999361557742196,1.8384723307056623e-05,4.372455713099861e-22
6774,2,2,0.9859776071469327,3.833015750406338e-06,0.9859776071469327,0.005069993694339353,4.968892995268812e-06,0.008943597249982322,2.342808358706409e-23
6776,1,1,0.9999971796822594,0.9999971796822594,1.5209996373097928e-11,7.711609780839524e-09,1.7282328454492807e-10,2.8124180974991746e-06,7.443132260899947e-34
6777,4,4,0.9999357132818215,1.8805296323456465e-05,8.047823685809972e-07,2.6173382634985815e-05,0.9999357132818215,1.850325685144312e-05,4.404542417609835e-22
6778,5,5,0.9870115306506795,5.103230783184626e-05,0.000940753310630181,2.456293534511205e-07,3.5953267902152664e-05,0.9870115306506795,0.01196048483360291
6779,1,1,0.9999971870293661,0.9999971870293661,1.520221573994031e-11,7.66392480375354e-09,1.7198364655268011e-10,2.805119523199776e-06,7.4890863759931266e-34
6781,2,2,0.9859764950893636,3.840160740291702e-06,0.9859764950893636,0.005071153604413469,4.970454681473382e-06,0.008943540690801196,2.3117938694532326e-23
6783,3,3,0.999999999996928,1.6175202070268673e-13,5.188938859006796e-21,0.999999999996928,1.0562928150608009e-14,2.8997284277814664e-12,1.9643226694924086e-35
6785,3,3,0.9999999999969253,1.6193156621801465e-13,5.2013745060302056e-21,0.9999999999969253,1.0578215825317595e-14,2.902173374240135e-12,1.9640124267602644e-35
6786,3,3,0.9999999999968217,1.6693467402466144e-13,5.513484726240478e-21,0.9999999999968217,1.0938331023929568e-14,3.000444441075193e-12,2.0877876122477706e-35
6787,3,3,0.9999999999969297,1.6169963089393166e-13,5.1910428238097145e-21,0.9999999999969297,1.0564035846998765e-14,2.898115019122638e-12,1.957068049942634e-35
6790,3,3,0.9999999999969122,1.6270216665978532e-13,5.233549664984202e-21,0.9999999999969122,1.0621537366956927e-14,2.9144396796630417e-12,1.9779487407011475e-35
6791,4,4,0.9999361692565022,1.8708938710362484e-05,7.986010934312193e-07,2.5952964893243303e-05,0.9999361692565022,1.8370238800821896e-05,4.371913385616444e-22
6792,1,1,0.9999972027707189,0.9999972027707189,1.505921600742927e-11,7.602374190716053e-09,1.7072641234631704e-10,2.789441121278697e-06,7.2554461100087604e-34
6794,6,6,0.9674080604023325,0.00590630526357822,0.0058894086630573135,0.007351985761066765,4.851434928880363e-05,0.01339572556067636,0.9674080604023325
6796,5,5,0.9869772686332604,5.0939994700872405e-05,0.0009397787357344719,2.449219105265017e-07,3.591661576291828e-05,0.9869772686332604,0.011995851098630743
6797,3,3,0.9999999999969165,1.625418422229651e-13,5.226328768193208e-21,0.9999999999969165,1.0618336902327994e-14,2.910335664706543e-12,1.9712865206301015e-35
6798,1,1,0.9999972026824695,0.9999972026824695,1.5064232144944472e-11,7.600166635230442e-09,1.7066961214840652e-10,2.789531630061467e-06,7.269495880144945e-34
6799,5,5,0.9870992702154329,5.077645098128512e-05,0.0009441017914595125,2.4393212447032067e-07,3.588534617901625e-05,0.9870992702154329,0.01186972226382283
6800,1,1,0.9999971997391164,0.9999971997391164,1.5069423666286968e-11,7.613627932341553e-09,1.7099648407663212e-10,2.7924611898749716e-06,7.24788897025072e-34
6801,5,5,0.9871497803978603,5.073713303250756e-05,0.0009459201689783123,2.443971961788174e-07,3.589378665126425e-05,0.9871497803978603,0.011817424116281453
6802,1,1,0.9999971980983541,0.9999971980983541,1.5063015752044224e-11,7.630645518172592e-09,1.712263754130228e-10,2.7940847109254228e-06,7.2336571611684965e-34
6803,1,1,0.9999971987798604,0.9999971987798604,1.5065856110774637e-11,7.625538148312329e-09,1.7109814399927014e-10,2.793408437469188e-06,7.23893127201529e-34
6804,1,1,0.9999972007356227,0.9999972007356227,1.5057164092326357e-11,7.61649592132171e-09,1.7095737511276564e-10,2.791461866853115e-06,7.241482054374884e-34
6806,4,4,0.9999362128413708,1.869338567040157e-05,7.979054517903619e-07,2.5941168311070066e-05,0.9999362128413708,1.8354699195978477e-05,4.3572898740134045e-22
6807,5,5,0.9871043153786049,5.07207021684137e-05,0.000946639970687974,2.4372493858586043e-07,3.588890890125259e-05,0.9871043153786049,0.011862191314698855
6809,1,1,0.9999971925048319,0.9999971925048319,1.5113210373842334e-11,7.650770648069045e-09,1.7166714850230938e-10,2.7996576171229845e-06,7.271465551216489e-34
6810,4,4,0.999936206909515,1.8711011622577803e-05,7.991880297009816e-07,2.5911952153993836e-05,0.999936206909515,1.8370938678688992e-05,4.371609648363055e-22
6811,2,2,0.9860097481737398,3.828012022597791e-06,0.9860097481737398,0.005058772169556234,4.959839796609891e-06,0.008922691804884836,2.3108534924098204e-23
6812,3,3,0.9999999999969209,1.622090310295528e-13,5.212530116133894e-21,0.9999999999969209,1.0599585189918811e-14,2.9063068820262678e-12,1.9665666995493274e-35
6813,6,6,0.9674606978680359,0.00590231663667154,0.00588911517598312,0.007326750322753183,4.8417611257871875e-05,0.013372702385298382,0.9674606978680359
6814,2,2,0.9859681699841751,3.836770414214626e-06,0.9859681699841751,0.005078895885583238,4.9707736502019215e-06,0.008944126586177121,2.306287337016389e-23
6815,1,1,0.9999971932768287,0.9999971932768287,1.5105526147936912e-11,7.643211154239848e-09,1.7157113375486518e-10,2.798893283571507e-06,7.295892819213177e-34
6816,1,1,0.9999971998964348,0.9999971998964348,1.506796878964727e-11,7.619550258286966e-09,1.710287417287186e-10,2.7922979182845287e-06,7.251221434182783e-34
6817,5,5,0.9869810722845075,5.076636544017199e-05,0.0009437424463597178,2.436176269337056e-07,3.5873351322384216e-05,0.9869810722845075,0.011988301934743265
6818,3,3,0.9999999999968743,1.6500527494880012e-13,5.344850725022113e-21,0.9999999999968743,1.0775507817497214e-14,2.9500206081285536e-12,2.022791364662927e-35
6820,2,2,0.9857549853176675,3.922400121260266e-06,0.9857549853176675,0.005168111473120999,5.090381677212888e-06,0.00906789042741305,2.397730051857163e-23
6821,1,1,0.9999972009776431,0.9999972009776431,1.5061699391252665e-11,7.61353129213201e-09,1.7093541487270626e-10,2.791222828537775e-06,7.2469368098404394e-34
6822,4,4,0.9999361840182012,1.8703528915585463e-05,7.98416933305858e-07,2.5948159047565634e-05,0.9999361840182012,1.8365876902388865e-05,4.366583015729296e-22
6823,2,2,0.9859597368290615,3.850051121885783e-06,0.9859597368290615,0.0050801363426379465,4.980169768111599e-06,0.008951296607410614,2.3232195223873701e-23
6826,2,2,0.9859724861971838,3.845298138075033e-06,0.9859724861971838,0.005074814467083216,4.974244651375534e-06,0.008943879792943433,2.3101339422667812e-23
6827,6,6,0.9676727325186539,0.005859198384326322,0.005856674757032631,0.0072779697597027005,4.808928617514371e-05,0.013285335294109215,0.9676727325186539
6828,4,4,0.9999362633049679,1.8692566175538337e-05,7.989799470298751e-07,2.5889398340610845e-05,0.9999362633049679,1.8355750569016108e-05,4.367726456095491e-22
6829,4,4,0.9999361802821057,1.8715189731171522e-05,7.994629613350962e-07,2.5931471270867216e-05,0.9999361802821057,1.8373593930966588e-05,4.383302808837776e-22
6831,3,3,0.9999999999969191,1.6242297981729736e-13,5.222615712134125e-21,0.9999999999969191,1.0621588137054338e-14,2.907734071879398e-12,1.969490684969742e-35
6832,4,4,0.999936221391918,1.8686711692712586e-05,7.981359710001842e-07,2.5941089631328717e-05,0.999936221391918,1.835267078698826e-05,4.366981538922584e-22
6833,2,2,0.9859806594915494,3.834802826496536e-06,0.9859806594915494,0.005040603587989918,4.971404383780315e-06,0.008969930713250354,2.3712748754005027e-23
6834,5,5,0.9871436019037613,5.106846590155496e-05,0.0009389273854183407,2.4550277931855267e-07,3.595845320690925e-05,0.9871436019037613,0.011830198288932628
6835,2,2,0.9859516892820109,3.8514711382800244e-06,0.9859516892820109,0.005084127010880688,4.984352038874261e-06,0.008955347883931274,2.3411893542629484e-23
6836,1,1,0.999997200076802,0.999997200076802,1.5089730073465557e-11,7.606259339565053e-09,1.708695754526467e-10,2.7921309793958187e-06,7.304571179390187e-34
6838,3,3,0.9999999999969282,1.6167826102013403e-13,5.1945711875768586e-21,0.9999999999969282,1.0568767824283507e-14,2.8996044257003962e-12,1.9627982069335372e-35
6839,1,1,0.9999972032781322,0.9999972032781322,1.5059110599950674e-11,7.594819562894226e-09,1.7069314261351094e-10,2.7889412960108335e-06,7.245380770076891e-34
6840,5,5,0.987139105139529,5.0917000002113334e-05,0.0009427048972430385,2.4514128272420203e-07,3.595110674286979e-05,0.987139105139529,0.011831076715200289
6843,2,2,0.9859861102159017,3.837486211712302e-06,0.9859861102159017,0.005069618243464203,4.9695582317742496e-06,0.008935464496190653,2.31545719900648e-23
6847,1,1,0.9999971974123965,0.9999971974123965,1.5083815775138547e-11,7.62447802002946e-09,1.7123864534828771e-10,2.7947768029825496e-06,7.262594299199442e-34
6848,3,3,0.9999999999969251,1.6196042171069591e-13,5.2011939655637446e-21,0.9999999999969251,1.0579754868047723e-14,2.9024004181822317e-12,1.964352281013824e-35
6849,4,4,0.9999360929805666,1.87402864452077e-05,7.991435996087712e-07,2.598032661700805e-05,0.9999360929805666,1.8387262771591787e-05,4.373048090662949e-22
6851,5,5,0.9890156911005049,5.1365933063506484e-05,0.0009932975000101819,2.603289337635934e-07,3.644050191061295e-05,0.9890156911005049,0.00990294463557708
6852,6,6,0.9666324921597998,0.006057272275758698,0.006030239933231332,0.007502424305104247,4.9685407231798816e-05,0.013727885918874097,0.9666324921597998
6853,4,4,0.9999362191111411,1.8701464816504232e-05,7.991287626108355e-07,2.5915931631680182e-05,0.9999362191111411,1.8364363648125585e-05,4.380835017259144e-22
6854,3,3,0.9999999999969252,1.6197698895617004e-13,5.2009698484962335e-21,0.9999999999969252,1.0578552342083788e-14,2.9022503424305056e-12,1.9628039072177464e-35
6859,4,4,0.9999362001477581,1.867965034999638e-05,7.977821139994336e-07,2.5969421432093133e-05,0.9999362001477581,1.835299834591907e-05,4.365783056409661e-22
6861,4,4,0.9999362536275002,1.867925484180119e-05,7.979086369716075e-07,2.5923024469799077e-05,0.9999362536275002,1.8346184551353925e-05,4.361727821181616e-22
6862,5,5,0.9870246739236018,5.074716955047945e-05,0.000944907592932751,2.4425533301525104e-07,3.587762812370837e-05,0.9870246739236018,0.011943549430458134
6863,2,2,0.9859911148629792,3.834527201683895e-06,0.9859911148629792,0.005062802223950446,4.966177260299039e-06,0.00893728220860851,2.3161123754422215e-23
6864,2,2,0.9858528522497976,3.8833416446133395e-06,0.9858528522497976,0.005138420359344763,5.020365924029826e-06,0.008999823683289122,2.3194496097364938e-23
6865,4,4,0.9999362640089579,1.869013034574267e-05,7.987942823791492e-07,2.589432178787211e-05,0.9999362640089579,1.8352744626107607e-05,4.371119619966545e-22
6868,2,2,0.9859519005074405,3.850294599016991e-06,0.9859519005074405,0.005085015540961359,4.982020387610132e-06,0.008954251636611503,2.3213165468637646e-23
6869,3,3,0.9999999999969272,1.6186906688071718e-13,5.196929814905799e-21,0.9999999999969272,1.057340416503199e-14,2.9003653809005797e-12,1.9615369557634037e-35
6870,5,5,0.9869627989283292,5.0913706975452734e-05,0.0009408677053766131,2.449562399360704e-07,3.5916739456671506e-05,0.9869627989283292,0.012009257963622132
6871,2,2,0.9859485685156631,3.8549021176028665e-06,0.9859485685156631,0.005088673703495061,4.986412557978043e-06,0.008953916466166166,2.3243990827772823e-23
6873,1,1,0.999997200010199,0.999997200010199,1.5070589486071445e-11,7.617505334890742e-09,1.7113842667601922e-10,2.792186086701214e-06,7.237544841555274e-34
6874,2,2,0.9860094398786238,3.828881694460794e-06,0.9860094398786238,0.005055610782086971,4.959272644748329e-06,0.008926161184950095,2.31577780873159e-23
6875,6,6,0.9672227695534884,0.00594750040541629,0.005933892630193545,0.007368782457615742,4.880255136810088e-05,0.013478252401917985,0.9672227695534884
6876,1,1,0.9999972016650874,0.9999972016650874,1.505801588444956e-11,7.607844028081056e-09,1.708943734862473e-10,2.7905411161658023e-06,7.251595970198177e-34
6877,5,5,0.987046471406947,5.0831990428093673e-05,0.0009435959981527677,2.4332229088439703e-07,3.5868730793756675e-05,0.987046471406947,0.011922988551387494
6878,4,4,0.9999361892031341,1.870827456037563e-05,7.988600925437008e-07,2.593503299137117e-05,0.9999361892031341,1.836862922173207e-05,4.371331260899106e-22
6880,3,3,0.9999999999969188,1.6249243446056042e-13,5.217767423635165e-21,0.9999999999969188,1.0601321864087032e-14,2.90814206375544e-12,1.9683474908070453e-35
6881,4,4,0.9999361607422722,1.8713163224328725e-05,7.988029648712885e-07,2.5952421830544614e-05,0.9999361607422722,1.8374869707991253e-05,4.3668791970468155e-22
6882,1,1,0.9999971968989553,0.9999971968989553,1.5078331905640384e-11,7.627353707581591e-09,1.712094035639407e-10,2.795287403179394e-06,7.242798086672963e-34
6884,6,6,0.9674817507107771,0.005897670665287726,0.0058940125544888105,0.0073101616976351405,4.838110052433333e-05,0.013368023271286831,0.9674817507107771
6886,1,1,0.9999971962668411,0.9999971962668411,1.5109524906601028e-11,7.6325716610014e-09,1.7136335855090464e-10,2.7959141142827306e-06,7.280135303298597e-34
6887,1,1,0.9999971985824079,0.9999971985824079,1.5059923565439656e-11,7.623839145611355e-09,1.7112103474853532e-10,2.793607572059616e-06,7.238242424149005e-34
6889,5,5,0.9874941752654491,5.097253047579887e-05,0.0009587618838658015,2.479772135417503e-07,3.604386305696694e-05,0.9874941752654491,0.011459798479938733
6890,6,6,0.9661724071594113,0.0060874161644210115,0.006086391040030493,0.007543361619751745,5.03988897207013e-05,0.014060025126664709,0.9661724071594113
6892,3,3,0.9999999999969251,1.6202363332505714e-13,5.202107762981839e-21,0.9999999999969251,1.0577722502554741e-14,2.90229784231428e-12,1.962142015741102e-35
6894,1,1,0.9999972016522664,0.9999972016522664,1.504591403677978e-11,7.608178398750908e-09,1.7084541081173765e-10,2.7905536639188242e-06,7.219099554585345e-34
6896,2,2,0.9858747491405423,3.891291809999491e-06,0.9858747491405423,0.0051056628006335494,5.025441502053812e-06,0.00901067132551219,2.4199791222647983e-23
6897,5,5,0.9883282301621996,5.126843906450245e-05,0.0009665960997232261,2.5413550470384957e-07,3.6181841316520293e-05,0.9883282301621996,0.010617469322191432
6898,1,1,0.9999971899220705,0.9999971899220705,1.5174830219292703e-11,7.653085140725187e-09,1.717703609664163e-10,2.8022378990685025e-06,7.416734653950375e-34
6900,2,2,0.9831882160223746,4.9610714033011155e-06,0.9831882160223746,0.004773581178913731,6.296212266192184e-06,0.012026945515042098,9.566503775438779e-23
6901,3,3,0.9999999999969267,1.619350517281111e-13,5.1984697203281214e-21,0.9999999999969267,1.0577390805948291e-14,2.90084623875893e-12,1.9610565755777158e-35
6903,3,3,0.9999999999969281,1.6178846458700128e-13,5.197424087076292e-21,0.9999999999969281,1.057231566141162e-14,2.899517806875567e-12,1.9606507947735758e-35
6904,2,2,0.9856557021254467,3.970894403902942e-06,0.9856557021254467,0.004990763099111814,5.136754318159032e-06,0.009344427126719452,2.8964341182470784e-23
6907,3,3,0.9999999999969205,1.6225949620412865e-13,5.217010260779157e-21,0.9999999999969205,1.0607461878314155e-14,2.9065909572312377e-12,1.9691010872249184e-35
6909,5,5,0.9872425102344113,5.092487521961456e-05,0.0009386040205787791,2.4689776453559673e-07,3.593782154350686e-05,0.9872425102344113,0.01173177615048229
6910,4,4,0.9999361948829604,1.8684463464603984e-05,7.992982268431892e-07,2.5952482649604062e-05,0.9999361948829604,1.836887269859354e-05,4.390917405145044e-22
6914,6,6,0.9634949194837494,0.006475784245476067,0.00661460354746521,0.008177846008124037,5.4376430970860394e-05,0.015182470284214336,0.9634949194837494
6917,6,6,0.9676826261952219,0.005863230464429591,0.005857276479494092,0.007263388284082219,4.806931079364353e-05,0.013285409265978631,0.9676826261952219
6920,6,6,0.9667294866531971,0.006045025703209176,0.0060111670006903544,0.007487867081469951,4.9525391723773445e-05,0.01367692816970966,0.9667294866531971
6921,3,3,0.999999999996914,1.6267371397826624e-13,5.234380907185927e-21,0.999999999996914,1.0633539295634117e-14,2.9126763932878385e-12,1.9715297076836023e-35
6922,3,3,0.9999999999969215,1.6232623866787484e-13,5.2134195951142815e-21,0.9999999999969215,1.0598576036440424e-14,2.905678424993169e-12,1.9663393045805623e-35
6924,6,6,0.9672082236734567,0.005951083853892825,0.005929580033918782,0.0073859142745664125,4.881259073869991e-05,0.013476385573426598,0.9672082236734567
6928,4,4,0.999936290090299,1.867028751441858e-05,7.977807901823579e-07,2.5903362818098664e-05,0.999936290090299,1.8338478578312138e-05,4.363789748887914e-22
6929,1,1,0.9999971970481019,0.9999971970481019,1.508236117381982e-11,7.629115320443433e-09,1.7128427429125875e-10,2.795136416047858e-06,7.255436106253367e-34
6930,2,2,0.9859326230232729,3.85545865277169e-06,0.9859326230232729,0.005093121480847693,4.993067883698489e-06,0.008965406969342915,2.3398034810789463e-23
6931,4,4,0.9999361717728361,1.871691356467743e-05,7.992398030220675e-07,2.5936824225191882e-05,0.9999361717728361,1.837524957101334e-05,4.373824906101261e-22
6932,3,3,0.9999999999969273,1.6192883002561957e-13,5.199305321425307e-21,0.9999999999969273,1.0580448951550871e-14,2.9002121913512433e-12,1.962224837576791e-35
6933,5,5,0.9869913146327693,5.0922677992538886e-05,0.000937549958070135,2.4491505501338323e-07,3.59065309848683e-05,0.9869913146327693,0.011984061285128089
6934,3,3,0.9999999999969175,1.6241907396859905e-13,5.22392184772778e-21,0.9999999999969175,1.061742338314684e-14,2.909487478974042e-12,1.9720449562656266e-35
6936,4,4,0.9999362672900335,1.868417993732465e-05,7.985821674915655e-07,2.589789619045221e-05,0.9999362672900335,1.8352051671284557e-05,4.366970521136248e-22
6937,3,3,0.9999999999969243,1.6198271692985824e-13,5.203867952668348e-21,0.9999999999969243,1.058659371673912e-14,2.9030680445312838e-12,1.965281650941376e-35
6938,1,1,0.9999972024163278,0.9999972024163278,1.5056389788972275e-11,7.604213819351907e-09,1.7080153926203705e-10,2.7897936005006355e-06,7.2695447790926766e-34
6943,2,2,0.9858471330017013,3.89852518724845e-06,0.9858471330017013,0.005113350131849756,5.032033489353504e-06,0.009030586307772363,2.452094144236932e-23
6944,1,1,0.9999967776883671,0.9999967776883671,1.928735984578454e-11,9.299048209190628e-09,2.0552020714641027e-10,3.212787777173962e-06,1.5632772228582393e-33
6946,4,4,0.9999362817403429,1.867719862872143e-05,7.984699974406545e-07,2.5894712524128064e-05,0.9999362817403429,1.834787850686454e-05,4.365626373019263e-22
6947,4,4,0.9999362510563259,1.86792689042773e-05,7.992507558801712e-07,2.5912159754907703e-05,0.9999362510563259,1.8358264258995728e-05,4.385647380775696e-22
6948,3,3,0.9999999999969231,1.6206744144546494e-13,5.205379872260901e-21,0.9999999999969231,1.058301947331002e-14,2.904219268346493e-12,1.9644387973599156e-35
6949,3,3,0.9999999999969205,1.6225644330980643e-13,5.211075237799452e-21,0.9999999999969205,1.0593149380820377e-14,2.9067327459837724e-12,1.9683222620320392e-35
6950,5,5,0.9870554275596829,5.098016746370485e-05,0.000940247438121474,2.4489045019985717e-07,3.5926933961094255e-05,0.9870554275596829,0.011917173010320605
6952,3,3,0.9999999999969206,1.6227666039823515e-13,5.213834458200528e-21,0.9999999999969206,1.0596708519172903e-14,2.906571309940316e-12,1.967096796540255e-35
6954,1,1,0.9999972014418065,0.9999972014418065,1.5041379204110175e-11,7.613707322214669e-09,1.709079508261506e-10,2.7907585368711314e-06,7.220953102812075e-34
6955,5,5,0.9870170171419074,5.086390374978941e-05,0.0009427784230764499,2.442455039283861e-07,3.58990475457954e-05,0.9870170171419074,0.011953197238216666
6956,3,3,0.9999999999969091,1.6299446713098093e-13,5.2503546666358304e-21,0.9999999999969091,1.06584336568621e-14,2.9173078153000776e-12,1.9768306367621167e-35
6957,5,5,0.9870146950734073,5.0830113107945325e-05,0.0009404691531248668,2.4440623659707803e-07,3.590659973310192e-05,0.9870146950734073,0.01195785465439009
6958,2,2,0.9859709511791496,3.840883217894001e-06,0.9859709511791496,0.005079028140483792,4.973142807936779e-06,0.008941206654340795,2.310837783883943e-23
6959,2,2,0.985986465982826,3.838414713015905e-06,0.985986465982826,0.005067359039815099,4.968977092026947e-06,0.008937367585553904,2.3180379210752382e-23
6960,2,2,0.9859814254474246,3.840912439415096e-06,0.9859814254474246,0.005028771935761849,4.979660613822173e-06,0.008980982043760206,2.392757923663027e-23
6962,5,5,0.9870511549491328,5.0950418586601516e-05,0.0009386932315262087,2.449066892670345e-07,3.591873445554172e-05,0.9870511549491328,0.011923037759609567
6964,6,6,0.9673213640406775,0.005922924563955963,0.00591507050629494,0.007363666620642063,4.864843421878141e-05,0.013428325834210749,0.9673213640406775
6965,1,1,0.9999971942913773,0.9999971942913773,1.509307975567289e-11,7.641094131076726e-09,1.7147847486067563e-10,2.7978809570873225e-06,7.265147192984551e-34
6966,6,6,0.966894070755617,0.006004103989552666,0.005980210256199766,0.0074643828211519905,4.922634769151736e-05,0.013608005829787178,0.966894070755617
6967,5,5,0.9869468951140861,5.094933592929155e-05,0.0009383198706135119,2.4461941155063644e-07,3.5893030087326494e-05,0.9869468951140861,0.012027698029872205
6968,2,2,0.9858969447799051,3.868209538450857e-06,0.9858969447799051,0.005107984225554237,5.006650198062736e-06,0.008986196134804152,2.3406839043207856e-23
6969,2,2,0.9860031097888527,3.831177699517463e-06,0.9860031097888527,0.0050598648150128964,4.961820857696799e-06,0.008928232397577134,2.3102251219171672e-23
6970,5,5,0.9868790054434973,5.112357077807351e-05,0.000945283858685797,2.453159375195267e-07,3.595829908798249e-05,0.9868790054434973,0.012088383512013426
6971,3,3,0.9999999999969176,1.6255213449770308e-13,5.225632214050721e-21,0.9999999999969176,1.0615796235031633e-14,2.9092801409261445e-12,1.9681183960263764e-35
6973,4,4,0.9999362613228931,1.867880969054285e-05,7.980511607618707e-07,2.5915626986594325e-05,0.9999362613228931,1.8346189268984044e-05,4.365557479076474e-22
6975,5,5,0.9870610673962316,5.0921899174860026e-05,0.0009414635564505534,2.4483284736445076e-07,3.593811615835806e-05,0.9870610673962316,0.011910364199137304
6976,4,4,0.9999361539281871,1.8717267610926824e-05,7.990533734407358e-07,2.595220944099718e-05,0.9999361539281871,1.8377541387397204e-05,4.378052849841273e-22
6978,4,4,0.9999361469688381,1.8725903561970905e-05,7.99338881472449e-07,2.5946857871480473e-05,0.9999361469688381,1.8380930847001747e-05,4.374749522433875e-22
6979,3,3,0.99999999999692,1.6230047768978897e-13,5.213332884064083e-21,0.99999999999692,1.059443852728678e-14,2.9071448541345036e-12,1.9686504756082718e-35
6980,1,1,0.9999971994251619,0.9999971994251619,1.5060539682910968e-11,7.617106240720233e-09,1.7098644872940348e-10,2.7927716848991377e-06,7.237551334578342e-34
6982,1,1,0.9999971991297826,0.9999971991297826,1.5097710037839947e-11,7.61740256179473e-09,1.7103956043533718e-10,2.7930666776338095e-06,7.324480418526867e-34
6984,1,1,0.9999972013222098,0.9999972013222098,1.505490092608532e-11,7.613198852011734e-09,1.708776644048648e-10,2.7908786588072234e-06,7.235294457286186e-34
6986,2,2,0.9859518796496677,3.846308453813318e-06,0.9859518796496677,0.005070134579746783,4.98276011825763e-06,0.008969156702013403,2.3547511982161196e-23
6989,1,1,0.9999971980329718,0.9999971980329718,1.5091631683682426e-11,7.623590925989938e-09,1.7108905736191415e-10,2.794157256514668e-06,7.300976374714415e-34
6990,5,5,0.9871292185525129,5.0748243445008024e-05,0.0009469594177096816,2.446900510157601e-07,3.588463038059285e-05,0.9871292185525129,0.011836944465900757
6991,4,4,0.9999362219514014,1.869636017480827e-05,7.985582068646713e-07,2.592253944090567e-05,0.9999362219514014,1.836059077606647e-05,4.36596218662034e-22
6992,2,2,0.985913845953422,3.866018016995619e-06,0.985913845953422,0.005105317884700375,4.999472929296162e-06,0.0089719706709314,2.322901056140887e-23
6993,2,2,0.9860050244092984,3.825481075376816e-06,0.9860050244092984,0.00504784003582264,4.95806482136536e-06,0.008938352008982312,2.3257616841992415e-23
6994,2,2,0.9859210553580118,3.8662338471792025e-06,0.9859210553580118,0.005100990928261535,4.997379758344031e-06,0.008969090100121126,2.3321973793411746e-23
6995,5,5,0.994763136793231,5.447896563853568e-05,0.001283286089449353,3.643750160239637e-07,3.90923028867925e-05,0.994763136793231,0.0038596414737782194
6996,3,3,0.9999999999968883,1.6418463684794448e-13,5.3096106369423015e-21,0.9999999999968883,1.0745594178524806e-14,2.936730030870119e-12,2.006096519620864e-35
6997,3,3,0.9999999999969293,1.617092791530863e-13,5.187999033447973e-21,0.9999999999969293,1.0561465058197127e-14,2.8983714311910562e-12,1.9610584669101075e-35
6998,1,1,0.9999971984827998,0.9999971984827998,1.5073194682982357e-11,7.622751224480399e-09,1.7110047374497046e-10,2.7937082754000673e-06,7.237429613099914e-34
6999,1,1,0.9999972005960317,0.9999972005960317,1.5062746483291685e-11,7.609985267468734e-09,1.7092609355796376e-10,2.7916079942333687e-06,7.246459942232802e-34
7000,1,1,0.999997196022617,0.999997196022617,1.50867638092258e-11,7.640105908269781e-09,1.7142125882626552e-10,2.7961507691863752e-06,7.2640001125809104e-34
7002,3,3,0.9999999999968889,1.6412153662677545e-13,5.306364759006196e-21,0.9999999999968889,1.0740885033462325e-14,2.9361832805435593e-12,1.997211006243935e-35
7003,1,1,0.9999971921943708,0.9999971921943708,1.5103462963962623e-11,7.64855445162221e-09,1.7157680066354092e-10,2.7999703945843556e-06,7.277067284087706e-34
7004,5,5,0.9874330710103473,5.0713410409149686e-05,0.0009544781663200458,2.4602598391067104e-07,3.59240335778086e-05,0.9874330710103473,0.011525567353361802
7006,6,6,0.9661741041093949,0.0061735805488160374,0.006094495450152299,0.0076013457783817686,5.037918553403612e-05,0.01390609492772107,0.9661741041093949
7008,6,6,0.9675937154386905,0.005879573836784523,0.005872402617289214,0.0072846589498819945,4.8199383939168026e-05,0.01332144977341454,0.9675937154386905
7009,2,2,0.9860205310119605,3.826112170256256e-06,0.9860205310119605,0.005048467132441171,4.955889102679659e-06,0.008922219854325352,2.3187024329006747e-23
7010,4,4,0.9999361797902088,1.8704750161171238e-05,7.984459784487015e-07,2.5950437711363022e-05,0.9999361797902088,1.836657594022032e-05,4.372893592425136e-22
7011,2,2,0.9859530713570639,3.853247686128978e-06,0.9859530713570639,0.005075190662418608,4.987937837246699e-06,0.00896289679499419,2.350403652617023e-23
7014,4,4,0.9999361695327593,1.868598482918867e-05,7.979960897675042e-07,2.598217310353701e-05,0.9999361695327593,1.836431321820494e-05,4.376830841092154e-22
7015,5,5,0.987624298885106,5.0924853194988735e-05,0.0009596798836349988,2.480802192706882e-07,3.604957477294287e-05,0.987624298885106,0.011328798723071866
7017,1,1,0.9999972001398938,0.9999972001398938,1.5068407548907717e-11,7.611169451864217e-09,1.7095168342822472e-10,2.792062916709731e-06,7.252388082914034e-34
7018,4,4,0.9999362520764471,1.8681810940272354e-05,7.981306275219668e-07,2.5918711088538605e-05,0.9999362520764471,1.834927089663753e-05,4.372242910012404e-22
7019,6,6,0.9676552299427604,0.005869709647748749,0.005863015957233162,0.007269798365825265,4.809691084648542e-05,0.013294149175585947,0.9676552299427604
7020,6,6,0.9677648989293497,0.0058416385048510764,0.005841351255890503,0.007248371333240812,4.7956481069869595e-05,0.01325578349559809,0.9677648989293497
7025,6,6,0.9670692457440762,0.005975495752104472,0.005954530109966804,0.0074150254038357795,4.902473808293743e-05,0.013536678251933913,0.9670692457440762
7026,5,5,0.9869204072441776,5.089220302502583e-05,0.0009409291001753351,2.4424343815063443e-07,3.5886399288301934e-05,0.9869204072441776,0.012051640809895472
7027,6,6,0.9665992840032017,0.00606539581379514,0.006032349377630537,0.00751242290904116,4.972761945763014e-05,0.013740820276873797,0.9665992840032017
7032,5,5,0.9874576578657334,5.129013598496615e-05,0.0009293982192971534,2.518179875328258e-07,3.6047163977538933e-05,0.9874576578657334,0.011525354797019459
7035,5,5,0.9870859786493603,5.1045318663804854e-05,0.0009399638070804269,2.4567294505005186e-07,3.596714115561465e-05,0.9870859786493603,0.01188679941079468
7036,3,3,0.9999999999969242,1.6201668198854817e-13,5.20478245130451e-21,0.9999999999969242,1.058105284166254e-14,2.903223357301867e-12,1.964099480213247e-35
7037,4,4,0.9999361896334384,1.870002099421245e-05,7.991902732103761e-07,2.5942239565876726e-05,0.9999361896334384,1.8368915728329578e-05,4.372744412115527e-22
7040,4,4,0.9999358161677354,1.8785671680217953e-05,8.045310313664215e-07,2.6106397179776786e-05,0.9999358161677354,1.848723237322896e-05,4.432646631670807e-22
7041,2,2,0.9860266742039951,3.820471670180528e-06,0.9860266742039951,0.005030923110942009,4.951311058080892e-06,0.008933630902334682,2.33801942829946e-23
7042,1,1,0.9999972000652215,0.9999972000652215,1.506487805859479e-11,7.614466584578109e-09,1.7094923956938998e-10,2.7921342978024444e-06,7.238160283731953e-34
7045,3,3,0.9999999999969285,1.6180710743259006e-13,5.1940419047717356e-21,0.9999999999969285,1.0571104884911122e-14,2.899244182540131e-12,1.9611864923049514e-35
7046,1,1,0.9999971904198455,0.9999971904198455,1.519506039002905e-11,7.647416037758911e-09,1.7178005394656632e-10,2.8017457633722806e-06,7.468259445893439e-34
7047,1,1,0.9999972012589665,0.9999972012589665,1.5059664927811054e-11,7.614835871307698e-09,1.7100150622449652e-10,2.7909401365354e-06,7.242560265662801e-34
7050,1,1,0.9999972031925082,0.9999972031925082,1.5045751997246897e-11,7.604039810756441e-09,1.7077708018209073e-10,2.7890176292016893e-06,7.240096172671971e-34
7051,1,1,0.9999971939699996,0.9999971939699996,1.5123846882124743e-11,7.641792119526007e-09,1.7152514539818943e-10,2.7982015592317156e-06,7.325006016225154e-34
7052,6,6,0.9674793133612795,0.005898034373959284,0.005891648933228294,0.007313252663200201,4.8393889818198076e-05,0.013369356778514535,0.9674793133612795
7053,5,5,0.987046829175083,5.0869233418182336e-05,0.0009365558047471728,2.4607674981707054e-07,3.588933491648104e-05,0.987046829175083,0.011929610375085303
7056,4,4,0.9999361979716107,1.8697325366809772e-05,7.985968201787651e-07,2.5943837726189798e-05,0.9999361979716107,1.8362268476057447e-05,4.370882901025236e-22
7057,3,3,0.999999999996928,1.6173410465406326e-13,5.198241030175023e-21,0.999999999996928,1.0578150169690345e-14,2.8997849402884093e-12,1.9600394259104765e-35
7058,2,2,0.9857947622823827,3.910206712996248e-06,0.9857947622823827,0.005155158259865608,5.052072737211288e-06,0.00904111717830143,2.3803725929684938e-23
7062,2,2,0.9855421860644988,4.003333708879355e-06,0.9855421860644988,0.005247309908532919,5.147353165694954e-06,0.009201353340093662,2.575773852194867e-23
7063,1,1,0.9999972031695737,0.9999972031695737,1.5057883425638405e-11,7.597136662062957e-09,1.707579698576789e-10,2.789047473728748e-06,7.233742921280302e-34
7065,4,4,0.9999362289595162,1.869425094090727e-05,7.983586772253342e-07,2.5919345698023396e-05,0.9999362289595162,1.835908516765896e-05,4.36696100598746e-22
7066,3,3,0.9999999999969248,1.620527136778821e-13,5.2052421109335505e-21,0.9999999999969248,1.0587693508831824e-14,2.9025188914227104e-12,1.9618858902807558e-35
7067,2,2,0.9859725561942153,3.841829061849336e-06,0.9859725561942153,0.005073802587389441,4.9701274804315106e-06,0.00894482926185293,2.3120612166064012e-23
7068,6,6,0.9631176010341874,0.006601756073105387,0.006710246532235859,0.008336002052060325,5.490985134022863e-05,0.015179484457070831,0.9631176010341874
7069,2,2,0.9859709421810189,3.840669734946767e-06,0.9859709421810189,0.005079071417896496,4.9732025359354755e-06,0.008941172528813764,2.311272075339589e-23
7070,3,3,0.9999999999969261,1.620212124694424e-13,5.201669715293314e-21,0.9999999999969261,1.0586022758748267e-14,2.901397914694989e-12,1.959780099891524e-35
7071,5,5,0.9872245194265082,5.081073145061004e-05,0.0009466957608489023,2.4496022655698686e-07,3.5932300301981626e-05,0.9872245194265082,0.011741796820663739
7074,2,2,0.9859706353232163,3.836997831219483e-06,0.9859706353232163,0.005078063057209725,4.970683457970186e-06,0.00894249393828488,2.3094014850386457e-23
7076,5,5,0.9890114633575043,5.131947796997524e-05,0.0009893032865167146,2.6077611408928365e-07,3.639899983884658e-05,0.9890114633575043,0.009911254102056052
7077,4,4,0.9999362720829031,1.8676155454559346e-05,7.990135608835695e-07,2.5900933086114392e-05,0.9999362720829031,1.8351814995355045e-05,4.381591152698238e-22
7078,5,5,0.987044403022968,5.096181899865856e-05,0.0009400576923931793,2.4491532338037875e-07,3.593038132337043e-05,0.987044403022968,0.011928402168993359
7079,1,1,0.9999971981985227,0.9999971981985227,1.507653254813249e-11,7.619830071286573e-09,1.7115651432864948e-10,2.793995414192243e-06,7.250181452001824e-34
7081,2,2,0.9858911210927828,3.875003760840487e-06,0.9858911210927828,0.005107373205671351,5.013785118300696e-06,0.008992616912666736,2.3488841879358468e-23
7082,1,1,0.9999972004490564,0.9999972004490564,1.505657560102902e-11,7.611567102136088e-09,1.709411513822112e-10,2.7917533786962757e-06,7.224058617126968e-34
7083,1,1,0.9999972006622314,0.9999972006622314,1.5076624339342892e-11,7.607972295191601e-09,1.709196152952319e-10,2.791543800113675e-06,7.299634408673588e-34
7084,5,5,0.9886642024089322,5.156911791378062e-05,0.000994064182255122,2.6013218447665415e-07,3.6437368507200215e-05,0.9886642024089322,0.010253466790207196
7085,3,3,0.9999999999969226,1.6217668728694463e-13,5.207788072588251e-21,0.9999999999969226,1.0587544861898992e-14,2.9046849758139923e-12,1.9644863805594684e-35
7087,5,5,0.9870453331015904,5.0954640731014564e-05,0.0009383204403977862,2.451790107878588e-07,3.5924593898586766e-05,0.9870453331015904,0.011929222044371439
7088,4,4,0.9999362608014802,1.8682277612757928e-05,7.989358133341596e-07,2.5904562901380982e-05,0.9999362608014802,1.8353422192218464e-05,4.372935889189547e-22
7090,6,6,0.9670622503433443,0.005973007423975389,0.005951384815421382,0.007430638068727659,4.900037412331089e-05,0.01353371897440803,0.9670622503433443
7091,5,5,0.9870610130516047,5.0721340478147505e-05,0.0009468795411143399,2.4424265276438784e-07,3.5877898926570566e-05,0.9870610130516047,0.011905263925223503
7092,6,6,0.9669940791247208,0.005993514306648521,0.005949640733500167,0.0074525612059515665,4.9107256912813475e-05,0.013561097372266158,0.9669940791247208
7093,3,3,0.9999999999969174,1.6253082079942686e-13,5.2271305305835906e-21,0.9999999999969174,1.0626699796643828e-14,2.9094725214211097e-12,1.9702663698885258e-35
7094,3,3,0.9999999999969296,1.6182094903172567e-13,5.192055412613929e-21,0.9999999999969296,1.056956036620825e-14,2.8980122898329706e-12,1.9574936448726822e-35
7097,4,4,0.9999363052034526,1.8674464423993296e-05,7.977543878336755e-07,2.5885469646627988e-05,0.9999363052034526,1.8337108088931737e-05,4.361810293040878e-22
7098,2,2,0.985939511408632,3.845318761606515e-06,0.985939511408632,0.005092359623421527,4.9807494359304906e-06,0.008959302899749036,2.3220229828242767e-23
7099,3,3,0.9999999999969238,1.6203261636250486e-13,5.203009180472854e-21,0.9999999999969238,1.0582105929850158e-14,2.9037099825741127e-12,1.9668601103036068e-35
7100,6,6,0.9658377703831791,0.006223491752487826,0.006146396853972594,0.007694403752620703,5.0822739236160555e-05,0.014047114518503713,0.9658377703831791
7102,6,6,0.9671893263353043,0.0059337605427484015,0.005932845451146004,0.007396423710844977,4.885375463573118e-05,0.013498790205320582,0.9671893263353043
7103,5,5,0.9870689113656437,5.101245373112657e-05,0.0009389664233459896,2.453403358361917e-07,3.594646845504536e-05,0.9870689113656437,0.011904917948488388
7104,4,4,0.9999359010838484,1.871818398891459e-05,7.99654237510141e-07,2.616019180745745e-05,0.9999359010838484,1.8420886117721168e-05,4.378204811013683e-22
7105,5,5,0.9874174113669607,5.081394792741297e-05,0.0009527863076838628,2.4705434856736445e-07,3.596779905573677e-05,0.9874174113669607,0.011542773524023702
7108,1,1,0.9999971955688813,0.9999971955688813,1.5079398268372064e-11,7.636494760806371e-09,1.7130773432221192e-10,2.796608236756442e-06,7.2541521959957715e-34
7110,2,2,0.9859995402634854,3.8321671428865106e-06,0.9859995402634854,0.0050548313584589,4.963387410038325e-06,0.008936832823502874,2.32841657916398e-23
7113,3,3,0.9999999999969265,1.6178360410724452e-13,5.196695903708884e-21,0.9999999999969265,1.0570444569030337e-14,2.9012576101402265e-12,1.9659688609168813e-35
7115,4,4,0.999936175804741,1.8711377231594758e-05,7.993630534947719e-07,2.5941033581108524e-05,0.999936175804741,1.8372421392771456e-05,4.379310094420512e-22
7117,3,3,0.9999999999969242,1.6210057571141947e-13,5.202459512394222e-21,0.9999999999969242,1.0579365759731124e-14,2.903143528161361e-12,1.9637389761911483e-35
7118,5,5,0.9870238819328528,5.085326452426548e-05,0.0009420136721593478,2.445236579365487e-07,3.591393454418658e-05,0.9870238819328528,0.011947092672261515
7119,1,1,0.9999971933318187,0.9999971933318187,1.5138252709724628e-11,7.643538609368355e-09,1.7159057647346362e-10,2.798837913915381e-06,7.372020972574021e-34
7120,5,5,0.9870964747592297,5.0979170791209586e-05,0.0009370038364248355,2.450442915607613e-07,3.592054994775923e-05,0.9870964747592297,0.011879376639315034
7121,4,4,0.9999361380383784,1.872551223883124e-05,7.992544758033952e-07,2.595372356083155e-05,0.9999361380383784,1.8383471346161286e-05,4.3722669197629e-22
7122,3,3,0.99999999999692,1.6226160846015622e-13,5.2191891637876146e-21,0.99999999999692,1.0609167987447767e-14,2.9070706331120407e-12,1.9706167683930295e-35
7123,3,3,0.9999999999966007,1.7813239444061454e-13,6.054772842821243e-21,0.9999999999966007,1.1618781005891182e-14,3.2095609411785227e-12,2.4412915644382166e-35
7125,6,6,0.9674636883642767,0.005897549512406191,0.0058939328215497945,0.007314045092603872,4.844737236311173e-05,0.013382336836800415,0.9674636883642767
7126,5,5,0.9869937399847022,5.085335204305011e-05,0.0009459633846360197,2.442608852018721e-07,3.590863892018686e-05,0.9869937399847022,0.011973290378813284
7128,4,4,0.9999362576653003,1.8675370327267875e-05,7.983681883676707e-07,2.592085505188239e-05,0.9999362576653003,1.8347741132145027e-05,4.368734383872516e-22
7130,3,3,0.9999999999969202,1.6235502070108887e-13,5.217386905479326e-21,0.9999999999969202,1.060844376971173e-14,2.906875440525244e-12,1.965641127632499e-35
7132,6,6,0.9669424228819574,0.005990530060423249,0.005979599097194895,0.007454125860293473,4.919422708335407e-05,0.013584127873047636,0.9669424228819574
7133,1,1,0.9999971965953102,0.9999971965953102,1.507834769862646e-11,7.629938994507838e-09,1.7126859393736717e-10,2.7955884039342866e-06,7.257238518364557e-34
7134,2,2,0.985949582689181,3.8458561827415015e-06,0.985949582689181,0.005090046952749641,4.981021523378717e-06,0.008951543480363302,2.314416589451634e-23
7136,5,5,0.9870195915897674,5.104318055467442e-05,0.0009424333693615521,2.4588572661570803e-07,3.597383628158922e-05,0.9870195915897674,0.011950712138308239
7137,4,4,0.9999362270716657,1.8697468503680818e-05,7.986406398541005e-07,2.5918832846800255e-05,0.9999362270716657,1.8357986343935276e-05,4.370271648948255e-22
7139,1,1,0.9999971941987573,0.9999971941987573,1.5150266214954588e-11,7.633906971470505e-09,1.7137071636939397e-10,2.7979808148459786e-06,7.416447466218867e-34
7140,4,4,0.9999361897948876,1.8704395458107134e-05,7.992152760674264e-07,2.593564992817707e-05,0.9999361897948876,1.8370944449957804e-05,4.374889606711233e-22
7141,3,3,0.9999999999969226,1.6207571460521727e-13,5.2080335658963704e-21,0.9999999999969226,1.0585635628896244e-14,2.9048170106751515e-12,1.9660089662216516e-35
7144,6,6,0.9672133885469414,0.005955664345308277,0.0059309202951610945,0.0073751730974004615,4.877627079872885e-05,0.013476077444390047,0.9672133885469414
7146,5,5,0.9870017806851746,5.0708737818278245e-05,0.0009429733493159956,2.434920788056101e-07,3.587246929011327e-05,0.9870017806851746,0.011968421266322157
7148,4,4,0.9999362405473319,1.867917363013042e-05,7.980796230246654e-07,2.593306372023097e-05,0.9999362405473319,1.8349135694773983e-05,4.366659013341201e-22
7149,6,6,0.9672200670338956,0.005951129832698016,0.005929446421933062,0.007373516918959866,4.882013771039655e-05,0.01347701965480302,0.9672200670338956
7150,1,1,0.9999971993143917,0.9999971993143917,1.5082707077554267e-11,7.612646812292445e-09,1.7091613239790366e-10,2.7928869626139074e-06,7.269152966228949e-34
7151,3,3,0.9999999999969051,1.632797120788991e-13,5.262876364549164e-21,0.9999999999969051,1.0678042596254467e-14,2.9208854449023568e-12,1.9828590154923604e-35
7152,2,2,0.9860305026705501,3.821868186289302e-06,0.9860305026705501,0.0050384939398217116,4.953864746970194e-06,0.008922227656694917,2.3239481381799616e-23
7154,1,1,0.9999967952339932,0.9999967952339932,1.9174532352001532e-11,9.218193409704719e-09,2.045089874659504e-10,3.1953241298722698e-06,1.5469603109967015e-33
7156,1,1,0.9999971971353957,0.9999971971353957,1.5113504758799323e-11,7.627522531395793e-09,1.712946674887366e-10,2.7950506737323204e-06,7.339201303986433e-34
7158,4,4,0.9999362425906128,1.868614990547352e-05,7.98073660349654e-07,2.5923127613218497e-05,0.9999362425906128,1.83500582081324e-05,4.361726246901053e-22
7159,2,2,0.9859491547094097,3.849444468133839e-06,0.9859491547094097,0.005091962634126325,4.982579868977065e-06,0.008950050632126805,2.3186593767121932e-23
7161,1,1,0.9999972000702683,0.9999972000702683,1.506071370175129e-11,7.615042450922234e-09,1.7099587553869784e-10,2.7921286325976656e-06,7.234771653734022e-34
7162,2,2,0.9860310451525296,3.817068558423502e-06,0.9860310451525296,0.005034663488851944,4.948950955834403e-06,0.008925525339104226,2.3285567015449986e-23
7163,1,1,0.9999971943284154,0.9999971943284154,1.5097974024048908e-11,7.64135980705629e-09,1.7150283716025203e-10,2.797843624161747e-06,7.266056784226695e-34
7164,3,3,0.9999999999969218,1.6214627024753385e-13,5.207635734403727e-21,0.9999999999969218,1.0593280800715844e-14,2.905592586206882e-12,1.9680706303848352e-35
7165,5,5,0.9870208783590029,5.076947085728865e-05,0.0009417090434674085,2.440930257677633e-07,3.5868540305290014e-05,0.9870208783590029,0.011950530493341431
7167,6,6,0.967510933262029,0.005877834174307285,0.005880140554661382,0.007328003903562031,4.833323646247072e-05,0.013354754868977836,0.967510933262029
7168,4,4,0.9999362065700327,1.8692920202519147e-05,7.993255001058607e-07,2.5932422657269723e-05,0.9999362065700327,1.83687616074798e-05,4.374246126451145e-22
7169,4,4,0.9999361528900915,1.871179162612602e-05,8.006442411124807e-07,2.5944461001632797e-05,0.9999361528900915,1.839021303967268e-05,4.388878930787699e-22
7175,2,2,0.9859374082414634,3.853283564738832e-06,0.9859374082414634,0.0050145834438769825,4.99825161291183e-06,0.00903915677948194,2.476020710054266e-23
7176,3,3,0.9999999999969202,1.6219148988088004e-13,5.213920938970416e-21,0.9999999999969202,1.0600274939690703e-14,2.90698050646039e-12,1.971154021579697e-35
7178,2,2,0.9859745202310173,3.840733212672211e-06,0.9859745202310173,0.005075919517699825,4.972649479800255e-06,0.00894074686859043,2.3079099227756127e-23
7179,1,1,0.9999970359079698,0.9999970359079698,1.6681672572603097e-11,8.254253615399653e-09,1.8453149480861628e-10,2.955636563437717e-06,1.0029001591546496e-33
7180,1,1,0.9999971931053445,0.9999971931053445,1.5136741305255332e-11,7.647328278210598e-09,1.7165123641446098e-10,2.799060539112248e-06,7.382228284952231e-34
7181,5,5,0.9872504223829395,5.096145246804966e-05,0.0009443077692420672,2.453076099078657e-07,3.5947184397964664e-05,0.9872504223829395,0.011718115903342527
7182,2,2,0.9858900182119756,3.87478313202069e-06,0.9858900182119756,0.005100581012651232,5.014082730499956e-06,0.009000511909510716,2.3613561109764316e-23
7183,6,6,0.967391325650773,0.0059205934494978366,0.00590229086325484,0.007333769778412282,4.8507297254532514e-05,0.013403512960807506,0.967391325650773
7185,5,5,0.9870488237448012,5.087169409858614e-05,0.0009410151644251672,2.445981443469227e-07,3.5901878908082734e-05,0.9870488237448012,0.011923142919622614
7187,4,4,0.9999362460503074,1.8678014286963763e-05,7.989434995900524e-07,2.5920317824888616e-05,0.9999362460503074,1.8356674081139897e-05,4.382549975845061e-22
7188,4,4,0.9999361746881207,1.8713984469946365e-05,8.003533674936015e-07,2.592821947064004e-05,0.9999361746881207,1.8382754571194097e-05,4.400186114476476e-22
7190,5,5,0.9872044221246147,5.1035985465652524e-05,0.0009392824500831459,2.4668832679743065e-07,3.596568617710201e-05,0.9872044221246147,0.011769047065332678
7192,6,6,0.9673880684025415,0.00591652042034228,0.0058987556968727465,0.007341582346419376,4.8506024051884703e-05,0.013406567109772272,0.9673880684025415
7196,6,6,0.9675371625716207,0.005888161115224133,0.00588286872394862,0.007299708549799318,4.830341940173316e-05,0.013343795620005504,0.9675371625716207
7199,5,5,0.9870264541649689,5.0780830566726044e-05,0.0009420212928620148,2.4413762050041675e-07,3.58879616627021e-05,0.9870264541649689,0.011944611612319116
7200,3,3,0.9999999999969293,1.6176174066708698e-13,5.190184972176173e-21,0.9999999999969293,1.0568493172220337e-14,2.8983806113553916e-12,1.9607487399029614e-35
7201,6,6,0.9675682818123319,0.005878725139161752,0.005875673426156815,0.007300274127164357,4.82500810953225e-05,0.013328795414089887,0.9675682818123319
7202,1,1,0.9999971920582867,0.9999971920582867,1.515178994800831e-11,7.650974861848808e-09,1.7172744640634337e-10,2.80010385927851e-06,7.3917359483135576e-34
7203,4,4,0.9999361957120891,1.869355942891718e-05,7.979490881358752e-07,2.59538566341571e-05,0.9999361957120891,1.835892275971766e-05,4.367067069714351e-22
7205,1,1,0.9999972011155572,0.9999972011155572,1.5048984776854056e-11,7.609898807690406e-09,1.709017395496078e-10,2.791088593245844e-06,7.22607285414224e-34
7206,3,3,0.9999999999969268,1.6189722661329783e-13,5.196032311552983e-21,0.9999999999969268,1.0570054289722541e-14,2.9007864708309736e-12,1.9616165815246695e-35
7207,3,3,0.9999999999969219,1.6213428593186505e-13,5.21092475427317e-21,0.9999999999969219,1.059346495670952e-14,2.905454645892527e-12,1.966549458431605e-35
7208,3,3,0.99999999999692,1.6223359277293507e-13,5.216804359306591e-21,0.99999999999692,1.0604894192554882e-14,2.9071497381989434e-12,1.971719697567915e-35
7210,2,2,0.9860202896001571,3.8247814677067795e-06,0.9860202896001571,0.005048701848722651,4.956610576496385e-06,0.008922227159076068,2.3137391916424005e-23
7211,2,2,0.985960635505721,3.846995651457968e-06,0.985960635505721,0.005082456506585941,4.9788971157087765e-06,0.008948082094925973,2.3144220839392967e-23
7214,1,1,0.9999972005159842,0.9999972005159842,1.5069451462220095e-11,7.612069054715153e-09,1.7086473351731767e-10,2.7916860125313403e-06,7.267825215631106e-34
7215,6,6,0.9677222563458467,0.0058404463313317155,0.005845445871441774,0.007268673130172728,4.803617934217972e-05,0.013275142141864833,0.9677222563458467
7216,2,2,0.9860014016580662,3.8313768598223626e-06,0.9860014016580662,0.00505646150955658,4.9610216786048e-06,0.008933344433838874,2.314798585846477e-23
7217,2,2,0.9859890912064707,3.829963892699631e-06,0.9859890912064707,0.005057261447771169,4.9652756877488366e-06,0.008944852106177785,2.3455009680532177e-23
7218,1,1,0.9999971983437381,0.9999971983437381,1.5082791779630458e-11,7.6174897591994e-09,1.710949450731622e-10,2.7938525944828975e-06,7.2658076846240435e-34
7220,6,6,0.967431778826171,0.005906124785276384,0.0058986292588315455,0.007328534423530455,4.848898141324722e-05,0.013386443724777349,0.967431778826171
7224,1,1,0.9999972026264374,0.9999972026264374,1.5049023041012417e-11,7.603244730947085e-09,1.707381318649626e-10,2.7895845306632475e-06,7.236203966755655e-34
7227,5,5,0.9872647071698357,5.0774344610731016e-05,0.0009495294432154877,2.4499765679064163e-07,3.591831302521387e-05,0.9872647071698357,0.011698825731656039
7228,4,4,0.9999362265140105,1.8678453262930247e-05,7.984600573633673e-07,2.5942847219594505e-05,0.9999362265140105,1.8353725449690302e-05,4.376476898206807e-22
7229,1,1,0.9999971947896322,0.9999971947896322,1.508955884122882e-11,7.639461158814955e-09,1.714917582561821e-10,2.797384325250025e-06,7.258700430674166e-34
7230,3,3,0.9999999999969184,1.6231713051292217e-13,5.217099206337364e-21,0.9999999999969184,1.059695189271567e-14,2.9087884018175392e-12,1.9709774883186558e-35
7232,2,2,0.9857485490171856,3.939284698021632e-06,0.9857485490171856,0.005165770241453687,5.084376441320524e-06,0.009076657080221498,2.439701387564604e-23
7236,6,6,0.9670549551367746,0.005974487022049703,0.005954425929494649,0.00742392509944623,4.9060167548465575e-05,0.013543146644686341,0.9670549551367746
7238,4,4,0.999936080413028,1.8713489882209307e-05,8.004306190618716e-07,2.6005739935809448e-05,0.999936080413028,1.839992653499191e-05,4.389713480518108e-22
7239,6,6,0.9670558275283412,0.005974297172279722,0.0059621992968407304,0.007405104834132037,4.901976147810707e-05,0.013553551406928275,0.9670558275283412
7241,3,3,0.9999999999969127,1.6274634495362564e-13,5.2415680661657386e-21,0.9999999999969127,1.0656365049157489e-14,2.9138405958930923e-12,1.9743575221965023e-35
7244,6,6,0.9672682008183447,0.005942298038083048,0.005923227281388581,0.007363018840763342,4.873254488019785e-05,0.013454522476540096,0.9672682008183447
7245,3,3,0.9999999999969118,1.6281349510098767e-13,5.23597243520244e-21,0.9999999999969118,1.0627575633736383e-14,2.9147656642218484e-12,1.9753571666220864e-35
7246,2,2,0.985698449394094,3.99425110694627e-06,0.985698449394094,0.0051348823057214485,5.119605117391465e-06,0.009157554443960146,2.7539784179606496e-23
7247,4,4,0.9999362205546002,1.8678837541671914e-05,7.98935897281873e-07,2.5941735912212687e-05,0.9999362205546002,1.8359936048578355e-05,4.38672143371185e-22
7248,4,4,0.9999349409680338,1.892876398127768e-05,8.011324399433308e-07,2.6705325288643765e-05,0.9999349409680338,1.862381025633727e-05,4.394312718740411e-22
7250,1,1,0.9999971674106096,0.9999971674106096,1.5380547528639457e-11,7.727271566671064e-09,1.7362785145119555e-10,2.8246731102875307e-06,7.724733125309165e-34
7251,1,1,0.9999971766477538,0.9999971766477538,1.5318736987674727e-11,7.705573116217507e-09,1.72865078853498e-10,2.81545848929802e-06,7.667555946207143e-34
7252,1,1,0.999997191686208,0.999997191686208,1.5111814333017092e-11,7.649755769547985e-09,1.7163709923225476e-10,2.800477287276712e-06,7.271318186939304e-34
7255,5,5,0.9869996732491297,5.090961547748232e-05,0.0009415291389306198,2.449753032676057e-07,3.592184267065373e-05,0.9869996732491297,0.011971721178488189
7256,5,5,0.9870140064014085,5.073648614017584e-05,0.0009415838057796461,2.436896293496105e-07,3.585966435523224e-05,0.9870140064014085,0.011957569952687102
7260,1,1,0.9999971925867911,0.9999971925867911,1.510085020041442e-11,7.65238932963169e-09,1.7172410977848934e-10,2.799573994843302e-06,7.2809496432288345e-34
7262,5,5,0.9869978249628529,5.076285509715339e-05,0.000943753514423253,2.441982216075746e-07,3.588131003010079e-05,0.9869978249628529,0.011971533159374936
7263,2,2,0.9858952577956541,3.873886686827538e-06,0.9858952577956541,0.0051050183501371044,5.010899860682771e-06,0.008990839067661268,2.3531993411523444e-23
7264,2,2,0.9859911371951124,3.839395456186634e-06,0.9859911371951124,0.005066955432972695,4.968904749968726e-06,0.00893309907170875,2.3130109481509193e-23
7265,1,1,0.9999971967624971,0.9999971967624971,1.5085406196866233e-11,7.631504758758473e-09,1.7124758550192425e-10,2.7954196652411617e-06,7.2511512990433186e-34
7266,6,6,0.9674107757282285,0.005912177111628005,0.005901629167987326,0.007331763416507654,4.848850446570064e-05,0.013395166071182752,0.9674107757282285
7268,3,3,0.9999999999969207,1.621807819870854e-13,5.210225016095985e-21,0.9999999999969207,1.0595010427989029e-14,2.9066588684454267e-12,1.9710558598472882e-35
7269,1,1,0.9999971880577833,0.9999971880577833,1.519451331381255e-11,7.656450576323947e-09,1.7186430832701117e-10,2.8040987073446565e-06,7.494441744719909e-34
7270,2,2,0.9859551065045027,3.850967392194712e-06,0.9859551065045027,0.00508485668506442,4.981896799816219e-06,0.008951203946240868,2.334790967580112e-23
7271,3,3,0.9999999999969209,1.622217522889556e-13,5.217321569230131e-21,0.9999999999969209,1.0604551258977088e-14,2.9062579835100715e-12,1.9651691107580699e-35
7272,3,3,0.9999999999969272,1.618366156507619e-13,5.196607164811634e-21,0.9999999999969272,1.056665823262767e-14,2.9003626518621563e-12,1.9630039327317976e-35
7275,6,6,0.9667745668694402,0.006022098656346656,0.005985951145225936,0.007455980998852164,4.940149707453409e-05,0.013712000833060595,0.9667745668694402
7276,4,4,0.9999362412642312,1.8687901810597358e-05,7.984316388184183e-07,2.5917477929946235e-05,0.9999362412642312,1.8354924389448536e-05,4.3674389563413285e-22
7278,5,5,0.9873103564869555,5.1719455201275725e-05,0.0009432667119665454,2.512195449510066e-07,3.620795956716002e-05,0.9873103564869555,0.011658198166764501
7279,1,1,0.999997204207869,0.999997204207869,1.5048831005510615e-11,7.5977218233478e-09,1.7070488587473493e-10,2.788008655503583e-06,7.238478373957725e-34
7280,1,1,0.9999971928557669,0.9999971928557669,1.5104010015811224e-11,7.651778062972094e-09,1.7164799593032505e-10,2.7993057029570326e-06,7.286739815905361e-34
7281,5,5,0.9903563469744464,5.188666535890344e-05,0.0010398945496957032,2.75770251408275e-07,3.6878253940700934e-05,0.9903563469744464,0.008514717786306815
7282,5,5,0.9870489005304911,5.069650108025111e-05,0.0009425494991516805,2.439163232865642e-07,3.5862951192138173e-05,0.9870489005304911,0.011921746601761589
7283,3,3,0.9999999999969322,1.6152209362041913e-13,5.181292553654125e-21,0.9999999999969322,1.055110722033934e-14,2.8957830691013627e-12,1.9583978005004793e-35
7284,2,2,0.9859551388280472,3.836766025353938e-06,0.9859551388280472,0.005079717495022976,4.971981786507809e-06,0.008956334929118013,2.3208651571469928e-23
7285,5,5,0.9869061264125569,5.086022030889173e-05,0.0009391295025671598,2.441919137757844e-07,3.589728515078159e-05,0.9869061264125569,0.012067742387502425
7286,4,4,0.9999362130505222,1.8700359912750008e-05,7.988289888584227e-07,2.592385233233974e-05,0.9999362130505222,1.8363908243981153e-05,4.370016374969766e-22
7287,1,1,0.9999971985511606,0.9999971985511606,1.5078349555623184e-11,7.62249801539606e-09,1.7114406811047813e-10,2.793640118973064e-06,7.245518609334224e-34
7288,4,4,0.9999362406195337,1.8691283092385608e-05,7.98919076013028e-07,2.5907304351227696e-05,0.9999362406195337,1.8361873946722705e-05,4.371858876342658e-22
7289,4,4,0.9999361637273358,1.8702465241388913e-05,7.987814316443431e-07,2.59643761104739e-05,0.9999361637273358,1.8370649880608636e-05,4.382446978542942e-22
7290,6,6,0.9672218797057824,0.005943355468777097,0.0059315848643456265,0.007384720376482646,4.877843843903586e-05,0.013469681146173189,0.9672218797057824
7293,4,4,0.9999362076084461,1.8704730974889107e-05,7.987859574762032e-07,2.5923766746008616e-05,0.9999362076084461,1.8365107875487278e-05,4.368784745926061e-22
7294,1,1,0.9999971936257076,0.9999971936257076,1.51084203533016e-11,7.635814762676496e-09,1.715241941236823e-10,2.7985518449982203e-06,7.289125586419754e-34
7295,6,6,0.9676851748482053,0.0058669866699790985,0.005849582582320641,0.007262729775370126,4.805036477853474e-05,0.013287475759346357,0.9676851748482053
7297,3,3,0.9999999999967746,1.698195306458628e-13,5.6113795789027744e-21,0.9999999999967746,1.1091222040331543e-14,3.0445076921339407e-12,2.1738701949910754e-35
7298,5,5,0.9869605340219637,5.086935293520758e-05,0.0009401642198772868,2.449682041375896e-07,3.5901369162582286e-05,0.9869605340219637,0.012012286067857056
7301,4,4,0.9999362214175816,1.8698893899323204e-05,7.99245180549611e-07,2.5915161409479968e-05,0.9999362214175816,1.8365281929043968e-05,4.3772297231715545e-22
7303,4,4,0.9999361914548327,1.870874170984487e-05,7.986301569706448e-07,2.5934274654020307e-05,0.9999361914548327,1.8366898646447857e-05,4.366235401392416e-22
7304,6,6,0.9673861123972362,0.005915884584063448,0.00590721417362887,0.007329616444795093,4.851998403082965e-05,0.013412652416245681,0.9673861123972362
7305,6,6,0.9676383557232747,0.0058657856455585035,0.005864349605869737,0.007281867955599689,4.813288840853616e-05,0.013301508181288791,0.9676383557232747
7306,3,3,0.9999999999969247,1.6198396874868105e-13,5.20368383083292e-21,0.9999999999969247,1.05829877334597e-14,2.9028417580880375e-12,1.9639100525971702e-35
7307,3,3,0.9999999999969192,1.6213433756189493e-13,5.216148386478954e-21,0.9999999999969192,1.0600691540637433e-14,2.9080878338251507e-12,1.9710888626127648e-35
7308,4,4,0.9999362252073836,1.8698162485989435e-05,7.982736383744276e-07,2.591982324947143e-05,0.9999362252073836,1.8358533242665623e-05,4.3626239548934895e-22
7309,4,4,0.9999362675150502,1.8690866018166276e-05,7.987843242632149e-07,2.5887623573599862e-05,0.9999362675150502,1.8355211033719714e-05,4.368944509097701e-22
7310,3,3,0.9999999999969272,1.6181060016186382e-13,5.197877261370372e-21,0.9999999999969272,1.0573379823982925e-14,2.9004487900730955e-12,1.961665709007062e-35
7311,4,4,0.9999362364665787,1.8691236406411704e-05,7.988277191123841e-07,2.5915975100599452e-05,0.9999362364665787,1.8357494195249065e-05,4.371872147088149e-22
7312,2,2,0.9856981576216632,3.990509880689904e-06,0.9856981576216632,0.005160150160320831,5.1149277120387734e-06,0.009132586780423323,2.6229815447470784e-23
7314,1,1,0.9999971987660765,0.9999971987660765,1.5057091325548764e-11,7.628124471228219e-09,1.711423440250121e-10,2.793419599672163e-06,7.226642900295802e-34
7315,1,1,0.9999972021033877,0.9999972021033877,1.5057339584724174e-11,7.608536136776966e-09,1.7081380395603432e-10,2.7901022049992826e-06,7.250354652690167e-34
7316,6,6,0.9672171137620698,0.005946924784012936,0.005934943110392988,0.007374886442926343,4.881785539278202e-05,0.013477314045205253,0.9672171137620698
7318,3,3,0.999999999996923,1.6204058444275613e-13,5.206912489878362e-21,0.999999999996923,1.0589212411545002e-14,2.9043505168061e-12,1.9664359085936315e-35
7319,2,2,0.9856092920889322,4.010502363997278e-06,0.9856092920889322,0.005224907157192246,5.140897361220252e-06,0.0091566493541503,2.5416071533418967e-23
7320,2,2,0.9860003399197693,3.8264439952920755e-06,0.9860003399197693,0.005052185590086287,4.959324721062183e-06,0.00893868872142804,2.3282789453038335e-23
7321,2,2,0.9859802058708409,3.837177311536053e-06,0.9859802058708409,0.00507284611036561,4.968209546679973e-06,0.008938142631935214,2.3101496755784642e-23
7322,3,3,0.9999999999969159,1.6258137451417524e-13,5.229615170464706e-21,0.9999999999969159,1.063612785647321e-14,2.910922941131289e-12,1.9694960528604299e-35
7323,2,2,0.9858989012768695,3.873693983513813e-06,0.9858989012768695,0.005106701148202077,5.008967034277552e-06,0.008985514913910595,2.3678229543027935e-23
7325,2,2,0.985959807063244,3.8463947047543536e-06,0.985959807063244,0.005084847133461799,4.977871051294107e-06,0.008946521537538136,2.3111917140146094e-23
7327,1,1,0.9999971980806429,0.9999971980806429,1.509237490966751e-11,7.61914538906675e-09,1.710730884121414e-10,2.794114046303669e-06,7.312267440837996e-34
7329,5,5,0.9871136868015414,5.0890629774411686e-05,0.0009432944332055126,2.449199244635646e-07,3.594529154162701e-05,0.9871136868015414,0.011855937924012567
7330,4,4,0.9999362474574737,1.870092904570868e-05,7.992741081370128e-07,2.589178439943183e-05,0.9999362474574737,1.8360554973027867e-05,4.371929231840122e-22
7331,1,1,0.9999971197900153,0.9999971197900153,1.586068729414564e-11,7.924592696016253e-09,1.775500829053553e-10,2.8720919813621024e-06,8.52904340016381e-34
7332,3,3,0.9999999999969282,1.6172484478570726e-13,5.192030015876262e-21,0.9999999999969282,1.0565171696871977e-14,2.8994958254117618e-12,1.9613927909542146e-35
7333,5,5,0.9870965143764052,5.102331562221398e-05,0.0009431617956114659,2.4608161663418927e-07,3.5973060276603e-05,0.9870965143764052,0.01187308137046787
7335,2,2,0.9859281674836093,3.851573726653301e-06,0.9859281674836093,0.0050968694890403034,4.989200993372579e-06,0.008966122252630345,2.3328323618201278e-23
7337,2,2,0.9858412581840389,3.892588313000356e-06,0.9858412581840389,0.005142604479763071,5.042740711844625e-06,0.009007202007173035,2.3524018876140626e-23
7339,5,5,0.987271958226062,5.097702149241891e-05,0.0009461673447883093,2.4688778159169254e-07,3.599042207295151e-05,0.987271958226062,0.011694660097802748
7340,1,1,0.9999971932140279,0.9999971932140279,1.5104636300288394e-11,7.643261562290383e-09,1.7154102994563926e-10,2.7989560649543187e-06,7.269906281125184e-34
7342,4,4,0.9999361278792055,1.869970701090265e-05,8.001865139339794e-07,2.598409821775067e-05,0.9999361278792055,1.838812905195844e-05,4.386930906835762e-22
7343,3,3,0.9999999999958284,2.1127389960488976e-13,7.954620376397155e-21,0.9999999999958284,1.3970318849940321e-14,3.946240135248713e-12,3.734920519287784e-35
7345,1,1,0.9999971986209909,0.9999971986209909,1.5070814992685263e-11,7.623076995250178e-09,1.7106587799503712e-10,2.7935697955007316e-06,7.265865571715667e-34
7346,1,1,0.9999971953899404,0.9999971953899404,1.5086546207203557e-11,7.633298919510536e-09,1.7134168178197856e-10,2.7967903325362114e-06,7.251291145529408e-34
7347,2,2,0.9857781040717051,3.914252884305078e-06,0.9857781040717051,0.005155512883954232,5.056056978606492e-06,0.009057412734477905,2.4066226762474894e-23
7348,6,6,0.9668444530970904,0.006003948476607317,0.0059684156699367,0.007512050660310723,4.937208857288392e-05,0.013621760007481972,0.9668444530970904
7350,6,6,0.9675225879771568,0.005886348129683779,0.005869753879964477,0.007322042405721342,4.8310832710419434e-05,0.013350956774763171,0.9675225879771568
7351,4,4,0.9999362335805394,1.8690144985980577e-05,7.989197398714699e-07,2.5915862600207797e-05,0.9999362335805394,1.8361492134494245e-05,4.376780778533711e-22
7352,2,2,0.9859673241261215,3.846598394826859e-06,0.9859673241261215,0.005078507247028267,4.975375440802225e-06,0.00894534665301464,2.3252521322466815e-23
7356,2,2,0.9859714888184113,3.842560423657989e-06,0.9859714888184113,0.005078095296436219,4.97373161587903e-06,0.008941599593112862,2.3119814432763723e-23
7357,4,4,0.9999361029108137,1.8722323393581345e-05,7.997441858515909e-07,2.598168154711622e-05,0.9999361029108137,1.839334005974072e-05,4.377072010047835e-22
7359,1,1,0.9999972018246279,0.9999972018246279,1.5051695544771036e-11,7.609940566669905e-09,1.7085803669861004e-10,2.7903795217815435e-06,7.22432862709948e-34
7361,4,4,0.9999362359625982,1.8677939944177783e-05,7.980791132716659e-07,2.5940322651976282e-05,0.9999362359625982,1.8347695692446914e-05,4.365339249059878e-22
7362,6,6,0.9676121365880982,0.005872889962602273,0.005865409494121895,0.007289387665917089,4.820790837486752e-05,0.013311968380885652,0.9676121365880982
7363,1,1,0.9999971952324158,0.9999971952324158,1.5096639145208306e-11,7.63366130537217e-09,1.7140339417616712e-10,2.796947422893108e-06,7.268245959454418e-34
7364,5,5,0.9869922167320204,5.080783533962157e-05,0.0009423225256916439,2.4351502107103593e-07,3.587583678208115e-05,0.9869922167320204,0.011978533555145072
7365,3,3,0.9999999999969256,1.619028731256071e-13,5.1985473266483134e-21,0.9999999999969256,1.0574800250267302e-14,2.9020460107315875e-12,1.964893612900807e-35
7366,4,4,0.999936208285792,1.8709346150507804e-05,7.989506605935258e-07,2.5916380345930427e-05,0.999936208285792,1.836703705093722e-05,4.3688792322093565e-22
7368,3,3,0.9999999999969291,1.6166022853170136e-13,5.1949927497220285e-21,0.9999999999969291,1.0571388629211458e-14,2.898706075545096e-12,1.9606776450077884e-35
7369,6,6,0.9676313713737987,0.005867679141508748,0.005857176810037927,0.007286783772966223,4.814708132774748e-05,0.013308841820360668,0.9676313713737987
7372,2,2,0.9858263978029621,3.877961324912887e-06,0.9858263978029621,0.005139904862798875,5.01588511789153e-06,0.009024803487796076,2.366724827081182e-23
7373,4,4,0.9999361696647023,1.8693866844344876e-05,7.984599639042211e-07,2.5968210901840482e-05,0.9999361696647023,1.8369797587644726e-05,4.380067382528637e-22
7374,2,2,0.9859446776530191,3.8560535545278016e-06,0.9859446776530191,0.005084823571600365,4.990930575478256e-06,0.008961651791250523,2.333529828600503e-23
7376,3,3,0.9999999999969296,1.6174133341769845e-13,5.188794723083023e-21,0.9999999999969296,1.0565878642756201e-14,2.89814252016614e-12,1.959482411810105e-35
7377,4,4,0.9999361630005772,1.8699359414150424e-05,7.999733233286161e-07,2.5955616466061132e-05,0.9999361630005772,1.8382050219275798e-05,4.388637375704587e-22
7378,4,4,0.999936210497413,1.868009073407417e-05,7.978935939683906e-07,2.596093931263085e-05,0.999936210497413,1.8350578946321956e-05,4.365460336836958e-22
7381,5,5,0.9872139653297515,5.079670652407511e-05,0.0009461256482581833,2.449576102772396e-07,3.592354330406472e-05,0.9872139653297515,0.011752943814552014
7383,5,5,0.9872044875643087,5.081594943441346e-05,0.0009441863095477795,2.462532945585679e-07,3.5928520707466734e-05,0.9872044875643087,0.011764335402707113
7385,3,3,0.9999999999969013,1.635555354173241e-13,5.267153275458698e-21,0.9999999999969013,1.067645225737492e-14,2.9245706983996857e-12,1.987894783789901e-35
7387,6,6,0.9675481424460542,0.005874626741518137,0.005878421572045404,0.007311580483738373,4.828594241857738e-05,0.013338942814225246,0.9675481424460542
7388,2,2,0.9859594824136036,3.843677852836534e-06,0.9859594824136036,0.0050669254472452815,4.980933651172011e-06,0.008964767527647069,2.3513822601718237e-23
7389,1,1,0.9999972003239428,0.9999972003239428,1.5078504591230794e-11,7.614477523101055e-09,1.7093195812976513e-10,2.7918755692993157e-06,7.276870645203771e-34
7390,5,5,0.9869680584128045,5.0764343944367525e-05,0.0009420947775594705,2.4367618822200057e-07,3.5861086486945136e-05,0.9869680584128045,0.012002977703016456
7391,1,1,0.9999972023968305,0.9999972023968305,1.5043877323259724e-11,7.605694344254986e-09,1.7082029080250619e-10,2.7898116110611395e-06,7.230187400682471e-34
7392,1,1,0.9999971996317115,0.9999971996317115,1.506728141250699e-11,7.614965017696256e-09,1.7103668751219183e-10,2.7925672194980697e-06,7.245552648008063e-34
7393,2,2,0.9859635391715492,3.8500459226030315e-06,0.9859635391715492,0.005077188848642142,4.978726997097564e-06,0.008950443206888876,2.3186949364172513e-23
7394,6,6,0.96716386778562,0.005942396694689957,0.005946878587649827,0.007381044939283207,4.8879479452655025e-05,0.013516932513304287,0.96716386778562
7395,5,5,0.9870170749174412,5.100384359913934e-05,0.0009384194645811922,2.446544518791092e-07,3.591650217746247e-05,0.9870170749174412,0.011957340617749205
7396,5,5,0.986950983062679,5.081262017498376e-05,0.0009409363374633499,2.438679617183601e-07,3.587778435572521e-05,0.986950983062679,0.012021146327365203
7399,5,5,0.9870640264476525,5.079836203316831e-05,0.0009449951978829698,2.441355260856051e-07,3.59086034504531e-05,0.9870640264476525,0.011904027253454947
7400,1,1,0.9999971975769596,0.9999971975769596,1.5086646019032126e-11,7.62311020314915e-09,1.7116411314031702e-10,2.7946136795357116e-06,7.241310794535055e-34
7401,6,6,0.9668441973222938,0.005994223521424704,0.006004272954111799,0.007454277285982333,4.943684022742693e-05,0.01365359207596001,0.9668441973222938
7402,2,2,0.9860162257655246,3.825645933751163e-06,0.9860162257655246,0.005054038999642639,4.956801124303891e-06,0.008920952787774767,2.3125721569452972e-23
7404,5,5,0.9870590702662698,5.103888599221136e-05,0.0009385901604346181,2.4575021012592395e-07,3.595065034940402e-05,0.9870590702662698,0.0119151042867439
7407,3,3,0.9999999999969084,1.629054647577555e-13,5.245074582495529e-21,0.9999999999969084,1.0663738803015936e-14,2.91807266627026e-12,1.982790547317828e-35
7410,3,3,0.9999999999969216,1.6226101159234077e-13,5.212230150995156e-21,0.9999999999969216,1.0597091277599702e-14,2.9055449716029576e-12,1.9653186354057757e-35
7411,4,4,0.9999362002624266,1.8704276950676635e-05,7.986736776295878e-07,2.5931569724983766e-05,0.9999362002624266,1.836521722013324e-05,4.370077013141954e-22
7412,2,2,0.98596298725847,3.846319569779572e-06,0.98596298725847,0.005070558143191866,4.9820032990721106e-06,0.0089576262754693,2.3431164393623513e-23
7413,2,2,0.9857631224027718,3.948885533654507e-06,0.9857631224027718,0.005162905209269913,5.0775203599570294e-06,0.009064945982064762,2.484823561267786e-23
7414,1,1,0.9999971967556045,0.9999971967556045,1.507610750684106e-11,7.628619022908393e-09,1.7116286582734881e-10,2.7954295373649427e-06,7.258312695924443e-34
7415,1,1,0.9999971972268489,0.9999971972268489,1.507035322762207e-11,7.632584055548741e-09,1.7125160844056387e-10,2.79495424521078e-06,7.243296097283384e-34
7416,2,2,0.9859959388414943,3.843895036703499e-06,0.9859959388414943,0.005028227779906857,4.971703469912636e-06,0.008967017780092346,2.419710654784227e-23
7418,1,1,0.9999971985754045,0.9999971985754045,1.5084060310387982e-11,7.615234935857412e-09,1.7110092433556536e-10,2.793623175740924e-06,7.286105972711584e-34
7419,5,5,0.9869779306622648,5.0988415318947474e-05,0.0009402941051495094,2.452409222185732e-07,3.593538071355337e-05,0.9869779306622648,0.011994606195630935
7420,5,5,0.987145703695701,5.070303551768649e-05,0.0009478502287997377,2.4397298328111753e-07,3.587993762711355e-05,0.987145703695701,0.011819619129371291
7421,6,6,0.9668792046781988,0.00601027092745863,0.005989136598081598,0.007449976109431436,4.93483625400587e-05,0.013622063324289503,0.9668792046781988
7422,4,4,0.9999362635692592,1.8686620317245768e-05,7.98713103929396e-07,2.5899187011312554e-05,0.9999362635692592,1.835191030828628e-05,4.375951302861512e-22
7423,5,5,0.9870253010789476,5.081868820097234e-05,0.0009408409454893322,2.437248259027104e-07,3.5876291061745716e-05,0.9870253010789476,0.011946919271474577
7424,3,3,0.9999999999969208,1.622789464046215e-13,5.2129277060957916e-21,0.9999999999969208,1.0593805733615787e-14,2.906387882212113e-12,1.9676519740857492e-35
7427,3,3,0.9999999999969191,1.6233795927425247e-13,5.216598029768689e-21,0.9999999999969191,1.0595707071563182e-14,2.9080191780329784e-12,1.9756483524826385e-35
7429,4,4,0.9999362021405335,1.8704238247932246e-05,7.986524829127095e-07,2.59305470958528e-05,0.9999362021405335,1.8364421639792124e-05,4.372283602809612e-22
7430,6,6,0.9671491355339411,0.005945728144948724,0.0059520128518123295,0.007401854248537982,4.888313345789996e-05,0.013502386087301907,0.9671491355339411
7433,2,2,0.9859512867059096,3.847469964103387e-06,0.9859512867059096,0.005080573119479655,4.982154041546166e-06,0.008959310550605183,2.3316406657825358e-23
7434,3,3,0.9999999999969212,1.620187802454841e-13,5.207528324663813e-21,0.9999999999969212,1.0586001324636583e-14,2.9061921491782984e-12,1.9694709954875113e-35
7435,5,5,0.9884384629838614,5.2972405933345925e-05,0.0009984202055915415,2.7358290204095556e-07,3.695494013892178e-05,0.9884384629838614,0.010472915881572769
7436,5,5,0.9870099246813071,5.078995995489994e-05,0.0009437624668283693,2.4319583991139565e-07,3.587840538639084e-05,0.9870099246813071,0.011959401290683316
7438,2,2,0.9857525105990005,3.952971257190879e-06,0.9857525105990005,0.00516751929920564,5.082870342705016e-06,0.009070934260193928,2.520233021996462e-23
7439,3,3,0.9999999999969299,1.6168500042816331e-13,5.189150989738903e-21,0.9999999999969299,1.0563718120868281e-14,2.8978881139602024e-12,1.9585541555591688e-35
7440,1,1,0.9999971496392075,0.9999971496392075,1.5402584234294658e-11,7.785520631107673e-09,1.7469003704896714e-10,2.8423851792879444e-06,7.658990899863904e-34
7441,5,5,0.9869993749979219,5.078982460853102e-05,0.0009429338868225177,2.438905288168919e-07,3.5884734078798904e-05,0.9869993749979219,0.011970772666039473
7442,3,3,0.9999999999969257,1.6193689544418753e-13,5.201358571681054e-21,0.9999999999969257,1.0576046287373291e-14,2.9018210940334946e-12,1.9610647414582974e-35
7443,5,5,0.9873212626967309,5.08085101425184e-05,0.0009504890198676901,2.460616062781181e-07,3.5943833062177724e-05,0.9873212626967309,0.01164124987859036
7444,6,6,0.9675741665796677,0.005880343262293058,0.005874354232840275,0.007292808093301362,4.82518326770458e-05,0.01333007599922064,0.9675741665796677
7446,6,6,0.966948285407989,0.005999775155898265,0.0059705548954909786,0.0074436097624082905,4.919884555986935e-05,0.013588575932653613,0.966948285407989
7447,1,1,0.9999971908007371,0.9999971908007371,1.512272620218074e-11,7.653041928142767e-09,1.7179446353159549e-10,2.801359303754531e-06,7.291910390176594e-34
7448,1,1,0.9999971959173767,0.9999971959173767,1.5084682147950516e-11,7.635442120987293e-09,1.7137083652097442e-10,2.7962607256398165e-06,7.26621329944904e-34
7449,3,3,0.9999999999969245,1.6203239690731771e-13,5.2020048388268085e-21,0.9999999999969245,1.0577256340420162e-14,2.903004547842176e-12,1.9635063721890567e-35
7451,5,5,0.9869611956537537,5.084995920919524e-05,0.000941329832209205,2.443447016957306e-07,3.589754851703903e-05,0.9869611956537537,0.012010482661609097
7454,1,1,0.9999971950911295,0.9999971950911295,1.5089698789048588e-11,7.644160755629746e-09,1.71417021037775e-10,2.7970782030416297e-06,7.27348100232353e-34
7455,1,1,0.9999971974029382,0.9999971974029382,1.508033326634315e-11,7.627157521117567e-09,1.7123173224197148e-10,2.7947835921482766e-06,7.249826837681692e-34
7456,2,2,0.9854808425856555,4.054375125086044e-06,0.9854808425856555,0.004959865972649734,5.22708735906189e-06,0.00955000997921067,3.261735918306734e-23
7457,6,6,0.9661706488917524,0.006196361662219719,0.00607961115022471,0.007590439899217578,5.023014523294307e-05,0.013912708251352709,0.9661706488917524
7458,5,5,0.987675515382783,5.101813529828256e-05,0.0009629066788096998,2.49071180552219e-07,3.6098990793564535e-05,0.987675515382783,0.011274211741134969
7460,4,4,0.9999361189069128,1.870822842639552e-05,8.006557362773397e-07,2.5976736620776742e-05,0.9999361189069128,1.839547230379523e-05,4.395418962586479e-22
7462,5,5,0.9872564774847167,5.102182869859098e-05,0.0009412363763059779,2.4629372501719205e-07,3.5968377732505544e-05,0.9872564774847167,0.011715049638821218
7463,5,5,0.9870777816244465,5.080377515848648e-05,0.0009436055019687877,2.439441210230463e-07,3.589563408453179e-05,0.9870777816244465,0.011891669520220692
7466,5,5,0.9870130015144196,5.097608780864032e-05,0.0009356924490285123,2.4585211312419735e-07,3.593125369837736e-05,0.9870130015144196,0.011964152842931737
7467,6,6,0.9676398801498112,0.0058669621956966055,0.005867145949253569,0.007273418054415032,4.8140938251672194e-05,0.013304452712571975,0.9676398801498112
7469,2,2,0.9859757009356622,3.84405950855988e-06,0.9859757009356622,0.005075138233044701,4.973951875014072e-06,0.00894034281990941,2.3175469721162302e-23
7470,4,4,0.9999362563547305,1.8678991428571794e-05,7.979854528832814e-07,2.5921213122748065e-05,0.9999362563547305,1.834545526532294e-05,4.367249597855174e-22
7472,4,4,0.9999361600930331,1.8708560848242534e-05,7.99120851312107e-07,2.5956549463950776e-05,0.9999361600930331,1.8375675803455863e-05,4.371105970953941e-22
7473,4,4,0.9999361626562896,1.8700652338037115e-05,7.999400309475972e-07,2.5956971981543917e-05,0.9999361626562896,1.8379779359921473e-05,4.385065911823543e-22
7474,1,1,0.9999971953493435,0.9999971953493435,1.5123259442666964e-11,7.628486916646047e-09,1.713089518480631e-10,2.796835737339195e-06,7.342676810877228e-34
7475,3,3,0.9999999999969124,1.6277527898340647e-13,5.237387280153339e-21,0.9999999999969124,1.0627160073814245e-14,2.9142407428212694e-12,1.9742036009218638e-35
7476,3,3,0.999999999996927,1.6172163261353633e-13,5.192626748371646e-21,0.999999999996927,1.0564855738432558e-14,2.9007170878110834e-12,1.9645477068535476e-35
7477,2,2,0.9859619770801649,3.849958273159232e-06,0.9859619770801649,0.005078741604060937,4.980467565744228e-06,0.008950450889935242,2.3210395952955057e-23
7478,4,4,0.9999362749021885,1.867261362376554e-05,7.980116200816273e-07,2.5912033754299562e-05,0.9999362749021885,1.8342438813416327e-05,4.364061425987382e-22
7479,1,1,0.9999971951076836,0.9999971951076836,1.5093297260790527e-11,7.637045842493829e-09,1.7142106230362912e-10,2.7970687561759614e-06,7.25390307393095e-34
7481,1,1,0.9999971990186463,0.9999971990186463,1.5071016135520697e-11,7.625013558201093e-09,1.7122322420222966e-10,2.793170045967598e-06,7.256246029334005e-34
7482,1,1,0.9999972003360028,0.9999972003360028,1.5069139277492047e-11,7.613409605502936e-09,1.7097943951419217e-10,2.7918645390157206e-06,7.244594669782482e-34
7483,4,4,0.9999362467890369,1.868664638004782e-05,7.983228300445993e-07,2.5914879806991834e-05,0.9999362467890369,1.835336194604353e-05,4.36616981088922e-22
7484,4,4,0.9999362292489933,1.868715904419796e-05,7.988604411953853e-07,2.5924856811981703e-05,0.9999362292489933,1.835987470935635e-05,4.373454710642193e-22
7485,6,6,0.9668160385924754,0.006016843086162766,0.006016341856283893,0.007455842869058218,4.939331585037651e-05,0.013645540280169332,0.9668160385924754
7486,5,5,0.9872176648216879,5.082412609462625e-05,0.0009473975275322137,2.4510398428862043e-07,3.593077383837843e-05,0.9872176648216879,0.011747937646862565
7490,1,1,0.9999972023687835,0.9999972023687835,1.5050837260191753e-11,7.605911123299772e-09,1.7083877218799359e-10,2.7898394157467204e-06,7.222020419189989e-34
7491,2,2,0.9859798028825764,3.8372246801583766e-06,0.9859798028825764,0.005072551946636442,4.967657026711236e-06,0.008938840289080313,2.3097253231741868e-23
7493,5,5,0.9873018567269518,5.119682597806023e-05,0.0009327724723983142,2.49390067209516e-07,3.59876985065608e-05,0.9873018567269518,0.011677936886098052
7494,2,2,0.9856367953032013,3.939484097827375e-06,0.9856367953032013,0.005226650422591008,5.0906528097654e-06,0.009127524137300214,2.4149327252565297e-23
7495,5,5,0.9869865283841056,5.107076960649855e-05,0.0009488311784758213,2.4661654005751583e-07,3.5992109023752994e-05,0.9869865283841056,0.011977330942248314
7496,4,4,0.9999362281263506,1.870146951147603e-05,7.990667555006929e-07,2.5907757547545748e-05,0.9999362281263506,1.8363579834819658e-05,4.37454115826577e-22
7497,2,2,0.9859077694241911,3.869019954965529e-06,0.9859077694241911,0.005078586362696351,5.010904324694676e-06,0.009004764288832888,2.403276059544084e-23
7498,2,2,0.9860182209281074,3.8245797951438265e-06,0.9860182209281074,0.005039574385443089,4.956472582311395e-06,0.008933423634071926,2.3271752997140597e-23
7499,6,6,0.9665219192054493,0.006081601487970354,0.006042438746562883,0.007534066303617536,4.986896181113991e-05,0.013770105294588874,0.9665219192054493
7500,4,4,0.9999362589970142,1.868607230205292e-05,7.981852493701793e-07,2.590714663571395e-05,0.9999362589970142,1.8349598798629096e-05,4.365231191482227e-22
7501,6,6,0.967744358188859,0.005849928708484944,0.005850093482540591,0.007247683042111321,4.797101395512968e-05,0.013259965564049061,0.967744358188859
7502,2,2,0.9860101968511222,3.826753200986981e-06,0.9860101968511222,0.00505707077382342,4.9580314992444925e-06,0.00892394759035405,2.3097695869915932e-23
7503,5,5,0.9874953931144602,5.1197581193885666e-05,0.0009508019038799153,2.5143633993249247e-07,3.614351754065719e-05,0.9874953931144602,0.011466212446585456
7504,4,4,0.9999362531683179,1.8685161874057637e-05,7.991558383703266e-07,2.5905091797006594e-05,0.9999362531683179,1.8357422172604283e-05,4.37410615145638e-22
7506,2,2,0.9860122690196432,3.828677338735065e-06,0.9860122690196432,0.005056918244385103,4.959686799960575e-06,0.008922024371832945,2.3158364171143707e-23
7507,6,6,0.9674007911437965,0.005911776412495001,0.005905358313211988,0.007334023872505572,4.8503006605911144e-05,0.013399547251385032,0.9674007911437965
7509,2,2,0.9860153412628575,3.824077284572838e-06,0.9860153412628575,0.005050631792990404,4.954131041764863e-06,0.008925248735825798,2.3095108613874015e-23
7511,4,4,0.999936191136992,1.870636777913577e-05,7.997569689306598e-07,2.592798321132077e-05,0.999936191136992,1.837475504872181e-05,4.395197933235457e-22
7512,4,4,0.9999361624808547,1.870738366178467e-05,8.001680285916125e-07,2.5949614505246613e-05,0.9999361624808547,1.8380352949677175e-05,4.388642774941107e-22
7514,1,1,0.9999971961128046,0.9999971961128046,1.5099434802484723e-11,7.631481568456917e-09,1.7135935844815808e-10,2.7960692549771015e-06,7.299580038957433e-34
7516,2,2,0.9859156238410406,3.866249791166395e-06,0.9859156238410406,0.005091389970166748,5.0016333121154305e-06,0.008984118305689437,2.3839259059235906e-23
7517,5,5,0.9870381055950408,5.1199537392038416e-05,0.0009427890699189644,2.4769078987987783e-07,3.6017235075179684e-05,0.9870381055950408,0.011931640871783193
7518,6,6,0.9675258508211569,0.005891588712329588,0.005883060590088678,0.00730221148228147,4.8281429328770635e-05,0.013349006964814596,0.9675258508211569
7519,1,1,0.9999972017003922,0.9999972017003922,1.5055011253708682e-11,7.611014709235297e-09,1.708712286421484e-10,2.7905026668974733e-06,7.246849185317186e-34
7520,6,6,0.9670353490032696,0.005989547935344534,0.0059561159522914,0.007415847966706067,4.903727132731106e-05,0.013554101871061158,0.9670353490032696
7521,2,2,0.9859113467774623,3.864759714633469e-06,0.9859113467774623,0.005108771038589466,4.997761935304382e-06,0.008971019662298421,2.3232686423045773e-23
7522,4,4,0.9999360286572151,1.8756031567209975e-05,8.019216500518977e-07,2.59795404365247e-05,0.9999360286572151,1.843384913111785e-05,4.409442906963464e-22
7523,6,6,0.9641664747055546,0.00648471113923387,0.006484579601849459,0.008037999697364562,5.330058501300948e-05,0.01477293427098458,0.9641664747055546
7524,2,2,0.9859315499355766,3.854775928750901e-06,0.9859315499355766,0.0050965094650677325,4.988014754676498e-06,0.00896309780867223,2.3256651141261218e-23
7526,2,2,0.986050320193424,3.8121895914731604e-06,0.986050320193424,0.005023364616110439,4.9426122871790205e-06,0.008917560388586895,2.3261807874546083e-23
7527,5,5,0.9880281824087179,5.102253678079907e-05,0.0009690333887933615,2.511344454312142e-07,3.6137327172148704e-05,0.9880281824087179,0.010915373204090277
7529,2,2,0.9859841898486063,3.83497058630183e-06,0.9859841898486063,0.005070661083393152,4.967444209986359e-06,0.00893634665320436,2.308087290562341e-23
7530,6,6,0.9664651355166506,0.006058871145415336,0.006064757791797961,0.007576784271254828,4.990648460362042e-05,0.013784544790277634,0.9664651355166506
7531,2,2,0.9859885901686425,3.839234633450343e-06,0.9859885901686425,0.005068090358186592,4.967840712214534e-06,0.008934512397825264,2.309987770766473e-23
7534,6,6,0.9668889784511755,0.005986703187093316,0.005997317732377679,0.007462769736454043,4.931184509520093e-05,0.013614919047804264,0.9668889784511755
7536,3,3,0.9999999999969195,1.6228934922499426e-13,5.2162195158127726e-21,0.9999999999969195,1.0598122202958915e-14,2.9076208477988746e-12,1.966475656604484e-35
7537,2,2,0.9859716989480849,3.843149395107105e-06,0.9859716989480849,0.0050760389277640615,4.975566832544008e-06,0.008943443407923385,2.3187299441140956e-23
7538,2,2,0.9860073850124943,3.82957838699836e-06,0.9860073850124943,0.0050423411662938,4.96204867654268e-06,0.008941482194148502,2.3375926278053055e-23
7539,3,3,0.9999999999969238,1.6208850187824259e-13,5.206016065668478e-21,0.9999999999969238,1.0586875638619971e-14,2.9035806147400943e-12,1.9632275655545672e-35
7541,2,2,0.9859812655055153,3.840283064552157e-06,0.9859812655055153,0.005073347256539005,4.9697106477067e-06,0.008936577244233416,2.313783750372376e-23
7542,5,5,0.9870190544731677,5.0977374998867635e-05,0.0009385676181627619,2.453849394301226e-07,3.592420040389293e-05,0.9870190544731677,0.011955230948327298
7543,4,4,0.9999361683886682,1.8699044716440086e-05,7.993646023774107e-07,2.595926480677501e-05,0.9999361683886682,1.8373937206303946e-05,4.380726204277571e-22
7546,5,5,0.9895622876079215,5.327687395393665e-05,0.0008968411923427186,2.9989798475955924e-07,3.6921491094922325e-05,0.9895622876079215,0.009450372936702135
7547,4,4,0.9999362794116574,1.8671592007748838e-05,7.981175424213209e-07,2.5909350684780015e-05,0.9999362794116574,1.8341528107634635e-05,4.368448414458943e-22
7549,6,6,0.966897716170331,0.006005088436109877,0.005990046612366807,0.007438896467961341,4.9223996201518914e-05,0.01361902831702945,0.966897716170331
7550,2,2,0.9859703106343407,3.843127144050581e-06,0.9859703106343407,0.005077864433618035,4.974611395712916e-06,0.008943007193501535,2.3150750105771643e-23
7552,2,2,0.9859660786246617,3.843581348916829e-06,0.9859660786246617,0.0050144769826955754,4.9817122101402866e-06,0.009010619099083666,2.4335818961016412e-23
7553,5,5,0.9870013524377178,5.0967179361021595e-05,0.0009420668031182123,2.449868089058395e-07,3.593494294617032e-05,0.9870013524377178,0.011969433650047915
7554,1,1,0.999997195111533,0.999997195111533,1.5109186282837497e-11,7.640373639765448e-09,1.716684334218026e-10,2.7970613158173235e-06,7.297487905661589e-34
7555,2,2,0.9859841871173679,3.841378801895211e-06,0.9859841871173679,0.005054523545098507,4.974614273472244e-06,0.008952473344458171,2.3536214013498846e-23
7557,6,6,0.9652874554695899,0.00634085271946755,0.006237191851037043,0.0078031918366601935,5.163256613377568e-05,0.014279675557111467,0.9652874554695899
7558,2,2,0.9859722339324221,3.84417441920255e-06,0.9859722339324221,0.0050765393123633935,4.975463583492481e-06,0.008942407117211905,2.3139479806834677e-23
7559,4,4,0.9999361873064834,1.8698684165388178e-05,7.988745729436218e-07,2.5946442596575836e-05,0.9999361873064834,1.8368692181732153e-05,4.367203242448849e-22
7560,3,3,0.9999999999969263,1.618997376600545e-13,5.196405946917933e-21,0.9999999999969263,1.0573654525162482e-14,2.901198002269752e-12,1.963139715121598e-35
7561,6,6,0.9662879131654004,0.00614463657039218,0.006076114715729631,0.007572142363128727,5.020031121798578e-05,0.013868992874131084,0.9662879131654004
7562,1,1,0.9999971959764321,0.9999971959764321,1.5080270129759818e-11,7.632990974969324e-09,1.7130873133334394e-10,2.796204187850268e-06,7.263069059200076e-34
7563,3,3,0.9999999999969278,1.6172867733000926e-13,5.198901001863792e-21,0.9999999999969278,1.0581228363529257e-14,2.8999167489171242e-12,1.963024496162126e-35
7565,1,1,0.9999972017037865,0.9999972017037865,1.5047555090164677e-11,7.608813206886794e-09,1.7088625197893223e-10,2.7905014665487793e-06,7.22242164805975e-34
7566,2,2,0.9858079670687252,3.896459598669772e-06,0.9858079670687252,0.005066245898083493,5.046741586374137e-06,0.009116843832006307,2.5277370906530363e-23
7567,3,3,0.9999999999969272,1.61847578850742e-13,5.194915902446847e-21,0.9999999999969272,1.057258079015665e-14,2.9003681930876287e-12,1.9621094619539445e-35
7570,4,4,0.9999360808880903,1.8717301974449156e-05,7.990491750378343e-07,2.601342314618762e-05,0.9999360808880903,1.8389337614007775e-05,4.385769045968486e-22
7571,3,3,0.99999999999692,1.6218131207271782e-13,5.218281452158684e-21,0.99999999999692,1.0602080307333885e-14,2.9072030112584517e-12,1.9692966944910028e-35
7572,4,4,0.9999362447982998,1.868555632076391e-05,7.981141971642182e-07,2.5920277553033737e-05,0.9999362447982998,1.835125362926255e-05,4.369946611150847e-22
7573,3,3,0.9999999999969233,1.619769686784486e-13,5.206791819462758e-21,0.9999999999969233,1.0585358488889983e-14,2.9041203742704632e-12,1.9633098316517913e-35
7575,1,1,0.9999972025386452,0.9999972025386452,1.5050326211284178e-11,7.602710452694063e-09,1.707533157683091e-10,2.7896728406910657e-06,7.2388844329694e-34
7576,2,2,0.986038479321419,3.8186255395098365e-06,0.986038479321419,0.005035551750661746,4.949162114060058e-06,0.008917201140265694,2.3209507199807992e-23
7577,2,2,0.9859687433883946,3.837758791313473e-06,0.9859687433883946,0.005032668936085446,4.97706483534102e-06,0.008989772851893367,2.4050437600128242e-23
7578,2,2,0.985997869939308,3.829928949911641e-06,0.985997869939308,0.005030778031066064,4.965006709916495e-06,0.008962557093966084,2.374113306224258e-23
7579,3,3,0.9999999999969236,1.620247331502823e-13,5.208740279843761e-21,0.9999999999969236,1.059721901494482e-14,2.9039373980636853e-12,1.9649264564459742e-35
7581,4,4,0.9999362210088245,1.869776309750275e-05,7.9861437738868e-07,2.592393567801523e-05,0.9999362210088245,1.8358678022586612e-05,4.372334782972989e-22
7582,1,1,0.9999971956107503,0.9999971956107503,1.5092074454758922e-11,7.63473120024215e-09,1.7138278462520468e-10,2.7965680436993327e-06,7.257443488548969e-34
7584,4,4,0.9999362337311837,1.8694990139206774e-05,8.002476245414532e-07,2.590087670025864e-05,0.9999362337311837,1.8370154352307965e-05,4.378034794232061e-22
7585,4,4,0.9999361254081465,1.87397284896801e-05,8.007684570683186e-07,2.5936879737733627e-05,0.9999361254081465,1.8397215169122456e-05,4.390514765095923e-22
7586,4,4,0.9999362322606,1.869577788461975e-05,7.995134382658395e-07,2.5908158879362076e-05,0.9999362322606,1.836428919776143e-05,4.383257199053648e-22
7588,1,1,0.9999972019292312,0.9999972019292312,1.50669953112797e-11,7.604633630892148e-09,1.7088953168344264e-10,2.7902801786857944e-06,7.2692650727261785e-34
7589,1,1,0.9999971967102937,0.9999971967102937,1.51175920819891e-11,7.61951525313066e-09,1.7117216132676774e-10,2.795483901251099e-06,7.326032769951746e-34
7590,3,3,0.9999999999969214,1.6226302710020924e-13,5.2129111927277805e-21,0.9999999999969214,1.0594353000417935e-14,2.9057501790814965e-12,1.9656786358053988e-35
7592,6,6,0.9677199116072851,0.005848006873306917,0.0058488241908875895,0.007266334026783496,4.803797920804222e-05,0.013268885322528881,0.9677199116072851
7593,4,4,0.9999362041427569,1.8699082091669574e-05,7.985750017322802e-07,2.5935322945775077e-05,0.9999362041427569,1.836287720394544e-05,4.369072157669821e-22
7594,6,6,0.966347780212885,0.00610842672421976,0.0060740992850337894,0.007585545252357566,5.0085567792765915e-05,0.013834062957711033,0.966347780212885
7595,4,4,0.9999362691067242,1.8684581800017976e-05,7.984886949293405e-07,2.5897498863818615e-05,0.9999362691067242,1.8350323917042147e-05,4.369905189209461e-22
7596,2,2,0.9859840885859976,3.835325882533923e-06,0.9859840885859976,0.005071136721124336,4.968641696896092e-06,0.008935970725298644,2.3050751270571895e-23
7598,5,5,0.9870461673214725,5.0948566298821395e-05,0.000938140139197157,2.452701829545608e-07,3.594245519499075e-05,0.9870461673214725,0.011928556247653588
7599,4,4,0.9999362186807129,1.868807557909351e-05,7.977757576194632e-07,2.594323051307151e-05,0.9999362186807129,1.8352237437343004e-05,4.363377795642807e-22
7600,1,1,0.9999972006951312,0.9999972006951312,1.5054359882735256e-11,7.617934917800933e-09,1.7101344890475463e-10,2.791500866044914e-06,7.235733470681607e-34
7601,2,2,0.986026849779822,3.826228887408578e-06,0.986026849779822,0.005039112962250902,4.956419584156724e-06,0.008925254609455499,2.3377898261008054e-23
7602,3,3,0.9999999999969209,1.6216017352189823e-13,5.208239332348397e-21,0.9999999999969209,1.0584625779578962e-14,2.9063030090142298e-12,1.9693354182829398e-35
7606,2,2,0.9859539454800021,3.847271811004672e-06,0.9859539454800021,0.005087634019748929,4.979236380520905e-06,0.00894959399205744,2.3110284456103115e-23
7609,1,1,0.9999972007705247,0.9999972007705247,1.5050445738716377e-11,7.614925697743251e-09,1.709530013807439e-10,2.7914285461660583e-06,7.230864082380522e-34
7611,2,2,0.9857914840744955,3.914096203721307e-06,0.9857914840744955,0.005154281784381235,5.060816018136995e-06,0.009045259228901405,2.411557535976725e-23
7612,5,5,0.9871898210630715,5.091116725366096e-05,0.0009358066225083245,2.4677722606987433e-07,3.592030512878076e-05,0.9871898210630715,0.011787294064811639
7613,2,2,0.9859932057985606,3.832091497556253e-06,0.9859932057985606,0.005065813416793597,4.9640674323035885e-06,0.008932184625715918,2.31084434523511e-23
7614,1,1,0.9999972016675301,0.9999972016675301,1.5061666326563626e-11,7.605589391667623e-09,1.7082501274911356e-10,2.7905409938797434e-06,7.225754389505428e-34
7617,2,2,0.9859909355202439,3.834114420005809e-06,0.9859909355202439,0.005067459794433378,4.965333718211911e-06,0.008932805237184685,2.309880636760779e-23
7619,3,3,0.9999999999969261,1.620348561782681e-13,5.204011066947323e-21,0.9999999999969261,1.0587062922438908e-14,2.9013961413116866e-12,1.960286956663065e-35
7620,2,2,0.9858725413087811,3.8843557650132535e-06,0.9858725413087811,0.00511320169850519,5.024627242049864e-06,0.00900534800970668,2.3715296892812212e-23
7621,5,5,0.9872474445621154,5.088004774703257e-05,0.0009494835462733739,2.4713696552695966e-07,3.594781955442769e-05,0.9872474445621154,0.011715996887344244
7622,3,3,0.9999999999969287,1.617696270415269e-13,5.192749478764626e-21,0.9999999999969287,1.056611791150229e-14,2.899061106900229e-12,1.959604079944295e-35
7624,5,5,0.9872339075958089,5.1002849498525056e-05,0.0009435062777609122,2.462542625647709e-07,3.5985749071776383e-05,0.9872339075958089,0.011735351273597462
7625,2,2,0.9857339383330674,3.925264003273283e-06,0.9857339383330674,0.005188468225246829,5.079549278766258e-06,0.009068588628403613,2.36977714850857e-23
7626,6,6,0.9665651433018766,0.006071137082205038,0.006037638015565432,0.00752869373239819,4.9818736029252306e-05,0.013747569131925468,0.9665651433018766
7628,4,4,0.9999362472483421,1.8682445475992918e-05,7.98825291651207e-07,2.5915823278417175e-05,0.9999362472483421,1.8355657611954857e-05,4.384508559421408e-22
7629,3,3,0.9999999999969266,1.619765587337859e-13,5.198933562363462e-21,0.9999999999969266,1.0581097402854178e-14,2.9009169030106946e-12,1.9592893079419012e-35
7630,4,4,0.9999362475950055,1.8682237751559598e-05,7.987420461719328e-07,2.591869721504518e-05,0.9999362475950055,1.8352727981695772e-05,4.373693857611677e-22
7631,2,2,0.9859562578120973,3.845478436851116e-06,0.9859562578120973,0.005072592815505974,4.978859565273236e-06,0.008962325034394581,2.3530643284186356e-23
7633,3,3,0.9999999999969227,1.620583217422492e-13,5.206689911725834e-21,0.9999999999969227,1.0594176186464254e-14,2.904691620139458e-12,1.9681402897245205e-35
7634,3,3,0.9999999999967801,1.7051295829997882e-13,5.609771625241171e-21,0.9999999999967801,1.1259154380254327e-14,3.0381489016839023e-12,2.1219304181274166e-35
7635,5,5,0.9870316096625922,5.103233625809041e-05,0.0009404518381157822,2.451051526936709e-07,3.5947570155032805e-05,0.9870316096625922,0.011940713487726212
7637,6,6,0.9652741013392026,0.006308092114570411,0.006259999912856693,0.007824183161552199,5.174333397671932e-05,0.014281880137841515,0.9652741013392026
7638,6,6,0.9670576299889754,0.0059542908918188905,0.005972633185368268,0.007394932417783849,4.9051276971629403e-05,0.01357146223908201,0.9670576299889754
7639,2,2,0.9856474915841938,4.009998307120143e-06,0.9856474915841938,0.005186824927038082,5.133356104714986e-06,0.009156540134356262,2.652021246011443e-23
7640,3,3,0.9999999999969258,1.6193881230981097e-13,5.201206389120604e-21,0.9999999999969258,1.0579721674571351e-14,2.9016308256369098e-12,1.961968216082239e-35
7641,3,3,0.9999999999968812,1.6394717344694117e-13,5.2987113117669715e-21,0.9999999999968812,1.0714137452382924e-14,2.9441560228523693e-12,2.0302941262789104e-35
7642,4,4,0.9999362490327317,1.8684515945839244e-05,7.98818501518032e-07,2.5912413569516966e-05,0.9999362490327317,1.8355219251471656e-05,4.376107214317767e-22
7643,3,3,0.9999999999969291,1.6170408191792552e-13,5.188633817076634e-21,0.9999999999969291,1.0561736087572534e-14,2.8986751681206223e-12,1.9634642241866405e-35
7645,1,1,0.9999972023621064,0.9999972023621064,1.50438993922237e-11,7.603970962153983e-09,1.707303828739216e-10,2.7898481483435978e-06,7.22104337853473e-34
7647,4,4,0.9999359915934656,1.8749755691121085e-05,8.000579066790105e-07,2.604225261947359e-05,0.9999359915934656,1.841634031715263e-05,4.394504039480483e-22
7649,3,3,0.9999999999968161,1.687152184578807e-13,5.493540051646764e-21,0.9999999999968161,1.1033590499767234e-14,3.004118065642275e-12,2.0681477804704862e-35
7650,6,6,0.9668039553784106,0.006007842852907594,0.006003293345042941,0.007496922599713072,4.941532954821724e-05,0.013638570494377547,0.9668039553784106
7653,3,3,0.9999999999969296,1.617587233211395e-13,5.191783871540651e-21,0.9999999999969296,1.0568483770696999e-14,2.8981337501069527e-12,1.958942343073584e-35
7655,4,4,0.9999362689136878,1.8686067452028487e-05,7.984064682227374e-07,2.589536200120432e-05,0.9999362689136878,1.8351250390786112e-05,4.369376677481505e-22
7656,2,2,0.9860071386880941,3.827192152911898e-06,0.9860071386880941,0.005021816287815497,4.961263489723087e-06,0.00896225656844786,2.3881180904105618e-23
7658,6,6,0.9675481275798354,0.005881314398918929,0.005878951088086814,0.007302510298516994,4.828685613520338e-05,0.013340809778506608,0.9675481275798354
7659,5,5,0.9871031285383147,5.092497698102341e-05,0.000941921722573425,2.447100676003713e-07,3.593168570437329e-05,0.9871031285383147,0.011867848366358914
7660,3,3,0.9999999999968939,1.6382161479769562e-13,5.288831834794658e-21,0.9999999999968939,1.0710237776552398e-14,2.931572776472937e-12,1.9963790810697763e-35
7664,5,5,0.987048311559045,5.094355702141493e-05,0.0009490147638551591,2.464105380518083e-07,3.5986255362896286e-05,0.987048311559045,0.011915497454177375
7667,4,4,0.9999361043843656,1.871238913348778e-05,8.006787011439779e-07,2.5985249991128312e-05,0.9999361043843656,1.8397297808611e-05,4.401385956800192e-22
7668,1,1,0.9999972029171912,0.9999972029171912,1.5045572734426988e-11,7.60766670515914e-09,1.707944030343319e-10,2.789289302208403e-06,7.244251050208669e-34
7669,1,1,0.9999971984501709,0.9999971984501709,1.5098072128233132e-11,7.620205052783737e-09,1.7107567410366883e-10,2.793743450355762e-06,7.291888280857391e-34
7670,1,1,0.9999971985772842,0.9999971985772842,1.5069557354800663e-11,7.62155280577734e-09,1.7110303925690215e-10,2.7936149903499235e-06,7.250598396132588e-34
7671,1,1,0.9999971982376437,0.9999971982376437,1.507771829352889e-11,7.62558445900151e-09,1.711589115227231e-10,2.793950535213745e-06,7.268827406229726e-34
7675,2,2,0.98596829598258,3.840286888784477e-06,0.98596829598258,0.005075184587890448,4.973137529335813e-06,0.008947706005111435,2.316769765200307e-23
7676,4,4,0.9999361880246943,1.8702301434775667e-05,7.992355931973579e-07,2.5941132909886504e-05,0.9999361880246943,1.836930536782104e-05,4.387268485618823e-22
7677,4,4,0.9999361905728736,1.8690561408141823e-05,7.985140943822481e-07,2.595782710269729e-05,0.9999361905728736,1.8362524521171483e-05,4.372285925631905e-22
7678,5,5,0.9870299467565623,5.093540011076126e-05,0.0009415396287873239,2.4530380763750754e-07,3.59401734702316e-05,0.9870299467565623,0.011941392737261714
7679,4,4,0.9999362428303464,1.8676410332273746e-05,7.97833975307201e-07,2.5937195401098187e-05,0.9999362428303464,1.8345729944906048e-05,4.364604241121647e-22
7681,3,3,0.9999999999969215,1.6227090445080926e-13,5.213147418335738e-21,0.9999999999969215,1.0595921991487703e-14,2.905653517846627e-12,1.9660817999576502e-35
7682,1,1,0.9999971979950519,0.9999971979950519,1.5106740000509048e-11,7.62450674354846e-09,1.713362263919322e-10,2.7941939984272183e-06,7.320613530602273e-34
7683,2,2,0.98587533049393,3.8855093395497434e-06,0.98587533049393,0.005120689297177245,5.018077289189354e-06,0.008995076622264153,2.3684225917282673e-23
7684,6,6,0.9668350891003158,0.005997307310573742,0.005992627976634509,0.007433725410595282,4.931529753287774e-05,0.013691934904347778,0.9668350891003158
7685,2,2,0.985955453948252,3.851936125390345e-06,0.985955453948252,0.005078621034218623,4.985296510899605e-06,0.00895708778489305,2.3465031387744777e-23
7686,3,3,0.999999999996924,1.6207459827988326e-13,5.2078570197682004e-21,0.999999999996924,1.05934604706469e-14,2.903292737636472e-12,1.962295765767942e-35
7687,5,5,0.9870760516698007,5.073836025341853e-05,0.0009457950698749126,2.4394400392694464e-07,3.587436295146893e-05,0.9870760516698007,0.011891296593115545
7688,4,4,0.9999362762739226,1.868349798173993e-05,7.982667648742669e-07,2.5894144415378178e-05,0.9999362762739226,1.8347816915490185e-05,4.362868607276858e-22
7690,4,4,0.9999361279111256,1.869482939234038e-05,7.991353568249827e-07,2.5996321334726985e-05,0.9999361279111256,1.8381802790464397e-05,4.38490682218163e-22
7692,2,2,0.9859468942275551,3.854299032473194e-06,0.9859468942275551,0.0050909879605763675,4.985445736745126e-06,0.00895327806709929,2.3205277759757995e-23
7693,2,2,0.9858719877082307,3.885171989633574e-06,0.9858719877082307,0.0051251515211535375,5.016153410707664e-06,0.00899395944521533,2.3462986423244014e-23
7694,4,4,0.9999360772548012,1.8739087345276778e-05,7.999793281913298e-07,2.5981033686679142e-05,0.9999360772548012,1.840264483866453e-05,4.38562450608896e-22
7696,6,6,0.9676420976914213,0.005857294785817647,0.0058704479779124645,0.007274846252098953,4.8170279801039435e-05,0.013307143012948663,0.9676420976914213
7698,4,4,0.9999358182928012,1.880146562817028e-05,8.057297271084789e-07,2.6084659875496696e-05,0.9999358182928012,1.848985196806257e-05,4.441700062779866e-22
7699,4,4,0.9999361354056417,1.8727328812706083e-05,7.99003137026584e-07,2.5958858255686482e-05,0.9999361354056417,1.837940415281408e-05,4.376932008809107e-22
7701,2,2,0.9858993604686146,3.880958812039299e-06,0.9858993604686146,0.005106690012667964,5.009170097933479e-06,0.008985059389807567,2.3521095240697488e-23
7702,6,6,0.9672298295443195,0.005950622842019489,0.005933165002766881,0.007362602594879829,4.876106429378819e-05,0.013475018951720558,0.9672298295443195
7703,4,4,0.999936150130742,1.8701302407247853e-05,8.004089933731657e-07,2.5958745329985357e-05,0.999936150130742,1.83894125274278e-05,4.380681087972554e-22
7704,5,5,0.9869191837677318,5.091471707294742e-05,0.0009418231331926654,2.44633393635709e-07,3.592134173719352e-05,0.9869191837677318,0.012051912406871774
7705,2,2,0.9859442251732774,3.853430990072977e-06,0.9859442251732774,0.005086871140922337,4.9875400361074725e-06,0.008960062714774137,2.3272500944082418e-23
7706,2,2,0.9860244292670397,3.821298606758307e-06,0.9860244292670397,0.005024345062606424,4.955422691603443e-06,0.008942448949055494,2.3505952031969998e-23
7707,3,3,0.9999999999969125,1.6260306866911433e-13,5.237067568923076e-21,0.9999999999969125,1.062727510213163e-14,2.914190464920897e-12,1.9752731816075217e-35
7708,3,3,0.999999999996589,1.790926060297748e-13,6.081037056639314e-21,0.999999999996589,1.167522681587945e-14,3.220341072562679e-12,2.506498160199271e-35
7710,3,3,0.999999999996932,1.615041393374642e-13,5.18312677353325e-21,0.999999999996932,1.0552181647327114e-14,2.8959065919448594e-12,1.9580387376399564e-35
7713,3,3,0.9999999999969167,1.625266361293117e-13,5.221763680480483e-21,0.9999999999969167,1.0612260931778484e-14,2.9101705358273037e-12,1.97070925705204e-35
7714,4,4,0.9999362256011871,1.869549480026417e-05,7.985812868238987e-07,2.5920426610567824e-05,0.9999362256011871,1.835989611515151e-05,4.362859275473198e-22
7716,2,2,0.985961543255451,3.845515694378036e-06,0.985961543255451,0.005083028752932855,4.975213764575549e-06,0.008946607262157196,2.3113104885792694e-23
7718,1,1,0.9999971974744002,0.9999971974744002,1.5084099978288996e-11,7.622142437517896e-09,1.7116909245565395e-10,2.794717204243895e-06,7.245599194211412e-34
7719,6,6,0.9672308656716345,0.0059342707200627605,0.005907780804912194,0.007406848937157062,4.8733523912039954e-05,0.013471500342321432,0.9672308656716345
7720,4,4,0.9999362261991034,1.8688959484220626e-05,7.986701160745959e-07,2.5927574048693018e-05,0.9999362261991034,1.835859724759297e-05,4.374959949767688e-22
7721,3,3,0.9999999999969247,1.6190360484355954e-13,5.2056338747562485e-21,0.9999999999969247,1.0585933524900961e-14,2.9029544491321563e-12,1.9638827132698248e-35
7724,1,1,0.9999971955169504,0.9999971955169504,1.512760297963559e-11,7.621307077871485e-09,1.7122918653048868e-10,2.7966753858554912e-06,7.331489223454105e-34
7725,2,2,0.9860004383205965,3.829708641562421e-06,0.9860004383205965,0.00503667658576841,4.966026541926014e-06,0.008954089358451659,2.3706200244307615e-23
7726,5,5,0.9870690274808819,5.0750568644901146e-05,0.0009446893990538413,2.4383336171152737e-07,3.5876072587048595e-05,0.9870690274808819,0.011899412645470748
7727,6,6,0.9660478735568762,0.006136943336295962,0.00614521424407758,0.0076595450645998925,5.055683638239e-05,0.013959866961767977,0.9660478735568762
7728,5,5,0.9869707776331436,5.0827773566627075e-05,0.0009404254958210427,2.4371217400059917e-07,3.5887941418196136e-05,0.9869707776331436,0.012001837443876607
7729,1,1,0.9999971980707345,0.9999971980707345,1.5101336313940265e-11,7.621072262008492e-09,1.7113934924850814e-10,2.7941219526808786e-06,7.307166943968131e-34
7731,6,6,0.967172087027261,0.005957796913178108,0.005938996370479738,0.007389506059424327,4.884065322124403e-05,0.013492772976435637,0.967172087027261
7732,6,6,0.9674106402526754,0.005914505375827946,0.0058999897819669,0.007326580391336905,4.848870387271843e-05,0.013399795494320091,0.9674106402526754
7737,2,2,0.9860316812509976,3.817891295060446e-06,0.9860316812509976,0.005040823133741563,4.949127254916494e-06,0.008918728596710815,2.312734591870815e-23
7739,3,3,0.9999999999969251,1.6196051735405322e-13,5.201287393026113e-21,0.9999999999969251,1.0579359549342744e-14,2.9023078734553953e-12,1.9615121053258624e-35
7740,4,4,0.9999361011336624,1.8722415479408878e-05,8.01096065126768e-07,2.5975686557051192e-05,0.9999361011336624,1.8399668236018665e-05,4.396047738431468e-22
7741,6,6,0.9673873123503218,0.005897772269772651,0.005901916012927242,0.007339167080679118,4.856444250168069e-05,0.013425267843797512,0.9673873123503218
7743,3,3,0.999999999996924,1.618852895293176e-13,5.201928012228503e-21,0.999999999996924,1.057495729403824e-14,2.9035798509076227e-12,1.9670782521426642e-35
7745,4,4,0.9999359851935054,1.8785013882369613e-05,8.02079489633714e-07,2.5992293775239403e-05,0.9999359851935054,1.8435419347446977e-05,4.400045667733334e-22
7747,3,3,0.9999999999969114,1.6280903522596437e-13,5.245019625744574e-21,0.9999999999969114,1.0654663790612658e-14,2.9152383778546713e-12,1.9827006093743082e-35
7749,4,4,0.9999362594566334,1.8684828756157033e-05,7.991036633425478e-07,2.590063208038321e-05,0.9999362594566334,1.835597886663065e-05,4.373330876636181e-22
7751,6,6,0.9677664351388088,0.00584483947298085,0.005845111159085737,0.007241759304807016,4.795295890175523e-05,0.013253901965415885,0.9677664351388088
7752,4,4,0.9999359333523732,1.8762870823840427e-05,8.011688571696173e-07,2.6064463816400112e-05,0.9999359333523732,1.843814412938914e-05,4.396144986201548e-22
7753,5,5,0.9869082126926436,5.0871497389397e-05,0.0009401972587165494,2.440549896247827e-07,3.5885667945176463e-05,0.9869082126926436,0.012064588828315665
7754,2,2,0.9859372543779834,3.860666457987482e-06,0.9859372543779834,0.005078956356898492,4.996710619940818e-06,0.008974931888040199,2.362766096064285e-23
7756,2,2,0.9859211126747323,3.851753973311375e-06,0.9859211126747323,0.005103760743838998,4.988050311904709e-06,0.00896628677714355,2.3133554205110312e-23
7757,6,6,0.9667984495933841,0.006030299990258306,0.005998900598961159,0.007469337830700652,4.951134125203004e-05,0.013653500645443696,0.9667984495933841
7758,1,1,0.9999972031058648,0.9999972031058648,1.5043358838275302e-11,7.605718027130624e-09,1.7076112423751557e-10,2.7891026127149723e-06,7.237861924762021e-34
7760,1,1,0.9999972013870726,0.9999972013870726,1.5062359248668505e-11,7.610999802198741e-09,1.70859910733302e-10,2.7908160053174247e-06,7.2394150833765574e-34
7761,1,1,0.9999971988773428,0.9999971988773428,1.506195577843753e-11,7.624330442204382e-09,1.7113868767125597e-10,2.793312126204121e-06,7.235655364301955e-34
7762,6,6,0.9674045330163348,0.00590998388165914,0.005903968855207221,0.007332916592145686,4.852071321856366e-05,0.013400076941434616,0.9674045330163348
7763,4,4,0.999936203893868,1.8692505292924374e-05,7.985504485639805e-07,2.594253541569208e-05,0.999936203893868,1.83625149748447e-05,4.368281587717059e-22
7764,1,1,0.999997201628317,0.999997201628317,1.50512898221183e-11,7.613671119220407e-09,1.708545697707357e-10,2.7905721060885427e-06,7.24545563185873e-34
7766,3,3,0.9999999999969219,1.6224504024439156e-13,5.209023249827348e-21,0.9999999999969219,1.0589418303754105e-14,2.905302147384552e-12,1.9646532332957655e-35
7769,4,4,0.9999358626887471,1.8763179498047658e-05,8.045236918532838e-07,2.609702077474002e-05,0.9999358626887471,1.8472587288244832e-05,4.422705351254468e-22
7770,1,1,0.9999971896427011,0.9999971896427011,1.5130707219011992e-11,7.655946436061014e-09,1.7185742423247058e-10,2.80251436439716e-06,7.3186312000428655e-34
7771,1,1,0.9999971985258939,0.9999971985258939,1.5061218675248504e-11,7.623138553751011e-09,1.7111606511145007e-10,2.7936647904327297e-06,7.230476148445229e-34
7772,4,4,0.9999340515248644,1.9323088048768086e-05,8.279249732165422e-07,2.677398435456619e-05,0.9999340515248644,1.9023477759133532e-05,4.752013565011231e-22
7773,1,1,0.9999971959086237,0.9999971959086237,1.5080208508628927e-11,7.633767233035234e-09,1.7130371640561615e-10,2.796271225074448e-06,7.255152052446918e-34
7774,3,3,0.9999999999969243,1.6211445233096687e-13,5.2048789380293265e-21,0.9999999999969243,1.0586135182444822e-14,2.903050960951252e-12,1.96300923459412e-35
7775,1,1,0.9999971980312303,0.9999971980312303,1.5078101617534223e-11,7.621565986009038e-09,1.7112550832647555e-10,2.794161000153657e-06,7.253570386193362e-34
7777,1,1,0.9999972014064742,0.9999972014064742,1.5067654044150154e-11,7.613137767942699e-09,1.7092177464436252e-10,2.790794398725764e-06,7.280765074463215e-34
7778,1,1,0.9999971803542328,0.9999971803542328,1.5267470101667776e-11,7.697026792807988e-09,1.7266887321787774e-10,2.8117608040847342e-06,7.584882203838634e-34
7779,5,5,0.9901319094940227,5.17742666583412e-05,0.0010255390145120639,2.7242916689171267e-07,3.6771684667221e-05,0.9901319094940227,0.008753733110972727
7782,3,3,0.9999999999969255,1.6190189100892028e-13,5.203470027146011e-21,0.9999999999969255,1.0585163373325497e-14,2.9021612601388902e-12,1.9633052541304263e-35
7783,1,1,0.9999971940534842,0.9999971940534842,1.5112959950163928e-11,7.635255549440492e-09,1.7136330942340773e-10,2.7981247841277364e-06,7.278351621033748e-34
7784,2,2,0.9860041948907966,3.828853736907522e-06,0.9860041948907966,0.005059880984016034,4.959848061996132e-06,0.008927135423388438,2.3121667224645524e-23
7785,5,5,0.9869738162432852,5.089130610911494e-05,0.0009411185049801657,2.442879397226305e-07,3.58941831357445e-05,0.9869738162432852,0.011998035474550021
7786,2,2,0.9859614287827094,3.847595971577789e-06,0.9859614287827094,0.005081655170636367,4.979006997843782e-06,0.008948089443684767,2.312515225325479e-23
7787,3,3,0.9999999999969192,1.6243386560447488e-13,5.21619815343305e-21,0.9999999999969192,1.060337405731026e-14,2.907715314965766e-12,1.96600937162458e-35
7788,3,3,0.9999999999968967,1.6339932723132574e-13,5.2692756839978245e-21,0.9999999999968967,1.0666224022313961e-14,2.9292901760909773e-12,2.0015988256220613e-35
7789,3,3,0.9999999999969287,1.6175627279501667e-13,5.192776605751189e-21,0.9999999999969287,1.0570682591560797e-14,2.8990608763951416e-12,1.958663496433044e-35
7790,2,2,0.9859209912241502,3.865403542241888e-06,0.9859209912241502,0.005073433409385073,5.0038934520017585e-06,0.008996706069470449,2.3978182506318745e-23
7791,4,4,0.9999361979090682,1.867640251279079e-05,7.973696396913807e-07,2.5976186948430244e-05,0.9999361979090682,1.8352131830884e-05,4.355962557531638e-22
7793,4,4,0.9999362264744015,1.869341568276206e-05,7.985584712652884e-07,2.5923077346298246e-05,0.9999362264744015,1.8358474098231267e-05,4.379638849517291e-22
7794,3,3,0.9999999999969146,1.6259941613235694e-13,5.234010070672805e-21,0.9999999999969146,1.0627209307519468e-14,2.91211652879e-12,1.9728869190594104e-35
7795,6,6,0.9667730040221604,0.006029594468466168,0.0060108160814002776,0.007478439967344774,4.94670589914588e-05,0.013658678401636967,0.9667730040221604
7797,1,1,0.9999971955484184,0.9999971955484184,1.508975259121841e-11,7.627840386825704e-09,1.7128983932698832e-10,2.7966373617337194e-06,7.268131998053489e-34
7798,4,4,0.9999361958943167,1.870389512539141e-05,7.984895912103496e-07,2.5938425478326712e-05,0.9999361958943167,1.8363295488345543e-05,4.369798260571828e-22
7799,6,6,0.9666175429506483,0.0060660368619537145,0.006033768967394283,0.007457080074382876,4.964594954937757e-05,0.01377592519607143,0.9666175429506483
7800,4,4,0.9999362155582503,1.870008317253234e-05,7.98683691753905e-07,2.5925467086648493e-05,0.9999362155582503,1.8360207798817843e-05,4.372686033941082e-22
7802,2,2,0.9859472257758572,3.853038093621668e-06,0.9859472257758572,0.005090235959353343,4.98448468709811e-06,0.008953700742008708,2.3195217191781385e-23
7803,3,3,0.9999999999969276,1.6181233506819975e-13,5.197699650218005e-21,0.9999999999969276,1.0580304313788534e-14,2.900126322331529e-12,1.9605453796830546e-35
7807,6,6,0.9634797851870877,0.006598214856379853,0.006590433626003904,0.008255681453466649,5.4558145324816615e-05,0.015021326731737176,0.9634797851870877
7809,4,4,0.9999361349840984,1.871226816698235e-05,8.005212602393465e-07,2.5963310204078053e-05,0.9999361349840984,1.8388916270310622e-05,4.383211012645057e-22
7812,2,2,0.985924043702186,3.861438796169884e-06,0.985924043702186,0.005008637205778749,5.006524659982408e-06,0.00905845112857917,2.4953881557533356e-23
7813,4,4,0.9999362662615481,1.8676285649136918e-05,7.977853183758082e-07,2.5917864158301276e-05,0.9999362662615481,1.8341803326216755e-05,4.365251997578917e-22
7814,3,3,0.9999999999969226,1.6220807274350243e-13,5.21087490268559e-21,0.9999999999969226,1.0593071458419457e-14,2.904717835715213e-12,1.9625695864412899e-35
7815,1,1,0.999997087807316,0.999997087807316,1.6170658574804573e-11,8.04512158362079e-09,1.8008830658571686e-10,2.9039513034969505e-06,9.063254188031397e-34
7816,3,3,0.9999999999969295,1.6178694847194686e-13,5.191558932887404e-21,0.9999999999969295,1.0568896284329838e-14,2.8982188368199245e-12,1.9584711330240621e-35
7819,4,4,0.9999362690776971,1.8679531946136982e-05,7.984405113363263e-07,2.5903557114539552e-05,0.9999362690776971,1.8349392730916876e-05,4.364888240461986e-22
7821,6,6,0.9675729971941172,0.005878285205232409,0.005867807166584385,0.007304225973354648,4.822957805797743e-05,0.013328454882653454,0.9675729971941172
7822,5,5,0.9871785604173959,5.0964197156181655e-05,0.0009425910588073981,2.4497178763638504e-07,3.594516839816008e-05,0.9871785604173959,0.011791694186454638
7824,4,4,0.9999361791221049,1.871647472384403e-05,7.991356463266291e-07,2.5930223952135446e-05,0.9999361791221049,1.837504357284379e-05,4.36542686022827e-22
7826,2,2,0.9859016102621215,3.877673151034469e-06,0.9859016102621215,0.005108355258972453,5.009020999443767e-06,0.008981147784755528,2.3531343931770397e-23
7827,2,2,0.9860151255543215,3.824044764426086e-06,0.9860151255543215,0.005027579600334259,4.958679535611024e-06,0.008948512121044225,2.3518894373453186e-23
7828,1,1,0.9999971878551662,0.9999971878551662,1.5129682604866156e-11,7.665899211648081e-09,1.7200263447484167e-10,2.804291802261468e-06,7.303829245691891e-34
7830,5,5,0.9870548791939752,5.095863871608133e-05,0.0009404244674300524,2.446907376487369e-07,3.5920433770361354e-05,0.9870548791939752,0.011917572575370777
7832,4,4,0.9999361023548052,1.8726622601234253e-05,7.991357007884634e-07,2.5984563332489614e-05,0.9999361023548052,1.8387323560299185e-05,4.383719467835136e-22
7834,1,1,0.9999971989023292,0.9999971989023292,1.5059987989317124e-11,7.623338736727853e-09,1.7113912494631773e-10,2.793288133033513e-06,7.2369532112100055e-34
7837,4,4,0.9999362173714471,1.8696092013899398e-05,7.983647799060109e-07,2.593054203180128e-05,0.9999362173714471,1.835762972719765e-05,4.373384688392546e-22
7838,3,3,0.9999999999969149,1.6239259980506107e-13,5.223497199818091e-21,0.9999999999969149,1.0614835037798476e-14,2.911960386145253e-12,1.9786568956348677e-35
7839,4,4,0.9999360952560423,1.8689668827239333e-05,7.990054348817295e-07,2.603211998512557e-05,0.9999360952560423,1.8383949710468952e-05,4.377063326391623e-22
7840,5,5,0.9870039242560559,5.084438328304977e-05,0.0009422497871943818,2.4417446217395053e-07,3.591512472462274e-05,0.9870039242560559,0.011966822274279892
7842,2,2,0.9859570938091928,3.85252130983427e-06,0.9859570938091928,0.0050810896980729246,4.985505642324464e-06,0.008952978465782028,2.3310442654086667e-23
7843,3,3,0.9999999999969276,1.618005496425587e-13,5.1962419906778695e-21,0.9999999999969276,1.0576715281154328e-14,2.9001011768999777e-12,1.9621445541038515e-35
7844,4,4,0.9999360970553824,1.873659890484771e-05,7.99009380621885e-07,2.5977500289299404e-05,0.9999360970553824,1.8389836042777075e-05,4.36015649765453e-22
7846,5,5,0.9870729577549131,5.086246475008683e-05,0.0009387203644029393,2.443897342242147e-07,3.5889000770416054e-05,0.9870729577549131,0.011901326025429306
7847,3,3,0.9999999999969209,1.6220094556529238e-13,5.2123445795124425e-21,0.9999999999969209,1.0593689369907057e-14,2.90639908287944e-12,1.9689968446665846e-35
7848,1,1,0.9999972019774148,0.9999972019774148,1.5072006206558777e-11,7.605726541149455e-09,1.708239631568759e-10,2.7902309627440395e-06,7.283801502274368e-34
7850,3,3,0.9999999999969309,1.6167452775664353e-13,5.189491243315351e-21,0.9999999999969309,1.0565437970182737e-14,2.8969205046236735e-12,1.9564763682487276e-35
7851,1,1,0.9999971937871167,0.9999971937871167,1.5086915235025408e-11,7.645265034284837e-09,1.7150926787350726e-10,2.7983810220494974e-06,7.257065642510426e-34
7852,3,3,0.9999999999969281,1.6182070580207328e-13,5.196673472519836e-21,0.9999999999969281,1.0572674349083849e-14,2.8994825633417895e-12,1.958760324994992e-35
7853,5,5,0.9878877028939909,5.1281236417958885e-05,0.0009349041945851518,2.571322223872965e-07,3.611801514392888e-05,0.9878877028939909,0.011089736527639733
7855,1,1,0.9999971922640674,0.9999971922640674,1.5109824375143897e-11,7.64719818340856e-09,1.7159181051203433e-10,2.799902032744005e-06,7.28726626608949e-34
7857,6,6,0.9677052454340228,0.005853894739102446,0.005852478637195283,0.0072652232645772025,4.8040590318329166e-05,0.013275117334784018,0.9677052454340228
7859,1,1,0.9999972007673631,0.9999972007673631,1.5051866566298068e-11,7.617708434428462e-09,1.709908923131147e-10,2.7914288856873614e-06,7.226177271295279e-34
7860,6,6,0.9667293134119653,0.0060371885611226256,0.005977993410583105,0.007537630191030269,4.9507511802601424e-05,0.01366836691349609,0.9667293134119653
7862,4,4,0.9999362605911425,1.8686912525877612e-05,7.978687867595017e-07,2.5908408890264434e-05,0.9999362605911425,1.8346218654561156e-05,4.357527979369441e-22
7863,1,1,0.9999972010637329,0.9999972010637329,1.5085631086050692e-11,7.605155850029322e-09,1.7087602380041402e-10,2.7911451496803814e-06,7.307562619280713e-34
7864,5,5,0.986976630700876,5.094348887810918e-05,0.0009373984731279537,2.4528721783254896e-07,3.591908200344434e-05,0.986976630700876,0.011998862967896744
7866,6,6,0.9656546454571333,0.006254024897589433,0.006197258866741993,0.007712774038336147,5.1118239324360576e-05,0.01413017850087485,0.9656546454571333
7867,4,4,0.999936228730438,1.870191072765912e-05,7.993955321572868e-07,2.5904304437187944e-05,0.999936228730438,1.836565886509109e-05,4.376087534160751e-22
7868,5,5,0.9870117232237876,5.103989516691446e-05,0.0009416584784900365,2.452541284054959e-07,3.593803622455434e-05,0.9870117232237876,0.011959395112202495
7869,2,2,0.9859759934473494,3.845388714408318e-06,0.9859759934473494,0.005072030111059157,4.974142221880178e-06,0.00894315691065512,2.3238462273093644e-23
7871,4,4,0.9999361687700324,1.868935916896933e-05,7.983984985941177e-07,2.5975253910050664e-05,0.9999361687700324,1.836821838996339e-05,4.368888115255407e-22
7872,3,3,0.9999999999969275,1.6180837205223818e-13,5.200982160837577e-21,0.9999999999969275,1.057763397072367e-14,2.900235536256107e-12,1.9603106637651686e-35
7874,2,2,0.9859912799094901,3.8341001331745276e-06,0.9859912799094901,0.005060825951038492,4.968158301301648e-06,0.008939091881037003,2.3195316688590098e-23
7875,5,5,0.9871170923156236,5.0716009925080824e-05,0.0009485471270310376,2.437290024023024e-07,3.588914379396456e-05,0.9871170923156236,0.011847511674623935
7876,1,1,0.9999972011209598,0.9999972011209598,1.5061733759902633e-11,7.61003264258961e-09,1.7085890387620966e-10,2.7910830870149683e-06,7.25983920996884e-34
7878,3,3,0.9999999999969249,1.6188164640704045e-13,5.201868092727523e-21,0.9999999999969249,1.0577734149323837e-14,2.9027196326109956e-12,1.9664843330510486e-35
7879,5,5,0.9869883424157119,5.093482177540358e-05,0.0009396397669986084,2.44762141019909e-07,3.5917754841211064e-05,0.9869883424157119,0.011984920478531861
7881,3,3,0.9999999999969267,1.619716103387346e-13,5.199476776297877e-21,0.9999999999969267,1.0581587479219025e-14,2.900770486567608e-12,1.9620600857531514e-35
7882,2,2,0.985878739912048,3.87038999931083e-06,0.985878739912048,0.005118873247640416,5.00892153211981e-06,0.008993507528780255,2.3561889889052824e-23
7883,1,1,0.9999971991231495,0.9999971991231495,1.506006162216917e-11,7.623220156176322e-09,1.710828954526214e-10,2.7930674872613748e-06,7.232932595969694e-34
7885,1,1,0.9999971985515436,0.9999971985515436,1.5066296551553745e-11,7.626273571196163e-09,1.7114918794304409e-10,2.7936359673009774e-06,7.233682772742613e-34
7886,4,4,0.9999362061601443,1.8709624305811596e-05,7.994104959516995e-07,2.5915975741587874e-05,0.9999362061601443,1.8368829312289063e-05,4.385438486038566e-22
7887,5,5,0.987057983973431,5.102659126800302e-05,0.0009407240980007268,2.452263078302241e-07,3.5956438290018075e-05,0.987057983973431,0.011914063672702438
7888,1,1,0.9999971984483024,0.9999971984483024,1.509085655279402e-11,7.621058042563935e-09,1.7113840121682274e-10,2.7937444104702087e-06,7.308394182829193e-34
7889,2,2,0.9853835320369828,4.0863989873139e-06,0.9853835320369828,0.005315151235960844,5.2271378964390965e-06,0.009292003190172687,2.781976059717889e-23
7890,5,5,0.9869417213115469,5.086966117474954e-05,0.0009399563864660844,2.441654942981131e-07,3.5897232057037417e-05,0.9869417213115469,0.012031311243260963
7891,5,5,0.9884572345828204,5.119678386511013e-05,0.0009799430406604685,2.552700572908184e-07,3.626880539331811e-05,0.9884572345828204,0.01047510151720345
7892,6,6,0.9674512881801836,0.005902301111387461,0.005897849958870467,0.007317663307045105,4.844262082277158e-05,0.013382454821690652,0.9674512881801836
7893,4,4,0.999936173843968,1.8708302118582333e-05,7.991485936774972e-07,2.5944435899298506e-05,0.999936173843968,1.8374269420460358e-05,4.372369172752252e-22
7894,5,5,0.9872211854214082,5.08192086238545e-05,0.0009456729541914815,2.450604724840103e-07,3.591763360165328e-05,0.9872211854214082,0.011746159721702322
7895,4,4,0.9999362592274658,1.8676449635779092e-05,7.984690632171356e-07,2.5914445558489202e-05,0.9999362592274658,1.8351408276766295e-05,4.366670608095478e-22
7898,2,2,0.9859126298261817,3.873025267296959e-06,0.9859126298261817,0.00510105052203295,5.002865964378904e-06,0.008977443760553776,2.371984052640597e-23
7900,5,5,0.9874034266517773,5.1224144261382655e-05,0.000930444095593485,2.5140879555425873e-07,3.6032273338768886e-05,0.9874034266517773,0.011578621426233523
7901,1,1,0.9999972013574296,0.9999972013574296,1.504596109043263e-11,7.613130799449862e-09,1.709325137059234e-10,2.790843461122517e-06,7.220412258389982e-34
7902,4,4,0.9999362799457203,1.868003124698097e-05,7.98801311865713e-07,2.589323647225585e-05,0.9999362799457203,1.8347985248606247e-05,4.378604612027728e-22
7904,2,2,0.9860392742359011,3.8194579475470686e-06,0.9860392742359011,0.005036381768093596,4.9495453931630865e-06,0.008915574992664509,2.316373874151157e-23
7905,2,2,0.9857193961259075,3.986894168931704e-06,0.9857193961259075,0.005151270125483367,5.124310943968484e-06,0.00912022254349623,2.5437555031434733e-23
7906,4,4,0.9999362185053726,1.8680797172836386e-05,7.988476919886825e-07,2.5943540336256565e-05,0.9999362185053726,1.8358309426305724e-05,4.37595718674955e-22
7907,5,5,0.9871518445613894,5.072227998489899e-05,0.0009442094336909419,2.447874838754546e-07,3.5886817681701714e-05,0.9871518445613894,0.011817092119769267
7908,5,5,0.9870105624460758,5.0953748740927906e-05,0.0009367552017679817,2.452705949334416e-07,3.592124287677846e-05,0.9870105624460758,0.011965562089943605
7909,1,1,0.9999971973972809,0.9999971973972809,1.507070290744151e-11,7.626012170832395e-09,1.7122045376475919e-10,2.7947904157540245e-06,7.242549421273858e-34
7910,3,3,0.9999999999969159,1.625821302895251e-13,5.232023286042052e-21,0.9999999999969159,1.0632848378069384e-14,2.910934434595737e-12,1.9729407276566857e-35
7911,1,1,0.9999971904962763,0.9999971904962763,1.511426118106844e-11,7.6544832786571e-09,1.717691213269744e-10,2.8016623570043215e-06,7.2863268771788455e-34
7912,3,3,0.999999999996928,1.6180868645254337e-13,5.197117581067842e-21,0.999999999996928,1.0578982177104869e-14,2.8997203062192304e-12,1.9614155177168686e-35
7913,2,2,0.9859803157976424,3.833242460847353e-06,0.9859803157976424,0.005075251611384116,4.966289134636402e-06,0.00893563305937792,2.3094779653309458e-23
7917,2,2,0.9860127336846366,3.82799010714677e-06,0.9860127336846366,0.005054985212999478,4.956811059817341e-06,0.008923496301196904,2.318444813686677e-23
7918,5,5,0.9870417405544563,5.1058070761810844e-05,0.0009445843659761284,2.4658974069462366e-07,3.599673354481827e-05,0.9870417405544563,0.01192637368552035
7920,4,4,0.9999362200979816,1.8701543041637464e-05,7.99189459195554e-07,2.5913520380952092e-05,0.9999362200979816,1.8365649136748292e-05,4.38196249506421e-22
7921,4,4,0.9999362302270811,1.8687112816928274e-05,7.981635369584767e-07,2.593089753886078e-05,0.9999362302270811,1.835359902624245e-05,4.364795625226881e-22
7922,5,5,0.987192799161406,5.076321056732652e-05,0.0009482757862406736,2.446382636942138e-07,3.590949814080159e-05,0.987192799161406,0.011772007705381426
7923,4,4,0.9999362171707891,1.8695378252779287e-05,7.985252395368418e-07,2.5925344062856168e-05,0.9999362171707891,1.8363581655786558e-05,4.367906566768771e-22
7924,1,1,0.9999971977519169,0.9999971977519169,1.5091265870311916e-11,7.62609700625558e-09,1.7119239572874234e-10,2.7944357025791207e-06,7.295155550662411e-34
7925,4,4,0.9999362314422768,1.869521969909622e-05,7.986875678347903e-07,2.5916401390945096e-05,0.9999362314422768,1.8358249065322904e-05,4.370377749309211e-22
7926,5,5,0.987061712096103,5.101783384798934e-05,0.0009383934795373916,2.4494044437268395e-07,3.5932389835383444e-05,0.987061712096103,0.011912699260231894
7927,5,5,0.9870311330456251,5.101231876098925e-05,0.0009390266232983866,2.454359169325762e-07,3.595678038192781e-05,0.9870311330456251,0.011942625796016732
7928,4,4,0.9999362746903123,1.8673209204195887e-05,7.98270096028608e-07,2.5906837168205224e-05,0.9999362746903123,1.8346993219271737e-05,4.369789604759487e-22
7929,6,6,0.9672143922180935,0.005949144553353454,0.005937571532134571,0.00737101722443012,4.877743523475614e-05,0.013479097036753639,0.9672143922180935
7930,2,2,0.9859716476539278,3.843820453460692e-06,0.9859716476539278,0.0050765464883163434,4.975941799565229e-06,0.008942986095502883,2.323863702258305e-23
7931,1,1,0.9999972015244349,0.9999972015244349,1.5047189276153028e-11,7.610387783480007e-09,1.7083574306263247e-10,2.790679294340154e-06,7.215966682241693e-34
7932,2,2,0.9859897893306508,3.833013053417681e-06,0.9859897893306508,0.005041254319002552,4.9682148947053525e-06,0.008960155122398415,2.380925283196364e-23
7934,4,4,0.9999362548808804,1.868347199937078e-05,7.987592697959681e-07,2.590808932809402e-05,0.9999362548808804,1.835479852238326e-05,4.374966054471237e-22
7935,5,5,0.9870248634231469,5.099556743920565e-05,0.0009398019450134686,2.45090905399586e-07,3.5943906443829174e-05,0.9870248634231469,0.011948150067051215
7937,4,4,0.9999362258145261,1.8687948521758823e-05,7.992584300507495e-07,2.5925764220147736e-05,0.9999362258145261,1.8361214301893254e-05,4.378555703364616e-22
7939,3,3,0.9999999999969291,1.6160054747158122e-13,5.189125508255835e-21,0.9999999999969291,1.055619044873928e-14,2.8986359654947302e-12,1.9601048869174438e-35
7940,4,4,0.9999362279914623,1.86858780627661e-05,7.986911712894583e-07,2.592885954038635e-05,0.9999362279914623,1.8358579763294924e-05,4.371661151229683e-22
7941,6,6,0.966710395930672,0.006036109001772435,0.0060208913011704475,0.007492182854823398,4.9558201163220056e-05,0.013690862710398566,0.966710395930672
7942,1,1,0.9999971967974151,0.9999971967974151,1.5098709372955158e-11,7.63524289367339e-09,1.713528035132717e-10,2.795380890594933e-06,7.295113705367979e-34
7943,6,6,0.9666790063790999,0.006058259487410213,0.006013037071251113,0.00749331555139063,4.9560009418869134e-05,0.013706821501429359,0.9666790063790999
7944,1,1,0.999997202889024,0.999997202889024,1.5049346770503835e-11,7.603410411761677e-09,1.70800677983362e-10,2.7893217154956877e-06,7.243449064610605e-34
7946,4,4,0.9999361924641761,1.87065925103961e-05,7.995898004909535e-07,2.5925360191706668e-05,0.9999361924641761,1.8375993321325275e-05,4.381014036891469e-22
7947,2,2,0.9859915889843027,3.830636539173085e-06,0.9859915889843027,0.0050555286476320314,4.963249659122847e-06,0.008944088481866919,2.3316253050548258e-23
7948,6,6,0.9675389285407366,0.005887717908177213,0.005881278384210951,0.00729705264410131,4.828764046329566e-05,0.013346734882310604,0.9675389285407366
7949,6,6,0.9674984923493997,0.005894734421864192,0.005886006324604488,0.007313694795254073,4.837719344375553e-05,0.013358694915433768,0.9674984923493997
7950,2,2,0.9859993976109658,3.829687573141624e-06,0.9859993976109658,0.005058619015156367,4.963033310978471e-06,0.00893319065299369,2.3198831703806754e-23
7951,1,1,0.9999971970509691,0.9999971970509691,1.507146791296402e-11,7.632166011978542e-09,1.7124083541289792e-10,2.7951305526217285e-06,7.245793029507172e-34
7954,5,5,0.9871491334380318,5.076561262332441e-05,0.0009463341798301573,2.4431224669653916e-07,3.5904395703801506e-05,0.9871491334380318,0.01181761806156427
7956,2,2,0.9856821052739505,3.979459070078426e-06,0.9856821052739505,0.00518693332547394,5.119029648746569e-06,0.009121862911856803,2.53116395673118e-23
7957,2,2,0.985926388950317,3.856169184156343e-06,0.985926388950317,0.005095737283287343,4.992747421140249e-06,0.008969024849790183,2.331382974427888e-23
7958,3,3,0.9999999999969287,1.6181410998811417e-13,5.1936917927687235e-21,0.9999999999969287,1.0573482175220523e-14,2.8990615526681963e-12,1.9576436471920623e-35
7959,3,3,0.9999999999969196,1.6221478388040934e-13,5.216979061941604e-21,0.9999999999969196,1.0605209484793114e-14,2.9075945826951602e-12,1.9695731568271888e-35
7960,5,5,0.986922919141489,5.089739460387081e-05,0.0009429253638278307,2.4438862784430717e-07,3.591610826209101e-05,0.986922919141489,0.012047097603189373
7961,2,2,0.9859635550204056,3.8527373524573905e-06,0.9859635550204056,0.005027146702790138,4.986181076415525e-06,0.009000459358375418,2.457327739313543e-23
7962,5,5,0.9869306871341514,5.09460482324174e-05,0.0009408388510442734,2.438319459828439e-07,3.589736981440221e-05,0.9869306871341514,0.012041386764811446
7965,5,5,0.9871324881614817,5.11059922872829e-05,0.0009386409891763401,2.465662358566555e-07,3.59898733915814e-05,0.9871324881614817,0.011841528417427303
7966,4,4,0.9999361797932497,1.871060953417195e-05,7.98930126311879e-07,2.593925497206412e-05,0.9999361797932497,1.8371412117763046e-05,4.371966028768058e-22
7967,6,6,0.96695030567051,0.005987745213614335,0.005981886249187424,0.007437977029636835,4.919943520876531e-05,0.013592886401842605,0.96695030567051
7970,5,5,0.9875560914693793,5.116617100128828e-05,0.000933284770065394,2.5238290188526206e-07,3.601903721935354e-05,0.9875560914693793,0.011423186169432848
7971,5,5,0.9870545907758633,5.1062234674601244e-05,0.0009394056130786296,2.4623855467170307e-07,3.597718129398955e-05,0.9870545907758633,0.011918717956534795
7972,4,4,0.9999361516290108,1.87165732371393e-05,7.997909616573417e-07,2.5949961581854633e-05,0.9999361516290108,1.8382045208523256e-05,4.383628686599265e-22
7974,5,5,0.988654776034358,5.174695076259694e-05,0.000990389113144322,2.6369013627267083e-07,3.654535079228373e-05,0.988654776034358,0.010266278860806466
7976,1,1,0.9999971976776291,0.9999971976776291,1.508887693273675e-11,7.622219112762021e-09,1.711655472406379e-10,2.7945138974292966e-06,7.269091843811261e-34
7977,4,4,0.9999361258160967,1.8715635942788806e-05,7.99313619626591e-07,2.597389849712571e-05,0.9999361258160967,1.8385335843758288e-05,4.37822316546429e-22
7978,1,1,0.999997198880642,0.999997198880642,1.5062028034932317e-11,7.621759733963414e-09,1.7107836119225652e-10,2.7933114578601814e-06,7.227539848986471e-34
7979,6,6,0.9676549549625203,0.00586595356249947,0.005862414266719228,0.007268560379963263,4.8118242229120153e-05,0.013299998586068664,0.9676549549625203
7980,4,4,0.999936273959879,1.867899417701144e-05,7.981963767745672e-07,2.5904569160589083e-05,0.999936273959879,1.834428040661701e-05,4.367989652635363e-22
7981,4,4,0.9999362640375371,1.8684759022213248e-05,7.984602670460262e-07,2.5901631089249494e-05,0.9999362640375371,1.835111208431525e-05,4.370872395590056e-22
7983,4,4,0.9999362502061818,1.8690425827684074e-05,7.982317046875713e-07,2.590978363777753e-05,0.9999362502061818,1.8351352648004075e-05,4.362052787363565e-22
7984,6,6,0.9676585863608953,0.005863718067666439,0.005859090007942273,0.007278191462634117,4.812460367488644e-05,0.013292289497186952,0.9676585863608953
7985,5,5,0.9870616102008383,5.097152281716012e-05,0.0009417853709086609,2.440470871226629e-07,3.590713812125638e-05,0.9870616102008383,0.011909481720227579
7986,2,2,0.9860082588744111,3.8261397128707555e-06,0.9860082588744111,0.005058151725541886,4.957089040618027e-06,0.008924806171293513,2.3067410383334914e-23
7987,4,4,0.9999358446734906,1.8754028549561865e-05,7.992808690012427e-07,2.6168479764890973e-05,0.9999358446734906,1.8433537325946562e-05,4.382323032455924e-22
7988,5,5,0.9870633828937673,5.090836456598067e-05,0.0009393116109272482,2.45001482667358e-07,3.590406605533187e-05,0.9870633828937673,0.011910248063201567
7989,6,6,0.9667504030386217,0.006036454645212857,0.006008868386974508,0.007481768103075349,4.961174096342604e-05,0.013672894085152184,0.9667504030386217
7992,6,6,0.9670341956420769,0.005986005948298241,0.005961649123079985,0.007419567291059832,4.906361516410495e-05,0.01354951838032101,0.9670341956420769
7993,1,1,0.9999972029433366,0.9999972029433366,1.50494163726261e-11,7.605393239271687e-09,1.7072939644898643e-10,2.789265491394006e-06,7.227872944649317e-34
7994,3,3,0.9999999999969207,1.6223130516228893e-13,5.215191615440884e-21,0.9999999999969207,1.0601517140450407e-14,2.906514868092342e-12,1.9677959085269246e-35
7995,1,1,0.999997199640117,0.999997199640117,1.5059058879565776e-11,7.621644829681286e-09,1.710352927902289e-10,2.7925521437380764e-06,7.236802419762022e-34
7996,1,1,0.9999972016923829,0.9999972016923829,1.5071888106740656e-11,7.608666187465638e-09,1.7089425099992713e-10,2.7905129847560547e-06,7.265807566624745e-34
7997,3,3,0.9999999999969272,1.617999622787032e-13,5.195641463456136e-21,0.9999999999969272,1.0570679980467656e-14,2.900414206343877e-12,1.9611497321222773e-35
7998,1,1,0.9999971965326058,0.9999971965326058,1.5081692406476426e-11,7.629283048298574e-09,1.7127098072837727e-10,2.795651758447633e-06,7.258326842438091e-34
7999,1,1,0.9999971974768562,0.9999971974768562,1.5082467120379676e-11,7.62422882995723e-09,1.710863188208573e-10,2.7947127462230305e-06,7.257732002047596e-34
8000,1,1,0.9999971946800547,0.9999971946800547,1.5091467971980123e-11,7.635355380719471e-09,1.7139132245993937e-10,2.797498107263956e-06,7.260373040027278e-34
8001,3,3,0.999999999996921,1.6220916137947362e-13,5.2154013308191344e-21,0.999999999996921,1.0597934585359268e-14,2.906231900427873e-12,1.9647275198643535e-35
8002,2,2,0.9859170185057105,3.864733050431175e-06,0.9859170185057105,0.005103430003441812,4.997671937321152e-06,0.00897068908585999,2.3202967112491198e-23
8003,5,5,0.9871349917647052,5.081653848058626e-05,0.0009470526696200493,2.4459655151146204e-07,3.591801803123623e-05,0.9871349917647052,0.011830976412611459
8004,5,5,0.9872091956750814,5.173439316933878e-05,0.000957233079024378,2.528386674269535e-07,3.621166262640372e-05,0.9872091956750814,0.011745372351431175
8005,1,1,0.99999720135446,0.99999720135446,1.505605928238714e-11,7.610876963391166e-09,1.709039075005376e-10,2.790848703074072e-06,7.245993507037823e-34
8008,5,5,0.9870329393593084,5.0939585585329137e-05,0.0009360374794284797,2.457339376470888e-07,3.592136942299218e-05,0.9870329393593084,0.011943916472317236
8010,6,6,0.9676068632216704,0.005878979644230391,0.00586449301706698,0.007283025144795269,4.816656401148627e-05,0.013318472408225477,0.9676068632216704
8012,3,3,0.9999999999969131,1.628252002885675e-13,5.234747825162012e-21,0.9999999999969131,1.0632328539369546e-14,2.9133754298057203e-12,1.969857456115924e-35
8013,4,4,0.9999359582290668,1.8733461583051303e-05,8.008117849155096e-07,2.6078095780799694e-05,0.9999359582290668,1.8429401784516054e-05,4.411523325769112e-22
8015,2,2,0.9859570398086268,3.848312286387066e-06,0.9859570398086268,0.0050843153250379495,4.980607904935068e-06,0.008949815946144067,2.3226304887270913e-23
8018,3,3,0.999999999996926,1.6186134035051704e-13,5.198499148534707e-21,0.999999999996926,1.0572150106990777e-14,2.901608150975442e-12,1.9623687190973854e-35
8019,6,6,0.9665443079417929,0.006044601507412205,0.005997563627638514,0.007618018018621774,4.9750079162330875e-05,0.013745758825372259,0.9665443079417929
8020,4,4,0.9999362227990513,1.8689317315478584e-05,7.98726760967767e-07,2.5931688039312027e-05,0.9999362227990513,1.835746883298811e-05,4.368432203667299e-22
8021,1,1,0.9999971966280217,0.9999971966280217,1.5077084905625137e-11,7.628587859478102e-09,1.7128809094938544e-10,2.7955570253579763e-06,7.257457825215166e-34
8022,5,5,0.9873562785867683,5.0892148390163154e-05,0.0009407198540752047,2.482398982708286e-07,3.5962207431374146e-05,0.9873562785867683,0.011615898963436603
8023,1,1,0.9999971996714209,0.9999971996714209,1.5058603093818097e-11,7.61566480236479e-09,1.7100643885225286e-10,2.792526849319605e-06,7.2460067489414256e-34
8027,6,6,0.9663313560613245,0.00607820772014211,0.0060833374172851755,0.007605985483341195,5.010892490322611e-05,0.013851004393003767,0.9663313560613245
8028,2,2,0.9859416813723063,3.850821474014558e-06,0.9859416813723063,0.005091432692207372,4.98674894419063e-06,0.008958048365068116,2.326167472921972e-23
8029,3,3,0.999999999996918,1.623334454966783e-13,5.216311996098779e-21,0.999999999996918,1.0597102991239095e-14,2.909096445931644e-12,1.9714974185162165e-35
8030,1,1,0.9999971933249959,0.9999971933249959,1.5115868909477918e-11,7.650770205895799e-09,1.715570855505573e-10,2.798837560847707e-06,7.3098742073996e-34
8031,3,3,0.9999999999969279,1.6186065223512577e-13,5.1981669412710235e-21,0.9999999999969279,1.0581905119422104e-14,2.8996613672506883e-12,1.9585486360940846e-35
8032,3,3,0.9999999999969215,1.6221906850197982e-13,5.211998848136729e-21,0.9999999999969215,1.0595519167478853e-14,2.905771715355459e-12,1.966674724071182e-35
8033,2,2,0.9857863351743587,3.922210099668112e-06,0.9857863351743587,0.0050219808255635235,5.070979614172317e-06,0.009182690810363915,2.719108187918053e-23
8034,1,1,0.9999971993402851,0.9999971993402851,1.5059449322684252e-11,7.618710279643084e-09,1.710823511973273e-10,2.79285486283559e-06,7.237638696912209e-34
8035,2,2,0.985901024324194,3.878640793532798e-06,0.985901024324194,0.005105180752318422,5.006036639096745e-06,0.008984910246054856,2.3826565024771791e-23
8036,2,2,0.9859734609279596,3.83818017270489e-06,0.9859734609279596,0.005071079301386069,4.973960723683703e-06,0.00894664762975801,2.3238668026893617e-23
8037,5,5,0.9869524178098439,5.0968695478728316e-05,0.0009428529678568582,2.445488037770609e-07,3.5929607808214235e-05,0.9869524178098439,0.012017586370208595
8038,2,2,0.9859675929861094,3.840651067395688e-06,0.9859675929861094,0.005078558785747471,4.974588741138877e-06,0.008945032988334654,2.3090603205686504e-23
8039,5,5,0.9889670189903208,5.2037812618199466e-05,0.0010083760310133807,2.6770566156357156e-07,3.6699543434522794e-05,0.9889670189903208,0.009935599916951674
8040,5,5,0.9870564927520711,5.093225678993809e-05,0.0009386556972182055,2.449651058557534e-07,3.591991721546132e-05,0.9870564927520711,0.011917754411599459
8041,5,5,0.9868790019572538,5.084034414881382e-05,0.0009403540485764805,2.4351422451494517e-07,3.587124478963221e-05,0.9868790019572538,0.012093688891006819
8042,5,5,0.986934101016146,5.09272212040724e-05,0.000942291980427902,2.4466322842191593e-07,3.587503081965052e-05,0.986934101016146,0.012036560088173975
8044,4,4,0.9999361369302634,1.872553366432247e-05,7.990162759534802e-07,2.596017336017194e-05,0.9999361369302634,1.8378346436198413e-05,4.37803868399986e-22
8045,3,3,0.9999999999969259,1.6203351077569137e-13,5.202286869026631e-21,0.9999999999969259,1.0590190203839262e-14,2.9015349895041666e-12,1.9587386972554106e-35
8048,2,2,0.9859886942971456,3.8368117309236406e-06,0.9859886942971456,0.005067931198700364,4.96898897610044e-06,0.008934568703447091,2.3125630246264494e-23
8049,1,1,0.9999971968955181,0.9999971968955181,1.508655470436485e-11,7.625674978539278e-09,1.7127209505244446e-10,2.7952924481847174e-06,7.2566220582763595e-34
8050,1,1,0.9999972016330243,0.9999972016330243,1.50693129894404e-11,7.609091290697576e-09,1.7086044131251797e-10,2.79057195474677e-06,7.279971677221258e-34
8051,4,4,0.9999362103971953,1.8683737898728296e-05,7.990955195285362e-07,2.594301148525969e-05,0.9999362103971953,1.8363757901247248e-05,4.388577629733096e-22
8052,4,4,0.9999361576394759,1.8689336253672218e-05,7.987030898051537e-07,2.5983018567194628e-05,0.9999361576394759,1.837130261350461e-05,4.384174432878767e-22
8054,5,5,0.9872548093075015,5.1141086380818856e-05,0.0009451252419418975,2.4712417076587734e-07,3.6034933815755795e-05,0.9872548093075015,0.011712642306189174
8055,2,2,0.9860120956926124,3.823537587103288e-06,0.9860120956926124,0.005031250186802836,4.956779744041335e-06,0.008947873803253657,2.358673180096206e-23
8057,4,4,0.9999361516163087,1.8722141159903517e-05,7.986736894895168e-07,2.5952574311172158e-05,0.9999361516163087,1.8374994530729272e-05,4.365465765734591e-22
8058,2,2,0.9859617312514686,3.845917131955847e-06,0.9859617312514686,0.005071579168634387,4.9817392463279664e-06,0.008957861923518773,2.3429402928668774e-23
8059,3,3,0.9999999999969288,1.617034319801296e-13,5.1915823585871336e-21,0.9999999999969288,1.0563784973087221e-14,2.8989749796523737e-12,1.9593435299946108e-35
8060,5,5,0.98695361493594,5.099061929789887e-05,0.0009404787894540195,2.453072854872262e-07,3.5931574265885684e-05,0.98695361493594,0.01201873877375668
8064,1,1,0.9999972013802648,0.9999972013802648,1.505312358887415e-11,7.614566149201179e-09,1.7086245237943753e-10,2.7908192535270945e-06,7.240773231679852e-34
8065,1,1,0.9999971982450551,0.9999971982450551,1.5062714596889375e-11,7.629407719562614e-09,1.7116015516755267e-10,2.7939393142589877e-06,7.246180192819469e-34
8066,1,1,0.999997201665689,0.999997201665689,1.5057284175605397e-11,7.60949085006636e-09,1.7079115102590082e-10,2.790538971862372e-06,7.243437089778002e-34
8067,2,2,0.986017968722114,3.827040825703192e-06,0.986017968722114,0.005050116149971127,4.957134171888256e-06,0.008923130952917304,2.321465900545482e-23
8068,5,5,0.9870498400330628,5.085073308641138e-05,0.0009416434441981175,2.44617306508954e-07,3.590313445447386e-05,0.9870498400330628,0.011921518037891671
8069,2,2,0.9859787141614033,3.838264178980937e-06,0.9859787141614033,0.0050751795144775335,4.970153495451935e-06,0.008937297906444854,2.3105676250038423e-23
8070,6,6,0.9675250865464258,0.005885900976258491,0.005883885955975809,0.0073089912555253525,4.8324144495482054e-05,0.013347811121319199,0.9675250865464258
8073,6,6,0.9674929996175596,0.005895851202450094,0.005886960517042838,0.007311695078613915,4.8368990972632344e-05,0.013364124593360841,0.9674929996175596
8074,5,5,0.9871307055276439,5.335216130645578e-05,0.0009761598954564506,2.675889644605738e-07,3.687304580661428e-05,0.9871307055276439,0.011802641780822194
8075,2,2,0.9859401943957209,3.860457373459242e-06,0.9859401943957209,0.005090407530913753,4.989794158713536e-06,0.00896054782183319,2.337726164565489e-23
8077,6,6,0.9675050175088381,0.005893179797179223,0.005886043524275729,0.007307487005699769,4.835457496058194e-05,0.013359917589046595,0.9675050175088381
8078,3,3,0.9999999999969275,1.617634721296523e-13,5.193517522463403e-21,0.9999999999969275,1.056464004727503e-14,2.900219260777924e-12,1.962264584692164e-35
8079,4,4,0.999936216905854,1.8706058201180156e-05,7.993505530696672e-07,2.5906304408926437e-05,0.999936216905854,1.8371380982847864e-05,4.372200830236384e-22
8080,1,1,0.9999972015243144,0.9999972015243144,1.5049942382562772e-11,7.60647723662758e-09,1.7087202764384002e-10,2.790683286443081e-06,7.23294082986869e-34
8081,2,2,0.9859822134851866,3.839629902885556e-06,0.9859822134851866,0.005068021453471894,4.9708076503177e-06,0.008940954623788414,2.315856068085234e-23
8082,2,2,0.9859281308715128,3.853024704394622e-06,0.9859281308715128,0.005091395463128618,4.990256462947927e-06,0.00897163038419123,2.3396483969101493e-23
8084,3,3,0.9999999999969248,1.6204552532831512e-13,5.2052904158129095e-21,0.9999999999969248,1.0582938367050296e-14,2.902612607929018e-12,1.9623917789663698e-35
8086,4,4,0.999936262223022,1.8690044679901118e-05,7.991655253215029e-07,2.5891520263341983e-05,0.999936262223022,1.8357046509423094e-05,4.375278973067301e-22
8087,4,4,0.9999362463310512,1.8691365276106398e-05,7.982640300889743e-07,2.5912436798226947e-05,0.9999362463310512,1.8351602844449898e-05,4.364665965950265e-22
8089,2,2,0.9859974253270579,3.835602001908906e-06,0.9859974253270579,0.00506017641366843,4.965859783487176e-06,0.008933596797488303,2.3161095219765633e-23
8091,4,4,0.9999362097500274,1.868675442657514e-05,7.986205070751448e-07,2.5944442161814186e-05,0.9999362097500274,1.8360432877134854e-05,4.3755223344309035e-22
8092,1,1,0.9999971997582596,0.9999971997582596,1.5087202132640072e-11,7.607414267473428e-09,1.709157144144959e-10,2.7924483232771803e-06,7.292509941972384e-34
8093,4,4,0.9999362247778392,1.869684677264611e-05,7.990022878924898e-07,2.5914248149454093e-05,0.9999362247778392,1.8365124950803862e-05,4.371415697015611e-22
8094,6,6,0.9673597252741851,0.005921205250077423,0.005911103925031019,0.0073415934463313196,4.8587275936193966e-05,0.01341778482843897,0.9673597252741851
8095,1,1,0.9999971952367962,0.9999971952367962,1.5075169707683886e-11,7.641726980757652e-09,1.7140661404782198e-10,2.7969349949168534e-06,7.249783125221876e-34
8096,6,6,0.967340068411373,0.0059101726300130174,0.005915738219893271,0.007357822566534049,4.858729976777341e-05,0.013427610872418888,0.967340068411373
8097,5,5,0.9870657722510308,5.0828743194147745e-05,0.0009457573450178481,2.441301892618255e-07,3.591258179988023e-05,0.9870657722510308,0.011901484948768073
8098,3,3,0.9999999999969226,1.6213360969429982e-13,5.209852675974214e-21,0.9999999999969226,1.0593248958767737e-14,2.904812567146954e-12,1.9656902432209468e-35
8100,4,4,0.9999361031879166,1.872530444317103e-05,7.996544116550496e-07,2.597865965096443e-05,0.9999361031879166,1.8393193577700142e-05,4.374970877307825e-22
8103,4,4,0.9999362691402892,1.866986349942301e-05,7.989065236626011e-07,2.5911684639916208e-05,0.9999362691402892,1.8350405047802206e-05,4.373289925515033e-22
8104,3,3,0.9999999999969308,1.6164056831952288e-13,5.185748843245719e-21,0.9999999999969308,1.0564086581685594e-14,2.8970517929726935e-12,1.9580296254634306e-35
8106,1,1,0.9999971902477756,0.9999971902477756,1.517036623498019e-11,7.661202274802684e-09,1.7195077738679127e-10,2.801903901061269e-06,7.432697344055442e-34
8107,2,2,0.985835346789616,3.898688345730757e-06,0.985835346789616,0.0051302807565964,5.0409459807312205e-06,0.009025432819461113,2.3956267294808324e-23
8108,1,1,0.9999972034284728,0.9999972034284728,1.5041950225794634e-11,7.605608261397888e-09,1.7078002061054647e-10,2.788780097013256e-06,7.233194497668428e-34
8109,5,5,0.9871981752306456,5.1231514178013194e-05,0.0009335492872959299,2.485238597359133e-07,3.599881778587434e-05,0.9871981752306456,0.011780796626234933
8110,1,1,0.9999971499886913,0.9999971499886913,1.55593233110892e-11,7.79581004155109e-09,1.7489815068334062e-10,2.84202504128689e-06,8.035663792735773e-34
8111,3,3,0.9999999999969281,1.6176556655212673e-13,5.1925138624263134e-21,0.9999999999969281,1.0571616728050354e-14,2.8995438758173677e-12,1.9610584775077852e-35
8118,5,5,0.9870419473597819,5.090692944741838e-05,0.0009434800967846963,2.447476243419659e-07,3.590866630966844e-05,0.9870419473597819,0.011927512200051917
8120,6,6,0.9668266188299269,0.006032525502863947,0.005992003882080074,0.0074609051672506095,4.9354433393002674e-05,0.01363859218448545,0.9668266188299269
8121,5,5,0.9870091862489588,5.087108092032196e-05,0.0009396566412078546,2.445384592078682e-07,3.589649931324313e-05,0.9870091862489588,0.011964144991140546
8125,4,4,0.9999362148894521,1.8704670147027114e-05,7.989447023221517e-07,2.5917096393960664e-05,0.9999362148894521,1.836439930468546e-05,4.371661337034671e-22
8126,6,6,0.9677780857529702,0.0058404798080577,0.00584512018329376,0.007238558020879916,4.793106871470332e-05,0.013249825166083818,0.9677780857529702
8127,2,2,0.9859702223620366,3.839834341470942e-06,0.9859702223620366,0.00506462231997922,4.972737256006807e-06,0.008956342746386833,2.330219569454705e-23
8128,2,2,0.9858225347917366,3.908147023881323e-06,0.9858225347917366,0.005136030755874929,5.043956616327014e-06,0.00903248234874825,2.3901006825623075e-23
8129,6,6,0.9672615673265916,0.005923435986296673,0.005903347021239038,0.007407172776907947,4.8704693295012484e-05,0.013455772195669749,0.9672615673265916
8132,1,1,0.9999971976446259,0.9999971976446259,1.5079817950008916e-11,7.625498605189469e-09,1.7120720764280406e-10,2.794543588584059e-06,7.239124411635644e-34
8133,2,2,0.98593524873696,3.858278596089214e-06,0.98593524873696,0.0050935744837413855,4.991627682924362e-06,0.00896232687301963,2.329611698734104e-23
8134,6,6,0.9581161541470575,0.007496730880621459,0.007605801619606362,0.00946470065545586,6.24092526977817e-05,0.01725420344456102,0.9581161541470575
8135,5,5,0.9870892907763448,5.080261841407651e-05,0.0009445433632565096,2.443980980647634e-07,3.591853753237749e-05,0.9870892907763448,0.01187920030635425
8136,4,4,0.9999362265219084,1.869315778989587e-05,7.982979751181679e-07,2.5927084613366377e-05,0.9999362265219084,1.8354937713164964e-05,4.369327941738642e-22
8137,3,3,0.9999999999969222,1.622745135770923e-13,5.212814580245209e-21,0.9999999999969222,1.060112902566647e-14,2.9049365344562576e-12,1.9682338355651747e-35
8138,2,2,0.9859534836731688,3.856116053954546e-06,0.9859534836731688,0.005083273643003586,4.987757510453655e-06,0.008954398810263327,2.328308349602645e-23
8139,2,2,0.9852104175403029,4.043118903258323e-06,0.9852104175403029,0.0054122861244814665,5.215463305822168e-06,0.009368037753006642,2.54302920926678e-23
8140,2,2,0.985960587174886,3.84661667575937e-06,0.985960587174886,0.005083565803283941,4.979564724472506e-06,0.008947020840429918,2.31279153599928e-23
8141,1,1,0.9999971978749883,0.9999971978749883,1.5100195007949685e-11,7.622717764789457e-09,1.7114338376095497e-10,2.794316050374217e-06,7.30783987471387e-34
8143,4,4,0.9999362111996863,1.870779358610764e-05,7.994823699765218e-07,2.5908439185535158e-05,0.9999362111996863,1.8373085172009543e-05,4.379707797126165e-22
8144,1,1,0.9999971988185743,0.9999971988185743,1.509469390469776e-11,7.615099088385624e-09,1.7109584010585948e-10,2.7933801360876876e-06,7.296422900530399e-34
8145,4,4,0.9999362089230532,1.8701859813087234e-05,7.989045322351202e-07,2.592554161526777e-05,0.9999362089230532,1.8364770986220673e-05,4.376677691041533e-22
8147,3,3,0.999999999996925,1.6195347313367613e-13,5.202287246943412e-21,0.999999999996925,1.0583060209218373e-14,2.902497216499995e-12,1.9633040942614458e-35
8149,6,6,0.9668749971088193,0.006007671975496738,0.0059974720693630554,0.00744956111409217,4.9316188886872614e-05,0.013620981543341825,0.9668749971088193
8150,1,1,0.9999972003336406,0.9999972003336406,1.505869679301913e-11,7.615923266907035e-09,1.7097585895995842e-10,2.7918644014977054e-06,7.228592207283992e-34
8152,1,1,0.9999972028865161,0.9999972028865161,1.5053432016596674e-11,7.604608851658652e-09,1.7077503261776542e-10,2.7893230465975352e-06,7.25176332854092e-34
8153,6,6,0.9675258386327821,0.005893455173649014,0.0058802805789826326,0.007304489994481533,4.831092732916548e-05,0.01334762469277565,0.9675258386327821
8154,4,4,0.999936259566077,1.8685005826063785e-05,7.988858742712213e-07,2.5901074372185712e-05,0.999936259566077,1.8355467850494832e-05,4.369612525385902e-22
8155,3,3,0.9999999999969273,1.6186056547678384e-13,5.196965579923245e-21,0.9999999999969273,1.0578775782693533e-14,2.9002821733248998e-12,1.959289229209339e-35
8157,2,2,0.9859891965455118,3.837849657222434e-06,0.9859891965455118,0.005067980351143858,4.968874173343802e-06,0.008934016379513835,2.3161395482080238e-23
8158,3,3,0.999999999996925,1.6189720027546497e-13,5.2030769929746065e-21,0.999999999996925,1.0584603198752535e-14,2.9025227254070375e-12,1.9640162604026774e-35
8159,6,6,0.9672021720617134,0.00595640548548285,0.005933118695088193,0.007374085231031475,4.879662715287988e-05,0.013485421899531199,0.9672021720617134
8162,1,1,0.9999972012871644,0.9999972012871644,1.506305642812393e-11,7.604356053190192e-09,1.7084704126078934e-10,2.7909225694974115e-06,7.25781840392721e-34
8163,3,3,0.9999999999969252,1.6179050903031264e-13,5.204269559674402e-21,0.9999999999969252,1.0579759697887309e-14,2.902455501610548e-12,1.9640356399744656e-35
8164,6,6,0.967044860847597,0.005974755910910754,0.005959737720856333,0.0074234706643143515,4.915220255997951e-05,0.01354802265376154,0.967044860847597
8165,3,3,0.9999999999969277,1.618471627988303e-13,5.196309102927914e-21,0.9999999999969277,1.0575840395561545e-14,2.8999513183722726e-12,1.959274421736059e-35
8166,5,5,0.9869986906810695,5.0822091183387896e-05,0.0009407162089517358,2.439481064536652e-07,3.587224647601646e-05,0.9869986906810695,0.011973654824212827
8167,1,1,0.9999971999017084,0.9999971999017084,1.5061863212240228e-11,7.617078874401065e-09,1.710144180110073e-10,2.792295136444014e-06,7.233015220579698e-34
8168,5,5,0.9872371850470751,5.076542523043664e-05,0.0009470865483435564,2.4518682577786525e-07,3.5918651944646974e-05,0.9872371850470751,0.011728799140580495
8169,2,2,0.9857646383244956,3.938196630460697e-06,0.9857646383244956,0.004995262923108402,5.0909586870951665e-06,0.009231069597078584,2.7580474444481535e-23
8171,4,4,0.999936287537945,1.8673076763380248e-05,7.98428819018899e-07,2.5896944769758284e-05,0.999936287537945,1.8344011702962048e-05,4.369076312935531e-22
8172,5,5,0.9869293409630521,5.072677835390106e-05,0.0009414898475398531,2.435469196008512e-07,3.5846939540691844e-05,0.9869293409630521,0.012042351924593913
8173,6,6,0.9660683866829075,0.0061388100595385015,0.006149619798786995,0.007632824123465607,5.0541777328891985e-05,0.013959817557972537,0.9660683866829075
8174,1,1,0.9999971993094814,0.9999971993094814,1.5072988118964808e-11,7.621583113245891e-09,1.7100273492024745e-10,2.7928828597873054e-06,7.260974275043705e-34
8175,5,5,0.9869011200531816,5.097874982712663e-05,0.000939027413639395,2.446455857973835e-07,3.589921720906206e-05,0.9869011200531816,0.012072729920556918
8176,4,4,0.9999360968877707,1.8733821717933933e-05,8.007720387379266e-07,2.5967563828201325e-05,0.9999360968877707,1.8400954644416245e-05,4.411639652247951e-22
8177,1,1,0.999997203179547,0.999997203179547,1.505401781386767e-11,7.598714817324253e-09,1.7067956241170957e-10,2.789036004664695e-06,7.240744019410461e-34
8178,5,5,0.9879698356057373,5.102558111801852e-05,0.0009639316782156397,2.5173021596712483e-07,3.615375696002406e-05,0.9879698356057373,0.010978801647753184
8179,2,2,0.9859222209854706,3.864599836623791e-06,0.9859222209854706,0.00510235906528972,4.998316056470104e-06,0.008966557033346569,2.3416383320544418e-23
8180,1,1,0.9999971833869961,0.9999971833869961,1.524410137043483e-11,7.660366994580028e-09,1.721293269994088e-10,2.808765263510884e-06,7.545725736936836e-34
8184,2,2,0.9846350534521676,4.579933163687478e-06,0.9846350534521676,0.005584549855343376,5.627099971697622e-06,0.009770189659353591,4.273867428233823e-23
8188,3,3,0.9999999999969258,1.6181326116937763e-13,5.20444691717725e-21,0.9999999999969258,1.058185814948163e-14,2.901885690164473e-12,1.9628841565271906e-35
8189,3,3,0.9999999999969132,1.627498723826159e-13,5.2337996373658265e-21,0.9999999999969132,1.0629372055421875e-14,2.9133713130616343e-12,1.9720369762378303e-35
8190,4,4,0.9999360463837239,1.8732706287685576e-05,8.013441824399495e-07,2.6007691422748212e-05,0.9999360463837239,1.8411874383277402e-05,4.3951705509929005e-22
8192,5,5,0.987291537126316,5.0778988672884684e-05,0.000951479098827017,2.4522688022083906e-07,3.594748666048954e-05,0.987291537126316,0.011670012072643383
8194,5,5,0.9870039079431037,5.0823654348870035e-05,0.0009397293363397604,2.442410186835518e-07,3.5895489162775885e-05,0.9870039079431037,0.01196939933602631
8195,3,3,0.9999999999969247,1.6200220887174153e-13,5.2041024344678524e-21,0.9999999999969247,1.0582896406504914e-14,2.902791845508435e-12,1.9649040658983122e-35
8196,2,2,0.9859988034787736,3.836279916649952e-06,0.9859988034787736,0.005058232358718687,4.965693095584967e-06,0.008934162189495536,2.3254733946627402e-23
8198,6,5,0.31814067627134784,0.07897144143216156,0.19382772869222706,0.1900755556127031,0.0010055542274262468,0.31814067627134784,0.21797904376413427
8199,1,1,0.9999972017673817,0.9999972017673817,1.5067599056613165e-11,7.602104815477664e-09,1.7076398645163666e-10,2.790444681829078e-06,7.253040003159072e-34
8202,6,6,0.9677175572104519,0.0058500954510843275,0.00584615356761769,0.0072693322769900705,4.802125723054761e-05,0.013268840236625438,0.9677175572104519
8204,1,1,0.9999971930988792,0.9999971930988792,1.5105123085385414e-11,7.643887718800227e-09,1.7155642618013193e-10,2.79907057140213e-06,7.27986572122581e-34
8205,6,6,0.9674654549592051,0.005902822227622993,0.005891210738276448,0.007321061065756366,4.844433979053099e-05,0.013371006669348581,0.9674654549592051
8206,6,6,0.9671305103527824,0.005969421817172187,0.005946189927519828,0.007391042173214111,4.8920612417374285e-05,0.0135139151168942,0.9671305103527824
8207,3,3,0.999999999996923,1.6199735990791432e-13,5.209017881937054e-21,0.999999999996923,1.0585092785939636e-14,2.9044792861787774e-12,1.964864700361634e-35
8208,6,6,0.9664254974293525,0.006113990378059369,0.006056714450519398,0.0075438254759398506,4.9969517468344726e-05,0.013810002748660623,0.9664254974293525
8209,5,5,0.9871316434480724,5.0709864689433986e-05,0.0009517924417127304,2.4438043551409983e-07,3.5878139425343284e-05,0.9871316434480724,0.011829731725664682
8211,4,4,0.9999361691009284,1.8709722878725605e-05,7.998956834019257e-07,2.5942983335558176e-05,0.9999361691009284,1.8378297173912495e-05,4.383522422188248e-22
8212,4,4,0.9999361412210886,1.8705961088518806e-05,7.996139791540422e-07,2.5970193835041832e-05,0.9999361412210886,1.8383010008662776e-05,4.380266003657847e-22
8213,3,3,0.9999999999969206,1.6213206469060112e-13,5.217031692931797e-21,0.9999999999969206,1.0601018633174913e-14,2.9067916137026214e-12,1.9700703352438664e-35
8215,4,4,0.9999362649315761,1.8691083506927408e-05,7.991084208475095e-07,2.588930672885391e-05,0.9999362649315761,1.8355569767257066e-05,4.373663481652323e-22
8216,4,4,0.9999362247204978,1.869421880935435e-05,7.993820647053636e-07,2.59202469179721e-05,0.9999362247204978,1.8361431710162193e-05,4.376675799245273e-22
8217,2,2,0.9859859639265003,3.837138187964611e-06,0.9859859639265003,0.0050697527319998725,4.967486805191549e-06,0.00893547871650672,2.3079110817484748e-23
8218,5,5,0.9890937916302697,5.1357954385652216e-05,0.0009976032547334367,2.6103214883227267e-07,3.644537492504703e-05,0.9890937916302697,0.009820540753537376
8222,2,2,0.9859658508582682,3.8488005268024e-06,0.9859658508582682,0.0050783471092600615,4.978233029762583e-06,0.008946974998915167,2.322086057934656e-23
8223,2,2,0.9858924264590685,3.875116331705984e-06,0.9858924264590685,0.005107254180699674,5.0165360556162675e-06,0.008991427707844493,2.3574772762061508e-23
8224,4,4,0.9999362782474517,1.867895818052551e-05,7.982441473026158e-07,2.5901863578752302e-05,0.9999362782474517,1.8342686641712044e-05,4.370054588259403e-22
8225,6,6,0.9673787071145926,0.005918729340135883,0.0059060257886159396,0.007329112475779277,4.8522116991692776e-05,0.01341890316388455,0.9673787071145926
8227,1,1,0.9999971981567217,0.9999971981567217,1.506618806564129e-11,7.624967439142496e-09,1.7117727628839885e-10,2.794032067446116e-06,7.234649277648554e-34
8228,1,1,0.9999971884174477,0.9999971884174477,1.5151520453878687e-11,7.64648834332981e-09,1.717451866480013e-10,2.803749167283968e-06,7.3313634588008935e-34
8229,2,2,0.9859511789689399,3.859262943189992e-06,0.9859511789689399,0.005039939543307734,4.990377320867393e-06,0.009000031847488333,2.4341898054507755e-23
8230,3,3,0.9999999999969225,1.6222161677312489e-13,5.208793582428837e-21,0.9999999999969225,1.0592084472979268e-14,2.904796805590922e-12,1.9647266917735858e-35
8231,6,6,0.9660219208779486,0.006144069696586822,0.006144631954373141,0.007609648749172476,5.068614346229758e-05,0.014029042578456682,0.9660219208779486
8232,3,3,0.9999999999969261,1.6190841383594963e-13,5.19818590344298e-21,0.9999999999969261,1.0575189590790237e-14,2.901420192100626e-12,1.9621966856020148e-35
8236,3,3,0.9999999999969243,1.6198777532297667e-13,5.2049207154896614e-21,0.9999999999969243,1.0584835124933092e-14,2.903140861133607e-12,1.963469830542863e-35
8237,4,4,0.9999361856584446,1.8706398547632247e-05,7.995355979543792e-07,2.5936922099895917e-05,0.9999361856584446,1.8371485309912327e-05,4.387343042334267e-22
8238,4,4,0.9999361474674043,1.870693806220734e-05,8.003990046790112e-07,2.5955151810942453e-05,0.9999361474674043,1.8390043717843604e-05,4.380293555446298e-22
8239,4,4,0.9999361794576144,1.870169556351754e-05,7.983650372354531e-07,2.595445848937245e-05,0.9999361794576144,1.8366023295487894e-05,4.368758390086578e-22
8240,2,2,0.9859919171500701,3.835228229146005e-06,0.9859919171500701,0.005066041040840028,4.965192799592985e-06,0.00893324138806123,2.3154204269703367e-23
8241,5,5,0.9869907539974384,5.1029498347586385e-05,0.0009408988001058146,2.451778311070867e-07,3.5946912458381365e-05,0.9869907539974384,0.011981125613818705
8243,3,3,0.9999999999969248,1.620711893328768e-13,5.203043939306989e-21,0.9999999999969248,1.0584897527076039e-14,2.9025349482233354e-12,1.9598739390369693e-35
8244,3,3,0.9999999999969229,1.6224245559681732e-13,5.211089710427131e-21,0.9999999999969229,1.060012850794067e-14,2.904359345810357e-12,1.9635929370693248e-35
8245,3,3,0.9999999999969281,1.6172193193607737e-13,5.1931139778288234e-21,0.9999999999969281,1.057087118094741e-14,2.8995729930910095e-12,1.9651324085643663e-35
8246,1,1,0.999997197987693,0.999997197987693,1.5072375027294285e-11,7.627048188704672e-09,1.7118430235813336e-10,2.7941990020109172e-06,7.266930644248121e-34
8247,4,4,0.9999362569841488,1.869048581936242e-05,7.985520141364284e-07,2.589917916133949e-05,0.9999362569841488,1.8354798856379373e-05,4.365635587304063e-22
8248,2,2,0.9860237644599086,3.821703864196067e-06,0.9860237644599086,0.0050494204170930075,4.95177316489913e-06,0.008918041645969346,2.309767655648159e-23
8250,2,2,0.9858176191715945,3.910845387667788e-06,0.9858176191715945,0.005137462861026325,5.052403541921391e-06,0.009035954718449679,2.3854389720660403e-23
8251,3,3,0.999999999996921,1.622853373898089e-13,5.214355790765015e-21,0.999999999996921,1.0594819228428254e-14,2.9060722101977346e-12,1.9649688080165325e-35
8253,5,5,0.9870061618713671,5.072729996159754e-05,0.0009384291866563441,2.4451481251789574e-07,3.585217584503909e-05,0.9870061618713671,0.011968584951357287
8255,2,2,0.985940260116245,3.860647004336664e-06,0.985940260116245,0.005090273717048617,4.9899683867566714e-06,0.008960615551315347,2.329649923878444e-23
8256,4,4,0.999936222372617,1.8693694806363935e-05,7.987160579378764e-07,2.592638249146056e-05,0.999936222372617,1.8358834027208352e-05,4.363809534410148e-22
8258,1,1,0.9999971991684639,0.9999971991684639,1.505841373959505e-11,7.62127098107834e-09,1.7105647390229484e-10,2.793024150314921e-06,7.243543342957104e-34
8260,2,2,0.9859601994779019,3.84460150649224e-06,0.9859601994779019,0.005079863452714572,4.979012937554845e-06,0.00895111345493945,2.3192627093974592e-23
8262,5,5,0.9871368526484353,5.105235781186607e-05,0.000935321642743809,2.4707126478030976e-07,3.5959888927768524e-05,0.9871368526484353,0.011840566390816447
8263,4,4,0.9999361529553707,1.870085752431652e-05,8.003625787945235e-07,2.5960212020399486e-05,0.9999361529553707,1.838561250574188e-05,4.397604767297348e-22
8265,5,5,0.9873172969682336,5.078543654283568e-05,0.0009501912411204004,2.4535147309440993e-07,3.592448571765066e-05,0.9873172969682336,0.011645556516912457
8267,4,4,0.9999362526411953,1.8699351330423485e-05,7.99037705265422e-07,2.588988411140879e-05,0.9999362526411953,1.8359085657595117e-05,4.365513186874698e-22
8268,2,2,0.9859685153295491,3.845291091740419e-06,0.9859685153295491,0.005077851706335409,4.9767544073723555e-06,0.008944810918616385,2.3112437694926552e-23
8269,5,5,0.987039277440487,5.104006232466922e-05,0.0009385683140584164,2.454186083630752e-07,3.59378572271676e-05,0.987039277440487,0.011934930907294418
8270,3,3,0.9999999999969197,1.6229777258297096e-13,5.217128741507778e-21,0.9999999999969197,1.060551826350721e-14,2.907373858092233e-12,1.9685545057894464e-35
8271,4,4,0.9999360867957795,1.8729321466949858e-05,7.994128353689351e-07,2.59898740131703e-05,0.9999360867957795,1.839459590506424e-05,4.386742071945634e-22
8272,1,1,0.9999971754745933,0.9999971754745933,1.5217601957891862e-11,7.706797236101274e-09,1.7291094516217098e-10,2.816630480983412e-06,7.435601585059052e-34
8273,4,4,0.9999362228987967,1.8675621598565304e-05,7.97959021631669e-07,2.5952331859609974e-05,0.9999362228987967,1.8351188723504324e-05,4.368704827966085e-22
8274,4,4,0.999936226230852,1.8698849271217217e-05,7.987801279849203e-07,2.5915143961724298e-05,0.999936226230852,1.8360995787105026e-05,4.369480022381212e-22
8275,1,1,0.9999971931578953,0.9999971931578953,1.5100850449268724e-11,7.650445976425006e-09,1.7162119275258194e-10,2.7990049368192968e-06,7.262594525073901e-34
8277,5,5,0.9870676053087389,5.102729867351017e-05,0.0009388521406663258,2.455349767991858e-07,3.595560102147563e-05,0.9870676053087389,0.011906314115922982
8278,4,4,0.9999362113988318,1.869891841400632e-05,7.988970477016569e-07,2.5926078828960922e-05,0.9999362113988318,1.8364706877584125e-05,4.371179008574601e-22
8281,1,1,0.9999971648836866,0.9999971648836866,1.5294571091249882e-11,7.734183163751737e-09,1.7348680723303134e-10,2.827193348905387e-06,7.510326194685488e-34
8283,4,4,0.9999362247764219,1.868759985730835e-05,7.985782562017657e-07,2.5931199019125327e-05,0.9999362247764219,1.8357846445494266e-05,4.368759348320227e-22
8285,5,5,0.987081758576247,5.1037663240564235e-05,0.0009396764665348015,2.456364322095435e-07,3.595425098421997e-05,0.987081758576247,0.01189132740656121
8286,1,1,0.9999971997246435,0.9999971997246435,1.5075278402683958e-11,7.615214332194435e-09,1.7099295829268735e-10,2.79247407390233e-06,7.27501408997082e-34
8287,5,5,0.9870119721029073,5.096766738313996e-05,0.0009384906261991917,2.445679415744236e-07,3.592016228806677e-05,0.9870119721029073,0.011962404873280772
8290,5,5,0.9870430825369488,5.1018264621679934e-05,0.0009389602380744441,2.450533791172083e-07,3.592046460902253e-05,0.9870430825369488,0.011930773442366902
8291,3,3,0.9999999999968217,1.677697943007974e-13,5.478874315263492e-21,0.9999999999968217,1.0938959495639772e-14,2.9995615184233283e-12,2.1183245606700388e-35
8292,6,6,0.9560818725645209,0.007949477799477418,0.0076034749737495235,0.010251219186514723,6.92570891407133e-05,0.01804469838659675,0.9560818725645209
8294,5,5,0.9870306034186571,5.0847968707874444e-05,0.0009401139946777794,2.44567891979015e-07,3.590488430255988e-05,0.9870306034186571,0.01194228516576271
8295,3,3,0.9999999999969261,1.6171098142851767e-13,5.1943611791790245e-21,0.9999999999969261,1.0564053433147151e-14,2.901610981927754e-12,1.9663820306492898e-35
8296,4,4,0.9999361376049928,1.8726023102099948e-05,7.99116295684166e-07,2.5955443194282592e-05,0.9999361376049928,1.8381812415244682e-05,4.37328337169541e-22
8299,3,3,0.999999999996926,1.619335066270495e-13,5.199978395592143e-21,0.999999999996926,1.0576578814078311e-14,2.9015355486593095e-12,1.9617389572281947e-35
8300,5,5,0.9871328773816694,5.102728790005441e-05,0.0009382103689490515,2.4591711995553485e-07,3.597040576862785e-05,0.9871328773816694,0.011841668638592942
8302,4,4,0.9999362193257075,1.8701816935623965e-05,7.989752829273197e-07,2.5916721274978543e-05,0.9999362193257075,1.8363160798992882e-05,4.378207572115446e-22
8303,6,6,0.9675652787448443,0.005877924998619889,0.005873996847298792,0.007299977024570097,4.826340408881373e-05,0.013334558980578034,0.9675652787448443
8304,3,3,0.9999999999969148,1.6254652048219878e-13,5.23514515645207e-21,0.9999999999969148,1.0628091277775808e-14,2.9120136888589858e-12,1.9748543609854838e-35
8306,6,6,0.966398013980491,0.006098996934277462,0.006071632399918784,0.007562208197680696,4.998344715064466e-05,0.01381916504048144,0.966398013980491
8307,5,5,0.9870897117017373,5.085491382379007e-05,0.0009421297543166673,2.443470219045139e-07,3.5907652063817804e-05,0.9870897117017373,0.01188115163103659
8309,5,5,0.9869739134005417,5.086663208775421e-05,0.0009398345137225842,2.4370310180481393e-07,3.587370734700737e-05,0.9869739134005417,0.011999268043199113
8311,5,5,0.9871151923345809,5.093196839867765e-05,0.0009415908765469659,2.4524800339888715e-07,3.5956525614003655e-05,0.9871151923345809,0.011856083046856031
8312,6,6,0.967551885147494,0.0058814108457671795,0.005880735956426442,0.007298560124331721,4.829000556643456e-05,0.01333911792041425,0.967551885147494
8313,4,4,0.9999362304511812,1.8672636019887947e-05,7.981800858925373e-07,2.594792139918315e-05,0.9999362304511812,1.835081131394501e-05,4.369648955886666e-22
8314,1,1,0.9999972016515477,0.9999972016515477,1.5066957684382537e-11,7.60750305816516e-09,1.7094533706033606e-10,2.7905549368684426e-06,7.248960081149939e-34
8315,1,1,0.9999971944387223,0.9999971944387223,1.5116673191911102e-11,7.629109003081605e-09,1.7141832495453585e-10,2.79774563366546e-06,7.297934976451801e-34
8317,1,1,0.9999971999359825,0.9999971999359825,1.5070455039925976e-11,7.618477123818906e-09,1.71035146028597e-10,2.792259434813952e-06,7.23655220372718e-34
8318,3,3,0.9999999999968621,1.6581360530504974e-13,5.3794225268589245e-21,0.9999999999968621,1.0855617507782726e-14,2.9611739599858183e-12,2.028654613341802e-35
8320,3,3,0.9999999999969207,1.6227949975158081e-13,5.211441600586017e-21,0.9999999999969207,1.0594900703700312e-14,2.906495795918616e-12,1.966842050349261e-35
8321,3,3,0.9999999999969158,1.6263161927751256e-13,5.229537849784881e-21,0.9999999999969158,1.0627004283979331e-14,2.910942757048613e-12,1.9686257053305165e-35
8322,3,3,0.9999999999969246,1.6201115507624017e-13,5.202686066049916e-21,0.9999999999969246,1.0594050511388608e-14,2.9029297881940872e-12,1.963497409669877e-35
8325,4,4,0.9999361941167008,1.871152132338975e-05,7.990002503116543e-07,2.5927484355581695e-05,0.9999361941167008,1.8367877370025768e-05,4.374932102018557e-22
8326,3,3,0.9999999999969289,1.6179482872499006e-13,5.192835432236156e-21,0.9999999999969289,1.0567631373443655e-14,2.898824917839987e-12,1.9587722801343602e-35
8327,6,6,0.966668385731983,0.006060596669312417,0.0060194757881063205,0.0074984864616810115,4.961514427168947e-05,0.013703440204645525,0.966668385731983
8328,4,4,0.9999361081762916,1.8736903081497195e-05,8.018448203834435e-07,2.594742501433014e-05,0.9999361081762916,1.8405650792196064e-05,4.393121878668159e-22
8330,3,3,0.999999999996921,1.6207506886900984e-13,5.207873893445415e-21,0.999999999996921,1.0588073432821275e-14,2.9063222160694598e-12,1.9758999201864547e-35
8331,4,4,0.9999362245634121,1.8696592879042507e-05,7.984277636875521e-07,2.592150762997269e-05,0.9999362245634121,1.8358908315119512e-05,4.369607457036354e-22
8332,3,3,0.9999999999969249,1.6199236096623832e-13,5.2052544728039294e-21,0.9999999999969249,1.059432168206785e-14,2.9025605292457828e-12,1.9627898819635435e-35
8333,3,3,0.9999999999969211,1.6219722327331062e-13,5.217185309946599e-21,0.9999999999969211,1.0611775618265818e-14,2.906040811617862e-12,1.967117901775132e-35
8334,6,6,0.9675656404563837,0.005881866358331627,0.0058743252148970235,0.007299395108230254,4.828335535064713e-05,0.013330489506806736,0.9675656404563837
8335,5,5,0.987061496374439,5.086869515537092e-05,0.000941382235661289,2.446785154943054e-07,3.5911539064049016e-05,0.987061496374439,0.011910096477164756
8337,4,4,0.9999362301691601,1.8678610122094346e-05,7.97827730038445e-07,2.5945262542253393e-05,0.9999362301691601,1.8348130445566046e-05,4.366182579983097e-22
8338,3,3,0.999999999996926,1.6196460772470459e-13,5.202203575515172e-21,0.999999999996926,1.0586708146195237e-14,2.9014627493472915e-12,1.960395332547175e-35
8341,2,2,0.985790839102282,3.933867892977473e-06,0.985790839102282,0.005129886271209706,5.070308558484706e-06,0.009070270450056872,2.51226877276945e-23
8343,1,1,0.9999971964345254,0.9999971964345254,1.509606708150581e-11,7.629938034836089e-09,1.7124236392674617e-10,2.7957491982302474e-06,7.268592850895308e-34
8344,2,2,0.9859779780284764,3.8420855217187925e-06,0.9859779780284764,0.0050745987038944475,4.972645939537243e-06,0.008938608536167786,2.309699853892022e-23
8346,3,3,0.9999999999969289,1.6182547414718009e-13,5.1923884903364286e-21,0.9999999999969289,1.0571966188618934e-14,2.898736421074492e-12,1.9565240101504034e-35
8347,4,4,0.999936106601068,1.8711823713906577e-05,7.999471997327398e-07,2.5987116667617177e-05,0.999936106601068,1.8394511350818226e-05,4.387921497182325e-22
8349,2,2,0.9859982898042347,3.832386054804093e-06,0.9859982898042347,0.005064941112302702,4.960985293160254e-06,0.00892797571211475,2.3176759893894185e-23
8351,3,3,0.9999999999969122,1.6282178303038687e-13,5.237438309546323e-21,0.9999999999969122,1.0639885195670671e-14,2.914317382136402e-12,1.9752127511494147e-35
8354,4,4,0.9999361962939638,1.8686974401127344e-05,7.980108321142867e-07,2.596102534042314e-05,0.9999361962939638,1.835769546261313e-05,4.367272955344212e-22
8355,1,1,0.9999972011984136,0.9999972011984136,1.5063144477944292e-11,7.611849057584798e-09,1.7083263682472095e-10,2.7910038415055325e-06,7.256082192590543e-34
8357,5,5,0.9872072043403597,5.083844443105123e-05,0.0009484514855322061,2.453157199826046e-07,3.59400578160342e-05,0.9872072043403597,0.011757320356141106
8358,2,2,0.9859719091425697,3.842612115768375e-06,0.9859719091425697,0.005077234977501671,4.973769079680946e-06,0.008942039498733192,2.311991034350936e-23
8359,5,5,0.9871336574686265,5.0965536647885436e-05,0.0009386523010359927,2.4579202705273503e-07,3.594082779441339e-05,0.9871336574686265,0.011840538073868282
8360,2,2,0.9857963767365654,3.915468072908142e-06,0.9857963767365654,0.0051486607922740955,5.053178952980178e-06,0.009045993824134761,2.4109901659587036e-23
8361,2,2,0.9858893863594566,3.864356207856326e-06,0.9858893863594566,0.0051093277384860495,5.006531324456972e-06,0.008992415014525157,2.3463601511440337e-23
8362,3,3,0.9999999999969238,1.6198771981625302e-13,5.205666787960827e-21,0.9999999999969238,1.057841331908417e-14,2.903714737753463e-12,1.96557357344121e-35
8363,5,5,0.9869030821405675,5.094589574349147e-05,0.00094035104528737,2.442014793470445e-07,3.590953356306146e-05,0.9869030821405675,0.012069467183359254
8364,2,2,0.9857453464531672,3.900429637015669e-06,0.9857453464531672,0.005192586698533421,5.041728136041783e-06,0.009053124690526196,2.3626179402505358e-23
8365,5,5,0.9870303131542041,5.0825307350047975e-05,0.0009419190104247506,2.43985356699947e-07,3.589928304840156e-05,0.9870303131542041,0.01194079925961602
8366,4,4,0.9999362522848287,1.8672563264857845e-05,7.974313484925401e-07,2.5935784557489137e-05,0.9999362522848287,1.8341936000393897e-05,4.357293882077985e-22
8368,4,4,0.9999360062598237,1.8740113269963294e-05,7.999436368373451e-07,2.604444502137738e-05,0.9999360062598237,1.8409238248240194e-05,4.388529683171065e-22
8371,3,3,0.9999999999969302,1.6165467187649083e-13,5.186927862833186e-21,0.9999999999969302,1.0560394769612093e-14,2.8975509876383654e-12,1.9581069084848932e-35
8374,5,5,0.986948716576441,5.085006382172285e-05,0.0009406013800509523,2.4402408424281097e-07,3.588205039153419e-05,0.986948716576441,0.012023705905210598
8375,5,5,0.9871285575288294,5.1049410533066396e-05,0.0009401287650114493,2.458326607398718e-07,3.596013600255272e-05,0.9871285575288294,0.011844058326962803
8378,4,4,0.999936249830494,1.8682679345958934e-05,7.988152961219917e-07,2.5914377799235367e-05,0.999936249830494,1.8354297064686917e-05,4.372250566192813e-22
8379,3,3,0.9999999999969325,1.6153530862133333e-13,5.18303717754164e-21,0.9999999999969325,1.0552993370728899e-14,2.8955672728535487e-12,1.9544376248953168e-35
8380,4,4,0.9999361951423013,1.871288138027644e-05,8.000616579354896e-07,2.5914362021770888e-05,0.9999361951423013,1.837755263879007e-05,4.382978287818383e-22
8381,4,4,0.9999360970403872,1.8726050191548424e-05,8.009466285002133e-07,2.5972941961474294e-05,0.9999360970403872,1.8403020831301585e-05,4.418091250587735e-22
8382,1,1,0.9999972023704523,0.9999972023704523,1.5054250742786157e-11,7.608184963230995e-09,1.7085428953573595e-10,2.7898354540900905e-06,7.229640622751758e-34
8383,4,4,0.9999361297102017,1.8699544602969816e-05,7.999842832061118e-07,2.598430305426987e-05,0.9999361297102017,1.8386457857794528e-05,4.390047868009742e-22
8384,4,4,0.9999362060733158,1.869896698718758e-05,7.987565500841339e-07,2.5932404356889126e-05,0.9999362060733158,1.8363798790075697e-05,4.374048645599295e-22
8386,1,1,0.9999972030647832,0.9999972030647832,1.505192759083023e-11,7.602702478542916e-09,1.7080273640140449e-10,2.789146659623011e-06,7.254648108712922e-34
8387,2,2,0.9859854468359985,3.8377628669683e-06,0.9859854468359985,0.005072124757155893,4.969276579251702e-06,0.008933621367399343,2.32011374358458e-23
8388,5,5,0.9869691450812467,5.093737710047402e-05,0.000942642173710787,2.452959916593332e-07,3.5941052753458964e-05,0.9869691450812467,0.012001089019197
8390,5,5,0.9869441658925083,5.100161363295006e-05,0.0009397381027853334,2.4461874116975833e-07,3.592112894660434e-05,0.9869441658925083,0.01202892864338566
8392,6,6,0.9663336621881229,0.006098954086528666,0.006083768818051533,0.007579401589564915,5.013559819090371e-05,0.013854077719541084,0.9663336621881229
8393,5,5,0.9869361075232416,5.0866708820894074e-05,0.0009411223735098553,2.4430778686736937e-07,3.590585524373226e-05,0.9869361075232416,0.012035753231397108
8394,5,5,0.9874568174792918,5.1253822140122364e-05,0.0009280054742701704,2.523168086491552e-07,3.6036840907997666e-05,0.9874568174792918,0.011527634066581301
8396,5,5,0.9869155025625319,5.085492923838076e-05,0.0009406223386613792,2.443245525514051e-07,3.589106420167537e-05,0.9869155025625319,0.012056884780814112
8398,1,1,0.999997196553296,0.999997196553296,1.5118074254799476e-11,7.624266783251538e-09,1.712824820677918e-10,2.7956360366803684e-06,7.317946422268561e-34
8399,6,6,0.9670326181648587,0.005963159131126368,0.005967102266140051,0.007439185999489149,4.9052506826573884e-05,0.013548881931559148,0.9670326181648587
8400,1,1,0.9999971920716325,0.9999971920716325,1.5100399877388872e-11,7.651274329584161e-09,1.7166717630266793e-10,2.8000903257604514e-06,7.27379658747101e-34
8401,6,6,0.9675661504009093,0.005881033784792413,0.005874810208227777,0.007302651404559531,4.8242603290955444e-05,0.013327111598220054,0.9675661504009093
8402,5,5,0.9872768575346123,5.1278886648237286e-05,0.0009335447838618311,2.5126797266354994e-07,3.605284885895702e-05,0.9872768575346123,0.011702014678046133
8403,2,2,0.9843788886275543,4.496827449357751e-06,0.9843788886275543,0.0048567590980705694,5.755172504190374e-06,0.01075410027442143,5.719859093276383e-23
8404,3,3,0.9999999999969114,1.6295568324503703e-13,5.2415333408082014e-21,0.9999999999969114,1.0639640111675556e-14,2.915109513312466e-12,1.975607522943543e-35
8406,2,2,0.9859601425284572,3.853830792147948e-06,0.9859601425284572,0.00507978463680106,4.9863307766400205e-06,0.008951232673172957,2.3339067167681605e-23
8407,2,2,0.9860208042124282,3.821887619800132e-06,0.9860208042124282,0.005051302572404604,4.9509465170000216e-06,0.00891912038103041,2.3098550108976957e-23
8409,5,5,0.987008110854492,5.083274803747345e-05,0.0009404153304460672,2.440774350103044e-07,3.588361503099447e-05,0.987008110854492,0.0119645133745584
8410,1,1,0.9999972009471997,0.9999972009471997,1.505757045640157e-11,7.610451825745166e-09,1.7088984948551622e-10,2.791256401076223e-06,7.233403186437078e-34
8411,4,4,0.9999360351315224,1.872554443242929e-05,8.011358793614321e-07,2.6026273773033585e-05,0.9999360351315224,1.8411914392774257e-05,4.402880497061182e-22
8413,3,3,0.9999999999969192,1.6214209709128416e-13,5.21495591350677e-21,0.9999999999969192,1.0601818836055277e-14,2.9081710270555934e-12,1.9720385002375323e-35
8414,1,1,0.9999972020720691,0.9999972020720691,1.5050315374281556e-11,7.607606821502265e-09,1.708413044474669e-10,2.7901344325093706e-06,7.2221068800367515e-34
8415,2,2,0.9860165500395599,3.830456513170929e-06,0.9860165500395599,0.005033319617424087,4.961030738647843e-06,0.008941338855764216,2.365386674567476e-23
8420,4,4,0.9999361923557976,1.8689427661388304e-05,7.993774523589309e-07,2.5949056083283673e-05,0.9999361923557976,1.836978300536822e-05,4.393184555436411e-22
8422,1,1,0.9999971987979619,0.9999971987979619,1.507583592122741e-11,7.620431429740086e-09,1.7114592628456894e-10,2.793395384958407e-06,7.248556886304085e-34
8424,1,1,0.9999971726334126,0.9999971726334126,1.5356984497151807e-11,7.71299079237581e-09,1.7310451130514553e-10,2.8194651350877193e-06,7.6768774524230605e-34
8425,2,2,0.9859640884125639,3.852611601057821e-06,0.9859640884125639,0.0050771346318872965,4.980365938201627e-06,0.008949943978009528,2.3392383061522023e-23
8426,1,1,0.9999971948278515,0.9999971948278515,1.508711796999735e-11,7.64306239768638e-09,1.7148112762839758e-10,2.79734251768584e-06,7.2700479952840706e-34
8427,1,1,0.9999971920763925,0.9999971920763925,1.5114160228095714e-11,7.642012723923725e-09,1.7157334389520071e-10,2.800094907351255e-06,7.271708351632357e-34
8429,3,3,0.9999999999969145,1.6229357556943075e-13,5.21949559132466e-21,0.9999999999969145,1.0600474616040696e-14,2.9127070584118754e-12,1.9817778009073254e-35
8430,2,2,0.9859460048910557,3.855434306223853e-06,0.9859460048910557,0.005091104768736876,4.986766709690864e-06,0.00895404813919163,2.3232139269133236e-23
8432,4,4,0.9999359897579716,1.8726792491789074e-05,8.00646484251554e-07,2.6064967375790617e-05,0.9999359897579716,1.8417835676533486e-05,4.389927311041323e-22
8433,6,6,0.9668128998789347,0.006010561040270908,0.006006543429248384,0.007475456648589421,4.947901058549524e-05,0.013645059992371153,0.9668128998789347
8434,5,5,0.987380717759648,5.0891552448513406e-05,0.0009489332081855535,2.456106336731527e-07,3.5929318742278144e-05,0.987380717759648,0.011583282550341967
8436,3,3,0.9999999999969192,1.6243078978109167e-13,5.2215922456800636e-21,0.9999999999969192,1.0605430650422328e-14,2.9076628635556482e-12,1.9671827882035694e-35
8437,4,4,0.9999359723834986,1.8779110458188824e-05,8.011843501163413e-07,2.6014334278409486e-05,0.9999359723834986,1.8432987414685632e-05,4.400165601882655e-22
8438,1,1,0.9999971994497049,0.9999971994497049,1.50715898311132e-11,7.616847824878698e-09,1.709793425972889e-10,2.7927473963115094e-06,7.236835729663044e-34
8440,3,3,0.9999999999969247,1.6204370125327168e-13,5.203517065472181e-21,0.9999999999969247,1.058311883597452e-14,2.902631613798948e-12,1.9622960405940484e-35
8441,5,5,0.9873340489333464,5.120078104436614e-05,0.0009287709323115997,2.5109254843866607e-07,3.600694273469668e-05,0.9873340489333464,0.011649721318014448
8442,3,3,0.9999999999969291,1.617548433289118e-13,5.1930644064890345e-21,0.9999999999969291,1.0567921185960358e-14,2.8985621558298504e-12,1.9594304563521083e-35
8443,5,5,0.9871808582872815,5.09480512550798e-05,0.0009440174428720843,2.4499751703034954e-07,3.5947954642248613e-05,0.9871808582872815,0.011787983266432094
8444,1,1,0.9999971947469103,0.9999971947469103,1.509602061870118e-11,7.639099831986601e-09,1.7140076477871367e-10,2.7974274930700193e-06,7.308733365565092e-34
8445,4,4,0.9999362628778252,1.869471404245646e-05,7.983476060207839e-07,2.589278200379256e-05,0.9999362628778252,1.835127852248709e-05,4.361591570953241e-22
8446,5,5,0.9870647675345203,5.0774392564077117e-05,0.0009426503010551251,2.4405553013581434e-07,3.58888162287386e-05,0.9870647675345203,0.01190567490010167
8447,2,2,0.9860022305235047,3.8273068854998e-06,0.9860022305235047,0.005058902236351326,4.9604256637894224e-06,0.008930079507594708,2.3118360444247145e-23
8448,6,6,0.966165992107256,0.006116956262524308,0.006115242556298865,0.007642081006298109,5.039178612311742e-05,0.013909336281499655,0.966165992107256
8449,2,2,0.9860023783704869,3.833201461039961e-06,0.9860023783704869,0.005060530141214332,4.963118954041685e-06,0.008928295167883779,2.309211208839486e-23
8451,3,3,0.9999999999969162,1.6265058160554764e-13,5.226831519273104e-21,0.9999999999969162,1.0621047707812218e-14,2.9104565570933602e-12,1.9696713749818466e-35
8452,5,5,0.9870023685425997,5.101684699399708e-05,0.000939666739492008,2.4458189568562984e-07,3.5911271137936846e-05,0.9870023685425997,0.0119707920178807
8453,3,3,0.9999999999969036,1.6321166583492623e-13,5.265749194256872e-21,0.9999999999969036,1.06604378163162e-14,2.9226300845080163e-12,1.9849493821498083e-35
8456,4,4,0.9999362071084983,1.8690615565311396e-05,7.985506499178798e-07,2.5944052869562313e-05,0.9999362071084983,1.8359672416955238e-05,4.373944771632318e-22
8457,6,6,0.9674049906336871,0.005919811216911473,0.005901632243599426,0.007327602137432088,4.8497392992512014e-05,0.01339746637537741,0.9674049906336871
